LogInit: Display: No sandbox specified, assuming ../../Saved/Cooked/WindowsClient/
LogCsvProfiler: Display: Metadata set : systemresolution.resx="1280"
LogCsvProfiler: Display: Metadata set : systemresolution.resy="720"
LogAudio: Display: Pre-Initializing Audio Device Manager...
LogAudio: Display: AudioInfo: 'OPUS' Registered
LogAudioDebug: Display: Lib vorbis DLL was dynamically loaded.
LogAudio: Display: AudioInfo: 'OGG' Registered
LogAudio: Display: AudioInfo: 'ADPCM' Registered
LogAudio: Display: AudioInfo: 'PCM' Registered
LogAudio: Display: AudioInfo: 'BINKA' Registered
LogAudio: Display: AudioInfo: 'RADA' Registered
LogAudio: Display: Audio Device Manager Pre-Initialized
RenderDocPlugin: Display: RenderDoc plugin will not be loaded. Use '-AttachRenderDoc' on the cmd line or enable 'renderdoc.AutoAttach' in the plugin settings.
LogCsvProfiler: Display: Metadata set : systemresolution.resx="1920"
LogCsvProfiler: Display: Metadata set : systemresolution.resy="1080"
LogHAL: Display: Platform has ~ 32 GB [33510694912 / 34359738368 / 32], which maps to Largest [LargestMinGB=32, LargerMinGB=12, DefaultMinGB=8, SmallerMinGB=6, SmallestMinGB=0)
LogCsvProfiler: Display: Metadata set : extradevelopmentmemorymb="0"
LogWindowsTouchpad: Display: CacheForceMaxTouchpadSensitivityMode SetMaxTouchpadSensitivity
LogObj: Display: Attempting to load config data for Default__SlateThemeManager before the Class has been constructed/registered/linked (likely during module loading or early startup). This will result in the load silently failing and should be fixed.
LogCsvProfiler: Display: Metadata set : verbatimrhiname="Null"
LogCsvProfiler: Display: Metadata set : rhiname="Null"
LogCsvProfiler: Display: Metadata set : rhifeaturelevel="SM6"
LogCsvProfiler: Display: Metadata set : shaderplatform="PCD3D_SM6"
LogStreaming: Display: FlushAsyncLoading(1): 1 QueuedPackages, 0 AsyncPackages
LogConfig: Display: Read in platform Android ini files took 0.02 seconds
LogConfig: Display: Read in platform IOS ini files took 0.02 seconds
LogConfig: Display: Read in platform Linux ini files took 0.03 seconds
LogConfig: Display: Read in platform LinuxArm64 ini files took 0.03 seconds
LogConfig: Display: Read in platform Mac ini files took 0.02 seconds
LogConfig: Display: Read in platform TVOS ini files took 0.03 seconds
LogConfig: Display: Read in platform VisionOS ini files took 0.03 seconds
LogDeviceProfileManager: Display: Deviceprofile LinuxArm64Editor not found.
LogDeviceProfileManager: Display: Deviceprofile LinuxArm64 not found.
LogCsvProfiler: Display: Metadata set : deviceprofile="WindowsClient"
LogAudioCaptureCore: Display: No Audio Capture implementations found. Audio input will be silent.
LogMetaSound: Display: MetaSound Page Target Initialized to 'Default'
LogAudioCaptureCore: Display: No Audio Capture implementations found. Audio input will be silent.
LogAudio: Display: Registering Engine Module Parameter Interfaces...
LogAudio: Display: Initializing Audio Device Manager...
LogAudio: Display: Loading Default Audio Settings Objects...
LogAudio: Display: No default SoundConcurrencyObject specified (or failed to load).
LogAudio: Display: Audio Device Manager Initialized
LogAudio: Display: Creating Audio Device:                 Id: 1, Scope: Shared, Realtime: True
LogAudioMixer: Display: Audio Mixer Platform Settings:
LogAudioMixer: Display: 	Sample Rate:						  48000
LogAudioMixer: Display: 	Callback Buffer Frame Size Requested: 1024
LogAudioMixer: Display: 	Callback Buffer Frame Size To Use:	  1024
LogAudioMixer: Display: 	Number of buffers to queue:			  1
LogAudioMixer: Display: 	Max Channels (voices):				  32
LogAudioMixer: Display: 	Number of Async Source Workers:		  4
LogAudio: Display: AudioDevice MaxSources: 32
LogAudio: Display: Audio Spatialization Plugin: None (built-in).
LogAudio: Display: Audio Reverb Plugin: None (built-in).
LogAudio: Display: Audio Occlusion Plugin: None (built-in).
LogAudioMixer: Display: Initializing audio mixer using platform API: 'XAudio2'
LogAudioMixer: Display: Using Audio Hardware Device Headphones (ROG CETRA OPEN WIRELESS)
LogAudioMixer: Display: Initializing Sound Submixes...
LogAudioMixer: Display: Creating Master Submix 'MasterSubmixDefault'
LogAudioMixer: Display: Creating Master Submix 'MasterReverbSubmixDefault'
LogAudioMixer: Display: Output buffers initialized: Frames=1024, Channels=2, Samples=2048, InstanceID=1
LogAudioMixer: Display: Starting AudioMixerPlatformInterface::RunInternal(), InstanceID=1
LogAudioMixer: Display: FMixerPlatformXAudio2::SubmitBuffer() called for the first time. InstanceID=1
LogCsvProfiler: Display: Metadata set : largeworldcoordinates="1"
LogAudio: Display: Audio Device (ID: 1) registered with world 'Untitled'.
LogInit: Display: Game Engine Initialized.
LogInit: Display: Starting Game.
LogCsvProfiler: Display: Metadata set : iris="1"
LogIris: Display: Iris ReplicationSystem[0]: ReplicationSystem_2147482512 (0x000001537B20CB80) is created
LogIris: Display: FInternalNetSerializerDelegates::BroadcastLoadedModulesUpdated() called while there are 0 active ReplicationSystems. This is good. Total loaded modules: 39.
LogInit: Display: Engine is initialized. Leaving FEngineLoop::Init()
LogTrace: Display: Control listening on port 35753
LogIris: Warning: FInternalNetSerializerDelegates::BroadcastLoadedModulesUpdated() called while there are 1 active ReplicationSystems. If polymorphic types are registered we may have corrupt data. A restart of the ReplicationSystem or NetDriver is recommended. Total loaded modules: 41.
LogAudio: Display: Audio Device unregistered from world 'None'.
LogStreaming: Display: FlushAsyncLoading(61): 1 QueuedPackages, 0 AsyncPackages
LogAudio: Display: Audio Device (ID: 1) registered with world 'ThirdPersonMap'.
LogWorldPartition: Display: WorldPartition initialize started...
LogWorldPartition: Display: WorldPartition initialize took 185 us
LogIris: Warning: FInternalNetSerializerDelegates::BroadcastLoadedModulesUpdated() called while there are 1 active ReplicationSystems. If polymorphic types are registered we may have corrupt data. A restart of the ReplicationSystem or NetDriver is recommended. Total loaded modules: 42.
LogIris: Warning: Generating descriptor for struct UpdateLevelVisibilityLevelInfo that has custom serialization.
LogOGResimProbe: Warning: [ResimProbe.Session] resim-gate probe LIVE ? verbosity=Warning verboseDetail=off windowSamples=120
LogOGNet: Warning: [ResimGate] session policy = OnDisagreement (ini override), depthPolicy = skip beyond 12 ticks, rateLimit = none (structural: one resim in flight, one pending)
LogOGIrisNet: Display: [IrisSerializerProof] struct=RelayedInputRing dir=Load state=live NetSerialize IS BEING CALLED ON A REAL PAYLOAD. payloadBytes=85 arrayElements=83 | wire bits: memberWise(pre-T29)=681 lastResort(post-T29)=700 delta=+19 bits (+2.4 B)
LogOGInputRelay: Warning: [InputRelay] ring OnRep with no consumer bound (owner=None) ? dropped; healed by the next replication if the owner resolves
LogOGNet: Warning: [RelayDelayFloor] floor = 6 ticks, UPWARD, requesting 2-tick prediction stall
LogViewport: Display: Player bShowMouseCursor Changed, False -> True
LogOG: Warning: [Warning] PCTM CPC: hard resync oldTick=0 -> newTick=853 drift=853
LogOGIrisNet: Display: [IrisSerializerProof] struct=SimulationStateSyncBuffer dir=Load state=live NetSerialize IS BEING CALLED ON A REAL PAYLOAD. payloadBytes=311 arrayElements=384 | wire bits: memberWise(pre-T29)=3089 lastResort(post-T29)=2508 delta=-581 bits (-72.6 B)
LogOG: Warning: [Warning] tryInsertingResimulatedState: tick=859 not in cache window, discarding
LogOGRelayProbe: Warning: [Warning][RelayProbe.Read] window=[853,973] src=Prediction hit=98 miss=13 verifyFail=0 rung0=0 total=111
LogOGRelayProbe: Warning: [Warning][RelayProbe.Read] window=[853,973] src=Resim hit=183 miss=4 verifyFail=0 rung0=0 total=187
LogOGRelayProbe: Warning: [Warning][RelayProbe.Miss] window=[853,973] src=Prediction inSpan=2 aboveNewest=11 belowOldest=0 noProbeTick=0 miss=13
LogOGRelayProbe: Warning: [Warning][RelayProbe.Miss] window=[853,973] src=Resim inSpan=3 aboveNewest=1 belowOldest=0 noProbeTick=0 miss=4
LogOGRelayProbe: Warning: [Warning][RelayProbe.Delta] window=[853,973] src=Prediction n=111 p10=-4 p50=-2 p90=0 min=-5 max=2 satLow=0 satHigh=0
LogOGRelayProbe: Warning: [Warning][RelayProbe.Delta] window=[853,973] src=Resim n=187 p10=-5 p50=-3 p90=-1 min=-7 max=1 satLow=0 satHigh=0
LogOGRelayProbe: Warning: [Warning][RelayProbe.Stale] window=[853,973] maxConsecutiveFallbackRun=2 id=28409
LogOGResimProbe: Warning: [Warning][ResimProbe.Gate] checks=120 declined=56 requested=64 requestedPerMille=533 deepSkips=0 survivingAnchors=0
LogOGResimProbe: Warning: [Warning][ResimProbe.Chaos] requests=63 grants=56 refused=7 refusedPerMille=111 repeat=6 clamped=0 depthMin=0 depthMax=7
LogOGResimProbe: Warning: [Warning][ResimProbe.Apply] prepares=56 finishes=53 abandoned=3 stuck=10 replayTicks=211 replayOverruns=1 freshProtects=34 staleProtects=0
LogOGResimProbe: Warning: [Warning][ResimProbe.Frame] role=Client simTicks=122 frames=197 meanTicksPerFrameX100=61 p50=1 p99=2 max=2 meanFrameUs=10000
LogOGResimProbe: Warning: [Warning][ResimProbe.Frame] role=Client cadence dFrame1=41 dFrame0=0 dFrameGt1=79 discont=1 numSteps total=122 max=1 gt1=0
LogOGResimProbe: Warning: [Warning][ResimProbe.Landing] class=LocallyPredicted behind=61 atFrontier=1 discarded=0 atFrontierPerMille=16 windowSamples=120
LogOGResimProbe: Warning: [Warning][ResimProbe.Landing] class=RemoteProxy behind=55 atFrontier=3 discarded=0 atFrontierPerMille=52 windowSamples=120
LogOGDivergenceProbe: Warning: [Warning][DivergenceProbe.Window] class=LocallyPredicted corrections=62 disagreed=62 ratePerMille=1000 windowSamples=120
LogOGDivergenceProbe: Warning: [Warning][DivergenceProbe.Window] class=RemoteProxy corrections=58 disagreed=58 ratePerMille=1000 windowSamples=120
LogIris: Warning: FInternalNetSerializerDelegates::BroadcastLoadedModulesUpdated() called while there are 1 active ReplicationSystems. If polymorphic types are registered we may have corrupt data. A restart of the ReplicationSystem or NetDriver is recommended. Total loaded modules: 43.
LogOGRelayProbe: Warning: [Warning][RelayProbe.Arrival] samples=120 gapCaptureTicks p50=2 p99=4 max=7 noAdvance=0 saturated=0 lostCaptureTicksX1000=37 lost=8 delivered=203 expected=211 discont=0 discontMax=0
LogOGRelayProbe: Warning: [Warning][RelayProbe.Read] window=[973,1093] src=Prediction hit=82 miss=37 verifyFail=0 rung0=0 total=119
LogOGRelayProbe: Warning: [Warning][RelayProbe.Read] window=[973,1093] src=Resim hit=358 miss=27 verifyFail=0 rung0=0 total=385
LogOGRelayProbe: Warning: [Warning][RelayProbe.Miss] window=[973,1093] src=Prediction inSpan=0 aboveNewest=37 belowOldest=0 noProbeTick=0 miss=37
LogOGRelayProbe: Warning: [Warning][RelayProbe.Miss] window=[973,1093] src=Resim inSpan=12 aboveNewest=15 belowOldest=0 noProbeTick=0 miss=27
LogOGRelayProbe: Warning: [Warning][RelayProbe.Delta] window=[973,1093] src=Prediction n=119 p10=-2 p50=0 p90=2 min=-3 max=6 satLow=0 satHigh=0
LogOGRelayProbe: Warning: [Warning][RelayProbe.Delta] window=[973,1093] src=Resim n=385 p10=-6 p50=-3 p90=0 min=-8 max=5 satLow=0 satHigh=0
LogOGRelayProbe: Warning: [Warning][RelayProbe.Stale] window=[973,1093] maxConsecutiveFallbackRun=6 id=28409
LogOGResimProbe: Warning: [Warning][ResimProbe.Gate] checks=120 declined=57 requested=63 requestedPerMille=525 deepSkips=0 survivingAnchors=0
LogOGResimProbe: Warning: [Warning][ResimProbe.Chaos] requests=63 grants=62 refused=1 refusedPerMille=16 repeat=1 clamped=0 depthMin=4 depthMax=8
LogOGResimProbe: Warning: [Warning][ResimProbe.Apply] prepares=62 finishes=61 abandoned=1 stuck=2 replayTicks=407 replayOverruns=0 freshProtects=32 staleProtects=0
LogOGResimProbe: Warning: [Warning][ResimProbe.Frame] role=Client simTicks=121 frames=201 meanTicksPerFrameX100=60 p50=1 p99=1 max=1 meanFrameUs=10000
LogOGResimProbe: Warning: [Warning][ResimProbe.Frame] role=Client cadence dFrame1=39 dFrame0=0 dFrameGt1=81 discont=0 numSteps total=120 max=1 gt1=0
LogOGResimProbe: Warning: [Warning][ResimProbe.Landing] class=LocallyPredicted behind=60 atFrontier=0 discarded=0 atFrontierPerMille=0 windowSamples=120
LogOGResimProbe: Warning: [Warning][ResimProbe.Landing] class=RemoteProxy behind=60 atFrontier=0 discarded=0 atFrontierPerMille=0 windowSamples=120
LogOGDivergenceProbe: Warning: [Warning][DivergenceProbe.Window] class=LocallyPredicted corrections=60 disagreed=60 ratePerMille=1000 windowSamples=120
LogOGDivergenceProbe: Warning: [Warning][DivergenceProbe.Window] class=RemoteProxy corrections=60 disagreed=60 ratePerMille=1000 windowSamples=120
LogOGRelayProbe: Warning: [Warning][RelayProbe.Read] window=[1093,1213] src=Prediction hit=70 miss=49 verifyFail=0 rung0=0 total=119
LogOGRelayProbe: Warning: [Warning][RelayProbe.Read] window=[1093,1213] src=Resim hit=348 miss=26 verifyFail=0 rung0=0 total=374
LogOGRelayProbe: Warning: [Warning][RelayProbe.Miss] window=[1093,1213] src=Prediction inSpan=0 aboveNewest=49 belowOldest=0 noProbeTick=0 miss=49
LogOGRelayProbe: Warning: [Warning][RelayProbe.Miss] window=[1093,1213] src=Resim inSpan=0 aboveNewest=26 belowOldest=0 noProbeTick=0 miss=26
LogOGRelayProbe: Warning: [Warning][RelayProbe.Delta] window=[1093,1213] src=Prediction n=119 p10=-2 p50=0 p90=2 min=-4 max=3 satLow=0 satHigh=0
LogOGRelayProbe: Warning: [Warning][RelayProbe.Delta] window=[1093,1213] src=Resim n=374 p10=-6 p50=-3 p90=0 min=-8 max=2 satLow=0 satHigh=0
LogOGRelayProbe: Warning: [Warning][RelayProbe.Stale] window=[1093,1213] maxConsecutiveFallbackRun=6 id=28409
LogOGResimProbe: Warning: [Warning][ResimProbe.Gate] checks=120 declined=60 requested=60 requestedPerMille=500 deepSkips=0 survivingAnchors=0
LogOGResimProbe: Warning: [Warning][ResimProbe.Chaos] requests=60 grants=59 refused=1 refusedPerMille=17 repeat=1 clamped=0 depthMin=4 depthMax=8
LogOGResimProbe: Warning: [Warning][ResimProbe.Apply] prepares=59 finishes=58 abandoned=1 stuck=2 replayTicks=390 replayOverruns=0 freshProtects=36 staleProtects=0
LogOGResimProbe: Warning: [Warning][ResimProbe.Frame] role=Client simTicks=121 frames=201 meanTicksPerFrameX100=60 p50=1 p99=2 max=2 meanFrameUs=10001
LogOGResimProbe: Warning: [Warning][ResimProbe.Frame] role=Client cadence dFrame1=39 dFrame0=0 dFrameGt1=81 discont=0 numSteps total=120 max=1 gt1=0
LogOGResimProbe: Warning: [Warning][ResimProbe.Landing] class=LocallyPredicted behind=60 atFrontier=0 discarded=0 atFrontierPerMille=0 windowSamples=120
LogOGResimProbe: Warning: [Warning][ResimProbe.Landing] class=RemoteProxy behind=60 atFrontier=0 discarded=0 atFrontierPerMille=0 windowSamples=120
LogOGDivergenceProbe: Warning: [Warning][DivergenceProbe.Window] class=LocallyPredicted corrections=60 disagreed=60 ratePerMille=1000 windowSamples=120
LogOGDivergenceProbe: Warning: [Warning][DivergenceProbe.Window] class=RemoteProxy corrections=60 disagreed=60 ratePerMille=1000 windowSamples=120
LogOGRelayProbe: Warning: [Warning][RelayProbe.Arrival] samples=120 gapCaptureTicks p50=2 p99=4 max=4 noAdvance=0 saturated=0 lostCaptureTicksX1000=8 lost=2 delivered=228 expected=230 discont=0 discontMax=0
LogOGRelayProbe: Warning: [Warning][RelayProbe.Read] window=[1213,1333] src=Prediction hit=62 miss=58 verifyFail=0 rung0=0 total=120
LogOGRelayProbe: Warning: [Warning][RelayProbe.Read] window=[1213,1333] src=Resim hit=391 miss=39 verifyFail=0 rung0=0 total=430
LogOGRelayProbe: Warning: [Warning][RelayProbe.Miss] window=[1213,1333] src=Prediction inSpan=1 aboveNewest=57 belowOldest=0 noProbeTick=0 miss=58
LogOGRelayProbe: Warning: [Warning][RelayProbe.Miss] window=[1213,1333] src=Resim inSpan=6 aboveNewest=33 belowOldest=0 noProbeTick=0 miss=39
LogOGRelayProbe: Warning: [Warning][RelayProbe.Delta] window=[1213,1333] src=Prediction n=120 p10=-2 p50=0 p90=2 min=-3 max=4 satLow=0 satHigh=0
LogOGRelayProbe: Warning: [Warning][RelayProbe.Delta] window=[1213,1333] src=Resim n=430 p10=-6 p50=-3 p90=0 min=-9 max=3 satLow=0 satHigh=0
LogOGRelayProbe: Warning: [Warning][RelayProbe.Stale] window=[1213,1333] maxConsecutiveFallbackRun=11 id=28409
LogOGResimProbe: Warning: [Warning][ResimProbe.Gate] checks=120 declined=56 requested=64 requestedPerMille=533 deepSkips=0 survivingAnchors=0
LogOGResimProbe: Warning: [Warning][ResimProbe.Chaos] requests=65 grants=65 refused=0 refusedPerMille=0 repeat=0 clamped=0 depthMin=5 depthMax=8
LogOGResimProbe: Warning: [Warning][ResimProbe.Apply] prepares=65 finishes=65 abandoned=0 stuck=0 replayTicks=457 replayOverruns=0 freshProtects=31 staleProtects=0
LogOGResimProbe: Warning: [Warning][ResimProbe.Frame] role=Client simTicks=120 frames=200 meanTicksPerFrameX100=60 p50=1 p99=1 max=1 meanFrameUs=10000
LogOGResimProbe: Warning: [Warning][ResimProbe.Frame] role=Client cadence dFrame1=40 dFrame0=0 dFrameGt1=80 discont=0 numSteps total=120 max=1 gt1=0
LogOGResimProbe: Warning: [Warning][ResimProbe.Landing] class=LocallyPredicted behind=61 atFrontier=0 discarded=0 atFrontierPerMille=0 windowSamples=120
LogOGResimProbe: Warning: [Warning][ResimProbe.Landing] class=RemoteProxy behind=59 atFrontier=0 discarded=0 atFrontierPerMille=0 windowSamples=120
LogOGDivergenceProbe: Warning: [Warning][DivergenceProbe.Window] class=LocallyPredicted corrections=61 disagreed=61 ratePerMille=1000 windowSamples=120
LogOGDivergenceProbe: Warning: [Warning][DivergenceProbe.Window] class=RemoteProxy corrections=59 disagreed=59 ratePerMille=1000 windowSamples=120
LogOGRelayProbe: Warning: [Warning][RelayProbe.Read] window=[1333,1453] src=Prediction hit=24 miss=96 verifyFail=0 rung0=0 total=120
LogOGRelayProbe: Warning: [Warning][RelayProbe.Read] window=[1333,1453] src=Resim hit=358 miss=99 verifyFail=0 rung0=0 total=457
LogOGRelayProbe: Warning: [Warning][RelayProbe.Miss] window=[1333,1453] src=Prediction inSpan=1 aboveNewest=95 belowOldest=0 noProbeTick=0 miss=96
LogOGRelayProbe: Warning: [Warning][RelayProbe.Miss] window=[1333,1453] src=Resim inSpan=20 aboveNewest=79 belowOldest=0 noProbeTick=0 miss=99
LogOGRelayProbe: Warning: [Warning][RelayProbe.Delta] window=[1333,1453] src=Prediction n=120 p10=0 p50=2 p90=3 min=-2 max=5 satLow=0 satHigh=0
LogOGRelayProbe: Warning: [Warning][RelayProbe.Delta] window=[1333,1453] src=Resim n=457 p10=-5 p50=-2 p90=1 min=-8 max=5 satLow=0 satHigh=0
LogOGRelayProbe: Warning: [Warning][RelayProbe.Stale] window=[1333,1453] maxConsecutiveFallbackRun=15 id=28409
LogOGResimProbe: Warning: [Warning][ResimProbe.Gate] checks=120 declined=57 requested=63 requestedPerMille=525 deepSkips=0 survivingAnchors=0
LogOGResimProbe: Warning: [Warning][ResimProbe.Chaos] requests=63 grants=63 refused=0 refusedPerMille=0 repeat=0 clamped=0 depthMin=5 depthMax=8
LogOGResimProbe: Warning: [Warning][ResimProbe.Apply] prepares=63 finishes=63 abandoned=0 stuck=0 replayTicks=468 replayOverruns=0 freshProtects=35 staleProtects=1
LogOGResimProbe: Warning: [Warning][ResimProbe.Frame] role=Client simTicks=120 frames=199 meanTicksPerFrameX100=60 p50=1 p99=1 max=1 meanFrameUs=9999
LogOGResimProbe: Warning: [Warning][ResimProbe.Frame] role=Client cadence dFrame1=41 dFrame0=0 dFrameGt1=79 discont=0 numSteps total=120 max=1 gt1=0
LogOGResimProbe: Warning: [Warning][ResimProbe.Landing] class=LocallyPredicted behind=59 atFrontier=0 discarded=0 atFrontierPerMille=0 windowSamples=120
LogOGResimProbe: Warning: [Warning][ResimProbe.Landing] class=RemoteProxy behind=61 atFrontier=0 discarded=0 atFrontierPerMille=0 windowSamples=120
LogOGDivergenceProbe: Warning: [Warning][DivergenceProbe.Window] class=LocallyPredicted corrections=59 disagreed=59 ratePerMille=1000 windowSamples=120
LogOGDivergenceProbe: Warning: [Warning][DivergenceProbe.Window] class=RemoteProxy corrections=61 disagreed=61 ratePerMille=1000 windowSamples=120
LogOG: Warning: [Warning][RttSample.Outlier] NetworkTimeEstimator filtered 29 implausible RTT sample(s) and force-re-seeded 1 time(s) over the last 600 samples. smoothedRTT=99.086ms smoothedJitter=0.473ms. Rejects WITHOUT re-seeds = transient (frame-hitch artifacts, filtered as intended); re-seeds = the network genuinely stepped and the estimate followed. Running totals via getOutlierRejectedSampleCount() / getOutlierEscapeCount().
LogOGRelayProbe: Warning: [Warning][RelayProbe.Arrival] samples=120 gapCaptureTicks p50=2 p99=4 max=5 noAdvance=0 saturated=0 lostCaptureTicksX1000=31 lost=7 delivered=216 expected=223 discont=0 discontMax=0
LogOGRelayProbe: Warning: [Warning][RelayProbe.Read] window=[1453,1573] src=Prediction hit=48 miss=72 verifyFail=0 rung0=0 total=120
LogOGRelayProbe: Warning: [Warning][RelayProbe.Read] window=[1453,1573] src=Resim hit=379 miss=46 verifyFail=0 rung0=0 total=425
LogOGRelayProbe: Warning: [Warning][RelayProbe.Miss] window=[1453,1573] src=Prediction inSpan=1 aboveNewest=71 belowOldest=0 noProbeTick=0 miss=72
LogOGRelayProbe: Warning: [Warning][RelayProbe.Miss] window=[1453,1573] src=Resim inSpan=8 aboveNewest=38 belowOldest=0 noProbeTick=0 miss=46
LogOGRelayProbe: Warning: [Warning][RelayProbe.Delta] window=[1453,1573] src=Prediction n=120 p10=-1 p50=1 p90=2 min=-2 max=4 satLow=0 satHigh=0
LogOGRelayProbe: Warning: [Warning][RelayProbe.Delta] window=[1453,1573] src=Resim n=425 p10=-6 p50=-3 p90=0 min=-8 max=4 satLow=0 satHigh=0
LogOGRelayProbe: Warning: [Warning][RelayProbe.Stale] window=[1453,1573] maxConsecutiveFallbackRun=7 id=28409
LogOGResimProbe: Warning: [Warning][ResimProbe.Gate] checks=120 declined=58 requested=62 requestedPerMille=517 deepSkips=0 survivingAnchors=0
LogOGResimProbe: Warning: [Warning][ResimProbe.Chaos] requests=61 grants=61 refused=0 refusedPerMille=0 repeat=0 clamped=0 depthMin=4 depthMax=8
LogOGResimProbe: Warning: [Warning][ResimProbe.Apply] prepares=61 finishes=61 abandoned=0 stuck=0 replayTicks=448 replayOverruns=0 freshProtects=39 staleProtects=0
LogOGResimProbe: Warning: [Warning][ResimProbe.Frame] role=Client simTicks=120 frames=201 meanTicksPerFrameX100=59 p50=1 p99=1 max=1 meanFrameUs=9999
LogOGResimProbe: Warning: [Warning][ResimProbe.Frame] role=Client cadence dFrame1=39 dFrame0=0 dFrameGt1=81 discont=0 numSteps total=120 max=1 gt1=0
LogOGResimProbe: Warning: [Warning][ResimProbe.Landing] class=LocallyPredicted behind=60 atFrontier=0 discarded=0 atFrontierPerMille=0 windowSamples=120
LogOGResimProbe: Warning: [Warning][ResimProbe.Landing] class=RemoteProxy behind=60 atFrontier=0 discarded=0 atFrontierPerMille=0 windowSamples=120
LogOGDivergenceProbe: Warning: [Warning][DivergenceProbe.Window] class=LocallyPredicted corrections=60 disagreed=60 ratePerMille=1000 windowSamples=120
LogOGDivergenceProbe: Warning: [Warning][DivergenceProbe.Window] class=RemoteProxy corrections=60 disagreed=60 ratePerMille=1000 windowSamples=120
LogOGRelayProbe: Warning: [Warning][RelayProbe.Read] window=[1573,1693] src=Prediction hit=51 miss=69 verifyFail=0 rung0=0 total=120
LogOGRelayProbe: Warning: [Warning][RelayProbe.Read] window=[1573,1693] src=Resim hit=442 miss=48 verifyFail=0 rung0=0 total=490
LogOGRelayProbe: Warning: [Warning][RelayProbe.Miss] window=[1573,1693] src=Prediction inSpan=0 aboveNewest=69 belowOldest=0 noProbeTick=0 miss=69
LogOGRelayProbe: Warning: [Warning][RelayProbe.Miss] window=[1573,1693] src=Resim inSpan=0 aboveNewest=48 belowOldest=0 noProbeTick=0 miss=48
LogOGRelayProbe: Warning: [Warning][RelayProbe.Delta] window=[1573,1693] src=Prediction n=120 p10=-1 p50=1 p90=2 min=-2 max=4 satLow=0 satHigh=0
LogOGRelayProbe: Warning: [Warning][RelayProbe.Delta] window=[1573,1693] src=Resim n=490 p10=-6 p50=-3 p90=0 min=-9 max=3 satLow=0 satHigh=0
LogOGRelayProbe: Warning: [Warning][RelayProbe.Stale] window=[1573,1693] maxConsecutiveFallbackRun=15 id=28409
LogOGResimProbe: Warning: [Warning][ResimProbe.Gate] checks=120 declined=48 requested=72 requestedPerMille=600 deepSkips=0 survivingAnchors=0
LogOGResimProbe: Warning: [Warning][ResimProbe.Chaos] requests=72 grants=68 refused=4 refusedPerMille=56 repeat=4 clamped=0 depthMin=4 depthMax=9
LogOGResimProbe: Warning: [Warning][ResimProbe.Apply] prepares=68 finishes=68 abandoned=0 stuck=0 replayTicks=502 replayOverruns=0 freshProtects=36 staleProtects=0
LogOGResimProbe: Warning: [Warning][ResimProbe.Frame] role=Client simTicks=120 frames=200 meanTicksPerFrameX100=60 p50=1 p99=1 max=1 meanFrameUs=10000
LogOGResimProbe: Warning: [Warning][ResimProbe.Frame] role=Client cadence dFrame1=40 dFrame0=0 dFrameGt1=80 discont=0 numSteps total=120 max=1 gt1=0
LogOGResimProbe: Warning: [Warning][ResimProbe.Landing] class=LocallyPredicted behind=61 atFrontier=0 discarded=0 atFrontierPerMille=0 windowSamples=120
LogOGResimProbe: Warning: [Warning][ResimProbe.Landing] class=RemoteProxy behind=59 atFrontier=0 discarded=0 atFrontierPerMille=0 windowSamples=120
LogOGDivergenceProbe: Warning: [Warning][DivergenceProbe.Window] class=LocallyPredicted corrections=61 disagreed=61 ratePerMille=1000 windowSamples=120
LogOGDivergenceProbe: Warning: [Warning][DivergenceProbe.Window] class=RemoteProxy corrections=59 disagreed=59 ratePerMille=1000 windowSamples=120
LogOGRelayProbe: Warning: [Warning][RelayProbe.Arrival] samples=120 gapCaptureTicks p50=2 p99=5 max=5 noAdvance=0 saturated=0 lostCaptureTicksX1000=0 lost=0 delivered=227 expected=227 discont=0 discontMax=0
LogOGRelayProbe: Warning: [Warning][RelayProbe.Read] window=[1693,1813] src=Prediction hit=53 miss=67 verifyFail=0 rung0=0 total=120
LogOGRelayProbe: Warning: [Warning][RelayProbe.Read] window=[1693,1813] src=Resim hit=423 miss=48 verifyFail=0 rung0=0 total=471
LogOGRelayProbe: Warning: [Warning][RelayProbe.Miss] window=[1693,1813] src=Prediction inSpan=0 aboveNewest=67 belowOldest=0 noProbeTick=0 miss=67
LogOGRelayProbe: Warning: [Warning][RelayProbe.Miss] window=[1693,1813] src=Resim inSpan=0 aboveNewest=48 belowOldest=0 noProbeTick=0 miss=48
LogOGRelayProbe: Warning: [Warning][RelayProbe.Delta] window=[1693,1813] src=Prediction n=120 p10=-1 p50=1 p90=2 min=-2 max=4 satLow=0 satHigh=0
LogOGRelayProbe: Warning: [Warning][RelayProbe.Delta] window=[1693,1813] src=Resim n=471 p10=-5 p50=-2 p90=1 min=-7 max=3 satLow=0 satHigh=0
LogOGRelayProbe: Warning: [Warning][RelayProbe.Stale] window=[1693,1813] maxConsecutiveFallbackRun=10 id=28409
LogOGResimProbe: Warning: [Warning][ResimProbe.Gate] checks=120 declined=46 requested=74 requestedPerMille=617 deepSkips=0 survivingAnchors=0
LogOGResimProbe: Warning: [Warning][ResimProbe.Chaos] requests=74 grants=74 refused=0 refusedPerMille=0 repeat=0 clamped=0 depthMin=5 depthMax=7
LogOGResimProbe: Warning: [Warning][ResimProbe.Apply] prepares=74 finishes=74 abandoned=0 stuck=0 replayTicks=520 replayOverruns=0 freshProtects=35 staleProtects=0
LogOGResimProbe: Warning: [Warning][ResimProbe.Frame] role=Client simTicks=120 frames=199 meanTicksPerFrameX100=60 p50=1 p99=1 max=1 meanFrameUs=10001
LogOGResimProbe: Warning: [Warning][ResimProbe.Frame] role=Client cadence dFrame1=41 dFrame0=0 dFrameGt1=79 discont=0 numSteps total=120 max=1 gt1=0
LogOGResimProbe: Warning: [Warning][ResimProbe.Landing] class=LocallyPredicted behind=61 atFrontier=0 discarded=0 atFrontierPerMille=0 windowSamples=120
LogOGResimProbe: Warning: [Warning][ResimProbe.Landing] class=RemoteProxy behind=59 atFrontier=0 discarded=0 atFrontierPerMille=0 windowSamples=120
LogOGDivergenceProbe: Warning: [Warning][DivergenceProbe.Window] class=LocallyPredicted corrections=61 disagreed=61 ratePerMille=1000 windowSamples=120
LogOGDivergenceProbe: Warning: [Warning][DivergenceProbe.Window] class=RemoteProxy corrections=59 disagreed=59 ratePerMille=1000 windowSamples=120
LogOGRelayProbe: Warning: [Warning][RelayProbe.Read] window=[1813,1933] src=Prediction hit=55 miss=65 verifyFail=0 rung0=0 total=120
LogOGRelayProbe: Warning: [Warning][RelayProbe.Read] window=[1813,1933] src=Resim hit=425 miss=49 verifyFail=0 rung0=0 total=474
LogOGRelayProbe: Warning: [Warning][RelayProbe.Miss] window=[1813,1933] src=Prediction inSpan=1 aboveNewest=64 belowOldest=0 noProbeTick=0 miss=65
LogOGRelayProbe: Warning: [Warning][RelayProbe.Miss] window=[1813,1933] src=Resim inSpan=7 aboveNewest=42 belowOldest=0 noProbeTick=0 miss=49
LogOGRelayProbe: Warning: [Warning][RelayProbe.Delta] window=[1813,1933] src=Prediction n=120 p10=-1 p50=1 p90=2 min=-3 max=4 satLow=0 satHigh=0
LogOGRelayProbe: Warning: [Warning][RelayProbe.Delta] window=[1813,1933] src=Resim n=474 p10=-6 p50=-3 p90=0 min=-10 max=3 satLow=0 satHigh=0
LogOGRelayProbe: Warning: [Warning][RelayProbe.Stale] window=[1813,1933] maxConsecutiveFallbackRun=8 id=28409
LogOGResimProbe: Warning: [Warning][ResimProbe.Gate] checks=120 declined=57 requested=63 requestedPerMille=525 deepSkips=0 survivingAnchors=0
LogOGResimProbe: Warning: [Warning][ResimProbe.Chaos] requests=63 grants=63 refused=0 refusedPerMille=0 repeat=0 clamped=0 depthMin=5 depthMax=8
LogOGResimProbe: Warning: [Warning][ResimProbe.Apply] prepares=63 finishes=63 abandoned=0 stuck=0 replayTicks=469 replayOverruns=0 freshProtects=38 staleProtects=1
LogOGResimProbe: Warning: [Warning][ResimProbe.Frame] role=Client simTicks=120 frames=200 meanTicksPerFrameX100=60 p50=1 p99=1 max=1 meanFrameUs=10000
LogOGResimProbe: Warning: [Warning][ResimProbe.Frame] role=Client cadence dFrame1=40 dFrame0=0 dFrameGt1=80 discont=0 numSteps total=120 max=1 gt1=0
LogOGResimProbe: Warning: [Warning][ResimProbe.Landing] class=LocallyPredicted behind=61 atFrontier=0 discarded=0 atFrontierPerMille=0 windowSamples=120
LogOGResimProbe: Warning: [Warning][ResimProbe.Landing] class=RemoteProxy behind=59 atFrontier=0 discarded=0 atFrontierPerMille=0 windowSamples=120
LogOGDivergenceProbe: Warning: [Warning][DivergenceProbe.Window] class=LocallyPredicted corrections=61 disagreed=61 ratePerMille=1000 windowSamples=120
LogOGDivergenceProbe: Warning: [Warning][DivergenceProbe.Window] class=RemoteProxy corrections=59 disagreed=59 ratePerMille=1000 windowSamples=120
LogOGRelayProbe: Warning: [Warning][RelayProbe.Arrival] samples=120 gapCaptureTicks p50=2 p99=5 max=5 noAdvance=0 saturated=0 lostCaptureTicksX1000=17 lost=4 delivered=222 expected=226 discont=0 discontMax=0
LogOGRelayProbe: Warning: [Warning][RelayProbe.Read] window=[1933,2053] src=Prediction hit=65 miss=55 verifyFail=0 rung0=0 total=120
LogOGRelayProbe: Warning: [Warning][RelayProbe.Read] window=[1933,2053] src=Resim hit=444 miss=29 verifyFail=0 rung0=0 total=473
LogOGRelayProbe: Warning: [Warning][RelayProbe.Miss] window=[1933,2053] src=Prediction inSpan=0 aboveNewest=55 belowOldest=0 noProbeTick=0 miss=55
LogOGRelayProbe: Warning: [Warning][RelayProbe.Miss] window=[1933,2053] src=Resim inSpan=0 aboveNewest=29 belowOldest=0 noProbeTick=0 miss=29
LogOGRelayProbe: Warning: [Warning][RelayProbe.Delta] window=[1933,2053] src=Prediction n=120 p10=-1 p50=0 p90=2 min=-2 max=4 satLow=0 satHigh=0
LogOGRelayProbe: Warning: [Warning][RelayProbe.Delta] window=[1933,2053] src=Resim n=473 p10=-6 p50=-3 p90=0 min=-8 max=3 satLow=0 satHigh=0
LogOGRelayProbe: Warning: [Warning][RelayProbe.Stale] window=[1933,2053] maxConsecutiveFallbackRun=10 id=28409
LogOGResimProbe: Warning: [Warning][ResimProbe.Gate] checks=120 declined=51 requested=69 requestedPerMille=575 deepSkips=0 survivingAnchors=0
LogOGResimProbe: Warning: [Warning][ResimProbe.Chaos] requests=69 grants=69 refused=0 refusedPerMille=0 repeat=0 clamped=0 depthMin=4 depthMax=8
LogOGResimProbe: Warning: [Warning][ResimProbe.Apply] prepares=69 finishes=69 abandoned=0 stuck=0 replayTicks=496 replayOverruns=0 freshProtects=35 staleProtects=0
LogOGResimProbe: Warning: [Warning][ResimProbe.Frame] role=Client simTicks=120 frames=200 meanTicksPerFrameX100=60 p50=1 p99=1 max=1 meanFrameUs=9999
LogOGResimProbe: Warning: [Warning][ResimProbe.Frame] role=Client cadence dFrame1=40 dFrame0=0 dFrameGt1=80 discont=0 numSteps total=120 max=1 gt1=0
LogOGResimProbe: Warning: [Warning][ResimProbe.Landing] class=LocallyPredicted behind=60 atFrontier=0 discarded=0 atFrontierPerMille=0 windowSamples=120
LogOGResimProbe: Warning: [Warning][ResimProbe.Landing] class=RemoteProxy behind=60 atFrontier=0 discarded=0 atFrontierPerMille=0 windowSamples=120
LogOGDivergenceProbe: Warning: [Warning][DivergenceProbe.Window] class=LocallyPredicted corrections=60 disagreed=60 ratePerMille=1000 windowSamples=120
LogOGDivergenceProbe: Warning: [Warning][DivergenceProbe.Window] class=RemoteProxy corrections=60 disagreed=60 ratePerMille=1000 windowSamples=120
LogOGRelayProbe: Warning: [Warning][RelayProbe.Read] window=[2053,2173] src=Prediction hit=39 miss=81 verifyFail=0 rung0=0 total=120
LogOGRelayProbe: Warning: [Warning][RelayProbe.Read] window=[2053,2173] src=Resim hit=452 miss=70 verifyFail=0 rung0=0 total=522
LogOGRelayProbe: Warning: [Warning][RelayProbe.Miss] window=[2053,2173] src=Prediction inSpan=0 aboveNewest=81 belowOldest=0 noProbeTick=0 miss=81
LogOGRelayProbe: Warning: [Warning][RelayProbe.Miss] window=[2053,2173] src=Resim inSpan=0 aboveNewest=70 belowOldest=0 noProbeTick=0 miss=70
LogOGRelayProbe: Warning: [Warning][RelayProbe.Delta] window=[2053,2173] src=Prediction n=120 p10=-1 p50=1 p90=3 min=-3 max=4 satLow=0 satHigh=0
LogOGRelayProbe: Warning: [Warning][RelayProbe.Delta] window=[2053,2173] src=Resim n=522 p10=-6 p50=-2 p90=1 min=-8 max=4 satLow=0 satHigh=0
LogOGRelayProbe: Warning: [Warning][RelayProbe.Stale] window=[2053,2173] maxConsecutiveFallbackRun=14 id=28409
LogOGResimProbe: Warning: [Warning][ResimProbe.Gate] checks=120 declined=50 requested=70 requestedPerMille=583 deepSkips=0 survivingAnchors=0
LogOGResimProbe: Warning: [Warning][ResimProbe.Chaos] requests=70 grants=70 refused=0 refusedPerMille=0 repeat=0 clamped=0 depthMin=5 depthMax=8
LogOGResimProbe: Warning: [Warning][ResimProbe.Apply] prepares=70 finishes=70 abandoned=0 stuck=0 replayTicks=531 replayOverruns=0 freshProtects=39 staleProtects=0
LogOGResimProbe: Warning: [Warning][ResimProbe.Frame] role=Client simTicks=120 frames=200 meanTicksPerFrameX100=60 p50=1 p99=1 max=1 meanFrameUs=10001
LogOGResimProbe: Warning: [Warning][ResimProbe.Frame] role=Client cadence dFrame1=40 dFrame0=0 dFrameGt1=80 discont=0 numSteps total=120 max=1 gt1=0
LogOGRelayProbe: Warning: [Warning][RelayProbe.Arrival] samples=120 gapCaptureTicks p50=2 p99=4 max=5 noAdvance=0 saturated=0 lostCaptureTicksX1000=0 lost=0 delivered=221 expected=221 discont=0 discontMax=0
LogOGResimProbe: Warning: [Warning][ResimProbe.Landing] class=LocallyPredicted behind=60 atFrontier=0 discarded=0 atFrontierPerMille=0 windowSamples=120
LogOGResimProbe: Warning: [Warning][ResimProbe.Landing] class=RemoteProxy behind=60 atFrontier=0 discarded=0 atFrontierPerMille=0 windowSamples=120
LogOGDivergenceProbe: Warning: [Warning][DivergenceProbe.Window] class=LocallyPredicted corrections=60 disagreed=60 ratePerMille=1000 windowSamples=120
LogOGDivergenceProbe: Warning: [Warning][DivergenceProbe.Window] class=RemoteProxy corrections=60 disagreed=60 ratePerMille=1000 windowSamples=120
LogOGRelayProbe: Warning: [Warning][RelayProbe.Read] window=[2173,2293] src=Prediction hit=57 miss=63 verifyFail=0 rung0=0 total=120
LogOGRelayProbe: Warning: [Warning][RelayProbe.Read] window=[2173,2293] src=Resim hit=401 miss=38 verifyFail=0 rung0=0 total=439
LogOGRelayProbe: Warning: [Warning][RelayProbe.Miss] window=[2173,2293] src=Prediction inSpan=0 aboveNewest=63 belowOldest=0 noProbeTick=0 miss=63
LogOGRelayProbe: Warning: [Warning][RelayProbe.Miss] window=[2173,2293] src=Resim inSpan=0 aboveNewest=38 belowOldest=0 noProbeTick=0 miss=38
LogOGRelayProbe: Warning: [Warning][RelayProbe.Delta] window=[2173,2293] src=Prediction n=120 p10=-1 p50=1 p90=2 min=-3 max=4 satLow=0 satHigh=0
LogOGRelayProbe: Warning: [Warning][RelayProbe.Delta] window=[2173,2293] src=Resim n=439 p10=-6 p50=-3 p90=0 min=-8 max=3 satLow=0 satHigh=0
LogOGRelayProbe: Warning: [Warning][RelayProbe.Stale] window=[2173,2293] maxConsecutiveFallbackRun=11 id=28409
LogOGResimProbe: Warning: [Warning][ResimProbe.Gate] checks=120 declined=58 requested=62 requestedPerMille=517 deepSkips=0 survivingAnchors=0
LogOGResimProbe: Warning: [Warning][ResimProbe.Chaos] requests=63 grants=63 refused=0 refusedPerMille=0 repeat=0 clamped=0 depthMin=5 depthMax=8
LogOGResimProbe: Warning: [Warning][ResimProbe.Apply] prepares=63 finishes=63 abandoned=0 stuck=0 replayTicks=445 replayOverruns=0 freshProtects=33 staleProtects=0
LogOGResimProbe: Warning: [Warning][ResimProbe.Frame] role=Client simTicks=120 frames=199 meanTicksPerFrameX100=60 p50=1 p99=1 max=1 meanFrameUs=9999
LogOGResimProbe: Warning: [Warning][ResimProbe.Frame] role=Client cadence dFrame1=41 dFrame0=0 dFrameGt1=79 discont=0 numSteps total=120 max=1 gt1=0
LogOGResimProbe: Warning: [Warning][ResimProbe.Landing] class=LocallyPredicted behind=60 atFrontier=0 discarded=0 atFrontierPerMille=0 windowSamples=120
LogOGResimProbe: Warning: [Warning][ResimProbe.Landing] class=RemoteProxy behind=60 atFrontier=0 discarded=0 atFrontierPerMille=0 windowSamples=120
LogOGDivergenceProbe: Warning: [Warning][DivergenceProbe.Window] class=LocallyPredicted corrections=60 disagreed=60 ratePerMille=1000 windowSamples=120
LogOGDivergenceProbe: Warning: [Warning][DivergenceProbe.Window] class=RemoteProxy corrections=60 disagreed=60 ratePerMille=1000 windowSamples=120
LogOGRelayProbe: Warning: [Warning][RelayProbe.Read] window=[2293,2413] src=Prediction hit=42 miss=78 verifyFail=0 rung0=0 total=120
LogOGRelayProbe: Warning: [Warning][RelayProbe.Read] window=[2293,2413] src=Resim hit=404 miss=48 verifyFail=0 rung0=0 total=452
LogOGRelayProbe: Warning: [Warning][RelayProbe.Miss] window=[2293,2413] src=Prediction inSpan=0 aboveNewest=78 belowOldest=0 noProbeTick=0 miss=78
LogOGRelayProbe: Warning: [Warning][RelayProbe.Miss] window=[2293,2413] src=Resim inSpan=0 aboveNewest=48 belowOldest=0 noProbeTick=0 miss=48
LogOGRelayProbe: Warning: [Warning][RelayProbe.Delta] window=[2293,2413] src=Prediction n=120 p10=-1 p50=1 p90=3 min=-2 max=5 satLow=0 satHigh=0
LogOGRelayProbe: Warning: [Warning][RelayProbe.Delta] window=[2293,2413] src=Resim n=452 p10=-6 p50=-3 p90=1 min=-8 max=3 satLow=0 satHigh=0
LogOGRelayProbe: Warning: [Warning][RelayProbe.Stale] window=[2293,2413] maxConsecutiveFallbackRun=15 id=28409
LogOGRelayProbe: Warning: [Warning][RelayProbe.Arrival] samples=120 gapCaptureTicks p50=2 p99=4 max=4 noAdvance=0 saturated=0 lostCaptureTicksX1000=0 lost=0 delivered=217 expected=217 discont=0 discontMax=0
LogOGResimProbe: Warning: [Warning][ResimProbe.Gate] checks=120 declined=60 requested=60 requestedPerMille=500 deepSkips=0 survivingAnchors=0
LogOGResimProbe: Warning: [Warning][ResimProbe.Chaos] requests=60 grants=60 refused=0 refusedPerMille=0 repeat=0 clamped=0 depthMin=5 depthMax=8
LogOGResimProbe: Warning: [Warning][ResimProbe.Apply] prepares=60 finishes=60 abandoned=0 stuck=0 replayTicks=462 replayOverruns=0 freshProtects=35 staleProtects=0
LogOGResimProbe: Warning: [Warning][ResimProbe.Frame] role=Client simTicks=120 frames=200 meanTicksPerFrameX100=60 p50=1 p99=1 max=1 meanFrameUs=10000
LogOGResimProbe: Warning: [Warning][ResimProbe.Frame] role=Client cadence dFrame1=40 dFrame0=0 dFrameGt1=80 discont=0 numSteps total=120 max=1 gt1=0
LogOGResimProbe: Warning: [Warning][ResimProbe.Landing] class=LocallyPredicted behind=60 atFrontier=0 discarded=0 atFrontierPerMille=0 windowSamples=120
LogOGResimProbe: Warning: [Warning][ResimProbe.Landing] class=RemoteProxy behind=60 atFrontier=0 discarded=0 atFrontierPerMille=0 windowSamples=120
LogOGDivergenceProbe: Warning: [Warning][DivergenceProbe.Window] class=LocallyPredicted corrections=60 disagreed=60 ratePerMille=1000 windowSamples=120
LogOGDivergenceProbe: Warning: [Warning][DivergenceProbe.Window] class=RemoteProxy corrections=60 disagreed=60 ratePerMille=1000 windowSamples=120
LogOGRelayProbe: Warning: [Warning][RelayProbe.Read] window=[2413,2533] src=Prediction hit=41 miss=79 verifyFail=0 rung0=0 total=120
LogOGRelayProbe: Warning: [Warning][RelayProbe.Read] window=[2413,2533] src=Resim hit=401 miss=44 verifyFail=0 rung0=0 total=445
LogOGRelayProbe: Warning: [Warning][RelayProbe.Miss] window=[2413,2533] src=Prediction inSpan=0 aboveNewest=79 belowOldest=0 noProbeTick=0 miss=79
LogOGRelayProbe: Warning: [Warning][RelayProbe.Miss] window=[2413,2533] src=Resim inSpan=0 aboveNewest=44 belowOldest=0 noProbeTick=0 miss=44
LogOGRelayProbe: Warning: [Warning][RelayProbe.Delta] window=[2413,2533] src=Prediction n=120 p10=-1 p50=1 p90=3 min=-2 max=4 satLow=0 satHigh=0
LogOGRelayProbe: Warning: [Warning][RelayProbe.Delta] window=[2413,2533] src=Resim n=445 p10=-6 p50=-3 p90=0 min=-8 max=3 satLow=0 satHigh=0
LogOGRelayProbe: Warning: [Warning][RelayProbe.Stale] window=[2413,2533] maxConsecutiveFallbackRun=14 id=28409
LogOGResimProbe: Warning: [Warning][ResimProbe.Gate] checks=120 declined=55 requested=65 requestedPerMille=542 deepSkips=0 survivingAnchors=0
LogOGResimProbe: Warning: [Warning][ResimProbe.Chaos] requests=65 grants=65 refused=0 refusedPerMille=0 repeat=0 clamped=0 depthMin=5 depthMax=8
LogOGResimProbe: Warning: [Warning][ResimProbe.Apply] prepares=65 finishes=65 abandoned=0 stuck=0 replayTicks=491 replayOverruns=0 freshProtects=35 staleProtects=0
LogOGResimProbe: Warning: [Warning][ResimProbe.Frame] role=Client simTicks=120 frames=201 meanTicksPerFrameX100=59 p50=1 p99=1 max=1 meanFrameUs=10003
LogOGResimProbe: Warning: [Warning][ResimProbe.Frame] role=Client cadence dFrame1=39 dFrame0=0 dFrameGt1=81 discont=0 numSteps total=120 max=1 gt1=0
LogOGResimProbe: Warning: [Warning][ResimProbe.Landing] class=LocallyPredicted behind=60 atFrontier=0 discarded=0 atFrontierPerMille=0 windowSamples=120
LogOGResimProbe: Warning: [Warning][ResimProbe.Landing] class=RemoteProxy behind=60 atFrontier=0 discarded=0 atFrontierPerMille=0 windowSamples=120
LogOGDivergenceProbe: Warning: [Warning][DivergenceProbe.Window] class=LocallyPredicted corrections=60 disagreed=60 ratePerMille=1000 windowSamples=120
LogOGDivergenceProbe: Warning: [Warning][DivergenceProbe.Window] class=RemoteProxy corrections=60 disagreed=60 ratePerMille=1000 windowSamples=120
LogOGRelayProbe: Warning: [Warning][RelayProbe.Arrival] samples=120 gapCaptureTicks p50=2 p99=5 max=5 noAdvance=0 saturated=0 lostCaptureTicksX1000=0 lost=0 delivered=226 expected=226 discont=0 discontMax=0
LogOGRelayProbe: Warning: [Warning][RelayProbe.Read] window=[2533,2653] src=Prediction hit=52 miss=68 verifyFail=0 rung0=0 total=120
LogOGRelayProbe: Warning: [Warning][RelayProbe.Read] window=[2533,2653] src=Resim hit=426 miss=53 verifyFail=0 rung0=0 total=479
LogOGRelayProbe: Warning: [Warning][RelayProbe.Miss] window=[2533,2653] src=Prediction inSpan=0 aboveNewest=68 belowOldest=0 noProbeTick=0 miss=68
LogOGRelayProbe: Warning: [Warning][RelayProbe.Miss] window=[2533,2653] src=Resim inSpan=0 aboveNewest=53 belowOldest=0 noProbeTick=0 miss=53
LogOGRelayProbe: Warning: [Warning][RelayProbe.Delta] window=[2533,2653] src=Prediction n=120 p10=-1 p50=1 p90=2 min=-4 max=4 satLow=0 satHigh=0
LogOGRelayProbe: Warning: [Warning][RelayProbe.Delta] window=[2533,2653] src=Resim n=479 p10=-6 p50=-3 p90=1 min=-9 max=4 satLow=0 satHigh=0
LogOGRelayProbe: Warning: [Warning][RelayProbe.Stale] window=[2533,2653] maxConsecutiveFallbackRun=10 id=28409
LogOGResimProbe: Warning: [Warning][ResimProbe.Gate] checks=120 declined=53 requested=67 requestedPerMille=558 deepSkips=0 survivingAnchors=0
LogOGResimProbe: Warning: [Warning][ResimProbe.Chaos] requests=66 grants=66 refused=0 refusedPerMille=0 repeat=0 clamped=0 depthMin=4 depthMax=8
LogOGResimProbe: Warning: [Warning][ResimProbe.Apply] prepares=66 finishes=66 abandoned=0 stuck=0 replayTicks=483 replayOverruns=0 freshProtects=35 staleProtects=0
LogOGResimProbe: Warning: [Warning][ResimProbe.Frame] role=Client simTicks=120 frames=200 meanTicksPerFrameX100=60 p50=1 p99=1 max=1 meanFrameUs=9999
LogOGResimProbe: Warning: [Warning][ResimProbe.Frame] role=Client cadence dFrame1=40 dFrame0=0 dFrameGt1=80 discont=0 numSteps total=120 max=1 gt1=0
LogOGResimProbe: Warning: [Warning][ResimProbe.Landing] class=LocallyPredicted behind=60 atFrontier=0 discarded=0 atFrontierPerMille=0 windowSamples=120
LogOGResimProbe: Warning: [Warning][ResimProbe.Landing] class=RemoteProxy behind=60 atFrontier=0 discarded=0 atFrontierPerMille=0 windowSamples=120
LogOGDivergenceProbe: Warning: [Warning][DivergenceProbe.Window] class=LocallyPredicted corrections=60 disagreed=60 ratePerMille=1000 windowSamples=120
LogOGDivergenceProbe: Warning: [Warning][DivergenceProbe.Window] class=RemoteProxy corrections=60 disagreed=60 ratePerMille=1000 windowSamples=120
LogOGRelayProbe: Warning: [Warning][RelayProbe.Read] window=[2653,2773] src=Prediction hit=58 miss=62 verifyFail=0 rung0=0 total=120
LogOGRelayProbe: Warning: [Warning][RelayProbe.Read] window=[2653,2773] src=Resim hit=406 miss=43 verifyFail=0 rung0=0 total=449
LogOGRelayProbe: Warning: [Warning][RelayProbe.Miss] window=[2653,2773] src=Prediction inSpan=1 aboveNewest=61 belowOldest=0 noProbeTick=0 miss=62
LogOGRelayProbe: Warning: [Warning][RelayProbe.Miss] window=[2653,2773] src=Resim inSpan=9 aboveNewest=34 belowOldest=0 noProbeTick=0 miss=43
LogOGRelayProbe: Warning: [Warning][RelayProbe.Delta] window=[2653,2773] src=Prediction n=120 p10=-1 p50=1 p90=2 min=-3 max=5 satLow=0 satHigh=0
LogOGRelayProbe: Warning: [Warning][RelayProbe.Delta] window=[2653,2773] src=Resim n=449 p10=-6 p50=-3 p90=0 min=-8 max=4 satLow=0 satHigh=0
LogOGRelayProbe: Warning: [Warning][RelayProbe.Stale] window=[2653,2773] maxConsecutiveFallbackRun=7 id=28409
LogOGResimProbe: Warning: [Warning][ResimProbe.Gate] checks=120 declined=57 requested=63 requestedPerMille=525 deepSkips=0 survivingAnchors=0
LogOGResimProbe: Warning: [Warning][ResimProbe.Chaos] requests=64 grants=64 refused=0 refusedPerMille=0 repeat=0 clamped=0 depthMin=5 depthMax=8
LogOGResimProbe: Warning: [Warning][ResimProbe.Apply] prepares=64 finishes=64 abandoned=0 stuck=0 replayTicks=466 replayOverruns=0 freshProtects=37 staleProtects=0
LogOGResimProbe: Warning: [Warning][ResimProbe.Frame] role=Client simTicks=120 frames=199 meanTicksPerFrameX100=60 p50=1 p99=1 max=1 meanFrameUs=10000
LogOGResimProbe: Warning: [Warning][ResimProbe.Frame] role=Client cadence dFrame1=41 dFrame0=0 dFrameGt1=79 discont=0 numSteps total=120 max=1 gt1=0
LogOGResimProbe: Warning: [Warning][ResimProbe.Landing] class=LocallyPredicted behind=60 atFrontier=0 discarded=0 atFrontierPerMille=0 windowSamples=120
LogOGResimProbe: Warning: [Warning][ResimProbe.Landing] class=RemoteProxy behind=60 atFrontier=0 discarded=0 atFrontierPerMille=0 windowSamples=120
LogOGDivergenceProbe: Warning: [Warning][DivergenceProbe.Window] class=LocallyPredicted corrections=60 disagreed=60 ratePerMille=1000 windowSamples=120
LogOGDivergenceProbe: Warning: [Warning][DivergenceProbe.Window] class=RemoteProxy corrections=60 disagreed=60 ratePerMille=1000 windowSamples=120
LogOGRelayProbe: Warning: [Warning][RelayProbe.Arrival] samples=120 gapCaptureTicks p50=2 p99=5 max=5 noAdvance=0 saturated=0 lostCaptureTicksX1000=13 lost=3 delivered=226 expected=229 discont=0 discontMax=0
LogOGRelayProbe: Warning: [Warning][RelayProbe.Read] window=[2773,2893] src=Prediction hit=15 miss=105 verifyFail=0 rung0=0 total=120
LogOGRelayProbe: Warning: [Warning][RelayProbe.Read] window=[2773,2893] src=Resim hit=438 miss=104 verifyFail=0 rung0=0 total=542
LogOGRelayProbe: Warning: [Warning][RelayProbe.Miss] window=[2773,2893] src=Prediction inSpan=0 aboveNewest=105 belowOldest=0 noProbeTick=0 miss=105
LogOGRelayProbe: Warning: [Warning][RelayProbe.Miss] window=[2773,2893] src=Resim inSpan=0 aboveNewest=104 belowOldest=0 noProbeTick=0 miss=104
LogOGRelayProbe: Warning: [Warning][RelayProbe.Delta] window=[2773,2893] src=Prediction n=120 p10=0 p50=2 p90=3 min=-1 max=4 satLow=0 satHigh=0
LogOGRelayProbe: Warning: [Warning][RelayProbe.Delta] window=[2773,2893] src=Resim n=542 p10=-5 p50=-2 p90=1 min=-8 max=3 satLow=0 satHigh=0
LogOGRelayProbe: Warning: [Warning][RelayProbe.Stale] window=[2773,2893] maxConsecutiveFallbackRun=40 id=28409
LogOGResimProbe: Warning: [Warning][ResimProbe.Gate] checks=120 declined=52 requested=68 requestedPerMille=567 deepSkips=0 survivingAnchors=0
LogOGResimProbe: Warning: [Warning][ResimProbe.Chaos] requests=67 grants=67 refused=0 refusedPerMille=0 repeat=0 clamped=0 depthMin=6 depthMax=8
LogOGResimProbe: Warning: [Warning][ResimProbe.Apply] prepares=67 finishes=67 abandoned=0 stuck=0 replayTicks=537 replayOverruns=0 freshProtects=38 staleProtects=0
LogOGResimProbe: Warning: [Warning][ResimProbe.Frame] role=Client simTicks=120 frames=200 meanTicksPerFrameX100=60 p50=1 p99=1 max=1 meanFrameUs=10000
LogOGResimProbe: Warning: [Warning][ResimProbe.Frame] role=Client cadence dFrame1=40 dFrame0=0 dFrameGt1=80 discont=0 numSteps total=120 max=1 gt1=0
LogOGResimProbe: Warning: [Warning][ResimProbe.Landing] class=LocallyPredicted behind=60 atFrontier=0 discarded=0 atFrontierPerMille=0 windowSamples=120
LogOGResimProbe: Warning: [Warning][ResimProbe.Landing] class=RemoteProxy behind=60 atFrontier=0 discarded=0 atFrontierPerMille=0 windowSamples=120
LogOGDivergenceProbe: Warning: [Warning][DivergenceProbe.Window] class=LocallyPredicted corrections=60 disagreed=60 ratePerMille=1000 windowSamples=120
LogOGDivergenceProbe: Warning: [Warning][DivergenceProbe.Window] class=RemoteProxy corrections=60 disagreed=60 ratePerMille=1000 windowSamples=120
LogOGRelayProbe: Warning: [Warning][RelayProbe.Read] window=[2893,3013] src=Prediction hit=16 miss=104 verifyFail=0 rung0=0 total=120
LogOGRelayProbe: Warning: [Warning][RelayProbe.Read] window=[2893,3013] src=Resim hit=403 miss=93 verifyFail=0 rung0=0 total=496
LogOGRelayProbe: Warning: [Warning][RelayProbe.Miss] window=[2893,3013] src=Prediction inSpan=0 aboveNewest=104 belowOldest=0 noProbeTick=0 miss=104
LogOGRelayProbe: Warning: [Warning][RelayProbe.Miss] window=[2893,3013] src=Resim inSpan=4 aboveNewest=89 belowOldest=0 noProbeTick=0 miss=93
LogOGRelayProbe: Warning: [Warning][RelayProbe.Delta] window=[2893,3013] src=Prediction n=120 p10=0 p50=2 p90=3 min=-1 max=5 satLow=0 satHigh=0
LogOGRelayProbe: Warning: [Warning][RelayProbe.Delta] window=[2893,3013] src=Resim n=496 p10=-5 p50=-2 p90=1 min=-7 max=4 satLow=0 satHigh=0
LogOGRelayProbe: Warning: [Warning][RelayProbe.Stale] window=[2893,3013] maxConsecutiveFallbackRun=29 id=28409
LogOGResimProbe: Warning: [Warning][ResimProbe.Gate] checks=120 declined=55 requested=65 requestedPerMille=542 deepSkips=0 survivingAnchors=0
LogOGResimProbe: Warning: [Warning][ResimProbe.Chaos] requests=66 grants=66 refused=0 refusedPerMille=0 repeat=0 clamped=0 depthMin=5 depthMax=8
LogOGResimProbe: Warning: [Warning][ResimProbe.Apply] prepares=66 finishes=66 abandoned=0 stuck=0 replayTicks=521 replayOverruns=0 freshProtects=34 staleProtects=0
LogOGResimProbe: Warning: [Warning][ResimProbe.Frame] role=Client simTicks=120 frames=200 meanTicksPerFrameX100=60 p50=1 p99=1 max=1 meanFrameUs=9999
LogOGResimProbe: Warning: [Warning][ResimProbe.Frame] role=Client cadence dFrame1=40 dFrame0=0 dFrameGt1=80 discont=0 numSteps total=120 max=1 gt1=0
LogOGResimProbe: Warning: [Warning][ResimProbe.Landing] class=LocallyPredicted behind=60 atFrontier=0 discarded=0 atFrontierPerMille=0 windowSamples=120
LogOGResimProbe: Warning: [Warning][ResimProbe.Landing] class=RemoteProxy behind=60 atFrontier=0 discarded=0 atFrontierPerMille=0 windowSamples=120
LogOGDivergenceProbe: Warning: [Warning][DivergenceProbe.Window] class=LocallyPredicted corrections=60 disagreed=60 ratePerMille=1000 windowSamples=120
LogOGDivergenceProbe: Warning: [Warning][DivergenceProbe.Window] class=RemoteProxy corrections=60 disagreed=60 ratePerMille=1000 windowSamples=120
LogOGRelayProbe: Warning: [Warning][RelayProbe.Arrival] samples=120 gapCaptureTicks p50=2 p99=4 max=4 noAdvance=0 saturated=0 lostCaptureTicksX1000=4 lost=1 delivered=225 expected=226 discont=0 discontMax=0
LogOGRelayProbe: Warning: [Warning][RelayProbe.Read] window=[3013,3133] src=Prediction hit=43 miss=77 verifyFail=0 rung0=0 total=120
LogOGRelayProbe: Warning: [Warning][RelayProbe.Read] window=[3013,3133] src=Resim hit=402 miss=54 verifyFail=0 rung0=0 total=456
LogOGRelayProbe: Warning: [Warning][RelayProbe.Miss] window=[3013,3133] src=Prediction inSpan=0 aboveNewest=77 belowOldest=0 noProbeTick=0 miss=77
LogOGRelayProbe: Warning: [Warning][RelayProbe.Miss] window=[3013,3133] src=Resim inSpan=0 aboveNewest=54 belowOldest=0 noProbeTick=0 miss=54
LogOGRelayProbe: Warning: [Warning][RelayProbe.Delta] window=[3013,3133] src=Prediction n=120 p10=-1 p50=1 p90=3 min=-2 max=4 satLow=0 satHigh=0
LogOGRelayProbe: Warning: [Warning][RelayProbe.Delta] window=[3013,3133] src=Resim n=456 p10=-6 p50=-3 p90=1 min=-8 max=3 satLow=0 satHigh=0
LogOGRelayProbe: Warning: [Warning][RelayProbe.Stale] window=[3013,3133] maxConsecutiveFallbackRun=10 id=28409
LogOGResimProbe: Warning: [Warning][ResimProbe.Gate] checks=120 declined=54 requested=66 requestedPerMille=550 deepSkips=0 survivingAnchors=0
LogOGResimProbe: Warning: [Warning][ResimProbe.Chaos] requests=65 grants=62 refused=3 refusedPerMille=46 repeat=3 clamped=0 depthMin=5 depthMax=9
LogOGResimProbe: Warning: [Warning][ResimProbe.Apply] prepares=62 finishes=62 abandoned=0 stuck=0 replayTicks=468 replayOverruns=0 freshProtects=33 staleProtects=0
LogOGResimProbe: Warning: [Warning][ResimProbe.Frame] role=Client simTicks=120 frames=200 meanTicksPerFrameX100=60 p50=1 p99=1 max=1 meanFrameUs=10000
LogOGResimProbe: Warning: [Warning][ResimProbe.Frame] role=Client cadence dFrame1=40 dFrame0=0 dFrameGt1=80 discont=0 numSteps total=120 max=1 gt1=0
LogOGResimProbe: Warning: [Warning][ResimProbe.Landing] class=LocallyPredicted behind=60 atFrontier=0 discarded=0 atFrontierPerMille=0 windowSamples=120
LogOGResimProbe: Warning: [Warning][ResimProbe.Landing] class=RemoteProxy behind=60 atFrontier=0 discarded=0 atFrontierPerMille=0 windowSamples=120
LogOGDivergenceProbe: Warning: [Warning][DivergenceProbe.Window] class=LocallyPredicted corrections=60 disagreed=60 ratePerMille=1000 windowSamples=120
LogOGDivergenceProbe: Warning: [Warning][DivergenceProbe.Window] class=RemoteProxy corrections=60 disagreed=60 ratePerMille=1000 windowSamples=120
LogOGRelayProbe: Warning: [Warning][RelayProbe.Read] window=[3133,3253] src=Prediction hit=35 miss=85 verifyFail=0 rung0=0 total=120
LogOGRelayProbe: Warning: [Warning][RelayProbe.Read] window=[3133,3253] src=Resim hit=414 miss=62 verifyFail=0 rung0=0 total=476
LogOGRelayProbe: Warning: [Warning][RelayProbe.Miss] window=[3133,3253] src=Prediction inSpan=0 aboveNewest=85 belowOldest=0 noProbeTick=0 miss=85
LogOGRelayProbe: Warning: [Warning][RelayProbe.Miss] window=[3133,3253] src=Resim inSpan=0 aboveNewest=62 belowOldest=0 noProbeTick=0 miss=62
LogOGRelayProbe: Warning: [Warning][RelayProbe.Delta] window=[3133,3253] src=Prediction n=120 p10=-1 p50=1 p90=3 min=-2 max=5 satLow=0 satHigh=0
LogOGRelayProbe: Warning: [Warning][RelayProbe.Delta] window=[3133,3253] src=Resim n=476 p10=-6 p50=-3 p90=1 min=-9 max=4 satLow=0 satHigh=0
LogOGRelayProbe: Warning: [Warning][RelayProbe.Stale] window=[3133,3253] maxConsecutiveFallbackRun=19 id=28409
LogOGResimProbe: Warning: [Warning][ResimProbe.Gate] checks=120 declined=57 requested=63 requestedPerMille=525 deepSkips=0 survivingAnchors=0
LogOGResimProbe: Warning: [Warning][ResimProbe.Chaos] requests=64 grants=64 refused=0 refusedPerMille=0 repeat=0 clamped=0 depthMin=5 depthMax=8
LogOGResimProbe: Warning: [Warning][ResimProbe.Apply] prepares=64 finishes=64 abandoned=0 stuck=0 replayTicks=508 replayOverruns=0 freshProtects=38 staleProtects=0
LogOGResimProbe: Warning: [Warning][ResimProbe.Frame] role=Client simTicks=120 frames=200 meanTicksPerFrameX100=60 p50=1 p99=1 max=1 meanFrameUs=10000
LogOGResimProbe: Warning: [Warning][ResimProbe.Frame] role=Client cadence dFrame1=40 dFrame0=0 dFrameGt1=80 discont=0 numSteps total=120 max=1 gt1=0
LogOGResimProbe: Warning: [Warning][ResimProbe.Landing] class=LocallyPredicted behind=60 atFrontier=0 discarded=0 atFrontierPerMille=0 windowSamples=120
LogOGResimProbe: Warning: [Warning][ResimProbe.Landing] class=RemoteProxy behind=60 atFrontier=0 discarded=0 atFrontierPerMille=0 windowSamples=120
LogOGDivergenceProbe: Warning: [Warning][DivergenceProbe.Window] class=LocallyPredicted corrections=60 disagreed=60 ratePerMille=1000 windowSamples=120
LogOGDivergenceProbe: Warning: [Warning][DivergenceProbe.Window] class=RemoteProxy corrections=60 disagreed=60 ratePerMille=1000 windowSamples=120
LogOGRelayProbe: Warning: [Warning][RelayProbe.Arrival] samples=120 gapCaptureTicks p50=2 p99=4 max=6 noAdvance=0 saturated=0 lostCaptureTicksX1000=0 lost=0 delivered=227 expected=227 discont=0 discontMax=0
LogOGRelayProbe: Warning: [Warning][RelayProbe.Read] window=[3253,3373] src=Prediction hit=44 miss=76 verifyFail=0 rung0=0 total=120
LogOGRelayProbe: Warning: [Warning][RelayProbe.Read] window=[3253,3373] src=Resim hit=406 miss=41 verifyFail=0 rung0=0 total=447
LogOGRelayProbe: Warning: [Warning][RelayProbe.Miss] window=[3253,3373] src=Prediction inSpan=0 aboveNewest=76 belowOldest=0 noProbeTick=0 miss=76
LogOGRelayProbe: Warning: [Warning][RelayProbe.Miss] window=[3253,3373] src=Resim inSpan=4 aboveNewest=37 belowOldest=0 noProbeTick=0 miss=41
LogOGRelayProbe: Warning: [Warning][RelayProbe.Delta] window=[3253,3373] src=Prediction n=120 p10=-1 p50=1 p90=2 min=-2 max=4 satLow=0 satHigh=0
LogOGRelayProbe: Warning: [Warning][RelayProbe.Delta] window=[3253,3373] src=Resim n=447 p10=-6 p50=-3 p90=0 min=-8 max=3 satLow=0 satHigh=0
LogOGRelayProbe: Warning: [Warning][RelayProbe.Stale] window=[3253,3373] maxConsecutiveFallbackRun=8 id=28409
LogOGResimProbe: Warning: [Warning][ResimProbe.Gate] checks=120 declined=60 requested=60 requestedPerMille=500 deepSkips=0 survivingAnchors=0
LogOGResimProbe: Warning: [Warning][ResimProbe.Chaos] requests=59 grants=59 refused=0 refusedPerMille=0 repeat=0 clamped=0 depthMin=5 depthMax=8
LogOGResimProbe: Warning: [Warning][ResimProbe.Apply] prepares=59 finishes=59 abandoned=0 stuck=0 replayTicks=455 replayOverruns=0 freshProtects=39 staleProtects=0
LogOGResimProbe: Warning: [Warning][ResimProbe.Frame] role=Client simTicks=120 frames=201 meanTicksPerFrameX100=59 p50=1 p99=1 max=1 meanFrameUs=9999
LogOGResimProbe: Warning: [Warning][ResimProbe.Frame] role=Client cadence dFrame1=39 dFrame0=0 dFrameGt1=81 discont=0 numSteps total=120 max=1 gt1=0
LogOGResimProbe: Warning: [Warning][ResimProbe.Landing] class=LocallyPredicted behind=61 atFrontier=0 discarded=0 atFrontierPerMille=0 windowSamples=120
LogOGResimProbe: Warning: [Warning][ResimProbe.Landing] class=RemoteProxy behind=59 atFrontier=0 discarded=0 atFrontierPerMille=0 windowSamples=120
LogOGDivergenceProbe: Warning: [Warning][DivergenceProbe.Window] class=LocallyPredicted corrections=61 disagreed=61 ratePerMille=1000 windowSamples=120
LogOGDivergenceProbe: Warning: [Warning][DivergenceProbe.Window] class=RemoteProxy corrections=59 disagreed=59 ratePerMille=1000 windowSamples=120
LogOGRelayProbe: Warning: [Warning][RelayProbe.Read] window=[3373,3493] src=Prediction hit=51 miss=69 verifyFail=0 rung0=0 total=120
LogOGRelayProbe: Warning: [Warning][RelayProbe.Read] window=[3373,3493] src=Resim hit=372 miss=45 verifyFail=0 rung0=0 total=417
LogOGRelayProbe: Warning: [Warning][RelayProbe.Miss] window=[3373,3493] src=Prediction inSpan=0 aboveNewest=69 belowOldest=0 noProbeTick=0 miss=69
LogOGRelayProbe: Warning: [Warning][RelayProbe.Miss] window=[3373,3493] src=Resim inSpan=0 aboveNewest=45 belowOldest=0 noProbeTick=0 miss=45
LogOGRelayProbe: Warning: [Warning][RelayProbe.Delta] window=[3373,3493] src=Prediction n=120 p10=-1 p50=1 p90=3 min=-3 max=4 satLow=0 satHigh=0
LogOGRelayProbe: Warning: [Warning][RelayProbe.Delta] window=[3373,3493] src=Resim n=417 p10=-5 p50=-3 p90=1 min=-8 max=4 satLow=0 satHigh=0
LogOGRelayProbe: Warning: [Warning][RelayProbe.Stale] window=[3373,3493] maxConsecutiveFallbackRun=12 id=28409
LogOGResimProbe: Warning: [Warning][ResimProbe.Gate] checks=120 declined=57 requested=63 requestedPerMille=525 deepSkips=0 survivingAnchors=0
LogOGResimProbe: Warning: [Warning][ResimProbe.Chaos] requests=63 grants=63 refused=0 refusedPerMille=0 repeat=0 clamped=0 depthMin=5 depthMax=7
LogOGResimProbe: Warning: [Warning][ResimProbe.Apply] prepares=63 finishes=63 abandoned=0 stuck=0 replayTicks=450 replayOverruns=0 freshProtects=43 staleProtects=0
LogOGResimProbe: Warning: [Warning][ResimProbe.Frame] role=Client simTicks=120 frames=200 meanTicksPerFrameX100=60 p50=1 p99=1 max=1 meanFrameUs=10001
LogOGResimProbe: Warning: [Warning][ResimProbe.Frame] role=Client cadence dFrame1=40 dFrame0=0 dFrameGt1=80 discont=0 numSteps total=120 max=1 gt1=0
LogOGResimProbe: Warning: [Warning][ResimProbe.Landing] class=LocallyPredicted behind=60 atFrontier=0 discarded=0 atFrontierPerMille=0 windowSamples=120
LogOGResimProbe: Warning: [Warning][ResimProbe.Landing] class=RemoteProxy behind=60 atFrontier=0 discarded=0 atFrontierPerMille=0 windowSamples=120
LogOGDivergenceProbe: Warning: [Warning][DivergenceProbe.Window] class=LocallyPredicted corrections=60 disagreed=60 ratePerMille=1000 windowSamples=120
LogOGDivergenceProbe: Warning: [Warning][DivergenceProbe.Window] class=RemoteProxy corrections=60 disagreed=60 ratePerMille=1000 windowSamples=120
LogOGRelayProbe: Warning: [Warning][RelayProbe.Arrival] samples=120 gapCaptureTicks p50=2 p99=4 max=4 noAdvance=0 saturated=0 lostCaptureTicksX1000=8 lost=2 delivered=228 expected=230 discont=0 discontMax=0
LogOGRelayProbe: Warning: [Warning][RelayProbe.Read] window=[3493,3613] src=Prediction hit=53 miss=67 verifyFail=0 rung0=0 total=120
LogOGRelayProbe: Warning: [Warning][RelayProbe.Read] window=[3493,3613] src=Resim hit=417 miss=33 verifyFail=0 rung0=0 total=450
LogOGRelayProbe: Warning: [Warning][RelayProbe.Miss] window=[3493,3613] src=Prediction inSpan=0 aboveNewest=67 belowOldest=0 noProbeTick=0 miss=67
LogOGRelayProbe: Warning: [Warning][RelayProbe.Miss] window=[3493,3613] src=Resim inSpan=0 aboveNewest=33 belowOldest=0 noProbeTick=0 miss=33
LogOGRelayProbe: Warning: [Warning][RelayProbe.Delta] window=[3493,3613] src=Prediction n=120 p10=-1 p50=1 p90=2 min=-3 max=3 satLow=0 satHigh=0
LogOGRelayProbe: Warning: [Warning][RelayProbe.Delta] window=[3493,3613] src=Resim n=450 p10=-5 p50=-3 p90=0 min=-9 max=2 satLow=0 satHigh=0
LogOGRelayProbe: Warning: [Warning][RelayProbe.Stale] window=[3493,3613] maxConsecutiveFallbackRun=9 id=28409
LogOGResimProbe: Warning: [Warning][ResimProbe.Gate] checks=120 declined=55 requested=65 requestedPerMille=542 deepSkips=0 survivingAnchors=0
LogOGResimProbe: Warning: [Warning][ResimProbe.Chaos] requests=66 grants=66 refused=0 refusedPerMille=0 repeat=0 clamped=0 depthMin=4 depthMax=7
LogOGResimProbe: Warning: [Warning][ResimProbe.Apply] prepares=66 finishes=66 abandoned=0 stuck=0 replayTicks=455 replayOverruns=0 freshProtects=38 staleProtects=0
LogOGResimProbe: Warning: [Warning][ResimProbe.Frame] role=Client simTicks=120 frames=200 meanTicksPerFrameX100=60 p50=1 p99=1 max=1 meanFrameUs=9999
LogOGResimProbe: Warning: [Warning][ResimProbe.Frame] role=Client cadence dFrame1=40 dFrame0=0 dFrameGt1=80 discont=0 numSteps total=120 max=1 gt1=0
LogOGResimProbe: Warning: [Warning][ResimProbe.Landing] class=LocallyPredicted behind=60 atFrontier=0 discarded=0 atFrontierPerMille=0 windowSamples=120
LogOGResimProbe: Warning: [Warning][ResimProbe.Landing] class=RemoteProxy behind=60 atFrontier=0 discarded=0 atFrontierPerMille=0 windowSamples=120
LogOGDivergenceProbe: Warning: [Warning][DivergenceProbe.Window] class=LocallyPredicted corrections=60 disagreed=60 ratePerMille=1000 windowSamples=120
LogOGDivergenceProbe: Warning: [Warning][DivergenceProbe.Window] class=RemoteProxy corrections=60 disagreed=60 ratePerMille=1000 windowSamples=120
LogOGRelayProbe: Warning: [Warning][RelayProbe.Read] window=[3613,3733] src=Prediction hit=58 miss=62 verifyFail=0 rung0=0 total=120
LogOGRelayProbe: Warning: [Warning][RelayProbe.Read] window=[3613,3733] src=Resim hit=395 miss=44 verifyFail=0 rung0=0 total=439
LogOGRelayProbe: Warning: [Warning][RelayProbe.Miss] window=[3613,3733] src=Prediction inSpan=0 aboveNewest=62 belowOldest=0 noProbeTick=0 miss=62
LogOGRelayProbe: Warning: [Warning][RelayProbe.Miss] window=[3613,3733] src=Resim inSpan=4 aboveNewest=40 belowOldest=0 noProbeTick=0 miss=44
LogOGRelayProbe: Warning: [Warning][RelayProbe.Delta] window=[3613,3733] src=Prediction n=120 p10=-2 p50=1 p90=2 min=-3 max=4 satLow=0 satHigh=0
LogOGRelayProbe: Warning: [Warning][RelayProbe.Delta] window=[3613,3733] src=Resim n=439 p10=-6 p50=-3 p90=0 min=-8 max=4 satLow=0 satHigh=0
LogOGRelayProbe: Warning: [Warning][RelayProbe.Stale] window=[3613,3733] maxConsecutiveFallbackRun=8 id=28409
LogOGResimProbe: Warning: [Warning][ResimProbe.Gate] checks=120 declined=54 requested=66 requestedPerMille=550 deepSkips=0 survivingAnchors=0
LogOGResimProbe: Warning: [Warning][ResimProbe.Chaos] requests=65 grants=65 refused=0 refusedPerMille=0 repeat=0 clamped=0 depthMin=4 depthMax=7
LogOGResimProbe: Warning: [Warning][ResimProbe.Apply] prepares=65 finishes=65 abandoned=0 stuck=0 replayTicks=453 replayOverruns=0 freshProtects=35 staleProtects=0
LogOGResimProbe: Warning: [Warning][ResimProbe.Frame] role=Client simTicks=120 frames=199 meanTicksPerFrameX100=60 p50=1 p99=1 max=1 meanFrameUs=10000
LogOGResimProbe: Warning: [Warning][ResimProbe.Frame] role=Client cadence dFrame1=41 dFrame0=0 dFrameGt1=79 discont=0 numSteps total=120 max=1 gt1=0
LogOGResimProbe: Warning: [Warning][ResimProbe.Landing] class=LocallyPredicted behind=61 atFrontier=0 discarded=0 atFrontierPerMille=0 windowSamples=120
LogOGResimProbe: Warning: [Warning][ResimProbe.Landing] class=RemoteProxy behind=59 atFrontier=0 discarded=0 atFrontierPerMille=0 windowSamples=120
LogOGDivergenceProbe: Warning: [Warning][DivergenceProbe.Window] class=LocallyPredicted corrections=61 disagreed=61 ratePerMille=1000 windowSamples=120
LogOGDivergenceProbe: Warning: [Warning][DivergenceProbe.Window] class=RemoteProxy corrections=59 disagreed=59 ratePerMille=1000 windowSamples=120
LogOGRelayProbe: Warning: [Warning][RelayProbe.Arrival] samples=120 gapCaptureTicks p50=2 p99=5 max=5 noAdvance=0 saturated=0 lostCaptureTicksX1000=4 lost=1 delivered=239 expected=240 discont=0 discontMax=0
LogOGRelayProbe: Warning: [Warning][RelayProbe.Read] window=[3733,3853] src=Prediction hit=26 miss=94 verifyFail=0 rung0=0 total=120
LogOGRelayProbe: Warning: [Warning][RelayProbe.Read] window=[3733,3853] src=Resim hit=423 miss=85 verifyFail=0 rung0=0 total=508
LogOGRelayProbe: Warning: [Warning][RelayProbe.Miss] window=[3733,3853] src=Prediction inSpan=0 aboveNewest=94 belowOldest=0 noProbeTick=0 miss=94
LogOGRelayProbe: Warning: [Warning][RelayProbe.Miss] window=[3733,3853] src=Resim inSpan=0 aboveNewest=85 belowOldest=0 noProbeTick=0 miss=85
LogOGRelayProbe: Warning: [Warning][RelayProbe.Delta] window=[3733,3853] src=Prediction n=120 p10=0 p50=2 p90=3 min=-1 max=6 satLow=0 satHigh=0
LogOGRelayProbe: Warning: [Warning][RelayProbe.Delta] window=[3733,3853] src=Resim n=508 p10=-5 p50=-2 p90=1 min=-8 max=5 satLow=0 satHigh=0
LogOGRelayProbe: Warning: [Warning][RelayProbe.Stale] window=[3733,3853] maxConsecutiveFallbackRun=18 id=28409
LogOGResimProbe: Warning: [Warning][ResimProbe.Gate] checks=120 declined=53 requested=67 requestedPerMille=558 deepSkips=0 survivingAnchors=0
LogOGResimProbe: Warning: [Warning][ResimProbe.Chaos] requests=68 grants=68 refused=0 refusedPerMille=0 repeat=0 clamped=0 depthMin=5 depthMax=8
LogOGResimProbe: Warning: [Warning][ResimProbe.Apply] prepares=68 finishes=68 abandoned=0 stuck=0 replayTicks=533 replayOverruns=0 freshProtects=37 staleProtects=0
LogOGResimProbe: Warning: [Warning][ResimProbe.Frame] role=Client simTicks=120 frames=201 meanTicksPerFrameX100=59 p50=1 p99=1 max=1 meanFrameUs=9999
LogOGResimProbe: Warning: [Warning][ResimProbe.Frame] role=Client cadence dFrame1=39 dFrame0=0 dFrameGt1=81 discont=0 numSteps total=120 max=1 gt1=0
LogOGResimProbe: Warning: [Warning][ResimProbe.Landing] class=LocallyPredicted behind=60 atFrontier=0 discarded=0 atFrontierPerMille=0 windowSamples=120
LogOGResimProbe: Warning: [Warning][ResimProbe.Landing] class=RemoteProxy behind=60 atFrontier=0 discarded=0 atFrontierPerMille=0 windowSamples=120
LogOGDivergenceProbe: Warning: [Warning][DivergenceProbe.Window] class=LocallyPredicted corrections=60 disagreed=60 ratePerMille=1000 windowSamples=120
LogOGDivergenceProbe: Warning: [Warning][DivergenceProbe.Window] class=RemoteProxy corrections=60 disagreed=60 ratePerMille=1000 windowSamples=120
LogOGRelayProbe: Warning: [Warning][RelayProbe.Read] window=[3853,3973] src=Prediction hit=41 miss=79 verifyFail=0 rung0=0 total=120
LogOGRelayProbe: Warning: [Warning][RelayProbe.Read] window=[3853,3973] src=Resim hit=426 miss=53 verifyFail=0 rung0=0 total=479
LogOGRelayProbe: Warning: [Warning][RelayProbe.Miss] window=[3853,3973] src=Prediction inSpan=0 aboveNewest=79 belowOldest=0 noProbeTick=0 miss=79
LogOGRelayProbe: Warning: [Warning][RelayProbe.Miss] window=[3853,3973] src=Resim inSpan=0 aboveNewest=53 belowOldest=0 noProbeTick=0 miss=53
LogOGRelayProbe: Warning: [Warning][RelayProbe.Delta] window=[3853,3973] src=Prediction n=120 p10=-1 p50=1 p90=2 min=-2 max=4 satLow=0 satHigh=0
LogOGRelayProbe: Warning: [Warning][RelayProbe.Delta] window=[3853,3973] src=Resim n=479 p10=-6 p50=-3 p90=1 min=-8 max=3 satLow=0 satHigh=0
LogOGRelayProbe: Warning: [Warning][RelayProbe.Stale] window=[3853,3973] maxConsecutiveFallbackRun=12 id=28409
LogOGResimProbe: Warning: [Warning][ResimProbe.Gate] checks=120 declined=55 requested=65 requestedPerMille=542 deepSkips=0 survivingAnchors=0
LogOGResimProbe: Warning: [Warning][ResimProbe.Chaos] requests=65 grants=65 refused=0 refusedPerMille=0 repeat=0 clamped=0 depthMin=5 depthMax=8
LogOGResimProbe: Warning: [Warning][ResimProbe.Apply] prepares=65 finishes=65 abandoned=0 stuck=0 replayTicks=498 replayOverruns=0 freshProtects=36 staleProtects=0
LogOGResimProbe: Warning: [Warning][ResimProbe.Frame] role=Client simTicks=120 frames=199 meanTicksPerFrameX100=60 p50=1 p99=1 max=1 meanFrameUs=10000
LogOGResimProbe: Warning: [Warning][ResimProbe.Frame] role=Client cadence dFrame1=41 dFrame0=0 dFrameGt1=79 discont=0 numSteps total=120 max=1 gt1=0
LogOGResimProbe: Warning: [Warning][ResimProbe.Landing] class=LocallyPredicted behind=60 atFrontier=0 discarded=0 atFrontierPerMille=0 windowSamples=120
LogOGResimProbe: Warning: [Warning][ResimProbe.Landing] class=RemoteProxy behind=60 atFrontier=0 discarded=0 atFrontierPerMille=0 windowSamples=120
LogOGDivergenceProbe: Warning: [Warning][DivergenceProbe.Window] class=LocallyPredicted corrections=60 disagreed=60 ratePerMille=1000 windowSamples=120
LogOGDivergenceProbe: Warning: [Warning][DivergenceProbe.Window] class=RemoteProxy corrections=60 disagreed=60 ratePerMille=1000 windowSamples=120
LogOGRelayProbe: Warning: [Warning][RelayProbe.Arrival] samples=120 gapCaptureTicks p50=2 p99=4 max=4 noAdvance=0 saturated=0 lostCaptureTicksX1000=0 lost=0 delivered=225 expected=225 discont=0 discontMax=0
LogOGRelayProbe: Warning: [Warning][RelayProbe.Read] window=[3973,4093] src=Prediction hit=46 miss=74 verifyFail=0 rung0=0 total=120
LogOGRelayProbe: Warning: [Warning][RelayProbe.Read] window=[3973,4093] src=Resim hit=426 miss=44 verifyFail=0 rung0=0 total=470
LogOGRelayProbe: Warning: [Warning][RelayProbe.Miss] window=[3973,4093] src=Prediction inSpan=0 aboveNewest=74 belowOldest=0 noProbeTick=0 miss=74
LogOGRelayProbe: Warning: [Warning][RelayProbe.Miss] window=[3973,4093] src=Resim inSpan=0 aboveNewest=44 belowOldest=0 noProbeTick=0 miss=44
LogOGRelayProbe: Warning: [Warning][RelayProbe.Delta] window=[3973,4093] src=Prediction n=120 p10=-1 p50=1 p90=3 min=-2 max=4 satLow=0 satHigh=0
LogOGRelayProbe: Warning: [Warning][RelayProbe.Delta] window=[3973,4093] src=Resim n=470 p10=-6 p50=-3 p90=0 min=-8 max=3 satLow=0 satHigh=0
LogOGRelayProbe: Warning: [Warning][RelayProbe.Stale] window=[3973,4093] maxConsecutiveFallbackRun=10 id=28409
LogOGResimProbe: Warning: [Warning][ResimProbe.Gate] checks=120 declined=57 requested=63 requestedPerMille=525 deepSkips=0 survivingAnchors=0
LogOGResimProbe: Warning: [Warning][ResimProbe.Chaos] requests=62 grants=62 refused=0 refusedPerMille=0 repeat=0 clamped=0 depthMin=5 depthMax=8
LogOGResimProbe: Warning: [Warning][ResimProbe.Apply] prepares=62 finishes=62 abandoned=0 stuck=0 replayTicks=472 replayOverruns=0 freshProtects=35 staleProtects=0
LogOGResimProbe: Warning: [Warning][ResimProbe.Frame] role=Client simTicks=120 frames=200 meanTicksPerFrameX100=60 p50=1 p99=1 max=1 meanFrameUs=9999
LogOGResimProbe: Warning: [Warning][ResimProbe.Frame] role=Client cadence dFrame1=40 dFrame0=0 dFrameGt1=80 discont=0 numSteps total=120 max=1 gt1=0
LogOGResimProbe: Warning: [Warning][ResimProbe.Landing] class=LocallyPredicted behind=59 atFrontier=0 discarded=0 atFrontierPerMille=0 windowSamples=120
LogOGResimProbe: Warning: [Warning][ResimProbe.Landing] class=RemoteProxy behind=61 atFrontier=0 discarded=0 atFrontierPerMille=0 windowSamples=120
LogOGDivergenceProbe: Warning: [Warning][DivergenceProbe.Window] class=LocallyPredicted corrections=59 disagreed=59 ratePerMille=1000 windowSamples=120
LogOGDivergenceProbe: Warning: [Warning][DivergenceProbe.Window] class=RemoteProxy corrections=61 disagreed=61 ratePerMille=1000 windowSamples=120
LogOGRelayProbe: Warning: [Warning][RelayProbe.Read] window=[4093,4213] src=Prediction hit=50 miss=70 verifyFail=0 rung0=0 total=120
LogOGRelayProbe: Warning: [Warning][RelayProbe.Read] window=[4093,4213] src=Resim hit=410 miss=37 verifyFail=0 rung0=0 total=447
LogOGRelayProbe: Warning: [Warning][RelayProbe.Miss] window=[4093,4213] src=Prediction inSpan=0 aboveNewest=70 belowOldest=0 noProbeTick=0 miss=70
LogOGRelayProbe: Warning: [Warning][RelayProbe.Miss] window=[4093,4213] src=Resim inSpan=0 aboveNewest=37 belowOldest=0 noProbeTick=0 miss=37
LogOGRelayProbe: Warning: [Warning][RelayProbe.Delta] window=[4093,4213] src=Prediction n=120 p10=-1 p50=1 p90=2 min=-3 max=3 satLow=0 satHigh=0
LogOGRelayProbe: Warning: [Warning][RelayProbe.Delta] window=[4093,4213] src=Resim n=447 p10=-6 p50=-3 p90=0 min=-8 max=3 satLow=0 satHigh=0
LogOGRelayProbe: Warning: [Warning][RelayProbe.Stale] window=[4093,4213] maxConsecutiveFallbackRun=18 id=28409
LogOGResimProbe: Warning: [Warning][ResimProbe.Gate] checks=120 declined=57 requested=63 requestedPerMille=525 deepSkips=0 survivingAnchors=0
LogOGResimProbe: Warning: [Warning][ResimProbe.Chaos] requests=64 grants=64 refused=0 refusedPerMille=0 repeat=0 clamped=0 depthMin=4 depthMax=9
LogOGResimProbe: Warning: [Warning][ResimProbe.Apply] prepares=64 finishes=64 abandoned=0 stuck=0 replayTicks=486 replayOverruns=0 freshProtects=39 staleProtects=0
LogOGResimProbe: Warning: [Warning][ResimProbe.Frame] role=Client simTicks=120 frames=200 meanTicksPerFrameX100=60 p50=1 p99=1 max=1 meanFrameUs=9999
LogOGResimProbe: Warning: [Warning][ResimProbe.Frame] role=Client cadence dFrame1=40 dFrame0=0 dFrameGt1=80 discont=0 numSteps total=120 max=1 gt1=0
LogOGRelayProbe: Warning: [Warning][RelayProbe.Arrival] samples=120 gapCaptureTicks p50=2 p99=4 max=4 noAdvance=0 saturated=0 lostCaptureTicksX1000=0 lost=0 delivered=218 expected=218 discont=0 discontMax=0
LogOGResimProbe: Warning: [Warning][ResimProbe.Landing] class=LocallyPredicted behind=60 atFrontier=0 discarded=0 atFrontierPerMille=0 windowSamples=120
LogOGResimProbe: Warning: [Warning][ResimProbe.Landing] class=RemoteProxy behind=60 atFrontier=0 discarded=0 atFrontierPerMille=0 windowSamples=120
LogOGDivergenceProbe: Warning: [Warning][DivergenceProbe.Window] class=LocallyPredicted corrections=60 disagreed=60 ratePerMille=1000 windowSamples=120
LogOGDivergenceProbe: Warning: [Warning][DivergenceProbe.Window] class=RemoteProxy corrections=60 disagreed=60 ratePerMille=1000 windowSamples=120
LogOGRelayProbe: Warning: [Warning][RelayProbe.Read] window=[4213,4333] src=Prediction hit=31 miss=89 verifyFail=0 rung0=0 total=120
LogOGRelayProbe: Warning: [Warning][RelayProbe.Read] window=[4213,4333] src=Resim hit=408 miss=75 verifyFail=0 rung0=0 total=483
LogOGRelayProbe: Warning: [Warning][RelayProbe.Miss] window=[4213,4333] src=Prediction inSpan=0 aboveNewest=89 belowOldest=0 noProbeTick=0 miss=89
LogOGRelayProbe: Warning: [Warning][RelayProbe.Miss] window=[4213,4333] src=Resim inSpan=0 aboveNewest=75 belowOldest=0 noProbeTick=0 miss=75
LogOGRelayProbe: Warning: [Warning][RelayProbe.Delta] window=[4213,4333] src=Prediction n=120 p10=0 p50=1 p90=3 min=-2 max=4 satLow=0 satHigh=0
LogOGRelayProbe: Warning: [Warning][RelayProbe.Delta] window=[4213,4333] src=Resim n=483 p10=-6 p50=-2 p90=1 min=-8 max=4 satLow=0 satHigh=0
LogOGRelayProbe: Warning: [Warning][RelayProbe.Stale] window=[4213,4333] maxConsecutiveFallbackRun=15 id=28409
LogOGResimProbe: Warning: [Warning][ResimProbe.Gate] checks=120 declined=56 requested=64 requestedPerMille=533 deepSkips=0 survivingAnchors=0
LogOGResimProbe: Warning: [Warning][ResimProbe.Chaos] requests=63 grants=61 refused=2 refusedPerMille=32 repeat=2 clamped=0 depthMin=5 depthMax=10
LogOGResimProbe: Warning: [Warning][ResimProbe.Apply] prepares=61 finishes=61 abandoned=0 stuck=0 replayTicks=486 replayOverruns=0 freshProtects=38 staleProtects=0
LogOGResimProbe: Warning: [Warning][ResimProbe.Frame] role=Client simTicks=120 frames=201 meanTicksPerFrameX100=59 p50=1 p99=1 max=1 meanFrameUs=10001
LogOGResimProbe: Warning: [Warning][ResimProbe.Frame] role=Client cadence dFrame1=39 dFrame0=0 dFrameGt1=81 discont=0 numSteps total=120 max=1 gt1=0
LogOGResimProbe: Warning: [Warning][ResimProbe.Landing] class=LocallyPredicted behind=61 atFrontier=0 discarded=0 atFrontierPerMille=0 windowSamples=120
LogOGResimProbe: Warning: [Warning][ResimProbe.Landing] class=RemoteProxy behind=59 atFrontier=0 discarded=0 atFrontierPerMille=0 windowSamples=120
LogOGDivergenceProbe: Warning: [Warning][DivergenceProbe.Window] class=LocallyPredicted corrections=61 disagreed=61 ratePerMille=1000 windowSamples=120
LogOGDivergenceProbe: Warning: [Warning][DivergenceProbe.Window] class=RemoteProxy corrections=59 disagreed=59 ratePerMille=1000 windowSamples=120
LogOGRelayProbe: Warning: [Warning][RelayProbe.Read] window=[4333,4453] src=Prediction hit=41 miss=79 verifyFail=0 rung0=0 total=120
LogOGRelayProbe: Warning: [Warning][RelayProbe.Read] window=[4333,4453] src=Resim hit=428 miss=55 verifyFail=0 rung0=0 total=483
LogOGRelayProbe: Warning: [Warning][RelayProbe.Miss] window=[4333,4453] src=Prediction inSpan=0 aboveNewest=79 belowOldest=0 noProbeTick=0 miss=79
LogOGRelayProbe: Warning: [Warning][RelayProbe.Miss] window=[4333,4453] src=Resim inSpan=3 aboveNewest=52 belowOldest=0 noProbeTick=0 miss=55
LogOGRelayProbe: Warning: [Warning][RelayProbe.Delta] window=[4333,4453] src=Prediction n=120 p10=-1 p50=1 p90=2 min=-2 max=4 satLow=0 satHigh=0
LogOGRelayProbe: Warning: [Warning][RelayProbe.Delta] window=[4333,4453] src=Resim n=483 p10=-6 p50=-3 p90=1 min=-8 max=3 satLow=0 satHigh=0
LogOGRelayProbe: Warning: [Warning][RelayProbe.Stale] window=[4333,4453] maxConsecutiveFallbackRun=16 id=28409
LogOGResimProbe: Warning: [Warning][ResimProbe.Gate] checks=120 declined=54 requested=66 requestedPerMille=550 deepSkips=0 survivingAnchors=0
LogOGResimProbe: Warning: [Warning][ResimProbe.Chaos] requests=67 grants=67 refused=0 refusedPerMille=0 repeat=0 clamped=0 depthMin=5 depthMax=8
LogOGResimProbe: Warning: [Warning][ResimProbe.Apply] prepares=67 finishes=67 abandoned=0 stuck=0 replayTicks=509 replayOverruns=0 freshProtects=37 staleProtects=0
LogOGResimProbe: Warning: [Warning][ResimProbe.Frame] role=Client simTicks=120 frames=199 meanTicksPerFrameX100=60 p50=1 p99=1 max=1 meanFrameUs=9999
LogOGResimProbe: Warning: [Warning][ResimProbe.Frame] role=Client cadence dFrame1=41 dFrame0=0 dFrameGt1=79 discont=0 numSteps total=120 max=1 gt1=0
LogOGRelayProbe: Warning: [Warning][RelayProbe.Arrival] samples=120 gapCaptureTicks p50=2 p99=4 max=4 noAdvance=0 saturated=0 lostCaptureTicksX1000=4 lost=1 delivered=224 expected=225 discont=0 discontMax=0
LogOGResimProbe: Warning: [Warning][ResimProbe.Landing] class=LocallyPredicted behind=60 atFrontier=0 discarded=0 atFrontierPerMille=0 windowSamples=120
LogOGResimProbe: Warning: [Warning][ResimProbe.Landing] class=RemoteProxy behind=60 atFrontier=0 discarded=0 atFrontierPerMille=0 windowSamples=120
LogOGDivergenceProbe: Warning: [Warning][DivergenceProbe.Window] class=LocallyPredicted corrections=60 disagreed=60 ratePerMille=1000 windowSamples=120
LogOGDivergenceProbe: Warning: [Warning][DivergenceProbe.Window] class=RemoteProxy corrections=60 disagreed=60 ratePerMille=1000 windowSamples=120
LogOGRelayProbe: Warning: [Warning][RelayProbe.Read] window=[4453,4573] src=Prediction hit=53 miss=67 verifyFail=0 rung0=0 total=120
LogOGRelayProbe: Warning: [Warning][RelayProbe.Read] window=[4453,4573] src=Resim hit=436 miss=47 verifyFail=0 rung0=0 total=483
LogOGRelayProbe: Warning: [Warning][RelayProbe.Miss] window=[4453,4573] src=Prediction inSpan=0 aboveNewest=67 belowOldest=0 noProbeTick=0 miss=67
LogOGRelayProbe: Warning: [Warning][RelayProbe.Miss] window=[4453,4573] src=Resim inSpan=5 aboveNewest=42 belowOldest=0 noProbeTick=0 miss=47
LogOGRelayProbe: Warning: [Warning][RelayProbe.Delta] window=[4453,4573] src=Prediction n=120 p10=-1 p50=1 p90=2 min=-2 max=4 satLow=0 satHigh=0
LogOGRelayProbe: Warning: [Warning][RelayProbe.Delta] window=[4453,4573] src=Resim n=483 p10=-6 p50=-3 p90=0 min=-8 max=3 satLow=0 satHigh=0
LogOGRelayProbe: Warning: [Warning][RelayProbe.Stale] window=[4453,4573] maxConsecutiveFallbackRun=8 id=28409
LogOGResimProbe: Warning: [Warning][ResimProbe.Gate] checks=120 declined=52 requested=68 requestedPerMille=567 deepSkips=0 survivingAnchors=0
LogOGResimProbe: Warning: [Warning][ResimProbe.Chaos] requests=67 grants=67 refused=0 refusedPerMille=0 repeat=0 clamped=0 depthMin=5 depthMax=8
LogOGResimProbe: Warning: [Warning][ResimProbe.Apply] prepares=67 finishes=67 abandoned=0 stuck=0 replayTicks=509 replayOverruns=0 freshProtects=38 staleProtects=0
LogOGResimProbe: Warning: [Warning][ResimProbe.Frame] role=Client simTicks=120 frames=201 meanTicksPerFrameX100=59 p50=1 p99=1 max=1 meanFrameUs=10003
LogOGResimProbe: Warning: [Warning][ResimProbe.Frame] role=Client cadence dFrame1=39 dFrame0=0 dFrameGt1=81 discont=0 numSteps total=120 max=1 gt1=0
LogOGResimProbe: Warning: [Warning][ResimProbe.Landing] class=LocallyPredicted behind=60 atFrontier=0 discarded=0 atFrontierPerMille=0 windowSamples=120
LogOGResimProbe: Warning: [Warning][ResimProbe.Landing] class=RemoteProxy behind=60 atFrontier=0 discarded=0 atFrontierPerMille=0 windowSamples=120
LogOGDivergenceProbe: Warning: [Warning][DivergenceProbe.Window] class=LocallyPredicted corrections=60 disagreed=60 ratePerMille=1000 windowSamples=120
LogOGDivergenceProbe: Warning: [Warning][DivergenceProbe.Window] class=RemoteProxy corrections=60 disagreed=60 ratePerMille=1000 windowSamples=120
LogOGRelayProbe: Warning: [Warning][RelayProbe.Arrival] samples=120 gapCaptureTicks p50=2 p99=4 max=5 noAdvance=0 saturated=0 lostCaptureTicksX1000=12 lost=3 delivered=228 expected=231 discont=0 discontMax=0
LogOGRelayProbe: Warning: [Warning][RelayProbe.Read] window=[4573,4693] src=Prediction hit=58 miss=62 verifyFail=0 rung0=0 total=120
LogOGRelayProbe: Warning: [Warning][RelayProbe.Read] window=[4573,4693] src=Resim hit=396 miss=35 verifyFail=0 rung0=0 total=431
LogOGRelayProbe: Warning: [Warning][RelayProbe.Miss] window=[4573,4693] src=Prediction inSpan=1 aboveNewest=61 belowOldest=0 noProbeTick=0 miss=62
LogOGRelayProbe: Warning: [Warning][RelayProbe.Miss] window=[4573,4693] src=Resim inSpan=5 aboveNewest=30 belowOldest=0 noProbeTick=0 miss=35
LogOGRelayProbe: Warning: [Warning][RelayProbe.Delta] window=[4573,4693] src=Prediction n=120 p10=-1 p50=1 p90=2 min=-2 max=3 satLow=0 satHigh=0
LogOGRelayProbe: Warning: [Warning][RelayProbe.Delta] window=[4573,4693] src=Resim n=431 p10=-6 p50=-3 p90=0 min=-9 max=2 satLow=0 satHigh=0
LogOGRelayProbe: Warning: [Warning][RelayProbe.Stale] window=[4573,4693] maxConsecutiveFallbackRun=6 id=28409
LogOGResimProbe: Warning: [Warning][ResimProbe.Gate] checks=120 declined=56 requested=64 requestedPerMille=533 deepSkips=0 survivingAnchors=0
LogOGResimProbe: Warning: [Warning][ResimProbe.Chaos] requests=65 grants=62 refused=3 refusedPerMille=46 repeat=3 clamped=0 depthMin=4 depthMax=8
LogOGResimProbe: Warning: [Warning][ResimProbe.Apply] prepares=62 finishes=62 abandoned=0 stuck=0 replayTicks=445 replayOverruns=0 freshProtects=34 staleProtects=0
LogOGResimProbe: Warning: [Warning][ResimProbe.Frame] role=Client simTicks=120 frames=199 meanTicksPerFrameX100=60 p50=1 p99=1 max=1 meanFrameUs=9999
LogOGResimProbe: Warning: [Warning][ResimProbe.Frame] role=Client cadence dFrame1=41 dFrame0=0 dFrameGt1=79 discont=0 numSteps total=120 max=1 gt1=0
LogOGResimProbe: Warning: [Warning][ResimProbe.Landing] class=LocallyPredicted behind=61 atFrontier=0 discarded=0 atFrontierPerMille=0 windowSamples=120
LogOGResimProbe: Warning: [Warning][ResimProbe.Landing] class=RemoteProxy behind=59 atFrontier=0 discarded=0 atFrontierPerMille=0 windowSamples=120
LogOGDivergenceProbe: Warning: [Warning][DivergenceProbe.Window] class=LocallyPredicted corrections=61 disagreed=61 ratePerMille=1000 windowSamples=120
LogOGDivergenceProbe: Warning: [Warning][DivergenceProbe.Window] class=RemoteProxy corrections=59 disagreed=59 ratePerMille=1000 windowSamples=120
LogOGRelayProbe: Warning: [Warning][RelayProbe.Read] window=[4693,4813] src=Prediction hit=33 miss=87 verifyFail=0 rung0=0 total=120
LogOGRelayProbe: Warning: [Warning][RelayProbe.Read] window=[4693,4813] src=Resim hit=462 miss=74 verifyFail=0 rung0=0 total=536
LogOGRelayProbe: Warning: [Warning][RelayProbe.Miss] window=[4693,4813] src=Prediction inSpan=0 aboveNewest=87 belowOldest=0 noProbeTick=0 miss=87
LogOGRelayProbe: Warning: [Warning][RelayProbe.Miss] window=[4693,4813] src=Resim inSpan=1 aboveNewest=73 belowOldest=0 noProbeTick=0 miss=74
LogOGRelayProbe: Warning: [Warning][RelayProbe.Delta] window=[4693,4813] src=Prediction n=120 p10=-1 p50=1 p90=3 min=-2 max=5 satLow=0 satHigh=0
LogOGRelayProbe: Warning: [Warning][RelayProbe.Delta] window=[4693,4813] src=Resim n=536 p10=-6 p50=-2 p90=1 min=-8 max=4 satLow=0 satHigh=0
LogOGRelayProbe: Warning: [Warning][RelayProbe.Stale] window=[4693,4813] maxConsecutiveFallbackRun=15 id=28409
LogOGResimProbe: Warning: [Warning][ResimProbe.Gate] checks=120 declined=48 requested=72 requestedPerMille=600 deepSkips=0 survivingAnchors=0
LogOGResimProbe: Warning: [Warning][ResimProbe.Chaos] requests=72 grants=72 refused=0 refusedPerMille=0 repeat=0 clamped=0 depthMin=5 depthMax=8
LogOGResimProbe: Warning: [Warning][ResimProbe.Apply] prepares=72 finishes=72 abandoned=0 stuck=0 replayTicks=561 replayOverruns=0 freshProtects=34 staleProtects=0
LogOGResimProbe: Warning: [Warning][ResimProbe.Frame] role=Client simTicks=120 frames=200 meanTicksPerFrameX100=60 p50=1 p99=1 max=1 meanFrameUs=10000
LogOGResimProbe: Warning: [Warning][ResimProbe.Frame] role=Client cadence dFrame1=40 dFrame0=0 dFrameGt1=80 discont=0 numSteps total=120 max=1 gt1=0
LogOGResimProbe: Warning: [Warning][ResimProbe.Landing] class=LocallyPredicted behind=60 atFrontier=0 discarded=0 atFrontierPerMille=0 windowSamples=120
LogOGResimProbe: Warning: [Warning][ResimProbe.Landing] class=RemoteProxy behind=60 atFrontier=0 discarded=0 atFrontierPerMille=0 windowSamples=120
LogOGDivergenceProbe: Warning: [Warning][DivergenceProbe.Window] class=LocallyPredicted corrections=60 disagreed=60 ratePerMille=1000 windowSamples=120
LogOGDivergenceProbe: Warning: [Warning][DivergenceProbe.Window] class=RemoteProxy corrections=60 disagreed=60 ratePerMille=1000 windowSamples=120
LogOGRelayProbe: Warning: [Warning][RelayProbe.Arrival] samples=120 gapCaptureTicks p50=2 p99=4 max=4 noAdvance=0 saturated=0 lostCaptureTicksX1000=12 lost=3 delivered=233 expected=236 discont=0 discontMax=0
LogOGRelayProbe: Warning: [Warning][RelayProbe.Read] window=[4813,4933] src=Prediction hit=43 miss=77 verifyFail=0 rung0=0 total=120
LogOGRelayProbe: Warning: [Warning][RelayProbe.Read] window=[4813,4933] src=Resim hit=451 miss=60 verifyFail=0 rung0=0 total=511
LogOGRelayProbe: Warning: [Warning][RelayProbe.Miss] window=[4813,4933] src=Prediction inSpan=0 aboveNewest=77 belowOldest=0 noProbeTick=0 miss=77
LogOGRelayProbe: Warning: [Warning][RelayProbe.Miss] window=[4813,4933] src=Resim inSpan=4 aboveNewest=56 belowOldest=0 noProbeTick=0 miss=60
LogOGRelayProbe: Warning: [Warning][RelayProbe.Delta] window=[4813,4933] src=Prediction n=120 p10=-1 p50=1 p90=3 min=-2 max=5 satLow=0 satHigh=0
LogOGRelayProbe: Warning: [Warning][RelayProbe.Delta] window=[4813,4933] src=Resim n=511 p10=-6 p50=-3 p90=1 min=-8 max=3 satLow=0 satHigh=0
LogOGRelayProbe: Warning: [Warning][RelayProbe.Stale] window=[4813,4933] maxConsecutiveFallbackRun=24 id=28409
LogOGResimProbe: Warning: [Warning][ResimProbe.Gate] checks=120 declined=53 requested=67 requestedPerMille=558 deepSkips=0 survivingAnchors=0
LogOGResimProbe: Warning: [Warning][ResimProbe.Chaos] requests=66 grants=66 refused=0 refusedPerMille=0 repeat=0 clamped=0 depthMin=5 depthMax=9
LogOGResimProbe: Warning: [Warning][ResimProbe.Apply] prepares=66 finishes=66 abandoned=0 stuck=0 replayTicks=513 replayOverruns=0 freshProtects=35 staleProtects=0
LogOGResimProbe: Warning: [Warning][ResimProbe.Frame] role=Client simTicks=120 frames=200 meanTicksPerFrameX100=60 p50=1 p99=1 max=1 meanFrameUs=10000
LogOGResimProbe: Warning: [Warning][ResimProbe.Frame] role=Client cadence dFrame1=40 dFrame0=0 dFrameGt1=80 discont=0 numSteps total=120 max=1 gt1=0
LogOGResimProbe: Warning: [Warning][ResimProbe.Landing] class=LocallyPredicted behind=60 atFrontier=0 discarded=0 atFrontierPerMille=0 windowSamples=120
LogOGResimProbe: Warning: [Warning][ResimProbe.Landing] class=RemoteProxy behind=60 atFrontier=0 discarded=0 atFrontierPerMille=0 windowSamples=120
LogOGDivergenceProbe: Warning: [Warning][DivergenceProbe.Window] class=LocallyPredicted corrections=60 disagreed=60 ratePerMille=1000 windowSamples=120
LogOGDivergenceProbe: Warning: [Warning][DivergenceProbe.Window] class=RemoteProxy corrections=60 disagreed=60 ratePerMille=1000 windowSamples=120
LogOGRelayProbe: Warning: [Warning][RelayProbe.Read] window=[4933,5053] src=Prediction hit=38 miss=82 verifyFail=0 rung0=0 total=120
LogOGRelayProbe: Warning: [Warning][RelayProbe.Read] window=[4933,5053] src=Resim hit=389 miss=47 verifyFail=0 rung0=0 total=436
LogOGRelayProbe: Warning: [Warning][RelayProbe.Miss] window=[4933,5053] src=Prediction inSpan=0 aboveNewest=82 belowOldest=0 noProbeTick=0 miss=82
LogOGRelayProbe: Warning: [Warning][RelayProbe.Miss] window=[4933,5053] src=Resim inSpan=0 aboveNewest=47 belowOldest=0 noProbeTick=0 miss=47
LogOGRelayProbe: Warning: [Warning][RelayProbe.Delta] window=[4933,5053] src=Prediction n=120 p10=-1 p50=1 p90=3 min=-2 max=4 satLow=0 satHigh=0
LogOGRelayProbe: Warning: [Warning][RelayProbe.Delta] window=[4933,5053] src=Resim n=436 p10=-6 p50=-3 p90=1 min=-8 max=3 satLow=0 satHigh=0
LogOGRelayProbe: Warning: [Warning][RelayProbe.Stale] window=[4933,5053] maxConsecutiveFallbackRun=13 id=28409
LogOGResimProbe: Warning: [Warning][ResimProbe.Gate] checks=120 declined=58 requested=62 requestedPerMille=517 deepSkips=0 survivingAnchors=0
LogOGResimProbe: Warning: [Warning][ResimProbe.Chaos] requests=63 grants=60 refused=3 refusedPerMille=48 repeat=3 clamped=0 depthMin=5 depthMax=10
LogOGResimProbe: Warning: [Warning][ResimProbe.Apply] prepares=60 finishes=60 abandoned=0 stuck=0 replayTicks=453 replayOverruns=0 freshProtects=35 staleProtects=0
LogOGResimProbe: Warning: [Warning][ResimProbe.Frame] role=Client simTicks=120 frames=200 meanTicksPerFrameX100=60 p50=1 p99=1 max=1 meanFrameUs=10000
LogOGResimProbe: Warning: [Warning][ResimProbe.Frame] role=Client cadence dFrame1=40 dFrame0=0 dFrameGt1=80 discont=0 numSteps total=120 max=1 gt1=0
LogOGResimProbe: Warning: [Warning][ResimProbe.Landing] class=LocallyPredicted behind=60 atFrontier=0 discarded=0 atFrontierPerMille=0 windowSamples=120
LogOGResimProbe: Warning: [Warning][ResimProbe.Landing] class=RemoteProxy behind=60 atFrontier=0 discarded=0 atFrontierPerMille=0 windowSamples=120
LogOGDivergenceProbe: Warning: [Warning][DivergenceProbe.Window] class=LocallyPredicted corrections=60 disagreed=60 ratePerMille=1000 windowSamples=120
LogOGDivergenceProbe: Warning: [Warning][DivergenceProbe.Window] class=RemoteProxy corrections=60 disagreed=60 ratePerMille=1000 windowSamples=120
LogOGRelayProbe: Warning: [Warning][RelayProbe.Arrival] samples=120 gapCaptureTicks p50=2 p99=4 max=5 noAdvance=0 saturated=0 lostCaptureTicksX1000=0 lost=0 delivered=223 expected=223 discont=0 discontMax=0
LogOGRelayProbe: Warning: [Warning][RelayProbe.Read] window=[5053,5173] src=Prediction hit=45 miss=75 verifyFail=0 rung0=0 total=120
LogOGRelayProbe: Warning: [Warning][RelayProbe.Read] window=[5053,5173] src=Resim hit=441 miss=60 verifyFail=0 rung0=0 total=501
LogOGRelayProbe: Warning: [Warning][RelayProbe.Miss] window=[5053,5173] src=Prediction inSpan=0 aboveNewest=75 belowOldest=0 noProbeTick=0 miss=75
LogOGRelayProbe: Warning: [Warning][RelayProbe.Miss] window=[5053,5173] src=Resim inSpan=0 aboveNewest=60 belowOldest=0 noProbeTick=0 miss=60
LogOGRelayProbe: Warning: [Warning][RelayProbe.Delta] window=[5053,5173] src=Prediction n=120 p10=-1 p50=1 p90=2 min=-2 max=4 satLow=0 satHigh=0
LogOGRelayProbe: Warning: [Warning][RelayProbe.Delta] window=[5053,5173] src=Resim n=501 p10=-5 p50=-2 p90=1 min=-8 max=4 satLow=0 satHigh=0
LogOGRelayProbe: Warning: [Warning][RelayProbe.Stale] window=[5053,5173] maxConsecutiveFallbackRun=14 id=28409
LogOGResimProbe: Warning: [Warning][ResimProbe.Gate] checks=120 declined=48 requested=72 requestedPerMille=600 deepSkips=0 survivingAnchors=0
LogOGResimProbe: Warning: [Warning][ResimProbe.Chaos] requests=71 grants=71 refused=0 refusedPerMille=0 repeat=0 clamped=0 depthMin=5 depthMax=9
LogOGResimProbe: Warning: [Warning][ResimProbe.Apply] prepares=71 finishes=71 abandoned=0 stuck=0 replayTicks=520 replayOverruns=0 freshProtects=31 staleProtects=0
LogOGResimProbe: Warning: [Warning][ResimProbe.Frame] role=Client simTicks=120 frames=201 meanTicksPerFrameX100=59 p50=1 p99=1 max=1 meanFrameUs=9999
LogOGResimProbe: Warning: [Warning][ResimProbe.Frame] role=Client cadence dFrame1=39 dFrame0=0 dFrameGt1=81 discont=0 numSteps total=120 max=1 gt1=0
LogOGResimProbe: Warning: [Warning][ResimProbe.Landing] class=LocallyPredicted behind=59 atFrontier=0 discarded=0 atFrontierPerMille=0 windowSamples=120
LogOGResimProbe: Warning: [Warning][ResimProbe.Landing] class=RemoteProxy behind=61 atFrontier=0 discarded=0 atFrontierPerMille=0 windowSamples=120
LogOGDivergenceProbe: Warning: [Warning][DivergenceProbe.Window] class=LocallyPredicted corrections=59 disagreed=59 ratePerMille=1000 windowSamples=120
LogOGDivergenceProbe: Warning: [Warning][DivergenceProbe.Window] class=RemoteProxy corrections=61 disagreed=61 ratePerMille=1000 windowSamples=120
LogOGRelayProbe: Warning: [Warning][RelayProbe.Read] window=[5173,5293] src=Prediction hit=47 miss=73 verifyFail=0 rung0=0 total=120
LogOGRelayProbe: Warning: [Warning][RelayProbe.Read] window=[5173,5293] src=Resim hit=398 miss=47 verifyFail=0 rung0=0 total=445
LogOGRelayProbe: Warning: [Warning][RelayProbe.Miss] window=[5173,5293] src=Prediction inSpan=0 aboveNewest=73 belowOldest=0 noProbeTick=0 miss=73
LogOGRelayProbe: Warning: [Warning][RelayProbe.Miss] window=[5173,5293] src=Resim inSpan=0 aboveNewest=47 belowOldest=0 noProbeTick=0 miss=47
LogOGRelayProbe: Warning: [Warning][RelayProbe.Delta] window=[5173,5293] src=Prediction n=120 p10=-1 p50=1 p90=3 min=-3 max=5 satLow=0 satHigh=0
LogOGRelayProbe: Warning: [Warning][RelayProbe.Delta] window=[5173,5293] src=Resim n=445 p10=-6 p50=-3 p90=1 min=-8 max=4 satLow=0 satHigh=0
LogOGRelayProbe: Warning: [Warning][RelayProbe.Stale] window=[5173,5293] maxConsecutiveFallbackRun=13 id=28409
LogOGResimProbe: Warning: [Warning][ResimProbe.Gate] checks=120 declined=57 requested=63 requestedPerMille=525 deepSkips=0 survivingAnchors=0
LogOGResimProbe: Warning: [Warning][ResimProbe.Chaos] requests=63 grants=61 refused=2 refusedPerMille=32 repeat=2 clamped=0 depthMin=4 depthMax=8
LogOGResimProbe: Warning: [Warning][ResimProbe.Apply] prepares=61 finishes=61 abandoned=0 stuck=0 replayTicks=458 replayOverruns=0 freshProtects=36 staleProtects=0
LogOGResimProbe: Warning: [Warning][ResimProbe.Frame] role=Client simTicks=120 frames=201 meanTicksPerFrameX100=59 p50=1 p99=1 max=1 meanFrameUs=10000
LogOGResimProbe: Warning: [Warning][ResimProbe.Frame] role=Client cadence dFrame1=39 dFrame0=0 dFrameGt1=81 discont=0 numSteps total=120 max=1 gt1=0
LogOGResimProbe: Warning: [Warning][ResimProbe.Landing] class=LocallyPredicted behind=60 atFrontier=0 discarded=0 atFrontierPerMille=0 windowSamples=120
LogOGResimProbe: Warning: [Warning][ResimProbe.Landing] class=RemoteProxy behind=60 atFrontier=0 discarded=0 atFrontierPerMille=0 windowSamples=120
LogOGDivergenceProbe: Warning: [Warning][DivergenceProbe.Window] class=LocallyPredicted corrections=60 disagreed=60 ratePerMille=1000 windowSamples=120
LogOGDivergenceProbe: Warning: [Warning][DivergenceProbe.Window] class=RemoteProxy corrections=60 disagreed=60 ratePerMille=1000 windowSamples=120
LogOGRelayProbe: Warning: [Warning][RelayProbe.Arrival] samples=120 gapCaptureTicks p50=2 p99=4 max=4 noAdvance=0 saturated=0 lostCaptureTicksX1000=0 lost=0 delivered=229 expected=229 discont=0 discontMax=0
LogOGRelayProbe: Warning: [Warning][RelayProbe.Read] window=[5293,5413] src=Prediction hit=47 miss=73 verifyFail=0 rung0=0 total=120
LogOGRelayProbe: Warning: [Warning][RelayProbe.Read] window=[5293,5413] src=Resim hit=404 miss=45 verifyFail=0 rung0=0 total=449
LogOGRelayProbe: Warning: [Warning][RelayProbe.Miss] window=[5293,5413] src=Prediction inSpan=0 aboveNewest=73 belowOldest=0 noProbeTick=0 miss=73
LogOGRelayProbe: Warning: [Warning][RelayProbe.Miss] window=[5293,5413] src=Resim inSpan=0 aboveNewest=45 belowOldest=0 noProbeTick=0 miss=45
LogOGRelayProbe: Warning: [Warning][RelayProbe.Delta] window=[5293,5413] src=Prediction n=120 p10=-1 p50=1 p90=3 min=-2 max=4 satLow=0 satHigh=0
LogOGRelayProbe: Warning: [Warning][RelayProbe.Delta] window=[5293,5413] src=Resim n=449 p10=-6 p50=-3 p90=1 min=-7 max=3 satLow=0 satHigh=0
LogOGRelayProbe: Warning: [Warning][RelayProbe.Stale] window=[5293,5413] maxConsecutiveFallbackRun=8 id=28409
LogOGResimProbe: Warning: [Warning][ResimProbe.Gate] checks=120 declined=55 requested=65 requestedPerMille=542 deepSkips=0 survivingAnchors=0
LogOGResimProbe: Warning: [Warning][ResimProbe.Chaos] requests=66 grants=66 refused=0 refusedPerMille=0 repeat=0 clamped=0 depthMin=5 depthMax=8
LogOGResimProbe: Warning: [Warning][ResimProbe.Apply] prepares=66 finishes=66 abandoned=0 stuck=0 replayTicks=476 replayOverruns=0 freshProtects=38 staleProtects=0
LogOGResimProbe: Warning: [Warning][ResimProbe.Frame] role=Client simTicks=120 frames=199 meanTicksPerFrameX100=60 p50=1 p99=1 max=1 meanFrameUs=10000
LogOGResimProbe: Warning: [Warning][ResimProbe.Frame] role=Client cadence dFrame1=41 dFrame0=0 dFrameGt1=79 discont=0 numSteps total=120 max=1 gt1=0
LogOGResimProbe: Warning: [Warning][ResimProbe.Landing] class=LocallyPredicted behind=61 atFrontier=0 discarded=0 atFrontierPerMille=0 windowSamples=120
LogOGResimProbe: Warning: [Warning][ResimProbe.Landing] class=RemoteProxy behind=59 atFrontier=0 discarded=0 atFrontierPerMille=0 windowSamples=120
LogOGDivergenceProbe: Warning: [Warning][DivergenceProbe.Window] class=LocallyPredicted corrections=61 disagreed=61 ratePerMille=1000 windowSamples=120
LogOGDivergenceProbe: Warning: [Warning][DivergenceProbe.Window] class=RemoteProxy corrections=59 disagreed=59 ratePerMille=1000 windowSamples=120
LogOGRelayProbe: Warning: [Warning][RelayProbe.Read] window=[5413,5533] src=Prediction hit=68 miss=52 verifyFail=0 rung0=0 total=120
LogOGRelayProbe: Warning: [Warning][RelayProbe.Read] window=[5413,5533] src=Resim hit=405 miss=44 verifyFail=0 rung0=0 total=449
LogOGRelayProbe: Warning: [Warning][RelayProbe.Miss] window=[5413,5533] src=Prediction inSpan=1 aboveNewest=51 belowOldest=0 noProbeTick=0 miss=52
LogOGRelayProbe: Warning: [Warning][RelayProbe.Miss] window=[5413,5533] src=Resim inSpan=7 aboveNewest=37 belowOldest=0 noProbeTick=0 miss=44
LogOGRelayProbe: Warning: [Warning][RelayProbe.Delta] window=[5413,5533] src=Prediction n=120 p10=-2 p50=0 p90=2 min=-3 max=4 satLow=0 satHigh=0
LogOGRelayProbe: Warning: [Warning][RelayProbe.Delta] window=[5413,5533] src=Resim n=449 p10=-6 p50=-3 p90=0 min=-8 max=3 satLow=0 satHigh=0
LogOGRelayProbe: Warning: [Warning][RelayProbe.Stale] window=[5413,5533] maxConsecutiveFallbackRun=7 id=28409
LogOGResimProbe: Warning: [Warning][ResimProbe.Gate] checks=120 declined=54 requested=66 requestedPerMille=550 deepSkips=0 survivingAnchors=0
LogOGResimProbe: Warning: [Warning][ResimProbe.Chaos] requests=65 grants=65 refused=0 refusedPerMille=0 repeat=0 clamped=0 depthMin=4 depthMax=8
LogOGResimProbe: Warning: [Warning][ResimProbe.Apply] prepares=65 finishes=65 abandoned=0 stuck=0 replayTicks=459 replayOverruns=0 freshProtects=35 staleProtects=0
LogOGResimProbe: Warning: [Warning][ResimProbe.Frame] role=Client simTicks=120 frames=200 meanTicksPerFrameX100=60 p50=1 p99=1 max=1 meanFrameUs=10000
LogOGResimProbe: Warning: [Warning][ResimProbe.Frame] role=Client cadence dFrame1=40 dFrame0=0 dFrameGt1=80 discont=0 numSteps total=120 max=1 gt1=0
LogOGResimProbe: Warning: [Warning][ResimProbe.Landing] class=LocallyPredicted behind=60 atFrontier=0 discarded=0 atFrontierPerMille=0 windowSamples=120
LogOGResimProbe: Warning: [Warning][ResimProbe.Landing] class=RemoteProxy behind=60 atFrontier=0 discarded=0 atFrontierPerMille=0 windowSamples=120
LogOGDivergenceProbe: Warning: [Warning][DivergenceProbe.Window] class=LocallyPredicted corrections=60 disagreed=60 ratePerMille=1000 windowSamples=120
LogOGDivergenceProbe: Warning: [Warning][DivergenceProbe.Window] class=RemoteProxy corrections=60 disagreed=60 ratePerMille=1000 windowSamples=120
LogOGRelayProbe: Warning: [Warning][RelayProbe.Arrival] samples=120 gapCaptureTicks p50=2 p99=4 max=5 noAdvance=0 saturated=0 lostCaptureTicksX1000=8 lost=2 delivered=231 expected=233 discont=0 discontMax=0
LogOGRelayProbe: Warning: [Warning][RelayProbe.Read] window=[5533,5653] src=Prediction hit=53 miss=67 verifyFail=0 rung0=0 total=120
LogOGRelayProbe: Warning: [Warning][RelayProbe.Read] window=[5533,5653] src=Resim hit=402 miss=40 verifyFail=0 rung0=0 total=442
LogOGRelayProbe: Warning: [Warning][RelayProbe.Miss] window=[5533,5653] src=Prediction inSpan=0 aboveNewest=67 belowOldest=0 noProbeTick=0 miss=67
LogOGRelayProbe: Warning: [Warning][RelayProbe.Miss] window=[5533,5653] src=Resim inSpan=0 aboveNewest=40 belowOldest=0 noProbeTick=0 miss=40
LogOGRelayProbe: Warning: [Warning][RelayProbe.Delta] window=[5533,5653] src=Prediction n=120 p10=-1 p50=1 p90=2 min=-2 max=3 satLow=0 satHigh=0
LogOGRelayProbe: Warning: [Warning][RelayProbe.Delta] window=[5533,5653] src=Resim n=442 p10=-6 p50=-3 p90=0 min=-8 max=3 satLow=0 satHigh=0
LogOGRelayProbe: Warning: [Warning][RelayProbe.Stale] window=[5533,5653] maxConsecutiveFallbackRun=9 id=28409
LogOGResimProbe: Warning: [Warning][ResimProbe.Gate] checks=120 declined=58 requested=62 requestedPerMille=517 deepSkips=0 survivingAnchors=0
LogOGResimProbe: Warning: [Warning][ResimProbe.Chaos] requests=63 grants=63 refused=0 refusedPerMille=0 repeat=0 clamped=0 depthMin=5 depthMax=8
LogOGResimProbe: Warning: [Warning][ResimProbe.Apply] prepares=63 finishes=63 abandoned=0 stuck=0 replayTicks=462 replayOverruns=0 freshProtects=40 staleProtects=0
LogOGResimProbe: Warning: [Warning][ResimProbe.Frame] role=Client simTicks=120 frames=201 meanTicksPerFrameX100=59 p50=1 p99=1 max=1 meanFrameUs=10001
LogOGResimProbe: Warning: [Warning][ResimProbe.Frame] role=Client cadence dFrame1=39 dFrame0=0 dFrameGt1=81 discont=0 numSteps total=120 max=1 gt1=0
LogOGResimProbe: Warning: [Warning][ResimProbe.Landing] class=LocallyPredicted behind=60 atFrontier=0 discarded=0 atFrontierPerMille=0 windowSamples=120
LogOGResimProbe: Warning: [Warning][ResimProbe.Landing] class=RemoteProxy behind=60 atFrontier=0 discarded=0 atFrontierPerMille=0 windowSamples=120
LogOGDivergenceProbe: Warning: [Warning][DivergenceProbe.Window] class=LocallyPredicted corrections=60 disagreed=60 ratePerMille=1000 windowSamples=120
LogOGDivergenceProbe: Warning: [Warning][DivergenceProbe.Window] class=RemoteProxy corrections=60 disagreed=60 ratePerMille=1000 windowSamples=120
LogOGRelayProbe: Warning: [Warning][RelayProbe.Read] window=[5653,5773] src=Prediction hit=56 miss=64 verifyFail=0 rung0=0 total=120
LogOGRelayProbe: Warning: [Warning][RelayProbe.Read] window=[5653,5773] src=Resim hit=423 miss=37 verifyFail=0 rung0=0 total=460
LogOGRelayProbe: Warning: [Warning][RelayProbe.Miss] window=[5653,5773] src=Prediction inSpan=0 aboveNewest=64 belowOldest=0 noProbeTick=0 miss=64
LogOGRelayProbe: Warning: [Warning][RelayProbe.Miss] window=[5653,5773] src=Resim inSpan=0 aboveNewest=37 belowOldest=0 noProbeTick=0 miss=37
LogOGRelayProbe: Warning: [Warning][RelayProbe.Delta] window=[5653,5773] src=Prediction n=120 p10=-1 p50=1 p90=2 min=-2 max=4 satLow=0 satHigh=0
LogOGRelayProbe: Warning: [Warning][RelayProbe.Delta] window=[5653,5773] src=Resim n=460 p10=-6 p50=-3 p90=0 min=-8 max=3 satLow=0 satHigh=0
LogOGRelayProbe: Warning: [Warning][RelayProbe.Stale] window=[5653,5773] maxConsecutiveFallbackRun=9 id=28409
LogOGResimProbe: Warning: [Warning][ResimProbe.Gate] checks=120 declined=51 requested=69 requestedPerMille=575 deepSkips=0 survivingAnchors=0
LogOGResimProbe: Warning: [Warning][ResimProbe.Chaos] requests=69 grants=69 refused=0 refusedPerMille=0 repeat=0 clamped=0 depthMin=4 depthMax=7
LogOGResimProbe: Warning: [Warning][ResimProbe.Apply] prepares=69 finishes=69 abandoned=0 stuck=0 replayTicks=474 replayOverruns=0 freshProtects=37 staleProtects=0
LogOGResimProbe: Warning: [Warning][ResimProbe.Frame] role=Client simTicks=120 frames=199 meanTicksPerFrameX100=60 p50=1 p99=1 max=1 meanFrameUs=9999
LogOGResimProbe: Warning: [Warning][ResimProbe.Frame] role=Client cadence dFrame1=41 dFrame0=0 dFrameGt1=79 discont=0 numSteps total=120 max=1 gt1=0
LogOGResimProbe: Warning: [Warning][ResimProbe.Landing] class=LocallyPredicted behind=60 atFrontier=0 discarded=0 atFrontierPerMille=0 windowSamples=120
LogOGResimProbe: Warning: [Warning][ResimProbe.Landing] class=RemoteProxy behind=60 atFrontier=0 discarded=0 atFrontierPerMille=0 windowSamples=120
LogOGDivergenceProbe: Warning: [Warning][DivergenceProbe.Window] class=LocallyPredicted corrections=60 disagreed=60 ratePerMille=1000 windowSamples=120
LogOGDivergenceProbe: Warning: [Warning][DivergenceProbe.Window] class=RemoteProxy corrections=60 disagreed=60 ratePerMille=1000 windowSamples=120
LogOGRelayProbe: Warning: [Warning][RelayProbe.Arrival] samples=120 gapCaptureTicks p50=2 p99=4 max=5 noAdvance=0 saturated=0 lostCaptureTicksX1000=0 lost=0 delivered=229 expected=229 discont=0 discontMax=0
LogOGRelayProbe: Warning: [Warning][RelayProbe.Read] window=[5773,5893] src=Prediction hit=68 miss=52 verifyFail=0 rung0=0 total=120
LogOGRelayProbe: Warning: [Warning][RelayProbe.Read] window=[5773,5893] src=Resim hit=402 miss=27 verifyFail=0 rung0=0 total=429
LogOGRelayProbe: Warning: [Warning][RelayProbe.Miss] window=[5773,5893] src=Prediction inSpan=0 aboveNewest=52 belowOldest=0 noProbeTick=0 miss=52
LogOGRelayProbe: Warning: [Warning][RelayProbe.Miss] window=[5773,5893] src=Resim inSpan=0 aboveNewest=27 belowOldest=0 noProbeTick=0 miss=27
LogOGRelayProbe: Warning: [Warning][RelayProbe.Delta] window=[5773,5893] src=Prediction n=120 p10=-1 p50=0 p90=2 min=-3 max=4 satLow=0 satHigh=0
LogOGRelayProbe: Warning: [Warning][RelayProbe.Delta] window=[5773,5893] src=Resim n=429 p10=-6 p50=-3 p90=0 min=-8 max=3 satLow=0 satHigh=0
LogOGRelayProbe: Warning: [Warning][RelayProbe.Stale] window=[5773,5893] maxConsecutiveFallbackRun=5 id=28409
LogOGResimProbe: Warning: [Warning][ResimProbe.Gate] checks=120 declined=58 requested=62 requestedPerMille=517 deepSkips=0 survivingAnchors=0
LogOGResimProbe: Warning: [Warning][ResimProbe.Chaos] requests=62 grants=62 refused=0 refusedPerMille=0 repeat=0 clamped=0 depthMin=4 depthMax=8
LogOGResimProbe: Warning: [Warning][ResimProbe.Apply] prepares=62 finishes=62 abandoned=0 stuck=0 replayTicks=440 replayOverruns=0 freshProtects=34 staleProtects=0
LogOGResimProbe: Warning: [Warning][ResimProbe.Frame] role=Client simTicks=120 frames=200 meanTicksPerFrameX100=60 p50=1 p99=1 max=1 meanFrameUs=10000
LogOGResimProbe: Warning: [Warning][ResimProbe.Frame] role=Client cadence dFrame1=40 dFrame0=0 dFrameGt1=80 discont=0 numSteps total=120 max=1 gt1=0
LogOGResimProbe: Warning: [Warning][ResimProbe.Landing] class=LocallyPredicted behind=61 atFrontier=0 discarded=0 atFrontierPerMille=0 windowSamples=120
LogOGResimProbe: Warning: [Warning][ResimProbe.Landing] class=RemoteProxy behind=59 atFrontier=0 discarded=0 atFrontierPerMille=0 windowSamples=120
LogOGDivergenceProbe: Warning: [Warning][DivergenceProbe.Window] class=LocallyPredicted corrections=61 disagreed=61 ratePerMille=1000 windowSamples=120
LogOGDivergenceProbe: Warning: [Warning][DivergenceProbe.Window] class=RemoteProxy corrections=59 disagreed=59 ratePerMille=1000 windowSamples=120
LogOGRelayProbe: Warning: [Warning][RelayProbe.Read] window=[5893,6013] src=Prediction hit=63 miss=57 verifyFail=0 rung0=0 total=120
LogOGRelayProbe: Warning: [Warning][RelayProbe.Read] window=[5893,6013] src=Resim hit=406 miss=26 verifyFail=0 rung0=0 total=432
LogOGRelayProbe: Warning: [Warning][RelayProbe.Miss] window=[5893,6013] src=Prediction inSpan=0 aboveNewest=57 belowOldest=0 noProbeTick=0 miss=57
LogOGRelayProbe: Warning: [Warning][RelayProbe.Miss] window=[5893,6013] src=Resim inSpan=4 aboveNewest=22 belowOldest=0 noProbeTick=0 miss=26
LogOGRelayProbe: Warning: [Warning][RelayProbe.Delta] window=[5893,6013] src=Prediction n=120 p10=-1 p50=0 p90=2 min=-4 max=3 satLow=0 satHigh=0
LogOGRelayProbe: Warning: [Warning][RelayProbe.Delta] window=[5893,6013] src=Resim n=432 p10=-6 p50=-3 p90=0 min=-9 max=2 satLow=0 satHigh=0
LogOGRelayProbe: Warning: [Warning][RelayProbe.Stale] window=[5893,6013] maxConsecutiveFallbackRun=7 id=28409
LogOGResimProbe: Warning: [Warning][ResimProbe.Gate] checks=120 declined=54 requested=66 requestedPerMille=550 deepSkips=0 survivingAnchors=0
LogOGResimProbe: Warning: [Warning][ResimProbe.Chaos] requests=65 grants=65 refused=0 refusedPerMille=0 repeat=0 clamped=0 depthMin=5 depthMax=8
LogOGResimProbe: Warning: [Warning][ResimProbe.Apply] prepares=65 finishes=65 abandoned=0 stuck=0 replayTicks=467 replayOverruns=0 freshProtects=36 staleProtects=0
LogOGResimProbe: Warning: [Warning][ResimProbe.Frame] role=Client simTicks=120 frames=201 meanTicksPerFrameX100=59 p50=1 p99=1 max=1 meanFrameUs=9999
LogOGResimProbe: Warning: [Warning][ResimProbe.Frame] role=Client cadence dFrame1=39 dFrame0=0 dFrameGt1=81 discont=0 numSteps total=120 max=1 gt1=0
LogOGResimProbe: Warning: [Warning][ResimProbe.Landing] class=LocallyPredicted behind=60 atFrontier=0 discarded=0 atFrontierPerMille=0 windowSamples=120
LogOGResimProbe: Warning: [Warning][ResimProbe.Landing] class=RemoteProxy behind=60 atFrontier=0 discarded=0 atFrontierPerMille=0 windowSamples=120
LogOGDivergenceProbe: Warning: [Warning][DivergenceProbe.Window] class=LocallyPredicted corrections=60 disagreed=60 ratePerMille=1000 windowSamples=120
LogOGDivergenceProbe: Warning: [Warning][DivergenceProbe.Window] class=RemoteProxy corrections=60 disagreed=60 ratePerMille=1000 windowSamples=120
LogOGRelayProbe: Warning: [Warning][RelayProbe.Arrival] samples=120 gapCaptureTicks p50=2 p99=4 max=5 noAdvance=0 saturated=0 lostCaptureTicksX1000=8 lost=2 delivered=231 expected=233 discont=0 discontMax=0
LogOGRelayProbe: Warning: [Warning][RelayProbe.Read] window=[6013,6133] src=Prediction hit=49 miss=71 verifyFail=0 rung0=0 total=120
LogOGRelayProbe: Warning: [Warning][RelayProbe.Read] window=[6013,6133] src=Resim hit=418 miss=54 verifyFail=0 rung0=0 total=472
LogOGRelayProbe: Warning: [Warning][RelayProbe.Miss] window=[6013,6133] src=Prediction inSpan=0 aboveNewest=71 belowOldest=0 noProbeTick=0 miss=71
LogOGRelayProbe: Warning: [Warning][RelayProbe.Miss] window=[6013,6133] src=Resim inSpan=0 aboveNewest=54 belowOldest=0 noProbeTick=0 miss=54
LogOGRelayProbe: Warning: [Warning][RelayProbe.Delta] window=[6013,6133] src=Prediction n=120 p10=-2 p50=1 p90=3 min=-3 max=4 satLow=0 satHigh=0
LogOGRelayProbe: Warning: [Warning][RelayProbe.Delta] window=[6013,6133] src=Resim n=472 p10=-6 p50=-3 p90=1 min=-8 max=4 satLow=0 satHigh=0
LogOGRelayProbe: Warning: [Warning][RelayProbe.Stale] window=[6013,6133] maxConsecutiveFallbackRun=13 id=28409
LogOGResimProbe: Warning: [Warning][ResimProbe.Gate] checks=120 declined=57 requested=63 requestedPerMille=525 deepSkips=0 survivingAnchors=0
LogOGResimProbe: Warning: [Warning][ResimProbe.Chaos] requests=63 grants=63 refused=0 refusedPerMille=0 repeat=0 clamped=0 depthMin=4 depthMax=8
LogOGResimProbe: Warning: [Warning][ResimProbe.Apply] prepares=63 finishes=63 abandoned=0 stuck=0 replayTicks=471 replayOverruns=0 freshProtects=34 staleProtects=0
LogOGResimProbe: Warning: [Warning][ResimProbe.Frame] role=Client simTicks=120 frames=199 meanTicksPerFrameX100=60 p50=1 p99=1 max=1 meanFrameUs=10000
LogOGResimProbe: Warning: [Warning][ResimProbe.Frame] role=Client cadence dFrame1=41 dFrame0=0 dFrameGt1=79 discont=0 numSteps total=120 max=1 gt1=0
LogOGResimProbe: Warning: [Warning][ResimProbe.Landing] class=LocallyPredicted behind=61 atFrontier=0 discarded=0 atFrontierPerMille=0 windowSamples=120
LogOGResimProbe: Warning: [Warning][ResimProbe.Landing] class=RemoteProxy behind=59 atFrontier=0 discarded=0 atFrontierPerMille=0 windowSamples=120
LogOGDivergenceProbe: Warning: [Warning][DivergenceProbe.Window] class=LocallyPredicted corrections=61 disagreed=61 ratePerMille=1000 windowSamples=120
LogOGDivergenceProbe: Warning: [Warning][DivergenceProbe.Window] class=RemoteProxy corrections=59 disagreed=59 ratePerMille=1000 windowSamples=120
LogOGRelayProbe: Warning: [Warning][RelayProbe.Read] window=[6133,6253] src=Prediction hit=48 miss=72 verifyFail=0 rung0=0 total=120
LogOGRelayProbe: Warning: [Warning][RelayProbe.Read] window=[6133,6253] src=Resim hit=375 miss=63 verifyFail=0 rung0=0 total=438
LogOGRelayProbe: Warning: [Warning][RelayProbe.Miss] window=[6133,6253] src=Prediction inSpan=0 aboveNewest=72 belowOldest=0 noProbeTick=0 miss=72
LogOGRelayProbe: Warning: [Warning][RelayProbe.Miss] window=[6133,6253] src=Resim inSpan=3 aboveNewest=60 belowOldest=0 noProbeTick=0 miss=63
LogOGRelayProbe: Warning: [Warning][RelayProbe.Delta] window=[6133,6253] src=Prediction n=120 p10=-1 p50=1 p90=3 min=-3 max=5 satLow=0 satHigh=0
LogOGRelayProbe: Warning: [Warning][RelayProbe.Delta] window=[6133,6253] src=Resim n=438 p10=-6 p50=-2 p90=1 min=-9 max=4 satLow=0 satHigh=0
LogOGRelayProbe: Warning: [Warning][RelayProbe.Stale] window=[6133,6253] maxConsecutiveFallbackRun=23 id=28409
LogOGResimProbe: Warning: [Warning][ResimProbe.Gate] checks=120 declined=53 requested=67 requestedPerMille=558 deepSkips=0 survivingAnchors=0
LogOGResimProbe: Warning: [Warning][ResimProbe.Chaos] requests=68 grants=65 refused=3 refusedPerMille=44 repeat=3 clamped=0 depthMin=4 depthMax=8
LogOGResimProbe: Warning: [Warning][ResimProbe.Apply] prepares=65 finishes=65 abandoned=0 stuck=0 replayTicks=475 replayOverruns=0 freshProtects=40 staleProtects=0
LogOGResimProbe: Warning: [Warning][ResimProbe.Frame] role=Client simTicks=120 frames=200 meanTicksPerFrameX100=60 p50=1 p99=1 max=1 meanFrameUs=9999
LogOGResimProbe: Warning: [Warning][ResimProbe.Frame] role=Client cadence dFrame1=40 dFrame0=0 dFrameGt1=80 discont=0 numSteps total=120 max=1 gt1=0
LogOGRelayProbe: Warning: [Warning][RelayProbe.Arrival] samples=120 gapCaptureTicks p50=2 p99=4 max=5 noAdvance=0 saturated=0 lostCaptureTicksX1000=4 lost=1 delivered=216 expected=217 discont=0 discontMax=0
LogOGResimProbe: Warning: [Warning][ResimProbe.Landing] class=LocallyPredicted behind=60 atFrontier=0 discarded=0 atFrontierPerMille=0 windowSamples=120
LogOGResimProbe: Warning: [Warning][ResimProbe.Landing] class=RemoteProxy behind=60 atFrontier=0 discarded=0 atFrontierPerMille=0 windowSamples=120
LogOGDivergenceProbe: Warning: [Warning][DivergenceProbe.Window] class=LocallyPredicted corrections=60 disagreed=60 ratePerMille=1000 windowSamples=120
LogOGDivergenceProbe: Warning: [Warning][DivergenceProbe.Window] class=RemoteProxy corrections=60 disagreed=60 ratePerMille=1000 windowSamples=120
LogOGRelayProbe: Warning: [Warning][RelayProbe.Read] window=[6253,6373] src=Prediction hit=33 miss=87 verifyFail=0 rung0=0 total=120
LogOGRelayProbe: Warning: [Warning][RelayProbe.Read] window=[6253,6373] src=Resim hit=391 miss=54 verifyFail=0 rung0=0 total=445
LogOGRelayProbe: Warning: [Warning][RelayProbe.Miss] window=[6253,6373] src=Prediction inSpan=0 aboveNewest=87 belowOldest=0 noProbeTick=0 miss=87
LogOGRelayProbe: Warning: [Warning][RelayProbe.Miss] window=[6253,6373] src=Resim inSpan=0 aboveNewest=54 belowOldest=0 noProbeTick=0 miss=54
LogOGRelayProbe: Warning: [Warning][RelayProbe.Delta] window=[6253,6373] src=Prediction n=120 p10=0 p50=1 p90=3 min=-2 max=4 satLow=0 satHigh=0
LogOGRelayProbe: Warning: [Warning][RelayProbe.Delta] window=[6253,6373] src=Resim n=445 p10=-5 p50=-2 p90=1 min=-8 max=3 satLow=0 satHigh=0
LogOGRelayProbe: Warning: [Warning][RelayProbe.Stale] window=[6253,6373] maxConsecutiveFallbackRun=15 id=28409
LogOGResimProbe: Warning: [Warning][ResimProbe.Gate] checks=120 declined=59 requested=61 requestedPerMille=508 deepSkips=0 survivingAnchors=0
LogOGResimProbe: Warning: [Warning][ResimProbe.Chaos] requests=61 grants=61 refused=0 refusedPerMille=0 repeat=0 clamped=0 depthMin=5 depthMax=8
LogOGResimProbe: Warning: [Warning][ResimProbe.Apply] prepares=61 finishes=61 abandoned=0 stuck=0 replayTicks=448 replayOverruns=0 freshProtects=40 staleProtects=0
LogOGResimProbe: Warning: [Warning][ResimProbe.Frame] role=Client simTicks=120 frames=199 meanTicksPerFrameX100=60 p50=1 p99=1 max=1 meanFrameUs=10000
LogOGResimProbe: Warning: [Warning][ResimProbe.Frame] role=Client cadence dFrame1=41 dFrame0=0 dFrameGt1=79 discont=0 numSteps total=120 max=1 gt1=0
LogOGResimProbe: Warning: [Warning][ResimProbe.Landing] class=LocallyPredicted behind=59 atFrontier=0 discarded=0 atFrontierPerMille=0 windowSamples=120
LogOGResimProbe: Warning: [Warning][ResimProbe.Landing] class=RemoteProxy behind=61 atFrontier=0 discarded=0 atFrontierPerMille=0 windowSamples=120
LogOGDivergenceProbe: Warning: [Warning][DivergenceProbe.Window] class=LocallyPredicted corrections=59 disagreed=59 ratePerMille=1000 windowSamples=120
LogOGDivergenceProbe: Warning: [Warning][DivergenceProbe.Window] class=RemoteProxy corrections=61 disagreed=61 ratePerMille=1000 windowSamples=120
LogOGRelayProbe: Warning: [Warning][RelayProbe.Read] window=[6373,6493] src=Prediction hit=33 miss=87 verifyFail=0 rung0=0 total=120
LogOGRelayProbe: Warning: [Warning][RelayProbe.Read] window=[6373,6493] src=Resim hit=420 miss=63 verifyFail=0 rung0=0 total=483
LogOGRelayProbe: Warning: [Warning][RelayProbe.Miss] window=[6373,6493] src=Prediction inSpan=0 aboveNewest=87 belowOldest=0 noProbeTick=0 miss=87
LogOGRelayProbe: Warning: [Warning][RelayProbe.Miss] window=[6373,6493] src=Resim inSpan=0 aboveNewest=63 belowOldest=0 noProbeTick=0 miss=63
LogOGRelayProbe: Warning: [Warning][RelayProbe.Delta] window=[6373,6493] src=Prediction n=120 p10=0 p50=1 p90=3 min=-2 max=4 satLow=0 satHigh=0
LogOGRelayProbe: Warning: [Warning][RelayProbe.Delta] window=[6373,6493] src=Resim n=483 p10=-6 p50=-2 p90=1 min=-8 max=3 satLow=0 satHigh=0
LogOGRelayProbe: Warning: [Warning][RelayProbe.Stale] window=[6373,6493] maxConsecutiveFallbackRun=10 id=28409
LogOGResimProbe: Warning: [Warning][ResimProbe.Gate] checks=120 declined=55 requested=65 requestedPerMille=542 deepSkips=0 survivingAnchors=0
LogOGResimProbe: Warning: [Warning][ResimProbe.Chaos] requests=65 grants=65 refused=0 refusedPerMille=0 repeat=0 clamped=0 depthMin=5 depthMax=9
LogOGResimProbe: Warning: [Warning][ResimProbe.Apply] prepares=65 finishes=65 abandoned=0 stuck=0 replayTicks=509 replayOverruns=0 freshProtects=35 staleProtects=0
LogOGResimProbe: Warning: [Warning][ResimProbe.Frame] role=Client simTicks=120 frames=200 meanTicksPerFrameX100=60 p50=1 p99=1 max=1 meanFrameUs=10000
LogOGResimProbe: Warning: [Warning][ResimProbe.Frame] role=Client cadence dFrame1=40 dFrame0=0 dFrameGt1=80 discont=0 numSteps total=120 max=1 gt1=0
LogOGRelayProbe: Warning: [Warning][RelayProbe.Arrival] samples=120 gapCaptureTicks p50=2 p99=4 max=5 noAdvance=0 saturated=0 lostCaptureTicksX1000=0 lost=0 delivered=232 expected=232 discont=0 discontMax=0
LogOGResimProbe: Warning: [Warning][ResimProbe.Landing] class=LocallyPredicted behind=61 atFrontier=0 discarded=0 atFrontierPerMille=0 windowSamples=120
LogOGResimProbe: Warning: [Warning][ResimProbe.Landing] class=RemoteProxy behind=59 atFrontier=0 discarded=0 atFrontierPerMille=0 windowSamples=120
LogOGDivergenceProbe: Warning: [Warning][DivergenceProbe.Window] class=LocallyPredicted corrections=61 disagreed=61 ratePerMille=1000 windowSamples=120
LogOGDivergenceProbe: Warning: [Warning][DivergenceProbe.Window] class=RemoteProxy corrections=59 disagreed=59 ratePerMille=1000 windowSamples=120
LogOGRelayProbe: Warning: [Warning][RelayProbe.Read] window=[6493,6613] src=Prediction hit=55 miss=65 verifyFail=0 rung0=0 total=120
LogOGRelayProbe: Warning: [Warning][RelayProbe.Read] window=[6493,6613] src=Resim hit=443 miss=38 verifyFail=0 rung0=0 total=481
LogOGRelayProbe: Warning: [Warning][RelayProbe.Miss] window=[6493,6613] src=Prediction inSpan=0 aboveNewest=65 belowOldest=0 noProbeTick=0 miss=65
LogOGRelayProbe: Warning: [Warning][RelayProbe.Miss] window=[6493,6613] src=Resim inSpan=0 aboveNewest=38 belowOldest=0 noProbeTick=0 miss=38
LogOGRelayProbe: Warning: [Warning][RelayProbe.Delta] window=[6493,6613] src=Prediction n=120 p10=-1 p50=1 p90=2 min=-1 max=4 satLow=0 satHigh=0
LogOGRelayProbe: Warning: [Warning][RelayProbe.Delta] window=[6493,6613] src=Resim n=481 p10=-6 p50=-3 p90=0 min=-8 max=3 satLow=0 satHigh=0
LogOGRelayProbe: Warning: [Warning][RelayProbe.Stale] window=[6493,6613] maxConsecutiveFallbackRun=6 id=28409
LogOGResimProbe: Warning: [Warning][ResimProbe.Gate] checks=120 declined=50 requested=70 requestedPerMille=583 deepSkips=0 survivingAnchors=0
LogOGResimProbe: Warning: [Warning][ResimProbe.Chaos] requests=70 grants=68 refused=2 refusedPerMille=29 repeat=2 clamped=0 depthMin=4 depthMax=8
LogOGResimProbe: Warning: [Warning][ResimProbe.Apply] prepares=68 finishes=68 abandoned=0 stuck=0 replayTicks=512 replayOverruns=0 freshProtects=33 staleProtects=0
LogOGResimProbe: Warning: [Warning][ResimProbe.Frame] role=Client simTicks=120 frames=201 meanTicksPerFrameX100=59 p50=1 p99=1 max=1 meanFrameUs=9999
LogOGResimProbe: Warning: [Warning][ResimProbe.Frame] role=Client cadence dFrame1=39 dFrame0=0 dFrameGt1=81 discont=0 numSteps total=120 max=1 gt1=0
LogOGResimProbe: Warning: [Warning][ResimProbe.Landing] class=LocallyPredicted behind=60 atFrontier=0 discarded=0 atFrontierPerMille=0 windowSamples=120
LogOGResimProbe: Warning: [Warning][ResimProbe.Landing] class=RemoteProxy behind=60 atFrontier=0 discarded=0 atFrontierPerMille=0 windowSamples=120
LogOGDivergenceProbe: Warning: [Warning][DivergenceProbe.Window] class=LocallyPredicted corrections=60 disagreed=60 ratePerMille=1000 windowSamples=120
LogOGDivergenceProbe: Warning: [Warning][DivergenceProbe.Window] class=RemoteProxy corrections=60 disagreed=60 ratePerMille=1000 windowSamples=120
LogOGRelayProbe: Warning: [Warning][RelayProbe.Read] window=[6613,6733] src=Prediction hit=45 miss=75 verifyFail=0 rung0=0 total=120
LogOGRelayProbe: Warning: [Warning][RelayProbe.Read] window=[6613,6733] src=Resim hit=417 miss=56 verifyFail=0 rung0=0 total=473
LogOGRelayProbe: Warning: [Warning][RelayProbe.Miss] window=[6613,6733] src=Prediction inSpan=0 aboveNewest=75 belowOldest=0 noProbeTick=0 miss=75
LogOGRelayProbe: Warning: [Warning][RelayProbe.Miss] window=[6613,6733] src=Resim inSpan=3 aboveNewest=53 belowOldest=0 noProbeTick=0 miss=56
LogOGRelayProbe: Warning: [Warning][RelayProbe.Delta] window=[6613,6733] src=Prediction n=120 p10=-1 p50=1 p90=3 min=-2 max=4 satLow=0 satHigh=0
LogOGRelayProbe: Warning: [Warning][RelayProbe.Delta] window=[6613,6733] src=Resim n=473 p10=-6 p50=-3 p90=1 min=-9 max=4 satLow=0 satHigh=0
LogOGRelayProbe: Warning: [Warning][RelayProbe.Stale] window=[6613,6733] maxConsecutiveFallbackRun=13 id=28409
LogOGResimProbe: Warning: [Warning][ResimProbe.Gate] checks=120 declined=56 requested=64 requestedPerMille=533 deepSkips=0 survivingAnchors=0
LogOGResimProbe: Warning: [Warning][ResimProbe.Chaos] requests=63 grants=63 refused=0 refusedPerMille=0 repeat=0 clamped=0 depthMin=5 depthMax=8
LogOGResimProbe: Warning: [Warning][ResimProbe.Apply] prepares=63 finishes=63 abandoned=0 stuck=0 replayTicks=494 replayOverruns=0 freshProtects=39 staleProtects=0
LogOGResimProbe: Warning: [Warning][ResimProbe.Frame] role=Client simTicks=120 frames=199 meanTicksPerFrameX100=60 p50=1 p99=1 max=1 meanFrameUs=10000
LogOGResimProbe: Warning: [Warning][ResimProbe.Frame] role=Client cadence dFrame1=41 dFrame0=0 dFrameGt1=79 discont=0 numSteps total=120 max=1 gt1=0
LogOGRelayProbe: Warning: [Warning][RelayProbe.Arrival] samples=120 gapCaptureTicks p50=2 p99=4 max=5 noAdvance=0 saturated=0 lostCaptureTicksX1000=9 lost=2 delivered=218 expected=220 discont=0 discontMax=0
LogOGResimProbe: Warning: [Warning][ResimProbe.Landing] class=LocallyPredicted behind=61 atFrontier=0 discarded=0 atFrontierPerMille=0 windowSamples=120
LogOGResimProbe: Warning: [Warning][ResimProbe.Landing] class=RemoteProxy behind=59 atFrontier=0 discarded=0 atFrontierPerMille=0 windowSamples=120
LogOGDivergenceProbe: Warning: [Warning][DivergenceProbe.Window] class=LocallyPredicted corrections=61 disagreed=61 ratePerMille=1000 windowSamples=120
LogOGDivergenceProbe: Warning: [Warning][DivergenceProbe.Window] class=RemoteProxy corrections=59 disagreed=59 ratePerMille=1000 windowSamples=120
LogOGRelayProbe: Warning: [Warning][RelayProbe.Read] window=[6733,6853] src=Prediction hit=52 miss=68 verifyFail=0 rung0=0 total=120
LogOGRelayProbe: Warning: [Warning][RelayProbe.Read] window=[6733,6853] src=Resim hit=408 miss=42 verifyFail=0 rung0=0 total=450
LogOGRelayProbe: Warning: [Warning][RelayProbe.Miss] window=[6733,6853] src=Prediction inSpan=0 aboveNewest=68 belowOldest=0 noProbeTick=0 miss=68
LogOGRelayProbe: Warning: [Warning][RelayProbe.Miss] window=[6733,6853] src=Resim inSpan=3 aboveNewest=39 belowOldest=0 noProbeTick=0 miss=42
LogOGRelayProbe: Warning: [Warning][RelayProbe.Delta] window=[6733,6853] src=Prediction n=120 p10=-1 p50=1 p90=2 min=-2 max=3 satLow=0 satHigh=0
LogOGRelayProbe: Warning: [Warning][RelayProbe.Delta] window=[6733,6853] src=Resim n=450 p10=-6 p50=-3 p90=0 min=-8 max=3 satLow=0 satHigh=0
LogOGRelayProbe: Warning: [Warning][RelayProbe.Stale] window=[6733,6853] maxConsecutiveFallbackRun=16 id=28409
LogOGResimProbe: Warning: [Warning][ResimProbe.Gate] checks=120 declined=61 requested=59 requestedPerMille=492 deepSkips=0 survivingAnchors=0
LogOGResimProbe: Warning: [Warning][ResimProbe.Chaos] requests=59 grants=59 refused=0 refusedPerMille=0 repeat=0 clamped=0 depthMin=5 depthMax=8
LogOGResimProbe: Warning: [Warning][ResimProbe.Apply] prepares=59 finishes=59 abandoned=0 stuck=0 replayTicks=451 replayOverruns=0 freshProtects=38 staleProtects=0
LogOGResimProbe: Warning: [Warning][ResimProbe.Frame] role=Client simTicks=120 frames=201 meanTicksPerFrameX100=59 p50=1 p99=1 max=1 meanFrameUs=10000
LogOGResimProbe: Warning: [Warning][ResimProbe.Frame] role=Client cadence dFrame1=39 dFrame0=0 dFrameGt1=81 discont=0 numSteps total=120 max=1 gt1=0
LogOGResimProbe: Warning: [Warning][ResimProbe.Landing] class=LocallyPredicted behind=60 atFrontier=0 discarded=0 atFrontierPerMille=0 windowSamples=120
LogOGResimProbe: Warning: [Warning][ResimProbe.Landing] class=RemoteProxy behind=60 atFrontier=0 discarded=0 atFrontierPerMille=0 windowSamples=120
LogOGDivergenceProbe: Warning: [Warning][DivergenceProbe.Window] class=LocallyPredicted corrections=60 disagreed=60 ratePerMille=1000 windowSamples=120
LogOGDivergenceProbe: Warning: [Warning][DivergenceProbe.Window] class=RemoteProxy corrections=60 disagreed=60 ratePerMille=1000 windowSamples=120
LogOGRelayProbe: Warning: [Warning][RelayProbe.Arrival] samples=120 gapCaptureTicks p50=2 p99=4 max=5 noAdvance=0 saturated=0 lostCaptureTicksX1000=9 lost=2 delivered=214 expected=216 discont=0 discontMax=0
LogOGRelayProbe: Warning: [Warning][RelayProbe.Read] window=[6853,6973] src=Prediction hit=42 miss=78 verifyFail=0 rung0=0 total=120
LogOGRelayProbe: Warning: [Warning][RelayProbe.Read] window=[6853,6973] src=Resim hit=339 miss=57 verifyFail=0 rung0=0 total=396
LogOGRelayProbe: Warning: [Warning][RelayProbe.Miss] window=[6853,6973] src=Prediction inSpan=2 aboveNewest=76 belowOldest=0 noProbeTick=0 miss=78
LogOGRelayProbe: Warning: [Warning][RelayProbe.Miss] window=[6853,6973] src=Resim inSpan=5 aboveNewest=52 belowOldest=0 noProbeTick=0 miss=57
LogOGRelayProbe: Warning: [Warning][RelayProbe.Delta] window=[6853,6973] src=Prediction n=120 p10=-1 p50=1 p90=3 min=-2 max=4 satLow=0 satHigh=0
LogOGRelayProbe: Warning: [Warning][RelayProbe.Delta] window=[6853,6973] src=Resim n=396 p10=-5 p50=-2 p90=1 min=-8 max=4 satLow=0 satHigh=0
LogOGRelayProbe: Warning: [Warning][RelayProbe.Stale] window=[6853,6973] maxConsecutiveFallbackRun=11 id=28409
LogOGResimProbe: Warning: [Warning][ResimProbe.Gate] checks=120 declined=59 requested=61 requestedPerMille=508 deepSkips=0 survivingAnchors=0
LogOGResimProbe: Warning: [Warning][ResimProbe.Chaos] requests=61 grants=61 refused=0 refusedPerMille=0 repeat=0 clamped=0 depthMin=4 depthMax=7
LogOGResimProbe: Warning: [Warning][ResimProbe.Apply] prepares=61 finishes=61 abandoned=0 stuck=0 replayTicks=425 replayOverruns=0 freshProtects=38 staleProtects=0
LogOGResimProbe: Warning: [Warning][ResimProbe.Frame] role=Client simTicks=120 frames=200 meanTicksPerFrameX100=60 p50=1 p99=1 max=1 meanFrameUs=10000
LogOGResimProbe: Warning: [Warning][ResimProbe.Frame] role=Client cadence dFrame1=40 dFrame0=0 dFrameGt1=80 discont=0 numSteps total=120 max=1 gt1=0
LogOGResimProbe: Warning: [Warning][ResimProbe.Landing] class=LocallyPredicted behind=60 atFrontier=0 discarded=0 atFrontierPerMille=0 windowSamples=120
LogOGResimProbe: Warning: [Warning][ResimProbe.Landing] class=RemoteProxy behind=60 atFrontier=0 discarded=0 atFrontierPerMille=0 windowSamples=120
LogOGDivergenceProbe: Warning: [Warning][DivergenceProbe.Window] class=LocallyPredicted corrections=60 disagreed=60 ratePerMille=1000 windowSamples=120
LogOGDivergenceProbe: Warning: [Warning][DivergenceProbe.Window] class=RemoteProxy corrections=60 disagreed=60 ratePerMille=1000 windowSamples=120
LogOGRelayProbe: Warning: [Warning][RelayProbe.Read] window=[6973,7093] src=Prediction hit=60 miss=60 verifyFail=0 rung0=0 total=120
LogOGRelayProbe: Warning: [Warning][RelayProbe.Read] window=[6973,7093] src=Resim hit=367 miss=40 verifyFail=0 rung0=0 total=407
LogOGRelayProbe: Warning: [Warning][RelayProbe.Miss] window=[6973,7093] src=Prediction inSpan=0 aboveNewest=60 belowOldest=0 noProbeTick=0 miss=60
LogOGRelayProbe: Warning: [Warning][RelayProbe.Miss] window=[6973,7093] src=Resim inSpan=5 aboveNewest=35 belowOldest=0 noProbeTick=0 miss=40
LogOGRelayProbe: Warning: [Warning][RelayProbe.Delta] window=[6973,7093] src=Prediction n=120 p10=-1 p50=0 p90=2 min=-3 max=3 satLow=0 satHigh=0
LogOGRelayProbe: Warning: [Warning][RelayProbe.Delta] window=[6973,7093] src=Resim n=407 p10=-6 p50=-3 p90=0 min=-8 max=3 satLow=0 satHigh=0
LogOGRelayProbe: Warning: [Warning][RelayProbe.Stale] window=[6973,7093] maxConsecutiveFallbackRun=10 id=28409
LogOGResimProbe: Warning: [Warning][ResimProbe.Gate] checks=120 declined=58 requested=62 requestedPerMille=517 deepSkips=0 survivingAnchors=0
LogOGResimProbe: Warning: [Warning][ResimProbe.Chaos] requests=62 grants=62 refused=0 refusedPerMille=0 repeat=0 clamped=0 depthMin=4 depthMax=8
LogOGResimProbe: Warning: [Warning][ResimProbe.Apply] prepares=62 finishes=62 abandoned=0 stuck=0 replayTicks=422 replayOverruns=0 freshProtects=33 staleProtects=0
LogOGResimProbe: Warning: [Warning][ResimProbe.Frame] role=Client simTicks=120 frames=200 meanTicksPerFrameX100=60 p50=1 p99=1 max=1 meanFrameUs=10001
LogOGResimProbe: Warning: [Warning][ResimProbe.Frame] role=Client cadence dFrame1=40 dFrame0=0 dFrameGt1=80 discont=0 numSteps total=120 max=1 gt1=0
LogOGResimProbe: Warning: [Warning][ResimProbe.Landing] class=LocallyPredicted behind=59 atFrontier=0 discarded=0 atFrontierPerMille=0 windowSamples=120
LogOGResimProbe: Warning: [Warning][ResimProbe.Landing] class=RemoteProxy behind=61 atFrontier=0 discarded=0 atFrontierPerMille=0 windowSamples=120
LogOGDivergenceProbe: Warning: [Warning][DivergenceProbe.Window] class=LocallyPredicted corrections=59 disagreed=59 ratePerMille=1000 windowSamples=120
LogOGDivergenceProbe: Warning: [Warning][DivergenceProbe.Window] class=RemoteProxy corrections=61 disagreed=61 ratePerMille=1000 windowSamples=120
LogOGRelayProbe: Warning: [Warning][RelayProbe.Arrival] samples=120 gapCaptureTicks p50=2 p99=4 max=4 noAdvance=0 saturated=0 lostCaptureTicksX1000=8 lost=2 delivered=223 expected=225 discont=0 discontMax=0
LogOGRelayProbe: Warning: [Warning][RelayProbe.Read] window=[7093,7213] src=Prediction hit=37 miss=83 verifyFail=0 rung0=0 total=120
LogOGRelayProbe: Warning: [Warning][RelayProbe.Read] window=[7093,7213] src=Resim hit=385 miss=52 verifyFail=0 rung0=0 total=437
LogOGRelayProbe: Warning: [Warning][RelayProbe.Miss] window=[7093,7213] src=Prediction inSpan=0 aboveNewest=83 belowOldest=0 noProbeTick=0 miss=83
LogOGRelayProbe: Warning: [Warning][RelayProbe.Miss] window=[7093,7213] src=Resim inSpan=0 aboveNewest=52 belowOldest=0 noProbeTick=0 miss=52
LogOGRelayProbe: Warning: [Warning][RelayProbe.Delta] window=[7093,7213] src=Prediction n=120 p10=0 p50=1 p90=3 min=-2 max=4 satLow=0 satHigh=0
LogOGRelayProbe: Warning: [Warning][RelayProbe.Delta] window=[7093,7213] src=Resim n=437 p10=-5 p50=-2 p90=1 min=-7 max=3 satLow=0 satHigh=0
LogOGRelayProbe: Warning: [Warning][RelayProbe.Stale] window=[7093,7213] maxConsecutiveFallbackRun=11 id=28409
LogOGResimProbe: Warning: [Warning][ResimProbe.Gate] checks=120 declined=54 requested=66 requestedPerMille=550 deepSkips=0 survivingAnchors=0
LogOGResimProbe: Warning: [Warning][ResimProbe.Chaos] requests=67 grants=65 refused=2 refusedPerMille=30 repeat=2 clamped=0 depthMin=5 depthMax=9
LogOGResimProbe: Warning: [Warning][ResimProbe.Apply] prepares=65 finishes=65 abandoned=0 stuck=0 replayTicks=463 replayOverruns=0 freshProtects=33 staleProtects=0
LogOGResimProbe: Warning: [Warning][ResimProbe.Frame] role=Client simTicks=120 frames=199 meanTicksPerFrameX100=60 p50=1 p99=1 max=1 meanFrameUs=10000
LogOGResimProbe: Warning: [Warning][ResimProbe.Frame] role=Client cadence dFrame1=41 dFrame0=0 dFrameGt1=79 discont=0 numSteps total=120 max=1 gt1=0
LogOGResimProbe: Warning: [Warning][ResimProbe.Landing] class=LocallyPredicted behind=59 atFrontier=0 discarded=0 atFrontierPerMille=0 windowSamples=120
LogOGResimProbe: Warning: [Warning][ResimProbe.Landing] class=RemoteProxy behind=61 atFrontier=0 discarded=0 atFrontierPerMille=0 windowSamples=120
LogOGDivergenceProbe: Warning: [Warning][DivergenceProbe.Window] class=LocallyPredicted corrections=59 disagreed=59 ratePerMille=1000 windowSamples=120
LogOGDivergenceProbe: Warning: [Warning][DivergenceProbe.Window] class=RemoteProxy corrections=61 disagreed=61 ratePerMille=1000 windowSamples=120
LogOGRelayProbe: Warning: [Warning][RelayProbe.Read] window=[7213,7333] src=Prediction hit=49 miss=71 verifyFail=0 rung0=0 total=120
LogOGRelayProbe: Warning: [Warning][RelayProbe.Read] window=[7213,7333] src=Resim hit=405 miss=37 verifyFail=0 rung0=0 total=442
LogOGRelayProbe: Warning: [Warning][RelayProbe.Miss] window=[7213,7333] src=Prediction inSpan=0 aboveNewest=71 belowOldest=0 noProbeTick=0 miss=71
LogOGRelayProbe: Warning: [Warning][RelayProbe.Miss] window=[7213,7333] src=Resim inSpan=0 aboveNewest=37 belowOldest=0 noProbeTick=0 miss=37
LogOGRelayProbe: Warning: [Warning][RelayProbe.Delta] window=[7213,7333] src=Prediction n=120 p10=-1 p50=1 p90=3 min=-2 max=4 satLow=0 satHigh=0
LogOGRelayProbe: Warning: [Warning][RelayProbe.Delta] window=[7213,7333] src=Resim n=442 p10=-6 p50=-3 p90=0 min=-8 max=3 satLow=0 satHigh=0
LogOGRelayProbe: Warning: [Warning][RelayProbe.Stale] window=[7213,7333] maxConsecutiveFallbackRun=11 id=28409
LogOGResimProbe: Warning: [Warning][ResimProbe.Gate] checks=120 declined=57 requested=63 requestedPerMille=525 deepSkips=0 survivingAnchors=0
LogOGResimProbe: Warning: [Warning][ResimProbe.Chaos] requests=62 grants=62 refused=0 refusedPerMille=0 repeat=0 clamped=0 depthMin=5 depthMax=8
LogOGResimProbe: Warning: [Warning][ResimProbe.Apply] prepares=62 finishes=62 abandoned=0 stuck=0 replayTicks=464 replayOverruns=0 freshProtects=40 staleProtects=0
LogOGResimProbe: Warning: [Warning][ResimProbe.Frame] role=Client simTicks=120 frames=200 meanTicksPerFrameX100=60 p50=1 p99=1 max=1 meanFrameUs=9999
LogOGResimProbe: Warning: [Warning][ResimProbe.Frame] role=Client cadence dFrame1=40 dFrame0=0 dFrameGt1=80 discont=0 numSteps total=120 max=1 gt1=0
LogOGResimProbe: Warning: [Warning][ResimProbe.Landing] class=LocallyPredicted behind=60 atFrontier=0 discarded=0 atFrontierPerMille=0 windowSamples=120
LogOGResimProbe: Warning: [Warning][ResimProbe.Landing] class=RemoteProxy behind=60 atFrontier=0 discarded=0 atFrontierPerMille=0 windowSamples=120
LogOGDivergenceProbe: Warning: [Warning][DivergenceProbe.Window] class=LocallyPredicted corrections=60 disagreed=60 ratePerMille=1000 windowSamples=120
LogOGDivergenceProbe: Warning: [Warning][DivergenceProbe.Window] class=RemoteProxy corrections=60 disagreed=60 ratePerMille=1000 windowSamples=120
LogOGRelayProbe: Warning: [Warning][RelayProbe.Arrival] samples=120 gapCaptureTicks p50=2 p99=4 max=4 noAdvance=0 saturated=0 lostCaptureTicksX1000=0 lost=0 delivered=204 expected=204 discont=0 discontMax=0
LogOGRelayProbe: Warning: [Warning][RelayProbe.Read] window=[7333,7453] src=Prediction hit=38 miss=82 verifyFail=0 rung0=0 total=120
LogOGRelayProbe: Warning: [Warning][RelayProbe.Read] window=[7333,7453] src=Resim hit=387 miss=62 verifyFail=0 rung0=0 total=449
LogOGRelayProbe: Warning: [Warning][RelayProbe.Miss] window=[7333,7453] src=Prediction inSpan=0 aboveNewest=82 belowOldest=0 noProbeTick=0 miss=82
LogOGRelayProbe: Warning: [Warning][RelayProbe.Miss] window=[7333,7453] src=Resim inSpan=0 aboveNewest=62 belowOldest=0 noProbeTick=0 miss=62
LogOGRelayProbe: Warning: [Warning][RelayProbe.Delta] window=[7333,7453] src=Prediction n=120 p10=-1 p50=1 p90=3 min=-3 max=4 satLow=0 satHigh=0
LogOGRelayProbe: Warning: [Warning][RelayProbe.Delta] window=[7333,7453] src=Resim n=449 p10=-6 p50=-3 p90=1 min=-9 max=4 satLow=0 satHigh=0
LogOGRelayProbe: Warning: [Warning][RelayProbe.Stale] window=[7333,7453] maxConsecutiveFallbackRun=10 id=28409
LogOGResimProbe: Warning: [Warning][ResimProbe.Gate] checks=120 declined=59 requested=61 requestedPerMille=508 deepSkips=0 survivingAnchors=0
LogOGResimProbe: Warning: [Warning][ResimProbe.Chaos] requests=61 grants=58 refused=3 refusedPerMille=49 repeat=3 clamped=0 depthMin=5 depthMax=9
LogOGResimProbe: Warning: [Warning][ResimProbe.Apply] prepares=58 finishes=58 abandoned=0 stuck=0 replayTicks=459 replayOverruns=0 freshProtects=36 staleProtects=0
LogOGResimProbe: Warning: [Warning][ResimProbe.Frame] role=Client simTicks=120 frames=201 meanTicksPerFrameX100=59 p50=1 p99=1 max=1 meanFrameUs=10000
LogOGResimProbe: Warning: [Warning][ResimProbe.Frame] role=Client cadence dFrame1=39 dFrame0=0 dFrameGt1=81 discont=0 numSteps total=120 max=1 gt1=0
LogOGResimProbe: Warning: [Warning][ResimProbe.Landing] class=LocallyPredicted behind=61 atFrontier=0 discarded=0 atFrontierPerMille=0 windowSamples=120
LogOGResimProbe: Warning: [Warning][ResimProbe.Landing] class=RemoteProxy behind=59 atFrontier=0 discarded=0 atFrontierPerMille=0 windowSamples=120
LogOGDivergenceProbe: Warning: [Warning][DivergenceProbe.Window] class=LocallyPredicted corrections=61 disagreed=61 ratePerMille=1000 windowSamples=120
LogOGDivergenceProbe: Warning: [Warning][DivergenceProbe.Window] class=RemoteProxy corrections=59 disagreed=59 ratePerMille=1000 windowSamples=120
LogOGRelayProbe: Warning: [Warning][RelayProbe.Read] window=[7453,7573] src=Prediction hit=35 miss=85 verifyFail=0 rung0=0 total=120
LogOGRelayProbe: Warning: [Warning][RelayProbe.Read] window=[7453,7573] src=Resim hit=378 miss=72 verifyFail=0 rung0=0 total=450
LogOGRelayProbe: Warning: [Warning][RelayProbe.Miss] window=[7453,7573] src=Prediction inSpan=0 aboveNewest=85 belowOldest=0 noProbeTick=0 miss=85
LogOGRelayProbe: Warning: [Warning][RelayProbe.Miss] window=[7453,7573] src=Resim inSpan=8 aboveNewest=64 belowOldest=0 noProbeTick=0 miss=72
LogOGRelayProbe: Warning: [Warning][RelayProbe.Delta] window=[7453,7573] src=Prediction n=120 p10=-1 p50=1 p90=3 min=-2 max=5 satLow=0 satHigh=0
LogOGRelayProbe: Warning: [Warning][RelayProbe.Delta] window=[7453,7573] src=Resim n=450 p10=-5 p50=-2 p90=1 min=-8 max=4 satLow=0 satHigh=0
LogOGRelayProbe: Warning: [Warning][RelayProbe.Stale] window=[7453,7573] maxConsecutiveFallbackRun=13 id=28409
LogOGResimProbe: Warning: [Warning][ResimProbe.Gate] checks=120 declined=52 requested=68 requestedPerMille=567 deepSkips=0 survivingAnchors=0
LogOGResimProbe: Warning: [Warning][ResimProbe.Chaos] requests=69 grants=65 refused=4 refusedPerMille=58 repeat=4 clamped=0 depthMin=4 depthMax=9
LogOGResimProbe: Warning: [Warning][ResimProbe.Apply] prepares=65 finishes=65 abandoned=0 stuck=0 replayTicks=486 replayOverruns=0 freshProtects=35 staleProtects=0
LogOGResimProbe: Warning: [Warning][ResimProbe.Frame] role=Client simTicks=120 frames=200 meanTicksPerFrameX100=60 p50=1 p99=1 max=1 meanFrameUs=10000
LogOGResimProbe: Warning: [Warning][ResimProbe.Frame] role=Client cadence dFrame1=40 dFrame0=0 dFrameGt1=80 discont=0 numSteps total=120 max=1 gt1=0
LogOGRelayProbe: Warning: [Warning][RelayProbe.Arrival] samples=120 gapCaptureTicks p50=2 p99=5 max=5 noAdvance=0 saturated=0 lostCaptureTicksX1000=13 lost=3 delivered=227 expected=230 discont=0 discontMax=0
LogOGResimProbe: Warning: [Warning][ResimProbe.Landing] class=LocallyPredicted behind=60 atFrontier=0 discarded=0 atFrontierPerMille=0 windowSamples=120
LogOGResimProbe: Warning: [Warning][ResimProbe.Landing] class=RemoteProxy behind=60 atFrontier=0 discarded=0 atFrontierPerMille=0 windowSamples=120
LogOGDivergenceProbe: Warning: [Warning][DivergenceProbe.Window] class=LocallyPredicted corrections=60 disagreed=60 ratePerMille=1000 windowSamples=120
LogOGDivergenceProbe: Warning: [Warning][DivergenceProbe.Window] class=RemoteProxy corrections=60 disagreed=60 ratePerMille=1000 windowSamples=120
LogOGRelayProbe: Warning: [Warning][RelayProbe.Read] window=[7573,7693] src=Prediction hit=38 miss=82 verifyFail=0 rung0=0 total=120
LogOGRelayProbe: Warning: [Warning][RelayProbe.Read] window=[7573,7693] src=Resim hit=405 miss=68 verifyFail=0 rung0=0 total=473
LogOGRelayProbe: Warning: [Warning][RelayProbe.Miss] window=[7573,7693] src=Prediction inSpan=0 aboveNewest=82 belowOldest=0 noProbeTick=0 miss=82
LogOGRelayProbe: Warning: [Warning][RelayProbe.Miss] window=[7573,7693] src=Resim inSpan=7 aboveNewest=61 belowOldest=0 noProbeTick=0 miss=68
LogOGRelayProbe: Warning: [Warning][RelayProbe.Delta] window=[7573,7693] src=Prediction n=120 p10=-1 p50=1 p90=3 min=-3 max=4 satLow=0 satHigh=0
LogOGRelayProbe: Warning: [Warning][RelayProbe.Delta] window=[7573,7693] src=Resim n=473 p10=-5 p50=-2 p90=1 min=-8 max=3 satLow=0 satHigh=0
LogOGRelayProbe: Warning: [Warning][RelayProbe.Stale] window=[7573,7693] maxConsecutiveFallbackRun=10 id=28409
LogOGResimProbe: Warning: [Warning][ResimProbe.Gate] checks=120 declined=54 requested=66 requestedPerMille=550 deepSkips=0 survivingAnchors=0
LogOGResimProbe: Warning: [Warning][ResimProbe.Chaos] requests=66 grants=66 refused=0 refusedPerMille=0 repeat=0 clamped=0 depthMin=5 depthMax=7
LogOGResimProbe: Warning: [Warning][ResimProbe.Apply] prepares=66 finishes=66 abandoned=0 stuck=0 replayTicks=476 replayOverruns=0 freshProtects=35 staleProtects=0
LogOGResimProbe: Warning: [Warning][ResimProbe.Frame] role=Client simTicks=120 frames=200 meanTicksPerFrameX100=60 p50=1 p99=1 max=1 meanFrameUs=9999
LogOGResimProbe: Warning: [Warning][ResimProbe.Frame] role=Client cadence dFrame1=40 dFrame0=0 dFrameGt1=80 discont=0 numSteps total=120 max=1 gt1=0
LogOGResimProbe: Warning: [Warning][ResimProbe.Landing] class=LocallyPredicted behind=60 atFrontier=0 discarded=0 atFrontierPerMille=0 windowSamples=120
LogOGResimProbe: Warning: [Warning][ResimProbe.Landing] class=RemoteProxy behind=60 atFrontier=0 discarded=0 atFrontierPerMille=0 windowSamples=120
LogOGDivergenceProbe: Warning: [Warning][DivergenceProbe.Window] class=LocallyPredicted corrections=60 disagreed=60 ratePerMille=1000 windowSamples=120
LogOGDivergenceProbe: Warning: [Warning][DivergenceProbe.Window] class=RemoteProxy corrections=60 disagreed=60 ratePerMille=1000 windowSamples=120
LogOGRelayProbe: Warning: [Warning][RelayProbe.Read] window=[7693,7813] src=Prediction hit=60 miss=60 verifyFail=0 rung0=0 total=120
LogOGRelayProbe: Warning: [Warning][RelayProbe.Read] window=[7693,7813] src=Resim hit=432 miss=32 verifyFail=0 rung0=0 total=464
LogOGRelayProbe: Warning: [Warning][RelayProbe.Miss] window=[7693,7813] src=Prediction inSpan=0 aboveNewest=60 belowOldest=0 noProbeTick=0 miss=60
LogOGRelayProbe: Warning: [Warning][RelayProbe.Miss] window=[7693,7813] src=Resim inSpan=0 aboveNewest=32 belowOldest=0 noProbeTick=0 miss=32
LogOGRelayProbe: Warning: [Warning][RelayProbe.Delta] window=[7693,7813] src=Prediction n=120 p10=-1 p50=0 p90=2 min=-2 max=3 satLow=0 satHigh=0
LogOGRelayProbe: Warning: [Warning][RelayProbe.Delta] window=[7693,7813] src=Resim n=464 p10=-6 p50=-3 p90=0 min=-8 max=3 satLow=0 satHigh=0
LogOGRelayProbe: Warning: [Warning][RelayProbe.Stale] window=[7693,7813] maxConsecutiveFallbackRun=7 id=28409
LogOGResimProbe: Warning: [Warning][ResimProbe.Gate] checks=120 declined=53 requested=67 requestedPerMille=558 deepSkips=0 survivingAnchors=0
LogOGResimProbe: Warning: [Warning][ResimProbe.Chaos] requests=66 grants=66 refused=0 refusedPerMille=0 repeat=0 clamped=0 depthMin=5 depthMax=8
LogOGResimProbe: Warning: [Warning][ResimProbe.Apply] prepares=66 finishes=66 abandoned=0 stuck=0 replayTicks=482 replayOverruns=0 freshProtects=34 staleProtects=0
LogOGResimProbe: Warning: [Warning][ResimProbe.Frame] role=Client simTicks=120 frames=200 meanTicksPerFrameX100=60 p50=1 p99=1 max=1 meanFrameUs=10000
LogOGResimProbe: Warning: [Warning][ResimProbe.Frame] role=Client cadence dFrame1=40 dFrame0=0 dFrameGt1=80 discont=0 numSteps total=120 max=1 gt1=0
LogOGRelayProbe: Warning: [Warning][RelayProbe.Arrival] samples=120 gapCaptureTicks p50=2 p99=4 max=5 noAdvance=0 saturated=0 lostCaptureTicksX1000=9 lost=2 delivered=215 expected=217 discont=0 discontMax=0
LogOGResimProbe: Warning: [Warning][ResimProbe.Landing] class=LocallyPredicted behind=60 atFrontier=0 discarded=0 atFrontierPerMille=0 windowSamples=120
LogOGResimProbe: Warning: [Warning][ResimProbe.Landing] class=RemoteProxy behind=60 atFrontier=0 discarded=0 atFrontierPerMille=0 windowSamples=120
LogOGDivergenceProbe: Warning: [Warning][DivergenceProbe.Window] class=LocallyPredicted corrections=60 disagreed=60 ratePerMille=1000 windowSamples=120
LogOGDivergenceProbe: Warning: [Warning][DivergenceProbe.Window] class=RemoteProxy corrections=60 disagreed=60 ratePerMille=1000 windowSamples=120
LogOGRelayProbe: Warning: [Warning][RelayProbe.Read] window=[7813,7933] src=Prediction hit=57 miss=63 verifyFail=0 rung0=0 total=120
LogOGRelayProbe: Warning: [Warning][RelayProbe.Read] window=[7813,7933] src=Resim hit=374 miss=43 verifyFail=0 rung0=0 total=417
LogOGRelayProbe: Warning: [Warning][RelayProbe.Miss] window=[7813,7933] src=Prediction inSpan=0 aboveNewest=63 belowOldest=0 noProbeTick=0 miss=63
LogOGRelayProbe: Warning: [Warning][RelayProbe.Miss] window=[7813,7933] src=Resim inSpan=3 aboveNewest=40 belowOldest=0 noProbeTick=0 miss=43
LogOGRelayProbe: Warning: [Warning][RelayProbe.Delta] window=[7813,7933] src=Prediction n=120 p10=-1 p50=1 p90=2 min=-2 max=5 satLow=0 satHigh=0
LogOGRelayProbe: Warning: [Warning][RelayProbe.Delta] window=[7813,7933] src=Resim n=417 p10=-5 p50=-3 p90=0 min=-7 max=5 satLow=0 satHigh=0
LogOGRelayProbe: Warning: [Warning][RelayProbe.Stale] window=[7813,7933] maxConsecutiveFallbackRun=8 id=28409
LogOGResimProbe: Warning: [Warning][ResimProbe.Gate] checks=120 declined=55 requested=65 requestedPerMille=542 deepSkips=0 survivingAnchors=0
LogOGResimProbe: Warning: [Warning][ResimProbe.Chaos] requests=66 grants=63 refused=3 refusedPerMille=45 repeat=3 clamped=0 depthMin=4 depthMax=8
LogOGResimProbe: Warning: [Warning][ResimProbe.Apply] prepares=63 finishes=63 abandoned=0 stuck=0 replayTicks=439 replayOverruns=0 freshProtects=35 staleProtects=0
LogOGResimProbe: Warning: [Warning][ResimProbe.Frame] role=Client simTicks=120 frames=200 meanTicksPerFrameX100=60 p50=1 p99=1 max=1 meanFrameUs=10000
LogOGResimProbe: Warning: [Warning][ResimProbe.Frame] role=Client cadence dFrame1=40 dFrame0=0 dFrameGt1=80 discont=0 numSteps total=120 max=1 gt1=0
LogOGResimProbe: Warning: [Warning][ResimProbe.Landing] class=LocallyPredicted behind=61 atFrontier=0 discarded=0 atFrontierPerMille=0 windowSamples=120
LogOGResimProbe: Warning: [Warning][ResimProbe.Landing] class=RemoteProxy behind=59 atFrontier=0 discarded=0 atFrontierPerMille=0 windowSamples=120
LogOGDivergenceProbe: Warning: [Warning][DivergenceProbe.Window] class=LocallyPredicted corrections=61 disagreed=61 ratePerMille=1000 windowSamples=120
LogOGDivergenceProbe: Warning: [Warning][DivergenceProbe.Window] class=RemoteProxy corrections=59 disagreed=59 ratePerMille=1000 windowSamples=120
LogOGRelayProbe: Warning: [Warning][RelayProbe.Read] window=[7933,8053] src=Prediction hit=56 miss=64 verifyFail=0 rung0=0 total=120
LogOGRelayProbe: Warning: [Warning][RelayProbe.Read] window=[7933,8053] src=Resim hit=337 miss=29 verifyFail=0 rung0=0 total=366
LogOGRelayProbe: Warning: [Warning][RelayProbe.Miss] window=[7933,8053] src=Prediction inSpan=0 aboveNewest=64 belowOldest=0 noProbeTick=0 miss=64
LogOGRelayProbe: Warning: [Warning][RelayProbe.Miss] window=[7933,8053] src=Resim inSpan=0 aboveNewest=29 belowOldest=0 noProbeTick=0 miss=29
LogOGRelayProbe: Warning: [Warning][RelayProbe.Delta] window=[7933,8053] src=Prediction n=120 p10=-1 p50=1 p90=3 min=-3 max=4 satLow=0 satHigh=0
LogOGRelayProbe: Warning: [Warning][RelayProbe.Delta] window=[7933,8053] src=Resim n=366 p10=-6 p50=-3 p90=0 min=-8 max=3 satLow=0 satHigh=0
LogOGRelayProbe: Warning: [Warning][RelayProbe.Stale] window=[7933,8053] maxConsecutiveFallbackRun=14 id=28409
LogOGRelayProbe: Warning: [Warning][RelayProbe.Arrival] samples=120 gapCaptureTicks p50=2 p99=4 max=5 noAdvance=0 saturated=0 lostCaptureTicksX1000=9 lost=2 delivered=219 expected=221 discont=0 discontMax=0
LogOGResimProbe: Warning: [Warning][ResimProbe.Gate] checks=120 declined=65 requested=55 requestedPerMille=458 deepSkips=0 survivingAnchors=0
LogOGResimProbe: Warning: [Warning][ResimProbe.Chaos] requests=54 grants=54 refused=0 refusedPerMille=0 repeat=0 clamped=0 depthMin=5 depthMax=8
LogOGResimProbe: Warning: [Warning][ResimProbe.Apply] prepares=54 finishes=54 abandoned=0 stuck=0 replayTicks=386 replayOverruns=0 freshProtects=37 staleProtects=0
LogOGResimProbe: Warning: [Warning][ResimProbe.Frame] role=Client simTicks=120 frames=201 meanTicksPerFrameX100=59 p50=1 p99=1 max=1 meanFrameUs=10000
LogOGResimProbe: Warning: [Warning][ResimProbe.Frame] role=Client cadence dFrame1=39 dFrame0=0 dFrameGt1=81 discont=0 numSteps total=120 max=1 gt1=0
LogOGResimProbe: Warning: [Warning][ResimProbe.Landing] class=LocallyPredicted behind=60 atFrontier=0 discarded=0 atFrontierPerMille=0 windowSamples=120
LogOGResimProbe: Warning: [Warning][ResimProbe.Landing] class=RemoteProxy behind=60 atFrontier=0 discarded=0 atFrontierPerMille=0 windowSamples=120
LogOGDivergenceProbe: Warning: [Warning][DivergenceProbe.Window] class=LocallyPredicted corrections=60 disagreed=60 ratePerMille=1000 windowSamples=120
LogOGDivergenceProbe: Warning: [Warning][DivergenceProbe.Window] class=RemoteProxy corrections=60 disagreed=60 ratePerMille=1000 windowSamples=120
LogOGRelayProbe: Warning: [Warning][RelayProbe.Read] window=[8053,8173] src=Prediction hit=60 miss=60 verifyFail=0 rung0=0 total=120
LogOGRelayProbe: Warning: [Warning][RelayProbe.Read] window=[8053,8173] src=Resim hit=431 miss=34 verifyFail=0 rung0=0 total=465
LogOGRelayProbe: Warning: [Warning][RelayProbe.Miss] window=[8053,8173] src=Prediction inSpan=0 aboveNewest=60 belowOldest=0 noProbeTick=0 miss=60
LogOGRelayProbe: Warning: [Warning][RelayProbe.Miss] window=[8053,8173] src=Resim inSpan=7 aboveNewest=27 belowOldest=0 noProbeTick=0 miss=34
LogOGRelayProbe: Warning: [Warning][RelayProbe.Delta] window=[8053,8173] src=Prediction n=120 p10=-1 p50=0 p90=2 min=-3 max=4 satLow=0 satHigh=0
LogOGRelayProbe: Warning: [Warning][RelayProbe.Delta] window=[8053,8173] src=Resim n=465 p10=-6 p50=-3 p90=0 min=-9 max=3 satLow=0 satHigh=0
LogOGRelayProbe: Warning: [Warning][RelayProbe.Stale] window=[8053,8173] maxConsecutiveFallbackRun=12 id=28409
LogOGResimProbe: Warning: [Warning][ResimProbe.Gate] checks=120 declined=52 requested=68 requestedPerMille=567 deepSkips=0 survivingAnchors=0
LogOGResimProbe: Warning: [Warning][ResimProbe.Chaos] requests=68 grants=68 refused=0 refusedPerMille=0 repeat=0 clamped=0 depthMin=5 depthMax=8
LogOGResimProbe: Warning: [Warning][ResimProbe.Apply] prepares=68 finishes=68 abandoned=0 stuck=0 replayTicks=482 replayOverruns=0 freshProtects=35 staleProtects=0
LogOGResimProbe: Warning: [Warning][ResimProbe.Frame] role=Client simTicks=120 frames=200 meanTicksPerFrameX100=60 p50=1 p99=1 max=1 meanFrameUs=9999
LogOGResimProbe: Warning: [Warning][ResimProbe.Frame] role=Client cadence dFrame1=40 dFrame0=0 dFrameGt1=80 discont=0 numSteps total=120 max=1 gt1=0
LogOGResimProbe: Warning: [Warning][ResimProbe.Landing] class=LocallyPredicted behind=61 atFrontier=0 discarded=0 atFrontierPerMille=0 windowSamples=120
LogOGResimProbe: Warning: [Warning][ResimProbe.Landing] class=RemoteProxy behind=59 atFrontier=0 discarded=0 atFrontierPerMille=0 windowSamples=120
LogOGDivergenceProbe: Warning: [Warning][DivergenceProbe.Window] class=LocallyPredicted corrections=61 disagreed=61 ratePerMille=1000 windowSamples=120
LogOGDivergenceProbe: Warning: [Warning][DivergenceProbe.Window] class=RemoteProxy corrections=59 disagreed=59 ratePerMille=1000 windowSamples=120
LogOGRelayProbe: Warning: [Warning][RelayProbe.Arrival] samples=120 gapCaptureTicks p50=2 p99=5 max=5 noAdvance=0 saturated=0 lostCaptureTicksX1000=12 lost=3 delivered=234 expected=237 discont=0 discontMax=0
LogOGRelayProbe: Warning: [Warning][RelayProbe.Read] window=[8173,8293] src=Prediction hit=56 miss=64 verifyFail=0 rung0=0 total=120
LogOGRelayProbe: Warning: [Warning][RelayProbe.Read] window=[8173,8293] src=Resim hit=410 miss=35 verifyFail=0 rung0=0 total=445
LogOGRelayProbe: Warning: [Warning][RelayProbe.Miss] window=[8173,8293] src=Prediction inSpan=0 aboveNewest=64 belowOldest=0 noProbeTick=0 miss=64
LogOGRelayProbe: Warning: [Warning][RelayProbe.Miss] window=[8173,8293] src=Resim inSpan=0 aboveNewest=35 belowOldest=0 noProbeTick=0 miss=35
LogOGRelayProbe: Warning: [Warning][RelayProbe.Delta] window=[8173,8293] src=Prediction n=120 p10=-1 p50=1 p90=2 min=-3 max=4 satLow=0 satHigh=0
LogOGRelayProbe: Warning: [Warning][RelayProbe.Delta] window=[8173,8293] src=Resim n=445 p10=-6 p50=-3 p90=0 min=-10 max=3 satLow=0 satHigh=0
LogOGRelayProbe: Warning: [Warning][RelayProbe.Stale] window=[8173,8293] maxConsecutiveFallbackRun=8 id=28409
LogOGResimProbe: Warning: [Warning][ResimProbe.Gate] checks=120 declined=53 requested=67 requestedPerMille=558 deepSkips=0 survivingAnchors=0
LogOGResimProbe: Warning: [Warning][ResimProbe.Chaos] requests=67 grants=63 refused=4 refusedPerMille=60 repeat=4 clamped=0 depthMin=5 depthMax=9
LogOGResimProbe: Warning: [Warning][ResimProbe.Apply] prepares=63 finishes=63 abandoned=0 stuck=0 replayTicks=462 replayOverruns=0 freshProtects=35 staleProtects=0
LogOGResimProbe: Warning: [Warning][ResimProbe.Frame] role=Client simTicks=120 frames=198 meanTicksPerFrameX100=60 p50=1 p99=1 max=1 meanFrameUs=10000
LogOGResimProbe: Warning: [Warning][ResimProbe.Frame] role=Client cadence dFrame1=42 dFrame0=0 dFrameGt1=78 discont=0 numSteps total=120 max=1 gt1=0
LogOGResimProbe: Warning: [Warning][ResimProbe.Landing] class=LocallyPredicted behind=60 atFrontier=0 discarded=0 atFrontierPerMille=0 windowSamples=120
LogOGResimProbe: Warning: [Warning][ResimProbe.Landing] class=RemoteProxy behind=60 atFrontier=0 discarded=0 atFrontierPerMille=0 windowSamples=120
LogOGDivergenceProbe: Warning: [Warning][DivergenceProbe.Window] class=LocallyPredicted corrections=60 disagreed=60 ratePerMille=1000 windowSamples=120
LogOGDivergenceProbe: Warning: [Warning][DivergenceProbe.Window] class=RemoteProxy corrections=60 disagreed=60 ratePerMille=1000 windowSamples=120
LogOGRelayProbe: Warning: [Warning][RelayProbe.Read] window=[8293,8413] src=Prediction hit=36 miss=84 verifyFail=0 rung0=0 total=120
LogOGRelayProbe: Warning: [Warning][RelayProbe.Read] window=[8293,8413] src=Resim hit=444 miss=62 verifyFail=0 rung0=0 total=506
LogOGRelayProbe: Warning: [Warning][RelayProbe.Miss] window=[8293,8413] src=Prediction inSpan=0 aboveNewest=84 belowOldest=0 noProbeTick=0 miss=84
LogOGRelayProbe: Warning: [Warning][RelayProbe.Miss] window=[8293,8413] src=Resim inSpan=5 aboveNewest=57 belowOldest=0 noProbeTick=0 miss=62
LogOGRelayProbe: Warning: [Warning][RelayProbe.Delta] window=[8293,8413] src=Prediction n=120 p10=-1 p50=1 p90=3 min=-2 max=5 satLow=0 satHigh=0
LogOGRelayProbe: Warning: [Warning][RelayProbe.Delta] window=[8293,8413] src=Resim n=506 p10=-6 p50=-3 p90=1 min=-9 max=4 satLow=0 satHigh=0
LogOGRelayProbe: Warning: [Warning][RelayProbe.Stale] window=[8293,8413] maxConsecutiveFallbackRun=16 id=28409
LogOGResimProbe: Warning: [Warning][ResimProbe.Gate] checks=120 declined=54 requested=66 requestedPerMille=550 deepSkips=0 survivingAnchors=0
LogOGResimProbe: Warning: [Warning][ResimProbe.Chaos] requests=67 grants=67 refused=0 refusedPerMille=0 repeat=0 clamped=0 depthMin=5 depthMax=9
LogOGResimProbe: Warning: [Warning][ResimProbe.Apply] prepares=67 finishes=67 abandoned=0 stuck=0 replayTicks=524 replayOverruns=0 freshProtects=37 staleProtects=0
LogOGResimProbe: Warning: [Warning][ResimProbe.Frame] role=Client simTicks=120 frames=200 meanTicksPerFrameX100=60 p50=1 p99=1 max=1 meanFrameUs=9999
LogOGResimProbe: Warning: [Warning][ResimProbe.Frame] role=Client cadence dFrame1=40 dFrame0=0 dFrameGt1=80 discont=0 numSteps total=120 max=1 gt1=0
LogOGResimProbe: Warning: [Warning][ResimProbe.Landing] class=LocallyPredicted behind=59 atFrontier=0 discarded=0 atFrontierPerMille=0 windowSamples=120
LogOGResimProbe: Warning: [Warning][ResimProbe.Landing] class=RemoteProxy behind=61 atFrontier=0 discarded=0 atFrontierPerMille=0 windowSamples=120
LogOGDivergenceProbe: Warning: [Warning][DivergenceProbe.Window] class=LocallyPredicted corrections=59 disagreed=59 ratePerMille=1000 windowSamples=120
LogOGDivergenceProbe: Warning: [Warning][DivergenceProbe.Window] class=RemoteProxy corrections=61 disagreed=61 ratePerMille=1000 windowSamples=120
LogOGRelayProbe: Warning: [Warning][RelayProbe.Arrival] samples=120 gapCaptureTicks p50=2 p99=5 max=5 noAdvance=0 saturated=0 lostCaptureTicksX1000=25 lost=6 delivered=232 expected=238 discont=0 discontMax=0
LogOGRelayProbe: Warning: [Warning][RelayProbe.Read] window=[8413,8533] src=Prediction hit=37 miss=83 verifyFail=0 rung0=0 total=120
LogOGRelayProbe: Warning: [Warning][RelayProbe.Read] window=[8413,8533] src=Resim hit=342 miss=44 verifyFail=0 rung0=0 total=386
LogOGRelayProbe: Warning: [Warning][RelayProbe.Miss] window=[8413,8533] src=Prediction inSpan=0 aboveNewest=83 belowOldest=0 noProbeTick=0 miss=83
LogOGRelayProbe: Warning: [Warning][RelayProbe.Miss] window=[8413,8533] src=Resim inSpan=4 aboveNewest=40 belowOldest=0 noProbeTick=0 miss=44
LogOGRelayProbe: Warning: [Warning][RelayProbe.Delta] window=[8413,8533] src=Prediction n=120 p10=0 p50=1 p90=3 min=-2 max=4 satLow=0 satHigh=0
LogOGRelayProbe: Warning: [Warning][RelayProbe.Delta] window=[8413,8533] src=Resim n=386 p10=-5 p50=-3 p90=1 min=-8 max=3 satLow=0 satHigh=0
LogOGRelayProbe: Warning: [Warning][RelayProbe.Stale] window=[8413,8533] maxConsecutiveFallbackRun=17 id=28409
LogOGResimProbe: Warning: [Warning][ResimProbe.Gate] checks=120 declined=61 requested=59 requestedPerMille=492 deepSkips=0 survivingAnchors=0
LogOGResimProbe: Warning: [Warning][ResimProbe.Chaos] requests=58 grants=56 refused=2 refusedPerMille=34 repeat=2 clamped=0 depthMin=5 depthMax=10
LogOGResimProbe: Warning: [Warning][ResimProbe.Apply] prepares=56 finishes=56 abandoned=0 stuck=0 replayTicks=425 replayOverruns=0 freshProtects=39 staleProtects=0
LogOGResimProbe: Warning: [Warning][ResimProbe.Frame] role=Client simTicks=120 frames=201 meanTicksPerFrameX100=59 p50=1 p99=1 max=1 meanFrameUs=10000
LogOGResimProbe: Warning: [Warning][ResimProbe.Frame] role=Client cadence dFrame1=39 dFrame0=0 dFrameGt1=81 discont=0 numSteps total=120 max=1 gt1=0
LogOGResimProbe: Warning: [Warning][ResimProbe.Landing] class=LocallyPredicted behind=61 atFrontier=0 discarded=0 atFrontierPerMille=0 windowSamples=120
LogOGResimProbe: Warning: [Warning][ResimProbe.Landing] class=RemoteProxy behind=59 atFrontier=0 discarded=0 atFrontierPerMille=0 windowSamples=120
LogOGDivergenceProbe: Warning: [Warning][DivergenceProbe.Window] class=LocallyPredicted corrections=61 disagreed=61 ratePerMille=1000 windowSamples=120
LogOGDivergenceProbe: Warning: [Warning][DivergenceProbe.Window] class=RemoteProxy corrections=59 disagreed=59 ratePerMille=1000 windowSamples=120
LogOGRelayProbe: Warning: [Warning][RelayProbe.Read] window=[8533,8653] src=Prediction hit=46 miss=74 verifyFail=0 rung0=0 total=120
LogOGRelayProbe: Warning: [Warning][RelayProbe.Read] window=[8533,8653] src=Resim hit=389 miss=47 verifyFail=0 rung0=0 total=436
LogOGRelayProbe: Warning: [Warning][RelayProbe.Miss] window=[8533,8653] src=Prediction inSpan=0 aboveNewest=74 belowOldest=0 noProbeTick=0 miss=74
LogOGRelayProbe: Warning: [Warning][RelayProbe.Miss] window=[8533,8653] src=Resim inSpan=8 aboveNewest=39 belowOldest=0 noProbeTick=0 miss=47
LogOGRelayProbe: Warning: [Warning][RelayProbe.Delta] window=[8533,8653] src=Prediction n=120 p10=-1 p50=1 p90=2 min=-2 max=4 satLow=0 satHigh=0
LogOGRelayProbe: Warning: [Warning][RelayProbe.Delta] window=[8533,8653] src=Resim n=436 p10=-6 p50=-3 p90=0 min=-8 max=3 satLow=0 satHigh=0
LogOGRelayProbe: Warning: [Warning][RelayProbe.Stale] window=[8533,8653] maxConsecutiveFallbackRun=10 id=28409
LogOGResimProbe: Warning: [Warning][ResimProbe.Gate] checks=120 declined=59 requested=61 requestedPerMille=508 deepSkips=0 survivingAnchors=0
LogOGResimProbe: Warning: [Warning][ResimProbe.Chaos] requests=61 grants=61 refused=0 refusedPerMille=0 repeat=0 clamped=0 depthMin=5 depthMax=8
LogOGResimProbe: Warning: [Warning][ResimProbe.Apply] prepares=61 finishes=61 abandoned=0 stuck=0 replayTicks=447 replayOverruns=0 freshProtects=44 staleProtects=0
LogOGResimProbe: Warning: [Warning][ResimProbe.Frame] role=Client simTicks=120 frames=200 meanTicksPerFrameX100=60 p50=1 p99=1 max=1 meanFrameUs=10000
LogOGResimProbe: Warning: [Warning][ResimProbe.Frame] role=Client cadence dFrame1=40 dFrame0=0 dFrameGt1=80 discont=0 numSteps total=120 max=1 gt1=0
LogOGResimProbe: Warning: [Warning][ResimProbe.Landing] class=LocallyPredicted behind=60 atFrontier=0 discarded=0 atFrontierPerMille=0 windowSamples=120
LogOGResimProbe: Warning: [Warning][ResimProbe.Landing] class=RemoteProxy behind=60 atFrontier=0 discarded=0 atFrontierPerMille=0 windowSamples=120
LogOGDivergenceProbe: Warning: [Warning][DivergenceProbe.Window] class=LocallyPredicted corrections=60 disagreed=60 ratePerMille=1000 windowSamples=120
LogOGDivergenceProbe: Warning: [Warning][DivergenceProbe.Window] class=RemoteProxy corrections=60 disagreed=60 ratePerMille=1000 windowSamples=120
LogOGRelayProbe: Warning: [Warning][RelayProbe.Arrival] samples=120 gapCaptureTicks p50=2 p99=4 max=4 noAdvance=0 saturated=0 lostCaptureTicksX1000=0 lost=0 delivered=207 expected=207 discont=0 discontMax=0
LogOGRelayProbe: Warning: [Warning][RelayProbe.Read] window=[8653,8773] src=Prediction hit=72 miss=48 verifyFail=0 rung0=0 total=120
LogOGRelayProbe: Warning: [Warning][RelayProbe.Read] window=[8653,8773] src=Resim hit=425 miss=25 verifyFail=0 rung0=0 total=450
LogOGRelayProbe: Warning: [Warning][RelayProbe.Miss] window=[8653,8773] src=Prediction inSpan=0 aboveNewest=48 belowOldest=0 noProbeTick=0 miss=48
LogOGRelayProbe: Warning: [Warning][RelayProbe.Miss] window=[8653,8773] src=Resim inSpan=0 aboveNewest=25 belowOldest=0 noProbeTick=0 miss=25
LogOGRelayProbe: Warning: [Warning][RelayProbe.Delta] window=[8653,8773] src=Prediction n=120 p10=-1 p50=0 p90=2 min=-3 max=4 satLow=0 satHigh=0
LogOGRelayProbe: Warning: [Warning][RelayProbe.Delta] window=[8653,8773] src=Resim n=450 p10=-6 p50=-3 p90=0 min=-8 max=2 satLow=0 satHigh=0
LogOGRelayProbe: Warning: [Warning][RelayProbe.Stale] window=[8653,8773] maxConsecutiveFallbackRun=5 id=28409
LogOGResimProbe: Warning: [Warning][ResimProbe.Gate] checks=120 declined=53 requested=67 requestedPerMille=558 deepSkips=0 survivingAnchors=0
LogOGResimProbe: Warning: [Warning][ResimProbe.Chaos] requests=68 grants=68 refused=0 refusedPerMille=0 repeat=0 clamped=0 depthMin=5 depthMax=8
LogOGResimProbe: Warning: [Warning][ResimProbe.Apply] prepares=68 finishes=68 abandoned=0 stuck=0 replayTicks=477 replayOverruns=0 freshProtects=42 staleProtects=0
LogOGResimProbe: Warning: [Warning][ResimProbe.Frame] role=Client simTicks=120 frames=200 meanTicksPerFrameX100=60 p50=1 p99=1 max=1 meanFrameUs=10000
LogOGResimProbe: Warning: [Warning][ResimProbe.Frame] role=Client cadence dFrame1=40 dFrame0=0 dFrameGt1=80 discont=0 numSteps total=120 max=1 gt1=0
LogOGResimProbe: Warning: [Warning][ResimProbe.Landing] class=LocallyPredicted behind=60 atFrontier=0 discarded=0 atFrontierPerMille=0 windowSamples=120
LogOGResimProbe: Warning: [Warning][ResimProbe.Landing] class=RemoteProxy behind=60 atFrontier=0 discarded=0 atFrontierPerMille=0 windowSamples=120
LogOGDivergenceProbe: Warning: [Warning][DivergenceProbe.Window] class=LocallyPredicted corrections=60 disagreed=60 ratePerMille=1000 windowSamples=120
LogOGDivergenceProbe: Warning: [Warning][DivergenceProbe.Window] class=RemoteProxy corrections=60 disagreed=60 ratePerMille=1000 windowSamples=120
LogOGRelayProbe: Warning: [Warning][RelayProbe.Read] window=[8773,8893] src=Prediction hit=54 miss=66 verifyFail=0 rung0=0 total=120
LogOGRelayProbe: Warning: [Warning][RelayProbe.Read] window=[8773,8893] src=Resim hit=390 miss=40 verifyFail=0 rung0=0 total=430
LogOGRelayProbe: Warning: [Warning][RelayProbe.Miss] window=[8773,8893] src=Prediction inSpan=0 aboveNewest=66 belowOldest=0 noProbeTick=0 miss=66
LogOGRelayProbe: Warning: [Warning][RelayProbe.Miss] window=[8773,8893] src=Resim inSpan=0 aboveNewest=40 belowOldest=0 noProbeTick=0 miss=40
LogOGRelayProbe: Warning: [Warning][RelayProbe.Delta] window=[8773,8893] src=Prediction n=120 p10=-1 p50=1 p90=2 min=-2 max=4 satLow=0 satHigh=0
LogOGRelayProbe: Warning: [Warning][RelayProbe.Delta] window=[8773,8893] src=Resim n=430 p10=-6 p50=-3 p90=0 min=-8 max=3 satLow=0 satHigh=0
LogOGRelayProbe: Warning: [Warning][RelayProbe.Stale] window=[8773,8893] maxConsecutiveFallbackRun=8 id=28409
LogOGResimProbe: Warning: [Warning][ResimProbe.Gate] checks=120 declined=61 requested=59 requestedPerMille=492 deepSkips=0 survivingAnchors=0
LogOGResimProbe: Warning: [Warning][ResimProbe.Chaos] requests=59 grants=59 refused=0 refusedPerMille=0 repeat=0 clamped=0 depthMin=5 depthMax=8
LogOGResimProbe: Warning: [Warning][ResimProbe.Apply] prepares=59 finishes=59 abandoned=0 stuck=0 replayTicks=445 replayOverruns=0 freshProtects=37 staleProtects=0
LogOGResimProbe: Warning: [Warning][ResimProbe.Frame] role=Client simTicks=120 frames=200 meanTicksPerFrameX100=60 p50=1 p99=1 max=1 meanFrameUs=10000
LogOGResimProbe: Warning: [Warning][ResimProbe.Frame] role=Client cadence dFrame1=40 dFrame0=0 dFrameGt1=80 discont=0 numSteps total=120 max=1 gt1=0
LogOGResimProbe: Warning: [Warning][ResimProbe.Landing] class=LocallyPredicted behind=59 atFrontier=0 discarded=0 atFrontierPerMille=0 windowSamples=120
LogOGResimProbe: Warning: [Warning][ResimProbe.Landing] class=RemoteProxy behind=61 atFrontier=0 discarded=0 atFrontierPerMille=0 windowSamples=120
LogOGDivergenceProbe: Warning: [Warning][DivergenceProbe.Window] class=LocallyPredicted corrections=59 disagreed=59 ratePerMille=1000 windowSamples=120
LogOGDivergenceProbe: Warning: [Warning][DivergenceProbe.Window] class=RemoteProxy corrections=61 disagreed=61 ratePerMille=1000 windowSamples=120
LogOGRelayProbe: Warning: [Warning][RelayProbe.Arrival] samples=120 gapCaptureTicks p50=2 p99=4 max=4 noAdvance=0 saturated=0 lostCaptureTicksX1000=0 lost=0 delivered=227 expected=227 discont=0 discontMax=0
LogOGRelayProbe: Warning: [Warning][RelayProbe.Read] window=[8893,9013] src=Prediction hit=62 miss=58 verifyFail=0 rung0=0 total=120
LogOGRelayProbe: Warning: [Warning][RelayProbe.Read] window=[8893,9013] src=Resim hit=366 miss=28 verifyFail=0 rung0=0 total=394
LogOGRelayProbe: Warning: [Warning][RelayProbe.Miss] window=[8893,9013] src=Prediction inSpan=0 aboveNewest=58 belowOldest=0 noProbeTick=0 miss=58
LogOGRelayProbe: Warning: [Warning][RelayProbe.Miss] window=[8893,9013] src=Resim inSpan=2 aboveNewest=26 belowOldest=0 noProbeTick=0 miss=28
LogOGRelayProbe: Warning: [Warning][RelayProbe.Delta] window=[8893,9013] src=Prediction n=120 p10=-1 p50=0 p90=2 min=-3 max=4 satLow=0 satHigh=0
LogOGRelayProbe: Warning: [Warning][RelayProbe.Delta] window=[8893,9013] src=Resim n=394 p10=-6 p50=-3 p90=0 min=-8 max=2 satLow=0 satHigh=0
LogOGRelayProbe: Warning: [Warning][RelayProbe.Stale] window=[8893,9013] maxConsecutiveFallbackRun=6 id=28409
LogOGResimProbe: Warning: [Warning][ResimProbe.Gate] checks=120 declined=59 requested=61 requestedPerMille=508 deepSkips=0 survivingAnchors=0
LogOGResimProbe: Warning: [Warning][ResimProbe.Chaos] requests=61 grants=61 refused=0 refusedPerMille=0 repeat=0 clamped=0 depthMin=4 depthMax=7
LogOGResimProbe: Warning: [Warning][ResimProbe.Apply] prepares=61 finishes=61 abandoned=0 stuck=0 replayTicks=411 replayOverruns=0 freshProtects=38 staleProtects=0
LogOGResimProbe: Warning: [Warning][ResimProbe.Frame] role=Client simTicks=120 frames=200 meanTicksPerFrameX100=60 p50=1 p99=1 max=1 meanFrameUs=10000
LogOGResimProbe: Warning: [Warning][ResimProbe.Frame] role=Client cadence dFrame1=40 dFrame0=0 dFrameGt1=80 discont=0 numSteps total=120 max=1 gt1=0
LogOGResimProbe: Warning: [Warning][ResimProbe.Landing] class=LocallyPredicted behind=61 atFrontier=0 discarded=0 atFrontierPerMille=0 windowSamples=120
LogOGResimProbe: Warning: [Warning][ResimProbe.Landing] class=RemoteProxy behind=59 atFrontier=0 discarded=0 atFrontierPerMille=0 windowSamples=120
LogOGDivergenceProbe: Warning: [Warning][DivergenceProbe.Window] class=LocallyPredicted corrections=61 disagreed=61 ratePerMille=1000 windowSamples=120
LogOGDivergenceProbe: Warning: [Warning][DivergenceProbe.Window] class=RemoteProxy corrections=59 disagreed=59 ratePerMille=1000 windowSamples=120
LogOGRelayProbe: Warning: [Warning][RelayProbe.Read] window=[9013,9133] src=Prediction hit=51 miss=69 verifyFail=0 rung0=0 total=120
LogOGRelayProbe: Warning: [Warning][RelayProbe.Read] window=[9013,9133] src=Resim hit=411 miss=39 verifyFail=0 rung0=0 total=450
LogOGRelayProbe: Warning: [Warning][RelayProbe.Miss] window=[9013,9133] src=Prediction inSpan=0 aboveNewest=69 belowOldest=0 noProbeTick=0 miss=69
LogOGRelayProbe: Warning: [Warning][RelayProbe.Miss] window=[9013,9133] src=Resim inSpan=0 aboveNewest=39 belowOldest=0 noProbeTick=0 miss=39
LogOGRelayProbe: Warning: [Warning][RelayProbe.Delta] window=[9013,9133] src=Prediction n=120 p10=-1 p50=1 p90=2 min=-3 max=3 satLow=0 satHigh=0
LogOGRelayProbe: Warning: [Warning][RelayProbe.Delta] window=[9013,9133] src=Resim n=450 p10=-6 p50=-3 p90=0 min=-9 max=3 satLow=0 satHigh=0
LogOGRelayProbe: Warning: [Warning][RelayProbe.Stale] window=[9013,9133] maxConsecutiveFallbackRun=8 id=28409
LogOGResimProbe: Warning: [Warning][ResimProbe.Gate] checks=120 declined=53 requested=67 requestedPerMille=558 deepSkips=0 survivingAnchors=0
LogOGResimProbe: Warning: [Warning][ResimProbe.Chaos] requests=66 grants=64 refused=2 refusedPerMille=30 repeat=2 clamped=0 depthMin=5 depthMax=8
LogOGResimProbe: Warning: [Warning][ResimProbe.Apply] prepares=64 finishes=64 abandoned=0 stuck=0 replayTicks=469 replayOverruns=0 freshProtects=34 staleProtects=0
LogOGResimProbe: Warning: [Warning][ResimProbe.Frame] role=Client simTicks=120 frames=201 meanTicksPerFrameX100=59 p50=1 p99=1 max=1 meanFrameUs=9999
LogOGResimProbe: Warning: [Warning][ResimProbe.Frame] role=Client cadence dFrame1=39 dFrame0=0 dFrameGt1=81 discont=0 numSteps total=120 max=1 gt1=0
LogOGRelayProbe: Warning: [Warning][RelayProbe.Arrival] samples=120 gapCaptureTicks p50=2 p99=5 max=5 noAdvance=0 saturated=0 lostCaptureTicksX1000=8 lost=2 delivered=228 expected=230 discont=0 discontMax=0
LogOGResimProbe: Warning: [Warning][ResimProbe.Landing] class=LocallyPredicted behind=60 atFrontier=0 discarded=0 atFrontierPerMille=0 windowSamples=120
LogOGResimProbe: Warning: [Warning][ResimProbe.Landing] class=RemoteProxy behind=60 atFrontier=0 discarded=0 atFrontierPerMille=0 windowSamples=120
LogOGDivergenceProbe: Warning: [Warning][DivergenceProbe.Window] class=LocallyPredicted corrections=60 disagreed=60 ratePerMille=1000 windowSamples=120
LogOGDivergenceProbe: Warning: [Warning][DivergenceProbe.Window] class=RemoteProxy corrections=60 disagreed=60 ratePerMille=1000 windowSamples=120
LogOGRelayProbe: Warning: [Warning][RelayProbe.Read] window=[9133,9253] src=Prediction hit=67 miss=53 verifyFail=0 rung0=0 total=120
LogOGRelayProbe: Warning: [Warning][RelayProbe.Read] window=[9133,9253] src=Resim hit=401 miss=24 verifyFail=0 rung0=0 total=425
LogOGRelayProbe: Warning: [Warning][RelayProbe.Miss] window=[9133,9253] src=Prediction inSpan=0 aboveNewest=53 belowOldest=0 noProbeTick=0 miss=53
LogOGRelayProbe: Warning: [Warning][RelayProbe.Miss] window=[9133,9253] src=Resim inSpan=0 aboveNewest=24 belowOldest=0 noProbeTick=0 miss=24
LogOGRelayProbe: Warning: [Warning][RelayProbe.Delta] window=[9133,9253] src=Prediction n=120 p10=-1 p50=0 p90=2 min=-3 max=3 satLow=0 satHigh=0
LogOGRelayProbe: Warning: [Warning][RelayProbe.Delta] window=[9133,9253] src=Resim n=425 p10=-6 p50=-3 p90=0 min=-9 max=3 satLow=0 satHigh=0
LogOGRelayProbe: Warning: [Warning][RelayProbe.Stale] window=[9133,9253] maxConsecutiveFallbackRun=6 id=28409
LogOGResimProbe: Warning: [Warning][ResimProbe.Gate] checks=120 declined=59 requested=61 requestedPerMille=508 deepSkips=0 survivingAnchors=0
LogOGResimProbe: Warning: [Warning][ResimProbe.Chaos] requests=62 grants=62 refused=0 refusedPerMille=0 repeat=0 clamped=0 depthMin=4 depthMax=8
LogOGResimProbe: Warning: [Warning][ResimProbe.Apply] prepares=62 finishes=62 abandoned=0 stuck=0 replayTicks=444 replayOverruns=0 freshProtects=36 staleProtects=0
LogOGResimProbe: Warning: [Warning][ResimProbe.Frame] role=Client simTicks=120 frames=199 meanTicksPerFrameX100=60 p50=1 p99=1 max=1 meanFrameUs=10000
LogOGResimProbe: Warning: [Warning][ResimProbe.Frame] role=Client cadence dFrame1=41 dFrame0=0 dFrameGt1=79 discont=0 numSteps total=120 max=1 gt1=0
LogOGResimProbe: Warning: [Warning][ResimProbe.Landing] class=LocallyPredicted behind=60 atFrontier=0 discarded=0 atFrontierPerMille=0 windowSamples=120
LogOGResimProbe: Warning: [Warning][ResimProbe.Landing] class=RemoteProxy behind=60 atFrontier=0 discarded=0 atFrontierPerMille=0 windowSamples=120
LogOGDivergenceProbe: Warning: [Warning][DivergenceProbe.Window] class=LocallyPredicted corrections=60 disagreed=60 ratePerMille=1000 windowSamples=120
LogOGDivergenceProbe: Warning: [Warning][DivergenceProbe.Window] class=RemoteProxy corrections=60 disagreed=60 ratePerMille=1000 windowSamples=120
LogOGRelayProbe: Warning: [Warning][RelayProbe.Read] window=[9253,9373] src=Prediction hit=42 miss=78 verifyFail=0 rung0=0 total=120
LogOGRelayProbe: Warning: [Warning][RelayProbe.Read] window=[9253,9373] src=Resim hit=375 miss=48 verifyFail=0 rung0=0 total=423
LogOGRelayProbe: Warning: [Warning][RelayProbe.Miss] window=[9253,9373] src=Prediction inSpan=0 aboveNewest=78 belowOldest=0 noProbeTick=0 miss=78
LogOGRelayProbe: Warning: [Warning][RelayProbe.Miss] window=[9253,9373] src=Resim inSpan=0 aboveNewest=48 belowOldest=0 noProbeTick=0 miss=48
LogOGRelayProbe: Warning: [Warning][RelayProbe.Delta] window=[9253,9373] src=Prediction n=120 p10=-1 p50=1 p90=3 min=-2 max=4 satLow=0 satHigh=0
LogOGRelayProbe: Warning: [Warning][RelayProbe.Delta] window=[9253,9373] src=Resim n=423 p10=-6 p50=-3 p90=1 min=-8 max=4 satLow=0 satHigh=0
LogOGRelayProbe: Warning: [Warning][RelayProbe.Stale] window=[9253,9373] maxConsecutiveFallbackRun=14 id=28409
LogOGResimProbe: Warning: [Warning][ResimProbe.Gate] checks=120 declined=60 requested=60 requestedPerMille=500 deepSkips=0 survivingAnchors=0
LogOGResimProbe: Warning: [Warning][ResimProbe.Chaos] requests=59 grants=59 refused=0 refusedPerMille=0 repeat=0 clamped=0 depthMin=5 depthMax=8
LogOGResimProbe: Warning: [Warning][ResimProbe.Apply] prepares=59 finishes=59 abandoned=0 stuck=0 replayTicks=444 replayOverruns=0 freshProtects=34 staleProtects=0
LogOGResimProbe: Warning: [Warning][ResimProbe.Frame] role=Client simTicks=120 frames=199 meanTicksPerFrameX100=60 p50=1 p99=1 max=1 meanFrameUs=9999
LogOGResimProbe: Warning: [Warning][ResimProbe.Frame] role=Client cadence dFrame1=41 dFrame0=0 dFrameGt1=79 discont=0 numSteps total=120 max=1 gt1=0
LogOGRelayProbe: Warning: [Warning][RelayProbe.Arrival] samples=120 gapCaptureTicks p50=2 p99=4 max=6 noAdvance=0 saturated=0 lostCaptureTicksX1000=22 lost=5 delivered=216 expected=221 discont=0 discontMax=0
LogOGResimProbe: Warning: [Warning][ResimProbe.Landing] class=LocallyPredicted behind=60 atFrontier=0 discarded=0 atFrontierPerMille=0 windowSamples=120
LogOGResimProbe: Warning: [Warning][ResimProbe.Landing] class=RemoteProxy behind=60 atFrontier=0 discarded=0 atFrontierPerMille=0 windowSamples=120
LogOGDivergenceProbe: Warning: [Warning][DivergenceProbe.Window] class=LocallyPredicted corrections=60 disagreed=60 ratePerMille=1000 windowSamples=120
LogOGDivergenceProbe: Warning: [Warning][DivergenceProbe.Window] class=RemoteProxy corrections=60 disagreed=60 ratePerMille=1000 windowSamples=120
LogOGRelayProbe: Warning: [Warning][RelayProbe.Read] window=[9373,9493] src=Prediction hit=46 miss=74 verifyFail=0 rung0=0 total=120
LogOGRelayProbe: Warning: [Warning][RelayProbe.Read] window=[9373,9493] src=Resim hit=377 miss=62 verifyFail=0 rung0=0 total=439
LogOGRelayProbe: Warning: [Warning][RelayProbe.Miss] window=[9373,9493] src=Prediction inSpan=0 aboveNewest=74 belowOldest=0 noProbeTick=0 miss=74
LogOGRelayProbe: Warning: [Warning][RelayProbe.Miss] window=[9373,9493] src=Resim inSpan=13 aboveNewest=49 belowOldest=0 noProbeTick=0 miss=62
LogOGRelayProbe: Warning: [Warning][RelayProbe.Delta] window=[9373,9493] src=Prediction n=120 p10=-1 p50=1 p90=3 min=-2 max=6 satLow=0 satHigh=0
LogOGRelayProbe: Warning: [Warning][RelayProbe.Delta] window=[9373,9493] src=Resim n=439 p10=-6 p50=-3 p90=1 min=-9 max=4 satLow=0 satHigh=0
LogOGRelayProbe: Warning: [Warning][RelayProbe.Stale] window=[9373,9493] maxConsecutiveFallbackRun=9 id=28409
LogOGResimProbe: Warning: [Warning][ResimProbe.Gate] checks=120 declined=59 requested=61 requestedPerMille=508 deepSkips=0 survivingAnchors=0
LogOGResimProbe: Warning: [Warning][ResimProbe.Chaos] requests=61 grants=61 refused=0 refusedPerMille=0 repeat=0 clamped=0 depthMin=4 depthMax=8
LogOGResimProbe: Warning: [Warning][ResimProbe.Apply] prepares=61 finishes=61 abandoned=0 stuck=0 replayTicks=469 replayOverruns=0 freshProtects=34 staleProtects=1
LogOGResimProbe: Warning: [Warning][ResimProbe.Frame] role=Client simTicks=120 frames=201 meanTicksPerFrameX100=59 p50=1 p99=1 max=1 meanFrameUs=10000
LogOGResimProbe: Warning: [Warning][ResimProbe.Frame] role=Client cadence dFrame1=39 dFrame0=0 dFrameGt1=81 discont=0 numSteps total=120 max=1 gt1=0
LogOGResimProbe: Warning: [Warning][ResimProbe.Landing] class=LocallyPredicted behind=59 atFrontier=0 discarded=0 atFrontierPerMille=0 windowSamples=120
LogOGResimProbe: Warning: [Warning][ResimProbe.Landing] class=RemoteProxy behind=61 atFrontier=0 discarded=0 atFrontierPerMille=0 windowSamples=120
LogOGDivergenceProbe: Warning: [Warning][DivergenceProbe.Window] class=LocallyPredicted corrections=59 disagreed=59 ratePerMille=1000 windowSamples=120
LogOGDivergenceProbe: Warning: [Warning][DivergenceProbe.Window] class=RemoteProxy corrections=61 disagreed=61 ratePerMille=1000 windowSamples=120
LogOGRelayProbe: Warning: [Warning][RelayProbe.Read] window=[9493,9613] src=Prediction hit=34 miss=86 verifyFail=0 rung0=0 total=120
LogOGRelayProbe: Warning: [Warning][RelayProbe.Read] window=[9493,9613] src=Resim hit=378 miss=61 verifyFail=0 rung0=0 total=439
LogOGRelayProbe: Warning: [Warning][RelayProbe.Miss] window=[9493,9613] src=Prediction inSpan=0 aboveNewest=86 belowOldest=0 noProbeTick=0 miss=86
LogOGRelayProbe: Warning: [Warning][RelayProbe.Miss] window=[9493,9613] src=Resim inSpan=0 aboveNewest=61 belowOldest=0 noProbeTick=0 miss=61
LogOGRelayProbe: Warning: [Warning][RelayProbe.Delta] window=[9493,9613] src=Prediction n=120 p10=-1 p50=1 p90=3 min=-2 max=5 satLow=0 satHigh=0
LogOGRelayProbe: Warning: [Warning][RelayProbe.Delta] window=[9493,9613] src=Resim n=439 p10=-5 p50=-2 p90=1 min=-8 max=5 satLow=0 satHigh=0
LogOGRelayProbe: Warning: [Warning][RelayProbe.Stale] window=[9493,9613] maxConsecutiveFallbackRun=27 id=28409
LogOGResimProbe: Warning: [Warning][ResimProbe.Gate] checks=120 declined=60 requested=60 requestedPerMille=500 deepSkips=0 survivingAnchors=0
LogOGResimProbe: Warning: [Warning][ResimProbe.Chaos] requests=61 grants=61 refused=0 refusedPerMille=0 repeat=0 clamped=0 depthMin=5 depthMax=8
LogOGResimProbe: Warning: [Warning][ResimProbe.Apply] prepares=61 finishes=61 abandoned=0 stuck=0 replayTicks=457 replayOverruns=0 freshProtects=39 staleProtects=0
LogOGResimProbe: Warning: [Warning][ResimProbe.Frame] role=Client simTicks=120 frames=199 meanTicksPerFrameX100=60 p50=1 p99=1 max=1 meanFrameUs=10000
LogOGResimProbe: Warning: [Warning][ResimProbe.Frame] role=Client cadence dFrame1=41 dFrame0=0 dFrameGt1=79 discont=0 numSteps total=120 max=1 gt1=0
LogOGRelayProbe: Warning: [Warning][RelayProbe.Arrival] samples=120 gapCaptureTicks p50=2 p99=4 max=4 noAdvance=0 saturated=0 lostCaptureTicksX1000=4 lost=1 delivered=229 expected=230 discont=0 discontMax=0
LogOGResimProbe: Warning: [Warning][ResimProbe.Landing] class=LocallyPredicted behind=60 atFrontier=0 discarded=0 atFrontierPerMille=0 windowSamples=120
LogOGResimProbe: Warning: [Warning][ResimProbe.Landing] class=RemoteProxy behind=60 atFrontier=0 discarded=0 atFrontierPerMille=0 windowSamples=120
LogOGDivergenceProbe: Warning: [Warning][DivergenceProbe.Window] class=LocallyPredicted corrections=60 disagreed=60 ratePerMille=1000 windowSamples=120
LogOGDivergenceProbe: Warning: [Warning][DivergenceProbe.Window] class=RemoteProxy corrections=60 disagreed=60 ratePerMille=1000 windowSamples=120
LogOGRelayProbe: Warning: [Warning][RelayProbe.Read] window=[9613,9733] src=Prediction hit=50 miss=70 verifyFail=0 rung0=0 total=120
LogOGRelayProbe: Warning: [Warning][RelayProbe.Read] window=[9613,9733] src=Resim hit=427 miss=44 verifyFail=0 rung0=0 total=471
LogOGRelayProbe: Warning: [Warning][RelayProbe.Miss] window=[9613,9733] src=Prediction inSpan=0 aboveNewest=70 belowOldest=0 noProbeTick=0 miss=70
LogOGRelayProbe: Warning: [Warning][RelayProbe.Miss] window=[9613,9733] src=Resim inSpan=1 aboveNewest=43 belowOldest=0 noProbeTick=0 miss=44
LogOGRelayProbe: Warning: [Warning][RelayProbe.Delta] window=[9613,9733] src=Prediction n=120 p10=-1 p50=1 p90=3 min=-2 max=4 satLow=0 satHigh=0
LogOGRelayProbe: Warning: [Warning][RelayProbe.Delta] window=[9613,9733] src=Resim n=471 p10=-6 p50=-3 p90=0 min=-9 max=3 satLow=0 satHigh=0
LogOGRelayProbe: Warning: [Warning][RelayProbe.Stale] window=[9613,9733] maxConsecutiveFallbackRun=10 id=28409
LogOGResimProbe: Warning: [Warning][ResimProbe.Gate] checks=120 declined=58 requested=62 requestedPerMille=517 deepSkips=0 survivingAnchors=0
LogOGResimProbe: Warning: [Warning][ResimProbe.Chaos] requests=62 grants=62 refused=0 refusedPerMille=0 repeat=0 clamped=0 depthMin=5 depthMax=8
LogOGResimProbe: Warning: [Warning][ResimProbe.Apply] prepares=62 finishes=62 abandoned=0 stuck=0 replayTicks=473 replayOverruns=0 freshProtects=37 staleProtects=0
LogOGResimProbe: Warning: [Warning][ResimProbe.Frame] role=Client simTicks=120 frames=201 meanTicksPerFrameX100=59 p50=1 p99=1 max=1 meanFrameUs=9999
LogOGResimProbe: Warning: [Warning][ResimProbe.Frame] role=Client cadence dFrame1=39 dFrame0=0 dFrameGt1=81 discont=0 numSteps total=120 max=1 gt1=0
LogOGResimProbe: Warning: [Warning][ResimProbe.Landing] class=LocallyPredicted behind=60 atFrontier=0 discarded=0 atFrontierPerMille=0 windowSamples=120
LogOGResimProbe: Warning: [Warning][ResimProbe.Landing] class=RemoteProxy behind=60 atFrontier=0 discarded=0 atFrontierPerMille=0 windowSamples=120
LogOGDivergenceProbe: Warning: [Warning][DivergenceProbe.Window] class=LocallyPredicted corrections=60 disagreed=60 ratePerMille=1000 windowSamples=120
LogOGDivergenceProbe: Warning: [Warning][DivergenceProbe.Window] class=RemoteProxy corrections=60 disagreed=60 ratePerMille=1000 windowSamples=120
LogOGRelayProbe: Warning: [Warning][RelayProbe.Read] window=[9733,9853] src=Prediction hit=22 miss=98 verifyFail=0 rung0=0 total=120
LogOGRelayProbe: Warning: [Warning][RelayProbe.Read] window=[9733,9853] src=Resim hit=361 miss=98 verifyFail=0 rung0=0 total=459
LogOGRelayProbe: Warning: [Warning][RelayProbe.Miss] window=[9733,9853] src=Prediction inSpan=0 aboveNewest=98 belowOldest=0 noProbeTick=0 miss=98
LogOGRelayProbe: Warning: [Warning][RelayProbe.Miss] window=[9733,9853] src=Resim inSpan=0 aboveNewest=98 belowOldest=0 noProbeTick=0 miss=98
LogOGRelayProbe: Warning: [Warning][RelayProbe.Delta] window=[9733,9853] src=Prediction n=120 p10=0 p50=2 p90=4 min=-1 max=5 satLow=0 satHigh=0
LogOGRelayProbe: Warning: [Warning][RelayProbe.Delta] window=[9733,9853] src=Resim n=459 p10=-5 p50=-2 p90=2 min=-7 max=4 satLow=0 satHigh=0
LogOGRelayProbe: Warning: [Warning][RelayProbe.Stale] window=[9733,9853] maxConsecutiveFallbackRun=31 id=28409
LogOGRelayProbe: Warning: [Warning][RelayProbe.Arrival] samples=120 gapCaptureTicks p50=2 p99=3 max=4 noAdvance=0 saturated=0 lostCaptureTicksX1000=4 lost=1 delivered=205 expected=206 discont=0 discontMax=0
LogOGResimProbe: Warning: [Warning][ResimProbe.Gate] checks=120 declined=58 requested=62 requestedPerMille=517 deepSkips=0 survivingAnchors=0
LogOGResimProbe: Warning: [Warning][ResimProbe.Chaos] requests=61 grants=61 refused=0 refusedPerMille=0 repeat=0 clamped=0 depthMin=5 depthMax=9
LogOGResimProbe: Warning: [Warning][ResimProbe.Apply] prepares=61 finishes=61 abandoned=0 stuck=0 replayTicks=483 replayOverruns=0 freshProtects=38 staleProtects=0
LogOGResimProbe: Warning: [Warning][ResimProbe.Frame] role=Client simTicks=120 frames=199 meanTicksPerFrameX100=60 p50=1 p99=1 max=1 meanFrameUs=10000
LogOGResimProbe: Warning: [Warning][ResimProbe.Frame] role=Client cadence dFrame1=41 dFrame0=0 dFrameGt1=79 discont=0 numSteps total=120 max=1 gt1=0
LogOGResimProbe: Warning: [Warning][ResimProbe.Landing] class=LocallyPredicted behind=60 atFrontier=0 discarded=0 atFrontierPerMille=0 windowSamples=120
LogOGResimProbe: Warning: [Warning][ResimProbe.Landing] class=RemoteProxy behind=60 atFrontier=0 discarded=0 atFrontierPerMille=0 windowSamples=120
LogOGDivergenceProbe: Warning: [Warning][DivergenceProbe.Window] class=LocallyPredicted corrections=60 disagreed=60 ratePerMille=1000 windowSamples=120
LogOGDivergenceProbe: Warning: [Warning][DivergenceProbe.Window] class=RemoteProxy corrections=60 disagreed=60 ratePerMille=1000 windowSamples=120
LogOGRelayProbe: Warning: [Warning][RelayProbe.Read] window=[9853,9973] src=Prediction hit=38 miss=82 verifyFail=0 rung0=0 total=120
LogOGRelayProbe: Warning: [Warning][RelayProbe.Read] window=[9853,9973] src=Resim hit=415 miss=63 verifyFail=0 rung0=0 total=478
LogOGRelayProbe: Warning: [Warning][RelayProbe.Miss] window=[9853,9973] src=Prediction inSpan=0 aboveNewest=82 belowOldest=0 noProbeTick=0 miss=82
LogOGRelayProbe: Warning: [Warning][RelayProbe.Miss] window=[9853,9973] src=Resim inSpan=0 aboveNewest=63 belowOldest=0 noProbeTick=0 miss=63
LogOGRelayProbe: Warning: [Warning][RelayProbe.Delta] window=[9853,9973] src=Prediction n=120 p10=-1 p50=1 p90=3 min=-2 max=4 satLow=0 satHigh=0
LogOGRelayProbe: Warning: [Warning][RelayProbe.Delta] window=[9853,9973] src=Resim n=478 p10=-6 p50=-2 p90=1 min=-8 max=4 satLow=0 satHigh=0
LogOGRelayProbe: Warning: [Warning][RelayProbe.Stale] window=[9853,9973] maxConsecutiveFallbackRun=25 id=28409
LogOGResimProbe: Warning: [Warning][ResimProbe.Gate] checks=120 declined=55 requested=65 requestedPerMille=542 deepSkips=0 survivingAnchors=0
LogOGResimProbe: Warning: [Warning][ResimProbe.Chaos] requests=66 grants=66 refused=0 refusedPerMille=0 repeat=0 clamped=0 depthMin=4 depthMax=8
LogOGResimProbe: Warning: [Warning][ResimProbe.Apply] prepares=66 finishes=66 abandoned=0 stuck=0 replayTicks=506 replayOverruns=0 freshProtects=37 staleProtects=0
LogOGResimProbe: Warning: [Warning][ResimProbe.Frame] role=Client simTicks=120 frames=200 meanTicksPerFrameX100=60 p50=1 p99=1 max=1 meanFrameUs=10000
LogOGResimProbe: Warning: [Warning][ResimProbe.Frame] role=Client cadence dFrame1=40 dFrame0=0 dFrameGt1=80 discont=0 numSteps total=120 max=1 gt1=0
LogOGResimProbe: Warning: [Warning][ResimProbe.Landing] class=LocallyPredicted behind=59 atFrontier=0 discarded=0 atFrontierPerMille=0 windowSamples=120
LogOGResimProbe: Warning: [Warning][ResimProbe.Landing] class=RemoteProxy behind=61 atFrontier=0 discarded=0 atFrontierPerMille=0 windowSamples=120
LogOGDivergenceProbe: Warning: [Warning][DivergenceProbe.Window] class=LocallyPredicted corrections=59 disagreed=59 ratePerMille=1000 windowSamples=120
LogOGDivergenceProbe: Warning: [Warning][DivergenceProbe.Window] class=RemoteProxy corrections=61 disagreed=61 ratePerMille=1000 windowSamples=120
LogOGRelayProbe: Warning: [Warning][RelayProbe.Arrival] samples=120 gapCaptureTicks p50=2 p99=4 max=5 noAdvance=0 saturated=0 lostCaptureTicksX1000=4 lost=1 delivered=213 expected=214 discont=0 discontMax=0
LogOGRelayProbe: Warning: [Warning][RelayProbe.Read] window=[9973,10093] src=Prediction hit=27 miss=93 verifyFail=0 rung0=0 total=120
LogOGRelayProbe: Warning: [Warning][RelayProbe.Read] window=[9973,10093] src=Resim hit=415 miss=80 verifyFail=0 rung0=0 total=495
LogOGRelayProbe: Warning: [Warning][RelayProbe.Miss] window=[9973,10093] src=Prediction inSpan=0 aboveNewest=93 belowOldest=0 noProbeTick=0 miss=93
LogOGRelayProbe: Warning: [Warning][RelayProbe.Miss] window=[9973,10093] src=Resim inSpan=4 aboveNewest=76 belowOldest=0 noProbeTick=0 miss=80
LogOGRelayProbe: Warning: [Warning][RelayProbe.Delta] window=[9973,10093] src=Prediction n=120 p10=0 p50=2 p90=3 min=-2 max=4 satLow=0 satHigh=0
LogOGRelayProbe: Warning: [Warning][RelayProbe.Delta] window=[9973,10093] src=Resim n=495 p10=-5 p50=-2 p90=1 min=-7 max=3 satLow=0 satHigh=0
LogOGRelayProbe: Warning: [Warning][RelayProbe.Stale] window=[9973,10093] maxConsecutiveFallbackRun=14 id=28409
LogOGResimProbe: Warning: [Warning][ResimProbe.Gate] checks=120 declined=56 requested=64 requestedPerMille=533 deepSkips=0 survivingAnchors=0
LogOGResimProbe: Warning: [Warning][ResimProbe.Chaos] requests=64 grants=64 refused=0 refusedPerMille=0 repeat=0 clamped=0 depthMin=5 depthMax=8
LogOGResimProbe: Warning: [Warning][ResimProbe.Apply] prepares=64 finishes=64 abandoned=0 stuck=0 replayTicks=508 replayOverruns=0 freshProtects=37 staleProtects=0
LogOGResimProbe: Warning: [Warning][ResimProbe.Frame] role=Client simTicks=120 frames=200 meanTicksPerFrameX100=60 p50=1 p99=1 max=1 meanFrameUs=10000
LogOGResimProbe: Warning: [Warning][ResimProbe.Frame] role=Client cadence dFrame1=40 dFrame0=0 dFrameGt1=80 discont=0 numSteps total=120 max=1 gt1=0
LogOGResimProbe: Warning: [Warning][ResimProbe.Landing] class=LocallyPredicted behind=61 atFrontier=0 discarded=0 atFrontierPerMille=0 windowSamples=120
LogOGResimProbe: Warning: [Warning][ResimProbe.Landing] class=RemoteProxy behind=59 atFrontier=0 discarded=0 atFrontierPerMille=0 windowSamples=120
LogOGDivergenceProbe: Warning: [Warning][DivergenceProbe.Window] class=LocallyPredicted corrections=61 disagreed=61 ratePerMille=1000 windowSamples=120
LogOGDivergenceProbe: Warning: [Warning][DivergenceProbe.Window] class=RemoteProxy corrections=59 disagreed=59 ratePerMille=1000 windowSamples=120
LogOGRelayProbe: Warning: [Warning][RelayProbe.Read] window=[10093,10213] src=Prediction hit=48 miss=72 verifyFail=0 rung0=0 total=120
LogOGRelayProbe: Warning: [Warning][RelayProbe.Read] window=[10093,10213] src=Resim hit=434 miss=55 verifyFail=0 rung0=0 total=489
LogOGRelayProbe: Warning: [Warning][RelayProbe.Miss] window=[10093,10213] src=Prediction inSpan=0 aboveNewest=72 belowOldest=0 noProbeTick=0 miss=72
LogOGRelayProbe: Warning: [Warning][RelayProbe.Miss] window=[10093,10213] src=Resim inSpan=7 aboveNewest=48 belowOldest=0 noProbeTick=0 miss=55
LogOGRelayProbe: Warning: [Warning][RelayProbe.Delta] window=[10093,10213] src=Prediction n=120 p10=-1 p50=1 p90=2 min=-2 max=3 satLow=0 satHigh=0
LogOGRelayProbe: Warning: [Warning][RelayProbe.Delta] window=[10093,10213] src=Resim n=489 p10=-6 p50=-3 p90=0 min=-8 max=3 satLow=0 satHigh=0
LogOGRelayProbe: Warning: [Warning][RelayProbe.Stale] window=[10093,10213] maxConsecutiveFallbackRun=15 id=28409
LogOGResimProbe: Warning: [Warning][ResimProbe.Gate] checks=120 declined=52 requested=68 requestedPerMille=567 deepSkips=0 survivingAnchors=0
LogOGResimProbe: Warning: [Warning][ResimProbe.Chaos] requests=67 grants=67 refused=0 refusedPerMille=0 repeat=0 clamped=0 depthMin=5 depthMax=8
LogOGResimProbe: Warning: [Warning][ResimProbe.Apply] prepares=67 finishes=67 abandoned=0 stuck=0 replayTicks=501 replayOverruns=0 freshProtects=36 staleProtects=0
LogOGResimProbe: Warning: [Warning][ResimProbe.Frame] role=Client simTicks=120 frames=201 meanTicksPerFrameX100=59 p50=1 p99=1 max=1 meanFrameUs=10000
LogOGResimProbe: Warning: [Warning][ResimProbe.Frame] role=Client cadence dFrame1=39 dFrame0=0 dFrameGt1=81 discont=0 numSteps total=120 max=1 gt1=0
LogOGResimProbe: Warning: [Warning][ResimProbe.Landing] class=LocallyPredicted behind=60 atFrontier=0 discarded=0 atFrontierPerMille=0 windowSamples=120
LogOGResimProbe: Warning: [Warning][ResimProbe.Landing] class=RemoteProxy behind=60 atFrontier=0 discarded=0 atFrontierPerMille=0 windowSamples=120
LogOGDivergenceProbe: Warning: [Warning][DivergenceProbe.Window] class=LocallyPredicted corrections=60 disagreed=60 ratePerMille=1000 windowSamples=120
LogOGDivergenceProbe: Warning: [Warning][DivergenceProbe.Window] class=RemoteProxy corrections=60 disagreed=60 ratePerMille=1000 windowSamples=120
LogOGRelayProbe: Warning: [Warning][RelayProbe.Arrival] samples=120 gapCaptureTicks p50=2 p99=4 max=4 noAdvance=0 saturated=0 lostCaptureTicksX1000=29 lost=7 delivered=231 expected=238 discont=0 discontMax=0
LogOGRelayProbe: Warning: [Warning][RelayProbe.Read] window=[10213,10333] src=Prediction hit=55 miss=65 verifyFail=0 rung0=0 total=120
LogOGRelayProbe: Warning: [Warning][RelayProbe.Read] window=[10213,10333] src=Resim hit=393 miss=54 verifyFail=0 rung0=0 total=447
LogOGRelayProbe: Warning: [Warning][RelayProbe.Miss] window=[10213,10333] src=Prediction inSpan=1 aboveNewest=64 belowOldest=0 noProbeTick=0 miss=65
LogOGRelayProbe: Warning: [Warning][RelayProbe.Miss] window=[10213,10333] src=Resim inSpan=14 aboveNewest=40 belowOldest=0 noProbeTick=0 miss=54
LogOGRelayProbe: Warning: [Warning][RelayProbe.Delta] window=[10213,10333] src=Prediction n=120 p10=-1 p50=1 p90=2 min=-3 max=4 satLow=0 satHigh=0
LogOGRelayProbe: Warning: [Warning][RelayProbe.Delta] window=[10213,10333] src=Resim n=447 p10=-6 p50=-3 p90=0 min=-8 max=3 satLow=0 satHigh=0
LogOGRelayProbe: Warning: [Warning][RelayProbe.Stale] window=[10213,10333] maxConsecutiveFallbackRun=9 id=28409
LogOGResimProbe: Warning: [Warning][ResimProbe.Gate] checks=120 declined=56 requested=64 requestedPerMille=533 deepSkips=0 survivingAnchors=0
LogOGResimProbe: Warning: [Warning][ResimProbe.Chaos] requests=65 grants=65 refused=0 refusedPerMille=0 repeat=0 clamped=0 depthMin=4 depthMax=8
LogOGResimProbe: Warning: [Warning][ResimProbe.Apply] prepares=65 finishes=65 abandoned=0 stuck=0 replayTicks=479 replayOverruns=0 freshProtects=34 staleProtects=1
LogOGResimProbe: Warning: [Warning][ResimProbe.Frame] role=Client simTicks=120 frames=200 meanTicksPerFrameX100=60 p50=1 p99=1 max=1 meanFrameUs=9999
LogOGResimProbe: Warning: [Warning][ResimProbe.Frame] role=Client cadence dFrame1=40 dFrame0=0 dFrameGt1=80 discont=0 numSteps total=120 max=1 gt1=0
LogOGResimProbe: Warning: [Warning][ResimProbe.Landing] class=LocallyPredicted behind=61 atFrontier=0 discarded=0 atFrontierPerMille=0 windowSamples=120
LogOGResimProbe: Warning: [Warning][ResimProbe.Landing] class=RemoteProxy behind=59 atFrontier=0 discarded=0 atFrontierPerMille=0 windowSamples=120
LogOGDivergenceProbe: Warning: [Warning][DivergenceProbe.Window] class=LocallyPredicted corrections=61 disagreed=61 ratePerMille=1000 windowSamples=120
LogOGDivergenceProbe: Warning: [Warning][DivergenceProbe.Window] class=RemoteProxy corrections=59 disagreed=59 ratePerMille=1000 windowSamples=120
LogOGRelayProbe: Warning: [Warning][RelayProbe.Read] window=[10333,10453] src=Prediction hit=28 miss=92 verifyFail=0 rung0=0 total=120
LogOGRelayProbe: Warning: [Warning][RelayProbe.Read] window=[10333,10453] src=Resim hit=403 miss=98 verifyFail=0 rung0=0 total=501
LogOGRelayProbe: Warning: [Warning][RelayProbe.Miss] window=[10333,10453] src=Prediction inSpan=1 aboveNewest=91 belowOldest=0 noProbeTick=0 miss=92
LogOGRelayProbe: Warning: [Warning][RelayProbe.Miss] window=[10333,10453] src=Resim inSpan=10 aboveNewest=88 belowOldest=0 noProbeTick=0 miss=98
LogOGRelayProbe: Warning: [Warning][RelayProbe.Delta] window=[10333,10453] src=Prediction n=120 p10=-1 p50=1 p90=3 min=-3 max=5 satLow=0 satHigh=0
LogOGRelayProbe: Warning: [Warning][RelayProbe.Delta] window=[10333,10453] src=Resim n=501 p10=-5 p50=-2 p90=1 min=-8 max=5 satLow=0 satHigh=0
LogOGRelayProbe: Warning: [Warning][RelayProbe.Stale] window=[10333,10453] maxConsecutiveFallbackRun=26 id=28409
LogOGResimProbe: Warning: [Warning][ResimProbe.Gate] checks=120 declined=55 requested=65 requestedPerMille=542 deepSkips=0 survivingAnchors=0
LogOGResimProbe: Warning: [Warning][ResimProbe.Chaos] requests=64 grants=64 refused=0 refusedPerMille=0 repeat=0 clamped=0 depthMin=5 depthMax=9
LogOGResimProbe: Warning: [Warning][ResimProbe.Apply] prepares=64 finishes=64 abandoned=0 stuck=0 replayTicks=508 replayOverruns=0 freshProtects=36 staleProtects=0
LogOGResimProbe: Warning: [Warning][ResimProbe.Frame] role=Client simTicks=120 frames=200 meanTicksPerFrameX100=60 p50=1 p99=1 max=1 meanFrameUs=10000
LogOGResimProbe: Warning: [Warning][ResimProbe.Frame] role=Client cadence dFrame1=40 dFrame0=0 dFrameGt1=80 discont=0 numSteps total=120 max=1 gt1=0
LogOGResimProbe: Warning: [Warning][ResimProbe.Landing] class=LocallyPredicted behind=60 atFrontier=0 discarded=0 atFrontierPerMille=0 windowSamples=120
LogOGResimProbe: Warning: [Warning][ResimProbe.Landing] class=RemoteProxy behind=60 atFrontier=0 discarded=0 atFrontierPerMille=0 windowSamples=120
LogOGDivergenceProbe: Warning: [Warning][DivergenceProbe.Window] class=LocallyPredicted corrections=60 disagreed=60 ratePerMille=1000 windowSamples=120
LogOGDivergenceProbe: Warning: [Warning][DivergenceProbe.Window] class=RemoteProxy corrections=60 disagreed=60 ratePerMille=1000 windowSamples=120
LogOGRelayProbe: Warning: [Warning][RelayProbe.Arrival] samples=120 gapCaptureTicks p50=2 p99=4 max=5 noAdvance=0 saturated=0 lostCaptureTicksX1000=12 lost=3 delivered=232 expected=235 discont=0 discontMax=0
LogOGRelayProbe: Warning: [Warning][RelayProbe.Read] window=[10453,10573] src=Prediction hit=54 miss=66 verifyFail=0 rung0=0 total=120
LogOGRelayProbe: Warning: [Warning][RelayProbe.Read] window=[10453,10573] src=Resim hit=391 miss=31 verifyFail=0 rung0=0 total=422
LogOGRelayProbe: Warning: [Warning][RelayProbe.Miss] window=[10453,10573] src=Prediction inSpan=0 aboveNewest=66 belowOldest=0 noProbeTick=0 miss=66
LogOGRelayProbe: Warning: [Warning][RelayProbe.Miss] window=[10453,10573] src=Resim inSpan=0 aboveNewest=31 belowOldest=0 noProbeTick=0 miss=31
LogOGRelayProbe: Warning: [Warning][RelayProbe.Delta] window=[10453,10573] src=Prediction n=120 p10=-1 p50=1 p90=2 min=-2 max=4 satLow=0 satHigh=0
LogOGRelayProbe: Warning: [Warning][RelayProbe.Delta] window=[10453,10573] src=Resim n=422 p10=-6 p50=-3 p90=0 min=-9 max=2 satLow=0 satHigh=0
LogOGRelayProbe: Warning: [Warning][RelayProbe.Stale] window=[10453,10573] maxConsecutiveFallbackRun=11 id=28409
LogOGResimProbe: Warning: [Warning][ResimProbe.Gate] checks=120 declined=60 requested=60 requestedPerMille=500 deepSkips=0 survivingAnchors=0
LogOGResimProbe: Warning: [Warning][ResimProbe.Chaos] requests=61 grants=61 refused=0 refusedPerMille=0 repeat=0 clamped=0 depthMin=5 depthMax=8
LogOGResimProbe: Warning: [Warning][ResimProbe.Apply] prepares=61 finishes=61 abandoned=0 stuck=0 replayTicks=440 replayOverruns=0 freshProtects=39 staleProtects=0
LogOGResimProbe: Warning: [Warning][ResimProbe.Frame] role=Client simTicks=120 frames=200 meanTicksPerFrameX100=60 p50=1 p99=1 max=1 meanFrameUs=9999
LogOGResimProbe: Warning: [Warning][ResimProbe.Frame] role=Client cadence dFrame1=40 dFrame0=0 dFrameGt1=80 discont=0 numSteps total=120 max=1 gt1=0
LogOGResimProbe: Warning: [Warning][ResimProbe.Landing] class=LocallyPredicted behind=60 atFrontier=0 discarded=0 atFrontierPerMille=0 windowSamples=120
LogOGResimProbe: Warning: [Warning][ResimProbe.Landing] class=RemoteProxy behind=60 atFrontier=0 discarded=0 atFrontierPerMille=0 windowSamples=120
LogOGDivergenceProbe: Warning: [Warning][DivergenceProbe.Window] class=LocallyPredicted corrections=60 disagreed=60 ratePerMille=1000 windowSamples=120
LogOGDivergenceProbe: Warning: [Warning][DivergenceProbe.Window] class=RemoteProxy corrections=60 disagreed=60 ratePerMille=1000 windowSamples=120
LogOGRelayProbe: Warning: [Warning][RelayProbe.Read] window=[10573,10693] src=Prediction hit=46 miss=74 verifyFail=0 rung0=0 total=120
LogOGRelayProbe: Warning: [Warning][RelayProbe.Read] window=[10573,10693] src=Resim hit=425 miss=61 verifyFail=0 rung0=0 total=486
LogOGRelayProbe: Warning: [Warning][RelayProbe.Miss] window=[10573,10693] src=Prediction inSpan=0 aboveNewest=74 belowOldest=0 noProbeTick=0 miss=74
LogOGRelayProbe: Warning: [Warning][RelayProbe.Miss] window=[10573,10693] src=Resim inSpan=0 aboveNewest=61 belowOldest=0 noProbeTick=0 miss=61
LogOGRelayProbe: Warning: [Warning][RelayProbe.Delta] window=[10573,10693] src=Prediction n=120 p10=-1 p50=1 p90=3 min=-2 max=4 satLow=0 satHigh=0
LogOGRelayProbe: Warning: [Warning][RelayProbe.Delta] window=[10573,10693] src=Resim n=486 p10=-6 p50=-3 p90=1 min=-8 max=4 satLow=0 satHigh=0
LogOGRelayProbe: Warning: [Warning][RelayProbe.Stale] window=[10573,10693] maxConsecutiveFallbackRun=18 id=28409
LogOGResimProbe: Warning: [Warning][ResimProbe.Gate] checks=120 declined=54 requested=66 requestedPerMille=550 deepSkips=0 survivingAnchors=0
LogOGResimProbe: Warning: [Warning][ResimProbe.Chaos] requests=65 grants=65 refused=0 refusedPerMille=0 repeat=0 clamped=0 depthMin=5 depthMax=8
LogOGResimProbe: Warning: [Warning][ResimProbe.Apply] prepares=65 finishes=65 abandoned=0 stuck=0 replayTicks=505 replayOverruns=0 freshProtects=36 staleProtects=0
LogOGResimProbe: Warning: [Warning][ResimProbe.Frame] role=Client simTicks=120 frames=199 meanTicksPerFrameX100=60 p50=1 p99=1 max=1 meanFrameUs=10000
LogOGResimProbe: Warning: [Warning][ResimProbe.Frame] role=Client cadence dFrame1=41 dFrame0=0 dFrameGt1=79 discont=0 numSteps total=120 max=1 gt1=0
LogOGRelayProbe: Warning: [Warning][RelayProbe.Arrival] samples=120 gapCaptureTicks p50=2 p99=4 max=5 noAdvance=0 saturated=0 lostCaptureTicksX1000=0 lost=0 delivered=219 expected=219 discont=0 discontMax=0
LogOGResimProbe: Warning: [Warning][ResimProbe.Landing] class=LocallyPredicted behind=60 atFrontier=0 discarded=0 atFrontierPerMille=0 windowSamples=120
LogOGResimProbe: Warning: [Warning][ResimProbe.Landing] class=RemoteProxy behind=60 atFrontier=0 discarded=0 atFrontierPerMille=0 windowSamples=120
LogOGDivergenceProbe: Warning: [Warning][DivergenceProbe.Window] class=LocallyPredicted corrections=60 disagreed=60 ratePerMille=1000 windowSamples=120
LogOGDivergenceProbe: Warning: [Warning][DivergenceProbe.Window] class=RemoteProxy corrections=60 disagreed=60 ratePerMille=1000 windowSamples=120
LogOGRelayProbe: Warning: [Warning][RelayProbe.Read] window=[10693,10813] src=Prediction hit=31 miss=89 verifyFail=0 rung0=0 total=120
LogOGRelayProbe: Warning: [Warning][RelayProbe.Read] window=[10693,10813] src=Resim hit=400 miss=61 verifyFail=0 rung0=0 total=461
LogOGRelayProbe: Warning: [Warning][RelayProbe.Miss] window=[10693,10813] src=Prediction inSpan=0 aboveNewest=89 belowOldest=0 noProbeTick=0 miss=89
LogOGRelayProbe: Warning: [Warning][RelayProbe.Miss] window=[10693,10813] src=Resim inSpan=1 aboveNewest=60 belowOldest=0 noProbeTick=0 miss=61
LogOGRelayProbe: Warning: [Warning][RelayProbe.Delta] window=[10693,10813] src=Prediction n=120 p10=0 p50=1 p90=3 min=-2 max=5 satLow=0 satHigh=0
LogOGRelayProbe: Warning: [Warning][RelayProbe.Delta] window=[10693,10813] src=Resim n=461 p10=-5 p50=-2 p90=1 min=-7 max=3 satLow=0 satHigh=0
LogOGRelayProbe: Warning: [Warning][RelayProbe.Stale] window=[10693,10813] maxConsecutiveFallbackRun=12 id=28409
LogOGResimProbe: Warning: [Warning][ResimProbe.Gate] checks=120 declined=56 requested=64 requestedPerMille=533 deepSkips=0 survivingAnchors=0
LogOGResimProbe: Warning: [Warning][ResimProbe.Chaos] requests=64 grants=64 refused=0 refusedPerMille=0 repeat=0 clamped=0 depthMin=4 depthMax=8
LogOGResimProbe: Warning: [Warning][ResimProbe.Apply] prepares=64 finishes=64 abandoned=0 stuck=0 replayTicks=489 replayOverruns=0 freshProtects=38 staleProtects=0
LogOGResimProbe: Warning: [Warning][ResimProbe.Frame] role=Client simTicks=120 frames=201 meanTicksPerFrameX100=59 p50=1 p99=1 max=1 meanFrameUs=9999
LogOGResimProbe: Warning: [Warning][ResimProbe.Frame] role=Client cadence dFrame1=39 dFrame0=0 dFrameGt1=81 discont=0 numSteps total=120 max=1 gt1=0
LogOGResimProbe: Warning: [Warning][ResimProbe.Landing] class=LocallyPredicted behind=60 atFrontier=0 discarded=0 atFrontierPerMille=0 windowSamples=120
LogOGResimProbe: Warning: [Warning][ResimProbe.Landing] class=RemoteProxy behind=60 atFrontier=0 discarded=0 atFrontierPerMille=0 windowSamples=120
LogOGDivergenceProbe: Warning: [Warning][DivergenceProbe.Window] class=LocallyPredicted corrections=60 disagreed=60 ratePerMille=1000 windowSamples=120
LogOGDivergenceProbe: Warning: [Warning][DivergenceProbe.Window] class=RemoteProxy corrections=60 disagreed=60 ratePerMille=1000 windowSamples=120
LogOGRelayProbe: Warning: [Warning][RelayProbe.Read] window=[10813,10933] src=Prediction hit=64 miss=56 verifyFail=0 rung0=0 total=120
LogOGRelayProbe: Warning: [Warning][RelayProbe.Read] window=[10813,10933] src=Resim hit=404 miss=31 verifyFail=0 rung0=0 total=435
LogOGRelayProbe: Warning: [Warning][RelayProbe.Miss] window=[10813,10933] src=Prediction inSpan=0 aboveNewest=56 belowOldest=0 noProbeTick=0 miss=56
LogOGRelayProbe: Warning: [Warning][RelayProbe.Miss] window=[10813,10933] src=Resim inSpan=0 aboveNewest=31 belowOldest=0 noProbeTick=0 miss=31
LogOGRelayProbe: Warning: [Warning][RelayProbe.Delta] window=[10813,10933] src=Prediction n=120 p10=-2 p50=0 p90=2 min=-3 max=4 satLow=0 satHigh=0
LogOGRelayProbe: Warning: [Warning][RelayProbe.Delta] window=[10813,10933] src=Resim n=435 p10=-6 p50=-3 p90=0 min=-8 max=3 satLow=0 satHigh=0
LogOGRelayProbe: Warning: [Warning][RelayProbe.Stale] window=[10813,10933] maxConsecutiveFallbackRun=6 id=28409
LogOGResimProbe: Warning: [Warning][ResimProbe.Gate] checks=120 declined=56 requested=64 requestedPerMille=533 deepSkips=0 survivingAnchors=0
LogOGResimProbe: Warning: [Warning][ResimProbe.Chaos] requests=64 grants=64 refused=0 refusedPerMille=0 repeat=0 clamped=0 depthMin=4 depthMax=8
LogOGResimProbe: Warning: [Warning][ResimProbe.Apply] prepares=64 finishes=64 abandoned=0 stuck=0 replayTicks=450 replayOverruns=0 freshProtects=33 staleProtects=0
LogOGResimProbe: Warning: [Warning][ResimProbe.Frame] role=Client simTicks=120 frames=198 meanTicksPerFrameX100=60 p50=1 p99=1 max=1 meanFrameUs=10000
LogOGResimProbe: Warning: [Warning][ResimProbe.Frame] role=Client cadence dFrame1=42 dFrame0=0 dFrameGt1=78 discont=0 numSteps total=120 max=1 gt1=0
LogOGRelayProbe: Warning: [Warning][RelayProbe.Arrival] samples=120 gapCaptureTicks p50=2 p99=4 max=5 noAdvance=0 saturated=0 lostCaptureTicksX1000=4 lost=1 delivered=224 expected=225 discont=0 discontMax=0
LogOGResimProbe: Warning: [Warning][ResimProbe.Landing] class=LocallyPredicted behind=60 atFrontier=0 discarded=0 atFrontierPerMille=0 windowSamples=120
LogOGResimProbe: Warning: [Warning][ResimProbe.Landing] class=RemoteProxy behind=60 atFrontier=0 discarded=0 atFrontierPerMille=0 windowSamples=120
LogOGDivergenceProbe: Warning: [Warning][DivergenceProbe.Window] class=LocallyPredicted corrections=60 disagreed=60 ratePerMille=1000 windowSamples=120
LogOGDivergenceProbe: Warning: [Warning][DivergenceProbe.Window] class=RemoteProxy corrections=60 disagreed=60 ratePerMille=1000 windowSamples=120
LogOGRelayProbe: Warning: [Warning][RelayProbe.Read] window=[10933,11053] src=Prediction hit=35 miss=85 verifyFail=0 rung0=0 total=120
LogOGRelayProbe: Warning: [Warning][RelayProbe.Read] window=[10933,11053] src=Resim hit=404 miss=58 verifyFail=0 rung0=0 total=462
LogOGRelayProbe: Warning: [Warning][RelayProbe.Miss] window=[10933,11053] src=Prediction inSpan=0 aboveNewest=85 belowOldest=0 noProbeTick=0 miss=85
LogOGRelayProbe: Warning: [Warning][RelayProbe.Miss] window=[10933,11053] src=Resim inSpan=0 aboveNewest=58 belowOldest=0 noProbeTick=0 miss=58
LogOGRelayProbe: Warning: [Warning][RelayProbe.Delta] window=[10933,11053] src=Prediction n=120 p10=-1 p50=1 p90=3 min=-2 max=5 satLow=0 satHigh=0
LogOGRelayProbe: Warning: [Warning][RelayProbe.Delta] window=[10933,11053] src=Resim n=462 p10=-6 p50=-3 p90=1 min=-9 max=4 satLow=0 satHigh=0
LogOGRelayProbe: Warning: [Warning][RelayProbe.Stale] window=[10933,11053] maxConsecutiveFallbackRun=14 id=28409
LogOGResimProbe: Warning: [Warning][ResimProbe.Gate] checks=120 declined=61 requested=59 requestedPerMille=492 deepSkips=0 survivingAnchors=0
LogOGResimProbe: Warning: [Warning][ResimProbe.Chaos] requests=60 grants=60 refused=0 refusedPerMille=0 repeat=0 clamped=0 depthMin=6 depthMax=9
LogOGResimProbe: Warning: [Warning][ResimProbe.Apply] prepares=60 finishes=60 abandoned=0 stuck=0 replayTicks=480 replayOverruns=0 freshProtects=41 staleProtects=0
LogOGResimProbe: Warning: [Warning][ResimProbe.Frame] role=Client simTicks=120 frames=201 meanTicksPerFrameX100=59 p50=1 p99=1 max=1 meanFrameUs=10000
LogOGResimProbe: Warning: [Warning][ResimProbe.Frame] role=Client cadence dFrame1=39 dFrame0=0 dFrameGt1=81 discont=0 numSteps total=120 max=1 gt1=0
LogOGResimProbe: Warning: [Warning][ResimProbe.Landing] class=LocallyPredicted behind=61 atFrontier=0 discarded=0 atFrontierPerMille=0 windowSamples=120
LogOGResimProbe: Warning: [Warning][ResimProbe.Landing] class=RemoteProxy behind=59 atFrontier=0 discarded=0 atFrontierPerMille=0 windowSamples=120
LogOGDivergenceProbe: Warning: [Warning][DivergenceProbe.Window] class=LocallyPredicted corrections=61 disagreed=61 ratePerMille=1000 windowSamples=120
LogOGDivergenceProbe: Warning: [Warning][DivergenceProbe.Window] class=RemoteProxy corrections=59 disagreed=59 ratePerMille=1000 windowSamples=120
LogOGRelayProbe: Warning: [Warning][RelayProbe.Read] window=[11053,11173] src=Prediction hit=42 miss=78 verifyFail=0 rung0=0 total=120
LogOGRelayProbe: Warning: [Warning][RelayProbe.Read] window=[11053,11173] src=Resim hit=369 miss=67 verifyFail=0 rung0=0 total=436
LogOGRelayProbe: Warning: [Warning][RelayProbe.Miss] window=[11053,11173] src=Prediction inSpan=0 aboveNewest=78 belowOldest=0 noProbeTick=0 miss=78
LogOGRelayProbe: Warning: [Warning][RelayProbe.Miss] window=[11053,11173] src=Resim inSpan=0 aboveNewest=67 belowOldest=0 noProbeTick=0 miss=67
LogOGRelayProbe: Warning: [Warning][RelayProbe.Delta] window=[11053,11173] src=Prediction n=120 p10=-1 p50=1 p90=3 min=-3 max=5 satLow=0 satHigh=0
LogOGRelayProbe: Warning: [Warning][RelayProbe.Delta] window=[11053,11173] src=Resim n=436 p10=-6 p50=-2 p90=1 min=-9 max=4 satLow=0 satHigh=0
LogOGRelayProbe: Warning: [Warning][RelayProbe.Stale] window=[11053,11173] maxConsecutiveFallbackRun=17 id=28409
LogOGResimProbe: Warning: [Warning][ResimProbe.Gate] checks=120 declined=59 requested=61 requestedPerMille=508 deepSkips=0 survivingAnchors=0
LogOGResimProbe: Warning: [Warning][ResimProbe.Chaos] requests=60 grants=60 refused=0 refusedPerMille=0 repeat=0 clamped=0 depthMin=5 depthMax=9
LogOGResimProbe: Warning: [Warning][ResimProbe.Apply] prepares=60 finishes=60 abandoned=0 stuck=0 replayTicks=463 replayOverruns=0 freshProtects=40 staleProtects=0
LogOGResimProbe: Warning: [Warning][ResimProbe.Frame] role=Client simTicks=120 frames=200 meanTicksPerFrameX100=60 p50=1 p99=1 max=1 meanFrameUs=9999
LogOGResimProbe: Warning: [Warning][ResimProbe.Frame] role=Client cadence dFrame1=40 dFrame0=0 dFrameGt1=80 discont=0 numSteps total=120 max=1 gt1=0
LogOGRelayProbe: Warning: [Warning][RelayProbe.Arrival] samples=120 gapCaptureTicks p50=2 p99=4 max=4 noAdvance=0 saturated=0 lostCaptureTicksX1000=0 lost=0 delivered=239 expected=239 discont=0 discontMax=0
LogOGResimProbe: Warning: [Warning][ResimProbe.Landing] class=LocallyPredicted behind=60 atFrontier=0 discarded=0 atFrontierPerMille=0 windowSamples=120
LogOGResimProbe: Warning: [Warning][ResimProbe.Landing] class=RemoteProxy behind=60 atFrontier=0 discarded=0 atFrontierPerMille=0 windowSamples=120
LogOGDivergenceProbe: Warning: [Warning][DivergenceProbe.Window] class=LocallyPredicted corrections=60 disagreed=60 ratePerMille=1000 windowSamples=120
LogOGDivergenceProbe: Warning: [Warning][DivergenceProbe.Window] class=RemoteProxy corrections=60 disagreed=60 ratePerMille=1000 windowSamples=120
LogOGRelayProbe: Warning: [Warning][RelayProbe.Read] window=[11173,11293] src=Prediction hit=36 miss=84 verifyFail=0 rung0=0 total=120
LogOGRelayProbe: Warning: [Warning][RelayProbe.Read] window=[11173,11293] src=Resim hit=368 miss=50 verifyFail=0 rung0=0 total=418
LogOGRelayProbe: Warning: [Warning][RelayProbe.Miss] window=[11173,11293] src=Prediction inSpan=0 aboveNewest=84 belowOldest=0 noProbeTick=0 miss=84
LogOGRelayProbe: Warning: [Warning][RelayProbe.Miss] window=[11173,11293] src=Resim inSpan=0 aboveNewest=50 belowOldest=0 noProbeTick=0 miss=50
LogOGRelayProbe: Warning: [Warning][RelayProbe.Delta] window=[11173,11293] src=Prediction n=120 p10=-1 p50=1 p90=3 min=-2 max=5 satLow=0 satHigh=0
LogOGRelayProbe: Warning: [Warning][RelayProbe.Delta] window=[11173,11293] src=Resim n=418 p10=-5 p50=-2 p90=1 min=-8 max=3 satLow=0 satHigh=0
LogOGRelayProbe: Warning: [Warning][RelayProbe.Stale] window=[11173,11293] maxConsecutiveFallbackRun=11 id=28409
LogOGResimProbe: Warning: [Warning][ResimProbe.Gate] checks=120 declined=62 requested=58 requestedPerMille=483 deepSkips=0 survivingAnchors=0
LogOGResimProbe: Warning: [Warning][ResimProbe.Chaos] requests=59 grants=59 refused=0 refusedPerMille=0 repeat=0 clamped=0 depthMin=5 depthMax=8
LogOGResimProbe: Warning: [Warning][ResimProbe.Apply] prepares=59 finishes=59 abandoned=0 stuck=0 replayTicks=427 replayOverruns=0 freshProtects=36 staleProtects=0
LogOGResimProbe: Warning: [Warning][ResimProbe.Frame] role=Client simTicks=120 frames=201 meanTicksPerFrameX100=59 p50=1 p99=1 max=1 meanFrameUs=10000
LogOGResimProbe: Warning: [Warning][ResimProbe.Frame] role=Client cadence dFrame1=39 dFrame0=0 dFrameGt1=81 discont=0 numSteps total=120 max=1 gt1=0
LogOGResimProbe: Warning: [Warning][ResimProbe.Landing] class=LocallyPredicted behind=61 atFrontier=0 discarded=0 atFrontierPerMille=0 windowSamples=120
LogOGResimProbe: Warning: [Warning][ResimProbe.Landing] class=RemoteProxy behind=59 atFrontier=0 discarded=0 atFrontierPerMille=0 windowSamples=120
LogOGDivergenceProbe: Warning: [Warning][DivergenceProbe.Window] class=LocallyPredicted corrections=61 disagreed=61 ratePerMille=1000 windowSamples=120
LogOGDivergenceProbe: Warning: [Warning][DivergenceProbe.Window] class=RemoteProxy corrections=59 disagreed=59 ratePerMille=1000 windowSamples=120
LogOGRelayProbe: Warning: [Warning][RelayProbe.Read] window=[11293,11413] src=Prediction hit=38 miss=82 verifyFail=0 rung0=0 total=120
LogOGRelayProbe: Warning: [Warning][RelayProbe.Read] window=[11293,11413] src=Resim hit=405 miss=68 verifyFail=0 rung0=0 total=473
LogOGRelayProbe: Warning: [Warning][RelayProbe.Miss] window=[11293,11413] src=Prediction inSpan=0 aboveNewest=82 belowOldest=0 noProbeTick=0 miss=82
LogOGRelayProbe: Warning: [Warning][RelayProbe.Miss] window=[11293,11413] src=Resim inSpan=3 aboveNewest=65 belowOldest=0 noProbeTick=0 miss=68
LogOGRelayProbe: Warning: [Warning][RelayProbe.Delta] window=[11293,11413] src=Prediction n=120 p10=-1 p50=1 p90=3 min=-2 max=4 satLow=0 satHigh=0
LogOGRelayProbe: Warning: [Warning][RelayProbe.Delta] window=[11293,11413] src=Resim n=473 p10=-6 p50=-2 p90=1 min=-8 max=4 satLow=0 satHigh=0
LogOGRelayProbe: Warning: [Warning][RelayProbe.Stale] window=[11293,11413] maxConsecutiveFallbackRun=11 id=28409
LogOGResimProbe: Warning: [Warning][ResimProbe.Gate] checks=120 declined=55 requested=65 requestedPerMille=542 deepSkips=0 survivingAnchors=0
LogOGResimProbe: Warning: [Warning][ResimProbe.Chaos] requests=64 grants=64 refused=0 refusedPerMille=0 repeat=0 clamped=0 depthMin=4 depthMax=8
LogOGResimProbe: Warning: [Warning][ResimProbe.Apply] prepares=64 finishes=64 abandoned=0 stuck=0 replayTicks=489 replayOverruns=0 freshProtects=35 staleProtects=0
LogOGResimProbe: Warning: [Warning][ResimProbe.Frame] role=Client simTicks=120 frames=199 meanTicksPerFrameX100=60 p50=1 p99=1 max=1 meanFrameUs=10000
LogOGResimProbe: Warning: [Warning][ResimProbe.Frame] role=Client cadence dFrame1=41 dFrame0=0 dFrameGt1=79 discont=0 numSteps total=120 max=1 gt1=0
LogOGRelayProbe: Warning: [Warning][RelayProbe.Arrival] samples=120 gapCaptureTicks p50=2 p99=5 max=5 noAdvance=0 saturated=0 lostCaptureTicksX1000=8 lost=2 delivered=227 expected=229 discont=0 discontMax=0
LogOGResimProbe: Warning: [Warning][ResimProbe.Landing] class=LocallyPredicted behind=59 atFrontier=0 discarded=0 atFrontierPerMille=0 windowSamples=120
LogOGResimProbe: Warning: [Warning][ResimProbe.Landing] class=RemoteProxy behind=61 atFrontier=0 discarded=0 atFrontierPerMille=0 windowSamples=120
LogOGDivergenceProbe: Warning: [Warning][DivergenceProbe.Window] class=LocallyPredicted corrections=59 disagreed=59 ratePerMille=1000 windowSamples=120
LogOGDivergenceProbe: Warning: [Warning][DivergenceProbe.Window] class=RemoteProxy corrections=61 disagreed=61 ratePerMille=1000 windowSamples=120
LogOGRelayProbe: Warning: [Warning][RelayProbe.Read] window=[11413,11533] src=Prediction hit=44 miss=76 verifyFail=0 rung0=0 total=120
LogOGRelayProbe: Warning: [Warning][RelayProbe.Read] window=[11413,11533] src=Resim hit=426 miss=53 verifyFail=0 rung0=0 total=479
LogOGRelayProbe: Warning: [Warning][RelayProbe.Miss] window=[11413,11533] src=Prediction inSpan=0 aboveNewest=76 belowOldest=0 noProbeTick=0 miss=76
LogOGRelayProbe: Warning: [Warning][RelayProbe.Miss] window=[11413,11533] src=Resim inSpan=0 aboveNewest=53 belowOldest=0 noProbeTick=0 miss=53
LogOGRelayProbe: Warning: [Warning][RelayProbe.Delta] window=[11413,11533] src=Prediction n=120 p10=-1 p50=1 p90=3 min=-2 max=4 satLow=0 satHigh=0
LogOGRelayProbe: Warning: [Warning][RelayProbe.Delta] window=[11413,11533] src=Resim n=479 p10=-6 p50=-3 p90=1 min=-8 max=3 satLow=0 satHigh=0
LogOGRelayProbe: Warning: [Warning][RelayProbe.Stale] window=[11413,11533] maxConsecutiveFallbackRun=20 id=28409
LogOGResimProbe: Warning: [Warning][ResimProbe.Gate] checks=120 declined=52 requested=68 requestedPerMille=567 deepSkips=0 survivingAnchors=0
LogOGResimProbe: Warning: [Warning][ResimProbe.Chaos] requests=68 grants=67 refused=1 refusedPerMille=15 repeat=1 clamped=0 depthMin=5 depthMax=8
LogOGResimProbe: Warning: [Warning][ResimProbe.Apply] prepares=67 finishes=67 abandoned=0 stuck=0 replayTicks=505 replayOverruns=0 freshProtects=36 staleProtects=0
LogOGResimProbe: Warning: [Warning][ResimProbe.Frame] role=Client simTicks=120 frames=201 meanTicksPerFrameX100=59 p50=1 p99=1 max=1 meanFrameUs=10000
LogOGResimProbe: Warning: [Warning][ResimProbe.Frame] role=Client cadence dFrame1=39 dFrame0=0 dFrameGt1=81 discont=0 numSteps total=120 max=1 gt1=0
LogOGResimProbe: Warning: [Warning][ResimProbe.Landing] class=LocallyPredicted behind=61 atFrontier=0 discarded=0 atFrontierPerMille=0 windowSamples=120
LogOGResimProbe: Warning: [Warning][ResimProbe.Landing] class=RemoteProxy behind=59 atFrontier=0 discarded=0 atFrontierPerMille=0 windowSamples=120
LogOGDivergenceProbe: Warning: [Warning][DivergenceProbe.Window] class=LocallyPredicted corrections=61 disagreed=61 ratePerMille=1000 windowSamples=120
LogOGDivergenceProbe: Warning: [Warning][DivergenceProbe.Window] class=RemoteProxy corrections=59 disagreed=59 ratePerMille=1000 windowSamples=120
LogOGRelayProbe: Warning: [Warning][RelayProbe.Read] window=[11533,11653] src=Prediction hit=49 miss=71 verifyFail=0 rung0=0 total=120
LogOGRelayProbe: Warning: [Warning][RelayProbe.Read] window=[11533,11653] src=Resim hit=423 miss=45 verifyFail=0 rung0=0 total=468
LogOGRelayProbe: Warning: [Warning][RelayProbe.Miss] window=[11533,11653] src=Prediction inSpan=0 aboveNewest=71 belowOldest=0 noProbeTick=0 miss=71
LogOGRelayProbe: Warning: [Warning][RelayProbe.Miss] window=[11533,11653] src=Resim inSpan=0 aboveNewest=45 belowOldest=0 noProbeTick=0 miss=45
LogOGRelayProbe: Warning: [Warning][RelayProbe.Delta] window=[11533,11653] src=Prediction n=120 p10=-1 p50=1 p90=2 min=-2 max=3 satLow=0 satHigh=0
LogOGRelayProbe: Warning: [Warning][RelayProbe.Delta] window=[11533,11653] src=Resim n=468 p10=-6 p50=-3 p90=0 min=-8 max=3 satLow=0 satHigh=0
LogOGRelayProbe: Warning: [Warning][RelayProbe.Stale] window=[11533,11653] maxConsecutiveFallbackRun=12 id=28409
LogOGResimProbe: Warning: [Warning][ResimProbe.Gate] checks=120 declined=56 requested=64 requestedPerMille=533 deepSkips=0 survivingAnchors=0
LogOGResimProbe: Warning: [Warning][ResimProbe.Chaos] requests=64 grants=61 refused=3 refusedPerMille=47 repeat=3 clamped=0 depthMin=5 depthMax=9
LogOGResimProbe: Warning: [Warning][ResimProbe.Apply] prepares=61 finishes=61 abandoned=0 stuck=0 replayTicks=478 replayOverruns=0 freshProtects=36 staleProtects=0
LogOGResimProbe: Warning: [Warning][ResimProbe.Frame] role=Client simTicks=120 frames=198 meanTicksPerFrameX100=60 p50=1 p99=1 max=1 meanFrameUs=10002
LogOGResimProbe: Warning: [Warning][ResimProbe.Frame] role=Client cadence dFrame1=42 dFrame0=0 dFrameGt1=78 discont=0 numSteps total=120 max=1 gt1=0
LogOGRelayProbe: Warning: [Warning][RelayProbe.Arrival] samples=120 gapCaptureTicks p50=2 p99=4 max=4 noAdvance=0 saturated=0 lostCaptureTicksX1000=0 lost=0 delivered=224 expected=224 discont=0 discontMax=0
LogOGResimProbe: Warning: [Warning][ResimProbe.Landing] class=LocallyPredicted behind=60 atFrontier=0 discarded=0 atFrontierPerMille=0 windowSamples=120
LogOGResimProbe: Warning: [Warning][ResimProbe.Landing] class=RemoteProxy behind=60 atFrontier=0 discarded=0 atFrontierPerMille=0 windowSamples=120
LogOGDivergenceProbe: Warning: [Warning][DivergenceProbe.Window] class=LocallyPredicted corrections=60 disagreed=60 ratePerMille=1000 windowSamples=120
LogOGDivergenceProbe: Warning: [Warning][DivergenceProbe.Window] class=RemoteProxy corrections=60 disagreed=60 ratePerMille=1000 windowSamples=120
LogOGRelayProbe: Warning: [Warning][RelayProbe.Read] window=[11653,11773] src=Prediction hit=33 miss=87 verifyFail=0 rung0=0 total=120
LogOGRelayProbe: Warning: [Warning][RelayProbe.Read] window=[11653,11773] src=Resim hit=415 miss=55 verifyFail=0 rung0=0 total=470
LogOGRelayProbe: Warning: [Warning][RelayProbe.Miss] window=[11653,11773] src=Prediction inSpan=0 aboveNewest=87 belowOldest=0 noProbeTick=0 miss=87
LogOGRelayProbe: Warning: [Warning][RelayProbe.Miss] window=[11653,11773] src=Resim inSpan=0 aboveNewest=55 belowOldest=0 noProbeTick=0 miss=55
LogOGRelayProbe: Warning: [Warning][RelayProbe.Delta] window=[11653,11773] src=Prediction n=120 p10=0 p50=1 p90=3 min=-2 max=4 satLow=0 satHigh=0
LogOGRelayProbe: Warning: [Warning][RelayProbe.Delta] window=[11653,11773] src=Resim n=470 p10=-6 p50=-3 p90=1 min=-8 max=3 satLow=0 satHigh=0
LogOGRelayProbe: Warning: [Warning][RelayProbe.Stale] window=[11653,11773] maxConsecutiveFallbackRun=16 id=28409
LogOGResimProbe: Warning: [Warning][ResimProbe.Gate] checks=120 declined=59 requested=61 requestedPerMille=508 deepSkips=0 survivingAnchors=0
LogOGResimProbe: Warning: [Warning][ResimProbe.Chaos] requests=62 grants=62 refused=0 refusedPerMille=0 repeat=0 clamped=0 depthMin=6 depthMax=8
LogOGResimProbe: Warning: [Warning][ResimProbe.Apply] prepares=62 finishes=62 abandoned=0 stuck=0 replayTicks=496 replayOverruns=0 freshProtects=38 staleProtects=0
LogOGResimProbe: Warning: [Warning][ResimProbe.Frame] role=Client simTicks=120 frames=202 meanTicksPerFrameX100=59 p50=1 p99=1 max=1 meanFrameUs=9997
LogOGResimProbe: Warning: [Warning][ResimProbe.Frame] role=Client cadence dFrame1=38 dFrame0=0 dFrameGt1=82 discont=0 numSteps total=120 max=1 gt1=0
LogOGResimProbe: Warning: [Warning][ResimProbe.Landing] class=LocallyPredicted behind=60 atFrontier=0 discarded=0 atFrontierPerMille=0 windowSamples=120
LogOGResimProbe: Warning: [Warning][ResimProbe.Landing] class=RemoteProxy behind=60 atFrontier=0 discarded=0 atFrontierPerMille=0 windowSamples=120
LogOGDivergenceProbe: Warning: [Warning][DivergenceProbe.Window] class=LocallyPredicted corrections=60 disagreed=60 ratePerMille=1000 windowSamples=120
LogOGDivergenceProbe: Warning: [Warning][DivergenceProbe.Window] class=RemoteProxy corrections=60 disagreed=60 ratePerMille=1000 windowSamples=120
LogOGRelayProbe: Warning: [Warning][RelayProbe.Arrival] samples=120 gapCaptureTicks p50=2 p99=3 max=4 noAdvance=0 saturated=0 lostCaptureTicksX1000=0 lost=0 delivered=215 expected=215 discont=0 discontMax=0
LogOGRelayProbe: Warning: [Warning][RelayProbe.Read] window=[11773,11893] src=Prediction hit=44 miss=76 verifyFail=0 rung0=0 total=120
LogOGRelayProbe: Warning: [Warning][RelayProbe.Read] window=[11773,11893] src=Resim hit=415 miss=50 verifyFail=0 rung0=0 total=465
LogOGRelayProbe: Warning: [Warning][RelayProbe.Miss] window=[11773,11893] src=Prediction inSpan=0 aboveNewest=76 belowOldest=0 noProbeTick=0 miss=76
LogOGRelayProbe: Warning: [Warning][RelayProbe.Miss] window=[11773,11893] src=Resim inSpan=0 aboveNewest=50 belowOldest=0 noProbeTick=0 miss=50
LogOGRelayProbe: Warning: [Warning][RelayProbe.Delta] window=[11773,11893] src=Prediction n=120 p10=-1 p50=1 p90=3 min=-3 max=5 satLow=0 satHigh=0
LogOGRelayProbe: Warning: [Warning][RelayProbe.Delta] window=[11773,11893] src=Resim n=465 p10=-6 p50=-3 p90=1 min=-8 max=3 satLow=0 satHigh=0
LogOGRelayProbe: Warning: [Warning][RelayProbe.Stale] window=[11773,11893] maxConsecutiveFallbackRun=11 id=28409
LogOGResimProbe: Warning: [Warning][ResimProbe.Gate] checks=120 declined=54 requested=66 requestedPerMille=550 deepSkips=0 survivingAnchors=0
LogOGResimProbe: Warning: [Warning][ResimProbe.Chaos] requests=66 grants=66 refused=0 refusedPerMille=0 repeat=0 clamped=0 depthMin=4 depthMax=8
LogOGResimProbe: Warning: [Warning][ResimProbe.Apply] prepares=66 finishes=66 abandoned=0 stuck=0 replayTicks=486 replayOverruns=0 freshProtects=34 staleProtects=0
LogOGResimProbe: Warning: [Warning][ResimProbe.Frame] role=Client simTicks=120 frames=200 meanTicksPerFrameX100=60 p50=1 p99=1 max=1 meanFrameUs=10000
LogOGResimProbe: Warning: [Warning][ResimProbe.Frame] role=Client cadence dFrame1=40 dFrame0=0 dFrameGt1=80 discont=0 numSteps total=120 max=1 gt1=0
LogOGResimProbe: Warning: [Warning][ResimProbe.Landing] class=LocallyPredicted behind=60 atFrontier=0 discarded=0 atFrontierPerMille=0 windowSamples=120
LogOGResimProbe: Warning: [Warning][ResimProbe.Landing] class=RemoteProxy behind=60 atFrontier=0 discarded=0 atFrontierPerMille=0 windowSamples=120
LogOGDivergenceProbe: Warning: [Warning][DivergenceProbe.Window] class=LocallyPredicted corrections=60 disagreed=60 ratePerMille=1000 windowSamples=120
LogOGDivergenceProbe: Warning: [Warning][DivergenceProbe.Window] class=RemoteProxy corrections=60 disagreed=60 ratePerMille=1000 windowSamples=120
LogOGRelayProbe: Warning: [Warning][RelayProbe.Read] window=[11893,12013] src=Prediction hit=39 miss=81 verifyFail=0 rung0=0 total=120
LogOGRelayProbe: Warning: [Warning][RelayProbe.Read] window=[11893,12013] src=Resim hit=391 miss=53 verifyFail=0 rung0=0 total=444
LogOGRelayProbe: Warning: [Warning][RelayProbe.Miss] window=[11893,12013] src=Prediction inSpan=0 aboveNewest=81 belowOldest=0 noProbeTick=0 miss=81
LogOGRelayProbe: Warning: [Warning][RelayProbe.Miss] window=[11893,12013] src=Resim inSpan=0 aboveNewest=53 belowOldest=0 noProbeTick=0 miss=53
LogOGRelayProbe: Warning: [Warning][RelayProbe.Delta] window=[11893,12013] src=Prediction n=120 p10=-1 p50=1 p90=3 min=-2 max=4 satLow=0 satHigh=0
LogOGRelayProbe: Warning: [Warning][RelayProbe.Delta] window=[11893,12013] src=Resim n=444 p10=-5 p50=-2 p90=1 min=-7 max=4 satLow=0 satHigh=0
LogOGRelayProbe: Warning: [Warning][RelayProbe.Stale] window=[11893,12013] maxConsecutiveFallbackRun=9 id=28409
LogOGResimProbe: Warning: [Warning][ResimProbe.Gate] checks=120 declined=54 requested=66 requestedPerMille=550 deepSkips=0 survivingAnchors=0
LogOGResimProbe: Warning: [Warning][ResimProbe.Chaos] requests=65 grants=65 refused=0 refusedPerMille=0 repeat=0 clamped=0 depthMin=4 depthMax=8
LogOGResimProbe: Warning: [Warning][ResimProbe.Apply] prepares=65 finishes=65 abandoned=0 stuck=0 replayTicks=459 replayOverruns=0 freshProtects=35 staleProtects=0
LogOGResimProbe: Warning: [Warning][ResimProbe.Frame] role=Client simTicks=120 frames=200 meanTicksPerFrameX100=60 p50=1 p99=1 max=1 meanFrameUs=10001
LogOGResimProbe: Warning: [Warning][ResimProbe.Frame] role=Client cadence dFrame1=40 dFrame0=0 dFrameGt1=80 discont=0 numSteps total=120 max=1 gt1=0
LogOGResimProbe: Warning: [Warning][ResimProbe.Landing] class=LocallyPredicted behind=59 atFrontier=0 discarded=0 atFrontierPerMille=0 windowSamples=120
LogOGResimProbe: Warning: [Warning][ResimProbe.Landing] class=RemoteProxy behind=61 atFrontier=0 discarded=0 atFrontierPerMille=0 windowSamples=120
LogOGDivergenceProbe: Warning: [Warning][DivergenceProbe.Window] class=LocallyPredicted corrections=59 disagreed=59 ratePerMille=1000 windowSamples=120
LogOGDivergenceProbe: Warning: [Warning][DivergenceProbe.Window] class=RemoteProxy corrections=61 disagreed=61 ratePerMille=1000 windowSamples=120
LogOGRelayProbe: Warning: [Warning][RelayProbe.Arrival] samples=120 gapCaptureTicks p50=2 p99=4 max=4 noAdvance=0 saturated=0 lostCaptureTicksX1000=0 lost=0 delivered=221 expected=221 discont=0 discontMax=0
LogOGRelayProbe: Warning: [Warning][RelayProbe.Read] window=[12013,12133] src=Prediction hit=54 miss=66 verifyFail=0 rung0=0 total=120
LogOGRelayProbe: Warning: [Warning][RelayProbe.Read] window=[12013,12133] src=Resim hit=376 miss=29 verifyFail=0 rung0=0 total=405
LogOGRelayProbe: Warning: [Warning][RelayProbe.Miss] window=[12013,12133] src=Prediction inSpan=0 aboveNewest=66 belowOldest=0 noProbeTick=0 miss=66
LogOGRelayProbe: Warning: [Warning][RelayProbe.Miss] window=[12013,12133] src=Resim inSpan=0 aboveNewest=29 belowOldest=0 noProbeTick=0 miss=29
LogOGRelayProbe: Warning: [Warning][RelayProbe.Delta] window=[12013,12133] src=Prediction n=120 p10=-1 p50=1 p90=2 min=-3 max=4 satLow=0 satHigh=0
LogOGRelayProbe: Warning: [Warning][RelayProbe.Delta] window=[12013,12133] src=Resim n=405 p10=-6 p50=-3 p90=0 min=-8 max=2 satLow=0 satHigh=0
LogOGRelayProbe: Warning: [Warning][RelayProbe.Stale] window=[12013,12133] maxConsecutiveFallbackRun=10 id=28409
LogOGResimProbe: Warning: [Warning][ResimProbe.Gate] checks=120 declined=61 requested=59 requestedPerMille=492 deepSkips=0 survivingAnchors=0
LogOGResimProbe: Warning: [Warning][ResimProbe.Chaos] requests=59 grants=59 refused=0 refusedPerMille=0 repeat=0 clamped=0 depthMin=4 depthMax=8
LogOGResimProbe: Warning: [Warning][ResimProbe.Apply] prepares=59 finishes=59 abandoned=0 stuck=0 replayTicks=427 replayOverruns=0 freshProtects=39 staleProtects=0
LogOGResimProbe: Warning: [Warning][ResimProbe.Frame] role=Client simTicks=120 frames=200 meanTicksPerFrameX100=60 p50=1 p99=1 max=1 meanFrameUs=10000
LogOGResimProbe: Warning: [Warning][ResimProbe.Frame] role=Client cadence dFrame1=40 dFrame0=0 dFrameGt1=80 discont=0 numSteps total=120 max=1 gt1=0
LogOGResimProbe: Warning: [Warning][ResimProbe.Landing] class=LocallyPredicted behind=60 atFrontier=0 discarded=0 atFrontierPerMille=0 windowSamples=120
LogOGResimProbe: Warning: [Warning][ResimProbe.Landing] class=RemoteProxy behind=60 atFrontier=0 discarded=0 atFrontierPerMille=0 windowSamples=120
LogOGDivergenceProbe: Warning: [Warning][DivergenceProbe.Window] class=LocallyPredicted corrections=60 disagreed=60 ratePerMille=1000 windowSamples=120
LogOGDivergenceProbe: Warning: [Warning][DivergenceProbe.Window] class=RemoteProxy corrections=60 disagreed=60 ratePerMille=1000 windowSamples=120
LogOGRelayProbe: Warning: [Warning][RelayProbe.Read] window=[12133,12253] src=Prediction hit=56 miss=64 verifyFail=0 rung0=0 total=120
LogOGRelayProbe: Warning: [Warning][RelayProbe.Read] window=[12133,12253] src=Resim hit=355 miss=37 verifyFail=0 rung0=0 total=392
LogOGRelayProbe: Warning: [Warning][RelayProbe.Miss] window=[12133,12253] src=Prediction inSpan=0 aboveNewest=64 belowOldest=0 noProbeTick=0 miss=64
LogOGRelayProbe: Warning: [Warning][RelayProbe.Miss] window=[12133,12253] src=Resim inSpan=6 aboveNewest=31 belowOldest=0 noProbeTick=0 miss=37
LogOGRelayProbe: Warning: [Warning][RelayProbe.Delta] window=[12133,12253] src=Prediction n=120 p10=-1 p50=1 p90=3 min=-3 max=4 satLow=0 satHigh=0
LogOGRelayProbe: Warning: [Warning][RelayProbe.Delta] window=[12133,12253] src=Resim n=392 p10=-6 p50=-3 p90=0 min=-8 max=3 satLow=0 satHigh=0
LogOGRelayProbe: Warning: [Warning][RelayProbe.Stale] window=[12133,12253] maxConsecutiveFallbackRun=6 id=28409
LogOGResimProbe: Warning: [Warning][ResimProbe.Gate] checks=120 declined=63 requested=57 requestedPerMille=475 deepSkips=0 survivingAnchors=0
LogOGResimProbe: Warning: [Warning][ResimProbe.Chaos] requests=58 grants=58 refused=0 refusedPerMille=0 repeat=0 clamped=0 depthMin=4 depthMax=8
LogOGResimProbe: Warning: [Warning][ResimProbe.Apply] prepares=58 finishes=58 abandoned=0 stuck=0 replayTicks=408 replayOverruns=0 freshProtects=37 staleProtects=0
LogOGResimProbe: Warning: [Warning][ResimProbe.Frame] role=Client simTicks=120 frames=199 meanTicksPerFrameX100=60 p50=1 p99=1 max=1 meanFrameUs=9999
LogOGResimProbe: Warning: [Warning][ResimProbe.Frame] role=Client cadence dFrame1=41 dFrame0=0 dFrameGt1=79 discont=0 numSteps total=120 max=1 gt1=0
LogOGResimProbe: Warning: [Warning][ResimProbe.Landing] class=LocallyPredicted behind=61 atFrontier=0 discarded=0 atFrontierPerMille=0 windowSamples=120
LogOGResimProbe: Warning: [Warning][ResimProbe.Landing] class=RemoteProxy behind=59 atFrontier=0 discarded=0 atFrontierPerMille=0 windowSamples=120
LogOGDivergenceProbe: Warning: [Warning][DivergenceProbe.Window] class=LocallyPredicted corrections=61 disagreed=61 ratePerMille=1000 windowSamples=120
LogOGDivergenceProbe: Warning: [Warning][DivergenceProbe.Window] class=RemoteProxy corrections=59 disagreed=59 ratePerMille=1000 windowSamples=120
LogOGRelayProbe: Warning: [Warning][RelayProbe.Arrival] samples=120 gapCaptureTicks p50=2 p99=5 max=6 noAdvance=0 saturated=0 lostCaptureTicksX1000=21 lost=5 delivered=226 expected=231 discont=0 discontMax=0
LogOGRelayProbe: Warning: [Warning][RelayProbe.Read] window=[12253,12373] src=Prediction hit=38 miss=82 verifyFail=0 rung0=0 total=120
LogOGRelayProbe: Warning: [Warning][RelayProbe.Read] window=[12253,12373] src=Resim hit=426 miss=61 verifyFail=0 rung0=0 total=487
LogOGRelayProbe: Warning: [Warning][RelayProbe.Miss] window=[12253,12373] src=Prediction inSpan=0 aboveNewest=82 belowOldest=0 noProbeTick=0 miss=82
LogOGRelayProbe: Warning: [Warning][RelayProbe.Miss] window=[12253,12373] src=Resim inSpan=5 aboveNewest=56 belowOldest=0 noProbeTick=0 miss=61
LogOGRelayProbe: Warning: [Warning][RelayProbe.Delta] window=[12253,12373] src=Prediction n=120 p10=0 p50=1 p90=3 min=-1 max=5 satLow=0 satHigh=0
LogOGRelayProbe: Warning: [Warning][RelayProbe.Delta] window=[12253,12373] src=Resim n=487 p10=-6 p50=-3 p90=1 min=-9 max=3 satLow=0 satHigh=0
LogOGRelayProbe: Warning: [Warning][RelayProbe.Stale] window=[12253,12373] maxConsecutiveFallbackRun=8 id=28409
LogOGResimProbe: Warning: [Warning][ResimProbe.Gate] checks=120 declined=50 requested=70 requestedPerMille=583 deepSkips=0 survivingAnchors=0
LogOGResimProbe: Warning: [Warning][ResimProbe.Chaos] requests=69 grants=66 refused=3 refusedPerMille=43 repeat=3 clamped=0 depthMin=4 depthMax=9
LogOGResimProbe: Warning: [Warning][ResimProbe.Apply] prepares=66 finishes=66 abandoned=0 stuck=0 replayTicks=508 replayOverruns=0 freshProtects=40 staleProtects=0
LogOGResimProbe: Warning: [Warning][ResimProbe.Frame] role=Client simTicks=120 frames=201 meanTicksPerFrameX100=59 p50=1 p99=1 max=1 meanFrameUs=9999
LogOGResimProbe: Warning: [Warning][ResimProbe.Frame] role=Client cadence dFrame1=39 dFrame0=0 dFrameGt1=81 discont=0 numSteps total=120 max=1 gt1=0
LogOGResimProbe: Warning: [Warning][ResimProbe.Landing] class=LocallyPredicted behind=60 atFrontier=0 discarded=0 atFrontierPerMille=0 windowSamples=120
LogOGResimProbe: Warning: [Warning][ResimProbe.Landing] class=RemoteProxy behind=60 atFrontier=0 discarded=0 atFrontierPerMille=0 windowSamples=120
LogOGDivergenceProbe: Warning: [Warning][DivergenceProbe.Window] class=LocallyPredicted corrections=60 disagreed=60 ratePerMille=1000 windowSamples=120
LogOGDivergenceProbe: Warning: [Warning][DivergenceProbe.Window] class=RemoteProxy corrections=60 disagreed=60 ratePerMille=1000 windowSamples=120
LogOGRelayProbe: Warning: [Warning][RelayProbe.Read] window=[12373,12493] src=Prediction hit=37 miss=83 verifyFail=0 rung0=0 total=120
LogOGRelayProbe: Warning: [Warning][RelayProbe.Read] window=[12373,12493] src=Resim hit=355 miss=52 verifyFail=0 rung0=0 total=407
LogOGRelayProbe: Warning: [Warning][RelayProbe.Miss] window=[12373,12493] src=Prediction inSpan=0 aboveNewest=83 belowOldest=0 noProbeTick=0 miss=83
LogOGRelayProbe: Warning: [Warning][RelayProbe.Miss] window=[12373,12493] src=Resim inSpan=2 aboveNewest=50 belowOldest=0 noProbeTick=0 miss=52
LogOGRelayProbe: Warning: [Warning][RelayProbe.Delta] window=[12373,12493] src=Prediction n=120 p10=0 p50=1 p90=3 min=-2 max=5 satLow=0 satHigh=0
LogOGRelayProbe: Warning: [Warning][RelayProbe.Delta] window=[12373,12493] src=Resim n=407 p10=-5 p50=-2 p90=1 min=-8 max=5 satLow=0 satHigh=0
LogOGRelayProbe: Warning: [Warning][RelayProbe.Stale] window=[12373,12493] maxConsecutiveFallbackRun=9 id=28409
LogOGResimProbe: Warning: [Warning][ResimProbe.Gate] checks=120 declined=63 requested=57 requestedPerMille=475 deepSkips=0 survivingAnchors=0
LogOGResimProbe: Warning: [Warning][ResimProbe.Chaos] requests=57 grants=57 refused=0 refusedPerMille=0 repeat=0 clamped=0 depthMin=4 depthMax=8
LogOGResimProbe: Warning: [Warning][ResimProbe.Apply] prepares=57 finishes=57 abandoned=0 stuck=0 replayTicks=417 replayOverruns=0 freshProtects=39 staleProtects=0
LogOGResimProbe: Warning: [Warning][ResimProbe.Frame] role=Client simTicks=120 frames=200 meanTicksPerFrameX100=60 p50=1 p99=1 max=1 meanFrameUs=10000
LogOGResimProbe: Warning: [Warning][ResimProbe.Frame] role=Client cadence dFrame1=40 dFrame0=0 dFrameGt1=80 discont=0 numSteps total=120 max=1 gt1=0
LogOGRelayProbe: Warning: [Warning][RelayProbe.Arrival] samples=120 gapCaptureTicks p50=2 p99=4 max=5 noAdvance=0 saturated=0 lostCaptureTicksX1000=4 lost=1 delivered=215 expected=216 discont=0 discontMax=0
LogOGResimProbe: Warning: [Warning][ResimProbe.Landing] class=LocallyPredicted behind=59 atFrontier=0 discarded=0 atFrontierPerMille=0 windowSamples=120
LogOGResimProbe: Warning: [Warning][ResimProbe.Landing] class=RemoteProxy behind=61 atFrontier=0 discarded=0 atFrontierPerMille=0 windowSamples=120
LogOGDivergenceProbe: Warning: [Warning][DivergenceProbe.Window] class=LocallyPredicted corrections=59 disagreed=59 ratePerMille=1000 windowSamples=120
LogOGDivergenceProbe: Warning: [Warning][DivergenceProbe.Window] class=RemoteProxy corrections=61 disagreed=61 ratePerMille=1000 windowSamples=120
LogOGRelayProbe: Warning: [Warning][RelayProbe.Read] window=[12493,12613] src=Prediction hit=47 miss=73 verifyFail=0 rung0=0 total=120
LogOGRelayProbe: Warning: [Warning][RelayProbe.Read] window=[12493,12613] src=Resim hit=412 miss=57 verifyFail=0 rung0=0 total=469
LogOGRelayProbe: Warning: [Warning][RelayProbe.Miss] window=[12493,12613] src=Prediction inSpan=0 aboveNewest=73 belowOldest=0 noProbeTick=0 miss=73
LogOGRelayProbe: Warning: [Warning][RelayProbe.Miss] window=[12493,12613] src=Resim inSpan=8 aboveNewest=49 belowOldest=0 noProbeTick=0 miss=57
LogOGRelayProbe: Warning: [Warning][RelayProbe.Delta] window=[12493,12613] src=Prediction n=120 p10=-1 p50=1 p90=2 min=-3 max=4 satLow=0 satHigh=0
LogOGRelayProbe: Warning: [Warning][RelayProbe.Delta] window=[12493,12613] src=Resim n=469 p10=-6 p50=-3 p90=1 min=-9 max=3 satLow=0 satHigh=0
LogOGRelayProbe: Warning: [Warning][RelayProbe.Stale] window=[12493,12613] maxConsecutiveFallbackRun=12 id=28409
LogOGResimProbe: Warning: [Warning][ResimProbe.Gate] checks=120 declined=52 requested=68 requestedPerMille=567 deepSkips=0 survivingAnchors=0
LogOGResimProbe: Warning: [Warning][ResimProbe.Chaos] requests=68 grants=68 refused=0 refusedPerMille=0 repeat=0 clamped=0 depthMin=4 depthMax=8
LogOGResimProbe: Warning: [Warning][ResimProbe.Apply] prepares=68 finishes=68 abandoned=0 stuck=0 replayTicks=490 replayOverruns=0 freshProtects=37 staleProtects=0
LogOGResimProbe: Warning: [Warning][ResimProbe.Frame] role=Client simTicks=120 frames=201 meanTicksPerFrameX100=59 p50=1 p99=1 max=1 meanFrameUs=9999
LogOGResimProbe: Warning: [Warning][ResimProbe.Frame] role=Client cadence dFrame1=39 dFrame0=0 dFrameGt1=81 discont=0 numSteps total=120 max=1 gt1=0
LogOGResimProbe: Warning: [Warning][ResimProbe.Landing] class=LocallyPredicted behind=61 atFrontier=0 discarded=0 atFrontierPerMille=0 windowSamples=120
LogOGResimProbe: Warning: [Warning][ResimProbe.Landing] class=RemoteProxy behind=59 atFrontier=0 discarded=0 atFrontierPerMille=0 windowSamples=120
LogOGDivergenceProbe: Warning: [Warning][DivergenceProbe.Window] class=LocallyPredicted corrections=61 disagreed=61 ratePerMille=1000 windowSamples=120
LogOGDivergenceProbe: Warning: [Warning][DivergenceProbe.Window] class=RemoteProxy corrections=59 disagreed=59 ratePerMille=1000 windowSamples=120
LogOGRelayProbe: Warning: [Warning][RelayProbe.Read] window=[12613,12733] src=Prediction hit=57 miss=63 verifyFail=0 rung0=0 total=120
LogOGRelayProbe: Warning: [Warning][RelayProbe.Read] window=[12613,12733] src=Resim hit=412 miss=52 verifyFail=0 rung0=0 total=464
LogOGRelayProbe: Warning: [Warning][RelayProbe.Miss] window=[12613,12733] src=Prediction inSpan=0 aboveNewest=63 belowOldest=0 noProbeTick=0 miss=63
LogOGRelayProbe: Warning: [Warning][RelayProbe.Miss] window=[12613,12733] src=Resim inSpan=4 aboveNewest=48 belowOldest=0 noProbeTick=0 miss=52
LogOGRelayProbe: Warning: [Warning][RelayProbe.Delta] window=[12613,12733] src=Prediction n=120 p10=-1 p50=1 p90=3 min=-3 max=5 satLow=0 satHigh=0
LogOGRelayProbe: Warning: [Warning][RelayProbe.Delta] window=[12613,12733] src=Resim n=464 p10=-6 p50=-3 p90=1 min=-7 max=3 satLow=0 satHigh=0
LogOGRelayProbe: Warning: [Warning][RelayProbe.Stale] window=[12613,12733] maxConsecutiveFallbackRun=10 id=28409
LogOGResimProbe: Warning: [Warning][ResimProbe.Gate] checks=120 declined=52 requested=68 requestedPerMille=567 deepSkips=0 survivingAnchors=0
LogOGResimProbe: Warning: [Warning][ResimProbe.Chaos] requests=69 grants=69 refused=0 refusedPerMille=0 repeat=0 clamped=0 depthMin=4 depthMax=8
LogOGResimProbe: Warning: [Warning][ResimProbe.Apply] prepares=69 finishes=69 abandoned=0 stuck=0 replayTicks=493 replayOverruns=0 freshProtects=39 staleProtects=0
LogOGResimProbe: Warning: [Warning][ResimProbe.Frame] role=Client simTicks=120 frames=200 meanTicksPerFrameX100=60 p50=1 p99=1 max=1 meanFrameUs=10001
LogOGResimProbe: Warning: [Warning][ResimProbe.Frame] role=Client cadence dFrame1=40 dFrame0=0 dFrameGt1=80 discont=0 numSteps total=120 max=1 gt1=0
LogOGRelayProbe: Warning: [Warning][RelayProbe.Arrival] samples=120 gapCaptureTicks p50=2 p99=4 max=5 noAdvance=0 saturated=0 lostCaptureTicksX1000=28 lost=7 delivered=241 expected=248 discont=0 discontMax=0
LogOGResimProbe: Warning: [Warning][ResimProbe.Landing] class=LocallyPredicted behind=61 atFrontier=0 discarded=0 atFrontierPerMille=0 windowSamples=120
LogOGResimProbe: Warning: [Warning][ResimProbe.Landing] class=RemoteProxy behind=59 atFrontier=0 discarded=0 atFrontierPerMille=0 windowSamples=120
LogOGDivergenceProbe: Warning: [Warning][DivergenceProbe.Window] class=LocallyPredicted corrections=61 disagreed=61 ratePerMille=1000 windowSamples=120
LogOGDivergenceProbe: Warning: [Warning][DivergenceProbe.Window] class=RemoteProxy corrections=59 disagreed=59 ratePerMille=1000 windowSamples=120
LogOGRelayProbe: Warning: [Warning][RelayProbe.Read] window=[12733,12853] src=Prediction hit=48 miss=72 verifyFail=0 rung0=0 total=120
LogOGRelayProbe: Warning: [Warning][RelayProbe.Read] window=[12733,12853] src=Resim hit=417 miss=60 verifyFail=0 rung0=0 total=477
LogOGRelayProbe: Warning: [Warning][RelayProbe.Miss] window=[12733,12853] src=Prediction inSpan=1 aboveNewest=71 belowOldest=0 noProbeTick=0 miss=72
LogOGRelayProbe: Warning: [Warning][RelayProbe.Miss] window=[12733,12853] src=Resim inSpan=10 aboveNewest=50 belowOldest=0 noProbeTick=0 miss=60
LogOGRelayProbe: Warning: [Warning][RelayProbe.Delta] window=[12733,12853] src=Prediction n=120 p10=-1 p50=1 p90=3 min=-3 max=3 satLow=0 satHigh=0
LogOGRelayProbe: Warning: [Warning][RelayProbe.Delta] window=[12733,12853] src=Resim n=477 p10=-6 p50=-3 p90=1 min=-8 max=3 satLow=0 satHigh=0
LogOGRelayProbe: Warning: [Warning][RelayProbe.Stale] window=[12733,12853] maxConsecutiveFallbackRun=14 id=28409
LogOGResimProbe: Warning: [Warning][ResimProbe.Gate] checks=120 declined=53 requested=67 requestedPerMille=558 deepSkips=0 survivingAnchors=0
LogOGResimProbe: Warning: [Warning][ResimProbe.Chaos] requests=66 grants=66 refused=0 refusedPerMille=0 repeat=0 clamped=0 depthMin=4 depthMax=8
LogOGResimProbe: Warning: [Warning][ResimProbe.Apply] prepares=66 finishes=66 abandoned=0 stuck=0 replayTicks=489 replayOverruns=0 freshProtects=36 staleProtects=0
LogOGResimProbe: Warning: [Warning][ResimProbe.Frame] role=Client simTicks=120 frames=198 meanTicksPerFrameX100=60 p50=1 p99=1 max=1 meanFrameUs=9999
LogOGResimProbe: Warning: [Warning][ResimProbe.Frame] role=Client cadence dFrame1=42 dFrame0=0 dFrameGt1=78 discont=0 numSteps total=120 max=1 gt1=0
LogOGResimProbe: Warning: [Warning][ResimProbe.Landing] class=LocallyPredicted behind=61 atFrontier=0 discarded=0 atFrontierPerMille=0 windowSamples=120
LogOGResimProbe: Warning: [Warning][ResimProbe.Landing] class=RemoteProxy behind=59 atFrontier=0 discarded=0 atFrontierPerMille=0 windowSamples=120
LogOGDivergenceProbe: Warning: [Warning][DivergenceProbe.Window] class=LocallyPredicted corrections=61 disagreed=61 ratePerMille=1000 windowSamples=120
LogOGDivergenceProbe: Warning: [Warning][DivergenceProbe.Window] class=RemoteProxy corrections=59 disagreed=59 ratePerMille=1000 windowSamples=120
LogOGRelayProbe: Warning: [Warning][RelayProbe.Read] window=[12853,12973] src=Prediction hit=40 miss=80 verifyFail=0 rung0=0 total=120
LogOGRelayProbe: Warning: [Warning][RelayProbe.Read] window=[12853,12973] src=Resim hit=427 miss=68 verifyFail=0 rung0=0 total=495
LogOGRelayProbe: Warning: [Warning][RelayProbe.Miss] window=[12853,12973] src=Prediction inSpan=1 aboveNewest=79 belowOldest=0 noProbeTick=0 miss=80
LogOGRelayProbe: Warning: [Warning][RelayProbe.Miss] window=[12853,12973] src=Resim inSpan=5 aboveNewest=63 belowOldest=0 noProbeTick=0 miss=68
LogOGRelayProbe: Warning: [Warning][RelayProbe.Delta] window=[12853,12973] src=Prediction n=120 p10=-1 p50=1 p90=3 min=-2 max=5 satLow=0 satHigh=0
LogOGRelayProbe: Warning: [Warning][RelayProbe.Delta] window=[12853,12973] src=Resim n=495 p10=-6 p50=-3 p90=1 min=-9 max=5 satLow=0 satHigh=0
LogOGRelayProbe: Warning: [Warning][RelayProbe.Stale] window=[12853,12973] maxConsecutiveFallbackRun=19 id=28409
LogOGResimProbe: Warning: [Warning][ResimProbe.Gate] checks=120 declined=56 requested=64 requestedPerMille=533 deepSkips=0 survivingAnchors=0
LogOGResimProbe: Warning: [Warning][ResimProbe.Chaos] requests=65 grants=65 refused=0 refusedPerMille=0 repeat=0 clamped=0 depthMin=5 depthMax=8
LogOGResimProbe: Warning: [Warning][ResimProbe.Apply] prepares=65 finishes=65 abandoned=0 stuck=0 replayTicks=512 replayOverruns=0 freshProtects=38 staleProtects=1
LogOGResimProbe: Warning: [Warning][ResimProbe.Frame] role=Client simTicks=120 frames=201 meanTicksPerFrameX100=59 p50=1 p99=1 max=1 meanFrameUs=9999
LogOGResimProbe: Warning: [Warning][ResimProbe.Frame] role=Client cadence dFrame1=39 dFrame0=0 dFrameGt1=81 discont=0 numSteps total=120 max=1 gt1=0
LogOGRelayProbe: Warning: [Warning][RelayProbe.Arrival] samples=120 gapCaptureTicks p50=2 p99=4 max=5 noAdvance=0 saturated=0 lostCaptureTicksX1000=18 lost=4 delivered=207 expected=211 discont=0 discontMax=0
LogOGResimProbe: Warning: [Warning][ResimProbe.Landing] class=LocallyPredicted behind=60 atFrontier=0 discarded=0 atFrontierPerMille=0 windowSamples=120
LogOGResimProbe: Warning: [Warning][ResimProbe.Landing] class=RemoteProxy behind=60 atFrontier=0 discarded=0 atFrontierPerMille=0 windowSamples=120
LogOGDivergenceProbe: Warning: [Warning][DivergenceProbe.Window] class=LocallyPredicted corrections=60 disagreed=60 ratePerMille=1000 windowSamples=120
LogOGDivergenceProbe: Warning: [Warning][DivergenceProbe.Window] class=RemoteProxy corrections=60 disagreed=60 ratePerMille=1000 windowSamples=120
LogOGRelayProbe: Warning: [Warning][RelayProbe.Read] window=[12973,13093] src=Prediction hit=51 miss=69 verifyFail=0 rung0=0 total=120
LogOGRelayProbe: Warning: [Warning][RelayProbe.Read] window=[12973,13093] src=Resim hit=398 miss=56 verifyFail=0 rung0=0 total=454
LogOGRelayProbe: Warning: [Warning][RelayProbe.Miss] window=[12973,13093] src=Prediction inSpan=0 aboveNewest=69 belowOldest=0 noProbeTick=0 miss=69
LogOGRelayProbe: Warning: [Warning][RelayProbe.Miss] window=[12973,13093] src=Resim inSpan=10 aboveNewest=46 belowOldest=0 noProbeTick=0 miss=56
LogOGRelayProbe: Warning: [Warning][RelayProbe.Delta] window=[12973,13093] src=Prediction n=120 p10=-1 p50=1 p90=2 min=-3 max=4 satLow=0 satHigh=0
LogOGRelayProbe: Warning: [Warning][RelayProbe.Delta] window=[12973,13093] src=Resim n=454 p10=-6 p50=-3 p90=1 min=-8 max=3 satLow=0 satHigh=0
LogOGRelayProbe: Warning: [Warning][RelayProbe.Stale] window=[12973,13093] maxConsecutiveFallbackRun=16 id=28409
LogOGResimProbe: Warning: [Warning][ResimProbe.Gate] checks=120 declined=57 requested=63 requestedPerMille=525 deepSkips=0 survivingAnchors=0
LogOGResimProbe: Warning: [Warning][ResimProbe.Chaos] requests=63 grants=63 refused=0 refusedPerMille=0 repeat=0 clamped=0 depthMin=4 depthMax=8
LogOGResimProbe: Warning: [Warning][ResimProbe.Apply] prepares=63 finishes=63 abandoned=0 stuck=0 replayTicks=466 replayOverruns=0 freshProtects=39 staleProtects=0
LogOGResimProbe: Warning: [Warning][ResimProbe.Frame] role=Client simTicks=120 frames=200 meanTicksPerFrameX100=60 p50=1 p99=1 max=1 meanFrameUs=10000
LogOGResimProbe: Warning: [Warning][ResimProbe.Frame] role=Client cadence dFrame1=40 dFrame0=0 dFrameGt1=80 discont=0 numSteps total=120 max=1 gt1=0
LogOGResimProbe: Warning: [Warning][ResimProbe.Landing] class=LocallyPredicted behind=60 atFrontier=0 discarded=0 atFrontierPerMille=0 windowSamples=120
LogOGResimProbe: Warning: [Warning][ResimProbe.Landing] class=RemoteProxy behind=60 atFrontier=0 discarded=0 atFrontierPerMille=0 windowSamples=120
LogOGDivergenceProbe: Warning: [Warning][DivergenceProbe.Window] class=LocallyPredicted corrections=60 disagreed=60 ratePerMille=1000 windowSamples=120
LogOGDivergenceProbe: Warning: [Warning][DivergenceProbe.Window] class=RemoteProxy corrections=60 disagreed=60 ratePerMille=1000 windowSamples=120
LogOGRelayProbe: Warning: [Warning][RelayProbe.Read] window=[13093,13213] src=Prediction hit=38 miss=82 verifyFail=0 rung0=0 total=120
LogOGRelayProbe: Warning: [Warning][RelayProbe.Read] window=[13093,13213] src=Resim hit=412 miss=78 verifyFail=0 rung0=0 total=490
LogOGRelayProbe: Warning: [Warning][RelayProbe.Miss] window=[13093,13213] src=Prediction inSpan=0 aboveNewest=82 belowOldest=0 noProbeTick=0 miss=82
LogOGRelayProbe: Warning: [Warning][RelayProbe.Miss] window=[13093,13213] src=Resim inSpan=9 aboveNewest=69 belowOldest=0 noProbeTick=0 miss=78
LogOGRelayProbe: Warning: [Warning][RelayProbe.Delta] window=[13093,13213] src=Prediction n=120 p10=-1 p50=1 p90=3 min=-2 max=5 satLow=0 satHigh=0
LogOGRelayProbe: Warning: [Warning][RelayProbe.Delta] window=[13093,13213] src=Resim n=490 p10=-5 p50=-2 p90=1 min=-7 max=5 satLow=0 satHigh=0
LogOGRelayProbe: Warning: [Warning][RelayProbe.Stale] window=[13093,13213] maxConsecutiveFallbackRun=11 id=28409
LogOGResimProbe: Warning: [Warning][ResimProbe.Gate] checks=120 declined=50 requested=70 requestedPerMille=583 deepSkips=0 survivingAnchors=0
LogOGResimProbe: Warning: [Warning][ResimProbe.Chaos] requests=69 grants=69 refused=0 refusedPerMille=0 repeat=0 clamped=0 depthMin=5 depthMax=9
LogOGResimProbe: Warning: [Warning][ResimProbe.Apply] prepares=69 finishes=69 abandoned=0 stuck=0 replayTicks=529 replayOverruns=0 freshProtects=34 staleProtects=0
LogOGResimProbe: Warning: [Warning][ResimProbe.Frame] role=Client simTicks=120 frames=200 meanTicksPerFrameX100=60 p50=1 p99=1 max=1 meanFrameUs=9999
LogOGResimProbe: Warning: [Warning][ResimProbe.Frame] role=Client cadence dFrame1=40 dFrame0=0 dFrameGt1=80 discont=0 numSteps total=120 max=1 gt1=0
LogOGRelayProbe: Warning: [Warning][RelayProbe.Arrival] samples=120 gapCaptureTicks p50=2 p99=4 max=4 noAdvance=0 saturated=0 lostCaptureTicksX1000=13 lost=3 delivered=219 expected=222 discont=0 discontMax=0
LogOGResimProbe: Warning: [Warning][ResimProbe.Landing] class=LocallyPredicted behind=60 atFrontier=0 discarded=0 atFrontierPerMille=0 windowSamples=120
LogOGResimProbe: Warning: [Warning][ResimProbe.Landing] class=RemoteProxy behind=60 atFrontier=0 discarded=0 atFrontierPerMille=0 windowSamples=120
LogOGDivergenceProbe: Warning: [Warning][DivergenceProbe.Window] class=LocallyPredicted corrections=60 disagreed=60 ratePerMille=1000 windowSamples=120
LogOGDivergenceProbe: Warning: [Warning][DivergenceProbe.Window] class=RemoteProxy corrections=60 disagreed=60 ratePerMille=1000 windowSamples=120
LogOGRelayProbe: Warning: [Warning][RelayProbe.Read] window=[13213,13333] src=Prediction hit=53 miss=67 verifyFail=0 rung0=0 total=120
LogOGRelayProbe: Warning: [Warning][RelayProbe.Read] window=[13213,13333] src=Resim hit=406 miss=55 verifyFail=0 rung0=0 total=461
LogOGRelayProbe: Warning: [Warning][RelayProbe.Miss] window=[13213,13333] src=Prediction inSpan=1 aboveNewest=66 belowOldest=0 noProbeTick=0 miss=67
LogOGRelayProbe: Warning: [Warning][RelayProbe.Miss] window=[13213,13333] src=Resim inSpan=8 aboveNewest=47 belowOldest=0 noProbeTick=0 miss=55
LogOGRelayProbe: Warning: [Warning][RelayProbe.Delta] window=[13213,13333] src=Prediction n=120 p10=-1 p50=1 p90=2 min=-4 max=4 satLow=0 satHigh=0
LogOGRelayProbe: Warning: [Warning][RelayProbe.Delta] window=[13213,13333] src=Resim n=461 p10=-6 p50=-3 p90=1 min=-8 max=3 satLow=0 satHigh=0
LogOGRelayProbe: Warning: [Warning][RelayProbe.Stale] window=[13213,13333] maxConsecutiveFallbackRun=9 id=28409
LogOGResimProbe: Warning: [Warning][ResimProbe.Gate] checks=120 declined=55 requested=65 requestedPerMille=542 deepSkips=0 survivingAnchors=0
LogOGResimProbe: Warning: [Warning][ResimProbe.Chaos] requests=65 grants=65 refused=0 refusedPerMille=0 repeat=0 clamped=0 depthMin=4 depthMax=8
LogOGResimProbe: Warning: [Warning][ResimProbe.Apply] prepares=65 finishes=65 abandoned=0 stuck=0 replayTicks=470 replayOverruns=0 freshProtects=35 staleProtects=0
LogOGResimProbe: Warning: [Warning][ResimProbe.Frame] role=Client simTicks=120 frames=199 meanTicksPerFrameX100=60 p50=1 p99=1 max=1 meanFrameUs=10000
LogOGResimProbe: Warning: [Warning][ResimProbe.Frame] role=Client cadence dFrame1=41 dFrame0=0 dFrameGt1=79 discont=0 numSteps total=120 max=1 gt1=0
LogOGResimProbe: Warning: [Warning][ResimProbe.Landing] class=LocallyPredicted behind=60 atFrontier=0 discarded=0 atFrontierPerMille=0 windowSamples=120
LogOGResimProbe: Warning: [Warning][ResimProbe.Landing] class=RemoteProxy behind=60 atFrontier=0 discarded=0 atFrontierPerMille=0 windowSamples=120
LogOGDivergenceProbe: Warning: [Warning][DivergenceProbe.Window] class=LocallyPredicted corrections=60 disagreed=60 ratePerMille=1000 windowSamples=120
LogOGDivergenceProbe: Warning: [Warning][DivergenceProbe.Window] class=RemoteProxy corrections=60 disagreed=60 ratePerMille=1000 windowSamples=120
LogOGRelayProbe: Warning: [Warning][RelayProbe.Read] window=[13333,13453] src=Prediction hit=37 miss=83 verifyFail=0 rung0=0 total=120
LogOGRelayProbe: Warning: [Warning][RelayProbe.Read] window=[13333,13453] src=Resim hit=444 miss=56 verifyFail=0 rung0=0 total=500
LogOGRelayProbe: Warning: [Warning][RelayProbe.Miss] window=[13333,13453] src=Prediction inSpan=0 aboveNewest=83 belowOldest=0 noProbeTick=0 miss=83
LogOGRelayProbe: Warning: [Warning][RelayProbe.Miss] window=[13333,13453] src=Resim inSpan=0 aboveNewest=56 belowOldest=0 noProbeTick=0 miss=56
LogOGRelayProbe: Warning: [Warning][RelayProbe.Delta] window=[13333,13453] src=Prediction n=120 p10=-1 p50=1 p90=3 min=-2 max=4 satLow=0 satHigh=0
LogOGRelayProbe: Warning: [Warning][RelayProbe.Delta] window=[13333,13453] src=Resim n=500 p10=-6 p50=-3 p90=1 min=-9 max=4 satLow=0 satHigh=0
LogOGRelayProbe: Warning: [Warning][RelayProbe.Stale] window=[13333,13453] maxConsecutiveFallbackRun=20 id=28409
LogOGResimProbe: Warning: [Warning][ResimProbe.Gate] checks=120 declined=57 requested=63 requestedPerMille=525 deepSkips=0 survivingAnchors=0
LogOGResimProbe: Warning: [Warning][ResimProbe.Chaos] requests=64 grants=64 refused=0 refusedPerMille=0 repeat=0 clamped=0 depthMin=5 depthMax=9
LogOGResimProbe: Warning: [Warning][ResimProbe.Apply] prepares=64 finishes=64 abandoned=0 stuck=0 replayTicks=503 replayOverruns=0 freshProtects=35 staleProtects=0
LogOGResimProbe: Warning: [Warning][ResimProbe.Frame] role=Client simTicks=120 frames=201 meanTicksPerFrameX100=59 p50=1 p99=1 max=1 meanFrameUs=9999
LogOGResimProbe: Warning: [Warning][ResimProbe.Frame] role=Client cadence dFrame1=39 dFrame0=0 dFrameGt1=81 discont=0 numSteps total=120 max=1 gt1=0
LogOGRelayProbe: Warning: [Warning][RelayProbe.Arrival] samples=120 gapCaptureTicks p50=2 p99=4 max=5 noAdvance=0 saturated=0 lostCaptureTicksX1000=12 lost=3 delivered=230 expected=233 discont=0 discontMax=0
LogOGResimProbe: Warning: [Warning][ResimProbe.Landing] class=LocallyPredicted behind=60 atFrontier=0 discarded=0 atFrontierPerMille=0 windowSamples=120
LogOGResimProbe: Warning: [Warning][ResimProbe.Landing] class=RemoteProxy behind=60 atFrontier=0 discarded=0 atFrontierPerMille=0 windowSamples=120
LogOGDivergenceProbe: Warning: [Warning][DivergenceProbe.Window] class=LocallyPredicted corrections=60 disagreed=60 ratePerMille=1000 windowSamples=120
LogOGDivergenceProbe: Warning: [Warning][DivergenceProbe.Window] class=RemoteProxy corrections=60 disagreed=60 ratePerMille=1000 windowSamples=120
LogOGRelayProbe: Warning: [Warning][RelayProbe.Read] window=[13453,13573] src=Prediction hit=48 miss=72 verifyFail=0 rung0=0 total=120
LogOGRelayProbe: Warning: [Warning][RelayProbe.Read] window=[13453,13573] src=Resim hit=391 miss=33 verifyFail=0 rung0=0 total=424
LogOGRelayProbe: Warning: [Warning][RelayProbe.Miss] window=[13453,13573] src=Prediction inSpan=0 aboveNewest=72 belowOldest=0 noProbeTick=0 miss=72
LogOGRelayProbe: Warning: [Warning][RelayProbe.Miss] window=[13453,13573] src=Resim inSpan=0 aboveNewest=33 belowOldest=0 noProbeTick=0 miss=33
LogOGRelayProbe: Warning: [Warning][RelayProbe.Delta] window=[13453,13573] src=Prediction n=120 p10=-1 p50=1 p90=2 min=-2 max=4 satLow=0 satHigh=0
LogOGRelayProbe: Warning: [Warning][RelayProbe.Delta] window=[13453,13573] src=Resim n=424 p10=-6 p50=-3 p90=0 min=-8 max=3 satLow=0 satHigh=0
LogOGRelayProbe: Warning: [Warning][RelayProbe.Stale] window=[13453,13573] maxConsecutiveFallbackRun=16 id=28409
LogOGResimProbe: Warning: [Warning][ResimProbe.Gate] checks=120 declined=59 requested=61 requestedPerMille=508 deepSkips=0 survivingAnchors=0
LogOGResimProbe: Warning: [Warning][ResimProbe.Chaos] requests=61 grants=61 refused=0 refusedPerMille=0 repeat=0 clamped=0 depthMin=4 depthMax=8
LogOGResimProbe: Warning: [Warning][ResimProbe.Apply] prepares=61 finishes=61 abandoned=0 stuck=0 replayTicks=449 replayOverruns=0 freshProtects=41 staleProtects=0
LogOGResimProbe: Warning: [Warning][ResimProbe.Frame] role=Client simTicks=120 frames=199 meanTicksPerFrameX100=60 p50=1 p99=1 max=1 meanFrameUs=9999
LogOGResimProbe: Warning: [Warning][ResimProbe.Frame] role=Client cadence dFrame1=41 dFrame0=0 dFrameGt1=79 discont=0 numSteps total=120 max=1 gt1=0
LogOGResimProbe: Warning: [Warning][ResimProbe.Landing] class=LocallyPredicted behind=60 atFrontier=0 discarded=0 atFrontierPerMille=0 windowSamples=120
LogOGResimProbe: Warning: [Warning][ResimProbe.Landing] class=RemoteProxy behind=60 atFrontier=0 discarded=0 atFrontierPerMille=0 windowSamples=120
LogOGDivergenceProbe: Warning: [Warning][DivergenceProbe.Window] class=LocallyPredicted corrections=60 disagreed=60 ratePerMille=1000 windowSamples=120
LogOGDivergenceProbe: Warning: [Warning][DivergenceProbe.Window] class=RemoteProxy corrections=60 disagreed=60 ratePerMille=1000 windowSamples=120
LogOGRelayProbe: Warning: [Warning][RelayProbe.Arrival] samples=120 gapCaptureTicks p50=2 p99=5 max=5 noAdvance=0 saturated=0 lostCaptureTicksX1000=0 lost=0 delivered=217 expected=217 discont=0 discontMax=0
LogOGRelayProbe: Warning: [Warning][RelayProbe.Read] window=[13573,13693] src=Prediction hit=26 miss=96 verifyFail=0 rung0=0 total=122
LogOGRelayProbe: Warning: [Warning][RelayProbe.Read] window=[13573,13693] src=Resim hit=362 miss=78 verifyFail=0 rung0=0 total=440
LogOGRelayProbe: Warning: [Warning][RelayProbe.Miss] window=[13573,13693] src=Prediction inSpan=0 aboveNewest=96 belowOldest=0 noProbeTick=0 miss=96
LogOGRelayProbe: Warning: [Warning][RelayProbe.Miss] window=[13573,13693] src=Resim inSpan=0 aboveNewest=78 belowOldest=0 noProbeTick=0 miss=78
LogOGRelayProbe: Warning: [Warning][RelayProbe.Delta] window=[13573,13693] src=Prediction n=122 p10=0 p50=2 p90=4 min=-2 max=7 satLow=0 satHigh=0
LogOGRelayProbe: Warning: [Warning][RelayProbe.Delta] window=[13573,13693] src=Resim n=440 p10=-5 p50=-2 p90=1 min=-8 max=5 satLow=0 satHigh=0
LogOGRelayProbe: Warning: [Warning][RelayProbe.Stale] window=[13573,13693] maxConsecutiveFallbackRun=17 id=28409
LogOGResimProbe: Warning: [Warning][ResimProbe.Gate] checks=120 declined=61 requested=59 requestedPerMille=492 deepSkips=0 survivingAnchors=0
LogOGResimProbe: Warning: [Warning][ResimProbe.Chaos] requests=58 grants=58 refused=0 refusedPerMille=0 repeat=0 clamped=0 depthMin=5 depthMax=11
LogOGResimProbe: Warning: [Warning][ResimProbe.Apply] prepares=58 finishes=58 abandoned=0 stuck=0 replayTicks=449 replayOverruns=0 freshProtects=37 staleProtects=0
LogOGResimProbe: Warning: [Warning][ResimProbe.Frame] role=Client simTicks=118 frames=199 meanTicksPerFrameX100=59 p50=1 p99=1 max=1 meanFrameUs=10522
LogOGResimProbe: Warning: [Warning][ResimProbe.Frame] role=Client cadence dFrame1=41 dFrame0=0 dFrameGt1=79 discont=0 numSteps total=126 max=7 gt1=1
LogOGResimProbe: Warning: [Warning][ResimProbe.Landing] class=LocallyPredicted behind=59 atFrontier=0 discarded=1 atFrontierPerMille=0 windowSamples=120
LogOGResimProbe: Warning: [Warning][ResimProbe.Landing] class=RemoteProxy behind=59 atFrontier=1 discarded=0 atFrontierPerMille=17 windowSamples=120
LogOGDivergenceProbe: Warning: [Warning][DivergenceProbe.Window] class=LocallyPredicted corrections=59 disagreed=59 ratePerMille=1000 windowSamples=120
LogOGDivergenceProbe: Warning: [Warning][DivergenceProbe.Window] class=RemoteProxy corrections=61 disagreed=61 ratePerMille=1000 windowSamples=120
LogOGRelayProbe: Warning: [Warning][RelayProbe.Read] window=[13693,13813] src=Prediction hit=58 miss=61 verifyFail=0 rung0=0 total=119
LogOGRelayProbe: Warning: [Warning][RelayProbe.Read] window=[13693,13813] src=Resim hit=322 miss=63 verifyFail=0 rung0=0 total=385
LogOGRelayProbe: Warning: [Warning][RelayProbe.Miss] window=[13693,13813] src=Prediction inSpan=1 aboveNewest=60 belowOldest=0 noProbeTick=0 miss=61
LogOGRelayProbe: Warning: [Warning][RelayProbe.Miss] window=[13693,13813] src=Resim inSpan=9 aboveNewest=54 belowOldest=0 noProbeTick=0 miss=63
LogOGRelayProbe: Warning: [Warning][RelayProbe.Delta] window=[13693,13813] src=Prediction n=119 p10=-2 p50=1 p90=3 min=-7 max=5 satLow=0 satHigh=0
LogOGRelayProbe: Warning: [Warning][RelayProbe.Delta] window=[13693,13813] src=Resim n=385 p10=-6 p50=-3 p90=1 min=-8 max=3 satLow=0 satHigh=0
LogOGRelayProbe: Warning: [Warning][RelayProbe.Stale] window=[13693,13813] maxConsecutiveFallbackRun=9 id=28409
LogOGResimProbe: Warning: [Warning][ResimProbe.Gate] checks=120 declined=59 requested=61 requestedPerMille=508 deepSkips=0 survivingAnchors=0
LogOGResimProbe: Warning: [Warning][ResimProbe.Chaos] requests=62 grants=60 refused=2 refusedPerMille=32 repeat=2 clamped=0 depthMin=1 depthMax=8
LogOGResimProbe: Warning: [Warning][ResimProbe.Apply] prepares=60 finishes=60 abandoned=0 stuck=0 replayTicks=413 replayOverruns=0 freshProtects=30 staleProtects=0
LogOGResimProbe: Warning: [Warning][ResimProbe.Frame] role=Client simTicks=127 frames=202 meanTicksPerFrameX100=62 p50=1 p99=1 max=1 meanFrameUs=9999
LogOGResimProbe: Warning: [Warning][ResimProbe.Frame] role=Client cadence dFrame1=38 dFrame0=0 dFrameGt1=82 discont=0 numSteps total=120 max=1 gt1=0
LogOGRelayProbe: Warning: [Warning][RelayProbe.Arrival] samples=120 gapCaptureTicks p50=2 p99=4 max=8 noAdvance=0 saturated=0 lostCaptureTicksX1000=28 lost=6 delivered=208 expected=214 discont=0 discontMax=0
LogOGResimProbe: Warning: [Warning][ResimProbe.Landing] class=LocallyPredicted behind=60 atFrontier=0 discarded=0 atFrontierPerMille=0 windowSamples=120
LogOGResimProbe: Warning: [Warning][ResimProbe.Landing] class=RemoteProxy behind=60 atFrontier=0 discarded=0 atFrontierPerMille=0 windowSamples=120
LogOGDivergenceProbe: Warning: [Warning][DivergenceProbe.Window] class=LocallyPredicted corrections=61 disagreed=61 ratePerMille=1000 windowSamples=120
LogOGDivergenceProbe: Warning: [Warning][DivergenceProbe.Window] class=RemoteProxy corrections=59 disagreed=59 ratePerMille=1000 windowSamples=120
LogOGRelayProbe: Warning: [Warning][RelayProbe.Read] window=[13813,13933] src=Prediction hit=67 miss=53 verifyFail=0 rung0=0 total=120
LogOGRelayProbe: Warning: [Warning][RelayProbe.Read] window=[13813,13933] src=Resim hit=394 miss=21 verifyFail=0 rung0=0 total=415
LogOGRelayProbe: Warning: [Warning][RelayProbe.Miss] window=[13813,13933] src=Prediction inSpan=0 aboveNewest=53 belowOldest=0 noProbeTick=0 miss=53
LogOGRelayProbe: Warning: [Warning][RelayProbe.Miss] window=[13813,13933] src=Resim inSpan=0 aboveNewest=21 belowOldest=0 noProbeTick=0 miss=21
LogOGRelayProbe: Warning: [Warning][RelayProbe.Delta] window=[13813,13933] src=Prediction n=120 p10=-1 p50=0 p90=2 min=-3 max=3 satLow=0 satHigh=0
LogOGRelayProbe: Warning: [Warning][RelayProbe.Delta] window=[13813,13933] src=Resim n=415 p10=-6 p50=-3 p90=0 min=-8 max=3 satLow=0 satHigh=0
LogOGRelayProbe: Warning: [Warning][RelayProbe.Stale] window=[13813,13933] maxConsecutiveFallbackRun=7 id=28409
LogOGResimProbe: Warning: [Warning][ResimProbe.Gate] checks=120 declined=55 requested=65 requestedPerMille=542 deepSkips=0 survivingAnchors=0
LogOGResimProbe: Warning: [Warning][ResimProbe.Chaos] requests=65 grants=65 refused=0 refusedPerMille=0 repeat=0 clamped=0 depthMin=4 depthMax=7
LogOGResimProbe: Warning: [Warning][ResimProbe.Apply] prepares=65 finishes=65 abandoned=0 stuck=0 replayTicks=429 replayOverruns=0 freshProtects=37 staleProtects=0
LogOGResimProbe: Warning: [Warning][ResimProbe.Frame] role=Client simTicks=120 frames=199 meanTicksPerFrameX100=60 p50=1 p99=1 max=1 meanFrameUs=10010
LogOGResimProbe: Warning: [Warning][ResimProbe.Frame] role=Client cadence dFrame1=41 dFrame0=0 dFrameGt1=79 discont=0 numSteps total=120 max=1 gt1=0
LogOGResimProbe: Warning: [Warning][ResimProbe.Landing] class=LocallyPredicted behind=61 atFrontier=0 discarded=0 atFrontierPerMille=0 windowSamples=120
LogOGResimProbe: Warning: [Warning][ResimProbe.Landing] class=RemoteProxy behind=59 atFrontier=0 discarded=0 atFrontierPerMille=0 windowSamples=120
LogOGDivergenceProbe: Warning: [Warning][DivergenceProbe.Window] class=LocallyPredicted corrections=61 disagreed=61 ratePerMille=1000 windowSamples=120
LogOGDivergenceProbe: Warning: [Warning][DivergenceProbe.Window] class=RemoteProxy corrections=59 disagreed=59 ratePerMille=1000 windowSamples=120
LogOGRelayProbe: Warning: [Warning][RelayProbe.Read] window=[13933,14053] src=Prediction hit=41 miss=78 verifyFail=0 rung0=0 total=119
LogOGRelayProbe: Warning: [Warning][RelayProbe.Read] window=[13933,14053] src=Resim hit=378 miss=57 verifyFail=0 rung0=0 total=435
LogOGRelayProbe: Warning: [Warning][RelayProbe.Miss] window=[13933,14053] src=Prediction inSpan=0 aboveNewest=78 belowOldest=0 noProbeTick=0 miss=78
LogOGRelayProbe: Warning: [Warning][RelayProbe.Miss] window=[13933,14053] src=Resim inSpan=4 aboveNewest=53 belowOldest=0 noProbeTick=0 miss=57
LogOGRelayProbe: Warning: [Warning][RelayProbe.Delta] window=[13933,14053] src=Prediction n=119 p10=-1 p50=1 p90=3 min=-3 max=5 satLow=0 satHigh=0
LogOGRelayProbe: Warning: [Warning][RelayProbe.Delta] window=[13933,14053] src=Resim n=435 p10=-6 p50=-3 p90=1 min=-8 max=3 satLow=0 satHigh=0
LogOGRelayProbe: Warning: [Warning][RelayProbe.Stale] window=[13933,14053] maxConsecutiveFallbackRun=18 id=28409
LogOGResimProbe: Warning: [Warning][ResimProbe.Gate] checks=120 declined=56 requested=64 requestedPerMille=533 deepSkips=0 survivingAnchors=0
LogOGResimProbe: Warning: [Warning][ResimProbe.Chaos] requests=64 grants=61 refused=3 refusedPerMille=47 repeat=3 clamped=0 depthMin=5 depthMax=10
LogOGResimProbe: Warning: [Warning][ResimProbe.Apply] prepares=61 finishes=60 abandoned=1 stuck=2 replayTicks=462 replayOverruns=0 freshProtects=28 staleProtects=0
LogOGResimProbe: Warning: [Warning][ResimProbe.Frame] role=Client simTicks=121 frames=198 meanTicksPerFrameX100=61 p50=1 p99=2 max=2 meanFrameUs=10098
LogOGResimProbe: Warning: [Warning][ResimProbe.Frame] role=Client cadence dFrame1=42 dFrame0=0 dFrameGt1=78 discont=0 numSteps total=120 max=1 gt1=0
LogOGRelayProbe: Warning: [Warning][RelayProbe.Arrival] samples=120 gapCaptureTicks p50=2 p99=4 max=5 noAdvance=0 saturated=0 lostCaptureTicksX1000=9 lost=2 delivered=218 expected=220 discont=0 discontMax=0
LogOGResimProbe: Warning: [Warning][ResimProbe.Landing] class=LocallyPredicted behind=60 atFrontier=0 discarded=0 atFrontierPerMille=0 windowSamples=120
LogOGResimProbe: Warning: [Warning][ResimProbe.Landing] class=RemoteProxy behind=60 atFrontier=0 discarded=0 atFrontierPerMille=0 windowSamples=120
LogOGDivergenceProbe: Warning: [Warning][DivergenceProbe.Window] class=LocallyPredicted corrections=60 disagreed=60 ratePerMille=1000 windowSamples=120
LogOGDivergenceProbe: Warning: [Warning][DivergenceProbe.Window] class=RemoteProxy corrections=60 disagreed=60 ratePerMille=1000 windowSamples=120
LogOGRelayProbe: Warning: [Warning][RelayProbe.Read] window=[14053,14173] src=Prediction hit=42 miss=78 verifyFail=0 rung0=0 total=120
LogOGRelayProbe: Warning: [Warning][RelayProbe.Read] window=[14053,14173] src=Resim hit=403 miss=54 verifyFail=0 rung0=0 total=457
LogOGRelayProbe: Warning: [Warning][RelayProbe.Miss] window=[14053,14173] src=Prediction inSpan=0 aboveNewest=78 belowOldest=0 noProbeTick=0 miss=78
LogOGRelayProbe: Warning: [Warning][RelayProbe.Miss] window=[14053,14173] src=Resim inSpan=0 aboveNewest=54 belowOldest=0 noProbeTick=0 miss=54
LogOGRelayProbe: Warning: [Warning][RelayProbe.Delta] window=[14053,14173] src=Prediction n=120 p10=-1 p50=1 p90=3 min=-3 max=4 satLow=0 satHigh=0
LogOGRelayProbe: Warning: [Warning][RelayProbe.Delta] window=[14053,14173] src=Resim n=457 p10=-6 p50=-3 p90=1 min=-8 max=3 satLow=0 satHigh=0
LogOGRelayProbe: Warning: [Warning][RelayProbe.Stale] window=[14053,14173] maxConsecutiveFallbackRun=11 id=28409
LogOGResimProbe: Warning: [Warning][ResimProbe.Gate] checks=120 declined=57 requested=63 requestedPerMille=525 deepSkips=0 survivingAnchors=0
LogOGResimProbe: Warning: [Warning][ResimProbe.Chaos] requests=63 grants=63 refused=0 refusedPerMille=0 repeat=0 clamped=0 depthMin=4 depthMax=8
LogOGResimProbe: Warning: [Warning][ResimProbe.Apply] prepares=63 finishes=63 abandoned=0 stuck=0 replayTicks=472 replayOverruns=0 freshProtects=34 staleProtects=0
LogOGResimProbe: Warning: [Warning][ResimProbe.Frame] role=Client simTicks=120 frames=201 meanTicksPerFrameX100=59 p50=1 p99=1 max=1 meanFrameUs=10000
LogOGResimProbe: Warning: [Warning][ResimProbe.Frame] role=Client cadence dFrame1=39 dFrame0=0 dFrameGt1=81 discont=0 numSteps total=120 max=1 gt1=0
LogOGResimProbe: Warning: [Warning][ResimProbe.Landing] class=LocallyPredicted behind=60 atFrontier=0 discarded=0 atFrontierPerMille=0 windowSamples=120
LogOGResimProbe: Warning: [Warning][ResimProbe.Landing] class=RemoteProxy behind=60 atFrontier=0 discarded=0 atFrontierPerMille=0 windowSamples=120
LogOGDivergenceProbe: Warning: [Warning][DivergenceProbe.Window] class=LocallyPredicted corrections=59 disagreed=59 ratePerMille=1000 windowSamples=120
LogOGDivergenceProbe: Warning: [Warning][DivergenceProbe.Window] class=RemoteProxy corrections=61 disagreed=61 ratePerMille=1000 windowSamples=120
LogOGRelayProbe: Warning: [Warning][RelayProbe.Read] window=[14173,14293] src=Prediction hit=57 miss=63 verifyFail=0 rung0=0 total=120
LogOGRelayProbe: Warning: [Warning][RelayProbe.Read] window=[14173,14293] src=Resim hit=397 miss=30 verifyFail=0 rung0=0 total=427
LogOGRelayProbe: Warning: [Warning][RelayProbe.Miss] window=[14173,14293] src=Prediction inSpan=0 aboveNewest=63 belowOldest=0 noProbeTick=0 miss=63
LogOGRelayProbe: Warning: [Warning][RelayProbe.Miss] window=[14173,14293] src=Resim inSpan=0 aboveNewest=30 belowOldest=0 noProbeTick=0 miss=30
LogOGRelayProbe: Warning: [Warning][RelayProbe.Delta] window=[14173,14293] src=Prediction n=120 p10=-1 p50=1 p90=2 min=-2 max=4 satLow=0 satHigh=0
LogOGRelayProbe: Warning: [Warning][RelayProbe.Delta] window=[14173,14293] src=Resim n=427 p10=-6 p50=-3 p90=0 min=-7 max=2 satLow=0 satHigh=0
LogOGRelayProbe: Warning: [Warning][RelayProbe.Stale] window=[14173,14293] maxConsecutiveFallbackRun=7 id=28409
LogOGResimProbe: Warning: [Warning][ResimProbe.Gate] checks=120 declined=58 requested=62 requestedPerMille=517 deepSkips=0 survivingAnchors=0
LogOGResimProbe: Warning: [Warning][ResimProbe.Chaos] requests=61 grants=61 refused=0 refusedPerMille=0 repeat=0 clamped=0 depthMin=5 depthMax=8
LogOGResimProbe: Warning: [Warning][ResimProbe.Apply] prepares=61 finishes=61 abandoned=0 stuck=0 replayTicks=456 replayOverruns=0 freshProtects=30 staleProtects=0
LogOGResimProbe: Warning: [Warning][ResimProbe.Frame] role=Client simTicks=120 frames=199 meanTicksPerFrameX100=60 p50=1 p99=1 max=1 meanFrameUs=9998
LogOGResimProbe: Warning: [Warning][ResimProbe.Frame] role=Client cadence dFrame1=41 dFrame0=0 dFrameGt1=79 discont=0 numSteps total=120 max=1 gt1=0
LogOGRelayProbe: Warning: [Warning][RelayProbe.Arrival] samples=120 gapCaptureTicks p50=1 p99=4 max=4 noAdvance=0 saturated=0 lostCaptureTicksX1000=0 lost=0 delivered=207 expected=207 discont=0 discontMax=0
LogOGResimProbe: Warning: [Warning][ResimProbe.Landing] class=LocallyPredicted behind=61 atFrontier=0 discarded=0 atFrontierPerMille=0 windowSamples=120
LogOGResimProbe: Warning: [Warning][ResimProbe.Landing] class=RemoteProxy behind=59 atFrontier=0 discarded=0 atFrontierPerMille=0 windowSamples=120
LogOGDivergenceProbe: Warning: [Warning][DivergenceProbe.Window] class=LocallyPredicted corrections=61 disagreed=61 ratePerMille=1000 windowSamples=120
LogOGDivergenceProbe: Warning: [Warning][DivergenceProbe.Window] class=RemoteProxy corrections=59 disagreed=59 ratePerMille=1000 windowSamples=120
LogOGRelayProbe: Warning: [Warning][RelayProbe.Read] window=[14293,14413] src=Prediction hit=51 miss=69 verifyFail=0 rung0=0 total=120
LogOGRelayProbe: Warning: [Warning][RelayProbe.Read] window=[14293,14413] src=Resim hit=412 miss=43 verifyFail=0 rung0=0 total=455
LogOGRelayProbe: Warning: [Warning][RelayProbe.Miss] window=[14293,14413] src=Prediction inSpan=0 aboveNewest=69 belowOldest=0 noProbeTick=0 miss=69
LogOGRelayProbe: Warning: [Warning][RelayProbe.Miss] window=[14293,14413] src=Resim inSpan=0 aboveNewest=43 belowOldest=0 noProbeTick=0 miss=43
LogOGRelayProbe: Warning: [Warning][RelayProbe.Delta] window=[14293,14413] src=Prediction n=120 p10=-1 p50=1 p90=2 min=-3 max=4 satLow=0 satHigh=0
LogOGRelayProbe: Warning: [Warning][RelayProbe.Delta] window=[14293,14413] src=Resim n=455 p10=-6 p50=-3 p90=0 min=-8 max=3 satLow=0 satHigh=0
LogOGRelayProbe: Warning: [Warning][RelayProbe.Stale] window=[14293,14413] maxConsecutiveFallbackRun=8 id=28409
LogOGResimProbe: Warning: [Warning][ResimProbe.Gate] checks=120 declined=55 requested=65 requestedPerMille=542 deepSkips=0 survivingAnchors=0
LogOGResimProbe: Warning: [Warning][ResimProbe.Chaos] requests=66 grants=64 refused=2 refusedPerMille=30 repeat=2 clamped=0 depthMin=5 depthMax=8
LogOGResimProbe: Warning: [Warning][ResimProbe.Apply] prepares=64 finishes=64 abandoned=0 stuck=0 replayTicks=465 replayOverruns=0 freshProtects=38 staleProtects=0
LogOGResimProbe: Warning: [Warning][ResimProbe.Frame] role=Client simTicks=120 frames=200 meanTicksPerFrameX100=60 p50=1 p99=1 max=1 meanFrameUs=10002
LogOGResimProbe: Warning: [Warning][ResimProbe.Frame] role=Client cadence dFrame1=40 dFrame0=0 dFrameGt1=80 discont=0 numSteps total=120 max=1 gt1=0
LogOGResimProbe: Warning: [Warning][ResimProbe.Landing] class=LocallyPredicted behind=59 atFrontier=0 discarded=0 atFrontierPerMille=0 windowSamples=120
LogOGResimProbe: Warning: [Warning][ResimProbe.Landing] class=RemoteProxy behind=61 atFrontier=0 discarded=0 atFrontierPerMille=0 windowSamples=120
LogOGDivergenceProbe: Warning: [Warning][DivergenceProbe.Window] class=LocallyPredicted corrections=60 disagreed=60 ratePerMille=1000 windowSamples=120
LogOGDivergenceProbe: Warning: [Warning][DivergenceProbe.Window] class=RemoteProxy corrections=60 disagreed=60 ratePerMille=1000 windowSamples=120
LogOGRelayProbe: Warning: [Warning][RelayProbe.Read] window=[14413,14533] src=Prediction hit=49 miss=71 verifyFail=0 rung0=0 total=120
LogOGRelayProbe: Warning: [Warning][RelayProbe.Read] window=[14413,14533] src=Resim hit=435 miss=44 verifyFail=0 rung0=0 total=479
LogOGRelayProbe: Warning: [Warning][RelayProbe.Miss] window=[14413,14533] src=Prediction inSpan=0 aboveNewest=71 belowOldest=0 noProbeTick=0 miss=71
LogOGRelayProbe: Warning: [Warning][RelayProbe.Miss] window=[14413,14533] src=Resim inSpan=2 aboveNewest=42 belowOldest=0 noProbeTick=0 miss=44
LogOGRelayProbe: Warning: [Warning][RelayProbe.Delta] window=[14413,14533] src=Prediction n=120 p10=-1 p50=1 p90=2 min=-2 max=3 satLow=0 satHigh=0
LogOGRelayProbe: Warning: [Warning][RelayProbe.Delta] window=[14413,14533] src=Resim n=479 p10=-6 p50=-3 p90=0 min=-8 max=3 satLow=0 satHigh=0
LogOGRelayProbe: Warning: [Warning][RelayProbe.Stale] window=[14413,14533] maxConsecutiveFallbackRun=14 id=28409
LogOGResimProbe: Warning: [Warning][ResimProbe.Gate] checks=120 declined=52 requested=68 requestedPerMille=567 deepSkips=0 survivingAnchors=0
LogOGResimProbe: Warning: [Warning][ResimProbe.Chaos] requests=67 grants=67 refused=0 refusedPerMille=0 repeat=0 clamped=0 depthMin=5 depthMax=8
LogOGResimProbe: Warning: [Warning][ResimProbe.Apply] prepares=67 finishes=67 abandoned=0 stuck=0 replayTicks=489 replayOverruns=0 freshProtects=33 staleProtects=0
LogOGResimProbe: Warning: [Warning][ResimProbe.Frame] role=Client simTicks=120 frames=200 meanTicksPerFrameX100=60 p50=1 p99=1 max=1 meanFrameUs=10000
LogOGResimProbe: Warning: [Warning][ResimProbe.Frame] role=Client cadence dFrame1=40 dFrame0=0 dFrameGt1=80 discont=0 numSteps total=120 max=1 gt1=0
LogOGRelayProbe: Warning: [Warning][RelayProbe.Arrival] samples=120 gapCaptureTicks p50=2 p99=4 max=6 noAdvance=0 saturated=0 lostCaptureTicksX1000=4 lost=1 delivered=228 expected=229 discont=0 discontMax=0
LogOGResimProbe: Warning: [Warning][ResimProbe.Landing] class=LocallyPredicted behind=60 atFrontier=0 discarded=0 atFrontierPerMille=0 windowSamples=120
LogOGResimProbe: Warning: [Warning][ResimProbe.Landing] class=RemoteProxy behind=60 atFrontier=0 discarded=0 atFrontierPerMille=0 windowSamples=120
LogOGDivergenceProbe: Warning: [Warning][DivergenceProbe.Window] class=LocallyPredicted corrections=60 disagreed=60 ratePerMille=1000 windowSamples=120
LogOGDivergenceProbe: Warning: [Warning][DivergenceProbe.Window] class=RemoteProxy corrections=60 disagreed=60 ratePerMille=1000 windowSamples=120
LogOGRelayProbe: Warning: [Warning][RelayProbe.Read] window=[14533,14653] src=Prediction hit=40 miss=80 verifyFail=0 rung0=0 total=120
LogOGRelayProbe: Warning: [Warning][RelayProbe.Read] window=[14533,14653] src=Resim hit=377 miss=49 verifyFail=0 rung0=0 total=426
LogOGRelayProbe: Warning: [Warning][RelayProbe.Miss] window=[14533,14653] src=Prediction inSpan=0 aboveNewest=80 belowOldest=0 noProbeTick=0 miss=80
LogOGRelayProbe: Warning: [Warning][RelayProbe.Miss] window=[14533,14653] src=Resim inSpan=0 aboveNewest=49 belowOldest=0 noProbeTick=0 miss=49
LogOGRelayProbe: Warning: [Warning][RelayProbe.Delta] window=[14533,14653] src=Prediction n=120 p10=-1 p50=1 p90=3 min=-2 max=5 satLow=0 satHigh=0
LogOGRelayProbe: Warning: [Warning][RelayProbe.Delta] window=[14533,14653] src=Resim n=426 p10=-5 p50=-2 p90=1 min=-7 max=4 satLow=0 satHigh=0
LogOGRelayProbe: Warning: [Warning][RelayProbe.Stale] window=[14533,14653] maxConsecutiveFallbackRun=18 id=28409
LogOGResimProbe: Warning: [Warning][ResimProbe.Gate] checks=120 declined=59 requested=61 requestedPerMille=508 deepSkips=0 survivingAnchors=0
LogOGResimProbe: Warning: [Warning][ResimProbe.Chaos] requests=62 grants=62 refused=0 refusedPerMille=0 repeat=0 clamped=0 depthMin=4 depthMax=8
LogOGResimProbe: Warning: [Warning][ResimProbe.Apply] prepares=62 finishes=62 abandoned=0 stuck=0 replayTicks=461 replayOverruns=0 freshProtects=36 staleProtects=0
LogOGResimProbe: Warning: [Warning][ResimProbe.Frame] role=Client simTicks=120 frames=200 meanTicksPerFrameX100=60 p50=1 p99=1 max=1 meanFrameUs=10000
LogOGResimProbe: Warning: [Warning][ResimProbe.Frame] role=Client cadence dFrame1=40 dFrame0=0 dFrameGt1=80 discont=0 numSteps total=120 max=1 gt1=0
LogOGResimProbe: Warning: [Warning][ResimProbe.Landing] class=LocallyPredicted behind=60 atFrontier=0 discarded=0 atFrontierPerMille=0 windowSamples=120
LogOGResimProbe: Warning: [Warning][ResimProbe.Landing] class=RemoteProxy behind=60 atFrontier=0 discarded=0 atFrontierPerMille=0 windowSamples=120
LogOGDivergenceProbe: Warning: [Warning][DivergenceProbe.Window] class=LocallyPredicted corrections=60 disagreed=60 ratePerMille=1000 windowSamples=120
LogOGDivergenceProbe: Warning: [Warning][DivergenceProbe.Window] class=RemoteProxy corrections=60 disagreed=60 ratePerMille=1000 windowSamples=120
LogOGRelayProbe: Warning: [Warning][RelayProbe.Read] window=[14653,14773] src=Prediction hit=46 miss=74 verifyFail=0 rung0=0 total=120
LogOGRelayProbe: Warning: [Warning][RelayProbe.Read] window=[14653,14773] src=Resim hit=480 miss=55 verifyFail=0 rung0=0 total=535
LogOGRelayProbe: Warning: [Warning][RelayProbe.Miss] window=[14653,14773] src=Prediction inSpan=0 aboveNewest=74 belowOldest=0 noProbeTick=0 miss=74
LogOGRelayProbe: Warning: [Warning][RelayProbe.Miss] window=[14653,14773] src=Resim inSpan=0 aboveNewest=55 belowOldest=0 noProbeTick=0 miss=55
LogOGRelayProbe: Warning: [Warning][RelayProbe.Delta] window=[14653,14773] src=Prediction n=120 p10=-1 p50=1 p90=2 min=-2 max=4 satLow=0 satHigh=0
LogOGRelayProbe: Warning: [Warning][RelayProbe.Delta] window=[14653,14773] src=Resim n=535 p10=-6 p50=-3 p90=1 min=-8 max=3 satLow=0 satHigh=0
LogOGRelayProbe: Warning: [Warning][RelayProbe.Stale] window=[14653,14773] maxConsecutiveFallbackRun=14 id=28409
LogOGResimProbe: Warning: [Warning][ResimProbe.Gate] checks=120 declined=49 requested=71 requestedPerMille=592 deepSkips=0 survivingAnchors=0
LogOGResimProbe: Warning: [Warning][ResimProbe.Chaos] requests=70 grants=70 refused=0 refusedPerMille=0 repeat=0 clamped=0 depthMin=5 depthMax=8
LogOGResimProbe: Warning: [Warning][ResimProbe.Apply] prepares=70 finishes=70 abandoned=0 stuck=0 replayTicks=538 replayOverruns=0 freshProtects=33 staleProtects=0
LogOGRelayProbe: Warning: [Warning][RelayProbe.Arrival] samples=120 gapCaptureTicks p50=2 p99=4 max=4 noAdvance=0 saturated=0 lostCaptureTicksX1000=0 lost=0 delivered=226 expected=226 discont=0 discontMax=0
LogOGResimProbe: Warning: [Warning][ResimProbe.Frame] role=Client simTicks=124 frames=189 meanTicksPerFrameX100=65 p50=1 p99=2 max=2 meanFrameUs=10915
LogOGResimProbe: Warning: [Warning][ResimProbe.Frame] role=Client cadence dFrame1=51 dFrame0=0 dFrameGt1=69 discont=0 numSteps total=124 max=2 gt1=4
LogOGResimProbe: Warning: [Warning][ResimProbe.Landing] class=LocallyPredicted behind=61 atFrontier=0 discarded=0 atFrontierPerMille=0 windowSamples=120
LogOGResimProbe: Warning: [Warning][ResimProbe.Landing] class=RemoteProxy behind=59 atFrontier=0 discarded=0 atFrontierPerMille=0 windowSamples=120
LogOGDivergenceProbe: Warning: [Warning][DivergenceProbe.Window] class=LocallyPredicted corrections=60 disagreed=60 ratePerMille=1000 windowSamples=120
LogOGDivergenceProbe: Warning: [Warning][DivergenceProbe.Window] class=RemoteProxy corrections=60 disagreed=60 ratePerMille=1000 windowSamples=120
LogOGRelayProbe: Warning: [Warning][RelayProbe.Read] window=[14773,14893] src=Prediction hit=49 miss=71 verifyFail=0 rung0=0 total=120
LogOGRelayProbe: Warning: [Warning][RelayProbe.Read] window=[14773,14893] src=Resim hit=439 miss=63 verifyFail=0 rung0=0 total=502
LogOGRelayProbe: Warning: [Warning][RelayProbe.Miss] window=[14773,14893] src=Prediction inSpan=0 aboveNewest=71 belowOldest=0 noProbeTick=0 miss=71
LogOGRelayProbe: Warning: [Warning][RelayProbe.Miss] window=[14773,14893] src=Resim inSpan=8 aboveNewest=55 belowOldest=0 noProbeTick=0 miss=63
LogOGRelayProbe: Warning: [Warning][RelayProbe.Delta] window=[14773,14893] src=Prediction n=120 p10=-1 p50=1 p90=3 min=-3 max=4 satLow=0 satHigh=0
LogOGRelayProbe: Warning: [Warning][RelayProbe.Delta] window=[14773,14893] src=Resim n=502 p10=-6 p50=-3 p90=1 min=-8 max=4 satLow=0 satHigh=0
LogOGRelayProbe: Warning: [Warning][RelayProbe.Stale] window=[14773,14893] maxConsecutiveFallbackRun=14 id=28409
LogOGResimProbe: Warning: [Warning][ResimProbe.Gate] checks=120 declined=49 requested=71 requestedPerMille=592 deepSkips=0 survivingAnchors=0
LogOGResimProbe: Warning: [Warning][ResimProbe.Chaos] requests=71 grants=70 refused=1 refusedPerMille=14 repeat=1 clamped=0 depthMin=4 depthMax=8
LogOGResimProbe: Warning: [Warning][ResimProbe.Apply] prepares=70 finishes=70 abandoned=0 stuck=0 replayTicks=530 replayOverruns=0 freshProtects=35 staleProtects=0
LogOGResimProbe: Warning: [Warning][ResimProbe.Frame] role=Client simTicks=122 frames=197 meanTicksPerFrameX100=61 p50=1 p99=2 max=2 meanFrameUs=10371
LogOGResimProbe: Warning: [Warning][ResimProbe.Frame] role=Client cadence dFrame1=43 dFrame0=0 dFrameGt1=77 discont=0 numSteps total=122 max=2 gt1=2
LogOGRelayProbe: Warning: [Warning][RelayProbe.Arrival] samples=120 gapCaptureTicks p50=1 p99=5 max=5 noAdvance=0 saturated=0 lostCaptureTicksX1000=9 lost=2 delivered=199 expected=201 discont=0 discontMax=0
LogOGResimProbe: Warning: [Warning][ResimProbe.Landing] class=LocallyPredicted behind=60 atFrontier=0 discarded=0 atFrontierPerMille=0 windowSamples=120
LogOGResimProbe: Warning: [Warning][ResimProbe.Landing] class=RemoteProxy behind=60 atFrontier=0 discarded=0 atFrontierPerMille=0 windowSamples=120
LogOGDivergenceProbe: Warning: [Warning][DivergenceProbe.Window] class=LocallyPredicted corrections=60 disagreed=60 ratePerMille=1000 windowSamples=120
LogOGDivergenceProbe: Warning: [Warning][DivergenceProbe.Window] class=RemoteProxy corrections=60 disagreed=60 ratePerMille=1000 windowSamples=120
LogOGRelayProbe: Warning: [Warning][RelayProbe.Read] window=[14893,15013] src=Prediction hit=42 miss=78 verifyFail=0 rung0=0 total=120
LogOGRelayProbe: Warning: [Warning][RelayProbe.Read] window=[14893,15013] src=Resim hit=367 miss=38 verifyFail=0 rung0=0 total=405
LogOGRelayProbe: Warning: [Warning][RelayProbe.Miss] window=[14893,15013] src=Prediction inSpan=0 aboveNewest=78 belowOldest=0 noProbeTick=0 miss=78
LogOGRelayProbe: Warning: [Warning][RelayProbe.Miss] window=[14893,15013] src=Resim inSpan=0 aboveNewest=38 belowOldest=0 noProbeTick=0 miss=38
LogOGRelayProbe: Warning: [Warning][RelayProbe.Delta] window=[14893,15013] src=Prediction n=120 p10=-1 p50=1 p90=3 min=-2 max=4 satLow=0 satHigh=0
LogOGRelayProbe: Warning: [Warning][RelayProbe.Delta] window=[14893,15013] src=Resim n=405 p10=-5 p50=-3 p90=0 min=-8 max=3 satLow=0 satHigh=0
LogOGRelayProbe: Warning: [Warning][RelayProbe.Stale] window=[14893,15013] maxConsecutiveFallbackRun=11 id=28409
LogOGResimProbe: Warning: [Warning][ResimProbe.Gate] checks=120 declined=60 requested=60 requestedPerMille=500 deepSkips=0 survivingAnchors=0
LogOGResimProbe: Warning: [Warning][ResimProbe.Chaos] requests=61 grants=61 refused=0 refusedPerMille=0 repeat=0 clamped=0 depthMin=5 depthMax=8
LogOGResimProbe: Warning: [Warning][ResimProbe.Apply] prepares=61 finishes=61 abandoned=0 stuck=0 replayTicks=440 replayOverruns=0 freshProtects=36 staleProtects=0
LogOGResimProbe: Warning: [Warning][ResimProbe.Frame] role=Client simTicks=120 frames=200 meanTicksPerFrameX100=60 p50=1 p99=1 max=1 meanFrameUs=10000
LogOGResimProbe: Warning: [Warning][ResimProbe.Frame] role=Client cadence dFrame1=40 dFrame0=0 dFrameGt1=80 discont=0 numSteps total=120 max=1 gt1=0
LogOGResimProbe: Warning: [Warning][ResimProbe.Landing] class=LocallyPredicted behind=61 atFrontier=0 discarded=0 atFrontierPerMille=0 windowSamples=120
LogOGResimProbe: Warning: [Warning][ResimProbe.Landing] class=RemoteProxy behind=59 atFrontier=0 discarded=0 atFrontierPerMille=0 windowSamples=120
LogOGDivergenceProbe: Warning: [Warning][DivergenceProbe.Window] class=LocallyPredicted corrections=61 disagreed=61 ratePerMille=1000 windowSamples=120
LogOGDivergenceProbe: Warning: [Warning][DivergenceProbe.Window] class=RemoteProxy corrections=59 disagreed=59 ratePerMille=1000 windowSamples=120
LogOGRelayProbe: Warning: [Warning][RelayProbe.Read] window=[15013,15133] src=Prediction hit=32 miss=88 verifyFail=0 rung0=0 total=120
LogOGRelayProbe: Warning: [Warning][RelayProbe.Read] window=[15013,15133] src=Resim hit=441 miss=66 verifyFail=0 rung0=0 total=507
LogOGRelayProbe: Warning: [Warning][RelayProbe.Miss] window=[15013,15133] src=Prediction inSpan=0 aboveNewest=88 belowOldest=0 noProbeTick=0 miss=88
LogOGRelayProbe: Warning: [Warning][RelayProbe.Miss] window=[15013,15133] src=Resim inSpan=7 aboveNewest=59 belowOldest=0 noProbeTick=0 miss=66
LogOGRelayProbe: Warning: [Warning][RelayProbe.Delta] window=[15013,15133] src=Prediction n=120 p10=0 p50=1 p90=3 min=-2 max=3 satLow=0 satHigh=0
LogOGRelayProbe: Warning: [Warning][RelayProbe.Delta] window=[15013,15133] src=Resim n=507 p10=-6 p50=-2 p90=1 min=-9 max=3 satLow=0 satHigh=0
LogOGRelayProbe: Warning: [Warning][RelayProbe.Stale] window=[15013,15133] maxConsecutiveFallbackRun=11 id=28409
LogOGResimProbe: Warning: [Warning][ResimProbe.Gate] checks=120 declined=53 requested=67 requestedPerMille=558 deepSkips=0 survivingAnchors=0
LogOGResimProbe: Warning: [Warning][ResimProbe.Chaos] requests=66 grants=66 refused=0 refusedPerMille=0 repeat=0 clamped=0 depthMin=5 depthMax=8
LogOGResimProbe: Warning: [Warning][ResimProbe.Apply] prepares=66 finishes=66 abandoned=0 stuck=0 replayTicks=512 replayOverruns=0 freshProtects=37 staleProtects=0
LogOGResimProbe: Warning: [Warning][ResimProbe.Frame] role=Client simTicks=120 frames=200 meanTicksPerFrameX100=60 p50=1 p99=1 max=1 meanFrameUs=10001
LogOGResimProbe: Warning: [Warning][ResimProbe.Frame] role=Client cadence dFrame1=40 dFrame0=0 dFrameGt1=80 discont=0 numSteps total=120 max=1 gt1=0
LogOGRelayProbe: Warning: [Warning][RelayProbe.Arrival] samples=120 gapCaptureTicks p50=2 p99=4 max=5 noAdvance=0 saturated=0 lostCaptureTicksX1000=22 lost=5 delivered=221 expected=226 discont=0 discontMax=0
LogOGResimProbe: Warning: [Warning][ResimProbe.Landing] class=LocallyPredicted behind=62 atFrontier=0 discarded=0 atFrontierPerMille=0 windowSamples=120
LogOGResimProbe: Warning: [Warning][ResimProbe.Landing] class=RemoteProxy behind=58 atFrontier=0 discarded=0 atFrontierPerMille=0 windowSamples=120
LogOGDivergenceProbe: Warning: [Warning][DivergenceProbe.Window] class=LocallyPredicted corrections=62 disagreed=62 ratePerMille=1000 windowSamples=120
LogOGDivergenceProbe: Warning: [Warning][DivergenceProbe.Window] class=RemoteProxy corrections=58 disagreed=58 ratePerMille=1000 windowSamples=120
LogOGRelayProbe: Warning: [Warning][RelayProbe.Read] window=[15133,15253] src=Prediction hit=41 miss=79 verifyFail=0 rung0=0 total=120
LogOGRelayProbe: Warning: [Warning][RelayProbe.Read] window=[15133,15253] src=Resim hit=435 miss=80 verifyFail=0 rung0=0 total=515
LogOGRelayProbe: Warning: [Warning][RelayProbe.Miss] window=[15133,15253] src=Prediction inSpan=0 aboveNewest=79 belowOldest=0 noProbeTick=0 miss=79
LogOGRelayProbe: Warning: [Warning][RelayProbe.Miss] window=[15133,15253] src=Resim inSpan=13 aboveNewest=67 belowOldest=0 noProbeTick=0 miss=80
LogOGRelayProbe: Warning: [Warning][RelayProbe.Delta] window=[15133,15253] src=Prediction n=120 p10=-1 p50=1 p90=3 min=-2 max=5 satLow=0 satHigh=0
LogOGRelayProbe: Warning: [Warning][RelayProbe.Delta] window=[15133,15253] src=Resim n=515 p10=-6 p50=-3 p90=1 min=-8 max=4 satLow=0 satHigh=0
LogOGRelayProbe: Warning: [Warning][RelayProbe.Stale] window=[15133,15253] maxConsecutiveFallbackRun=15 id=28409
LogOGResimProbe: Warning: [Warning][ResimProbe.Gate] checks=120 declined=53 requested=67 requestedPerMille=558 deepSkips=0 survivingAnchors=0
LogOGResimProbe: Warning: [Warning][ResimProbe.Chaos] requests=67 grants=67 refused=0 refusedPerMille=0 repeat=0 clamped=0 depthMin=5 depthMax=8
LogOGResimProbe: Warning: [Warning][ResimProbe.Apply] prepares=67 finishes=67 abandoned=0 stuck=0 replayTicks=518 replayOverruns=0 freshProtects=31 staleProtects=0
LogOGResimProbe: Warning: [Warning][ResimProbe.Frame] role=Client simTicks=120 frames=199 meanTicksPerFrameX100=60 p50=1 p99=1 max=1 meanFrameUs=9999
LogOGResimProbe: Warning: [Warning][ResimProbe.Frame] role=Client cadence dFrame1=41 dFrame0=0 dFrameGt1=79 discont=0 numSteps total=120 max=1 gt1=0
LogOGResimProbe: Warning: [Warning][ResimProbe.Landing] class=LocallyPredicted behind=60 atFrontier=0 discarded=0 atFrontierPerMille=0 windowSamples=120
LogOGResimProbe: Warning: [Warning][ResimProbe.Landing] class=RemoteProxy behind=60 atFrontier=0 discarded=0 atFrontierPerMille=0 windowSamples=120
LogOGDivergenceProbe: Warning: [Warning][DivergenceProbe.Window] class=LocallyPredicted corrections=60 disagreed=60 ratePerMille=1000 windowSamples=120
LogOGDivergenceProbe: Warning: [Warning][DivergenceProbe.Window] class=RemoteProxy corrections=60 disagreed=60 ratePerMille=1000 windowSamples=120
LogOGRelayProbe: Warning: [Warning][RelayProbe.Read] window=[15253,15373] src=Prediction hit=26 miss=94 verifyFail=0 rung0=0 total=120
LogOGRelayProbe: Warning: [Warning][RelayProbe.Read] window=[15253,15373] src=Resim hit=392 miss=55 verifyFail=0 rung0=0 total=447
LogOGRelayProbe: Warning: [Warning][RelayProbe.Miss] window=[15253,15373] src=Prediction inSpan=0 aboveNewest=94 belowOldest=0 noProbeTick=0 miss=94
LogOGRelayProbe: Warning: [Warning][RelayProbe.Miss] window=[15253,15373] src=Resim inSpan=1 aboveNewest=54 belowOldest=0 noProbeTick=0 miss=55
LogOGRelayProbe: Warning: [Warning][RelayProbe.Delta] window=[15253,15373] src=Prediction n=120 p10=0 p50=1 p90=3 min=-2 max=5 satLow=0 satHigh=0
LogOGRelayProbe: Warning: [Warning][RelayProbe.Delta] window=[15253,15373] src=Resim n=447 p10=-6 p50=-3 p90=1 min=-8 max=3 satLow=0 satHigh=0
LogOGRelayProbe: Warning: [Warning][RelayProbe.Stale] window=[15253,15373] maxConsecutiveFallbackRun=15 id=28409
LogOGResimProbe: Warning: [Warning][ResimProbe.Gate] checks=120 declined=62 requested=58 requestedPerMille=483 deepSkips=0 survivingAnchors=0
LogOGResimProbe: Warning: [Warning][ResimProbe.Chaos] requests=59 grants=59 refused=0 refusedPerMille=0 repeat=0 clamped=0 depthMin=5 depthMax=8
LogOGResimProbe: Warning: [Warning][ResimProbe.Apply] prepares=59 finishes=59 abandoned=0 stuck=0 replayTicks=465 replayOverruns=0 freshProtects=41 staleProtects=0
LogOGResimProbe: Warning: [Warning][ResimProbe.Frame] role=Client simTicks=120 frames=200 meanTicksPerFrameX100=60 p50=1 p99=1 max=1 meanFrameUs=9999
LogOGResimProbe: Warning: [Warning][ResimProbe.Frame] role=Client cadence dFrame1=40 dFrame0=0 dFrameGt1=80 discont=0 numSteps total=120 max=1 gt1=0
LogOGRelayProbe: Warning: [Warning][RelayProbe.Arrival] samples=120 gapCaptureTicks p50=2 p99=4 max=4 noAdvance=0 saturated=0 lostCaptureTicksX1000=13 lost=3 delivered=217 expected=220 discont=0 discontMax=0
LogOGResimProbe: Warning: [Warning][ResimProbe.Landing] class=LocallyPredicted behind=60 atFrontier=0 discarded=0 atFrontierPerMille=0 windowSamples=120
LogOGResimProbe: Warning: [Warning][ResimProbe.Landing] class=RemoteProxy behind=60 atFrontier=0 discarded=0 atFrontierPerMille=0 windowSamples=120
LogOGDivergenceProbe: Warning: [Warning][DivergenceProbe.Window] class=LocallyPredicted corrections=60 disagreed=60 ratePerMille=1000 windowSamples=120
LogOGDivergenceProbe: Warning: [Warning][DivergenceProbe.Window] class=RemoteProxy corrections=60 disagreed=60 ratePerMille=1000 windowSamples=120
LogOGRelayProbe: Warning: [Warning][RelayProbe.Read] window=[15373,15493] src=Prediction hit=51 miss=69 verifyFail=0 rung0=0 total=120
LogOGRelayProbe: Warning: [Warning][RelayProbe.Read] window=[15373,15493] src=Resim hit=428 miss=43 verifyFail=0 rung0=0 total=471
LogOGRelayProbe: Warning: [Warning][RelayProbe.Miss] window=[15373,15493] src=Prediction inSpan=0 aboveNewest=69 belowOldest=0 noProbeTick=0 miss=69
LogOGRelayProbe: Warning: [Warning][RelayProbe.Miss] window=[15373,15493] src=Resim inSpan=0 aboveNewest=43 belowOldest=0 noProbeTick=0 miss=43
LogOGRelayProbe: Warning: [Warning][RelayProbe.Delta] window=[15373,15493] src=Prediction n=120 p10=-2 p50=1 p90=2 min=-3 max=4 satLow=0 satHigh=0
LogOGRelayProbe: Warning: [Warning][RelayProbe.Delta] window=[15373,15493] src=Resim n=471 p10=-6 p50=-3 p90=0 min=-9 max=3 satLow=0 satHigh=0
LogOGRelayProbe: Warning: [Warning][RelayProbe.Stale] window=[15373,15493] maxConsecutiveFallbackRun=8 id=28409
LogOGResimProbe: Warning: [Warning][ResimProbe.Gate] checks=120 declined=53 requested=67 requestedPerMille=558 deepSkips=0 survivingAnchors=0
LogOGResimProbe: Warning: [Warning][ResimProbe.Chaos] requests=66 grants=66 refused=0 refusedPerMille=0 repeat=0 clamped=0 depthMin=5 depthMax=8
LogOGResimProbe: Warning: [Warning][ResimProbe.Apply] prepares=66 finishes=66 abandoned=0 stuck=0 replayTicks=490 replayOverruns=0 freshProtects=34 staleProtects=0
LogOGResimProbe: Warning: [Warning][ResimProbe.Frame] role=Client simTicks=120 frames=201 meanTicksPerFrameX100=59 p50=1 p99=1 max=1 meanFrameUs=10000
LogOGResimProbe: Warning: [Warning][ResimProbe.Frame] role=Client cadence dFrame1=39 dFrame0=0 dFrameGt1=81 discont=0 numSteps total=120 max=1 gt1=0
LogOGResimProbe: Warning: [Warning][ResimProbe.Landing] class=LocallyPredicted behind=59 atFrontier=0 discarded=0 atFrontierPerMille=0 windowSamples=120
LogOGResimProbe: Warning: [Warning][ResimProbe.Landing] class=RemoteProxy behind=61 atFrontier=0 discarded=0 atFrontierPerMille=0 windowSamples=120
LogOGRelayProbe: Warning: [Warning][RelayProbe.Read] window=[15493,15613] src=Prediction hit=40 miss=80 verifyFail=0 rung0=0 total=120
LogOGRelayProbe: Warning: [Warning][RelayProbe.Read] window=[15493,15613] src=Resim hit=415 miss=49 verifyFail=0 rung0=0 total=464
LogOGRelayProbe: Warning: [Warning][RelayProbe.Miss] window=[15493,15613] src=Prediction inSpan=0 aboveNewest=80 belowOldest=0 noProbeTick=0 miss=80
LogOGRelayProbe: Warning: [Warning][RelayProbe.Miss] window=[15493,15613] src=Resim inSpan=0 aboveNewest=49 belowOldest=0 noProbeTick=0 miss=49
LogOGRelayProbe: Warning: [Warning][RelayProbe.Delta] window=[15493,15613] src=Prediction n=120 p10=-1 p50=1 p90=2 min=-2 max=4 satLow=0 satHigh=0
LogOGRelayProbe: Warning: [Warning][RelayProbe.Delta] window=[15493,15613] src=Resim n=464 p10=-6 p50=-3 p90=1 min=-8 max=3 satLow=0 satHigh=0
LogOGRelayProbe: Warning: [Warning][RelayProbe.Stale] window=[15493,15613] maxConsecutiveFallbackRun=10 id=28409
LogOGDivergenceProbe: Warning: [Warning][DivergenceProbe.Window] class=LocallyPredicted corrections=60 disagreed=60 ratePerMille=1000 windowSamples=120
LogOGDivergenceProbe: Warning: [Warning][DivergenceProbe.Window] class=RemoteProxy corrections=60 disagreed=60 ratePerMille=1000 windowSamples=120
LogOGResimProbe: Warning: [Warning][ResimProbe.Gate] checks=120 declined=57 requested=63 requestedPerMille=525 deepSkips=0 survivingAnchors=0
LogOGResimProbe: Warning: [Warning][ResimProbe.Chaos] requests=63 grants=63 refused=0 refusedPerMille=0 repeat=0 clamped=0 depthMin=5 depthMax=8
LogOGResimProbe: Warning: [Warning][ResimProbe.Apply] prepares=63 finishes=63 abandoned=0 stuck=0 replayTicks=483 replayOverruns=0 freshProtects=38 staleProtects=0
LogOGResimProbe: Warning: [Warning][ResimProbe.Frame] role=Client simTicks=120 frames=199 meanTicksPerFrameX100=60 p50=1 p99=1 max=1 meanFrameUs=10000
LogOGResimProbe: Warning: [Warning][ResimProbe.Frame] role=Client cadence dFrame1=41 dFrame0=0 dFrameGt1=79 discont=0 numSteps total=120 max=1 gt1=0
LogOGRelayProbe: Warning: [Warning][RelayProbe.Arrival] samples=120 gapCaptureTicks p50=2 p99=4 max=4 noAdvance=0 saturated=0 lostCaptureTicksX1000=0 lost=0 delivered=228 expected=228 discont=0 discontMax=0
LogOGResimProbe: Warning: [Warning][ResimProbe.Landing] class=LocallyPredicted behind=60 atFrontier=0 discarded=0 atFrontierPerMille=0 windowSamples=120
LogOGResimProbe: Warning: [Warning][ResimProbe.Landing] class=RemoteProxy behind=60 atFrontier=0 discarded=0 atFrontierPerMille=0 windowSamples=120
LogOGDivergenceProbe: Warning: [Warning][DivergenceProbe.Window] class=LocallyPredicted corrections=60 disagreed=60 ratePerMille=1000 windowSamples=120
LogOGDivergenceProbe: Warning: [Warning][DivergenceProbe.Window] class=RemoteProxy corrections=60 disagreed=60 ratePerMille=1000 windowSamples=120
LogOGRelayProbe: Warning: [Warning][RelayProbe.Read] window=[15613,15733] src=Prediction hit=23 miss=97 verifyFail=0 rung0=0 total=120
LogOGRelayProbe: Warning: [Warning][RelayProbe.Read] window=[15613,15733] src=Resim hit=418 miss=81 verifyFail=0 rung0=0 total=499
LogOGRelayProbe: Warning: [Warning][RelayProbe.Miss] window=[15613,15733] src=Prediction inSpan=0 aboveNewest=97 belowOldest=0 noProbeTick=0 miss=97
LogOGRelayProbe: Warning: [Warning][RelayProbe.Miss] window=[15613,15733] src=Resim inSpan=0 aboveNewest=81 belowOldest=0 noProbeTick=0 miss=81
LogOGRelayProbe: Warning: [Warning][RelayProbe.Delta] window=[15613,15733] src=Prediction n=120 p10=0 p50=1 p90=3 min=-2 max=5 satLow=0 satHigh=0
LogOGRelayProbe: Warning: [Warning][RelayProbe.Delta] window=[15613,15733] src=Resim n=499 p10=-5 p50=-2 p90=1 min=-8 max=4 satLow=0 satHigh=0
LogOGRelayProbe: Warning: [Warning][RelayProbe.Stale] window=[15613,15733] maxConsecutiveFallbackRun=20 id=28409
LogOGResimProbe: Warning: [Warning][ResimProbe.Gate] checks=120 declined=53 requested=67 requestedPerMille=558 deepSkips=0 survivingAnchors=0
LogOGResimProbe: Warning: [Warning][ResimProbe.Chaos] requests=68 grants=68 refused=0 refusedPerMille=0 repeat=0 clamped=0 depthMin=5 depthMax=8
LogOGResimProbe: Warning: [Warning][ResimProbe.Apply] prepares=68 finishes=68 abandoned=0 stuck=0 replayTicks=519 replayOverruns=0 freshProtects=35 staleProtects=0
LogOGResimProbe: Warning: [Warning][ResimProbe.Frame] role=Client simTicks=120 frames=200 meanTicksPerFrameX100=60 p50=1 p99=1 max=1 meanFrameUs=10000
LogOGResimProbe: Warning: [Warning][ResimProbe.Frame] role=Client cadence dFrame1=40 dFrame0=0 dFrameGt1=80 discont=0 numSteps total=120 max=1 gt1=0
LogOGRelayProbe: Warning: [Warning][RelayProbe.Read] window=[15733,15853] src=Prediction hit=43 miss=77 verifyFail=0 rung0=0 total=120
LogOGRelayProbe: Warning: [Warning][RelayProbe.Read] window=[15733,15853] src=Resim hit=430 miss=51 verifyFail=0 rung0=0 total=481
LogOGRelayProbe: Warning: [Warning][RelayProbe.Miss] window=[15733,15853] src=Prediction inSpan=0 aboveNewest=77 belowOldest=0 noProbeTick=0 miss=77
LogOGRelayProbe: Warning: [Warning][RelayProbe.Miss] window=[15733,15853] src=Resim inSpan=3 aboveNewest=48 belowOldest=0 noProbeTick=0 miss=51
LogOGRelayProbe: Warning: [Warning][RelayProbe.Delta] window=[15733,15853] src=Prediction n=120 p10=-1 p50=1 p90=2 min=-2 max=3 satLow=0 satHigh=0
LogOGRelayProbe: Warning: [Warning][RelayProbe.Delta] window=[15733,15853] src=Resim n=481 p10=-5 p50=-2 p90=0 min=-7 max=3 satLow=0 satHigh=0
LogOGRelayProbe: Warning: [Warning][RelayProbe.Stale] window=[15733,15853] maxConsecutiveFallbackRun=10 id=28409
LogOGResimProbe: Warning: [Warning][ResimProbe.Landing] class=LocallyPredicted behind=61 atFrontier=0 discarded=0 atFrontierPerMille=0 windowSamples=120
LogOGResimProbe: Warning: [Warning][ResimProbe.Landing] class=RemoteProxy behind=59 atFrontier=0 discarded=0 atFrontierPerMille=0 windowSamples=120
LogOGDivergenceProbe: Warning: [Warning][DivergenceProbe.Window] class=LocallyPredicted corrections=61 disagreed=61 ratePerMille=1000 windowSamples=120
LogOGDivergenceProbe: Warning: [Warning][DivergenceProbe.Window] class=RemoteProxy corrections=59 disagreed=59 ratePerMille=1000 windowSamples=120
LogOGResimProbe: Warning: [Warning][ResimProbe.Gate] checks=120 declined=48 requested=72 requestedPerMille=600 deepSkips=0 survivingAnchors=0
LogOGResimProbe: Warning: [Warning][ResimProbe.Chaos] requests=71 grants=70 refused=1 refusedPerMille=14 repeat=1 clamped=0 depthMin=4 depthMax=8
LogOGResimProbe: Warning: [Warning][ResimProbe.Apply] prepares=70 finishes=70 abandoned=0 stuck=0 replayTicks=502 replayOverruns=0 freshProtects=34 staleProtects=0
LogOGResimProbe: Warning: [Warning][ResimProbe.Frame] role=Client simTicks=120 frames=201 meanTicksPerFrameX100=59 p50=1 p99=1 max=1 meanFrameUs=10001
LogOGResimProbe: Warning: [Warning][ResimProbe.Frame] role=Client cadence dFrame1=39 dFrame0=0 dFrameGt1=81 discont=0 numSteps total=120 max=1 gt1=0
LogOGRelayProbe: Warning: [Warning][RelayProbe.Arrival] samples=120 gapCaptureTicks p50=2 p99=4 max=4 noAdvance=0 saturated=0 lostCaptureTicksX1000=9 lost=2 delivered=215 expected=217 discont=0 discontMax=0
LogOGRelayProbe: Warning: [Warning][RelayProbe.Read] window=[15853,15973] src=Prediction hit=43 miss=77 verifyFail=0 rung0=0 total=120
LogOGRelayProbe: Warning: [Warning][RelayProbe.Read] window=[15853,15973] src=Resim hit=384 miss=58 verifyFail=0 rung0=0 total=442
LogOGRelayProbe: Warning: [Warning][RelayProbe.Miss] window=[15853,15973] src=Prediction inSpan=1 aboveNewest=76 belowOldest=0 noProbeTick=0 miss=77
LogOGRelayProbe: Warning: [Warning][RelayProbe.Miss] window=[15853,15973] src=Resim inSpan=8 aboveNewest=50 belowOldest=0 noProbeTick=0 miss=58
LogOGRelayProbe: Warning: [Warning][RelayProbe.Delta] window=[15853,15973] src=Prediction n=120 p10=-1 p50=1 p90=3 min=-3 max=7 satLow=0 satHigh=0
LogOGRelayProbe: Warning: [Warning][RelayProbe.Delta] window=[15853,15973] src=Resim n=442 p10=-6 p50=-3 p90=1 min=-8 max=6 satLow=0 satHigh=0
LogOGRelayProbe: Warning: [Warning][RelayProbe.Stale] window=[15853,15973] maxConsecutiveFallbackRun=13 id=28409
LogOGResimProbe: Warning: [Warning][ResimProbe.Gate] checks=120 declined=61 requested=59 requestedPerMille=492 deepSkips=0 survivingAnchors=0
LogOGResimProbe: Warning: [Warning][ResimProbe.Chaos] requests=60 grants=60 refused=0 refusedPerMille=0 repeat=0 clamped=0 depthMin=4 depthMax=8
LogOGResimProbe: Warning: [Warning][ResimProbe.Apply] prepares=60 finishes=60 abandoned=0 stuck=0 replayTicks=455 replayOverruns=0 freshProtects=34 staleProtects=0
LogOGResimProbe: Warning: [Warning][ResimProbe.Landing] class=LocallyPredicted behind=61 atFrontier=0 discarded=0 atFrontierPerMille=0 windowSamples=120
LogOGResimProbe: Warning: [Warning][ResimProbe.Landing] class=RemoteProxy behind=59 atFrontier=0 discarded=0 atFrontierPerMille=0 windowSamples=120
LogOGDivergenceProbe: Warning: [Warning][DivergenceProbe.Window] class=LocallyPredicted corrections=61 disagreed=61 ratePerMille=1000 windowSamples=120
LogOGDivergenceProbe: Warning: [Warning][DivergenceProbe.Window] class=RemoteProxy corrections=59 disagreed=59 ratePerMille=1000 windowSamples=120
LogOGResimProbe: Warning: [Warning][ResimProbe.Frame] role=Client simTicks=128 frames=190 meanTicksPerFrameX100=67 p50=1 p99=3 max=3 meanFrameUs=11201
LogOGResimProbe: Warning: [Warning][ResimProbe.Frame] role=Client cadence dFrame1=50 dFrame0=0 dFrameGt1=70 discont=0 numSteps total=128 max=3 gt1=6
LogOGRelayProbe: Warning: [Warning][RelayProbe.Read] window=[15973,16093] src=Prediction hit=36 miss=84 verifyFail=0 rung0=0 total=120
LogOGRelayProbe: Warning: [Warning][RelayProbe.Read] window=[15973,16093] src=Resim hit=398 miss=95 verifyFail=0 rung0=0 total=493
LogOGRelayProbe: Warning: [Warning][RelayProbe.Miss] window=[15973,16093] src=Prediction inSpan=0 aboveNewest=84 belowOldest=0 noProbeTick=0 miss=84
LogOGRelayProbe: Warning: [Warning][RelayProbe.Miss] window=[15973,16093] src=Resim inSpan=8 aboveNewest=87 belowOldest=0 noProbeTick=0 miss=95
LogOGRelayProbe: Warning: [Warning][RelayProbe.Delta] window=[15973,16093] src=Prediction n=120 p10=-1 p50=1 p90=3 min=-4 max=5 satLow=0 satHigh=0
LogOGRelayProbe: Warning: [Warning][RelayProbe.Delta] window=[15973,16093] src=Resim n=493 p10=-5 p50=-2 p90=1 min=-8 max=5 satLow=0 satHigh=0
LogOGRelayProbe: Warning: [Warning][RelayProbe.Stale] window=[15973,16093] maxConsecutiveFallbackRun=28 id=28409
LogOGResimProbe: Warning: [Warning][ResimProbe.Gate] checks=120 declined=48 requested=72 requestedPerMille=600 deepSkips=0 survivingAnchors=0
LogOGResimProbe: Warning: [Warning][ResimProbe.Chaos] requests=71 grants=67 refused=4 refusedPerMille=56 repeat=4 clamped=0 depthMin=4 depthMax=9
LogOGResimProbe: Warning: [Warning][ResimProbe.Apply] prepares=67 finishes=67 abandoned=0 stuck=0 replayTicks=483 replayOverruns=0 freshProtects=28 staleProtects=0
LogOGResimProbe: Warning: [Warning][ResimProbe.Landing] class=LocallyPredicted behind=60 atFrontier=0 discarded=0 atFrontierPerMille=0 windowSamples=120
LogOGResimProbe: Warning: [Warning][ResimProbe.Landing] class=RemoteProxy behind=60 atFrontier=0 discarded=0 atFrontierPerMille=0 windowSamples=120
LogOGDivergenceProbe: Warning: [Warning][DivergenceProbe.Window] class=LocallyPredicted corrections=60 disagreed=60 ratePerMille=1000 windowSamples=120
LogOGDivergenceProbe: Warning: [Warning][DivergenceProbe.Window] class=RemoteProxy corrections=60 disagreed=60 ratePerMille=1000 windowSamples=120
LogOGResimProbe: Warning: [Warning][ResimProbe.Frame] role=Client simTicks=125 frames=185 meanTicksPerFrameX100=67 p50=1 p99=2 max=2 meanFrameUs=11312
LogOGResimProbe: Warning: [Warning][ResimProbe.Frame] role=Client cadence dFrame1=55 dFrame0=0 dFrameGt1=65 discont=0 numSteps total=126 max=2 gt1=6
LogOGRelayProbe: Warning: [Warning][RelayProbe.Arrival] samples=120 gapCaptureTicks p50=2 p99=6 max=9 noAdvance=0 saturated=0 lostCaptureTicksX1000=31 lost=8 delivered=243 expected=251 discont=0 discontMax=0
LogOGRelayProbe: Warning: [Warning][RelayProbe.Read] window=[16093,16213] src=Prediction hit=37 miss=84 verifyFail=0 rung0=0 total=121
LogOGRelayProbe: Warning: [Warning][RelayProbe.Read] window=[16093,16213] src=Resim hit=260 miss=57 verifyFail=0 rung0=0 total=317
LogOGRelayProbe: Warning: [Warning][RelayProbe.Miss] window=[16093,16213] src=Prediction inSpan=0 aboveNewest=84 belowOldest=0 noProbeTick=0 miss=84
LogOGRelayProbe: Warning: [Warning][RelayProbe.Miss] window=[16093,16213] src=Resim inSpan=1 aboveNewest=56 belowOldest=0 noProbeTick=0 miss=57
LogOGRelayProbe: Warning: [Warning][RelayProbe.Delta] window=[16093,16213] src=Prediction n=121 p10=-1 p50=2 p90=5 min=-2 max=7 satLow=0 satHigh=0
LogOGRelayProbe: Warning: [Warning][RelayProbe.Delta] window=[16093,16213] src=Resim n=317 p10=-5 p50=-2 p90=2 min=-7 max=7 satLow=0 satHigh=0
LogOGRelayProbe: Warning: [Warning][RelayProbe.Stale] window=[16093,16213] maxConsecutiveFallbackRun=19 id=28409
LogOGResimProbe: Warning: [Warning][ResimProbe.Gate] checks=120 declined=71 requested=49 requestedPerMille=408 deepSkips=0 survivingAnchors=0
LogOGResimProbe: Warning: [Warning][ResimProbe.Chaos] requests=50 grants=50 refused=0 refusedPerMille=0 repeat=0 clamped=0 depthMin=4 depthMax=10
LogOGResimProbe: Warning: [Warning][ResimProbe.Apply] prepares=50 finishes=50 abandoned=0 stuck=0 replayTicks=342 replayOverruns=0 freshProtects=31 staleProtects=0
LogOGResimProbe: Warning: [Warning][ResimProbe.Landing] class=LocallyPredicted behind=60 atFrontier=0 discarded=0 atFrontierPerMille=0 windowSamples=120
LogOGResimProbe: Warning: [Warning][ResimProbe.Landing] class=RemoteProxy behind=60 atFrontier=0 discarded=0 atFrontierPerMille=0 windowSamples=120
LogOGDivergenceProbe: Warning: [Warning][DivergenceProbe.Window] class=LocallyPredicted corrections=60 disagreed=60 ratePerMille=1000 windowSamples=120
LogOGDivergenceProbe: Warning: [Warning][DivergenceProbe.Window] class=RemoteProxy corrections=60 disagreed=60 ratePerMille=1000 windowSamples=120
LogOGResimProbe: Warning: [Warning][ResimProbe.Frame] role=Client simTicks=133 frames=180 meanTicksPerFrameX100=73 p50=1 p99=3 max=3 meanFrameUs=12291
LogOGResimProbe: Warning: [Warning][ResimProbe.Frame] role=Client cadence dFrame1=60 dFrame0=0 dFrameGt1=60 discont=0 numSteps total=133 max=4 gt1=9
LogOGRelayProbe: Warning: [Warning][RelayProbe.Read] window=[16213,16333] src=Prediction hit=24 miss=96 verifyFail=0 rung0=0 total=120
LogOGRelayProbe: Warning: [Warning][RelayProbe.Read] window=[16213,16333] src=Resim hit=301 miss=80 verifyFail=0 rung0=0 total=381
LogOGRelayProbe: Warning: [Warning][RelayProbe.Miss] window=[16213,16333] src=Prediction inSpan=0 aboveNewest=96 belowOldest=0 noProbeTick=0 miss=96
LogOGRelayProbe: Warning: [Warning][RelayProbe.Miss] window=[16213,16333] src=Resim inSpan=3 aboveNewest=77 belowOldest=0 noProbeTick=0 miss=80
LogOGRelayProbe: Warning: [Warning][RelayProbe.Delta] window=[16213,16333] src=Prediction n=120 p10=0 p50=2 p90=4 min=-2 max=6 satLow=0 satHigh=0
LogOGRelayProbe: Warning: [Warning][RelayProbe.Delta] window=[16213,16333] src=Resim n=381 p10=-5 p50=-2 p90=1 min=-7 max=4 satLow=0 satHigh=0
LogOGRelayProbe: Warning: [Warning][RelayProbe.Stale] window=[16213,16333] maxConsecutiveFallbackRun=39 id=28409
LogOGResimProbe: Warning: [Warning][ResimProbe.Gate] checks=120 declined=61 requested=59 requestedPerMille=492 deepSkips=0 survivingAnchors=0
LogOGResimProbe: Warning: [Warning][ResimProbe.Chaos] requests=59 grants=59 refused=0 refusedPerMille=0 repeat=0 clamped=0 depthMin=4 depthMax=8
LogOGResimProbe: Warning: [Warning][ResimProbe.Apply] prepares=59 finishes=59 abandoned=0 stuck=0 replayTicks=406 replayOverruns=0 freshProtects=34 staleProtects=0
LogOGResimProbe: Warning: [Warning][ResimProbe.Frame] role=Client simTicks=121 frames=189 meanTicksPerFrameX100=64 p50=1 p99=1 max=1 meanFrameUs=10645
LogOGResimProbe: Warning: [Warning][ResimProbe.Frame] role=Client cadence dFrame1=51 dFrame0=0 dFrameGt1=69 discont=0 numSteps total=120 max=1 gt1=0
LogOGRelayProbe: Warning: [Warning][RelayProbe.Arrival] samples=120 gapCaptureTicks p50=2 p99=6 max=7 noAdvance=0 saturated=0 lostCaptureTicksX1000=19 lost=5 delivered=246 expected=251 discont=0 discontMax=0
LogOGResimProbe: Warning: [Warning][ResimProbe.Landing] class=LocallyPredicted behind=60 atFrontier=0 discarded=0 atFrontierPerMille=0 windowSamples=120
LogOGResimProbe: Warning: [Warning][ResimProbe.Landing] class=RemoteProxy behind=60 atFrontier=0 discarded=0 atFrontierPerMille=0 windowSamples=120
LogOGDivergenceProbe: Warning: [Warning][DivergenceProbe.Window] class=LocallyPredicted corrections=59 disagreed=59 ratePerMille=1000 windowSamples=120
LogOGDivergenceProbe: Warning: [Warning][DivergenceProbe.Window] class=RemoteProxy corrections=61 disagreed=61 ratePerMille=1000 windowSamples=120
LogOGRelayProbe: Warning: [Warning][RelayProbe.Read] window=[16333,16453] src=Prediction hit=23 miss=96 verifyFail=0 rung0=0 total=119
LogOGRelayProbe: Warning: [Warning][RelayProbe.Read] window=[16333,16453] src=Resim hit=312 miss=79 verifyFail=0 rung0=0 total=391
LogOGRelayProbe: Warning: [Warning][RelayProbe.Miss] window=[16333,16453] src=Prediction inSpan=0 aboveNewest=96 belowOldest=0 noProbeTick=0 miss=96
LogOGRelayProbe: Warning: [Warning][RelayProbe.Miss] window=[16333,16453] src=Resim inSpan=0 aboveNewest=79 belowOldest=0 noProbeTick=0 miss=79
LogOGRelayProbe: Warning: [Warning][RelayProbe.Delta] window=[16333,16453] src=Prediction n=119 p10=0 p50=2 p90=4 min=-1 max=5 satLow=0 satHigh=0
LogOGRelayProbe: Warning: [Warning][RelayProbe.Delta] window=[16333,16453] src=Resim n=391 p10=-5 p50=-2 p90=2 min=-7 max=4 satLow=0 satHigh=0
LogOGRelayProbe: Warning: [Warning][RelayProbe.Stale] window=[16333,16453] maxConsecutiveFallbackRun=25 id=28409
LogOGResimProbe: Warning: [Warning][ResimProbe.Gate] checks=120 declined=59 requested=61 requestedPerMille=508 deepSkips=0 survivingAnchors=0
LogOGResimProbe: Warning: [Warning][ResimProbe.Chaos] requests=61 grants=57 refused=4 refusedPerMille=66 repeat=4 clamped=0 depthMin=3 depthMax=8
LogOGResimProbe: Warning: [Warning][ResimProbe.Apply] prepares=57 finishes=56 abandoned=1 stuck=5 replayTicks=413 replayOverruns=0 freshProtects=29 staleProtects=0
LogOGResimProbe: Warning: [Warning][ResimProbe.Frame] role=Client simTicks=121 frames=195 meanTicksPerFrameX100=62 p50=1 p99=2 max=2 meanFrameUs=10307
LogOGResimProbe: Warning: [Warning][ResimProbe.Frame] role=Client cadence dFrame1=45 dFrame0=0 dFrameGt1=75 discont=0 numSteps total=121 max=2 gt1=1
LogOGResimProbe: Warning: [Warning][ResimProbe.Landing] class=LocallyPredicted behind=60 atFrontier=0 discarded=0 atFrontierPerMille=0 windowSamples=120
LogOGResimProbe: Warning: [Warning][ResimProbe.Landing] class=RemoteProxy behind=60 atFrontier=0 discarded=0 atFrontierPerMille=0 windowSamples=120
LogOGDivergenceProbe: Warning: [Warning][DivergenceProbe.Window] class=LocallyPredicted corrections=61 disagreed=61 ratePerMille=1000 windowSamples=120
LogOGDivergenceProbe: Warning: [Warning][DivergenceProbe.Window] class=RemoteProxy corrections=59 disagreed=59 ratePerMille=1000 windowSamples=120
LogOGRelayProbe: Warning: [Warning][RelayProbe.Read] window=[16453,16573] src=Prediction hit=14 miss=106 verifyFail=0 rung0=0 total=120
LogOGRelayProbe: Warning: [Warning][RelayProbe.Read] window=[16453,16573] src=Resim hit=417 miss=126 verifyFail=0 rung0=0 total=543
LogOGRelayProbe: Warning: [Warning][RelayProbe.Miss] window=[16453,16573] src=Prediction inSpan=0 aboveNewest=106 belowOldest=0 noProbeTick=0 miss=106
LogOGRelayProbe: Warning: [Warning][RelayProbe.Miss] window=[16453,16573] src=Resim inSpan=7 aboveNewest=119 belowOldest=0 noProbeTick=0 miss=126
LogOGRelayProbe: Warning: [Warning][RelayProbe.Delta] window=[16453,16573] src=Prediction n=120 p10=0 p50=2 p90=3 min=-2 max=5 satLow=0 satHigh=0
LogOGRelayProbe: Warning: [Warning][RelayProbe.Delta] window=[16453,16573] src=Resim n=543 p10=-5 p50=-2 p90=2 min=-8 max=4 satLow=0 satHigh=0
LogOGRelayProbe: Warning: [Warning][RelayProbe.Stale] window=[16453,16573] maxConsecutiveFallbackRun=27 id=28409
LogOGResimProbe: Warning: [Warning][ResimProbe.Gate] checks=120 declined=47 requested=73 requestedPerMille=608 deepSkips=0 survivingAnchors=0
LogOGResimProbe: Warning: [Warning][ResimProbe.Chaos] requests=72 grants=72 refused=0 refusedPerMille=0 repeat=0 clamped=0 depthMin=5 depthMax=8
LogOGResimProbe: Warning: [Warning][ResimProbe.Apply] prepares=72 finishes=72 abandoned=0 stuck=0 replayTicks=552 replayOverruns=0 freshProtects=31 staleProtects=0
LogOGRelayProbe: Warning: [Warning][RelayProbe.Arrival] samples=120 gapCaptureTicks p50=2 p99=4 max=4 noAdvance=0 saturated=0 lostCaptureTicksX1000=9 lost=2 delivered=214 expected=216 discont=0 discontMax=0
LogOGResimProbe: Warning: [Warning][ResimProbe.Frame] role=Client simTicks=120 frames=201 meanTicksPerFrameX100=59 p50=1 p99=1 max=1 meanFrameUs=10000
LogOGResimProbe: Warning: [Warning][ResimProbe.Frame] role=Client cadence dFrame1=39 dFrame0=0 dFrameGt1=81 discont=0 numSteps total=120 max=1 gt1=0
LogOGResimProbe: Warning: [Warning][ResimProbe.Landing] class=LocallyPredicted behind=60 atFrontier=0 discarded=0 atFrontierPerMille=0 windowSamples=120
LogOGResimProbe: Warning: [Warning][ResimProbe.Landing] class=RemoteProxy behind=60 atFrontier=0 discarded=0 atFrontierPerMille=0 windowSamples=120
LogOGDivergenceProbe: Warning: [Warning][DivergenceProbe.Window] class=LocallyPredicted corrections=60 disagreed=60 ratePerMille=1000 windowSamples=120
LogOGDivergenceProbe: Warning: [Warning][DivergenceProbe.Window] class=RemoteProxy corrections=60 disagreed=60 ratePerMille=1000 windowSamples=120
LogOGRelayProbe: Warning: [Warning][RelayProbe.Read] window=[16573,16693] src=Prediction hit=20 miss=100 verifyFail=0 rung0=0 total=120
LogOGRelayProbe: Warning: [Warning][RelayProbe.Read] window=[16573,16693] src=Resim hit=403 miss=92 verifyFail=0 rung0=0 total=495
LogOGRelayProbe: Warning: [Warning][RelayProbe.Miss] window=[16573,16693] src=Prediction inSpan=0 aboveNewest=100 belowOldest=0 noProbeTick=0 miss=100
LogOGRelayProbe: Warning: [Warning][RelayProbe.Miss] window=[16573,16693] src=Resim inSpan=0 aboveNewest=92 belowOldest=0 noProbeTick=0 miss=92
LogOGRelayProbe: Warning: [Warning][RelayProbe.Delta] window=[16573,16693] src=Prediction n=120 p10=0 p50=2 p90=3 min=-1 max=4 satLow=0 satHigh=0
LogOGRelayProbe: Warning: [Warning][RelayProbe.Delta] window=[16573,16693] src=Resim n=495 p10=-5 p50=-2 p90=1 min=-7 max=3 satLow=0 satHigh=0
LogOGRelayProbe: Warning: [Warning][RelayProbe.Stale] window=[16573,16693] maxConsecutiveFallbackRun=26 id=28409
LogOGResimProbe: Warning: [Warning][ResimProbe.Gate] checks=120 declined=49 requested=71 requestedPerMille=592 deepSkips=0 survivingAnchors=0
LogOGResimProbe: Warning: [Warning][ResimProbe.Chaos] requests=71 grants=71 refused=0 refusedPerMille=0 repeat=0 clamped=0 depthMin=4 depthMax=8
LogOGResimProbe: Warning: [Warning][ResimProbe.Apply] prepares=71 finishes=71 abandoned=0 stuck=0 replayTicks=531 replayOverruns=0 freshProtects=38 staleProtects=0
LogOGResimProbe: Warning: [Warning][ResimProbe.Frame] role=Client simTicks=120 frames=199 meanTicksPerFrameX100=60 p50=1 p99=1 max=1 meanFrameUs=10000
LogOGResimProbe: Warning: [Warning][ResimProbe.Frame] role=Client cadence dFrame1=41 dFrame0=0 dFrameGt1=79 discont=0 numSteps total=120 max=1 gt1=0
LogOGResimProbe: Warning: [Warning][ResimProbe.Landing] class=LocallyPredicted behind=60 atFrontier=0 discarded=0 atFrontierPerMille=0 windowSamples=120
LogOGResimProbe: Warning: [Warning][ResimProbe.Landing] class=RemoteProxy behind=60 atFrontier=0 discarded=0 atFrontierPerMille=0 windowSamples=120
LogOGDivergenceProbe: Warning: [Warning][DivergenceProbe.Window] class=LocallyPredicted corrections=60 disagreed=60 ratePerMille=1000 windowSamples=120
LogOGDivergenceProbe: Warning: [Warning][DivergenceProbe.Window] class=RemoteProxy corrections=60 disagreed=60 ratePerMille=1000 windowSamples=120
LogOGRelayProbe: Warning: [Warning][RelayProbe.Read] window=[16693,16813] src=Prediction hit=16 miss=104 verifyFail=0 rung0=0 total=120
LogOGRelayProbe: Warning: [Warning][RelayProbe.Read] window=[16693,16813] src=Resim hit=373 miss=123 verifyFail=0 rung0=0 total=496
LogOGRelayProbe: Warning: [Warning][RelayProbe.Miss] window=[16693,16813] src=Prediction inSpan=0 aboveNewest=104 belowOldest=0 noProbeTick=0 miss=104
LogOGRelayProbe: Warning: [Warning][RelayProbe.Miss] window=[16693,16813] src=Resim inSpan=9 aboveNewest=114 belowOldest=0 noProbeTick=0 miss=123
LogOGRelayProbe: Warning: [Warning][RelayProbe.Delta] window=[16693,16813] src=Prediction n=120 p10=0 p50=2 p90=4 min=-1 max=5 satLow=0 satHigh=0
LogOGRelayProbe: Warning: [Warning][RelayProbe.Delta] window=[16693,16813] src=Resim n=496 p10=-5 p50=-2 p90=2 min=-7 max=4 satLow=0 satHigh=0
LogOGRelayProbe: Warning: [Warning][RelayProbe.Stale] window=[16693,16813] maxConsecutiveFallbackRun=36 id=28409
LogOGRelayProbe: Warning: [Warning][RelayProbe.Arrival] samples=120 gapCaptureTicks p50=2 p99=4 max=4 noAdvance=0 saturated=0 lostCaptureTicksX1000=18 lost=4 delivered=212 expected=216 discont=0 discontMax=0
LogOGResimProbe: Warning: [Warning][ResimProbe.Gate] checks=120 declined=55 requested=65 requestedPerMille=542 deepSkips=0 survivingAnchors=0
LogOGResimProbe: Warning: [Warning][ResimProbe.Chaos] requests=65 grants=65 refused=0 refusedPerMille=0 repeat=0 clamped=0 depthMin=4 depthMax=9
LogOGResimProbe: Warning: [Warning][ResimProbe.Apply] prepares=65 finishes=65 abandoned=0 stuck=0 replayTicks=505 replayOverruns=0 freshProtects=31 staleProtects=1
LogOGResimProbe: Warning: [Warning][ResimProbe.Frame] role=Client simTicks=120 frames=200 meanTicksPerFrameX100=60 p50=1 p99=1 max=1 meanFrameUs=10000
LogOGResimProbe: Warning: [Warning][ResimProbe.Frame] role=Client cadence dFrame1=40 dFrame0=0 dFrameGt1=80 discont=0 numSteps total=120 max=1 gt1=0
LogOGResimProbe: Warning: [Warning][ResimProbe.Landing] class=LocallyPredicted behind=61 atFrontier=0 discarded=0 atFrontierPerMille=0 windowSamples=120
LogOGResimProbe: Warning: [Warning][ResimProbe.Landing] class=RemoteProxy behind=59 atFrontier=0 discarded=0 atFrontierPerMille=0 windowSamples=120
LogOGDivergenceProbe: Warning: [Warning][DivergenceProbe.Window] class=LocallyPredicted corrections=61 disagreed=61 ratePerMille=1000 windowSamples=120
LogOGDivergenceProbe: Warning: [Warning][DivergenceProbe.Window] class=RemoteProxy corrections=59 disagreed=59 ratePerMille=1000 windowSamples=120
LogOGRelayProbe: Warning: [Warning][RelayProbe.Read] window=[16813,16933] src=Prediction hit=9 miss=111 verifyFail=0 rung0=0 total=120
LogOGRelayProbe: Warning: [Warning][RelayProbe.Read] window=[16813,16933] src=Resim hit=386 miss=135 verifyFail=0 rung0=0 total=521
LogOGRelayProbe: Warning: [Warning][RelayProbe.Miss] window=[16813,16933] src=Prediction inSpan=0 aboveNewest=111 belowOldest=0 noProbeTick=0 miss=111
LogOGRelayProbe: Warning: [Warning][RelayProbe.Miss] window=[16813,16933] src=Resim inSpan=7 aboveNewest=128 belowOldest=0 noProbeTick=0 miss=135
LogOGRelayProbe: Warning: [Warning][RelayProbe.Delta] window=[16813,16933] src=Prediction n=120 p10=1 p50=2 p90=4 min=-1 max=7 satLow=0 satHigh=0
LogOGRelayProbe: Warning: [Warning][RelayProbe.Delta] window=[16813,16933] src=Resim n=521 p10=-5 p50=-1 p90=2 min=-8 max=5 satLow=0 satHigh=0
LogOGRelayProbe: Warning: [Warning][RelayProbe.Stale] window=[16813,16933] maxConsecutiveFallbackRun=22 id=28409
LogOGResimProbe: Warning: [Warning][ResimProbe.Gate] checks=120 declined=52 requested=68 requestedPerMille=567 deepSkips=0 survivingAnchors=0
LogOGResimProbe: Warning: [Warning][ResimProbe.Chaos] requests=68 grants=68 refused=0 refusedPerMille=0 repeat=0 clamped=0 depthMin=5 depthMax=8
LogOGResimProbe: Warning: [Warning][ResimProbe.Apply] prepares=68 finishes=68 abandoned=0 stuck=0 replayTicks=537 replayOverruns=0 freshProtects=39 staleProtects=0
LogOGResimProbe: Warning: [Warning][ResimProbe.Frame] role=Client simTicks=120 frames=201 meanTicksPerFrameX100=59 p50=1 p99=1 max=1 meanFrameUs=10000
LogOGResimProbe: Warning: [Warning][ResimProbe.Frame] role=Client cadence dFrame1=39 dFrame0=0 dFrameGt1=81 discont=0 numSteps total=120 max=1 gt1=0
LogOGResimProbe: Warning: [Warning][ResimProbe.Landing] class=LocallyPredicted behind=59 atFrontier=0 discarded=0 atFrontierPerMille=0 windowSamples=120
LogOGResimProbe: Warning: [Warning][ResimProbe.Landing] class=RemoteProxy behind=61 atFrontier=0 discarded=0 atFrontierPerMille=0 windowSamples=120
LogOGDivergenceProbe: Warning: [Warning][DivergenceProbe.Window] class=LocallyPredicted corrections=59 disagreed=59 ratePerMille=1000 windowSamples=120
LogOGDivergenceProbe: Warning: [Warning][DivergenceProbe.Window] class=RemoteProxy corrections=61 disagreed=61 ratePerMille=1000 windowSamples=120
LogOGRelayProbe: Warning: [Warning][RelayProbe.Arrival] samples=120 gapCaptureTicks p50=2 p99=6 max=7 noAdvance=0 saturated=0 lostCaptureTicksX1000=34 lost=8 delivered=223 expected=231 discont=0 discontMax=0
LogOGRelayProbe: Warning: [Warning][RelayProbe.Read] window=[16933,17053] src=Prediction hit=34 miss=86 verifyFail=0 rung0=0 total=120
LogOGRelayProbe: Warning: [Warning][RelayProbe.Read] window=[16933,17053] src=Resim hit=388 miss=82 verifyFail=0 rung0=0 total=470
LogOGRelayProbe: Warning: [Warning][RelayProbe.Miss] window=[16933,17053] src=Prediction inSpan=0 aboveNewest=86 belowOldest=0 noProbeTick=0 miss=86
LogOGRelayProbe: Warning: [Warning][RelayProbe.Miss] window=[16933,17053] src=Resim inSpan=6 aboveNewest=76 belowOldest=0 noProbeTick=0 miss=82
LogOGRelayProbe: Warning: [Warning][RelayProbe.Delta] window=[16933,17053] src=Prediction n=120 p10=-1 p50=1 p90=3 min=-3 max=9 satLow=0 satHigh=0
LogOGRelayProbe: Warning: [Warning][RelayProbe.Delta] window=[16933,17053] src=Resim n=470 p10=-5 p50=-2 p90=1 min=-8 max=6 satLow=0 satHigh=0
LogOGRelayProbe: Warning: [Warning][RelayProbe.Stale] window=[16933,17053] maxConsecutiveFallbackRun=13 id=28409
LogOGResimProbe: Warning: [Warning][ResimProbe.Gate] checks=120 declined=56 requested=64 requestedPerMille=533 deepSkips=0 survivingAnchors=0
LogOGResimProbe: Warning: [Warning][ResimProbe.Chaos] requests=64 grants=64 refused=0 refusedPerMille=0 repeat=0 clamped=0 depthMin=4 depthMax=8
LogOGResimProbe: Warning: [Warning][ResimProbe.Apply] prepares=64 finishes=64 abandoned=0 stuck=0 replayTicks=483 replayOverruns=0 freshProtects=37 staleProtects=0
LogOGResimProbe: Warning: [Warning][ResimProbe.Frame] role=Client simTicks=120 frames=199 meanTicksPerFrameX100=60 p50=1 p99=1 max=1 meanFrameUs=9999
LogOGResimProbe: Warning: [Warning][ResimProbe.Frame] role=Client cadence dFrame1=41 dFrame0=0 dFrameGt1=79 discont=0 numSteps total=120 max=1 gt1=0
LogOGResimProbe: Warning: [Warning][ResimProbe.Landing] class=LocallyPredicted behind=60 atFrontier=0 discarded=0 atFrontierPerMille=0 windowSamples=120
LogOGResimProbe: Warning: [Warning][ResimProbe.Landing] class=RemoteProxy behind=60 atFrontier=0 discarded=0 atFrontierPerMille=0 windowSamples=120
LogOGDivergenceProbe: Warning: [Warning][DivergenceProbe.Window] class=LocallyPredicted corrections=59 disagreed=59 ratePerMille=1000 windowSamples=120
LogOGDivergenceProbe: Warning: [Warning][DivergenceProbe.Window] class=RemoteProxy corrections=61 disagreed=61 ratePerMille=1000 windowSamples=120
LogOGRelayProbe: Warning: [Warning][RelayProbe.Read] window=[17053,17173] src=Prediction hit=41 miss=79 verifyFail=0 rung0=0 total=120
LogOGRelayProbe: Warning: [Warning][RelayProbe.Read] window=[17053,17173] src=Resim hit=423 miss=61 verifyFail=0 rung0=0 total=484
LogOGRelayProbe: Warning: [Warning][RelayProbe.Miss] window=[17053,17173] src=Prediction inSpan=0 aboveNewest=79 belowOldest=0 noProbeTick=0 miss=79
LogOGRelayProbe: Warning: [Warning][RelayProbe.Miss] window=[17053,17173] src=Resim inSpan=6 aboveNewest=55 belowOldest=0 noProbeTick=0 miss=61
LogOGRelayProbe: Warning: [Warning][RelayProbe.Delta] window=[17053,17173] src=Prediction n=120 p10=-1 p50=1 p90=3 min=-3 max=7 satLow=0 satHigh=0
LogOGRelayProbe: Warning: [Warning][RelayProbe.Delta] window=[17053,17173] src=Resim n=484 p10=-6 p50=-3 p90=1 min=-9 max=4 satLow=0 satHigh=0
LogOGRelayProbe: Warning: [Warning][RelayProbe.Stale] window=[17053,17173] maxConsecutiveFallbackRun=15 id=28409
LogOGResimProbe: Warning: [Warning][ResimProbe.Gate] checks=120 declined=56 requested=64 requestedPerMille=533 deepSkips=0 survivingAnchors=0
LogOGResimProbe: Warning: [Warning][ResimProbe.Chaos] requests=65 grants=65 refused=0 refusedPerMille=0 repeat=0 clamped=0 depthMin=5 depthMax=9
LogOGResimProbe: Warning: [Warning][ResimProbe.Apply] prepares=65 finishes=65 abandoned=0 stuck=0 replayTicks=510 replayOverruns=0 freshProtects=38 staleProtects=0
LogOGResimProbe: Warning: [Warning][ResimProbe.Frame] role=Client simTicks=120 frames=200 meanTicksPerFrameX100=60 p50=1 p99=1 max=1 meanFrameUs=10000
LogOGResimProbe: Warning: [Warning][ResimProbe.Frame] role=Client cadence dFrame1=40 dFrame0=0 dFrameGt1=80 discont=0 numSteps total=120 max=1 gt1=0
LogOGResimProbe: Warning: [Warning][ResimProbe.Landing] class=LocallyPredicted behind=59 atFrontier=0 discarded=0 atFrontierPerMille=0 windowSamples=120
LogOGResimProbe: Warning: [Warning][ResimProbe.Landing] class=RemoteProxy behind=61 atFrontier=0 discarded=0 atFrontierPerMille=0 windowSamples=120
LogOGDivergenceProbe: Warning: [Warning][DivergenceProbe.Window] class=LocallyPredicted corrections=59 disagreed=59 ratePerMille=1000 windowSamples=120
LogOGDivergenceProbe: Warning: [Warning][DivergenceProbe.Window] class=RemoteProxy corrections=61 disagreed=61 ratePerMille=1000 windowSamples=120
LogOGRelayProbe: Warning: [Warning][RelayProbe.Arrival] samples=120 gapCaptureTicks p50=2 p99=4 max=7 noAdvance=0 saturated=0 lostCaptureTicksX1000=18 lost=4 delivered=214 expected=218 discont=0 discontMax=0
LogOGRelayProbe: Warning: [Warning][RelayProbe.Read] window=[17173,17293] src=Prediction hit=45 miss=75 verifyFail=0 rung0=0 total=120
LogOGRelayProbe: Warning: [Warning][RelayProbe.Read] window=[17173,17293] src=Resim hit=444 miss=66 verifyFail=0 rung0=0 total=510
LogOGRelayProbe: Warning: [Warning][RelayProbe.Miss] window=[17173,17293] src=Prediction inSpan=0 aboveNewest=75 belowOldest=0 noProbeTick=0 miss=75
LogOGRelayProbe: Warning: [Warning][RelayProbe.Miss] window=[17173,17293] src=Resim inSpan=6 aboveNewest=60 belowOldest=0 noProbeTick=0 miss=66
LogOGRelayProbe: Warning: [Warning][RelayProbe.Delta] window=[17173,17293] src=Prediction n=120 p10=-1 p50=1 p90=3 min=-2 max=4 satLow=0 satHigh=0
LogOGRelayProbe: Warning: [Warning][RelayProbe.Delta] window=[17173,17293] src=Resim n=510 p10=-6 p50=-3 p90=1 min=-9 max=4 satLow=0 satHigh=0
LogOGRelayProbe: Warning: [Warning][RelayProbe.Stale] window=[17173,17293] maxConsecutiveFallbackRun=14 id=28409
LogOGResimProbe: Warning: [Warning][ResimProbe.Gate] checks=120 declined=52 requested=68 requestedPerMille=567 deepSkips=0 survivingAnchors=0
LogOGResimProbe: Warning: [Warning][ResimProbe.Chaos] requests=68 grants=68 refused=0 refusedPerMille=0 repeat=0 clamped=0 depthMin=5 depthMax=8
LogOGResimProbe: Warning: [Warning][ResimProbe.Apply] prepares=68 finishes=68 abandoned=0 stuck=0 replayTicks=532 replayOverruns=0 freshProtects=36 staleProtects=0
LogOGResimProbe: Warning: [Warning][ResimProbe.Frame] role=Client simTicks=120 frames=200 meanTicksPerFrameX100=60 p50=1 p99=1 max=1 meanFrameUs=10000
LogOGResimProbe: Warning: [Warning][ResimProbe.Frame] role=Client cadence dFrame1=40 dFrame0=0 dFrameGt1=80 discont=0 numSteps total=120 max=1 gt1=0
LogOGResimProbe: Warning: [Warning][ResimProbe.Landing] class=LocallyPredicted behind=60 atFrontier=0 discarded=0 atFrontierPerMille=0 windowSamples=120
LogOGResimProbe: Warning: [Warning][ResimProbe.Landing] class=RemoteProxy behind=60 atFrontier=0 discarded=0 atFrontierPerMille=0 windowSamples=120
LogOGDivergenceProbe: Warning: [Warning][DivergenceProbe.Window] class=LocallyPredicted corrections=61 disagreed=61 ratePerMille=1000 windowSamples=120
LogOGDivergenceProbe: Warning: [Warning][DivergenceProbe.Window] class=RemoteProxy corrections=59 disagreed=59 ratePerMille=1000 windowSamples=120
LogOGRelayProbe: Warning: [Warning][RelayProbe.Read] window=[17293,17413] src=Prediction hit=37 miss=83 verifyFail=0 rung0=0 total=120
LogOGRelayProbe: Warning: [Warning][RelayProbe.Read] window=[17293,17413] src=Resim hit=425 miss=64 verifyFail=0 rung0=0 total=489
LogOGRelayProbe: Warning: [Warning][RelayProbe.Miss] window=[17293,17413] src=Prediction inSpan=0 aboveNewest=83 belowOldest=0 noProbeTick=0 miss=83
LogOGRelayProbe: Warning: [Warning][RelayProbe.Miss] window=[17293,17413] src=Resim inSpan=0 aboveNewest=64 belowOldest=0 noProbeTick=0 miss=64
LogOGRelayProbe: Warning: [Warning][RelayProbe.Delta] window=[17293,17413] src=Prediction n=120 p10=0 p50=1 p90=3 min=-2 max=4 satLow=0 satHigh=0
LogOGRelayProbe: Warning: [Warning][RelayProbe.Delta] window=[17293,17413] src=Resim n=489 p10=-6 p50=-2 p90=1 min=-8 max=4 satLow=0 satHigh=0
LogOGRelayProbe: Warning: [Warning][RelayProbe.Stale] window=[17293,17413] maxConsecutiveFallbackRun=16 id=28409
LogOGResimProbe: Warning: [Warning][ResimProbe.Gate] checks=120 declined=51 requested=69 requestedPerMille=575 deepSkips=0 survivingAnchors=0
LogOGResimProbe: Warning: [Warning][ResimProbe.Chaos] requests=68 grants=66 refused=2 refusedPerMille=29 repeat=2 clamped=0 depthMin=4 depthMax=9
LogOGResimProbe: Warning: [Warning][ResimProbe.Apply] prepares=66 finishes=66 abandoned=0 stuck=0 replayTicks=496 replayOverruns=0 freshProtects=33 staleProtects=0
LogOGResimProbe: Warning: [Warning][ResimProbe.Frame] role=Client simTicks=120 frames=200 meanTicksPerFrameX100=60 p50=1 p99=1 max=1 meanFrameUs=10000
LogOGResimProbe: Warning: [Warning][ResimProbe.Frame] role=Client cadence dFrame1=40 dFrame0=0 dFrameGt1=80 discont=0 numSteps total=120 max=1 gt1=0
LogOGRelayProbe: Warning: [Warning][RelayProbe.Arrival] samples=120 gapCaptureTicks p50=2 p99=4 max=4 noAdvance=0 saturated=0 lostCaptureTicksX1000=8 lost=2 delivered=225 expected=227 discont=0 discontMax=0
LogOGResimProbe: Warning: [Warning][ResimProbe.Landing] class=LocallyPredicted behind=60 atFrontier=0 discarded=0 atFrontierPerMille=0 windowSamples=120
LogOGResimProbe: Warning: [Warning][ResimProbe.Landing] class=RemoteProxy behind=60 atFrontier=0 discarded=0 atFrontierPerMille=0 windowSamples=120
LogOGDivergenceProbe: Warning: [Warning][DivergenceProbe.Window] class=LocallyPredicted corrections=59 disagreed=59 ratePerMille=1000 windowSamples=120
LogOGDivergenceProbe: Warning: [Warning][DivergenceProbe.Window] class=RemoteProxy corrections=61 disagreed=61 ratePerMille=1000 windowSamples=120
LogOGRelayProbe: Warning: [Warning][RelayProbe.Read] window=[17413,17533] src=Prediction hit=50 miss=70 verifyFail=0 rung0=0 total=120
LogOGRelayProbe: Warning: [Warning][RelayProbe.Read] window=[17413,17533] src=Resim hit=405 miss=51 verifyFail=0 rung0=0 total=456
LogOGRelayProbe: Warning: [Warning][RelayProbe.Miss] window=[17413,17533] src=Prediction inSpan=0 aboveNewest=70 belowOldest=0 noProbeTick=0 miss=70
LogOGRelayProbe: Warning: [Warning][RelayProbe.Miss] window=[17413,17533] src=Resim inSpan=3 aboveNewest=48 belowOldest=0 noProbeTick=0 miss=51
LogOGRelayProbe: Warning: [Warning][RelayProbe.Delta] window=[17413,17533] src=Prediction n=120 p10=-1 p50=1 p90=3 min=-3 max=4 satLow=0 satHigh=0
LogOGRelayProbe: Warning: [Warning][RelayProbe.Delta] window=[17413,17533] src=Resim n=456 p10=-6 p50=-3 p90=1 min=-8 max=4 satLow=0 satHigh=0
LogOGRelayProbe: Warning: [Warning][RelayProbe.Stale] window=[17413,17533] maxConsecutiveFallbackRun=10 id=28409
LogOGResimProbe: Warning: [Warning][ResimProbe.Gate] checks=120 declined=56 requested=64 requestedPerMille=533 deepSkips=0 survivingAnchors=0
LogOGResimProbe: Warning: [Warning][ResimProbe.Chaos] requests=64 grants=64 refused=0 refusedPerMille=0 repeat=0 clamped=0 depthMin=4 depthMax=8
LogOGResimProbe: Warning: [Warning][ResimProbe.Apply] prepares=64 finishes=64 abandoned=0 stuck=0 replayTicks=480 replayOverruns=0 freshProtects=34 staleProtects=0
LogOGResimProbe: Warning: [Warning][ResimProbe.Frame] role=Client simTicks=120 frames=200 meanTicksPerFrameX100=60 p50=1 p99=1 max=1 meanFrameUs=10002
LogOGResimProbe: Warning: [Warning][ResimProbe.Frame] role=Client cadence dFrame1=40 dFrame0=0 dFrameGt1=80 discont=0 numSteps total=120 max=1 gt1=0
LogOGResimProbe: Warning: [Warning][ResimProbe.Landing] class=LocallyPredicted behind=59 atFrontier=0 discarded=0 atFrontierPerMille=0 windowSamples=120
LogOGResimProbe: Warning: [Warning][ResimProbe.Landing] class=RemoteProxy behind=61 atFrontier=0 discarded=0 atFrontierPerMille=0 windowSamples=120
LogOGDivergenceProbe: Warning: [Warning][DivergenceProbe.Window] class=LocallyPredicted corrections=60 disagreed=60 ratePerMille=1000 windowSamples=120
LogOGDivergenceProbe: Warning: [Warning][DivergenceProbe.Window] class=RemoteProxy corrections=60 disagreed=60 ratePerMille=1000 windowSamples=120
LogOGRelayProbe: Warning: [Warning][RelayProbe.Read] window=[17533,17653] src=Prediction hit=43 miss=77 verifyFail=0 rung0=0 total=120
LogOGRelayProbe: Warning: [Warning][RelayProbe.Read] window=[17533,17653] src=Resim hit=447 miss=50 verifyFail=0 rung0=0 total=497
LogOGRelayProbe: Warning: [Warning][RelayProbe.Miss] window=[17533,17653] src=Prediction inSpan=0 aboveNewest=77 belowOldest=0 noProbeTick=0 miss=77
LogOGRelayProbe: Warning: [Warning][RelayProbe.Miss] window=[17533,17653] src=Resim inSpan=0 aboveNewest=50 belowOldest=0 noProbeTick=0 miss=50
LogOGRelayProbe: Warning: [Warning][RelayProbe.Delta] window=[17533,17653] src=Prediction n=120 p10=-1 p50=1 p90=3 min=-2 max=4 satLow=0 satHigh=0
LogOGRelayProbe: Warning: [Warning][RelayProbe.Delta] window=[17533,17653] src=Resim n=497 p10=-6 p50=-3 p90=1 min=-9 max=4 satLow=0 satHigh=0
LogOGRelayProbe: Warning: [Warning][RelayProbe.Stale] window=[17533,17653] maxConsecutiveFallbackRun=18 id=28409
LogOGResimProbe: Warning: [Warning][ResimProbe.Gate] checks=120 declined=53 requested=67 requestedPerMille=558 deepSkips=0 survivingAnchors=0
LogOGResimProbe: Warning: [Warning][ResimProbe.Chaos] requests=67 grants=66 refused=1 refusedPerMille=15 repeat=1 clamped=0 depthMin=5 depthMax=9
LogOGResimProbe: Warning: [Warning][ResimProbe.Apply] prepares=66 finishes=66 abandoned=0 stuck=0 replayTicks=516 replayOverruns=0 freshProtects=35 staleProtects=0
LogOGRelayProbe: Warning: [Warning][RelayProbe.Arrival] samples=120 gapCaptureTicks p50=2 p99=4 max=4 noAdvance=0 saturated=0 lostCaptureTicksX1000=0 lost=0 delivered=211 expected=211 discont=0 discontMax=0
LogOGResimProbe: Warning: [Warning][ResimProbe.Frame] role=Client simTicks=120 frames=201 meanTicksPerFrameX100=59 p50=1 p99=1 max=1 meanFrameUs=10001
LogOGResimProbe: Warning: [Warning][ResimProbe.Frame] role=Client cadence dFrame1=39 dFrame0=0 dFrameGt1=81 discont=0 numSteps total=120 max=1 gt1=0
LogOGResimProbe: Warning: [Warning][ResimProbe.Landing] class=LocallyPredicted behind=60 atFrontier=0 discarded=0 atFrontierPerMille=0 windowSamples=120
LogOGResimProbe: Warning: [Warning][ResimProbe.Landing] class=RemoteProxy behind=60 atFrontier=0 discarded=0 atFrontierPerMille=0 windowSamples=120
LogOGDivergenceProbe: Warning: [Warning][DivergenceProbe.Window] class=LocallyPredicted corrections=60 disagreed=60 ratePerMille=1000 windowSamples=120
LogOGDivergenceProbe: Warning: [Warning][DivergenceProbe.Window] class=RemoteProxy corrections=60 disagreed=60 ratePerMille=1000 windowSamples=120
LogOGRelayProbe: Warning: [Warning][RelayProbe.Read] window=[17653,17773] src=Prediction hit=57 miss=63 verifyFail=0 rung0=0 total=120
LogOGRelayProbe: Warning: [Warning][RelayProbe.Read] window=[17653,17773] src=Resim hit=425 miss=37 verifyFail=0 rung0=0 total=462
LogOGRelayProbe: Warning: [Warning][RelayProbe.Miss] window=[17653,17773] src=Prediction inSpan=0 aboveNewest=63 belowOldest=0 noProbeTick=0 miss=63
LogOGRelayProbe: Warning: [Warning][RelayProbe.Miss] window=[17653,17773] src=Resim inSpan=0 aboveNewest=37 belowOldest=0 noProbeTick=0 miss=37
LogOGRelayProbe: Warning: [Warning][RelayProbe.Delta] window=[17653,17773] src=Prediction n=120 p10=-1 p50=1 p90=2 min=-3 max=3 satLow=0 satHigh=0
LogOGRelayProbe: Warning: [Warning][RelayProbe.Delta] window=[17653,17773] src=Resim n=462 p10=-6 p50=-3 p90=0 min=-9 max=3 satLow=0 satHigh=0
LogOGRelayProbe: Warning: [Warning][RelayProbe.Stale] window=[17653,17773] maxConsecutiveFallbackRun=11 id=28409
LogOGResimProbe: Warning: [Warning][ResimProbe.Gate] checks=120 declined=55 requested=65 requestedPerMille=542 deepSkips=0 survivingAnchors=0
LogOGResimProbe: Warning: [Warning][ResimProbe.Chaos] requests=66 grants=66 refused=0 refusedPerMille=0 repeat=0 clamped=0 depthMin=5 depthMax=8
LogOGResimProbe: Warning: [Warning][ResimProbe.Apply] prepares=66 finishes=66 abandoned=0 stuck=0 replayTicks=478 replayOverruns=0 freshProtects=34 staleProtects=0
LogOGResimProbe: Warning: [Warning][ResimProbe.Frame] role=Client simTicks=120 frames=199 meanTicksPerFrameX100=60 p50=1 p99=1 max=1 meanFrameUs=9999
LogOGResimProbe: Warning: [Warning][ResimProbe.Frame] role=Client cadence dFrame1=41 dFrame0=0 dFrameGt1=79 discont=0 numSteps total=120 max=1 gt1=0
LogOGResimProbe: Warning: [Warning][ResimProbe.Landing] class=LocallyPredicted behind=61 atFrontier=0 discarded=0 atFrontierPerMille=0 windowSamples=120
LogOGResimProbe: Warning: [Warning][ResimProbe.Landing] class=RemoteProxy behind=59 atFrontier=0 discarded=0 atFrontierPerMille=0 windowSamples=120
LogOGDivergenceProbe: Warning: [Warning][DivergenceProbe.Window] class=LocallyPredicted corrections=60 disagreed=60 ratePerMille=1000 windowSamples=120
LogOGDivergenceProbe: Warning: [Warning][DivergenceProbe.Window] class=RemoteProxy corrections=60 disagreed=60 ratePerMille=1000 windowSamples=120
LogOGRelayProbe: Warning: [Warning][RelayProbe.Read] window=[17773,17893] src=Prediction hit=61 miss=59 verifyFail=0 rung0=0 total=120
LogOGRelayProbe: Warning: [Warning][RelayProbe.Read] window=[17773,17893] src=Resim hit=400 miss=46 verifyFail=0 rung0=0 total=446
LogOGRelayProbe: Warning: [Warning][RelayProbe.Miss] window=[17773,17893] src=Prediction inSpan=1 aboveNewest=58 belowOldest=0 noProbeTick=0 miss=59
LogOGRelayProbe: Warning: [Warning][RelayProbe.Miss] window=[17773,17893] src=Resim inSpan=15 aboveNewest=31 belowOldest=0 noProbeTick=0 miss=46
LogOGRelayProbe: Warning: [Warning][RelayProbe.Delta] window=[17773,17893] src=Prediction n=120 p10=-1 p50=0 p90=2 min=-2 max=4 satLow=0 satHigh=0
LogOGRelayProbe: Warning: [Warning][RelayProbe.Delta] window=[17773,17893] src=Resim n=446 p10=-6 p50=-3 p90=0 min=-9 max=4 satLow=0 satHigh=0
LogOGRelayProbe: Warning: [Warning][RelayProbe.Stale] window=[17773,17893] maxConsecutiveFallbackRun=10 id=28409
LogOGResimProbe: Warning: [Warning][ResimProbe.Gate] checks=120 declined=52 requested=68 requestedPerMille=567 deepSkips=0 survivingAnchors=0
LogOGResimProbe: Warning: [Warning][ResimProbe.Chaos] requests=67 grants=64 refused=3 refusedPerMille=45 repeat=3 clamped=0 depthMin=5 depthMax=8
LogOGResimProbe: Warning: [Warning][ResimProbe.Apply] prepares=64 finishes=64 abandoned=0 stuck=0 replayTicks=465 replayOverruns=0 freshProtects=34 staleProtects=0
LogOGRelayProbe: Warning: [Warning][RelayProbe.Arrival] samples=120 gapCaptureTicks p50=2 p99=4 max=7 noAdvance=0 saturated=0 lostCaptureTicksX1000=23 lost=5 delivered=207 expected=212 discont=0 discontMax=0
LogOGResimProbe: Warning: [Warning][ResimProbe.Frame] role=Client simTicks=120 frames=200 meanTicksPerFrameX100=60 p50=1 p99=1 max=1 meanFrameUs=10000
LogOGResimProbe: Warning: [Warning][ResimProbe.Frame] role=Client cadence dFrame1=40 dFrame0=0 dFrameGt1=80 discont=0 numSteps total=120 max=1 gt1=0
LogOGResimProbe: Warning: [Warning][ResimProbe.Landing] class=LocallyPredicted behind=59 atFrontier=0 discarded=0 atFrontierPerMille=0 windowSamples=120
LogOGResimProbe: Warning: [Warning][ResimProbe.Landing] class=RemoteProxy behind=61 atFrontier=0 discarded=0 atFrontierPerMille=0 windowSamples=120
LogOGDivergenceProbe: Warning: [Warning][DivergenceProbe.Window] class=LocallyPredicted corrections=60 disagreed=60 ratePerMille=1000 windowSamples=120
LogOGDivergenceProbe: Warning: [Warning][DivergenceProbe.Window] class=RemoteProxy corrections=60 disagreed=60 ratePerMille=1000 windowSamples=120
LogOGRelayProbe: Warning: [Warning][RelayProbe.Read] window=[17893,18013] src=Prediction hit=45 miss=75 verifyFail=0 rung0=0 total=120
LogOGRelayProbe: Warning: [Warning][RelayProbe.Read] window=[17893,18013] src=Resim hit=411 miss=50 verifyFail=0 rung0=0 total=461
LogOGRelayProbe: Warning: [Warning][RelayProbe.Miss] window=[17893,18013] src=Prediction inSpan=0 aboveNewest=75 belowOldest=0 noProbeTick=0 miss=75
LogOGRelayProbe: Warning: [Warning][RelayProbe.Miss] window=[17893,18013] src=Resim inSpan=0 aboveNewest=50 belowOldest=0 noProbeTick=0 miss=50
LogOGRelayProbe: Warning: [Warning][RelayProbe.Delta] window=[17893,18013] src=Prediction n=120 p10=-1 p50=1 p90=3 min=-2 max=5 satLow=0 satHigh=0
LogOGRelayProbe: Warning: [Warning][RelayProbe.Delta] window=[17893,18013] src=Resim n=461 p10=-6 p50=-3 p90=1 min=-8 max=3 satLow=0 satHigh=0
LogOGRelayProbe: Warning: [Warning][RelayProbe.Stale] window=[17893,18013] maxConsecutiveFallbackRun=12 id=28409
LogOGResimProbe: Warning: [Warning][ResimProbe.Gate] checks=120 declined=54 requested=66 requestedPerMille=550 deepSkips=0 survivingAnchors=0
LogOGResimProbe: Warning: [Warning][ResimProbe.Chaos] requests=66 grants=66 refused=0 refusedPerMille=0 repeat=0 clamped=0 depthMin=5 depthMax=8
LogOGResimProbe: Warning: [Warning][ResimProbe.Apply] prepares=66 finishes=66 abandoned=0 stuck=0 replayTicks=479 replayOverruns=0 freshProtects=32 staleProtects=0
LogOGResimProbe: Warning: [Warning][ResimProbe.Frame] role=Client simTicks=120 frames=201 meanTicksPerFrameX100=59 p50=1 p99=1 max=1 meanFrameUs=10000
LogOGResimProbe: Warning: [Warning][ResimProbe.Frame] role=Client cadence dFrame1=39 dFrame0=0 dFrameGt1=81 discont=0 numSteps total=120 max=1 gt1=0
LogOGResimProbe: Warning: [Warning][ResimProbe.Landing] class=LocallyPredicted behind=60 atFrontier=0 discarded=0 atFrontierPerMille=0 windowSamples=120
LogOGResimProbe: Warning: [Warning][ResimProbe.Landing] class=RemoteProxy behind=60 atFrontier=0 discarded=0 atFrontierPerMille=0 windowSamples=120
LogOGDivergenceProbe: Warning: [Warning][DivergenceProbe.Window] class=LocallyPredicted corrections=59 disagreed=59 ratePerMille=1000 windowSamples=120
LogOGDivergenceProbe: Warning: [Warning][DivergenceProbe.Window] class=RemoteProxy corrections=61 disagreed=61 ratePerMille=1000 windowSamples=120
LogOGRelayProbe: Warning: [Warning][RelayProbe.Read] window=[18013,18133] src=Prediction hit=53 miss=67 verifyFail=0 rung0=0 total=120
LogOGRelayProbe: Warning: [Warning][RelayProbe.Read] window=[18013,18133] src=Resim hit=422 miss=37 verifyFail=0 rung0=0 total=459
LogOGRelayProbe: Warning: [Warning][RelayProbe.Miss] window=[18013,18133] src=Prediction inSpan=0 aboveNewest=67 belowOldest=0 noProbeTick=0 miss=67
LogOGRelayProbe: Warning: [Warning][RelayProbe.Miss] window=[18013,18133] src=Resim inSpan=0 aboveNewest=37 belowOldest=0 noProbeTick=0 miss=37
LogOGRelayProbe: Warning: [Warning][RelayProbe.Delta] window=[18013,18133] src=Prediction n=120 p10=-1 p50=1 p90=2 min=-2 max=4 satLow=0 satHigh=0
LogOGRelayProbe: Warning: [Warning][RelayProbe.Delta] window=[18013,18133] src=Resim n=459 p10=-6 p50=-3 p90=0 min=-8 max=4 satLow=0 satHigh=0
LogOGRelayProbe: Warning: [Warning][RelayProbe.Stale] window=[18013,18133] maxConsecutiveFallbackRun=8 id=28409
LogOGRelayProbe: Warning: [Warning][RelayProbe.Arrival] samples=120 gapCaptureTicks p50=2 p99=4 max=5 noAdvance=0 saturated=0 lostCaptureTicksX1000=0 lost=0 delivered=225 expected=225 discont=0 discontMax=0
LogOGResimProbe: Warning: [Warning][ResimProbe.Gate] checks=120 declined=58 requested=62 requestedPerMille=517 deepSkips=0 survivingAnchors=0
LogOGResimProbe: Warning: [Warning][ResimProbe.Chaos] requests=63 grants=63 refused=0 refusedPerMille=0 repeat=0 clamped=0 depthMin=5 depthMax=8
LogOGResimProbe: Warning: [Warning][ResimProbe.Apply] prepares=63 finishes=63 abandoned=0 stuck=0 replayTicks=469 replayOverruns=0 freshProtects=33 staleProtects=0
LogOGResimProbe: Warning: [Warning][ResimProbe.Frame] role=Client simTicks=120 frames=199 meanTicksPerFrameX100=60 p50=1 p99=1 max=1 meanFrameUs=9999
LogOGResimProbe: Warning: [Warning][ResimProbe.Frame] role=Client cadence dFrame1=41 dFrame0=0 dFrameGt1=79 discont=0 numSteps total=120 max=1 gt1=0
LogOGResimProbe: Warning: [Warning][ResimProbe.Landing] class=LocallyPredicted behind=60 atFrontier=0 discarded=0 atFrontierPerMille=0 windowSamples=120
LogOGResimProbe: Warning: [Warning][ResimProbe.Landing] class=RemoteProxy behind=60 atFrontier=0 discarded=0 atFrontierPerMille=0 windowSamples=120
LogOGDivergenceProbe: Warning: [Warning][DivergenceProbe.Window] class=LocallyPredicted corrections=60 disagreed=60 ratePerMille=1000 windowSamples=120
LogOGDivergenceProbe: Warning: [Warning][DivergenceProbe.Window] class=RemoteProxy corrections=60 disagreed=60 ratePerMille=1000 windowSamples=120
LogOGRelayProbe: Warning: [Warning][RelayProbe.Read] window=[18133,18253] src=Prediction hit=40 miss=80 verifyFail=0 rung0=0 total=120
LogOGRelayProbe: Warning: [Warning][RelayProbe.Read] window=[18133,18253] src=Resim hit=414 miss=63 verifyFail=0 rung0=0 total=477
LogOGRelayProbe: Warning: [Warning][RelayProbe.Miss] window=[18133,18253] src=Prediction inSpan=0 aboveNewest=80 belowOldest=0 noProbeTick=0 miss=80
LogOGRelayProbe: Warning: [Warning][RelayProbe.Miss] window=[18133,18253] src=Resim inSpan=0 aboveNewest=63 belowOldest=0 noProbeTick=0 miss=63
LogOGRelayProbe: Warning: [Warning][RelayProbe.Delta] window=[18133,18253] src=Prediction n=120 p10=-1 p50=1 p90=3 min=-2 max=4 satLow=0 satHigh=0
LogOGRelayProbe: Warning: [Warning][RelayProbe.Delta] window=[18133,18253] src=Resim n=477 p10=-6 p50=-2 p90=1 min=-8 max=4 satLow=0 satHigh=0
LogOGRelayProbe: Warning: [Warning][RelayProbe.Stale] window=[18133,18253] maxConsecutiveFallbackRun=11 id=28409
LogOGResimProbe: Warning: [Warning][ResimProbe.Gate] checks=120 declined=55 requested=65 requestedPerMille=542 deepSkips=0 survivingAnchors=0
LogOGResimProbe: Warning: [Warning][ResimProbe.Chaos] requests=65 grants=65 refused=0 refusedPerMille=0 repeat=0 clamped=0 depthMin=5 depthMax=8
LogOGResimProbe: Warning: [Warning][ResimProbe.Apply] prepares=65 finishes=65 abandoned=0 stuck=0 replayTicks=498 replayOverruns=0 freshProtects=36 staleProtects=0
LogOGResimProbe: Warning: [Warning][ResimProbe.Frame] role=Client simTicks=120 frames=200 meanTicksPerFrameX100=60 p50=1 p99=1 max=1 meanFrameUs=10000
LogOGResimProbe: Warning: [Warning][ResimProbe.Frame] role=Client cadence dFrame1=40 dFrame0=0 dFrameGt1=80 discont=0 numSteps total=120 max=1 gt1=0
LogOGResimProbe: Warning: [Warning][ResimProbe.Landing] class=LocallyPredicted behind=60 atFrontier=0 discarded=0 atFrontierPerMille=0 windowSamples=120
LogOGResimProbe: Warning: [Warning][ResimProbe.Landing] class=RemoteProxy behind=60 atFrontier=0 discarded=0 atFrontierPerMille=0 windowSamples=120
LogOGDivergenceProbe: Warning: [Warning][DivergenceProbe.Window] class=LocallyPredicted corrections=60 disagreed=60 ratePerMille=1000 windowSamples=120
LogOGDivergenceProbe: Warning: [Warning][DivergenceProbe.Window] class=RemoteProxy corrections=60 disagreed=60 ratePerMille=1000 windowSamples=120
LogOGRelayProbe: Warning: [Warning][RelayProbe.Arrival] samples=120 gapCaptureTicks p50=2 p99=4 max=5 noAdvance=0 saturated=0 lostCaptureTicksX1000=0 lost=0 delivered=232 expected=232 discont=0 discontMax=0
LogOGRelayProbe: Warning: [Warning][RelayProbe.Read] window=[18253,18373] src=Prediction hit=55 miss=65 verifyFail=0 rung0=0 total=120
LogOGRelayProbe: Warning: [Warning][RelayProbe.Read] window=[18253,18373] src=Resim hit=444 miss=42 verifyFail=0 rung0=0 total=486
LogOGRelayProbe: Warning: [Warning][RelayProbe.Miss] window=[18253,18373] src=Prediction inSpan=0 aboveNewest=65 belowOldest=0 noProbeTick=0 miss=65
LogOGRelayProbe: Warning: [Warning][RelayProbe.Miss] window=[18253,18373] src=Resim inSpan=0 aboveNewest=42 belowOldest=0 noProbeTick=0 miss=42
LogOGRelayProbe: Warning: [Warning][RelayProbe.Delta] window=[18253,18373] src=Prediction n=120 p10=-1 p50=1 p90=2 min=-3 max=4 satLow=0 satHigh=0
LogOGRelayProbe: Warning: [Warning][RelayProbe.Delta] window=[18253,18373] src=Resim n=486 p10=-6 p50=-3 p90=0 min=-8 max=4 satLow=0 satHigh=0
LogOGRelayProbe: Warning: [Warning][RelayProbe.Stale] window=[18253,18373] maxConsecutiveFallbackRun=10 id=28409
LogOGResimProbe: Warning: [Warning][ResimProbe.Gate] checks=120 declined=55 requested=65 requestedPerMille=542 deepSkips=0 survivingAnchors=0
LogOGResimProbe: Warning: [Warning][ResimProbe.Chaos] requests=65 grants=65 refused=0 refusedPerMille=0 repeat=0 clamped=0 depthMin=5 depthMax=8
LogOGResimProbe: Warning: [Warning][ResimProbe.Apply] prepares=65 finishes=65 abandoned=0 stuck=0 replayTicks=494 replayOverruns=0 freshProtects=35 staleProtects=0
LogOGResimProbe: Warning: [Warning][ResimProbe.Frame] role=Client simTicks=120 frames=202 meanTicksPerFrameX100=59 p50=1 p99=1 max=1 meanFrameUs=10000
LogOGResimProbe: Warning: [Warning][ResimProbe.Frame] role=Client cadence dFrame1=38 dFrame0=0 dFrameGt1=82 discont=0 numSteps total=120 max=1 gt1=0
LogOGResimProbe: Warning: [Warning][ResimProbe.Landing] class=LocallyPredicted behind=60 atFrontier=0 discarded=0 atFrontierPerMille=0 windowSamples=120
LogOGResimProbe: Warning: [Warning][ResimProbe.Landing] class=RemoteProxy behind=60 atFrontier=0 discarded=0 atFrontierPerMille=0 windowSamples=120
LogOGDivergenceProbe: Warning: [Warning][DivergenceProbe.Window] class=LocallyPredicted corrections=60 disagreed=60 ratePerMille=1000 windowSamples=120
LogOGDivergenceProbe: Warning: [Warning][DivergenceProbe.Window] class=RemoteProxy corrections=60 disagreed=60 ratePerMille=1000 windowSamples=120
LogOGRelayProbe: Warning: [Warning][RelayProbe.Read] window=[18373,18493] src=Prediction hit=51 miss=69 verifyFail=0 rung0=0 total=120
LogOGRelayProbe: Warning: [Warning][RelayProbe.Read] window=[18373,18493] src=Resim hit=378 miss=33 verifyFail=0 rung0=0 total=411
LogOGRelayProbe: Warning: [Warning][RelayProbe.Miss] window=[18373,18493] src=Prediction inSpan=0 aboveNewest=69 belowOldest=0 noProbeTick=0 miss=69
LogOGRelayProbe: Warning: [Warning][RelayProbe.Miss] window=[18373,18493] src=Resim inSpan=0 aboveNewest=33 belowOldest=0 noProbeTick=0 miss=33
LogOGRelayProbe: Warning: [Warning][RelayProbe.Delta] window=[18373,18493] src=Prediction n=120 p10=-1 p50=1 p90=3 min=-2 max=3 satLow=0 satHigh=0
LogOGRelayProbe: Warning: [Warning][RelayProbe.Delta] window=[18373,18493] src=Resim n=411 p10=-6 p50=-3 p90=0 min=-9 max=2 satLow=0 satHigh=0
LogOGRelayProbe: Warning: [Warning][RelayProbe.Stale] window=[18373,18493] maxConsecutiveFallbackRun=15 id=28409
LogOGResimProbe: Warning: [Warning][ResimProbe.Gate] checks=120 declined=59 requested=61 requestedPerMille=508 deepSkips=0 survivingAnchors=0
LogOGResimProbe: Warning: [Warning][ResimProbe.Chaos] requests=60 grants=60 refused=0 refusedPerMille=0 repeat=0 clamped=0 depthMin=5 depthMax=8
LogOGResimProbe: Warning: [Warning][ResimProbe.Apply] prepares=60 finishes=60 abandoned=0 stuck=0 replayTicks=440 replayOverruns=0 freshProtects=40 staleProtects=0
LogOGResimProbe: Warning: [Warning][ResimProbe.Frame] role=Client simTicks=120 frames=198 meanTicksPerFrameX100=60 p50=1 p99=1 max=1 meanFrameUs=10000
LogOGResimProbe: Warning: [Warning][ResimProbe.Frame] role=Client cadence dFrame1=42 dFrame0=0 dFrameGt1=78 discont=0 numSteps total=120 max=1 gt1=0
LogOGResimProbe: Warning: [Warning][ResimProbe.Landing] class=LocallyPredicted behind=60 atFrontier=0 discarded=0 atFrontierPerMille=0 windowSamples=120
LogOGResimProbe: Warning: [Warning][ResimProbe.Landing] class=RemoteProxy behind=60 atFrontier=0 discarded=0 atFrontierPerMille=0 windowSamples=120
LogOGDivergenceProbe: Warning: [Warning][DivergenceProbe.Window] class=LocallyPredicted corrections=61 disagreed=61 ratePerMille=1000 windowSamples=120
LogOGDivergenceProbe: Warning: [Warning][DivergenceProbe.Window] class=RemoteProxy corrections=59 disagreed=59 ratePerMille=1000 windowSamples=120
LogOGRelayProbe: Warning: [Warning][RelayProbe.Arrival] samples=120 gapCaptureTicks p50=2 p99=5 max=5 noAdvance=0 saturated=0 lostCaptureTicksX1000=8 lost=2 delivered=229 expected=231 discont=0 discontMax=0
LogOGRelayProbe: Warning: [Warning][RelayProbe.Read] window=[18493,18613] src=Prediction hit=47 miss=73 verifyFail=0 rung0=0 total=120
LogOGRelayProbe: Warning: [Warning][RelayProbe.Read] window=[18493,18613] src=Resim hit=438 miss=57 verifyFail=0 rung0=0 total=495
LogOGRelayProbe: Warning: [Warning][RelayProbe.Miss] window=[18493,18613] src=Prediction inSpan=0 aboveNewest=73 belowOldest=0 noProbeTick=0 miss=73
LogOGRelayProbe: Warning: [Warning][RelayProbe.Miss] window=[18493,18613] src=Resim inSpan=7 aboveNewest=50 belowOldest=0 noProbeTick=0 miss=57
LogOGRelayProbe: Warning: [Warning][RelayProbe.Delta] window=[18493,18613] src=Prediction n=120 p10=-1 p50=1 p90=3 min=-2 max=5 satLow=0 satHigh=0
LogOGRelayProbe: Warning: [Warning][RelayProbe.Delta] window=[18493,18613] src=Resim n=495 p10=-6 p50=-3 p90=1 min=-8 max=3 satLow=0 satHigh=0
LogOGRelayProbe: Warning: [Warning][RelayProbe.Stale] window=[18493,18613] maxConsecutiveFallbackRun=18 id=28409
LogOGResimProbe: Warning: [Warning][ResimProbe.Gate] checks=120 declined=55 requested=65 requestedPerMille=542 deepSkips=0 survivingAnchors=0
LogOGResimProbe: Warning: [Warning][ResimProbe.Chaos] requests=66 grants=66 refused=0 refusedPerMille=0 repeat=0 clamped=0 depthMin=5 depthMax=9
LogOGResimProbe: Warning: [Warning][ResimProbe.Apply] prepares=66 finishes=66 abandoned=0 stuck=0 replayTicks=510 replayOverruns=0 freshProtects=38 staleProtects=0
LogOGResimProbe: Warning: [Warning][ResimProbe.Frame] role=Client simTicks=120 frames=200 meanTicksPerFrameX100=60 p50=1 p99=1 max=1 meanFrameUs=10000
LogOGResimProbe: Warning: [Warning][ResimProbe.Frame] role=Client cadence dFrame1=40 dFrame0=0 dFrameGt1=80 discont=0 numSteps total=120 max=1 gt1=0
LogOGResimProbe: Warning: [Warning][ResimProbe.Landing] class=LocallyPredicted behind=61 atFrontier=0 discarded=0 atFrontierPerMille=0 windowSamples=120
LogOGResimProbe: Warning: [Warning][ResimProbe.Landing] class=RemoteProxy behind=59 atFrontier=0 discarded=0 atFrontierPerMille=0 windowSamples=120
LogOGDivergenceProbe: Warning: [Warning][DivergenceProbe.Window] class=LocallyPredicted corrections=60 disagreed=60 ratePerMille=1000 windowSamples=120
LogOGDivergenceProbe: Warning: [Warning][DivergenceProbe.Window] class=RemoteProxy corrections=60 disagreed=60 ratePerMille=1000 windowSamples=120
LogOGRelayProbe: Warning: [Warning][RelayProbe.Read] window=[18613,18733] src=Prediction hit=46 miss=74 verifyFail=0 rung0=0 total=120
LogOGRelayProbe: Warning: [Warning][RelayProbe.Read] window=[18613,18733] src=Resim hit=426 miss=57 verifyFail=0 rung0=0 total=483
LogOGRelayProbe: Warning: [Warning][RelayProbe.Miss] window=[18613,18733] src=Prediction inSpan=0 aboveNewest=74 belowOldest=0 noProbeTick=0 miss=74
LogOGRelayProbe: Warning: [Warning][RelayProbe.Miss] window=[18613,18733] src=Resim inSpan=7 aboveNewest=50 belowOldest=0 noProbeTick=0 miss=57
LogOGRelayProbe: Warning: [Warning][RelayProbe.Delta] window=[18613,18733] src=Prediction n=120 p10=-1 p50=1 p90=3 min=-2 max=5 satLow=0 satHigh=0
LogOGRelayProbe: Warning: [Warning][RelayProbe.Delta] window=[18613,18733] src=Resim n=483 p10=-6 p50=-3 p90=1 min=-8 max=4 satLow=0 satHigh=0
LogOGRelayProbe: Warning: [Warning][RelayProbe.Stale] window=[18613,18733] maxConsecutiveFallbackRun=13 id=28409
LogOGResimProbe: Warning: [Warning][ResimProbe.Gate] checks=120 declined=53 requested=67 requestedPerMille=558 deepSkips=0 survivingAnchors=0
LogOGResimProbe: Warning: [Warning][ResimProbe.Chaos] requests=66 grants=66 refused=0 refusedPerMille=0 repeat=0 clamped=0 depthMin=5 depthMax=8
LogOGResimProbe: Warning: [Warning][ResimProbe.Apply] prepares=66 finishes=66 abandoned=0 stuck=0 replayTicks=499 replayOverruns=0 freshProtects=39 staleProtects=0
LogOGResimProbe: Warning: [Warning][ResimProbe.Frame] role=Client simTicks=120 frames=200 meanTicksPerFrameX100=60 p50=1 p99=1 max=1 meanFrameUs=10014
LogOGResimProbe: Warning: [Warning][ResimProbe.Frame] role=Client cadence dFrame1=40 dFrame0=0 dFrameGt1=80 discont=0 numSteps total=120 max=1 gt1=0
LogOGRelayProbe: Warning: [Warning][RelayProbe.Arrival] samples=120 gapCaptureTicks p50=2 p99=4 max=4 noAdvance=0 saturated=0 lostCaptureTicksX1000=8 lost=2 delivered=221 expected=223 discont=0 discontMax=0
LogOGResimProbe: Warning: [Warning][ResimProbe.Landing] class=LocallyPredicted behind=60 atFrontier=0 discarded=0 atFrontierPerMille=0 windowSamples=120
LogOGResimProbe: Warning: [Warning][ResimProbe.Landing] class=RemoteProxy behind=60 atFrontier=0 discarded=0 atFrontierPerMille=0 windowSamples=120
LogOGDivergenceProbe: Warning: [Warning][DivergenceProbe.Window] class=LocallyPredicted corrections=60 disagreed=60 ratePerMille=1000 windowSamples=120
LogOGDivergenceProbe: Warning: [Warning][DivergenceProbe.Window] class=RemoteProxy corrections=60 disagreed=60 ratePerMille=1000 windowSamples=120
LogOGRelayProbe: Warning: [Warning][RelayProbe.Read] window=[18733,18853] src=Prediction hit=47 miss=73 verifyFail=0 rung0=0 total=120
LogOGRelayProbe: Warning: [Warning][RelayProbe.Read] window=[18733,18853] src=Resim hit=412 miss=48 verifyFail=0 rung0=0 total=460
LogOGRelayProbe: Warning: [Warning][RelayProbe.Miss] window=[18733,18853] src=Prediction inSpan=0 aboveNewest=73 belowOldest=0 noProbeTick=0 miss=73
LogOGRelayProbe: Warning: [Warning][RelayProbe.Miss] window=[18733,18853] src=Resim inSpan=0 aboveNewest=48 belowOldest=0 noProbeTick=0 miss=48
LogOGRelayProbe: Warning: [Warning][RelayProbe.Delta] window=[18733,18853] src=Prediction n=120 p10=-1 p50=1 p90=3 min=-3 max=4 satLow=0 satHigh=0
LogOGRelayProbe: Warning: [Warning][RelayProbe.Delta] window=[18733,18853] src=Resim n=460 p10=-6 p50=-3 p90=1 min=-8 max=4 satLow=0 satHigh=0
LogOGRelayProbe: Warning: [Warning][RelayProbe.Stale] window=[18733,18853] maxConsecutiveFallbackRun=7 id=28409
LogOGResimProbe: Warning: [Warning][ResimProbe.Gate] checks=120 declined=57 requested=63 requestedPerMille=525 deepSkips=0 survivingAnchors=0
LogOGResimProbe: Warning: [Warning][ResimProbe.Chaos] requests=63 grants=63 refused=0 refusedPerMille=0 repeat=0 clamped=0 depthMin=5 depthMax=8
LogOGResimProbe: Warning: [Warning][ResimProbe.Apply] prepares=63 finishes=63 abandoned=0 stuck=0 replayTicks=478 replayOverruns=0 freshProtects=40 staleProtects=0
LogOGResimProbe: Warning: [Warning][ResimProbe.Frame] role=Client simTicks=120 frames=201 meanTicksPerFrameX100=59 p50=1 p99=1 max=1 meanFrameUs=10001
LogOGResimProbe: Warning: [Warning][ResimProbe.Frame] role=Client cadence dFrame1=39 dFrame0=0 dFrameGt1=81 discont=0 numSteps total=120 max=1 gt1=0
LogOGResimProbe: Warning: [Warning][ResimProbe.Landing] class=LocallyPredicted behind=61 atFrontier=0 discarded=0 atFrontierPerMille=0 windowSamples=120
LogOGResimProbe: Warning: [Warning][ResimProbe.Landing] class=RemoteProxy behind=59 atFrontier=0 discarded=0 atFrontierPerMille=0 windowSamples=120
LogOGDivergenceProbe: Warning: [Warning][DivergenceProbe.Window] class=LocallyPredicted corrections=61 disagreed=61 ratePerMille=1000 windowSamples=120
LogOGDivergenceProbe: Warning: [Warning][DivergenceProbe.Window] class=RemoteProxy corrections=59 disagreed=59 ratePerMille=1000 windowSamples=120
LogOGRelayProbe: Warning: [Warning][RelayProbe.Read] window=[18853,18973] src=Prediction hit=61 miss=59 verifyFail=0 rung0=0 total=120
LogOGRelayProbe: Warning: [Warning][RelayProbe.Read] window=[18853,18973] src=Resim hit=375 miss=27 verifyFail=0 rung0=0 total=402
LogOGRelayProbe: Warning: [Warning][RelayProbe.Miss] window=[18853,18973] src=Prediction inSpan=0 aboveNewest=59 belowOldest=0 noProbeTick=0 miss=59
LogOGRelayProbe: Warning: [Warning][RelayProbe.Miss] window=[18853,18973] src=Resim inSpan=4 aboveNewest=23 belowOldest=0 noProbeTick=0 miss=27
LogOGRelayProbe: Warning: [Warning][RelayProbe.Delta] window=[18853,18973] src=Prediction n=120 p10=-1 p50=0 p90=2 min=-3 max=4 satLow=0 satHigh=0
LogOGRelayProbe: Warning: [Warning][RelayProbe.Delta] window=[18853,18973] src=Resim n=402 p10=-6 p50=-3 p90=0 min=-8 max=2 satLow=0 satHigh=0
LogOGRelayProbe: Warning: [Warning][RelayProbe.Stale] window=[18853,18973] maxConsecutiveFallbackRun=7 id=28409
LogOGResimProbe: Warning: [Warning][ResimProbe.Gate] checks=120 declined=62 requested=58 requestedPerMille=483 deepSkips=0 survivingAnchors=0
LogOGResimProbe: Warning: [Warning][ResimProbe.Chaos] requests=58 grants=58 refused=0 refusedPerMille=0 repeat=0 clamped=0 depthMin=4 depthMax=8
LogOGResimProbe: Warning: [Warning][ResimProbe.Apply] prepares=58 finishes=58 abandoned=0 stuck=0 replayTicks=407 replayOverruns=0 freshProtects=37 staleProtects=0
LogOGResimProbe: Warning: [Warning][ResimProbe.Frame] role=Client simTicks=120 frames=199 meanTicksPerFrameX100=60 p50=1 p99=1 max=1 meanFrameUs=9998
LogOGResimProbe: Warning: [Warning][ResimProbe.Frame] role=Client cadence dFrame1=41 dFrame0=0 dFrameGt1=79 discont=0 numSteps total=120 max=1 gt1=0
LogOGRelayProbe: Warning: [Warning][RelayProbe.Arrival] samples=120 gapCaptureTicks p50=2 p99=4 max=4 noAdvance=0 saturated=0 lostCaptureTicksX1000=4 lost=1 delivered=213 expected=214 discont=0 discontMax=0
LogOGResimProbe: Warning: [Warning][ResimProbe.Landing] class=LocallyPredicted behind=60 atFrontier=0 discarded=0 atFrontierPerMille=0 windowSamples=120
LogOGResimProbe: Warning: [Warning][ResimProbe.Landing] class=RemoteProxy behind=60 atFrontier=0 discarded=0 atFrontierPerMille=0 windowSamples=120
LogOGDivergenceProbe: Warning: [Warning][DivergenceProbe.Window] class=LocallyPredicted corrections=60 disagreed=60 ratePerMille=1000 windowSamples=120
LogOGDivergenceProbe: Warning: [Warning][DivergenceProbe.Window] class=RemoteProxy corrections=60 disagreed=60 ratePerMille=1000 windowSamples=120
LogOGRelayProbe: Warning: [Warning][RelayProbe.Read] window=[18973,19093] src=Prediction hit=36 miss=84 verifyFail=0 rung0=0 total=120
LogOGRelayProbe: Warning: [Warning][RelayProbe.Read] window=[18973,19093] src=Resim hit=426 miss=75 verifyFail=0 rung0=0 total=501
LogOGRelayProbe: Warning: [Warning][RelayProbe.Miss] window=[18973,19093] src=Prediction inSpan=0 aboveNewest=84 belowOldest=0 noProbeTick=0 miss=84
LogOGRelayProbe: Warning: [Warning][RelayProbe.Miss] window=[18973,19093] src=Resim inSpan=0 aboveNewest=75 belowOldest=0 noProbeTick=0 miss=75
LogOGRelayProbe: Warning: [Warning][RelayProbe.Delta] window=[18973,19093] src=Prediction n=120 p10=-1 p50=1 p90=3 min=-2 max=3 satLow=0 satHigh=0
LogOGRelayProbe: Warning: [Warning][RelayProbe.Delta] window=[18973,19093] src=Resim n=501 p10=-6 p50=-2 p90=1 min=-8 max=3 satLow=0 satHigh=0
LogOGRelayProbe: Warning: [Warning][RelayProbe.Stale] window=[18973,19093] maxConsecutiveFallbackRun=23 id=28409
LogOGResimProbe: Warning: [Warning][ResimProbe.Gate] checks=120 declined=52 requested=68 requestedPerMille=567 deepSkips=0 survivingAnchors=0
LogOGResimProbe: Warning: [Warning][ResimProbe.Chaos] requests=68 grants=68 refused=0 refusedPerMille=0 repeat=0 clamped=0 depthMin=5 depthMax=8
LogOGResimProbe: Warning: [Warning][ResimProbe.Apply] prepares=68 finishes=68 abandoned=0 stuck=0 replayTicks=529 replayOverruns=0 freshProtects=36 staleProtects=0
LogOGResimProbe: Warning: [Warning][ResimProbe.Frame] role=Client simTicks=120 frames=200 meanTicksPerFrameX100=60 p50=1 p99=1 max=1 meanFrameUs=10000
LogOGResimProbe: Warning: [Warning][ResimProbe.Frame] role=Client cadence dFrame1=40 dFrame0=0 dFrameGt1=80 discont=0 numSteps total=120 max=1 gt1=0
LogOGResimProbe: Warning: [Warning][ResimProbe.Landing] class=LocallyPredicted behind=61 atFrontier=0 discarded=0 atFrontierPerMille=0 windowSamples=120
LogOGResimProbe: Warning: [Warning][ResimProbe.Landing] class=RemoteProxy behind=59 atFrontier=0 discarded=0 atFrontierPerMille=0 windowSamples=120
LogOGDivergenceProbe: Warning: [Warning][DivergenceProbe.Window] class=LocallyPredicted corrections=61 disagreed=61 ratePerMille=1000 windowSamples=120
LogOGDivergenceProbe: Warning: [Warning][DivergenceProbe.Window] class=RemoteProxy corrections=59 disagreed=59 ratePerMille=1000 windowSamples=120
LogOGRelayProbe: Warning: [Warning][RelayProbe.Read] window=[19093,19213] src=Prediction hit=46 miss=74 verifyFail=0 rung0=0 total=120
LogOGRelayProbe: Warning: [Warning][RelayProbe.Read] window=[19093,19213] src=Resim hit=355 miss=41 verifyFail=0 rung0=0 total=396
LogOGRelayProbe: Warning: [Warning][RelayProbe.Miss] window=[19093,19213] src=Prediction inSpan=0 aboveNewest=74 belowOldest=0 noProbeTick=0 miss=74
LogOGRelayProbe: Warning: [Warning][RelayProbe.Miss] window=[19093,19213] src=Resim inSpan=7 aboveNewest=34 belowOldest=0 noProbeTick=0 miss=41
LogOGRelayProbe: Warning: [Warning][RelayProbe.Delta] window=[19093,19213] src=Prediction n=120 p10=-1 p50=1 p90=2 min=-2 max=5 satLow=0 satHigh=0
LogOGRelayProbe: Warning: [Warning][RelayProbe.Delta] window=[19093,19213] src=Resim n=396 p10=-6 p50=-3 p90=0 min=-8 max=5 satLow=0 satHigh=0
LogOGRelayProbe: Warning: [Warning][RelayProbe.Stale] window=[19093,19213] maxConsecutiveFallbackRun=8 id=28409
LogOGResimProbe: Warning: [Warning][ResimProbe.Gate] checks=120 declined=64 requested=56 requestedPerMille=467 deepSkips=0 survivingAnchors=0
LogOGResimProbe: Warning: [Warning][ResimProbe.Chaos] requests=56 grants=56 refused=0 refusedPerMille=0 repeat=0 clamped=0 depthMin=5 depthMax=8
LogOGResimProbe: Warning: [Warning][ResimProbe.Apply] prepares=56 finishes=56 abandoned=0 stuck=0 replayTicks=413 replayOverruns=0 freshProtects=37 staleProtects=0
LogOGResimProbe: Warning: [Warning][ResimProbe.Frame] role=Client simTicks=120 frames=201 meanTicksPerFrameX100=59 p50=1 p99=1 max=1 meanFrameUs=10000
LogOGResimProbe: Warning: [Warning][ResimProbe.Frame] role=Client cadence dFrame1=39 dFrame0=0 dFrameGt1=81 discont=0 numSteps total=120 max=1 gt1=0
LogOGRelayProbe: Warning: [Warning][RelayProbe.Arrival] samples=120 gapCaptureTicks p50=2 p99=4 max=6 noAdvance=0 saturated=0 lostCaptureTicksX1000=12 lost=3 delivered=237 expected=240 discont=0 discontMax=0
LogOGResimProbe: Warning: [Warning][ResimProbe.Landing] class=LocallyPredicted behind=60 atFrontier=0 discarded=0 atFrontierPerMille=0 windowSamples=120
LogOGResimProbe: Warning: [Warning][ResimProbe.Landing] class=RemoteProxy behind=60 atFrontier=0 discarded=0 atFrontierPerMille=0 windowSamples=120
LogOGDivergenceProbe: Warning: [Warning][DivergenceProbe.Window] class=LocallyPredicted corrections=61 disagreed=61 ratePerMille=1000 windowSamples=120
LogOGDivergenceProbe: Warning: [Warning][DivergenceProbe.Window] class=RemoteProxy corrections=59 disagreed=59 ratePerMille=1000 windowSamples=120
LogOGRelayProbe: Warning: [Warning][RelayProbe.Read] window=[19213,19333] src=Prediction hit=53 miss=67 verifyFail=0 rung0=0 total=120
LogOGRelayProbe: Warning: [Warning][RelayProbe.Read] window=[19213,19333] src=Resim hit=439 miss=43 verifyFail=0 rung0=0 total=482
LogOGRelayProbe: Warning: [Warning][RelayProbe.Miss] window=[19213,19333] src=Prediction inSpan=0 aboveNewest=67 belowOldest=0 noProbeTick=0 miss=67
LogOGRelayProbe: Warning: [Warning][RelayProbe.Miss] window=[19213,19333] src=Resim inSpan=0 aboveNewest=43 belowOldest=0 noProbeTick=0 miss=43
LogOGRelayProbe: Warning: [Warning][RelayProbe.Delta] window=[19213,19333] src=Prediction n=120 p10=-1 p50=1 p90=2 min=-2 max=3 satLow=0 satHigh=0
LogOGRelayProbe: Warning: [Warning][RelayProbe.Delta] window=[19213,19333] src=Resim n=482 p10=-6 p50=-3 p90=0 min=-9 max=3 satLow=0 satHigh=0
LogOGRelayProbe: Warning: [Warning][RelayProbe.Stale] window=[19213,19333] maxConsecutiveFallbackRun=6 id=28409
LogOGResimProbe: Warning: [Warning][ResimProbe.Gate] checks=120 declined=53 requested=67 requestedPerMille=558 deepSkips=0 survivingAnchors=0
LogOGResimProbe: Warning: [Warning][ResimProbe.Chaos] requests=67 grants=67 refused=0 refusedPerMille=0 repeat=0 clamped=0 depthMin=4 depthMax=8
LogOGResimProbe: Warning: [Warning][ResimProbe.Apply] prepares=67 finishes=67 abandoned=0 stuck=0 replayTicks=495 replayOverruns=0 freshProtects=38 staleProtects=0
LogOGResimProbe: Warning: [Warning][ResimProbe.Frame] role=Client simTicks=120 frames=199 meanTicksPerFrameX100=60 p50=1 p99=1 max=1 meanFrameUs=10000
LogOGResimProbe: Warning: [Warning][ResimProbe.Frame] role=Client cadence dFrame1=41 dFrame0=0 dFrameGt1=79 discont=0 numSteps total=120 max=1 gt1=0
LogOGResimProbe: Warning: [Warning][ResimProbe.Landing] class=LocallyPredicted behind=60 atFrontier=0 discarded=0 atFrontierPerMille=0 windowSamples=120
LogOGResimProbe: Warning: [Warning][ResimProbe.Landing] class=RemoteProxy behind=60 atFrontier=0 discarded=0 atFrontierPerMille=0 windowSamples=120
LogOGDivergenceProbe: Warning: [Warning][DivergenceProbe.Window] class=LocallyPredicted corrections=60 disagreed=60 ratePerMille=1000 windowSamples=120
LogOGDivergenceProbe: Warning: [Warning][DivergenceProbe.Window] class=RemoteProxy corrections=60 disagreed=60 ratePerMille=1000 windowSamples=120
LogOGRelayProbe: Warning: [Warning][RelayProbe.Read] window=[19333,19453] src=Prediction hit=34 miss=86 verifyFail=0 rung0=0 total=120
LogOGRelayProbe: Warning: [Warning][RelayProbe.Read] window=[19333,19453] src=Resim hit=430 miss=64 verifyFail=0 rung0=0 total=494
LogOGRelayProbe: Warning: [Warning][RelayProbe.Miss] window=[19333,19453] src=Prediction inSpan=0 aboveNewest=86 belowOldest=0 noProbeTick=0 miss=86
LogOGRelayProbe: Warning: [Warning][RelayProbe.Miss] window=[19333,19453] src=Resim inSpan=0 aboveNewest=64 belowOldest=0 noProbeTick=0 miss=64
LogOGRelayProbe: Warning: [Warning][RelayProbe.Delta] window=[19333,19453] src=Prediction n=120 p10=0 p50=1 p90=3 min=-2 max=4 satLow=0 satHigh=0
LogOGRelayProbe: Warning: [Warning][RelayProbe.Delta] window=[19333,19453] src=Resim n=494 p10=-6 p50=-2 p90=1 min=-8 max=4 satLow=0 satHigh=0
LogOGRelayProbe: Warning: [Warning][RelayProbe.Stale] window=[19333,19453] maxConsecutiveFallbackRun=16 id=28409
LogOGResimProbe: Warning: [Warning][ResimProbe.Gate] checks=120 declined=54 requested=66 requestedPerMille=550 deepSkips=0 survivingAnchors=0
LogOGResimProbe: Warning: [Warning][ResimProbe.Chaos] requests=67 grants=65 refused=2 refusedPerMille=30 repeat=2 clamped=0 depthMin=5 depthMax=9
LogOGResimProbe: Warning: [Warning][ResimProbe.Apply] prepares=65 finishes=65 abandoned=0 stuck=0 replayTicks=508 replayOverruns=0 freshProtects=36 staleProtects=0
LogOGRelayProbe: Warning: [Warning][RelayProbe.Arrival] samples=120 gapCaptureTicks p50=2 p99=4 max=4 noAdvance=0 saturated=0 lostCaptureTicksX1000=0 lost=0 delivered=219 expected=219 discont=0 discontMax=0
LogOGResimProbe: Warning: [Warning][ResimProbe.Frame] role=Client simTicks=120 frames=201 meanTicksPerFrameX100=59 p50=1 p99=1 max=1 meanFrameUs=10001
LogOGResimProbe: Warning: [Warning][ResimProbe.Frame] role=Client cadence dFrame1=39 dFrame0=0 dFrameGt1=81 discont=0 numSteps total=120 max=1 gt1=0
LogOGResimProbe: Warning: [Warning][ResimProbe.Landing] class=LocallyPredicted behind=60 atFrontier=0 discarded=0 atFrontierPerMille=0 windowSamples=120
LogOGResimProbe: Warning: [Warning][ResimProbe.Landing] class=RemoteProxy behind=60 atFrontier=0 discarded=0 atFrontierPerMille=0 windowSamples=120
LogOGDivergenceProbe: Warning: [Warning][DivergenceProbe.Window] class=LocallyPredicted corrections=59 disagreed=59 ratePerMille=1000 windowSamples=120
LogOGDivergenceProbe: Warning: [Warning][DivergenceProbe.Window] class=RemoteProxy corrections=61 disagreed=61 ratePerMille=1000 windowSamples=120
LogOGRelayProbe: Warning: [Warning][RelayProbe.Read] window=[19453,19573] src=Prediction hit=48 miss=72 verifyFail=0 rung0=0 total=120
LogOGRelayProbe: Warning: [Warning][RelayProbe.Read] window=[19453,19573] src=Resim hit=431 miss=42 verifyFail=0 rung0=0 total=473
LogOGRelayProbe: Warning: [Warning][RelayProbe.Miss] window=[19453,19573] src=Prediction inSpan=0 aboveNewest=72 belowOldest=0 noProbeTick=0 miss=72
LogOGRelayProbe: Warning: [Warning][RelayProbe.Miss] window=[19453,19573] src=Resim inSpan=3 aboveNewest=39 belowOldest=0 noProbeTick=0 miss=42
LogOGRelayProbe: Warning: [Warning][RelayProbe.Delta] window=[19453,19573] src=Prediction n=120 p10=-1 p50=1 p90=2 min=-2 max=4 satLow=0 satHigh=0
LogOGRelayProbe: Warning: [Warning][RelayProbe.Delta] window=[19453,19573] src=Resim n=473 p10=-6 p50=-3 p90=0 min=-8 max=3 satLow=0 satHigh=0
LogOGRelayProbe: Warning: [Warning][RelayProbe.Stale] window=[19453,19573] maxConsecutiveFallbackRun=9 id=28409
LogOGResimProbe: Warning: [Warning][ResimProbe.Gate] checks=120 declined=54 requested=66 requestedPerMille=550 deepSkips=0 survivingAnchors=0
LogOGResimProbe: Warning: [Warning][ResimProbe.Chaos] requests=65 grants=65 refused=0 refusedPerMille=0 repeat=0 clamped=0 depthMin=5 depthMax=8
LogOGResimProbe: Warning: [Warning][ResimProbe.Apply] prepares=65 finishes=65 abandoned=0 stuck=0 replayTicks=492 replayOverruns=0 freshProtects=35 staleProtects=0
LogOGResimProbe: Warning: [Warning][ResimProbe.Frame] role=Client simTicks=120 frames=199 meanTicksPerFrameX100=60 p50=1 p99=1 max=1 meanFrameUs=9999
LogOGResimProbe: Warning: [Warning][ResimProbe.Frame] role=Client cadence dFrame1=41 dFrame0=0 dFrameGt1=79 discont=0 numSteps total=120 max=1 gt1=0
LogOGResimProbe: Warning: [Warning][ResimProbe.Landing] class=LocallyPredicted behind=60 atFrontier=0 discarded=0 atFrontierPerMille=0 windowSamples=120
LogOGResimProbe: Warning: [Warning][ResimProbe.Landing] class=RemoteProxy behind=60 atFrontier=0 discarded=0 atFrontierPerMille=0 windowSamples=120
LogOGDivergenceProbe: Warning: [Warning][DivergenceProbe.Window] class=LocallyPredicted corrections=61 disagreed=61 ratePerMille=1000 windowSamples=120
LogOGDivergenceProbe: Warning: [Warning][DivergenceProbe.Window] class=RemoteProxy corrections=59 disagreed=59 ratePerMille=1000 windowSamples=120
LogOGRelayProbe: Warning: [Warning][RelayProbe.Read] window=[19573,19693] src=Prediction hit=41 miss=79 verifyFail=0 rung0=0 total=120
LogOGRelayProbe: Warning: [Warning][RelayProbe.Read] window=[19573,19693] src=Resim hit=419 miss=54 verifyFail=0 rung0=0 total=473
LogOGRelayProbe: Warning: [Warning][RelayProbe.Miss] window=[19573,19693] src=Prediction inSpan=0 aboveNewest=79 belowOldest=0 noProbeTick=0 miss=79
LogOGRelayProbe: Warning: [Warning][RelayProbe.Miss] window=[19573,19693] src=Resim inSpan=0 aboveNewest=54 belowOldest=0 noProbeTick=0 miss=54
LogOGRelayProbe: Warning: [Warning][RelayProbe.Delta] window=[19573,19693] src=Prediction n=120 p10=-1 p50=1 p90=3 min=-3 max=4 satLow=0 satHigh=0
LogOGRelayProbe: Warning: [Warning][RelayProbe.Delta] window=[19573,19693] src=Resim n=473 p10=-6 p50=-3 p90=1 min=-8 max=4 satLow=0 satHigh=0
LogOGRelayProbe: Warning: [Warning][RelayProbe.Stale] window=[19573,19693] maxConsecutiveFallbackRun=16 id=28409
LogOGResimProbe: Warning: [Warning][ResimProbe.Gate] checks=120 declined=58 requested=62 requestedPerMille=517 deepSkips=0 survivingAnchors=0
LogOGResimProbe: Warning: [Warning][ResimProbe.Chaos] requests=62 grants=62 refused=0 refusedPerMille=0 repeat=0 clamped=0 depthMin=5 depthMax=8
LogOGResimProbe: Warning: [Warning][ResimProbe.Apply] prepares=62 finishes=62 abandoned=0 stuck=0 replayTicks=473 replayOverruns=0 freshProtects=36 staleProtects=1
LogOGRelayProbe: Warning: [Warning][RelayProbe.Arrival] samples=120 gapCaptureTicks p50=2 p99=5 max=5 noAdvance=0 saturated=0 lostCaptureTicksX1000=13 lost=3 delivered=220 expected=223 discont=0 discontMax=0
LogOGResimProbe: Warning: [Warning][ResimProbe.Frame] role=Client simTicks=120 frames=200 meanTicksPerFrameX100=60 p50=1 p99=1 max=1 meanFrameUs=10000
LogOGResimProbe: Warning: [Warning][ResimProbe.Frame] role=Client cadence dFrame1=40 dFrame0=0 dFrameGt1=80 discont=0 numSteps total=120 max=1 gt1=0
LogOGResimProbe: Warning: [Warning][ResimProbe.Landing] class=LocallyPredicted behind=62 atFrontier=0 discarded=0 atFrontierPerMille=0 windowSamples=120
LogOGResimProbe: Warning: [Warning][ResimProbe.Landing] class=RemoteProxy behind=58 atFrontier=0 discarded=0 atFrontierPerMille=0 windowSamples=120
LogOGDivergenceProbe: Warning: [Warning][DivergenceProbe.Window] class=LocallyPredicted corrections=61 disagreed=61 ratePerMille=1000 windowSamples=120
LogOGDivergenceProbe: Warning: [Warning][DivergenceProbe.Window] class=RemoteProxy corrections=59 disagreed=59 ratePerMille=1000 windowSamples=120
LogOGRelayProbe: Warning: [Warning][RelayProbe.Read] window=[19693,19813] src=Prediction hit=56 miss=64 verifyFail=0 rung0=0 total=120
LogOGRelayProbe: Warning: [Warning][RelayProbe.Read] window=[19693,19813] src=Resim hit=402 miss=35 verifyFail=0 rung0=0 total=437
LogOGRelayProbe: Warning: [Warning][RelayProbe.Miss] window=[19693,19813] src=Prediction inSpan=0 aboveNewest=64 belowOldest=0 noProbeTick=0 miss=64
LogOGRelayProbe: Warning: [Warning][RelayProbe.Miss] window=[19693,19813] src=Resim inSpan=2 aboveNewest=33 belowOldest=0 noProbeTick=0 miss=35
LogOGRelayProbe: Warning: [Warning][RelayProbe.Delta] window=[19693,19813] src=Prediction n=120 p10=-1 p50=1 p90=2 min=-3 max=4 satLow=0 satHigh=0
LogOGRelayProbe: Warning: [Warning][RelayProbe.Delta] window=[19693,19813] src=Resim n=437 p10=-6 p50=-3 p90=0 min=-8 max=3 satLow=0 satHigh=0
LogOGRelayProbe: Warning: [Warning][RelayProbe.Stale] window=[19693,19813] maxConsecutiveFallbackRun=7 id=28409
LogOGResimProbe: Warning: [Warning][ResimProbe.Gate] checks=120 declined=56 requested=64 requestedPerMille=533 deepSkips=0 survivingAnchors=0
LogOGResimProbe: Warning: [Warning][ResimProbe.Chaos] requests=64 grants=62 refused=2 refusedPerMille=31 repeat=2 clamped=0 depthMin=5 depthMax=8
LogOGResimProbe: Warning: [Warning][ResimProbe.Apply] prepares=62 finishes=62 abandoned=0 stuck=0 replayTicks=457 replayOverruns=0 freshProtects=35 staleProtects=0
LogOGResimProbe: Warning: [Warning][ResimProbe.Frame] role=Client simTicks=120 frames=200 meanTicksPerFrameX100=60 p50=1 p99=1 max=1 meanFrameUs=10000
LogOGResimProbe: Warning: [Warning][ResimProbe.Frame] role=Client cadence dFrame1=40 dFrame0=0 dFrameGt1=80 discont=0 numSteps total=120 max=1 gt1=0
LogOGResimProbe: Warning: [Warning][ResimProbe.Landing] class=LocallyPredicted behind=60 atFrontier=0 discarded=0 atFrontierPerMille=0 windowSamples=120
LogOGResimProbe: Warning: [Warning][ResimProbe.Landing] class=RemoteProxy behind=60 atFrontier=0 discarded=0 atFrontierPerMille=0 windowSamples=120
LogOGDivergenceProbe: Warning: [Warning][DivergenceProbe.Window] class=LocallyPredicted corrections=60 disagreed=60 ratePerMille=1000 windowSamples=120
LogOGDivergenceProbe: Warning: [Warning][DivergenceProbe.Window] class=RemoteProxy corrections=60 disagreed=60 ratePerMille=1000 windowSamples=120
LogOGRelayProbe: Warning: [Warning][RelayProbe.Read] window=[19813,19933] src=Prediction hit=52 miss=68 verifyFail=0 rung0=0 total=120
LogOGRelayProbe: Warning: [Warning][RelayProbe.Read] window=[19813,19933] src=Resim hit=406 miss=46 verifyFail=0 rung0=0 total=452
LogOGRelayProbe: Warning: [Warning][RelayProbe.Miss] window=[19813,19933] src=Prediction inSpan=0 aboveNewest=68 belowOldest=0 noProbeTick=0 miss=68
LogOGRelayProbe: Warning: [Warning][RelayProbe.Miss] window=[19813,19933] src=Resim inSpan=0 aboveNewest=46 belowOldest=0 noProbeTick=0 miss=46
LogOGRelayProbe: Warning: [Warning][RelayProbe.Delta] window=[19813,19933] src=Prediction n=120 p10=-1 p50=1 p90=3 min=-3 max=4 satLow=0 satHigh=0
LogOGRelayProbe: Warning: [Warning][RelayProbe.Delta] window=[19813,19933] src=Resim n=452 p10=-6 p50=-3 p90=1 min=-8 max=3 satLow=0 satHigh=0
LogOGRelayProbe: Warning: [Warning][RelayProbe.Stale] window=[19813,19933] maxConsecutiveFallbackRun=10 id=28409
LogOGResimProbe: Warning: [Warning][ResimProbe.Gate] checks=120 declined=57 requested=63 requestedPerMille=525 deepSkips=0 survivingAnchors=0
LogOGResimProbe: Warning: [Warning][ResimProbe.Chaos] requests=63 grants=63 refused=0 refusedPerMille=0 repeat=0 clamped=0 depthMin=4 depthMax=8
LogOGResimProbe: Warning: [Warning][ResimProbe.Apply] prepares=63 finishes=63 abandoned=0 stuck=0 replayTicks=472 replayOverruns=0 freshProtects=40 staleProtects=0
LogOGRelayProbe: Warning: [Warning][RelayProbe.Arrival] samples=120 gapCaptureTicks p50=2 p99=4 max=4 noAdvance=0 saturated=0 lostCaptureTicksX1000=0 lost=0 delivered=230 expected=230 discont=0 discontMax=0
LogOGResimProbe: Warning: [Warning][ResimProbe.Frame] role=Client simTicks=120 frames=200 meanTicksPerFrameX100=60 p50=1 p99=1 max=1 meanFrameUs=10000
LogOGResimProbe: Warning: [Warning][ResimProbe.Frame] role=Client cadence dFrame1=40 dFrame0=0 dFrameGt1=80 discont=0 numSteps total=120 max=1 gt1=0
LogOGResimProbe: Warning: [Warning][ResimProbe.Landing] class=LocallyPredicted behind=59 atFrontier=0 discarded=0 atFrontierPerMille=0 windowSamples=120
LogOGResimProbe: Warning: [Warning][ResimProbe.Landing] class=RemoteProxy behind=61 atFrontier=0 discarded=0 atFrontierPerMille=0 windowSamples=120
LogOGDivergenceProbe: Warning: [Warning][DivergenceProbe.Window] class=LocallyPredicted corrections=59 disagreed=59 ratePerMille=1000 windowSamples=120
LogOGDivergenceProbe: Warning: [Warning][DivergenceProbe.Window] class=RemoteProxy corrections=61 disagreed=61 ratePerMille=1000 windowSamples=120
LogOGRelayProbe: Warning: [Warning][RelayProbe.Read] window=[19933,20053] src=Prediction hit=60 miss=60 verifyFail=0 rung0=0 total=120
LogOGRelayProbe: Warning: [Warning][RelayProbe.Read] window=[19933,20053] src=Resim hit=390 miss=33 verifyFail=0 rung0=0 total=423
LogOGRelayProbe: Warning: [Warning][RelayProbe.Miss] window=[19933,20053] src=Prediction inSpan=0 aboveNewest=60 belowOldest=0 noProbeTick=0 miss=60
LogOGRelayProbe: Warning: [Warning][RelayProbe.Miss] window=[19933,20053] src=Resim inSpan=0 aboveNewest=33 belowOldest=0 noProbeTick=0 miss=33
LogOGRelayProbe: Warning: [Warning][RelayProbe.Delta] window=[19933,20053] src=Prediction n=120 p10=-1 p50=0 p90=2 min=-2 max=5 satLow=0 satHigh=0
LogOGRelayProbe: Warning: [Warning][RelayProbe.Delta] window=[19933,20053] src=Resim n=423 p10=-6 p50=-3 p90=0 min=-8 max=4 satLow=0 satHigh=0
LogOGRelayProbe: Warning: [Warning][RelayProbe.Stale] window=[19933,20053] maxConsecutiveFallbackRun=7 id=28409
LogOGResimProbe: Warning: [Warning][ResimProbe.Gate] checks=120 declined=61 requested=59 requestedPerMille=492 deepSkips=0 survivingAnchors=0
LogOGResimProbe: Warning: [Warning][ResimProbe.Chaos] requests=60 grants=60 refused=0 refusedPerMille=0 repeat=0 clamped=0 depthMin=5 depthMax=8
LogOGResimProbe: Warning: [Warning][ResimProbe.Apply] prepares=60 finishes=60 abandoned=0 stuck=0 replayTicks=443 replayOverruns=0 freshProtects=37 staleProtects=0
LogOGResimProbe: Warning: [Warning][ResimProbe.Frame] role=Client simTicks=120 frames=200 meanTicksPerFrameX100=60 p50=1 p99=1 max=1 meanFrameUs=10000
LogOGResimProbe: Warning: [Warning][ResimProbe.Frame] role=Client cadence dFrame1=40 dFrame0=0 dFrameGt1=80 discont=0 numSteps total=120 max=1 gt1=0
LogOGResimProbe: Warning: [Warning][ResimProbe.Landing] class=LocallyPredicted behind=60 atFrontier=0 discarded=0 atFrontierPerMille=0 windowSamples=120
LogOGResimProbe: Warning: [Warning][ResimProbe.Landing] class=RemoteProxy behind=60 atFrontier=0 discarded=0 atFrontierPerMille=0 windowSamples=120
LogOGDivergenceProbe: Warning: [Warning][DivergenceProbe.Window] class=LocallyPredicted corrections=61 disagreed=61 ratePerMille=1000 windowSamples=120
LogOGDivergenceProbe: Warning: [Warning][DivergenceProbe.Window] class=RemoteProxy corrections=59 disagreed=59 ratePerMille=1000 windowSamples=120
LogOGRelayProbe: Warning: [Warning][RelayProbe.Arrival] samples=120 gapCaptureTicks p50=2 p99=4 max=5 noAdvance=0 saturated=0 lostCaptureTicksX1000=0 lost=0 delivered=221 expected=221 discont=0 discontMax=0
LogOGRelayProbe: Warning: [Warning][RelayProbe.Read] window=[20053,20173] src=Prediction hit=38 miss=82 verifyFail=0 rung0=0 total=120
LogOGRelayProbe: Warning: [Warning][RelayProbe.Read] window=[20053,20173] src=Resim hit=443 miss=56 verifyFail=0 rung0=0 total=499
LogOGRelayProbe: Warning: [Warning][RelayProbe.Miss] window=[20053,20173] src=Prediction inSpan=0 aboveNewest=82 belowOldest=0 noProbeTick=0 miss=82
LogOGRelayProbe: Warning: [Warning][RelayProbe.Miss] window=[20053,20173] src=Resim inSpan=0 aboveNewest=56 belowOldest=0 noProbeTick=0 miss=56
LogOGRelayProbe: Warning: [Warning][RelayProbe.Delta] window=[20053,20173] src=Prediction n=120 p10=-1 p50=1 p90=2 min=-2 max=4 satLow=0 satHigh=0
LogOGRelayProbe: Warning: [Warning][RelayProbe.Delta] window=[20053,20173] src=Resim n=499 p10=-6 p50=-3 p90=1 min=-8 max=4 satLow=0 satHigh=0
LogOGRelayProbe: Warning: [Warning][RelayProbe.Stale] window=[20053,20173] maxConsecutiveFallbackRun=9 id=28409
LogOGResimProbe: Warning: [Warning][ResimProbe.Gate] checks=120 declined=53 requested=67 requestedPerMille=558 deepSkips=0 survivingAnchors=0
LogOGResimProbe: Warning: [Warning][ResimProbe.Chaos] requests=67 grants=67 refused=0 refusedPerMille=0 repeat=0 clamped=0 depthMin=4 depthMax=8
LogOGResimProbe: Warning: [Warning][ResimProbe.Apply] prepares=67 finishes=67 abandoned=0 stuck=0 replayTicks=504 replayOverruns=0 freshProtects=33 staleProtects=0
LogOGResimProbe: Warning: [Warning][ResimProbe.Frame] role=Client simTicks=120 frames=200 meanTicksPerFrameX100=60 p50=1 p99=1 max=1 meanFrameUs=9999
LogOGResimProbe: Warning: [Warning][ResimProbe.Frame] role=Client cadence dFrame1=40 dFrame0=0 dFrameGt1=80 discont=0 numSteps total=120 max=1 gt1=0
LogOGResimProbe: Warning: [Warning][ResimProbe.Landing] class=LocallyPredicted behind=60 atFrontier=0 discarded=0 atFrontierPerMille=0 windowSamples=120
LogOGResimProbe: Warning: [Warning][ResimProbe.Landing] class=RemoteProxy behind=60 atFrontier=0 discarded=0 atFrontierPerMille=0 windowSamples=120
LogOGDivergenceProbe: Warning: [Warning][DivergenceProbe.Window] class=LocallyPredicted corrections=60 disagreed=60 ratePerMille=1000 windowSamples=120
LogOGDivergenceProbe: Warning: [Warning][DivergenceProbe.Window] class=RemoteProxy corrections=60 disagreed=60 ratePerMille=1000 windowSamples=120
LogOGRelayProbe: Warning: [Warning][RelayProbe.Read] window=[20173,20293] src=Prediction hit=39 miss=81 verifyFail=0 rung0=0 total=120
LogOGRelayProbe: Warning: [Warning][RelayProbe.Read] window=[20173,20293] src=Resim hit=437 miss=76 verifyFail=0 rung0=0 total=513
LogOGRelayProbe: Warning: [Warning][RelayProbe.Miss] window=[20173,20293] src=Prediction inSpan=0 aboveNewest=81 belowOldest=0 noProbeTick=0 miss=81
LogOGRelayProbe: Warning: [Warning][RelayProbe.Miss] window=[20173,20293] src=Resim inSpan=0 aboveNewest=76 belowOldest=0 noProbeTick=0 miss=76
LogOGRelayProbe: Warning: [Warning][RelayProbe.Delta] window=[20173,20293] src=Prediction n=120 p10=-1 p50=1 p90=3 min=-2 max=4 satLow=0 satHigh=0
LogOGRelayProbe: Warning: [Warning][RelayProbe.Delta] window=[20173,20293] src=Resim n=513 p10=-5 p50=-2 p90=1 min=-8 max=4 satLow=0 satHigh=0
LogOGRelayProbe: Warning: [Warning][RelayProbe.Stale] window=[20173,20293] maxConsecutiveFallbackRun=13 id=28409
LogOGResimProbe: Warning: [Warning][ResimProbe.Gate] checks=120 declined=50 requested=70 requestedPerMille=583 deepSkips=0 survivingAnchors=0
LogOGResimProbe: Warning: [Warning][ResimProbe.Chaos] requests=69 grants=69 refused=0 refusedPerMille=0 repeat=0 clamped=0 depthMin=4 depthMax=8
LogOGResimProbe: Warning: [Warning][ResimProbe.Apply] prepares=69 finishes=69 abandoned=0 stuck=0 replayTicks=528 replayOverruns=0 freshProtects=31 staleProtects=0
LogOGResimProbe: Warning: [Warning][ResimProbe.Frame] role=Client simTicks=120 frames=200 meanTicksPerFrameX100=60 p50=1 p99=1 max=1 meanFrameUs=10000
LogOGResimProbe: Warning: [Warning][ResimProbe.Frame] role=Client cadence dFrame1=40 dFrame0=0 dFrameGt1=80 discont=0 numSteps total=120 max=1 gt1=0
LogOGRelayProbe: Warning: [Warning][RelayProbe.Arrival] samples=120 gapCaptureTicks p50=2 p99=4 max=4 noAdvance=0 saturated=0 lostCaptureTicksX1000=4 lost=1 delivered=225 expected=226 discont=0 discontMax=0
LogOGResimProbe: Warning: [Warning][ResimProbe.Landing] class=LocallyPredicted behind=61 atFrontier=0 discarded=0 atFrontierPerMille=0 windowSamples=120
LogOGResimProbe: Warning: [Warning][ResimProbe.Landing] class=RemoteProxy behind=59 atFrontier=0 discarded=0 atFrontierPerMille=0 windowSamples=120
LogOGDivergenceProbe: Warning: [Warning][DivergenceProbe.Window] class=LocallyPredicted corrections=60 disagreed=60 ratePerMille=1000 windowSamples=120
LogOGDivergenceProbe: Warning: [Warning][DivergenceProbe.Window] class=RemoteProxy corrections=60 disagreed=60 ratePerMille=1000 windowSamples=120
LogOGRelayProbe: Warning: [Warning][RelayProbe.Read] window=[20293,20413] src=Prediction hit=50 miss=70 verifyFail=0 rung0=0 total=120
LogOGRelayProbe: Warning: [Warning][RelayProbe.Read] window=[20293,20413] src=Resim hit=412 miss=52 verifyFail=0 rung0=0 total=464
LogOGRelayProbe: Warning: [Warning][RelayProbe.Miss] window=[20293,20413] src=Prediction inSpan=0 aboveNewest=70 belowOldest=0 noProbeTick=0 miss=70
LogOGRelayProbe: Warning: [Warning][RelayProbe.Miss] window=[20293,20413] src=Resim inSpan=1 aboveNewest=51 belowOldest=0 noProbeTick=0 miss=52
LogOGRelayProbe: Warning: [Warning][RelayProbe.Delta] window=[20293,20413] src=Prediction n=120 p10=-1 p50=1 p90=3 min=-2 max=4 satLow=0 satHigh=0
LogOGRelayProbe: Warning: [Warning][RelayProbe.Delta] window=[20293,20413] src=Resim n=464 p10=-6 p50=-3 p90=1 min=-9 max=3 satLow=0 satHigh=0
LogOGRelayProbe: Warning: [Warning][RelayProbe.Stale] window=[20293,20413] maxConsecutiveFallbackRun=13 id=28409
LogOGResimProbe: Warning: [Warning][ResimProbe.Gate] checks=120 declined=56 requested=64 requestedPerMille=533 deepSkips=0 survivingAnchors=0
LogOGResimProbe: Warning: [Warning][ResimProbe.Chaos] requests=64 grants=64 refused=0 refusedPerMille=0 repeat=0 clamped=0 depthMin=5 depthMax=8
LogOGResimProbe: Warning: [Warning][ResimProbe.Apply] prepares=64 finishes=64 abandoned=0 stuck=0 replayTicks=483 replayOverruns=0 freshProtects=35 staleProtects=0
LogOGResimProbe: Warning: [Warning][ResimProbe.Frame] role=Client simTicks=120 frames=200 meanTicksPerFrameX100=60 p50=1 p99=1 max=1 meanFrameUs=10001
LogOGResimProbe: Warning: [Warning][ResimProbe.Frame] role=Client cadence dFrame1=40 dFrame0=0 dFrameGt1=80 discont=0 numSteps total=120 max=1 gt1=0
LogOGResimProbe: Warning: [Warning][ResimProbe.Landing] class=LocallyPredicted behind=59 atFrontier=0 discarded=0 atFrontierPerMille=0 windowSamples=120
LogOGResimProbe: Warning: [Warning][ResimProbe.Landing] class=RemoteProxy behind=61 atFrontier=0 discarded=0 atFrontierPerMille=0 windowSamples=120
LogOGDivergenceProbe: Warning: [Warning][DivergenceProbe.Window] class=LocallyPredicted corrections=60 disagreed=60 ratePerMille=1000 windowSamples=120
LogOGDivergenceProbe: Warning: [Warning][DivergenceProbe.Window] class=RemoteProxy corrections=60 disagreed=60 ratePerMille=1000 windowSamples=120
LogOGRelayProbe: Warning: [Warning][RelayProbe.Read] window=[20413,20533] src=Prediction hit=45 miss=75 verifyFail=0 rung0=0 total=120
LogOGRelayProbe: Warning: [Warning][RelayProbe.Read] window=[20413,20533] src=Resim hit=415 miss=47 verifyFail=0 rung0=0 total=462
LogOGRelayProbe: Warning: [Warning][RelayProbe.Miss] window=[20413,20533] src=Prediction inSpan=0 aboveNewest=75 belowOldest=0 noProbeTick=0 miss=75
LogOGRelayProbe: Warning: [Warning][RelayProbe.Miss] window=[20413,20533] src=Resim inSpan=0 aboveNewest=47 belowOldest=0 noProbeTick=0 miss=47
LogOGRelayProbe: Warning: [Warning][RelayProbe.Delta] window=[20413,20533] src=Prediction n=120 p10=-1 p50=1 p90=3 min=-2 max=4 satLow=0 satHigh=0
LogOGRelayProbe: Warning: [Warning][RelayProbe.Delta] window=[20413,20533] src=Resim n=462 p10=-6 p50=-3 p90=1 min=-7 max=3 satLow=0 satHigh=0
LogOGRelayProbe: Warning: [Warning][RelayProbe.Stale] window=[20413,20533] maxConsecutiveFallbackRun=10 id=28409
LogOGResimProbe: Warning: [Warning][ResimProbe.Gate] checks=120 declined=57 requested=63 requestedPerMille=525 deepSkips=0 survivingAnchors=0
LogOGResimProbe: Warning: [Warning][ResimProbe.Chaos] requests=64 grants=64 refused=0 refusedPerMille=0 repeat=0 clamped=0 depthMin=4 depthMax=8
LogOGResimProbe: Warning: [Warning][ResimProbe.Apply] prepares=64 finishes=64 abandoned=0 stuck=0 replayTicks=478 replayOverruns=0 freshProtects=36 staleProtects=0
LogOGResimProbe: Warning: [Warning][ResimProbe.Frame] role=Client simTicks=120 frames=200 meanTicksPerFrameX100=60 p50=1 p99=1 max=1 meanFrameUs=9999
LogOGResimProbe: Warning: [Warning][ResimProbe.Frame] role=Client cadence dFrame1=40 dFrame0=0 dFrameGt1=80 discont=0 numSteps total=120 max=1 gt1=0
LogOGRelayProbe: Warning: [Warning][RelayProbe.Arrival] samples=120 gapCaptureTicks p50=2 p99=4 max=5 noAdvance=0 saturated=0 lostCaptureTicksX1000=4 lost=1 delivered=232 expected=233 discont=0 discontMax=0
LogOGResimProbe: Warning: [Warning][ResimProbe.Landing] class=LocallyPredicted behind=60 atFrontier=0 discarded=0 atFrontierPerMille=0 windowSamples=120
LogOGResimProbe: Warning: [Warning][ResimProbe.Landing] class=RemoteProxy behind=60 atFrontier=0 discarded=0 atFrontierPerMille=0 windowSamples=120
LogOGDivergenceProbe: Warning: [Warning][DivergenceProbe.Window] class=LocallyPredicted corrections=60 disagreed=60 ratePerMille=1000 windowSamples=120
LogOGDivergenceProbe: Warning: [Warning][DivergenceProbe.Window] class=RemoteProxy corrections=60 disagreed=60 ratePerMille=1000 windowSamples=120
LogOGRelayProbe: Warning: [Warning][RelayProbe.Read] window=[20533,20653] src=Prediction hit=48 miss=72 verifyFail=0 rung0=0 total=120
LogOGRelayProbe: Warning: [Warning][RelayProbe.Read] window=[20533,20653] src=Resim hit=407 miss=41 verifyFail=0 rung0=0 total=448
LogOGRelayProbe: Warning: [Warning][RelayProbe.Miss] window=[20533,20653] src=Prediction inSpan=0 aboveNewest=72 belowOldest=0 noProbeTick=0 miss=72
LogOGRelayProbe: Warning: [Warning][RelayProbe.Miss] window=[20533,20653] src=Resim inSpan=4 aboveNewest=37 belowOldest=0 noProbeTick=0 miss=41
LogOGRelayProbe: Warning: [Warning][RelayProbe.Delta] window=[20533,20653] src=Prediction n=120 p10=-1 p50=1 p90=2 min=-3 max=4 satLow=0 satHigh=0
LogOGRelayProbe: Warning: [Warning][RelayProbe.Delta] window=[20533,20653] src=Resim n=448 p10=-6 p50=-3 p90=0 min=-8 max=3 satLow=0 satHigh=0
LogOGRelayProbe: Warning: [Warning][RelayProbe.Stale] window=[20533,20653] maxConsecutiveFallbackRun=12 id=28409
LogOGResimProbe: Warning: [Warning][ResimProbe.Gate] checks=120 declined=54 requested=66 requestedPerMille=550 deepSkips=0 survivingAnchors=0
LogOGResimProbe: Warning: [Warning][ResimProbe.Chaos] requests=65 grants=65 refused=0 refusedPerMille=0 repeat=0 clamped=0 depthMin=4 depthMax=8
LogOGResimProbe: Warning: [Warning][ResimProbe.Apply] prepares=65 finishes=65 abandoned=0 stuck=0 replayTicks=472 replayOverruns=0 freshProtects=34 staleProtects=0
LogOGResimProbe: Warning: [Warning][ResimProbe.Frame] role=Client simTicks=120 frames=200 meanTicksPerFrameX100=60 p50=1 p99=1 max=1 meanFrameUs=10000
LogOGResimProbe: Warning: [Warning][ResimProbe.Frame] role=Client cadence dFrame1=40 dFrame0=0 dFrameGt1=80 discont=0 numSteps total=120 max=1 gt1=0
LogOGResimProbe: Warning: [Warning][ResimProbe.Landing] class=LocallyPredicted behind=60 atFrontier=0 discarded=0 atFrontierPerMille=0 windowSamples=120
LogOGResimProbe: Warning: [Warning][ResimProbe.Landing] class=RemoteProxy behind=60 atFrontier=0 discarded=0 atFrontierPerMille=0 windowSamples=120
LogOGDivergenceProbe: Warning: [Warning][DivergenceProbe.Window] class=LocallyPredicted corrections=60 disagreed=60 ratePerMille=1000 windowSamples=120
LogOGDivergenceProbe: Warning: [Warning][DivergenceProbe.Window] class=RemoteProxy corrections=60 disagreed=60 ratePerMille=1000 windowSamples=120
LogOGRelayProbe: Warning: [Warning][RelayProbe.Read] window=[20653,20773] src=Prediction hit=49 miss=71 verifyFail=0 rung0=0 total=120
LogOGRelayProbe: Warning: [Warning][RelayProbe.Read] window=[20653,20773] src=Resim hit=396 miss=56 verifyFail=0 rung0=0 total=452
LogOGRelayProbe: Warning: [Warning][RelayProbe.Miss] window=[20653,20773] src=Prediction inSpan=0 aboveNewest=71 belowOldest=0 noProbeTick=0 miss=71
LogOGRelayProbe: Warning: [Warning][RelayProbe.Miss] window=[20653,20773] src=Resim inSpan=4 aboveNewest=52 belowOldest=0 noProbeTick=0 miss=56
LogOGRelayProbe: Warning: [Warning][RelayProbe.Delta] window=[20653,20773] src=Prediction n=120 p10=-1 p50=1 p90=2 min=-3 max=4 satLow=0 satHigh=0
LogOGRelayProbe: Warning: [Warning][RelayProbe.Delta] window=[20653,20773] src=Resim n=452 p10=-6 p50=-3 p90=1 min=-8 max=4 satLow=0 satHigh=0
LogOGRelayProbe: Warning: [Warning][RelayProbe.Stale] window=[20653,20773] maxConsecutiveFallbackRun=11 id=28409
LogOGResimProbe: Warning: [Warning][ResimProbe.Gate] checks=120 declined=59 requested=61 requestedPerMille=508 deepSkips=0 survivingAnchors=0
LogOGResimProbe: Warning: [Warning][ResimProbe.Chaos] requests=62 grants=62 refused=0 refusedPerMille=0 repeat=0 clamped=0 depthMin=4 depthMax=8
LogOGResimProbe: Warning: [Warning][ResimProbe.Apply] prepares=62 finishes=62 abandoned=0 stuck=0 replayTicks=466 replayOverruns=0 freshProtects=32 staleProtects=0
LogOGResimProbe: Warning: [Warning][ResimProbe.Frame] role=Client simTicks=120 frames=201 meanTicksPerFrameX100=59 p50=1 p99=1 max=1 meanFrameUs=10000
LogOGResimProbe: Warning: [Warning][ResimProbe.Frame] role=Client cadence dFrame1=39 dFrame0=0 dFrameGt1=81 discont=0 numSteps total=120 max=1 gt1=0
LogOGRelayProbe: Warning: [Warning][RelayProbe.Arrival] samples=120 gapCaptureTicks p50=2 p99=4 max=5 noAdvance=0 saturated=0 lostCaptureTicksX1000=31 lost=7 delivered=213 expected=220 discont=0 discontMax=0
LogOGResimProbe: Warning: [Warning][ResimProbe.Landing] class=LocallyPredicted behind=59 atFrontier=0 discarded=0 atFrontierPerMille=0 windowSamples=120
LogOGResimProbe: Warning: [Warning][ResimProbe.Landing] class=RemoteProxy behind=61 atFrontier=0 discarded=0 atFrontierPerMille=0 windowSamples=120
LogOGDivergenceProbe: Warning: [Warning][DivergenceProbe.Window] class=LocallyPredicted corrections=58 disagreed=58 ratePerMille=1000 windowSamples=120
LogOGDivergenceProbe: Warning: [Warning][DivergenceProbe.Window] class=RemoteProxy corrections=62 disagreed=62 ratePerMille=1000 windowSamples=120
LogOGRelayProbe: Warning: [Warning][RelayProbe.Read] window=[20773,20893] src=Prediction hit=54 miss=66 verifyFail=0 rung0=0 total=120
LogOGRelayProbe: Warning: [Warning][RelayProbe.Read] window=[20773,20893] src=Resim hit=395 miss=47 verifyFail=0 rung0=0 total=442
LogOGRelayProbe: Warning: [Warning][RelayProbe.Miss] window=[20773,20893] src=Prediction inSpan=0 aboveNewest=66 belowOldest=0 noProbeTick=0 miss=66
LogOGRelayProbe: Warning: [Warning][RelayProbe.Miss] window=[20773,20893] src=Resim inSpan=16 aboveNewest=31 belowOldest=0 noProbeTick=0 miss=47
LogOGRelayProbe: Warning: [Warning][RelayProbe.Delta] window=[20773,20893] src=Prediction n=120 p10=-1 p50=1 p90=2 min=-3 max=4 satLow=0 satHigh=0
LogOGRelayProbe: Warning: [Warning][RelayProbe.Delta] window=[20773,20893] src=Resim n=442 p10=-6 p50=-3 p90=0 min=-8 max=2 satLow=0 satHigh=0
LogOGRelayProbe: Warning: [Warning][RelayProbe.Stale] window=[20773,20893] maxConsecutiveFallbackRun=8 id=28409
LogOGResimProbe: Warning: [Warning][ResimProbe.Gate] checks=120 declined=56 requested=64 requestedPerMille=533 deepSkips=0 survivingAnchors=0
LogOGResimProbe: Warning: [Warning][ResimProbe.Chaos] requests=63 grants=63 refused=0 refusedPerMille=0 repeat=0 clamped=0 depthMin=5 depthMax=8
LogOGResimProbe: Warning: [Warning][ResimProbe.Apply] prepares=63 finishes=63 abandoned=0 stuck=0 replayTicks=453 replayOverruns=0 freshProtects=39 staleProtects=0
LogOGResimProbe: Warning: [Warning][ResimProbe.Frame] role=Client simTicks=120 frames=200 meanTicksPerFrameX100=60 p50=1 p99=1 max=1 meanFrameUs=9999
LogOGResimProbe: Warning: [Warning][ResimProbe.Frame] role=Client cadence dFrame1=40 dFrame0=0 dFrameGt1=80 discont=0 numSteps total=120 max=1 gt1=0
LogOGResimProbe: Warning: [Warning][ResimProbe.Landing] class=LocallyPredicted behind=61 atFrontier=0 discarded=0 atFrontierPerMille=0 windowSamples=120
LogOGResimProbe: Warning: [Warning][ResimProbe.Landing] class=RemoteProxy behind=59 atFrontier=0 discarded=0 atFrontierPerMille=0 windowSamples=120
LogOGRelayProbe: Warning: [Warning][RelayProbe.Read] window=[20893,21013] src=Prediction hit=53 miss=67 verifyFail=0 rung0=0 total=120
LogOGRelayProbe: Warning: [Warning][RelayProbe.Read] window=[20893,21013] src=Resim hit=348 miss=41 verifyFail=0 rung0=0 total=389
LogOGRelayProbe: Warning: [Warning][RelayProbe.Miss] window=[20893,21013] src=Prediction inSpan=0 aboveNewest=67 belowOldest=0 noProbeTick=0 miss=67
LogOGRelayProbe: Warning: [Warning][RelayProbe.Miss] window=[20893,21013] src=Resim inSpan=11 aboveNewest=30 belowOldest=0 noProbeTick=0 miss=41
LogOGRelayProbe: Warning: [Warning][RelayProbe.Delta] window=[20893,21013] src=Prediction n=120 p10=-1 p50=1 p90=2 min=-2 max=6 satLow=0 satHigh=0
LogOGRelayProbe: Warning: [Warning][RelayProbe.Delta] window=[20893,21013] src=Resim n=389 p10=-6 p50=-3 p90=0 min=-9 max=4 satLow=0 satHigh=0
LogOGRelayProbe: Warning: [Warning][RelayProbe.Stale] window=[20893,21013] maxConsecutiveFallbackRun=10 id=28409
LogOGDivergenceProbe: Warning: [Warning][DivergenceProbe.Window] class=LocallyPredicted corrections=62 disagreed=62 ratePerMille=1000 windowSamples=120
LogOGDivergenceProbe: Warning: [Warning][DivergenceProbe.Window] class=RemoteProxy corrections=58 disagreed=58 ratePerMille=1000 windowSamples=120
LogOGResimProbe: Warning: [Warning][ResimProbe.Gate] checks=120 declined=63 requested=57 requestedPerMille=475 deepSkips=0 survivingAnchors=0
LogOGResimProbe: Warning: [Warning][ResimProbe.Chaos] requests=58 grants=54 refused=4 refusedPerMille=69 repeat=4 clamped=0 depthMin=5 depthMax=9
LogOGResimProbe: Warning: [Warning][ResimProbe.Apply] prepares=54 finishes=54 abandoned=0 stuck=0 replayTicks=412 replayOverruns=0 freshProtects=37 staleProtects=1
LogOGResimProbe: Warning: [Warning][ResimProbe.Frame] role=Client simTicks=120 frames=200 meanTicksPerFrameX100=60 p50=1 p99=1 max=1 meanFrameUs=10001
LogOGResimProbe: Warning: [Warning][ResimProbe.Frame] role=Client cadence dFrame1=40 dFrame0=0 dFrameGt1=80 discont=0 numSteps total=120 max=1 gt1=0
LogOGRelayProbe: Warning: [Warning][RelayProbe.Arrival] samples=120 gapCaptureTicks p50=2 p99=5 max=5 noAdvance=0 saturated=0 lostCaptureTicksX1000=30 lost=7 delivered=226 expected=233 discont=0 discontMax=0
LogOGResimProbe: Warning: [Warning][ResimProbe.Landing] class=LocallyPredicted behind=60 atFrontier=0 discarded=0 atFrontierPerMille=0 windowSamples=120
LogOGResimProbe: Warning: [Warning][ResimProbe.Landing] class=RemoteProxy behind=60 atFrontier=0 discarded=0 atFrontierPerMille=0 windowSamples=120
LogOGDivergenceProbe: Warning: [Warning][DivergenceProbe.Window] class=LocallyPredicted corrections=59 disagreed=59 ratePerMille=1000 windowSamples=120
LogOGDivergenceProbe: Warning: [Warning][DivergenceProbe.Window] class=RemoteProxy corrections=61 disagreed=61 ratePerMille=1000 windowSamples=120
LogOGRelayProbe: Warning: [Warning][RelayProbe.Read] window=[21013,21133] src=Prediction hit=43 miss=77 verifyFail=0 rung0=0 total=120
LogOGRelayProbe: Warning: [Warning][RelayProbe.Read] window=[21013,21133] src=Resim hit=392 miss=50 verifyFail=0 rung0=0 total=442
LogOGRelayProbe: Warning: [Warning][RelayProbe.Miss] window=[21013,21133] src=Prediction inSpan=0 aboveNewest=77 belowOldest=0 noProbeTick=0 miss=77
LogOGRelayProbe: Warning: [Warning][RelayProbe.Miss] window=[21013,21133] src=Resim inSpan=7 aboveNewest=43 belowOldest=0 noProbeTick=0 miss=50
LogOGRelayProbe: Warning: [Warning][RelayProbe.Delta] window=[21013,21133] src=Prediction n=120 p10=-1 p50=1 p90=2 min=-3 max=4 satLow=0 satHigh=0
LogOGRelayProbe: Warning: [Warning][RelayProbe.Delta] window=[21013,21133] src=Resim n=442 p10=-6 p50=-3 p90=0 min=-9 max=4 satLow=0 satHigh=0
LogOGRelayProbe: Warning: [Warning][RelayProbe.Stale] window=[21013,21133] maxConsecutiveFallbackRun=9 id=28409
LogOGResimProbe: Warning: [Warning][ResimProbe.Gate] checks=120 declined=56 requested=64 requestedPerMille=533 deepSkips=0 survivingAnchors=0
LogOGResimProbe: Warning: [Warning][ResimProbe.Chaos] requests=64 grants=62 refused=2 refusedPerMille=31 repeat=2 clamped=0 depthMin=4 depthMax=8
LogOGResimProbe: Warning: [Warning][ResimProbe.Apply] prepares=62 finishes=62 abandoned=0 stuck=0 replayTicks=461 replayOverruns=0 freshProtects=36 staleProtects=0
LogOGResimProbe: Warning: [Warning][ResimProbe.Frame] role=Client simTicks=120 frames=199 meanTicksPerFrameX100=60 p50=1 p99=1 max=1 meanFrameUs=9999
LogOGResimProbe: Warning: [Warning][ResimProbe.Frame] role=Client cadence dFrame1=41 dFrame0=0 dFrameGt1=79 discont=0 numSteps total=120 max=1 gt1=0
LogOGResimProbe: Warning: [Warning][ResimProbe.Landing] class=LocallyPredicted behind=60 atFrontier=0 discarded=0 atFrontierPerMille=0 windowSamples=120
LogOGResimProbe: Warning: [Warning][ResimProbe.Landing] class=RemoteProxy behind=60 atFrontier=0 discarded=0 atFrontierPerMille=0 windowSamples=120
LogOGRelayProbe: Warning: [Warning][RelayProbe.Read] window=[21133,21253] src=Prediction hit=43 miss=77 verifyFail=0 rung0=0 total=120
LogOGRelayProbe: Warning: [Warning][RelayProbe.Read] window=[21133,21253] src=Resim hit=386 miss=47 verifyFail=0 rung0=0 total=433
LogOGRelayProbe: Warning: [Warning][RelayProbe.Miss] window=[21133,21253] src=Prediction inSpan=0 aboveNewest=77 belowOldest=0 noProbeTick=0 miss=77
LogOGRelayProbe: Warning: [Warning][RelayProbe.Miss] window=[21133,21253] src=Resim inSpan=0 aboveNewest=47 belowOldest=0 noProbeTick=0 miss=47
LogOGRelayProbe: Warning: [Warning][RelayProbe.Delta] window=[21133,21253] src=Prediction n=120 p10=-1 p50=1 p90=2 min=-3 max=4 satLow=0 satHigh=0
LogOGRelayProbe: Warning: [Warning][RelayProbe.Delta] window=[21133,21253] src=Resim n=433 p10=-6 p50=-3 p90=1 min=-8 max=3 satLow=0 satHigh=0
LogOGRelayProbe: Warning: [Warning][RelayProbe.Stale] window=[21133,21253] maxConsecutiveFallbackRun=12 id=28409
LogOGDivergenceProbe: Warning: [Warning][DivergenceProbe.Window] class=LocallyPredicted corrections=60 disagreed=60 ratePerMille=1000 windowSamples=120
LogOGDivergenceProbe: Warning: [Warning][DivergenceProbe.Window] class=RemoteProxy corrections=60 disagreed=60 ratePerMille=1000 windowSamples=120
LogOGResimProbe: Warning: [Warning][ResimProbe.Gate] checks=120 declined=56 requested=64 requestedPerMille=533 deepSkips=0 survivingAnchors=0
LogOGResimProbe: Warning: [Warning][ResimProbe.Chaos] requests=63 grants=60 refused=3 refusedPerMille=48 repeat=3 clamped=0 depthMin=5 depthMax=8
LogOGResimProbe: Warning: [Warning][ResimProbe.Apply] prepares=60 finishes=60 abandoned=0 stuck=0 replayTicks=443 replayOverruns=0 freshProtects=38 staleProtects=0
LogOGResimProbe: Warning: [Warning][ResimProbe.Frame] role=Client simTicks=120 frames=200 meanTicksPerFrameX100=60 p50=1 p99=1 max=1 meanFrameUs=10000
LogOGResimProbe: Warning: [Warning][ResimProbe.Frame] role=Client cadence dFrame1=40 dFrame0=0 dFrameGt1=80 discont=0 numSteps total=120 max=1 gt1=0
LogOGRelayProbe: Warning: [Warning][RelayProbe.Arrival] samples=120 gapCaptureTicks p50=2 p99=5 max=5 noAdvance=0 saturated=0 lostCaptureTicksX1000=0 lost=0 delivered=231 expected=231 discont=0 discontMax=0
LogOGRelayProbe: Warning: [Warning][RelayProbe.Read] window=[21253,21373] src=Prediction hit=38 miss=82 verifyFail=0 rung0=0 total=120
LogOGRelayProbe: Warning: [Warning][RelayProbe.Read] window=[21253,21373] src=Resim hit=368 miss=50 verifyFail=0 rung0=0 total=418
LogOGRelayProbe: Warning: [Warning][RelayProbe.Miss] window=[21253,21373] src=Prediction inSpan=0 aboveNewest=82 belowOldest=0 noProbeTick=0 miss=82
LogOGRelayProbe: Warning: [Warning][RelayProbe.Miss] window=[21253,21373] src=Resim inSpan=4 aboveNewest=46 belowOldest=0 noProbeTick=0 miss=50
LogOGRelayProbe: Warning: [Warning][RelayProbe.Delta] window=[21253,21373] src=Prediction n=120 p10=0 p50=1 p90=3 min=-2 max=6 satLow=0 satHigh=0
LogOGRelayProbe: Warning: [Warning][RelayProbe.Delta] window=[21253,21373] src=Resim n=418 p10=-6 p50=-2 p90=1 min=-8 max=3 satLow=0 satHigh=0
LogOGRelayProbe: Warning: [Warning][RelayProbe.Stale] window=[21253,21373] maxConsecutiveFallbackRun=12 id=28409
LogOGResimProbe: Warning: [Warning][ResimProbe.Landing] class=LocallyPredicted behind=59 atFrontier=0 discarded=0 atFrontierPerMille=0 windowSamples=120
LogOGResimProbe: Warning: [Warning][ResimProbe.Landing] class=RemoteProxy behind=61 atFrontier=0 discarded=0 atFrontierPerMille=0 windowSamples=120
LogOGDivergenceProbe: Warning: [Warning][DivergenceProbe.Window] class=LocallyPredicted corrections=60 disagreed=60 ratePerMille=1000 windowSamples=120
LogOGDivergenceProbe: Warning: [Warning][DivergenceProbe.Window] class=RemoteProxy corrections=60 disagreed=60 ratePerMille=1000 windowSamples=120
LogOGResimProbe: Warning: [Warning][ResimProbe.Gate] checks=120 declined=60 requested=60 requestedPerMille=500 deepSkips=0 survivingAnchors=0
LogOGResimProbe: Warning: [Warning][ResimProbe.Chaos] requests=60 grants=59 refused=1 refusedPerMille=17 repeat=1 clamped=0 depthMin=4 depthMax=8
LogOGResimProbe: Warning: [Warning][ResimProbe.Apply] prepares=59 finishes=59 abandoned=0 stuck=0 replayTicks=442 replayOverruns=0 freshProtects=33 staleProtects=1
LogOGResimProbe: Warning: [Warning][ResimProbe.Frame] role=Client simTicks=120 frames=199 meanTicksPerFrameX100=60 p50=1 p99=1 max=1 meanFrameUs=9999
LogOGResimProbe: Warning: [Warning][ResimProbe.Frame] role=Client cadence dFrame1=41 dFrame0=0 dFrameGt1=79 discont=0 numSteps total=120 max=1 gt1=0
LogOGRelayProbe: Warning: [Warning][RelayProbe.Read] window=[21373,21493] src=Prediction hit=36 miss=84 verifyFail=0 rung0=0 total=120
LogOGRelayProbe: Warning: [Warning][RelayProbe.Read] window=[21373,21493] src=Resim hit=360 miss=55 verifyFail=0 rung0=0 total=415
LogOGRelayProbe: Warning: [Warning][RelayProbe.Miss] window=[21373,21493] src=Prediction inSpan=0 aboveNewest=84 belowOldest=0 noProbeTick=0 miss=84
LogOGRelayProbe: Warning: [Warning][RelayProbe.Miss] window=[21373,21493] src=Resim inSpan=6 aboveNewest=49 belowOldest=0 noProbeTick=0 miss=55
LogOGRelayProbe: Warning: [Warning][RelayProbe.Delta] window=[21373,21493] src=Prediction n=120 p10=-1 p50=1 p90=3 min=-2 max=6 satLow=0 satHigh=0
LogOGRelayProbe: Warning: [Warning][RelayProbe.Delta] window=[21373,21493] src=Resim n=415 p10=-5 p50=-2 p90=1 min=-7 max=4 satLow=0 satHigh=0
LogOGRelayProbe: Warning: [Warning][RelayProbe.Stale] window=[21373,21493] maxConsecutiveFallbackRun=17 id=28409
LogOGResimProbe: Warning: [Warning][ResimProbe.Gate] checks=120 declined=59 requested=61 requestedPerMille=508 deepSkips=0 survivingAnchors=0
LogOGResimProbe: Warning: [Warning][ResimProbe.Chaos] requests=62 grants=59 refused=3 refusedPerMille=48 repeat=3 clamped=0 depthMin=5 depthMax=8
LogOGResimProbe: Warning: [Warning][ResimProbe.Apply] prepares=59 finishes=59 abandoned=0 stuck=0 replayTicks=441 replayOverruns=0 freshProtects=34 staleProtects=0
LogOGResimProbe: Warning: [Warning][ResimProbe.Landing] class=LocallyPredicted behind=60 atFrontier=0 discarded=0 atFrontierPerMille=0 windowSamples=120
LogOGResimProbe: Warning: [Warning][ResimProbe.Landing] class=RemoteProxy behind=60 atFrontier=0 discarded=0 atFrontierPerMille=0 windowSamples=120
LogOGDivergenceProbe: Warning: [Warning][DivergenceProbe.Window] class=LocallyPredicted corrections=59 disagreed=59 ratePerMille=1000 windowSamples=120
LogOGDivergenceProbe: Warning: [Warning][DivergenceProbe.Window] class=RemoteProxy corrections=61 disagreed=61 ratePerMille=1000 windowSamples=120
LogOGRelayProbe: Warning: [Warning][RelayProbe.Arrival] samples=120 gapCaptureTicks p50=2 p99=5 max=6 noAdvance=0 saturated=0 lostCaptureTicksX1000=32 lost=7 delivered=207 expected=214 discont=0 discontMax=0
LogOGResimProbe: Warning: [Warning][ResimProbe.Frame] role=Client simTicks=120 frames=201 meanTicksPerFrameX100=59 p50=1 p99=1 max=1 meanFrameUs=10000
LogOGResimProbe: Warning: [Warning][ResimProbe.Frame] role=Client cadence dFrame1=39 dFrame0=0 dFrameGt1=81 discont=0 numSteps total=120 max=1 gt1=0
LogOGRelayProbe: Warning: [Warning][RelayProbe.Read] window=[21493,21613] src=Prediction hit=26 miss=94 verifyFail=0 rung0=0 total=120
LogOGRelayProbe: Warning: [Warning][RelayProbe.Read] window=[21493,21613] src=Resim hit=451 miss=82 verifyFail=0 rung0=0 total=533
LogOGRelayProbe: Warning: [Warning][RelayProbe.Miss] window=[21493,21613] src=Prediction inSpan=0 aboveNewest=94 belowOldest=0 noProbeTick=0 miss=94
LogOGRelayProbe: Warning: [Warning][RelayProbe.Miss] window=[21493,21613] src=Resim inSpan=0 aboveNewest=82 belowOldest=0 noProbeTick=0 miss=82
LogOGRelayProbe: Warning: [Warning][RelayProbe.Delta] window=[21493,21613] src=Prediction n=120 p10=0 p50=1 p90=3 min=-1 max=4 satLow=0 satHigh=0
LogOGRelayProbe: Warning: [Warning][RelayProbe.Delta] window=[21493,21613] src=Resim n=533 p10=-5 p50=-2 p90=1 min=-8 max=3 satLow=0 satHigh=0
LogOGRelayProbe: Warning: [Warning][RelayProbe.Stale] window=[21493,21613] maxConsecutiveFallbackRun=11 id=28409
LogOGResimProbe: Warning: [Warning][ResimProbe.Landing] class=LocallyPredicted behind=60 atFrontier=0 discarded=0 atFrontierPerMille=0 windowSamples=120
LogOGResimProbe: Warning: [Warning][ResimProbe.Landing] class=RemoteProxy behind=60 atFrontier=0 discarded=0 atFrontierPerMille=0 windowSamples=120
LogOGResimProbe: Warning: [Warning][ResimProbe.Gate] checks=120 declined=51 requested=69 requestedPerMille=575 deepSkips=0 survivingAnchors=0
LogOGResimProbe: Warning: [Warning][ResimProbe.Chaos] requests=68 grants=68 refused=0 refusedPerMille=0 repeat=0 clamped=0 depthMin=5 depthMax=8
LogOGResimProbe: Warning: [Warning][ResimProbe.Apply] prepares=68 finishes=68 abandoned=0 stuck=0 replayTicks=538 replayOverruns=0 freshProtects=37 staleProtects=0
LogOGDivergenceProbe: Warning: [Warning][DivergenceProbe.Window] class=LocallyPredicted corrections=60 disagreed=60 ratePerMille=1000 windowSamples=120
LogOGDivergenceProbe: Warning: [Warning][DivergenceProbe.Window] class=RemoteProxy corrections=60 disagreed=60 ratePerMille=1000 windowSamples=120
LogOGResimProbe: Warning: [Warning][ResimProbe.Frame] role=Client simTicks=120 frames=200 meanTicksPerFrameX100=60 p50=1 p99=1 max=1 meanFrameUs=9999
LogOGResimProbe: Warning: [Warning][ResimProbe.Frame] role=Client cadence dFrame1=40 dFrame0=0 dFrameGt1=80 discont=0 numSteps total=120 max=1 gt1=0
LogOGRelayProbe: Warning: [Warning][RelayProbe.Read] window=[21613,21733] src=Prediction hit=25 miss=95 verifyFail=0 rung0=0 total=120
LogOGRelayProbe: Warning: [Warning][RelayProbe.Read] window=[21613,21733] src=Resim hit=373 miss=67 verifyFail=0 rung0=0 total=440
LogOGRelayProbe: Warning: [Warning][RelayProbe.Miss] window=[21613,21733] src=Prediction inSpan=0 aboveNewest=95 belowOldest=0 noProbeTick=0 miss=95
LogOGRelayProbe: Warning: [Warning][RelayProbe.Miss] window=[21613,21733] src=Resim inSpan=2 aboveNewest=65 belowOldest=0 noProbeTick=0 miss=67
LogOGRelayProbe: Warning: [Warning][RelayProbe.Delta] window=[21613,21733] src=Prediction n=120 p10=0 p50=1 p90=3 min=-2 max=4 satLow=0 satHigh=0
LogOGRelayProbe: Warning: [Warning][RelayProbe.Delta] window=[21613,21733] src=Resim n=440 p10=-5 p50=-2 p90=1 min=-8 max=3 satLow=0 satHigh=0
LogOGRelayProbe: Warning: [Warning][RelayProbe.Stale] window=[21613,21733] maxConsecutiveFallbackRun=11 id=28409
LogOGResimProbe: Warning: [Warning][ResimProbe.Gate] checks=120 declined=59 requested=61 requestedPerMille=508 deepSkips=0 survivingAnchors=0
LogOGResimProbe: Warning: [Warning][ResimProbe.Chaos] requests=61 grants=61 refused=0 refusedPerMille=0 repeat=0 clamped=0 depthMin=4 depthMax=8
LogOGResimProbe: Warning: [Warning][ResimProbe.Apply] prepares=61 finishes=61 abandoned=0 stuck=0 replayTicks=457 replayOverruns=0 freshProtects=36 staleProtects=0
LogOGResimProbe: Warning: [Warning][ResimProbe.Landing] class=LocallyPredicted behind=59 atFrontier=0 discarded=0 atFrontierPerMille=0 windowSamples=120
LogOGResimProbe: Warning: [Warning][ResimProbe.Landing] class=RemoteProxy behind=61 atFrontier=0 discarded=0 atFrontierPerMille=0 windowSamples=120
LogOGDivergenceProbe: Warning: [Warning][DivergenceProbe.Window] class=LocallyPredicted corrections=60 disagreed=60 ratePerMille=1000 windowSamples=120
LogOGDivergenceProbe: Warning: [Warning][DivergenceProbe.Window] class=RemoteProxy corrections=60 disagreed=60 ratePerMille=1000 windowSamples=120
LogOGRelayProbe: Warning: [Warning][RelayProbe.Arrival] samples=120 gapCaptureTicks p50=2 p99=3 max=5 noAdvance=0 saturated=0 lostCaptureTicksX1000=9 lost=2 delivered=220 expected=222 discont=0 discontMax=0
LogOGResimProbe: Warning: [Warning][ResimProbe.Frame] role=Client simTicks=120 frames=200 meanTicksPerFrameX100=60 p50=1 p99=1 max=1 meanFrameUs=10000
LogOGResimProbe: Warning: [Warning][ResimProbe.Frame] role=Client cadence dFrame1=40 dFrame0=0 dFrameGt1=80 discont=0 numSteps total=120 max=1 gt1=0
LogOGRelayProbe: Warning: [Warning][RelayProbe.Read] window=[21733,21853] src=Prediction hit=50 miss=70 verifyFail=0 rung0=0 total=120
LogOGRelayProbe: Warning: [Warning][RelayProbe.Read] window=[21733,21853] src=Resim hit=464 miss=54 verifyFail=0 rung0=0 total=518
LogOGRelayProbe: Warning: [Warning][RelayProbe.Miss] window=[21733,21853] src=Prediction inSpan=0 aboveNewest=70 belowOldest=0 noProbeTick=0 miss=70
LogOGRelayProbe: Warning: [Warning][RelayProbe.Miss] window=[21733,21853] src=Resim inSpan=0 aboveNewest=54 belowOldest=0 noProbeTick=0 miss=54
LogOGRelayProbe: Warning: [Warning][RelayProbe.Delta] window=[21733,21853] src=Prediction n=120 p10=-1 p50=1 p90=2 min=-2 max=4 satLow=0 satHigh=0
LogOGRelayProbe: Warning: [Warning][RelayProbe.Delta] window=[21733,21853] src=Resim n=518 p10=-6 p50=-3 p90=1 min=-8 max=4 satLow=0 satHigh=0
LogOGRelayProbe: Warning: [Warning][RelayProbe.Stale] window=[21733,21853] maxConsecutiveFallbackRun=9 id=28409
LogOGResimProbe: Warning: [Warning][ResimProbe.Gate] checks=120 declined=49 requested=71 requestedPerMille=592 deepSkips=0 survivingAnchors=0
LogOGResimProbe: Warning: [Warning][ResimProbe.Chaos] requests=71 grants=67 refused=4 refusedPerMille=56 repeat=4 clamped=0 depthMin=5 depthMax=9
LogOGResimProbe: Warning: [Warning][ResimProbe.Apply] prepares=67 finishes=67 abandoned=0 stuck=0 replayTicks=522 replayOverruns=0 freshProtects=37 staleProtects=0
LogOGResimProbe: Warning: [Warning][ResimProbe.Landing] class=LocallyPredicted behind=60 atFrontier=0 discarded=0 atFrontierPerMille=0 windowSamples=120
LogOGResimProbe: Warning: [Warning][ResimProbe.Landing] class=RemoteProxy behind=60 atFrontier=0 discarded=0 atFrontierPerMille=0 windowSamples=120
LogOGDivergenceProbe: Warning: [Warning][DivergenceProbe.Window] class=LocallyPredicted corrections=60 disagreed=60 ratePerMille=1000 windowSamples=120
LogOGDivergenceProbe: Warning: [Warning][DivergenceProbe.Window] class=RemoteProxy corrections=60 disagreed=60 ratePerMille=1000 windowSamples=120
LogOGResimProbe: Warning: [Warning][ResimProbe.Frame] role=Client simTicks=120 frames=201 meanTicksPerFrameX100=59 p50=1 p99=1 max=1 meanFrameUs=10000
LogOGResimProbe: Warning: [Warning][ResimProbe.Frame] role=Client cadence dFrame1=39 dFrame0=0 dFrameGt1=81 discont=0 numSteps total=120 max=1 gt1=0
LogOGRelayProbe: Warning: [Warning][RelayProbe.Arrival] samples=120 gapCaptureTicks p50=2 p99=5 max=6 noAdvance=0 saturated=0 lostCaptureTicksX1000=13 lost=3 delivered=218 expected=221 discont=0 discontMax=0
LogOGRelayProbe: Warning: [Warning][RelayProbe.Read] window=[21853,21973] src=Prediction hit=51 miss=69 verifyFail=0 rung0=0 total=120
LogOGRelayProbe: Warning: [Warning][RelayProbe.Read] window=[21853,21973] src=Resim hit=387 miss=45 verifyFail=0 rung0=0 total=432
LogOGRelayProbe: Warning: [Warning][RelayProbe.Miss] window=[21853,21973] src=Prediction inSpan=0 aboveNewest=69 belowOldest=0 noProbeTick=0 miss=69
LogOGRelayProbe: Warning: [Warning][RelayProbe.Miss] window=[21853,21973] src=Resim inSpan=2 aboveNewest=43 belowOldest=0 noProbeTick=0 miss=45
LogOGRelayProbe: Warning: [Warning][RelayProbe.Delta] window=[21853,21973] src=Prediction n=120 p10=-1 p50=1 p90=2 min=-3 max=6 satLow=0 satHigh=0
LogOGRelayProbe: Warning: [Warning][RelayProbe.Delta] window=[21853,21973] src=Resim n=432 p10=-6 p50=-3 p90=0 min=-8 max=6 satLow=0 satHigh=0
LogOGRelayProbe: Warning: [Warning][RelayProbe.Stale] window=[21853,21973] maxConsecutiveFallbackRun=10 id=28409
LogOGResimProbe: Warning: [Warning][ResimProbe.Gate] checks=120 declined=57 requested=63 requestedPerMille=525 deepSkips=0 survivingAnchors=0
LogOGResimProbe: Warning: [Warning][ResimProbe.Chaos] requests=63 grants=63 refused=0 refusedPerMille=0 repeat=0 clamped=0 depthMin=5 depthMax=8
LogOGResimProbe: Warning: [Warning][ResimProbe.Apply] prepares=63 finishes=63 abandoned=0 stuck=0 replayTicks=471 replayOverruns=0 freshProtects=40 staleProtects=0
LogOGResimProbe: Warning: [Warning][ResimProbe.Landing] class=LocallyPredicted behind=60 atFrontier=0 discarded=0 atFrontierPerMille=0 windowSamples=120
LogOGResimProbe: Warning: [Warning][ResimProbe.Landing] class=RemoteProxy behind=60 atFrontier=0 discarded=0 atFrontierPerMille=0 windowSamples=120
LogOGDivergenceProbe: Warning: [Warning][DivergenceProbe.Window] class=LocallyPredicted corrections=59 disagreed=59 ratePerMille=1000 windowSamples=120
LogOGDivergenceProbe: Warning: [Warning][DivergenceProbe.Window] class=RemoteProxy corrections=61 disagreed=61 ratePerMille=1000 windowSamples=120
LogOGResimProbe: Warning: [Warning][ResimProbe.Frame] role=Client simTicks=120 frames=198 meanTicksPerFrameX100=60 p50=1 p99=1 max=1 meanFrameUs=9999
LogOGResimProbe: Warning: [Warning][ResimProbe.Frame] role=Client cadence dFrame1=42 dFrame0=0 dFrameGt1=78 discont=0 numSteps total=120 max=1 gt1=0
LogOGRelayProbe: Warning: [Warning][RelayProbe.Read] window=[21973,22093] src=Prediction hit=44 miss=76 verifyFail=0 rung0=0 total=120
LogOGRelayProbe: Warning: [Warning][RelayProbe.Read] window=[21973,22093] src=Resim hit=434 miss=69 verifyFail=0 rung0=0 total=503
LogOGRelayProbe: Warning: [Warning][RelayProbe.Miss] window=[21973,22093] src=Prediction inSpan=0 aboveNewest=76 belowOldest=0 noProbeTick=0 miss=76
LogOGRelayProbe: Warning: [Warning][RelayProbe.Miss] window=[21973,22093] src=Resim inSpan=0 aboveNewest=69 belowOldest=0 noProbeTick=0 miss=69
LogOGRelayProbe: Warning: [Warning][RelayProbe.Delta] window=[21973,22093] src=Prediction n=120 p10=-1 p50=1 p90=3 min=-2 max=4 satLow=0 satHigh=0
LogOGRelayProbe: Warning: [Warning][RelayProbe.Delta] window=[21973,22093] src=Resim n=503 p10=-5 p50=-2 p90=1 min=-9 max=4 satLow=0 satHigh=0
LogOGRelayProbe: Warning: [Warning][RelayProbe.Stale] window=[21973,22093] maxConsecutiveFallbackRun=25 id=28409
LogOGResimProbe: Warning: [Warning][ResimProbe.Gate] checks=120 declined=52 requested=68 requestedPerMille=567 deepSkips=0 survivingAnchors=0
LogOGResimProbe: Warning: [Warning][ResimProbe.Chaos] requests=69 grants=67 refused=2 refusedPerMille=29 repeat=2 clamped=0 depthMin=5 depthMax=9
LogOGResimProbe: Warning: [Warning][ResimProbe.Apply] prepares=67 finishes=67 abandoned=0 stuck=0 replayTicks=507 replayOverruns=0 freshProtects=36 staleProtects=0
LogOGResimProbe: Warning: [Warning][ResimProbe.Landing] class=LocallyPredicted behind=59 atFrontier=0 discarded=0 atFrontierPerMille=0 windowSamples=120
LogOGResimProbe: Warning: [Warning][ResimProbe.Landing] class=RemoteProxy behind=61 atFrontier=0 discarded=0 atFrontierPerMille=0 windowSamples=120
LogOGDivergenceProbe: Warning: [Warning][DivergenceProbe.Window] class=LocallyPredicted corrections=60 disagreed=60 ratePerMille=1000 windowSamples=120
LogOGDivergenceProbe: Warning: [Warning][DivergenceProbe.Window] class=RemoteProxy corrections=60 disagreed=60 ratePerMille=1000 windowSamples=120
LogOGResimProbe: Warning: [Warning][ResimProbe.Frame] role=Client simTicks=120 frames=201 meanTicksPerFrameX100=59 p50=1 p99=1 max=1 meanFrameUs=10000
LogOGResimProbe: Warning: [Warning][ResimProbe.Frame] role=Client cadence dFrame1=39 dFrame0=0 dFrameGt1=81 discont=0 numSteps total=120 max=1 gt1=0
LogOGRelayProbe: Warning: [Warning][RelayProbe.Arrival] samples=120 gapCaptureTicks p50=2 p99=4 max=4 noAdvance=0 saturated=0 lostCaptureTicksX1000=0 lost=0 delivered=233 expected=233 discont=0 discontMax=0
LogOGRelayProbe: Warning: [Warning][RelayProbe.Read] window=[22093,22213] src=Prediction hit=39 miss=81 verifyFail=0 rung0=0 total=120
LogOGRelayProbe: Warning: [Warning][RelayProbe.Read] window=[22093,22213] src=Resim hit=371 miss=62 verifyFail=0 rung0=0 total=433
LogOGRelayProbe: Warning: [Warning][RelayProbe.Miss] window=[22093,22213] src=Prediction inSpan=0 aboveNewest=81 belowOldest=0 noProbeTick=0 miss=81
LogOGRelayProbe: Warning: [Warning][RelayProbe.Miss] window=[22093,22213] src=Resim inSpan=0 aboveNewest=62 belowOldest=0 noProbeTick=0 miss=62
LogOGRelayProbe: Warning: [Warning][RelayProbe.Delta] window=[22093,22213] src=Prediction n=120 p10=-1 p50=1 p90=3 min=-3 max=5 satLow=0 satHigh=0
LogOGRelayProbe: Warning: [Warning][RelayProbe.Delta] window=[22093,22213] src=Resim n=433 p10=-6 p50=-2 p90=1 min=-8 max=3 satLow=0 satHigh=0
LogOGRelayProbe: Warning: [Warning][RelayProbe.Stale] window=[22093,22213] maxConsecutiveFallbackRun=17 id=28409
LogOGResimProbe: Warning: [Warning][ResimProbe.Gate] checks=120 declined=59 requested=61 requestedPerMille=508 deepSkips=0 survivingAnchors=0
LogOGResimProbe: Warning: [Warning][ResimProbe.Chaos] requests=60 grants=60 refused=0 refusedPerMille=0 repeat=0 clamped=0 depthMin=4 depthMax=8
LogOGResimProbe: Warning: [Warning][ResimProbe.Apply] prepares=60 finishes=60 abandoned=0 stuck=0 replayTicks=451 replayOverruns=0 freshProtects=32 staleProtects=0
LogOGResimProbe: Warning: [Warning][ResimProbe.Landing] class=LocallyPredicted behind=60 atFrontier=0 discarded=0 atFrontierPerMille=0 windowSamples=120
LogOGResimProbe: Warning: [Warning][ResimProbe.Landing] class=RemoteProxy behind=60 atFrontier=0 discarded=0 atFrontierPerMille=0 windowSamples=120
LogOGDivergenceProbe: Warning: [Warning][DivergenceProbe.Window] class=LocallyPredicted corrections=59 disagreed=59 ratePerMille=1000 windowSamples=120
LogOGDivergenceProbe: Warning: [Warning][DivergenceProbe.Window] class=RemoteProxy corrections=61 disagreed=61 ratePerMille=1000 windowSamples=120
LogOGResimProbe: Warning: [Warning][ResimProbe.Frame] role=Client simTicks=120 frames=199 meanTicksPerFrameX100=60 p50=1 p99=1 max=1 meanFrameUs=9999
LogOGResimProbe: Warning: [Warning][ResimProbe.Frame] role=Client cadence dFrame1=41 dFrame0=0 dFrameGt1=79 discont=0 numSteps total=120 max=1 gt1=0
LogOGRelayProbe: Warning: [Warning][RelayProbe.Read] window=[22213,22333] src=Prediction hit=30 miss=90 verifyFail=0 rung0=0 total=120
LogOGRelayProbe: Warning: [Warning][RelayProbe.Read] window=[22213,22333] src=Resim hit=394 miss=65 verifyFail=0 rung0=0 total=459
LogOGRelayProbe: Warning: [Warning][RelayProbe.Miss] window=[22213,22333] src=Prediction inSpan=0 aboveNewest=90 belowOldest=0 noProbeTick=0 miss=90
LogOGRelayProbe: Warning: [Warning][RelayProbe.Miss] window=[22213,22333] src=Resim inSpan=0 aboveNewest=65 belowOldest=0 noProbeTick=0 miss=65
LogOGRelayProbe: Warning: [Warning][RelayProbe.Delta] window=[22213,22333] src=Prediction n=120 p10=0 p50=1 p90=3 min=-2 max=5 satLow=0 satHigh=0
LogOGRelayProbe: Warning: [Warning][RelayProbe.Delta] window=[22213,22333] src=Resim n=459 p10=-5 p50=-2 p90=1 min=-8 max=5 satLow=0 satHigh=0
LogOGRelayProbe: Warning: [Warning][RelayProbe.Stale] window=[22213,22333] maxConsecutiveFallbackRun=18 id=28409
LogOGResimProbe: Warning: [Warning][ResimProbe.Gate] checks=120 declined=58 requested=62 requestedPerMille=517 deepSkips=0 survivingAnchors=0
LogOGResimProbe: Warning: [Warning][ResimProbe.Chaos] requests=63 grants=63 refused=0 refusedPerMille=0 repeat=0 clamped=0 depthMin=4 depthMax=8
LogOGResimProbe: Warning: [Warning][ResimProbe.Apply] prepares=63 finishes=63 abandoned=0 stuck=0 replayTicks=481 replayOverruns=0 freshProtects=35 staleProtects=0
LogOGResimProbe: Warning: [Warning][ResimProbe.Landing] class=LocallyPredicted behind=60 atFrontier=0 discarded=0 atFrontierPerMille=0 windowSamples=120
LogOGResimProbe: Warning: [Warning][ResimProbe.Landing] class=RemoteProxy behind=60 atFrontier=0 discarded=0 atFrontierPerMille=0 windowSamples=120
LogOGDivergenceProbe: Warning: [Warning][DivergenceProbe.Window] class=LocallyPredicted corrections=60 disagreed=60 ratePerMille=1000 windowSamples=120
LogOGDivergenceProbe: Warning: [Warning][DivergenceProbe.Window] class=RemoteProxy corrections=60 disagreed=60 ratePerMille=1000 windowSamples=120
LogOGResimProbe: Warning: [Warning][ResimProbe.Frame] role=Client simTicks=120 frames=202 meanTicksPerFrameX100=59 p50=1 p99=1 max=1 meanFrameUs=10000
LogOGResimProbe: Warning: [Warning][ResimProbe.Frame] role=Client cadence dFrame1=38 dFrame0=0 dFrameGt1=82 discont=0 numSteps total=120 max=1 gt1=0
LogOGRelayProbe: Warning: [Warning][RelayProbe.Arrival] samples=120 gapCaptureTicks p50=2 p99=4 max=4 noAdvance=0 saturated=0 lostCaptureTicksX1000=13 lost=3 delivered=221 expected=224 discont=0 discontMax=0
LogOGRelayProbe: Warning: [Warning][RelayProbe.Read] window=[22333,22453] src=Prediction hit=48 miss=72 verifyFail=0 rung0=0 total=120
LogOGRelayProbe: Warning: [Warning][RelayProbe.Read] window=[22333,22453] src=Resim hit=400 miss=58 verifyFail=0 rung0=0 total=458
LogOGRelayProbe: Warning: [Warning][RelayProbe.Miss] window=[22333,22453] src=Prediction inSpan=0 aboveNewest=72 belowOldest=0 noProbeTick=0 miss=72
LogOGRelayProbe: Warning: [Warning][RelayProbe.Miss] window=[22333,22453] src=Resim inSpan=9 aboveNewest=49 belowOldest=0 noProbeTick=0 miss=58
LogOGRelayProbe: Warning: [Warning][RelayProbe.Delta] window=[22333,22453] src=Prediction n=120 p10=-1 p50=1 p90=3 min=-2 max=5 satLow=0 satHigh=0
LogOGRelayProbe: Warning: [Warning][RelayProbe.Delta] window=[22333,22453] src=Resim n=458 p10=-6 p50=-3 p90=1 min=-8 max=4 satLow=0 satHigh=0
LogOGRelayProbe: Warning: [Warning][RelayProbe.Stale] window=[22333,22453] maxConsecutiveFallbackRun=12 id=28409
LogOGResimProbe: Warning: [Warning][ResimProbe.Gate] checks=120 declined=54 requested=66 requestedPerMille=550 deepSkips=0 survivingAnchors=0
LogOGResimProbe: Warning: [Warning][ResimProbe.Chaos] requests=65 grants=65 refused=0 refusedPerMille=0 repeat=0 clamped=0 depthMin=5 depthMax=8
LogOGResimProbe: Warning: [Warning][ResimProbe.Apply] prepares=65 finishes=65 abandoned=0 stuck=0 replayTicks=485 replayOverruns=0 freshProtects=35 staleProtects=0
LogOGResimProbe: Warning: [Warning][ResimProbe.Landing] class=LocallyPredicted behind=59 atFrontier=0 discarded=0 atFrontierPerMille=0 windowSamples=120
LogOGResimProbe: Warning: [Warning][ResimProbe.Landing] class=RemoteProxy behind=61 atFrontier=0 discarded=0 atFrontierPerMille=0 windowSamples=120
LogOGDivergenceProbe: Warning: [Warning][DivergenceProbe.Window] class=LocallyPredicted corrections=59 disagreed=59 ratePerMille=1000 windowSamples=120
LogOGDivergenceProbe: Warning: [Warning][DivergenceProbe.Window] class=RemoteProxy corrections=61 disagreed=61 ratePerMille=1000 windowSamples=120
LogOGResimProbe: Warning: [Warning][ResimProbe.Frame] role=Client simTicks=120 frames=199 meanTicksPerFrameX100=60 p50=1 p99=1 max=1 meanFrameUs=10000
LogOGResimProbe: Warning: [Warning][ResimProbe.Frame] role=Client cadence dFrame1=41 dFrame0=0 dFrameGt1=79 discont=0 numSteps total=120 max=1 gt1=0
LogOGRelayProbe: Warning: [Warning][RelayProbe.Read] window=[22453,22573] src=Prediction hit=26 miss=94 verifyFail=0 rung0=0 total=120
LogOGRelayProbe: Warning: [Warning][RelayProbe.Read] window=[22453,22573] src=Resim hit=460 miss=88 verifyFail=0 rung0=0 total=548
LogOGRelayProbe: Warning: [Warning][RelayProbe.Miss] window=[22453,22573] src=Prediction inSpan=0 aboveNewest=94 belowOldest=0 noProbeTick=0 miss=94
LogOGRelayProbe: Warning: [Warning][RelayProbe.Miss] window=[22453,22573] src=Resim inSpan=0 aboveNewest=88 belowOldest=0 noProbeTick=0 miss=88
LogOGRelayProbe: Warning: [Warning][RelayProbe.Delta] window=[22453,22573] src=Prediction n=120 p10=0 p50=1 p90=3 min=-2 max=4 satLow=0 satHigh=0
LogOGRelayProbe: Warning: [Warning][RelayProbe.Delta] window=[22453,22573] src=Resim n=548 p10=-5 p50=-2 p90=1 min=-8 max=4 satLow=0 satHigh=0
LogOGRelayProbe: Warning: [Warning][RelayProbe.Stale] window=[22453,22573] maxConsecutiveFallbackRun=42 id=28409
LogOGResimProbe: Warning: [Warning][ResimProbe.Gate] checks=120 declined=50 requested=70 requestedPerMille=583 deepSkips=0 survivingAnchors=0
LogOGResimProbe: Warning: [Warning][ResimProbe.Chaos] requests=70 grants=70 refused=0 refusedPerMille=0 repeat=0 clamped=0 depthMin=5 depthMax=9
LogOGResimProbe: Warning: [Warning][ResimProbe.Apply] prepares=70 finishes=70 abandoned=0 stuck=0 replayTicks=558 replayOverruns=0 freshProtects=35 staleProtects=0
LogOGResimProbe: Warning: [Warning][ResimProbe.Landing] class=LocallyPredicted behind=60 atFrontier=0 discarded=0 atFrontierPerMille=0 windowSamples=120
LogOGResimProbe: Warning: [Warning][ResimProbe.Landing] class=RemoteProxy behind=60 atFrontier=0 discarded=0 atFrontierPerMille=0 windowSamples=120
LogOGDivergenceProbe: Warning: [Warning][DivergenceProbe.Window] class=LocallyPredicted corrections=60 disagreed=60 ratePerMille=1000 windowSamples=120
LogOGDivergenceProbe: Warning: [Warning][DivergenceProbe.Window] class=RemoteProxy corrections=60 disagreed=60 ratePerMille=1000 windowSamples=120
LogOGResimProbe: Warning: [Warning][ResimProbe.Frame] role=Client simTicks=120 frames=200 meanTicksPerFrameX100=60 p50=1 p99=1 max=1 meanFrameUs=9999
LogOGResimProbe: Warning: [Warning][ResimProbe.Frame] role=Client cadence dFrame1=40 dFrame0=0 dFrameGt1=80 discont=0 numSteps total=120 max=1 gt1=0
LogOGRelayProbe: Warning: [Warning][RelayProbe.Arrival] samples=120 gapCaptureTicks p50=2 p99=4 max=4 noAdvance=0 saturated=0 lostCaptureTicksX1000=9 lost=2 delivered=209 expected=211 discont=0 discontMax=0
LogOGRelayProbe: Warning: [Warning][RelayProbe.Read] window=[22573,22693] src=Prediction hit=35 miss=85 verifyFail=0 rung0=0 total=120
LogOGRelayProbe: Warning: [Warning][RelayProbe.Read] window=[22573,22693] src=Resim hit=419 miss=83 verifyFail=0 rung0=0 total=502
LogOGRelayProbe: Warning: [Warning][RelayProbe.Miss] window=[22573,22693] src=Prediction inSpan=0 aboveNewest=85 belowOldest=0 noProbeTick=0 miss=85
LogOGRelayProbe: Warning: [Warning][RelayProbe.Miss] window=[22573,22693] src=Resim inSpan=7 aboveNewest=76 belowOldest=0 noProbeTick=0 miss=83
LogOGRelayProbe: Warning: [Warning][RelayProbe.Delta] window=[22573,22693] src=Prediction n=120 p10=-1 p50=1 p90=3 min=-3 max=4 satLow=0 satHigh=0
LogOGRelayProbe: Warning: [Warning][RelayProbe.Delta] window=[22573,22693] src=Resim n=502 p10=-5 p50=-2 p90=1 min=-8 max=4 satLow=0 satHigh=0
LogOGRelayProbe: Warning: [Warning][RelayProbe.Stale] window=[22573,22693] maxConsecutiveFallbackRun=28 id=28409
LogOGResimProbe: Warning: [Warning][ResimProbe.Gate] checks=120 declined=50 requested=70 requestedPerMille=583 deepSkips=0 survivingAnchors=0
LogOGResimProbe: Warning: [Warning][ResimProbe.Chaos] requests=70 grants=70 refused=0 refusedPerMille=0 repeat=0 clamped=0 depthMin=4 depthMax=8
LogOGResimProbe: Warning: [Warning][ResimProbe.Apply] prepares=70 finishes=70 abandoned=0 stuck=0 replayTicks=518 replayOverruns=0 freshProtects=34 staleProtects=0
LogOGResimProbe: Warning: [Warning][ResimProbe.Landing] class=LocallyPredicted behind=59 atFrontier=0 discarded=0 atFrontierPerMille=0 windowSamples=120
LogOGResimProbe: Warning: [Warning][ResimProbe.Landing] class=RemoteProxy behind=61 atFrontier=0 discarded=0 atFrontierPerMille=0 windowSamples=120
LogOGDivergenceProbe: Warning: [Warning][DivergenceProbe.Window] class=LocallyPredicted corrections=60 disagreed=60 ratePerMille=1000 windowSamples=120
LogOGDivergenceProbe: Warning: [Warning][DivergenceProbe.Window] class=RemoteProxy corrections=60 disagreed=60 ratePerMille=1000 windowSamples=120
LogOGResimProbe: Warning: [Warning][ResimProbe.Frame] role=Client simTicks=120 frames=200 meanTicksPerFrameX100=60 p50=1 p99=1 max=1 meanFrameUs=10000
LogOGResimProbe: Warning: [Warning][ResimProbe.Frame] role=Client cadence dFrame1=40 dFrame0=0 dFrameGt1=80 discont=0 numSteps total=120 max=1 gt1=0
LogOGRelayProbe: Warning: [Warning][RelayProbe.Read] window=[22693,22813] src=Prediction hit=45 miss=75 verifyFail=0 rung0=0 total=120
LogOGRelayProbe: Warning: [Warning][RelayProbe.Read] window=[22693,22813] src=Resim hit=413 miss=47 verifyFail=0 rung0=0 total=460
LogOGRelayProbe: Warning: [Warning][RelayProbe.Miss] window=[22693,22813] src=Prediction inSpan=0 aboveNewest=75 belowOldest=0 noProbeTick=0 miss=75
LogOGRelayProbe: Warning: [Warning][RelayProbe.Miss] window=[22693,22813] src=Resim inSpan=0 aboveNewest=47 belowOldest=0 noProbeTick=0 miss=47
LogOGRelayProbe: Warning: [Warning][RelayProbe.Delta] window=[22693,22813] src=Prediction n=120 p10=-1 p50=1 p90=3 min=-4 max=4 satLow=0 satHigh=0
LogOGRelayProbe: Warning: [Warning][RelayProbe.Delta] window=[22693,22813] src=Resim n=460 p10=-6 p50=-3 p90=1 min=-10 max=4 satLow=0 satHigh=0
LogOGRelayProbe: Warning: [Warning][RelayProbe.Stale] window=[22693,22813] maxConsecutiveFallbackRun=11 id=28409
LogOGResimProbe: Warning: [Warning][ResimProbe.Gate] checks=120 declined=57 requested=63 requestedPerMille=525 deepSkips=0 survivingAnchors=0
LogOGResimProbe: Warning: [Warning][ResimProbe.Chaos] requests=64 grants=64 refused=0 refusedPerMille=0 repeat=0 clamped=0 depthMin=4 depthMax=8
LogOGResimProbe: Warning: [Warning][ResimProbe.Apply] prepares=64 finishes=64 abandoned=0 stuck=0 replayTicks=480 replayOverruns=0 freshProtects=39 staleProtects=0
LogOGResimProbe: Warning: [Warning][ResimProbe.Landing] class=LocallyPredicted behind=60 atFrontier=0 discarded=0 atFrontierPerMille=0 windowSamples=120
LogOGResimProbe: Warning: [Warning][ResimProbe.Landing] class=RemoteProxy behind=60 atFrontier=0 discarded=0 atFrontierPerMille=0 windowSamples=120
LogOGDivergenceProbe: Warning: [Warning][DivergenceProbe.Window] class=LocallyPredicted corrections=60 disagreed=60 ratePerMille=1000 windowSamples=120
LogOGDivergenceProbe: Warning: [Warning][DivergenceProbe.Window] class=RemoteProxy corrections=60 disagreed=60 ratePerMille=1000 windowSamples=120
LogOGResimProbe: Warning: [Warning][ResimProbe.Frame] role=Client simTicks=120 frames=200 meanTicksPerFrameX100=60 p50=1 p99=1 max=1 meanFrameUs=9999
LogOGResimProbe: Warning: [Warning][ResimProbe.Frame] role=Client cadence dFrame1=40 dFrame0=0 dFrameGt1=80 discont=0 numSteps total=120 max=1 gt1=0
LogOGRelayProbe: Warning: [Warning][RelayProbe.Arrival] samples=120 gapCaptureTicks p50=2 p99=4 max=5 noAdvance=0 saturated=0 lostCaptureTicksX1000=20 lost=5 delivered=234 expected=239 discont=0 discontMax=0
LogOGRelayProbe: Warning: [Warning][RelayProbe.Read] window=[22813,22933] src=Prediction hit=50 miss=70 verifyFail=0 rung0=0 total=120
LogOGRelayProbe: Warning: [Warning][RelayProbe.Read] window=[22813,22933] src=Resim hit=401 miss=65 verifyFail=0 rung0=0 total=466
LogOGRelayProbe: Warning: [Warning][RelayProbe.Miss] window=[22813,22933] src=Prediction inSpan=1 aboveNewest=69 belowOldest=0 noProbeTick=0 miss=70
LogOGRelayProbe: Warning: [Warning][RelayProbe.Miss] window=[22813,22933] src=Resim inSpan=16 aboveNewest=49 belowOldest=0 noProbeTick=0 miss=65
LogOGRelayProbe: Warning: [Warning][RelayProbe.Delta] window=[22813,22933] src=Prediction n=120 p10=-1 p50=1 p90=3 min=-3 max=4 satLow=0 satHigh=0
LogOGRelayProbe: Warning: [Warning][RelayProbe.Delta] window=[22813,22933] src=Resim n=466 p10=-6 p50=-3 p90=1 min=-8 max=3 satLow=0 satHigh=0
LogOGRelayProbe: Warning: [Warning][RelayProbe.Stale] window=[22813,22933] maxConsecutiveFallbackRun=11 id=28409
LogOGResimProbe: Warning: [Warning][ResimProbe.Gate] checks=120 declined=55 requested=65 requestedPerMille=542 deepSkips=0 survivingAnchors=0
LogOGResimProbe: Warning: [Warning][ResimProbe.Chaos] requests=65 grants=65 refused=0 refusedPerMille=0 repeat=0 clamped=0 depthMin=5 depthMax=8
LogOGResimProbe: Warning: [Warning][ResimProbe.Apply] prepares=65 finishes=65 abandoned=0 stuck=0 replayTicks=496 replayOverruns=0 freshProtects=37 staleProtects=1
LogOGResimProbe: Warning: [Warning][ResimProbe.Landing] class=LocallyPredicted behind=59 atFrontier=0 discarded=0 atFrontierPerMille=0 windowSamples=120
LogOGResimProbe: Warning: [Warning][ResimProbe.Landing] class=RemoteProxy behind=61 atFrontier=0 discarded=0 atFrontierPerMille=0 windowSamples=120
LogOGDivergenceProbe: Warning: [Warning][DivergenceProbe.Window] class=LocallyPredicted corrections=58 disagreed=58 ratePerMille=1000 windowSamples=120
LogOGDivergenceProbe: Warning: [Warning][DivergenceProbe.Window] class=RemoteProxy corrections=62 disagreed=62 ratePerMille=1000 windowSamples=120
LogOGResimProbe: Warning: [Warning][ResimProbe.Frame] role=Client simTicks=120 frames=200 meanTicksPerFrameX100=60 p50=1 p99=1 max=1 meanFrameUs=10000
LogOGResimProbe: Warning: [Warning][ResimProbe.Frame] role=Client cadence dFrame1=40 dFrame0=0 dFrameGt1=80 discont=0 numSteps total=120 max=1 gt1=0
LogOGRelayProbe: Warning: [Warning][RelayProbe.Read] window=[22933,23053] src=Prediction hit=28 miss=92 verifyFail=0 rung0=0 total=120
LogOGRelayProbe: Warning: [Warning][RelayProbe.Read] window=[22933,23053] src=Resim hit=404 miss=70 verifyFail=0 rung0=0 total=474
LogOGRelayProbe: Warning: [Warning][RelayProbe.Miss] window=[22933,23053] src=Prediction inSpan=0 aboveNewest=92 belowOldest=0 noProbeTick=0 miss=92
LogOGRelayProbe: Warning: [Warning][RelayProbe.Miss] window=[22933,23053] src=Resim inSpan=0 aboveNewest=70 belowOldest=0 noProbeTick=0 miss=70
LogOGRelayProbe: Warning: [Warning][RelayProbe.Delta] window=[22933,23053] src=Prediction n=120 p10=0 p50=1 p90=3 min=-2 max=4 satLow=0 satHigh=0
LogOGRelayProbe: Warning: [Warning][RelayProbe.Delta] window=[22933,23053] src=Resim n=474 p10=-5 p50=-2 p90=1 min=-8 max=4 satLow=0 satHigh=0
LogOGRelayProbe: Warning: [Warning][RelayProbe.Stale] window=[22933,23053] maxConsecutiveFallbackRun=23 id=28409
LogOGResimProbe: Warning: [Warning][ResimProbe.Gate] checks=120 declined=56 requested=64 requestedPerMille=533 deepSkips=0 survivingAnchors=0
LogOGResimProbe: Warning: [Warning][ResimProbe.Chaos] requests=64 grants=64 refused=0 refusedPerMille=0 repeat=0 clamped=0 depthMin=4 depthMax=8
LogOGResimProbe: Warning: [Warning][ResimProbe.Apply] prepares=64 finishes=64 abandoned=0 stuck=0 replayTicks=482 replayOverruns=0 freshProtects=36 staleProtects=0
LogOGResimProbe: Warning: [Warning][ResimProbe.Landing] class=LocallyPredicted behind=60 atFrontier=0 discarded=0 atFrontierPerMille=0 windowSamples=120
LogOGResimProbe: Warning: [Warning][ResimProbe.Landing] class=RemoteProxy behind=60 atFrontier=0 discarded=0 atFrontierPerMille=0 windowSamples=120
LogOGDivergenceProbe: Warning: [Warning][DivergenceProbe.Window] class=LocallyPredicted corrections=60 disagreed=60 ratePerMille=1000 windowSamples=120
LogOGDivergenceProbe: Warning: [Warning][DivergenceProbe.Window] class=RemoteProxy corrections=60 disagreed=60 ratePerMille=1000 windowSamples=120
LogOGResimProbe: Warning: [Warning][ResimProbe.Frame] role=Client simTicks=120 frames=200 meanTicksPerFrameX100=60 p50=1 p99=1 max=1 meanFrameUs=10000
LogOGResimProbe: Warning: [Warning][ResimProbe.Frame] role=Client cadence dFrame1=40 dFrame0=0 dFrameGt1=80 discont=0 numSteps total=120 max=1 gt1=0
LogOGRelayProbe: Warning: [Warning][RelayProbe.Arrival] samples=120 gapCaptureTicks p50=2 p99=4 max=4 noAdvance=0 saturated=0 lostCaptureTicksX1000=0 lost=0 delivered=234 expected=234 discont=0 discontMax=0
LogOGRelayProbe: Warning: [Warning][RelayProbe.Read] window=[23053,23173] src=Prediction hit=48 miss=72 verifyFail=0 rung0=0 total=120
LogOGRelayProbe: Warning: [Warning][RelayProbe.Read] window=[23053,23173] src=Resim hit=434 miss=62 verifyFail=0 rung0=0 total=496
LogOGRelayProbe: Warning: [Warning][RelayProbe.Miss] window=[23053,23173] src=Prediction inSpan=0 aboveNewest=72 belowOldest=0 noProbeTick=0 miss=72
LogOGRelayProbe: Warning: [Warning][RelayProbe.Miss] window=[23053,23173] src=Resim inSpan=0 aboveNewest=62 belowOldest=0 noProbeTick=0 miss=62
LogOGRelayProbe: Warning: [Warning][RelayProbe.Delta] window=[23053,23173] src=Prediction n=120 p10=-1 p50=1 p90=3 min=-2 max=5 satLow=0 satHigh=0
LogOGRelayProbe: Warning: [Warning][RelayProbe.Delta] window=[23053,23173] src=Resim n=496 p10=-6 p50=-3 p90=1 min=-8 max=4 satLow=0 satHigh=0
LogOGRelayProbe: Warning: [Warning][RelayProbe.Stale] window=[23053,23173] maxConsecutiveFallbackRun=11 id=28409
LogOGResimProbe: Warning: [Warning][ResimProbe.Gate] checks=120 declined=51 requested=69 requestedPerMille=575 deepSkips=0 survivingAnchors=0
LogOGResimProbe: Warning: [Warning][ResimProbe.Chaos] requests=68 grants=68 refused=0 refusedPerMille=0 repeat=0 clamped=0 depthMin=4 depthMax=8
LogOGResimProbe: Warning: [Warning][ResimProbe.Apply] prepares=68 finishes=68 abandoned=0 stuck=0 replayTicks=512 replayOverruns=0 freshProtects=35 staleProtects=0
LogOGResimProbe: Warning: [Warning][ResimProbe.Landing] class=LocallyPredicted behind=58 atFrontier=0 discarded=0 atFrontierPerMille=0 windowSamples=120
LogOGResimProbe: Warning: [Warning][ResimProbe.Landing] class=RemoteProxy behind=62 atFrontier=0 discarded=0 atFrontierPerMille=0 windowSamples=120
LogOGDivergenceProbe: Warning: [Warning][DivergenceProbe.Window] class=LocallyPredicted corrections=59 disagreed=59 ratePerMille=1000 windowSamples=120
LogOGDivergenceProbe: Warning: [Warning][DivergenceProbe.Window] class=RemoteProxy corrections=61 disagreed=61 ratePerMille=1000 windowSamples=120
LogOGResimProbe: Warning: [Warning][ResimProbe.Frame] role=Client simTicks=120 frames=201 meanTicksPerFrameX100=59 p50=1 p99=1 max=1 meanFrameUs=10000
LogOGResimProbe: Warning: [Warning][ResimProbe.Frame] role=Client cadence dFrame1=39 dFrame0=0 dFrameGt1=81 discont=0 numSteps total=120 max=1 gt1=0
LogOGRelayProbe: Warning: [Warning][RelayProbe.Read] window=[23173,23293] src=Prediction hit=45 miss=75 verifyFail=0 rung0=0 total=120
LogOGRelayProbe: Warning: [Warning][RelayProbe.Read] window=[23173,23293] src=Resim hit=439 miss=50 verifyFail=0 rung0=0 total=489
LogOGRelayProbe: Warning: [Warning][RelayProbe.Miss] window=[23173,23293] src=Prediction inSpan=0 aboveNewest=75 belowOldest=0 noProbeTick=0 miss=75
LogOGRelayProbe: Warning: [Warning][RelayProbe.Miss] window=[23173,23293] src=Resim inSpan=3 aboveNewest=47 belowOldest=0 noProbeTick=0 miss=50
LogOGRelayProbe: Warning: [Warning][RelayProbe.Delta] window=[23173,23293] src=Prediction n=120 p10=-1 p50=1 p90=2 min=-2 max=4 satLow=0 satHigh=0
LogOGRelayProbe: Warning: [Warning][RelayProbe.Delta] window=[23173,23293] src=Resim n=489 p10=-6 p50=-3 p90=0 min=-8 max=4 satLow=0 satHigh=0
LogOGRelayProbe: Warning: [Warning][RelayProbe.Stale] window=[23173,23293] maxConsecutiveFallbackRun=10 id=28409
LogOGResimProbe: Warning: [Warning][ResimProbe.Gate] checks=120 declined=53 requested=67 requestedPerMille=558 deepSkips=0 survivingAnchors=0
LogOGResimProbe: Warning: [Warning][ResimProbe.Chaos] requests=68 grants=67 refused=1 refusedPerMille=15 repeat=1 clamped=0 depthMin=5 depthMax=8
LogOGResimProbe: Warning: [Warning][ResimProbe.Apply] prepares=67 finishes=67 abandoned=0 stuck=0 replayTicks=520 replayOverruns=0 freshProtects=35 staleProtects=0
LogOGResimProbe: Warning: [Warning][ResimProbe.Landing] class=LocallyPredicted behind=61 atFrontier=0 discarded=0 atFrontierPerMille=0 windowSamples=120
LogOGResimProbe: Warning: [Warning][ResimProbe.Landing] class=RemoteProxy behind=59 atFrontier=0 discarded=0 atFrontierPerMille=0 windowSamples=120
LogOGDivergenceProbe: Warning: [Warning][DivergenceProbe.Window] class=LocallyPredicted corrections=60 disagreed=60 ratePerMille=1000 windowSamples=120
LogOGDivergenceProbe: Warning: [Warning][DivergenceProbe.Window] class=RemoteProxy corrections=60 disagreed=60 ratePerMille=1000 windowSamples=120
LogOGResimProbe: Warning: [Warning][ResimProbe.Frame] role=Client simTicks=120 frames=200 meanTicksPerFrameX100=60 p50=1 p99=1 max=1 meanFrameUs=9999
LogOGResimProbe: Warning: [Warning][ResimProbe.Frame] role=Client cadence dFrame1=40 dFrame0=0 dFrameGt1=80 discont=0 numSteps total=120 max=1 gt1=0
LogOGRelayProbe: Warning: [Warning][RelayProbe.Arrival] samples=120 gapCaptureTicks p50=2 p99=5 max=5 noAdvance=0 saturated=0 lostCaptureTicksX1000=4 lost=1 delivered=237 expected=238 discont=0 discontMax=0
LogOGRelayProbe: Warning: [Warning][RelayProbe.Read] window=[23293,23413] src=Prediction hit=54 miss=66 verifyFail=0 rung0=0 total=120
LogOGRelayProbe: Warning: [Warning][RelayProbe.Read] window=[23293,23413] src=Resim hit=336 miss=36 verifyFail=0 rung0=0 total=372
LogOGRelayProbe: Warning: [Warning][RelayProbe.Miss] window=[23293,23413] src=Prediction inSpan=1 aboveNewest=65 belowOldest=0 noProbeTick=0 miss=66
LogOGRelayProbe: Warning: [Warning][RelayProbe.Miss] window=[23293,23413] src=Resim inSpan=6 aboveNewest=30 belowOldest=0 noProbeTick=0 miss=36
LogOGRelayProbe: Warning: [Warning][RelayProbe.Delta] window=[23293,23413] src=Prediction n=120 p10=-1 p50=1 p90=3 min=-2 max=4 satLow=0 satHigh=0
LogOGRelayProbe: Warning: [Warning][RelayProbe.Delta] window=[23293,23413] src=Resim n=372 p10=-6 p50=-3 p90=0 min=-7 max=4 satLow=0 satHigh=0
LogOGRelayProbe: Warning: [Warning][RelayProbe.Stale] window=[23293,23413] maxConsecutiveFallbackRun=6 id=28409
LogOGResimProbe: Warning: [Warning][ResimProbe.Gate] checks=120 declined=64 requested=56 requestedPerMille=467 deepSkips=0 survivingAnchors=0
LogOGResimProbe: Warning: [Warning][ResimProbe.Chaos] requests=55 grants=55 refused=0 refusedPerMille=0 repeat=0 clamped=0 depthMin=4 depthMax=8
LogOGResimProbe: Warning: [Warning][ResimProbe.Apply] prepares=55 finishes=55 abandoned=0 stuck=0 replayTicks=382 replayOverruns=0 freshProtects=37 staleProtects=0
LogOGResimProbe: Warning: [Warning][ResimProbe.Landing] class=LocallyPredicted behind=59 atFrontier=0 discarded=0 atFrontierPerMille=0 windowSamples=120
LogOGResimProbe: Warning: [Warning][ResimProbe.Landing] class=RemoteProxy behind=61 atFrontier=0 discarded=0 atFrontierPerMille=0 windowSamples=120
LogOGDivergenceProbe: Warning: [Warning][DivergenceProbe.Window] class=LocallyPredicted corrections=60 disagreed=60 ratePerMille=1000 windowSamples=120
LogOGDivergenceProbe: Warning: [Warning][DivergenceProbe.Window] class=RemoteProxy corrections=60 disagreed=60 ratePerMille=1000 windowSamples=120
LogOGResimProbe: Warning: [Warning][ResimProbe.Frame] role=Client simTicks=120 frames=199 meanTicksPerFrameX100=60 p50=1 p99=1 max=1 meanFrameUs=10000
LogOGResimProbe: Warning: [Warning][ResimProbe.Frame] role=Client cadence dFrame1=41 dFrame0=0 dFrameGt1=79 discont=0 numSteps total=120 max=1 gt1=0
LogOGRelayProbe: Warning: [Warning][RelayProbe.Read] window=[23413,23533] src=Prediction hit=25 miss=95 verifyFail=0 rung0=0 total=120
LogOGRelayProbe: Warning: [Warning][RelayProbe.Read] window=[23413,23533] src=Resim hit=396 miss=55 verifyFail=0 rung0=0 total=451
LogOGRelayProbe: Warning: [Warning][RelayProbe.Miss] window=[23413,23533] src=Prediction inSpan=0 aboveNewest=95 belowOldest=0 noProbeTick=0 miss=95
LogOGRelayProbe: Warning: [Warning][RelayProbe.Miss] window=[23413,23533] src=Resim inSpan=0 aboveNewest=55 belowOldest=0 noProbeTick=0 miss=55
LogOGRelayProbe: Warning: [Warning][RelayProbe.Delta] window=[23413,23533] src=Prediction n=120 p10=0 p50=1 p90=3 min=-1 max=4 satLow=0 satHigh=0
LogOGRelayProbe: Warning: [Warning][RelayProbe.Delta] window=[23413,23533] src=Resim n=451 p10=-5 p50=-2 p90=1 min=-9 max=3 satLow=0 satHigh=0
LogOGRelayProbe: Warning: [Warning][RelayProbe.Stale] window=[23413,23533] maxConsecutiveFallbackRun=11 id=28409
LogOGResimProbe: Warning: [Warning][ResimProbe.Gate] checks=120 declined=55 requested=65 requestedPerMille=542 deepSkips=0 survivingAnchors=0
LogOGResimProbe: Warning: [Warning][ResimProbe.Chaos] requests=65 grants=62 refused=3 refusedPerMille=46 repeat=3 clamped=0 depthMin=5 depthMax=8
LogOGResimProbe: Warning: [Warning][ResimProbe.Apply] prepares=62 finishes=62 abandoned=0 stuck=0 replayTicks=468 replayOverruns=0 freshProtects=38 staleProtects=1
LogOGResimProbe: Warning: [Warning][ResimProbe.Landing] class=LocallyPredicted behind=60 atFrontier=0 discarded=0 atFrontierPerMille=0 windowSamples=120
LogOGResimProbe: Warning: [Warning][ResimProbe.Landing] class=RemoteProxy behind=60 atFrontier=0 discarded=0 atFrontierPerMille=0 windowSamples=120
LogOGDivergenceProbe: Warning: [Warning][DivergenceProbe.Window] class=LocallyPredicted corrections=59 disagreed=59 ratePerMille=1000 windowSamples=120
LogOGDivergenceProbe: Warning: [Warning][DivergenceProbe.Window] class=RemoteProxy corrections=61 disagreed=61 ratePerMille=1000 windowSamples=120
LogOGRelayProbe: Warning: [Warning][RelayProbe.Arrival] samples=120 gapCaptureTicks p50=2 p99=4 max=5 noAdvance=0 saturated=0 lostCaptureTicksX1000=8 lost=2 delivered=225 expected=227 discont=0 discontMax=0
LogOGResimProbe: Warning: [Warning][ResimProbe.Frame] role=Client simTicks=120 frames=200 meanTicksPerFrameX100=60 p50=1 p99=1 max=1 meanFrameUs=10000
LogOGResimProbe: Warning: [Warning][ResimProbe.Frame] role=Client cadence dFrame1=40 dFrame0=0 dFrameGt1=80 discont=0 numSteps total=120 max=1 gt1=0
LogOGRelayProbe: Warning: [Warning][RelayProbe.Read] window=[23533,23653] src=Prediction hit=38 miss=82 verifyFail=0 rung0=0 total=120
LogOGRelayProbe: Warning: [Warning][RelayProbe.Read] window=[23533,23653] src=Resim hit=384 miss=60 verifyFail=0 rung0=0 total=444
LogOGRelayProbe: Warning: [Warning][RelayProbe.Miss] window=[23533,23653] src=Prediction inSpan=0 aboveNewest=82 belowOldest=0 noProbeTick=0 miss=82
LogOGRelayProbe: Warning: [Warning][RelayProbe.Miss] window=[23533,23653] src=Resim inSpan=10 aboveNewest=50 belowOldest=0 noProbeTick=0 miss=60
LogOGRelayProbe: Warning: [Warning][RelayProbe.Delta] window=[23533,23653] src=Prediction n=120 p10=0 p50=1 p90=3 min=-2 max=4 satLow=0 satHigh=0
LogOGRelayProbe: Warning: [Warning][RelayProbe.Delta] window=[23533,23653] src=Resim n=444 p10=-6 p50=-2 p90=1 min=-9 max=4 satLow=0 satHigh=0
LogOGRelayProbe: Warning: [Warning][RelayProbe.Stale] window=[23533,23653] maxConsecutiveFallbackRun=12 id=28409
LogOGResimProbe: Warning: [Warning][ResimProbe.Gate] checks=120 declined=58 requested=62 requestedPerMille=517 deepSkips=0 survivingAnchors=0
LogOGResimProbe: Warning: [Warning][ResimProbe.Chaos] requests=63 grants=63 refused=0 refusedPerMille=0 repeat=0 clamped=0 depthMin=4 depthMax=8
LogOGResimProbe: Warning: [Warning][ResimProbe.Apply] prepares=63 finishes=63 abandoned=0 stuck=0 replayTicks=470 replayOverruns=0 freshProtects=33 staleProtects=0
LogOGResimProbe: Warning: [Warning][ResimProbe.Landing] class=LocallyPredicted behind=60 atFrontier=0 discarded=0 atFrontierPerMille=0 windowSamples=120
LogOGResimProbe: Warning: [Warning][ResimProbe.Landing] class=RemoteProxy behind=60 atFrontier=0 discarded=0 atFrontierPerMille=0 windowSamples=120
LogOGDivergenceProbe: Warning: [Warning][DivergenceProbe.Window] class=LocallyPredicted corrections=61 disagreed=61 ratePerMille=1000 windowSamples=120
LogOGDivergenceProbe: Warning: [Warning][DivergenceProbe.Window] class=RemoteProxy corrections=59 disagreed=59 ratePerMille=1000 windowSamples=120
LogOGResimProbe: Warning: [Warning][ResimProbe.Frame] role=Client simTicks=120 frames=199 meanTicksPerFrameX100=60 p50=1 p99=1 max=1 meanFrameUs=9999
LogOGResimProbe: Warning: [Warning][ResimProbe.Frame] role=Client cadence dFrame1=41 dFrame0=0 dFrameGt1=79 discont=0 numSteps total=120 max=1 gt1=0
LogOGRelayProbe: Warning: [Warning][RelayProbe.Read] window=[23653,23773] src=Prediction hit=46 miss=74 verifyFail=0 rung0=0 total=120
LogOGRelayProbe: Warning: [Warning][RelayProbe.Read] window=[23653,23773] src=Resim hit=421 miss=45 verifyFail=0 rung0=0 total=466
LogOGRelayProbe: Warning: [Warning][RelayProbe.Miss] window=[23653,23773] src=Prediction inSpan=0 aboveNewest=74 belowOldest=0 noProbeTick=0 miss=74
LogOGRelayProbe: Warning: [Warning][RelayProbe.Miss] window=[23653,23773] src=Resim inSpan=0 aboveNewest=45 belowOldest=0 noProbeTick=0 miss=45
LogOGRelayProbe: Warning: [Warning][RelayProbe.Delta] window=[23653,23773] src=Prediction n=120 p10=-1 p50=1 p90=2 min=-2 max=4 satLow=0 satHigh=0
LogOGRelayProbe: Warning: [Warning][RelayProbe.Delta] window=[23653,23773] src=Resim n=466 p10=-6 p50=-3 p90=0 min=-8 max=4 satLow=0 satHigh=0
LogOGRelayProbe: Warning: [Warning][RelayProbe.Stale] window=[23653,23773] maxConsecutiveFallbackRun=10 id=28409
LogOGResimProbe: Warning: [Warning][ResimProbe.Gate] checks=120 declined=58 requested=62 requestedPerMille=517 deepSkips=0 survivingAnchors=0
LogOGResimProbe: Warning: [Warning][ResimProbe.Chaos] requests=62 grants=62 refused=0 refusedPerMille=0 repeat=0 clamped=0 depthMin=5 depthMax=9
LogOGResimProbe: Warning: [Warning][ResimProbe.Apply] prepares=62 finishes=62 abandoned=0 stuck=0 replayTicks=481 replayOverruns=0 freshProtects=37 staleProtects=0
LogOGResimProbe: Warning: [Warning][ResimProbe.Landing] class=LocallyPredicted behind=60 atFrontier=0 discarded=0 atFrontierPerMille=0 windowSamples=120
LogOGResimProbe: Warning: [Warning][ResimProbe.Landing] class=RemoteProxy behind=60 atFrontier=0 discarded=0 atFrontierPerMille=0 windowSamples=120
LogOGDivergenceProbe: Warning: [Warning][DivergenceProbe.Window] class=LocallyPredicted corrections=60 disagreed=60 ratePerMille=1000 windowSamples=120
LogOGDivergenceProbe: Warning: [Warning][DivergenceProbe.Window] class=RemoteProxy corrections=60 disagreed=60 ratePerMille=1000 windowSamples=120
LogOGRelayProbe: Warning: [Warning][RelayProbe.Arrival] samples=120 gapCaptureTicks p50=2 p99=4 max=4 noAdvance=0 saturated=0 lostCaptureTicksX1000=17 lost=4 delivered=224 expected=228 discont=0 discontMax=0
LogOGResimProbe: Warning: [Warning][ResimProbe.Frame] role=Client simTicks=120 frames=202 meanTicksPerFrameX100=59 p50=1 p99=1 max=1 meanFrameUs=10000
LogOGResimProbe: Warning: [Warning][ResimProbe.Frame] role=Client cadence dFrame1=38 dFrame0=0 dFrameGt1=82 discont=0 numSteps total=120 max=1 gt1=0
LogOGRelayProbe: Warning: [Warning][RelayProbe.Read] window=[23773,23893] src=Prediction hit=68 miss=52 verifyFail=0 rung0=0 total=120
LogOGRelayProbe: Warning: [Warning][RelayProbe.Read] window=[23773,23893] src=Resim hit=392 miss=22 verifyFail=0 rung0=0 total=414
LogOGRelayProbe: Warning: [Warning][RelayProbe.Miss] window=[23773,23893] src=Prediction inSpan=0 aboveNewest=52 belowOldest=0 noProbeTick=0 miss=52
LogOGRelayProbe: Warning: [Warning][RelayProbe.Miss] window=[23773,23893] src=Resim inSpan=0 aboveNewest=22 belowOldest=0 noProbeTick=0 miss=22
LogOGRelayProbe: Warning: [Warning][RelayProbe.Delta] window=[23773,23893] src=Prediction n=120 p10=-1 p50=0 p90=2 min=-3 max=3 satLow=0 satHigh=0
LogOGRelayProbe: Warning: [Warning][RelayProbe.Delta] window=[23773,23893] src=Resim n=414 p10=-6 p50=-3 p90=0 min=-9 max=2 satLow=0 satHigh=0
LogOGRelayProbe: Warning: [Warning][RelayProbe.Stale] window=[23773,23893] maxConsecutiveFallbackRun=7 id=28409
LogOGResimProbe: Warning: [Warning][ResimProbe.Gate] checks=120 declined=58 requested=62 requestedPerMille=517 deepSkips=0 survivingAnchors=0
LogOGResimProbe: Warning: [Warning][ResimProbe.Chaos] requests=61 grants=61 refused=0 refusedPerMille=0 repeat=0 clamped=0 depthMin=5 depthMax=8
LogOGResimProbe: Warning: [Warning][ResimProbe.Apply] prepares=61 finishes=61 abandoned=0 stuck=0 replayTicks=439 replayOverruns=0 freshProtects=37 staleProtects=0
LogOGResimProbe: Warning: [Warning][ResimProbe.Landing] class=LocallyPredicted behind=61 atFrontier=0 discarded=0 atFrontierPerMille=0 windowSamples=120
LogOGResimProbe: Warning: [Warning][ResimProbe.Landing] class=RemoteProxy behind=59 atFrontier=0 discarded=0 atFrontierPerMille=0 windowSamples=120
LogOGDivergenceProbe: Warning: [Warning][DivergenceProbe.Window] class=LocallyPredicted corrections=60 disagreed=60 ratePerMille=1000 windowSamples=120
LogOGDivergenceProbe: Warning: [Warning][DivergenceProbe.Window] class=RemoteProxy corrections=60 disagreed=60 ratePerMille=1000 windowSamples=120
LogOGResimProbe: Warning: [Warning][ResimProbe.Frame] role=Client simTicks=120 frames=199 meanTicksPerFrameX100=60 p50=1 p99=1 max=1 meanFrameUs=9999
LogOGResimProbe: Warning: [Warning][ResimProbe.Frame] role=Client cadence dFrame1=41 dFrame0=0 dFrameGt1=79 discont=0 numSteps total=120 max=1 gt1=0
LogOGRelayProbe: Warning: [Warning][RelayProbe.Read] window=[23893,24013] src=Prediction hit=56 miss=64 verifyFail=0 rung0=0 total=120
LogOGRelayProbe: Warning: [Warning][RelayProbe.Read] window=[23893,24013] src=Resim hit=414 miss=45 verifyFail=0 rung0=0 total=459
LogOGRelayProbe: Warning: [Warning][RelayProbe.Miss] window=[23893,24013] src=Prediction inSpan=0 aboveNewest=64 belowOldest=0 noProbeTick=0 miss=64
LogOGRelayProbe: Warning: [Warning][RelayProbe.Miss] window=[23893,24013] src=Resim inSpan=6 aboveNewest=39 belowOldest=0 noProbeTick=0 miss=45
LogOGRelayProbe: Warning: [Warning][RelayProbe.Delta] window=[23893,24013] src=Prediction n=120 p10=-1 p50=1 p90=2 min=-3 max=6 satLow=0 satHigh=0
LogOGRelayProbe: Warning: [Warning][RelayProbe.Delta] window=[23893,24013] src=Resim n=459 p10=-6 p50=-3 p90=0 min=-9 max=5 satLow=0 satHigh=0
LogOGRelayProbe: Warning: [Warning][RelayProbe.Stale] window=[23893,24013] maxConsecutiveFallbackRun=13 id=28409
LogOGResimProbe: Warning: [Warning][ResimProbe.Gate] checks=120 declined=60 requested=60 requestedPerMille=500 deepSkips=0 survivingAnchors=0
LogOGResimProbe: Warning: [Warning][ResimProbe.Chaos] requests=60 grants=60 refused=0 refusedPerMille=0 repeat=0 clamped=0 depthMin=5 depthMax=8
LogOGResimProbe: Warning: [Warning][ResimProbe.Apply] prepares=60 finishes=60 abandoned=0 stuck=0 replayTicks=453 replayOverruns=0 freshProtects=40 staleProtects=0
LogOGRelayProbe: Warning: [Warning][RelayProbe.Arrival] samples=120 gapCaptureTicks p50=2 p99=4 max=5 noAdvance=0 saturated=0 lostCaptureTicksX1000=13 lost=3 delivered=212 expected=215 discont=0 discontMax=0
LogOGResimProbe: Warning: [Warning][ResimProbe.Landing] class=LocallyPredicted behind=60 atFrontier=0 discarded=0 atFrontierPerMille=0 windowSamples=120
LogOGResimProbe: Warning: [Warning][ResimProbe.Landing] class=RemoteProxy behind=60 atFrontier=0 discarded=0 atFrontierPerMille=0 windowSamples=120
LogOGDivergenceProbe: Warning: [Warning][DivergenceProbe.Window] class=LocallyPredicted corrections=61 disagreed=61 ratePerMille=1000 windowSamples=120
LogOGDivergenceProbe: Warning: [Warning][DivergenceProbe.Window] class=RemoteProxy corrections=59 disagreed=59 ratePerMille=1000 windowSamples=120
LogOGResimProbe: Warning: [Warning][ResimProbe.Frame] role=Client simTicks=120 frames=200 meanTicksPerFrameX100=60 p50=1 p99=1 max=1 meanFrameUs=10000
LogOGResimProbe: Warning: [Warning][ResimProbe.Frame] role=Client cadence dFrame1=40 dFrame0=0 dFrameGt1=80 discont=0 numSteps total=120 max=1 gt1=0
LogOGRelayProbe: Warning: [Warning][RelayProbe.Read] window=[24013,24133] src=Prediction hit=37 miss=83 verifyFail=0 rung0=0 total=120
LogOGRelayProbe: Warning: [Warning][RelayProbe.Read] window=[24013,24133] src=Resim hit=373 miss=49 verifyFail=0 rung0=0 total=422
LogOGRelayProbe: Warning: [Warning][RelayProbe.Miss] window=[24013,24133] src=Prediction inSpan=0 aboveNewest=83 belowOldest=0 noProbeTick=0 miss=83
LogOGRelayProbe: Warning: [Warning][RelayProbe.Miss] window=[24013,24133] src=Resim inSpan=0 aboveNewest=49 belowOldest=0 noProbeTick=0 miss=49
LogOGRelayProbe: Warning: [Warning][RelayProbe.Delta] window=[24013,24133] src=Prediction n=120 p10=0 p50=1 p90=3 min=-2 max=5 satLow=0 satHigh=0
LogOGRelayProbe: Warning: [Warning][RelayProbe.Delta] window=[24013,24133] src=Resim n=422 p10=-6 p50=-2 p90=1 min=-8 max=3 satLow=0 satHigh=0
LogOGRelayProbe: Warning: [Warning][RelayProbe.Stale] window=[24013,24133] maxConsecutiveFallbackRun=23 id=28409
LogOGResimProbe: Warning: [Warning][ResimProbe.Gate] checks=120 declined=55 requested=65 requestedPerMille=542 deepSkips=0 survivingAnchors=0
LogOGResimProbe: Warning: [Warning][ResimProbe.Chaos] requests=65 grants=59 refused=6 refusedPerMille=92 repeat=6 clamped=0 depthMin=5 depthMax=9
LogOGResimProbe: Warning: [Warning][ResimProbe.Apply] prepares=59 finishes=59 abandoned=0 stuck=0 replayTicks=455 replayOverruns=0 freshProtects=40 staleProtects=0
LogOGResimProbe: Warning: [Warning][ResimProbe.Landing] class=LocallyPredicted behind=60 atFrontier=0 discarded=0 atFrontierPerMille=0 windowSamples=120
LogOGResimProbe: Warning: [Warning][ResimProbe.Landing] class=RemoteProxy behind=60 atFrontier=0 discarded=0 atFrontierPerMille=0 windowSamples=120
LogOGDivergenceProbe: Warning: [Warning][DivergenceProbe.Window] class=LocallyPredicted corrections=59 disagreed=59 ratePerMille=1000 windowSamples=120
LogOGDivergenceProbe: Warning: [Warning][DivergenceProbe.Window] class=RemoteProxy corrections=61 disagreed=61 ratePerMille=1000 windowSamples=120
LogOGResimProbe: Warning: [Warning][ResimProbe.Frame] role=Client simTicks=120 frames=200 meanTicksPerFrameX100=60 p50=1 p99=1 max=1 meanFrameUs=10000
LogOGResimProbe: Warning: [Warning][ResimProbe.Frame] role=Client cadence dFrame1=40 dFrame0=0 dFrameGt1=80 discont=0 numSteps total=120 max=1 gt1=0
LogOGRelayProbe: Warning: [Warning][RelayProbe.Arrival] samples=120 gapCaptureTicks p50=2 p99=4 max=5 noAdvance=0 saturated=0 lostCaptureTicksX1000=0 lost=0 delivered=229 expected=229 discont=0 discontMax=0
LogOGRelayProbe: Warning: [Warning][RelayProbe.Read] window=[24133,24253] src=Prediction hit=29 miss=91 verifyFail=0 rung0=0 total=120
LogOGRelayProbe: Warning: [Warning][RelayProbe.Read] window=[24133,24253] src=Resim hit=387 miss=54 verifyFail=0 rung0=0 total=441
LogOGRelayProbe: Warning: [Warning][RelayProbe.Miss] window=[24133,24253] src=Prediction inSpan=0 aboveNewest=91 belowOldest=0 noProbeTick=0 miss=91
LogOGRelayProbe: Warning: [Warning][RelayProbe.Miss] window=[24133,24253] src=Resim inSpan=0 aboveNewest=54 belowOldest=0 noProbeTick=0 miss=54
LogOGRelayProbe: Warning: [Warning][RelayProbe.Delta] window=[24133,24253] src=Prediction n=120 p10=0 p50=1 p90=3 min=-1 max=4 satLow=0 satHigh=0
LogOGRelayProbe: Warning: [Warning][RelayProbe.Delta] window=[24133,24253] src=Resim n=441 p10=-6 p50=-2 p90=1 min=-8 max=3 satLow=0 satHigh=0
LogOGRelayProbe: Warning: [Warning][RelayProbe.Stale] window=[24133,24253] maxConsecutiveFallbackRun=14 id=28409
LogOGResimProbe: Warning: [Warning][ResimProbe.Gate] checks=120 declined=61 requested=59 requestedPerMille=492 deepSkips=0 survivingAnchors=0
LogOGResimProbe: Warning: [Warning][ResimProbe.Chaos] requests=60 grants=60 refused=0 refusedPerMille=0 repeat=0 clamped=0 depthMin=5 depthMax=8
LogOGResimProbe: Warning: [Warning][ResimProbe.Apply] prepares=60 finishes=60 abandoned=0 stuck=0 replayTicks=464 replayOverruns=0 freshProtects=41 staleProtects=0
LogOGResimProbe: Warning: [Warning][ResimProbe.Landing] class=LocallyPredicted behind=61 atFrontier=0 discarded=0 atFrontierPerMille=0 windowSamples=120
LogOGResimProbe: Warning: [Warning][ResimProbe.Landing] class=RemoteProxy behind=59 atFrontier=0 discarded=0 atFrontierPerMille=0 windowSamples=120
LogOGDivergenceProbe: Warning: [Warning][DivergenceProbe.Window] class=LocallyPredicted corrections=61 disagreed=61 ratePerMille=1000 windowSamples=120
LogOGDivergenceProbe: Warning: [Warning][DivergenceProbe.Window] class=RemoteProxy corrections=59 disagreed=59 ratePerMille=1000 windowSamples=120
LogOGResimProbe: Warning: [Warning][ResimProbe.Frame] role=Client simTicks=120 frames=200 meanTicksPerFrameX100=60 p50=1 p99=1 max=1 meanFrameUs=10000
LogOGResimProbe: Warning: [Warning][ResimProbe.Frame] role=Client cadence dFrame1=40 dFrame0=0 dFrameGt1=80 discont=0 numSteps total=120 max=1 gt1=0
LogOGRelayProbe: Warning: [Warning][RelayProbe.Read] window=[24253,24373] src=Prediction hit=40 miss=80 verifyFail=0 rung0=0 total=120
LogOGRelayProbe: Warning: [Warning][RelayProbe.Read] window=[24253,24373] src=Resim hit=392 miss=49 verifyFail=0 rung0=0 total=441
LogOGRelayProbe: Warning: [Warning][RelayProbe.Miss] window=[24253,24373] src=Prediction inSpan=0 aboveNewest=80 belowOldest=0 noProbeTick=0 miss=80
LogOGRelayProbe: Warning: [Warning][RelayProbe.Miss] window=[24253,24373] src=Resim inSpan=4 aboveNewest=45 belowOldest=0 noProbeTick=0 miss=49
LogOGRelayProbe: Warning: [Warning][RelayProbe.Delta] window=[24253,24373] src=Prediction n=120 p10=-1 p50=1 p90=3 min=-2 max=4 satLow=0 satHigh=0
LogOGRelayProbe: Warning: [Warning][RelayProbe.Delta] window=[24253,24373] src=Resim n=441 p10=-6 p50=-3 p90=1 min=-9 max=4 satLow=0 satHigh=0
LogOGRelayProbe: Warning: [Warning][RelayProbe.Stale] window=[24253,24373] maxConsecutiveFallbackRun=13 id=28409
LogOGResimProbe: Warning: [Warning][ResimProbe.Gate] checks=120 declined=61 requested=59 requestedPerMille=492 deepSkips=0 survivingAnchors=0
LogOGResimProbe: Warning: [Warning][ResimProbe.Chaos] requests=58 grants=58 refused=0 refusedPerMille=0 repeat=0 clamped=0 depthMin=5 depthMax=8
LogOGResimProbe: Warning: [Warning][ResimProbe.Apply] prepares=58 finishes=58 abandoned=0 stuck=0 replayTicks=447 replayOverruns=0 freshProtects=36 staleProtects=0
LogOGResimProbe: Warning: [Warning][ResimProbe.Landing] class=LocallyPredicted behind=60 atFrontier=0 discarded=0 atFrontierPerMille=0 windowSamples=120
LogOGResimProbe: Warning: [Warning][ResimProbe.Landing] class=RemoteProxy behind=60 atFrontier=0 discarded=0 atFrontierPerMille=0 windowSamples=120
LogOGDivergenceProbe: Warning: [Warning][DivergenceProbe.Window] class=LocallyPredicted corrections=60 disagreed=60 ratePerMille=1000 windowSamples=120
LogOGDivergenceProbe: Warning: [Warning][DivergenceProbe.Window] class=RemoteProxy corrections=60 disagreed=60 ratePerMille=1000 windowSamples=120
LogOGResimProbe: Warning: [Warning][ResimProbe.Frame] role=Client simTicks=120 frames=201 meanTicksPerFrameX100=59 p50=1 p99=1 max=1 meanFrameUs=10000
LogOGResimProbe: Warning: [Warning][ResimProbe.Frame] role=Client cadence dFrame1=39 dFrame0=0 dFrameGt1=81 discont=0 numSteps total=120 max=1 gt1=0
LogOGRelayProbe: Warning: [Warning][RelayProbe.Arrival] samples=120 gapCaptureTicks p50=2 p99=4 max=4 noAdvance=0 saturated=0 lostCaptureTicksX1000=8 lost=2 delivered=223 expected=225 discont=0 discontMax=0
LogOGRelayProbe: Warning: [Warning][RelayProbe.Read] window=[24373,24493] src=Prediction hit=36 miss=84 verifyFail=0 rung0=0 total=120
LogOGRelayProbe: Warning: [Warning][RelayProbe.Read] window=[24373,24493] src=Resim hit=462 miss=59 verifyFail=0 rung0=0 total=521
LogOGRelayProbe: Warning: [Warning][RelayProbe.Miss] window=[24373,24493] src=Prediction inSpan=0 aboveNewest=84 belowOldest=0 noProbeTick=0 miss=84
LogOGRelayProbe: Warning: [Warning][RelayProbe.Miss] window=[24373,24493] src=Resim inSpan=0 aboveNewest=59 belowOldest=0 noProbeTick=0 miss=59
LogOGRelayProbe: Warning: [Warning][RelayProbe.Delta] window=[24373,24493] src=Prediction n=120 p10=0 p50=1 p90=3 min=-2 max=4 satLow=0 satHigh=0
LogOGRelayProbe: Warning: [Warning][RelayProbe.Delta] window=[24373,24493] src=Resim n=521 p10=-6 p50=-3 p90=1 min=-9 max=4 satLow=0 satHigh=0
LogOGRelayProbe: Warning: [Warning][RelayProbe.Stale] window=[24373,24493] maxConsecutiveFallbackRun=12 id=28409
LogOGResimProbe: Warning: [Warning][ResimProbe.Gate] checks=120 declined=53 requested=67 requestedPerMille=558 deepSkips=0 survivingAnchors=0
LogOGResimProbe: Warning: [Warning][ResimProbe.Chaos] requests=68 grants=68 refused=0 refusedPerMille=0 repeat=0 clamped=0 depthMin=5 depthMax=8
LogOGResimProbe: Warning: [Warning][ResimProbe.Apply] prepares=68 finishes=68 abandoned=0 stuck=0 replayTicks=542 replayOverruns=0 freshProtects=37 staleProtects=0
LogOGResimProbe: Warning: [Warning][ResimProbe.Landing] class=LocallyPredicted behind=60 atFrontier=0 discarded=0 atFrontierPerMille=0 windowSamples=120
LogOGResimProbe: Warning: [Warning][ResimProbe.Landing] class=RemoteProxy behind=60 atFrontier=0 discarded=0 atFrontierPerMille=0 windowSamples=120
LogOGDivergenceProbe: Warning: [Warning][DivergenceProbe.Window] class=LocallyPredicted corrections=60 disagreed=60 ratePerMille=1000 windowSamples=120
LogOGDivergenceProbe: Warning: [Warning][DivergenceProbe.Window] class=RemoteProxy corrections=60 disagreed=60 ratePerMille=1000 windowSamples=120
LogOGResimProbe: Warning: [Warning][ResimProbe.Frame] role=Client simTicks=120 frames=200 meanTicksPerFrameX100=60 p50=1 p99=1 max=1 meanFrameUs=10002
LogOGResimProbe: Warning: [Warning][ResimProbe.Frame] role=Client cadence dFrame1=40 dFrame0=0 dFrameGt1=80 discont=0 numSteps total=120 max=1 gt1=0
LogOGRelayProbe: Warning: [Warning][RelayProbe.Read] window=[24493,24613] src=Prediction hit=49 miss=71 verifyFail=0 rung0=0 total=120
LogOGRelayProbe: Warning: [Warning][RelayProbe.Read] window=[24493,24613] src=Resim hit=403 miss=50 verifyFail=0 rung0=0 total=453
LogOGRelayProbe: Warning: [Warning][RelayProbe.Miss] window=[24493,24613] src=Prediction inSpan=0 aboveNewest=71 belowOldest=0 noProbeTick=0 miss=71
LogOGRelayProbe: Warning: [Warning][RelayProbe.Miss] window=[24493,24613] src=Resim inSpan=0 aboveNewest=50 belowOldest=0 noProbeTick=0 miss=50
LogOGRelayProbe: Warning: [Warning][RelayProbe.Delta] window=[24493,24613] src=Prediction n=120 p10=-1 p50=1 p90=3 min=-2 max=4 satLow=0 satHigh=0
LogOGRelayProbe: Warning: [Warning][RelayProbe.Delta] window=[24493,24613] src=Resim n=453 p10=-6 p50=-3 p90=1 min=-8 max=3 satLow=0 satHigh=0
LogOGRelayProbe: Warning: [Warning][RelayProbe.Stale] window=[24493,24613] maxConsecutiveFallbackRun=13 id=28409
LogOGResimProbe: Warning: [Warning][ResimProbe.Gate] checks=120 declined=55 requested=65 requestedPerMille=542 deepSkips=0 survivingAnchors=0
LogOGResimProbe: Warning: [Warning][ResimProbe.Chaos] requests=64 grants=64 refused=0 refusedPerMille=0 repeat=0 clamped=0 depthMin=5 depthMax=8
LogOGResimProbe: Warning: [Warning][ResimProbe.Apply] prepares=64 finishes=64 abandoned=0 stuck=0 replayTicks=466 replayOverruns=0 freshProtects=37 staleProtects=0
LogOGResimProbe: Warning: [Warning][ResimProbe.Landing] class=LocallyPredicted behind=60 atFrontier=0 discarded=0 atFrontierPerMille=0 windowSamples=120
LogOGResimProbe: Warning: [Warning][ResimProbe.Landing] class=RemoteProxy behind=60 atFrontier=0 discarded=0 atFrontierPerMille=0 windowSamples=120
LogOGDivergenceProbe: Warning: [Warning][DivergenceProbe.Window] class=LocallyPredicted corrections=61 disagreed=61 ratePerMille=1000 windowSamples=120
LogOGDivergenceProbe: Warning: [Warning][DivergenceProbe.Window] class=RemoteProxy corrections=59 disagreed=59 ratePerMille=1000 windowSamples=120
LogOGResimProbe: Warning: [Warning][ResimProbe.Frame] role=Client simTicks=120 frames=199 meanTicksPerFrameX100=60 p50=1 p99=1 max=1 meanFrameUs=9997
LogOGResimProbe: Warning: [Warning][ResimProbe.Frame] role=Client cadence dFrame1=41 dFrame0=0 dFrameGt1=79 discont=0 numSteps total=120 max=1 gt1=0
LogOGRelayProbe: Warning: [Warning][RelayProbe.Arrival] samples=120 gapCaptureTicks p50=2 p99=4 max=4 noAdvance=0 saturated=0 lostCaptureTicksX1000=8 lost=2 delivered=227 expected=229 discont=0 discontMax=0
LogOGRelayProbe: Warning: [Warning][RelayProbe.Read] window=[24613,24733] src=Prediction hit=28 miss=92 verifyFail=0 rung0=0 total=120
LogOGRelayProbe: Warning: [Warning][RelayProbe.Read] window=[24613,24733] src=Resim hit=430 miss=77 verifyFail=0 rung0=0 total=507
LogOGRelayProbe: Warning: [Warning][RelayProbe.Miss] window=[24613,24733] src=Prediction inSpan=0 aboveNewest=92 belowOldest=0 noProbeTick=0 miss=92
LogOGRelayProbe: Warning: [Warning][RelayProbe.Miss] window=[24613,24733] src=Resim inSpan=7 aboveNewest=70 belowOldest=0 noProbeTick=0 miss=77
LogOGRelayProbe: Warning: [Warning][RelayProbe.Delta] window=[24613,24733] src=Prediction n=120 p10=0 p50=1 p90=3 min=-2 max=4 satLow=0 satHigh=0
LogOGRelayProbe: Warning: [Warning][RelayProbe.Delta] window=[24613,24733] src=Resim n=507 p10=-5 p50=-2 p90=1 min=-8 max=3 satLow=0 satHigh=0
LogOGRelayProbe: Warning: [Warning][RelayProbe.Stale] window=[24613,24733] maxConsecutiveFallbackRun=18 id=28409
LogOGResimProbe: Warning: [Warning][ResimProbe.Gate] checks=120 declined=50 requested=70 requestedPerMille=583 deepSkips=0 survivingAnchors=0
LogOGResimProbe: Warning: [Warning][ResimProbe.Chaos] requests=70 grants=70 refused=0 refusedPerMille=0 repeat=0 clamped=0 depthMin=5 depthMax=8
LogOGResimProbe: Warning: [Warning][ResimProbe.Apply] prepares=70 finishes=70 abandoned=0 stuck=0 replayTicks=537 replayOverruns=0 freshProtects=36 staleProtects=0
LogOGResimProbe: Warning: [Warning][ResimProbe.Landing] class=LocallyPredicted behind=60 atFrontier=0 discarded=0 atFrontierPerMille=0 windowSamples=120
LogOGResimProbe: Warning: [Warning][ResimProbe.Landing] class=RemoteProxy behind=60 atFrontier=0 discarded=0 atFrontierPerMille=0 windowSamples=120
LogOGDivergenceProbe: Warning: [Warning][DivergenceProbe.Window] class=LocallyPredicted corrections=59 disagreed=59 ratePerMille=1000 windowSamples=120
LogOGDivergenceProbe: Warning: [Warning][DivergenceProbe.Window] class=RemoteProxy corrections=61 disagreed=61 ratePerMille=1000 windowSamples=120
LogOGResimProbe: Warning: [Warning][ResimProbe.Frame] role=Client simTicks=120 frames=200 meanTicksPerFrameX100=60 p50=1 p99=1 max=1 meanFrameUs=10000
LogOGResimProbe: Warning: [Warning][ResimProbe.Frame] role=Client cadence dFrame1=40 dFrame0=0 dFrameGt1=80 discont=0 numSteps total=120 max=1 gt1=0
LogOGRelayProbe: Warning: [Warning][RelayProbe.Read] window=[24733,24853] src=Prediction hit=24 miss=96 verifyFail=0 rung0=0 total=120
LogOGRelayProbe: Warning: [Warning][RelayProbe.Read] window=[24733,24853] src=Resim hit=440 miss=104 verifyFail=0 rung0=0 total=544
LogOGRelayProbe: Warning: [Warning][RelayProbe.Miss] window=[24733,24853] src=Prediction inSpan=0 aboveNewest=96 belowOldest=0 noProbeTick=0 miss=96
LogOGRelayProbe: Warning: [Warning][RelayProbe.Miss] window=[24733,24853] src=Resim inSpan=9 aboveNewest=95 belowOldest=0 noProbeTick=0 miss=104
LogOGRelayProbe: Warning: [Warning][RelayProbe.Delta] window=[24733,24853] src=Prediction n=120 p10=0 p50=2 p90=3 min=-3 max=4 satLow=0 satHigh=0
LogOGRelayProbe: Warning: [Warning][RelayProbe.Delta] window=[24733,24853] src=Resim n=544 p10=-5 p50=-2 p90=1 min=-8 max=4 satLow=0 satHigh=0
LogOGRelayProbe: Warning: [Warning][RelayProbe.Stale] window=[24733,24853] maxConsecutiveFallbackRun=18 id=28409
LogOGResimProbe: Warning: [Warning][ResimProbe.Gate] checks=120 declined=51 requested=69 requestedPerMille=575 deepSkips=0 survivingAnchors=0
LogOGResimProbe: Warning: [Warning][ResimProbe.Chaos] requests=70 grants=70 refused=0 refusedPerMille=0 repeat=0 clamped=0 depthMin=5 depthMax=8
LogOGResimProbe: Warning: [Warning][ResimProbe.Apply] prepares=70 finishes=70 abandoned=0 stuck=0 replayTicks=549 replayOverruns=0 freshProtects=39 staleProtects=0
LogOGResimProbe: Warning: [Warning][ResimProbe.Landing] class=LocallyPredicted behind=59 atFrontier=0 discarded=0 atFrontierPerMille=0 windowSamples=120
LogOGResimProbe: Warning: [Warning][ResimProbe.Landing] class=RemoteProxy behind=61 atFrontier=0 discarded=0 atFrontierPerMille=0 windowSamples=120
LogOGDivergenceProbe: Warning: [Warning][DivergenceProbe.Window] class=LocallyPredicted corrections=60 disagreed=60 ratePerMille=1000 windowSamples=120
LogOGDivergenceProbe: Warning: [Warning][DivergenceProbe.Window] class=RemoteProxy corrections=60 disagreed=60 ratePerMille=1000 windowSamples=120
LogOGResimProbe: Warning: [Warning][ResimProbe.Frame] role=Client simTicks=120 frames=200 meanTicksPerFrameX100=60 p50=1 p99=1 max=1 meanFrameUs=10000
LogOGResimProbe: Warning: [Warning][ResimProbe.Frame] role=Client cadence dFrame1=40 dFrame0=0 dFrameGt1=80 discont=0 numSteps total=120 max=1 gt1=0
LogOGRelayProbe: Warning: [Warning][RelayProbe.Arrival] samples=120 gapCaptureTicks p50=2 p99=4 max=5 noAdvance=0 saturated=0 lostCaptureTicksX1000=8 lost=2 delivered=233 expected=235 discont=0 discontMax=0
LogOGRelayProbe: Warning: [Warning][RelayProbe.Read] window=[24853,24973] src=Prediction hit=34 miss=86 verifyFail=0 rung0=0 total=120
LogOGRelayProbe: Warning: [Warning][RelayProbe.Read] window=[24853,24973] src=Resim hit=421 miss=61 verifyFail=0 rung0=0 total=482
LogOGRelayProbe: Warning: [Warning][RelayProbe.Miss] window=[24853,24973] src=Prediction inSpan=0 aboveNewest=86 belowOldest=0 noProbeTick=0 miss=86
LogOGRelayProbe: Warning: [Warning][RelayProbe.Miss] window=[24853,24973] src=Resim inSpan=0 aboveNewest=61 belowOldest=0 noProbeTick=0 miss=61
LogOGRelayProbe: Warning: [Warning][RelayProbe.Delta] window=[24853,24973] src=Prediction n=120 p10=0 p50=1 p90=3 min=-2 max=5 satLow=0 satHigh=0
LogOGRelayProbe: Warning: [Warning][RelayProbe.Delta] window=[24853,24973] src=Resim n=482 p10=-5 p50=-2 p90=1 min=-8 max=3 satLow=0 satHigh=0
LogOGRelayProbe: Warning: [Warning][RelayProbe.Stale] window=[24853,24973] maxConsecutiveFallbackRun=11 id=28409
LogOGResimProbe: Warning: [Warning][ResimProbe.Gate] checks=120 declined=54 requested=66 requestedPerMille=550 deepSkips=0 survivingAnchors=0
LogOGResimProbe: Warning: [Warning][ResimProbe.Chaos] requests=66 grants=66 refused=0 refusedPerMille=0 repeat=0 clamped=0 depthMin=5 depthMax=8
LogOGResimProbe: Warning: [Warning][ResimProbe.Apply] prepares=66 finishes=66 abandoned=0 stuck=0 replayTicks=497 replayOverruns=0 freshProtects=37 staleProtects=0
LogOGResimProbe: Warning: [Warning][ResimProbe.Landing] class=LocallyPredicted behind=60 atFrontier=0 discarded=0 atFrontierPerMille=0 windowSamples=120
LogOGResimProbe: Warning: [Warning][ResimProbe.Landing] class=RemoteProxy behind=60 atFrontier=0 discarded=0 atFrontierPerMille=0 windowSamples=120
LogOGDivergenceProbe: Warning: [Warning][DivergenceProbe.Window] class=LocallyPredicted corrections=60 disagreed=60 ratePerMille=1000 windowSamples=120
LogOGDivergenceProbe: Warning: [Warning][DivergenceProbe.Window] class=RemoteProxy corrections=60 disagreed=60 ratePerMille=1000 windowSamples=120
LogOGResimProbe: Warning: [Warning][ResimProbe.Frame] role=Client simTicks=120 frames=199 meanTicksPerFrameX100=60 p50=1 p99=1 max=1 meanFrameUs=10000
LogOGResimProbe: Warning: [Warning][ResimProbe.Frame] role=Client cadence dFrame1=41 dFrame0=0 dFrameGt1=79 discont=0 numSteps total=120 max=1 gt1=0
LogOGRelayProbe: Warning: [Warning][RelayProbe.Read] window=[24973,25093] src=Prediction hit=45 miss=75 verifyFail=0 rung0=0 total=120
LogOGRelayProbe: Warning: [Warning][RelayProbe.Read] window=[24973,25093] src=Resim hit=437 miss=57 verifyFail=0 rung0=0 total=494
LogOGRelayProbe: Warning: [Warning][RelayProbe.Miss] window=[24973,25093] src=Prediction inSpan=0 aboveNewest=75 belowOldest=0 noProbeTick=0 miss=75
LogOGRelayProbe: Warning: [Warning][RelayProbe.Miss] window=[24973,25093] src=Resim inSpan=0 aboveNewest=57 belowOldest=0 noProbeTick=0 miss=57
LogOGRelayProbe: Warning: [Warning][RelayProbe.Delta] window=[24973,25093] src=Prediction n=120 p10=-1 p50=1 p90=2 min=-3 max=3 satLow=0 satHigh=0
LogOGRelayProbe: Warning: [Warning][RelayProbe.Delta] window=[24973,25093] src=Resim n=494 p10=-6 p50=-3 p90=1 min=-8 max=3 satLow=0 satHigh=0
LogOGRelayProbe: Warning: [Warning][RelayProbe.Stale] window=[24973,25093] maxConsecutiveFallbackRun=7 id=28409
LogOGResimProbe: Warning: [Warning][ResimProbe.Gate] checks=120 declined=51 requested=69 requestedPerMille=575 deepSkips=0 survivingAnchors=0
LogOGResimProbe: Warning: [Warning][ResimProbe.Chaos] requests=68 grants=68 refused=0 refusedPerMille=0 repeat=0 clamped=0 depthMin=4 depthMax=8
LogOGResimProbe: Warning: [Warning][ResimProbe.Apply] prepares=68 finishes=68 abandoned=0 stuck=0 replayTicks=512 replayOverruns=0 freshProtects=28 staleProtects=0
LogOGResimProbe: Warning: [Warning][ResimProbe.Landing] class=LocallyPredicted behind=60 atFrontier=0 discarded=0 atFrontierPerMille=0 windowSamples=120
LogOGResimProbe: Warning: [Warning][ResimProbe.Landing] class=RemoteProxy behind=60 atFrontier=0 discarded=0 atFrontierPerMille=0 windowSamples=120
LogOGDivergenceProbe: Warning: [Warning][DivergenceProbe.Window] class=LocallyPredicted corrections=59 disagreed=59 ratePerMille=1000 windowSamples=120
LogOGDivergenceProbe: Warning: [Warning][DivergenceProbe.Window] class=RemoteProxy corrections=61 disagreed=61 ratePerMille=1000 windowSamples=120
LogOGResimProbe: Warning: [Warning][ResimProbe.Frame] role=Client simTicks=120 frames=201 meanTicksPerFrameX100=59 p50=1 p99=1 max=1 meanFrameUs=10000
LogOGResimProbe: Warning: [Warning][ResimProbe.Frame] role=Client cadence dFrame1=39 dFrame0=0 dFrameGt1=81 discont=0 numSteps total=120 max=1 gt1=0
LogOGRelayProbe: Warning: [Warning][RelayProbe.Arrival] samples=120 gapCaptureTicks p50=2 p99=5 max=5 noAdvance=0 saturated=0 lostCaptureTicksX1000=0 lost=0 delivered=225 expected=225 discont=0 discontMax=0
LogOGRelayProbe: Warning: [Warning][RelayProbe.Read] window=[25093,25213] src=Prediction hit=46 miss=74 verifyFail=0 rung0=0 total=120
LogOGRelayProbe: Warning: [Warning][RelayProbe.Read] window=[25093,25213] src=Resim hit=398 miss=39 verifyFail=0 rung0=0 total=437
LogOGRelayProbe: Warning: [Warning][RelayProbe.Miss] window=[25093,25213] src=Prediction inSpan=0 aboveNewest=74 belowOldest=0 noProbeTick=0 miss=74
LogOGRelayProbe: Warning: [Warning][RelayProbe.Miss] window=[25093,25213] src=Resim inSpan=0 aboveNewest=39 belowOldest=0 noProbeTick=0 miss=39
LogOGRelayProbe: Warning: [Warning][RelayProbe.Delta] window=[25093,25213] src=Prediction n=120 p10=-1 p50=1 p90=2 min=-3 max=4 satLow=0 satHigh=0
LogOGRelayProbe: Warning: [Warning][RelayProbe.Delta] window=[25093,25213] src=Resim n=437 p10=-6 p50=-3 p90=0 min=-9 max=3 satLow=0 satHigh=0
LogOGRelayProbe: Warning: [Warning][RelayProbe.Stale] window=[25093,25213] maxConsecutiveFallbackRun=13 id=28409
LogOGResimProbe: Warning: [Warning][ResimProbe.Gate] checks=120 declined=60 requested=60 requestedPerMille=500 deepSkips=0 survivingAnchors=0
LogOGResimProbe: Warning: [Warning][ResimProbe.Chaos] requests=61 grants=61 refused=0 refusedPerMille=0 repeat=0 clamped=0 depthMin=5 depthMax=8
LogOGResimProbe: Warning: [Warning][ResimProbe.Apply] prepares=61 finishes=61 abandoned=0 stuck=0 replayTicks=456 replayOverruns=0 freshProtects=38 staleProtects=0
LogOGResimProbe: Warning: [Warning][ResimProbe.Landing] class=LocallyPredicted behind=59 atFrontier=0 discarded=0 atFrontierPerMille=0 windowSamples=120
LogOGResimProbe: Warning: [Warning][ResimProbe.Landing] class=RemoteProxy behind=61 atFrontier=0 discarded=0 atFrontierPerMille=0 windowSamples=120
LogOGDivergenceProbe: Warning: [Warning][DivergenceProbe.Window] class=LocallyPredicted corrections=60 disagreed=60 ratePerMille=1000 windowSamples=120
LogOGDivergenceProbe: Warning: [Warning][DivergenceProbe.Window] class=RemoteProxy corrections=60 disagreed=60 ratePerMille=1000 windowSamples=120
LogOGResimProbe: Warning: [Warning][ResimProbe.Frame] role=Client simTicks=120 frames=200 meanTicksPerFrameX100=60 p50=1 p99=1 max=1 meanFrameUs=9999
LogOGResimProbe: Warning: [Warning][ResimProbe.Frame] role=Client cadence dFrame1=40 dFrame0=0 dFrameGt1=80 discont=0 numSteps total=120 max=1 gt1=0
LogOGRelayProbe: Warning: [Warning][RelayProbe.Read] window=[25213,25333] src=Prediction hit=59 miss=61 verifyFail=0 rung0=0 total=120
LogOGRelayProbe: Warning: [Warning][RelayProbe.Read] window=[25213,25333] src=Resim hit=409 miss=34 verifyFail=0 rung0=0 total=443
LogOGRelayProbe: Warning: [Warning][RelayProbe.Miss] window=[25213,25333] src=Prediction inSpan=0 aboveNewest=61 belowOldest=0 noProbeTick=0 miss=61
LogOGRelayProbe: Warning: [Warning][RelayProbe.Miss] window=[25213,25333] src=Resim inSpan=0 aboveNewest=34 belowOldest=0 noProbeTick=0 miss=34
LogOGRelayProbe: Warning: [Warning][RelayProbe.Delta] window=[25213,25333] src=Prediction n=120 p10=-1 p50=1 p90=2 min=-2 max=4 satLow=0 satHigh=0
LogOGRelayProbe: Warning: [Warning][RelayProbe.Delta] window=[25213,25333] src=Resim n=443 p10=-6 p50=-3 p90=0 min=-8 max=3 satLow=0 satHigh=0
LogOGRelayProbe: Warning: [Warning][RelayProbe.Stale] window=[25213,25333] maxConsecutiveFallbackRun=6 id=28409
LogOGResimProbe: Warning: [Warning][ResimProbe.Gate] checks=120 declined=56 requested=64 requestedPerMille=533 deepSkips=0 survivingAnchors=0
LogOGResimProbe: Warning: [Warning][ResimProbe.Chaos] requests=63 grants=63 refused=0 refusedPerMille=0 repeat=0 clamped=0 depthMin=5 depthMax=8
LogOGResimProbe: Warning: [Warning][ResimProbe.Apply] prepares=63 finishes=63 abandoned=0 stuck=0 replayTicks=461 replayOverruns=0 freshProtects=29 staleProtects=0
LogOGResimProbe: Warning: [Warning][ResimProbe.Landing] class=LocallyPredicted behind=61 atFrontier=0 discarded=0 atFrontierPerMille=0 windowSamples=120
LogOGResimProbe: Warning: [Warning][ResimProbe.Landing] class=RemoteProxy behind=59 atFrontier=0 discarded=0 atFrontierPerMille=0 windowSamples=120
LogOGDivergenceProbe: Warning: [Warning][DivergenceProbe.Window] class=LocallyPredicted corrections=61 disagreed=61 ratePerMille=1000 windowSamples=120
LogOGDivergenceProbe: Warning: [Warning][DivergenceProbe.Window] class=RemoteProxy corrections=59 disagreed=59 ratePerMille=1000 windowSamples=120
LogOGRelayProbe: Warning: [Warning][RelayProbe.Arrival] samples=120 gapCaptureTicks p50=2 p99=4 max=5 noAdvance=0 saturated=0 lostCaptureTicksX1000=0 lost=0 delivered=218 expected=218 discont=0 discontMax=0
LogOGResimProbe: Warning: [Warning][ResimProbe.Frame] role=Client simTicks=120 frames=201 meanTicksPerFrameX100=59 p50=1 p99=1 max=1 meanFrameUs=10000
LogOGResimProbe: Warning: [Warning][ResimProbe.Frame] role=Client cadence dFrame1=39 dFrame0=0 dFrameGt1=81 discont=0 numSteps total=120 max=1 gt1=0
LogOGRelayProbe: Warning: [Warning][RelayProbe.Read] window=[25333,25453] src=Prediction hit=44 miss=76 verifyFail=0 rung0=0 total=120
LogOGRelayProbe: Warning: [Warning][RelayProbe.Read] window=[25333,25453] src=Resim hit=432 miss=51 verifyFail=0 rung0=0 total=483
LogOGRelayProbe: Warning: [Warning][RelayProbe.Miss] window=[25333,25453] src=Prediction inSpan=0 aboveNewest=76 belowOldest=0 noProbeTick=0 miss=76
LogOGRelayProbe: Warning: [Warning][RelayProbe.Miss] window=[25333,25453] src=Resim inSpan=0 aboveNewest=51 belowOldest=0 noProbeTick=0 miss=51
LogOGRelayProbe: Warning: [Warning][RelayProbe.Delta] window=[25333,25453] src=Prediction n=120 p10=-1 p50=1 p90=2 min=-3 max=4 satLow=0 satHigh=0
LogOGRelayProbe: Warning: [Warning][RelayProbe.Delta] window=[25333,25453] src=Resim n=483 p10=-6 p50=-3 p90=1 min=-8 max=3 satLow=0 satHigh=0
LogOGRelayProbe: Warning: [Warning][RelayProbe.Stale] window=[25333,25453] maxConsecutiveFallbackRun=10 id=28409
LogOGResimProbe: Warning: [Warning][ResimProbe.Gate] checks=120 declined=56 requested=64 requestedPerMille=533 deepSkips=0 survivingAnchors=0
LogOGResimProbe: Warning: [Warning][ResimProbe.Chaos] requests=65 grants=65 refused=0 refusedPerMille=0 repeat=0 clamped=0 depthMin=5 depthMax=8
LogOGResimProbe: Warning: [Warning][ResimProbe.Apply] prepares=65 finishes=65 abandoned=0 stuck=0 replayTicks=489 replayOverruns=0 freshProtects=37 staleProtects=0
LogOGResimProbe: Warning: [Warning][ResimProbe.Landing] class=LocallyPredicted behind=60 atFrontier=0 discarded=0 atFrontierPerMille=0 windowSamples=120
LogOGResimProbe: Warning: [Warning][ResimProbe.Landing] class=RemoteProxy behind=60 atFrontier=0 discarded=0 atFrontierPerMille=0 windowSamples=120
LogOGDivergenceProbe: Warning: [Warning][DivergenceProbe.Window] class=LocallyPredicted corrections=60 disagreed=60 ratePerMille=1000 windowSamples=120
LogOGDivergenceProbe: Warning: [Warning][DivergenceProbe.Window] class=RemoteProxy corrections=60 disagreed=60 ratePerMille=1000 windowSamples=120
LogOGResimProbe: Warning: [Warning][ResimProbe.Frame] role=Client simTicks=120 frames=199 meanTicksPerFrameX100=60 p50=1 p99=1 max=1 meanFrameUs=10000
LogOGResimProbe: Warning: [Warning][ResimProbe.Frame] role=Client cadence dFrame1=41 dFrame0=0 dFrameGt1=79 discont=0 numSteps total=120 max=1 gt1=0
LogOGRelayProbe: Warning: [Warning][RelayProbe.Read] window=[25453,25573] src=Prediction hit=43 miss=77 verifyFail=0 rung0=0 total=120
LogOGRelayProbe: Warning: [Warning][RelayProbe.Read] window=[25453,25573] src=Resim hit=390 miss=55 verifyFail=0 rung0=0 total=445
LogOGRelayProbe: Warning: [Warning][RelayProbe.Miss] window=[25453,25573] src=Prediction inSpan=1 aboveNewest=76 belowOldest=0 noProbeTick=0 miss=77
LogOGRelayProbe: Warning: [Warning][RelayProbe.Miss] window=[25453,25573] src=Resim inSpan=10 aboveNewest=45 belowOldest=0 noProbeTick=0 miss=55
LogOGRelayProbe: Warning: [Warning][RelayProbe.Delta] window=[25453,25573] src=Prediction n=120 p10=-1 p50=1 p90=3 min=-2 max=4 satLow=0 satHigh=0
LogOGRelayProbe: Warning: [Warning][RelayProbe.Delta] window=[25453,25573] src=Resim n=445 p10=-6 p50=-3 p90=1 min=-8 max=3 satLow=0 satHigh=0
LogOGRelayProbe: Warning: [Warning][RelayProbe.Stale] window=[25453,25573] maxConsecutiveFallbackRun=8 id=28409
LogOGResimProbe: Warning: [Warning][ResimProbe.Gate] checks=120 declined=55 requested=65 requestedPerMille=542 deepSkips=0 survivingAnchors=0
LogOGResimProbe: Warning: [Warning][ResimProbe.Chaos] requests=64 grants=64 refused=0 refusedPerMille=0 repeat=0 clamped=0 depthMin=4 depthMax=8
LogOGResimProbe: Warning: [Warning][ResimProbe.Apply] prepares=64 finishes=64 abandoned=0 stuck=0 replayTicks=477 replayOverruns=0 freshProtects=37 staleProtects=0
LogOGRelayProbe: Warning: [Warning][RelayProbe.Arrival] samples=120 gapCaptureTicks p50=2 p99=4 max=5 noAdvance=0 saturated=0 lostCaptureTicksX1000=9 lost=2 delivered=220 expected=222 discont=0 discontMax=0
LogOGResimProbe: Warning: [Warning][ResimProbe.Landing] class=LocallyPredicted behind=60 atFrontier=0 discarded=0 atFrontierPerMille=0 windowSamples=120
LogOGResimProbe: Warning: [Warning][ResimProbe.Landing] class=RemoteProxy behind=60 atFrontier=0 discarded=0 atFrontierPerMille=0 windowSamples=120
LogOGDivergenceProbe: Warning: [Warning][DivergenceProbe.Window] class=LocallyPredicted corrections=59 disagreed=59 ratePerMille=1000 windowSamples=120
LogOGDivergenceProbe: Warning: [Warning][DivergenceProbe.Window] class=RemoteProxy corrections=61 disagreed=61 ratePerMille=1000 windowSamples=120
LogOGResimProbe: Warning: [Warning][ResimProbe.Frame] role=Client simTicks=120 frames=200 meanTicksPerFrameX100=60 p50=1 p99=1 max=1 meanFrameUs=10000
LogOGResimProbe: Warning: [Warning][ResimProbe.Frame] role=Client cadence dFrame1=40 dFrame0=0 dFrameGt1=80 discont=0 numSteps total=120 max=1 gt1=0
LogOGRelayProbe: Warning: [Warning][RelayProbe.Read] window=[25573,25693] src=Prediction hit=33 miss=87 verifyFail=0 rung0=0 total=120
LogOGRelayProbe: Warning: [Warning][RelayProbe.Read] window=[25573,25693] src=Resim hit=431 miss=83 verifyFail=0 rung0=0 total=514
LogOGRelayProbe: Warning: [Warning][RelayProbe.Miss] window=[25573,25693] src=Prediction inSpan=0 aboveNewest=87 belowOldest=0 noProbeTick=0 miss=87
LogOGRelayProbe: Warning: [Warning][RelayProbe.Miss] window=[25573,25693] src=Resim inSpan=4 aboveNewest=79 belowOldest=0 noProbeTick=0 miss=83
LogOGRelayProbe: Warning: [Warning][RelayProbe.Delta] window=[25573,25693] src=Prediction n=120 p10=0 p50=1 p90=3 min=-2 max=5 satLow=0 satHigh=0
LogOGRelayProbe: Warning: [Warning][RelayProbe.Delta] window=[25573,25693] src=Resim n=514 p10=-5 p50=-2 p90=1 min=-8 max=4 satLow=0 satHigh=0
LogOGRelayProbe: Warning: [Warning][RelayProbe.Stale] window=[25573,25693] maxConsecutiveFallbackRun=18 id=28409
LogOGResimProbe: Warning: [Warning][ResimProbe.Gate] checks=120 declined=53 requested=67 requestedPerMille=558 deepSkips=0 survivingAnchors=0
LogOGResimProbe: Warning: [Warning][ResimProbe.Chaos] requests=68 grants=68 refused=0 refusedPerMille=0 repeat=0 clamped=0 depthMin=5 depthMax=8
LogOGResimProbe: Warning: [Warning][ResimProbe.Apply] prepares=68 finishes=68 abandoned=0 stuck=0 replayTicks=533 replayOverruns=0 freshProtects=38 staleProtects=0
LogOGResimProbe: Warning: [Warning][ResimProbe.Landing] class=LocallyPredicted behind=60 atFrontier=0 discarded=0 atFrontierPerMille=0 windowSamples=120
LogOGResimProbe: Warning: [Warning][ResimProbe.Landing] class=RemoteProxy behind=60 atFrontier=0 discarded=0 atFrontierPerMille=0 windowSamples=120
LogOGDivergenceProbe: Warning: [Warning][DivergenceProbe.Window] class=LocallyPredicted corrections=61 disagreed=61 ratePerMille=1000 windowSamples=120
LogOGDivergenceProbe: Warning: [Warning][DivergenceProbe.Window] class=RemoteProxy corrections=59 disagreed=59 ratePerMille=1000 windowSamples=120
LogOGResimProbe: Warning: [Warning][ResimProbe.Frame] role=Client simTicks=120 frames=200 meanTicksPerFrameX100=60 p50=1 p99=1 max=1 meanFrameUs=10000
LogOGResimProbe: Warning: [Warning][ResimProbe.Frame] role=Client cadence dFrame1=40 dFrame0=0 dFrameGt1=80 discont=0 numSteps total=120 max=1 gt1=0
LogOGRelayProbe: Warning: [Warning][RelayProbe.Read] window=[25693,25813] src=Prediction hit=34 miss=86 verifyFail=0 rung0=0 total=120
LogOGRelayProbe: Warning: [Warning][RelayProbe.Read] window=[25693,25813] src=Resim hit=425 miss=65 verifyFail=0 rung0=0 total=490
LogOGRelayProbe: Warning: [Warning][RelayProbe.Miss] window=[25693,25813] src=Prediction inSpan=0 aboveNewest=86 belowOldest=0 noProbeTick=0 miss=86
LogOGRelayProbe: Warning: [Warning][RelayProbe.Miss] window=[25693,25813] src=Resim inSpan=0 aboveNewest=65 belowOldest=0 noProbeTick=0 miss=65
LogOGRelayProbe: Warning: [Warning][RelayProbe.Delta] window=[25693,25813] src=Prediction n=120 p10=-1 p50=1 p90=3 min=-3 max=5 satLow=0 satHigh=0
LogOGRelayProbe: Warning: [Warning][RelayProbe.Delta] window=[25693,25813] src=Resim n=490 p10=-6 p50=-3 p90=1 min=-9 max=4 satLow=0 satHigh=0
LogOGRelayProbe: Warning: [Warning][RelayProbe.Stale] window=[25693,25813] maxConsecutiveFallbackRun=14 id=28409
LogOGResimProbe: Warning: [Warning][ResimProbe.Gate] checks=120 declined=55 requested=65 requestedPerMille=542 deepSkips=0 survivingAnchors=0
LogOGResimProbe: Warning: [Warning][ResimProbe.Chaos] requests=65 grants=65 refused=0 refusedPerMille=0 repeat=0 clamped=0 depthMin=5 depthMax=8
LogOGResimProbe: Warning: [Warning][ResimProbe.Apply] prepares=65 finishes=65 abandoned=0 stuck=0 replayTicks=508 replayOverruns=0 freshProtects=36 staleProtects=0
LogOGRelayProbe: Warning: [Warning][RelayProbe.Arrival] samples=120 gapCaptureTicks p50=2 p99=5 max=6 noAdvance=0 saturated=0 lostCaptureTicksX1000=8 lost=2 delivered=225 expected=227 discont=0 discontMax=0
LogOGResimProbe: Warning: [Warning][ResimProbe.Landing] class=LocallyPredicted behind=60 atFrontier=0 discarded=0 atFrontierPerMille=0 windowSamples=120
LogOGResimProbe: Warning: [Warning][ResimProbe.Landing] class=RemoteProxy behind=60 atFrontier=0 discarded=0 atFrontierPerMille=0 windowSamples=120
LogOGDivergenceProbe: Warning: [Warning][DivergenceProbe.Window] class=LocallyPredicted corrections=59 disagreed=59 ratePerMille=1000 windowSamples=120
LogOGDivergenceProbe: Warning: [Warning][DivergenceProbe.Window] class=RemoteProxy corrections=61 disagreed=61 ratePerMille=1000 windowSamples=120
LogOGResimProbe: Warning: [Warning][ResimProbe.Frame] role=Client simTicks=120 frames=200 meanTicksPerFrameX100=60 p50=1 p99=1 max=1 meanFrameUs=10000
LogOGResimProbe: Warning: [Warning][ResimProbe.Frame] role=Client cadence dFrame1=40 dFrame0=0 dFrameGt1=80 discont=0 numSteps total=120 max=1 gt1=0
LogOGRelayProbe: Warning: [Warning][RelayProbe.Read] window=[25813,25933] src=Prediction hit=54 miss=66 verifyFail=0 rung0=0 total=120
LogOGRelayProbe: Warning: [Warning][RelayProbe.Read] window=[25813,25933] src=Resim hit=419 miss=38 verifyFail=0 rung0=0 total=457
LogOGRelayProbe: Warning: [Warning][RelayProbe.Miss] window=[25813,25933] src=Prediction inSpan=0 aboveNewest=66 belowOldest=0 noProbeTick=0 miss=66
LogOGRelayProbe: Warning: [Warning][RelayProbe.Miss] window=[25813,25933] src=Resim inSpan=0 aboveNewest=38 belowOldest=0 noProbeTick=0 miss=38
LogOGRelayProbe: Warning: [Warning][RelayProbe.Delta] window=[25813,25933] src=Prediction n=120 p10=-1 p50=1 p90=2 min=-3 max=3 satLow=0 satHigh=0
LogOGRelayProbe: Warning: [Warning][RelayProbe.Delta] window=[25813,25933] src=Resim n=457 p10=-6 p50=-3 p90=0 min=-8 max=3 satLow=0 satHigh=0
LogOGRelayProbe: Warning: [Warning][RelayProbe.Stale] window=[25813,25933] maxConsecutiveFallbackRun=12 id=28409
LogOGResimProbe: Warning: [Warning][ResimProbe.Gate] checks=120 declined=54 requested=66 requestedPerMille=550 deepSkips=0 survivingAnchors=0
LogOGResimProbe: Warning: [Warning][ResimProbe.Chaos] requests=65 grants=63 refused=2 refusedPerMille=31 repeat=2 clamped=0 depthMin=4 depthMax=9
LogOGResimProbe: Warning: [Warning][ResimProbe.Apply] prepares=63 finishes=63 abandoned=0 stuck=0 replayTicks=461 replayOverruns=0 freshProtects=31 staleProtects=0
LogOGResimProbe: Warning: [Warning][ResimProbe.Landing] class=LocallyPredicted behind=60 atFrontier=0 discarded=0 atFrontierPerMille=0 windowSamples=120
LogOGResimProbe: Warning: [Warning][ResimProbe.Landing] class=RemoteProxy behind=60 atFrontier=0 discarded=0 atFrontierPerMille=0 windowSamples=120
LogOGDivergenceProbe: Warning: [Warning][DivergenceProbe.Window] class=LocallyPredicted corrections=60 disagreed=60 ratePerMille=1000 windowSamples=120
LogOGDivergenceProbe: Warning: [Warning][DivergenceProbe.Window] class=RemoteProxy corrections=60 disagreed=60 ratePerMille=1000 windowSamples=120
LogOGResimProbe: Warning: [Warning][ResimProbe.Frame] role=Client simTicks=120 frames=200 meanTicksPerFrameX100=60 p50=1 p99=1 max=1 meanFrameUs=10000
LogOGResimProbe: Warning: [Warning][ResimProbe.Frame] role=Client cadence dFrame1=40 dFrame0=0 dFrameGt1=80 discont=0 numSteps total=120 max=1 gt1=0
LogOGRelayProbe: Warning: [Warning][RelayProbe.Read] window=[25933,26053] src=Prediction hit=43 miss=77 verifyFail=0 rung0=0 total=120
LogOGRelayProbe: Warning: [Warning][RelayProbe.Read] window=[25933,26053] src=Resim hit=404 miss=58 verifyFail=0 rung0=0 total=462
LogOGRelayProbe: Warning: [Warning][RelayProbe.Miss] window=[25933,26053] src=Prediction inSpan=0 aboveNewest=77 belowOldest=0 noProbeTick=0 miss=77
LogOGRelayProbe: Warning: [Warning][RelayProbe.Miss] window=[25933,26053] src=Resim inSpan=3 aboveNewest=55 belowOldest=0 noProbeTick=0 miss=58
LogOGRelayProbe: Warning: [Warning][RelayProbe.Delta] window=[25933,26053] src=Prediction n=120 p10=-1 p50=1 p90=3 min=-3 max=4 satLow=0 satHigh=0
LogOGRelayProbe: Warning: [Warning][RelayProbe.Delta] window=[25933,26053] src=Resim n=462 p10=-6 p50=-3 p90=1 min=-8 max=4 satLow=0 satHigh=0
LogOGRelayProbe: Warning: [Warning][RelayProbe.Stale] window=[25933,26053] maxConsecutiveFallbackRun=14 id=28409
LogOGResimProbe: Warning: [Warning][ResimProbe.Gate] checks=120 declined=51 requested=69 requestedPerMille=575 deepSkips=0 survivingAnchors=0
LogOGResimProbe: Warning: [Warning][ResimProbe.Chaos] requests=69 grants=65 refused=4 refusedPerMille=58 repeat=4 clamped=0 depthMin=5 depthMax=9
LogOGResimProbe: Warning: [Warning][ResimProbe.Apply] prepares=65 finishes=65 abandoned=0 stuck=0 replayTicks=494 replayOverruns=0 freshProtects=37 staleProtects=1
LogOGRelayProbe: Warning: [Warning][RelayProbe.Arrival] samples=120 gapCaptureTicks p50=2 p99=4 max=4 noAdvance=0 saturated=0 lostCaptureTicksX1000=4 lost=1 delivered=230 expected=231 discont=0 discontMax=0
LogOGResimProbe: Warning: [Warning][ResimProbe.Landing] class=LocallyPredicted behind=60 atFrontier=0 discarded=0 atFrontierPerMille=0 windowSamples=120
LogOGResimProbe: Warning: [Warning][ResimProbe.Landing] class=RemoteProxy behind=60 atFrontier=0 discarded=0 atFrontierPerMille=0 windowSamples=120
LogOGDivergenceProbe: Warning: [Warning][DivergenceProbe.Window] class=LocallyPredicted corrections=60 disagreed=60 ratePerMille=1000 windowSamples=120
LogOGDivergenceProbe: Warning: [Warning][DivergenceProbe.Window] class=RemoteProxy corrections=60 disagreed=60 ratePerMille=1000 windowSamples=120
LogOGResimProbe: Warning: [Warning][ResimProbe.Frame] role=Client simTicks=120 frames=200 meanTicksPerFrameX100=60 p50=1 p99=1 max=1 meanFrameUs=10001
LogOGResimProbe: Warning: [Warning][ResimProbe.Frame] role=Client cadence dFrame1=40 dFrame0=0 dFrameGt1=80 discont=0 numSteps total=120 max=1 gt1=0
LogOGRelayProbe: Warning: [Warning][RelayProbe.Read] window=[26053,26173] src=Prediction hit=52 miss=68 verifyFail=0 rung0=0 total=120
LogOGRelayProbe: Warning: [Warning][RelayProbe.Read] window=[26053,26173] src=Resim hit=460 miss=46 verifyFail=0 rung0=0 total=506
LogOGRelayProbe: Warning: [Warning][RelayProbe.Miss] window=[26053,26173] src=Prediction inSpan=0 aboveNewest=68 belowOldest=0 noProbeTick=0 miss=68
LogOGRelayProbe: Warning: [Warning][RelayProbe.Miss] window=[26053,26173] src=Resim inSpan=1 aboveNewest=45 belowOldest=0 noProbeTick=0 miss=46
LogOGRelayProbe: Warning: [Warning][RelayProbe.Delta] window=[26053,26173] src=Prediction n=120 p10=-1 p50=1 p90=2 min=-3 max=4 satLow=0 satHigh=0
LogOGRelayProbe: Warning: [Warning][RelayProbe.Delta] window=[26053,26173] src=Resim n=506 p10=-6 p50=-3 p90=0 min=-8 max=3 satLow=0 satHigh=0
LogOGRelayProbe: Warning: [Warning][RelayProbe.Stale] window=[26053,26173] maxConsecutiveFallbackRun=7 id=28409
LogOGResimProbe: Warning: [Warning][ResimProbe.Gate] checks=120 declined=53 requested=67 requestedPerMille=558 deepSkips=0 survivingAnchors=0
LogOGResimProbe: Warning: [Warning][ResimProbe.Chaos] requests=67 grants=67 refused=0 refusedPerMille=0 repeat=0 clamped=0 depthMin=5 depthMax=8
LogOGResimProbe: Warning: [Warning][ResimProbe.Apply] prepares=67 finishes=67 abandoned=0 stuck=0 replayTicks=511 replayOverruns=0 freshProtects=34 staleProtects=0
LogOGResimProbe: Warning: [Warning][ResimProbe.Landing] class=LocallyPredicted behind=59 atFrontier=0 discarded=0 atFrontierPerMille=0 windowSamples=120
LogOGResimProbe: Warning: [Warning][ResimProbe.Landing] class=RemoteProxy behind=61 atFrontier=0 discarded=0 atFrontierPerMille=0 windowSamples=120
LogOGDivergenceProbe: Warning: [Warning][DivergenceProbe.Window] class=LocallyPredicted corrections=60 disagreed=60 ratePerMille=1000 windowSamples=120
LogOGDivergenceProbe: Warning: [Warning][DivergenceProbe.Window] class=RemoteProxy corrections=60 disagreed=60 ratePerMille=1000 windowSamples=120
LogOGResimProbe: Warning: [Warning][ResimProbe.Frame] role=Client simTicks=120 frames=200 meanTicksPerFrameX100=60 p50=1 p99=1 max=1 meanFrameUs=10000
LogOGResimProbe: Warning: [Warning][ResimProbe.Frame] role=Client cadence dFrame1=40 dFrame0=0 dFrameGt1=80 discont=0 numSteps total=120 max=1 gt1=0
LogOGRelayProbe: Warning: [Warning][RelayProbe.Read] window=[26173,26293] src=Prediction hit=43 miss=77 verifyFail=0 rung0=0 total=120
LogOGRelayProbe: Warning: [Warning][RelayProbe.Read] window=[26173,26293] src=Resim hit=421 miss=60 verifyFail=0 rung0=0 total=481
LogOGRelayProbe: Warning: [Warning][RelayProbe.Miss] window=[26173,26293] src=Prediction inSpan=0 aboveNewest=77 belowOldest=0 noProbeTick=0 miss=77
LogOGRelayProbe: Warning: [Warning][RelayProbe.Miss] window=[26173,26293] src=Resim inSpan=0 aboveNewest=60 belowOldest=0 noProbeTick=0 miss=60
LogOGRelayProbe: Warning: [Warning][RelayProbe.Delta] window=[26173,26293] src=Prediction n=120 p10=-1 p50=1 p90=3 min=-4 max=4 satLow=0 satHigh=0
LogOGRelayProbe: Warning: [Warning][RelayProbe.Delta] window=[26173,26293] src=Resim n=481 p10=-6 p50=-3 p90=1 min=-8 max=3 satLow=0 satHigh=0
LogOGRelayProbe: Warning: [Warning][RelayProbe.Stale] window=[26173,26293] maxConsecutiveFallbackRun=14 id=28409
LogOGRelayProbe: Warning: [Warning][RelayProbe.Arrival] samples=120 gapCaptureTicks p50=2 p99=4 max=5 noAdvance=0 saturated=0 lostCaptureTicksX1000=4 lost=1 delivered=233 expected=234 discont=0 discontMax=0
LogOGResimProbe: Warning: [Warning][ResimProbe.Gate] checks=120 declined=54 requested=66 requestedPerMille=550 deepSkips=0 survivingAnchors=0
LogOGResimProbe: Warning: [Warning][ResimProbe.Chaos] requests=67 grants=67 refused=0 refusedPerMille=0 repeat=0 clamped=0 depthMin=5 depthMax=8
LogOGResimProbe: Warning: [Warning][ResimProbe.Apply] prepares=67 finishes=67 abandoned=0 stuck=0 replayTicks=513 replayOverruns=0 freshProtects=40 staleProtects=0
LogOGResimProbe: Warning: [Warning][ResimProbe.Landing] class=LocallyPredicted behind=60 atFrontier=0 discarded=0 atFrontierPerMille=0 windowSamples=120
LogOGResimProbe: Warning: [Warning][ResimProbe.Landing] class=RemoteProxy behind=60 atFrontier=0 discarded=0 atFrontierPerMille=0 windowSamples=120
LogOGDivergenceProbe: Warning: [Warning][DivergenceProbe.Window] class=LocallyPredicted corrections=60 disagreed=60 ratePerMille=1000 windowSamples=120
LogOGDivergenceProbe: Warning: [Warning][DivergenceProbe.Window] class=RemoteProxy corrections=60 disagreed=60 ratePerMille=1000 windowSamples=120
LogOGResimProbe: Warning: [Warning][ResimProbe.Frame] role=Client simTicks=120 frames=200 meanTicksPerFrameX100=60 p50=1 p99=1 max=1 meanFrameUs=9999
LogOGResimProbe: Warning: [Warning][ResimProbe.Frame] role=Client cadence dFrame1=40 dFrame0=0 dFrameGt1=80 discont=0 numSteps total=120 max=1 gt1=0
LogOGRelayProbe: Warning: [Warning][RelayProbe.Read] window=[26293,26413] src=Prediction hit=36 miss=84 verifyFail=0 rung0=0 total=120
LogOGRelayProbe: Warning: [Warning][RelayProbe.Read] window=[26293,26413] src=Resim hit=434 miss=66 verifyFail=0 rung0=0 total=500
LogOGRelayProbe: Warning: [Warning][RelayProbe.Miss] window=[26293,26413] src=Prediction inSpan=0 aboveNewest=84 belowOldest=0 noProbeTick=0 miss=84
LogOGRelayProbe: Warning: [Warning][RelayProbe.Miss] window=[26293,26413] src=Resim inSpan=5 aboveNewest=61 belowOldest=0 noProbeTick=0 miss=66
LogOGRelayProbe: Warning: [Warning][RelayProbe.Delta] window=[26293,26413] src=Prediction n=120 p10=0 p50=1 p90=3 min=-1 max=4 satLow=0 satHigh=0
LogOGRelayProbe: Warning: [Warning][RelayProbe.Delta] window=[26293,26413] src=Resim n=500 p10=-5 p50=-2 p90=1 min=-7 max=4 satLow=0 satHigh=0
LogOGRelayProbe: Warning: [Warning][RelayProbe.Stale] window=[26293,26413] maxConsecutiveFallbackRun=9 id=28409
LogOGResimProbe: Warning: [Warning][ResimProbe.Gate] checks=120 declined=51 requested=69 requestedPerMille=575 deepSkips=0 survivingAnchors=0
LogOGResimProbe: Warning: [Warning][ResimProbe.Chaos] requests=68 grants=68 refused=0 refusedPerMille=0 repeat=0 clamped=0 depthMin=5 depthMax=8
LogOGResimProbe: Warning: [Warning][ResimProbe.Apply] prepares=68 finishes=68 abandoned=0 stuck=0 replayTicks=513 replayOverruns=0 freshProtects=33 staleProtects=0
LogOGResimProbe: Warning: [Warning][ResimProbe.Landing] class=LocallyPredicted behind=61 atFrontier=0 discarded=0 atFrontierPerMille=0 windowSamples=120
LogOGResimProbe: Warning: [Warning][ResimProbe.Landing] class=RemoteProxy behind=59 atFrontier=0 discarded=0 atFrontierPerMille=0 windowSamples=120
LogOGDivergenceProbe: Warning: [Warning][DivergenceProbe.Window] class=LocallyPredicted corrections=60 disagreed=60 ratePerMille=1000 windowSamples=120
LogOGDivergenceProbe: Warning: [Warning][DivergenceProbe.Window] class=RemoteProxy corrections=60 disagreed=60 ratePerMille=1000 windowSamples=120
LogOGResimProbe: Warning: [Warning][ResimProbe.Frame] role=Client simTicks=120 frames=200 meanTicksPerFrameX100=60 p50=1 p99=1 max=1 meanFrameUs=10000
LogOGResimProbe: Warning: [Warning][ResimProbe.Frame] role=Client cadence dFrame1=40 dFrame0=0 dFrameGt1=80 discont=0 numSteps total=120 max=1 gt1=0
LogOGRelayProbe: Warning: [Warning][RelayProbe.Arrival] samples=120 gapCaptureTicks p50=2 p99=4 max=5 noAdvance=0 saturated=0 lostCaptureTicksX1000=8 lost=2 delivered=228 expected=230 discont=0 discontMax=0
LogOGRelayProbe: Warning: [Warning][RelayProbe.Read] window=[26413,26533] src=Prediction hit=40 miss=80 verifyFail=0 rung0=0 total=120
LogOGRelayProbe: Warning: [Warning][RelayProbe.Read] window=[26413,26533] src=Resim hit=437 miss=67 verifyFail=0 rung0=0 total=504
LogOGRelayProbe: Warning: [Warning][RelayProbe.Miss] window=[26413,26533] src=Prediction inSpan=0 aboveNewest=80 belowOldest=0 noProbeTick=0 miss=80
LogOGRelayProbe: Warning: [Warning][RelayProbe.Miss] window=[26413,26533] src=Resim inSpan=0 aboveNewest=67 belowOldest=0 noProbeTick=0 miss=67
LogOGRelayProbe: Warning: [Warning][RelayProbe.Delta] window=[26413,26533] src=Prediction n=120 p10=-1 p50=1 p90=3 min=-2 max=4 satLow=0 satHigh=0
LogOGRelayProbe: Warning: [Warning][RelayProbe.Delta] window=[26413,26533] src=Resim n=504 p10=-6 p50=-2 p90=1 min=-8 max=4 satLow=0 satHigh=0
LogOGRelayProbe: Warning: [Warning][RelayProbe.Stale] window=[26413,26533] maxConsecutiveFallbackRun=10 id=28409
LogOGResimProbe: Warning: [Warning][ResimProbe.Gate] checks=120 declined=51 requested=69 requestedPerMille=575 deepSkips=0 survivingAnchors=0
LogOGResimProbe: Warning: [Warning][ResimProbe.Chaos] requests=69 grants=68 refused=1 refusedPerMille=14 repeat=1 clamped=0 depthMin=5 depthMax=8
LogOGResimProbe: Warning: [Warning][ResimProbe.Apply] prepares=68 finishes=68 abandoned=0 stuck=0 replayTicks=527 replayOverruns=0 freshProtects=37 staleProtects=0
LogOGResimProbe: Warning: [Warning][ResimProbe.Landing] class=LocallyPredicted behind=60 atFrontier=0 discarded=0 atFrontierPerMille=0 windowSamples=120
LogOGResimProbe: Warning: [Warning][ResimProbe.Landing] class=RemoteProxy behind=60 atFrontier=0 discarded=0 atFrontierPerMille=0 windowSamples=120
LogOGDivergenceProbe: Warning: [Warning][DivergenceProbe.Window] class=LocallyPredicted corrections=61 disagreed=61 ratePerMille=1000 windowSamples=120
LogOGDivergenceProbe: Warning: [Warning][DivergenceProbe.Window] class=RemoteProxy corrections=59 disagreed=59 ratePerMille=1000 windowSamples=120
LogOGResimProbe: Warning: [Warning][ResimProbe.Frame] role=Client simTicks=120 frames=200 meanTicksPerFrameX100=60 p50=1 p99=1 max=1 meanFrameUs=10000
LogOGResimProbe: Warning: [Warning][ResimProbe.Frame] role=Client cadence dFrame1=40 dFrame0=0 dFrameGt1=80 discont=0 numSteps total=120 max=1 gt1=0
LogOGRelayProbe: Warning: [Warning][RelayProbe.Read] window=[26533,26653] src=Prediction hit=42 miss=78 verifyFail=0 rung0=0 total=120
LogOGRelayProbe: Warning: [Warning][RelayProbe.Read] window=[26533,26653] src=Resim hit=419 miss=53 verifyFail=0 rung0=0 total=472
LogOGRelayProbe: Warning: [Warning][RelayProbe.Miss] window=[26533,26653] src=Prediction inSpan=0 aboveNewest=78 belowOldest=0 noProbeTick=0 miss=78
LogOGRelayProbe: Warning: [Warning][RelayProbe.Miss] window=[26533,26653] src=Resim inSpan=0 aboveNewest=53 belowOldest=0 noProbeTick=0 miss=53
LogOGRelayProbe: Warning: [Warning][RelayProbe.Delta] window=[26533,26653] src=Prediction n=120 p10=-1 p50=1 p90=3 min=-2 max=4 satLow=0 satHigh=0
LogOGRelayProbe: Warning: [Warning][RelayProbe.Delta] window=[26533,26653] src=Resim n=472 p10=-6 p50=-3 p90=1 min=-8 max=4 satLow=0 satHigh=0
LogOGRelayProbe: Warning: [Warning][RelayProbe.Stale] window=[26533,26653] maxConsecutiveFallbackRun=14 id=28409
LogOGResimProbe: Warning: [Warning][ResimProbe.Gate] checks=120 declined=55 requested=65 requestedPerMille=542 deepSkips=0 survivingAnchors=0
LogOGResimProbe: Warning: [Warning][ResimProbe.Chaos] requests=65 grants=64 refused=1 refusedPerMille=15 repeat=1 clamped=0 depthMin=5 depthMax=8
LogOGResimProbe: Warning: [Warning][ResimProbe.Apply] prepares=64 finishes=64 abandoned=0 stuck=0 replayTicks=495 replayOverruns=0 freshProtects=38 staleProtects=0
LogOGResimProbe: Warning: [Warning][ResimProbe.Landing] class=LocallyPredicted behind=60 atFrontier=0 discarded=0 atFrontierPerMille=0 windowSamples=120
LogOGResimProbe: Warning: [Warning][ResimProbe.Landing] class=RemoteProxy behind=60 atFrontier=0 discarded=0 atFrontierPerMille=0 windowSamples=120
LogOGDivergenceProbe: Warning: [Warning][DivergenceProbe.Window] class=LocallyPredicted corrections=59 disagreed=59 ratePerMille=1000 windowSamples=120
LogOGDivergenceProbe: Warning: [Warning][DivergenceProbe.Window] class=RemoteProxy corrections=61 disagreed=61 ratePerMille=1000 windowSamples=120
LogOGResimProbe: Warning: [Warning][ResimProbe.Frame] role=Client simTicks=120 frames=198 meanTicksPerFrameX100=60 p50=1 p99=1 max=1 meanFrameUs=10108
LogOGResimProbe: Warning: [Warning][ResimProbe.Frame] role=Client cadence dFrame1=42 dFrame0=0 dFrameGt1=78 discont=0 numSteps total=120 max=1 gt1=0
LogOGRelayProbe: Warning: [Warning][RelayProbe.Arrival] samples=120 gapCaptureTicks p50=2 p99=4 max=4 noAdvance=0 saturated=0 lostCaptureTicksX1000=13 lost=3 delivered=218 expected=221 discont=0 discontMax=0
LogOGRelayProbe: Warning: [Warning][RelayProbe.Read] window=[26653,26773] src=Prediction hit=62 miss=58 verifyFail=0 rung0=0 total=120
LogOGRelayProbe: Warning: [Warning][RelayProbe.Read] window=[26653,26773] src=Resim hit=432 miss=49 verifyFail=0 rung0=0 total=481
LogOGRelayProbe: Warning: [Warning][RelayProbe.Miss] window=[26653,26773] src=Prediction inSpan=0 aboveNewest=58 belowOldest=0 noProbeTick=0 miss=58
LogOGRelayProbe: Warning: [Warning][RelayProbe.Miss] window=[26653,26773] src=Resim inSpan=9 aboveNewest=40 belowOldest=0 noProbeTick=0 miss=49
LogOGRelayProbe: Warning: [Warning][RelayProbe.Delta] window=[26653,26773] src=Prediction n=120 p10=-1 p50=0 p90=2 min=-3 max=4 satLow=0 satHigh=0
LogOGRelayProbe: Warning: [Warning][RelayProbe.Delta] window=[26653,26773] src=Resim n=481 p10=-6 p50=-3 p90=0 min=-8 max=4 satLow=0 satHigh=0
LogOGRelayProbe: Warning: [Warning][RelayProbe.Stale] window=[26653,26773] maxConsecutiveFallbackRun=10 id=28409
LogOGResimProbe: Warning: [Warning][ResimProbe.Gate] checks=120 declined=54 requested=66 requestedPerMille=550 deepSkips=0 survivingAnchors=0
LogOGResimProbe: Warning: [Warning][ResimProbe.Chaos] requests=67 grants=67 refused=0 refusedPerMille=0 repeat=0 clamped=0 depthMin=5 depthMax=8
LogOGResimProbe: Warning: [Warning][ResimProbe.Apply] prepares=67 finishes=67 abandoned=0 stuck=0 replayTicks=501 replayOverruns=0 freshProtects=36 staleProtects=0
LogOGResimProbe: Warning: [Warning][ResimProbe.Landing] class=LocallyPredicted behind=59 atFrontier=0 discarded=0 atFrontierPerMille=0 windowSamples=120
LogOGResimProbe: Warning: [Warning][ResimProbe.Landing] class=RemoteProxy behind=61 atFrontier=0 discarded=0 atFrontierPerMille=0 windowSamples=120
LogOGDivergenceProbe: Warning: [Warning][DivergenceProbe.Window] class=LocallyPredicted corrections=59 disagreed=59 ratePerMille=1000 windowSamples=120
LogOGDivergenceProbe: Warning: [Warning][DivergenceProbe.Window] class=RemoteProxy corrections=61 disagreed=61 ratePerMille=1000 windowSamples=120
LogOGResimProbe: Warning: [Warning][ResimProbe.Frame] role=Client simTicks=120 frames=200 meanTicksPerFrameX100=60 p50=1 p99=1 max=1 meanFrameUs=9999
LogOGResimProbe: Warning: [Warning][ResimProbe.Frame] role=Client cadence dFrame1=40 dFrame0=0 dFrameGt1=80 discont=0 numSteps total=120 max=1 gt1=0
LogOGRelayProbe: Warning: [Warning][RelayProbe.Read] window=[26773,26893] src=Prediction hit=48 miss=72 verifyFail=0 rung0=0 total=120
LogOGRelayProbe: Warning: [Warning][RelayProbe.Read] window=[26773,26893] src=Resim hit=403 miss=50 verifyFail=0 rung0=0 total=453
LogOGRelayProbe: Warning: [Warning][RelayProbe.Miss] window=[26773,26893] src=Prediction inSpan=0 aboveNewest=72 belowOldest=0 noProbeTick=0 miss=72
LogOGRelayProbe: Warning: [Warning][RelayProbe.Miss] window=[26773,26893] src=Resim inSpan=4 aboveNewest=46 belowOldest=0 noProbeTick=0 miss=50
LogOGRelayProbe: Warning: [Warning][RelayProbe.Delta] window=[26773,26893] src=Prediction n=120 p10=-1 p50=1 p90=2 min=-3 max=5 satLow=0 satHigh=0
LogOGRelayProbe: Warning: [Warning][RelayProbe.Delta] window=[26773,26893] src=Resim n=453 p10=-6 p50=-3 p90=1 min=-9 max=4 satLow=0 satHigh=0
LogOGRelayProbe: Warning: [Warning][RelayProbe.Stale] window=[26773,26893] maxConsecutiveFallbackRun=9 id=28409
LogOGResimProbe: Warning: [Warning][ResimProbe.Gate] checks=120 declined=56 requested=64 requestedPerMille=533 deepSkips=0 survivingAnchors=0
LogOGResimProbe: Warning: [Warning][ResimProbe.Chaos] requests=63 grants=63 refused=0 refusedPerMille=0 repeat=0 clamped=0 depthMin=4 depthMax=8
LogOGResimProbe: Warning: [Warning][ResimProbe.Apply] prepares=63 finishes=63 abandoned=0 stuck=0 replayTicks=476 replayOverruns=0 freshProtects=35 staleProtects=0
LogOGResimProbe: Warning: [Warning][ResimProbe.Landing] class=LocallyPredicted behind=61 atFrontier=0 discarded=0 atFrontierPerMille=0 windowSamples=120
LogOGResimProbe: Warning: [Warning][ResimProbe.Landing] class=RemoteProxy behind=59 atFrontier=0 discarded=0 atFrontierPerMille=0 windowSamples=120
LogOGDivergenceProbe: Warning: [Warning][DivergenceProbe.Window] class=LocallyPredicted corrections=61 disagreed=61 ratePerMille=1000 windowSamples=120
LogOGDivergenceProbe: Warning: [Warning][DivergenceProbe.Window] class=RemoteProxy corrections=59 disagreed=59 ratePerMille=1000 windowSamples=120
LogOGResimProbe: Warning: [Warning][ResimProbe.Frame] role=Client simTicks=120 frames=199 meanTicksPerFrameX100=60 p50=1 p99=1 max=1 meanFrameUs=10000
LogOGResimProbe: Warning: [Warning][ResimProbe.Frame] role=Client cadence dFrame1=41 dFrame0=0 dFrameGt1=79 discont=0 numSteps total=120 max=1 gt1=0
LogOGRelayProbe: Warning: [Warning][RelayProbe.Arrival] samples=120 gapCaptureTicks p50=2 p99=4 max=6 noAdvance=0 saturated=0 lostCaptureTicksX1000=22 lost=5 delivered=221 expected=226 discont=0 discontMax=0
LogOGRelayProbe: Warning: [Warning][RelayProbe.Read] window=[26893,27013] src=Prediction hit=31 miss=89 verifyFail=0 rung0=0 total=120
LogOGRelayProbe: Warning: [Warning][RelayProbe.Read] window=[26893,27013] src=Resim hit=410 miss=66 verifyFail=0 rung0=0 total=476
LogOGRelayProbe: Warning: [Warning][RelayProbe.Miss] window=[26893,27013] src=Prediction inSpan=0 aboveNewest=89 belowOldest=0 noProbeTick=0 miss=89
LogOGRelayProbe: Warning: [Warning][RelayProbe.Miss] window=[26893,27013] src=Resim inSpan=4 aboveNewest=62 belowOldest=0 noProbeTick=0 miss=66
LogOGRelayProbe: Warning: [Warning][RelayProbe.Delta] window=[26893,27013] src=Prediction n=120 p10=0 p50=1 p90=3 min=-1 max=6 satLow=0 satHigh=0
LogOGRelayProbe: Warning: [Warning][RelayProbe.Delta] window=[26893,27013] src=Resim n=476 p10=-5 p50=-2 p90=1 min=-8 max=4 satLow=0 satHigh=0
LogOGRelayProbe: Warning: [Warning][RelayProbe.Stale] window=[26893,27013] maxConsecutiveFallbackRun=18 id=28409
LogOGResimProbe: Warning: [Warning][ResimProbe.Gate] checks=120 declined=56 requested=64 requestedPerMille=533 deepSkips=0 survivingAnchors=0
LogOGResimProbe: Warning: [Warning][ResimProbe.Chaos] requests=64 grants=64 refused=0 refusedPerMille=0 repeat=0 clamped=0 depthMin=5 depthMax=8
LogOGResimProbe: Warning: [Warning][ResimProbe.Apply] prepares=64 finishes=64 abandoned=0 stuck=0 replayTicks=494 replayOverruns=0 freshProtects=35 staleProtects=0
LogOGResimProbe: Warning: [Warning][ResimProbe.Landing] class=LocallyPredicted behind=59 atFrontier=0 discarded=0 atFrontierPerMille=0 windowSamples=120
LogOGResimProbe: Warning: [Warning][ResimProbe.Landing] class=RemoteProxy behind=61 atFrontier=0 discarded=0 atFrontierPerMille=0 windowSamples=120
LogOGDivergenceProbe: Warning: [Warning][DivergenceProbe.Window] class=LocallyPredicted corrections=60 disagreed=60 ratePerMille=1000 windowSamples=120
LogOGDivergenceProbe: Warning: [Warning][DivergenceProbe.Window] class=RemoteProxy corrections=60 disagreed=60 ratePerMille=1000 windowSamples=120
LogOGResimProbe: Warning: [Warning][ResimProbe.Frame] role=Client simTicks=120 frames=201 meanTicksPerFrameX100=59 p50=1 p99=1 max=1 meanFrameUs=9999
LogOGResimProbe: Warning: [Warning][ResimProbe.Frame] role=Client cadence dFrame1=39 dFrame0=0 dFrameGt1=81 discont=0 numSteps total=120 max=1 gt1=0
LogOGRelayProbe: Warning: [Warning][RelayProbe.Read] window=[27013,27133] src=Prediction hit=58 miss=62 verifyFail=0 rung0=0 total=120
LogOGRelayProbe: Warning: [Warning][RelayProbe.Read] window=[27013,27133] src=Resim hit=411 miss=35 verifyFail=0 rung0=0 total=446
LogOGRelayProbe: Warning: [Warning][RelayProbe.Miss] window=[27013,27133] src=Prediction inSpan=0 aboveNewest=62 belowOldest=0 noProbeTick=0 miss=62
LogOGRelayProbe: Warning: [Warning][RelayProbe.Miss] window=[27013,27133] src=Resim inSpan=3 aboveNewest=32 belowOldest=0 noProbeTick=0 miss=35
LogOGRelayProbe: Warning: [Warning][RelayProbe.Delta] window=[27013,27133] src=Prediction n=120 p10=-1 p50=1 p90=2 min=-3 max=3 satLow=0 satHigh=0
LogOGRelayProbe: Warning: [Warning][RelayProbe.Delta] window=[27013,27133] src=Resim n=446 p10=-6 p50=-3 p90=0 min=-9 max=2 satLow=0 satHigh=0
LogOGRelayProbe: Warning: [Warning][RelayProbe.Stale] window=[27013,27133] maxConsecutiveFallbackRun=7 id=28409
LogOGResimProbe: Warning: [Warning][ResimProbe.Gate] checks=120 declined=55 requested=65 requestedPerMille=542 deepSkips=0 survivingAnchors=0
LogOGResimProbe: Warning: [Warning][ResimProbe.Chaos] requests=65 grants=62 refused=3 refusedPerMille=46 repeat=3 clamped=0 depthMin=4 depthMax=9
LogOGResimProbe: Warning: [Warning][ResimProbe.Apply] prepares=62 finishes=62 abandoned=0 stuck=0 replayTicks=457 replayOverruns=0 freshProtects=39 staleProtects=0
LogOGResimProbe: Warning: [Warning][ResimProbe.Landing] class=LocallyPredicted behind=60 atFrontier=0 discarded=0 atFrontierPerMille=0 windowSamples=120
LogOGResimProbe: Warning: [Warning][ResimProbe.Landing] class=RemoteProxy behind=60 atFrontier=0 discarded=0 atFrontierPerMille=0 windowSamples=120
LogOGDivergenceProbe: Warning: [Warning][DivergenceProbe.Window] class=LocallyPredicted corrections=60 disagreed=60 ratePerMille=1000 windowSamples=120
LogOGDivergenceProbe: Warning: [Warning][DivergenceProbe.Window] class=RemoteProxy corrections=60 disagreed=60 ratePerMille=1000 windowSamples=120
LogOGResimProbe: Warning: [Warning][ResimProbe.Frame] role=Client simTicks=120 frames=199 meanTicksPerFrameX100=60 p50=1 p99=1 max=1 meanFrameUs=10000
LogOGResimProbe: Warning: [Warning][ResimProbe.Frame] role=Client cadence dFrame1=41 dFrame0=0 dFrameGt1=79 discont=0 numSteps total=120 max=1 gt1=0
LogOGRelayProbe: Warning: [Warning][RelayProbe.Arrival] samples=120 gapCaptureTicks p50=2 p99=4 max=5 noAdvance=0 saturated=0 lostCaptureTicksX1000=4 lost=1 delivered=222 expected=223 discont=0 discontMax=0
LogOGRelayProbe: Warning: [Warning][RelayProbe.Read] window=[27133,27253] src=Prediction hit=36 miss=84 verifyFail=0 rung0=0 total=120
LogOGRelayProbe: Warning: [Warning][RelayProbe.Read] window=[27133,27253] src=Resim hit=421 miss=58 verifyFail=0 rung0=0 total=479
LogOGRelayProbe: Warning: [Warning][RelayProbe.Miss] window=[27133,27253] src=Prediction inSpan=0 aboveNewest=84 belowOldest=0 noProbeTick=0 miss=84
LogOGRelayProbe: Warning: [Warning][RelayProbe.Miss] window=[27133,27253] src=Resim inSpan=0 aboveNewest=58 belowOldest=0 noProbeTick=0 miss=58
LogOGRelayProbe: Warning: [Warning][RelayProbe.Delta] window=[27133,27253] src=Prediction n=120 p10=-1 p50=1 p90=3 min=-2 max=5 satLow=0 satHigh=0
LogOGRelayProbe: Warning: [Warning][RelayProbe.Delta] window=[27133,27253] src=Resim n=479 p10=-6 p50=-3 p90=1 min=-8 max=3 satLow=0 satHigh=0
LogOGRelayProbe: Warning: [Warning][RelayProbe.Stale] window=[27133,27253] maxConsecutiveFallbackRun=17 id=28409
LogOGResimProbe: Warning: [Warning][ResimProbe.Gate] checks=120 declined=57 requested=63 requestedPerMille=525 deepSkips=0 survivingAnchors=0
LogOGResimProbe: Warning: [Warning][ResimProbe.Chaos] requests=64 grants=64 refused=0 refusedPerMille=0 repeat=0 clamped=0 depthMin=5 depthMax=8
LogOGResimProbe: Warning: [Warning][ResimProbe.Apply] prepares=64 finishes=64 abandoned=0 stuck=0 replayTicks=499 replayOverruns=0 freshProtects=36 staleProtects=0
LogOGResimProbe: Warning: [Warning][ResimProbe.Landing] class=LocallyPredicted behind=60 atFrontier=0 discarded=0 atFrontierPerMille=0 windowSamples=120
LogOGResimProbe: Warning: [Warning][ResimProbe.Landing] class=RemoteProxy behind=60 atFrontier=0 discarded=0 atFrontierPerMille=0 windowSamples=120
LogOGDivergenceProbe: Warning: [Warning][DivergenceProbe.Window] class=LocallyPredicted corrections=60 disagreed=60 ratePerMille=1000 windowSamples=120
LogOGDivergenceProbe: Warning: [Warning][DivergenceProbe.Window] class=RemoteProxy corrections=60 disagreed=60 ratePerMille=1000 windowSamples=120
LogOGResimProbe: Warning: [Warning][ResimProbe.Frame] role=Client simTicks=120 frames=200 meanTicksPerFrameX100=60 p50=1 p99=1 max=1 meanFrameUs=10000
LogOGResimProbe: Warning: [Warning][ResimProbe.Frame] role=Client cadence dFrame1=40 dFrame0=0 dFrameGt1=80 discont=0 numSteps total=120 max=1 gt1=0
LogOGRelayProbe: Warning: [Warning][RelayProbe.Read] window=[27253,27373] src=Prediction hit=47 miss=73 verifyFail=0 rung0=0 total=120
LogOGRelayProbe: Warning: [Warning][RelayProbe.Read] window=[27253,27373] src=Resim hit=446 miss=50 verifyFail=0 rung0=0 total=496
LogOGRelayProbe: Warning: [Warning][RelayProbe.Miss] window=[27253,27373] src=Prediction inSpan=0 aboveNewest=73 belowOldest=0 noProbeTick=0 miss=73
LogOGRelayProbe: Warning: [Warning][RelayProbe.Miss] window=[27253,27373] src=Resim inSpan=0 aboveNewest=50 belowOldest=0 noProbeTick=0 miss=50
LogOGRelayProbe: Warning: [Warning][RelayProbe.Delta] window=[27253,27373] src=Prediction n=120 p10=-1 p50=1 p90=3 min=-2 max=5 satLow=0 satHigh=0
LogOGRelayProbe: Warning: [Warning][RelayProbe.Delta] window=[27253,27373] src=Resim n=496 p10=-6 p50=-3 p90=1 min=-9 max=3 satLow=0 satHigh=0
LogOGRelayProbe: Warning: [Warning][RelayProbe.Stale] window=[27253,27373] maxConsecutiveFallbackRun=11 id=28409
LogOGResimProbe: Warning: [Warning][ResimProbe.Gate] checks=120 declined=54 requested=66 requestedPerMille=550 deepSkips=0 survivingAnchors=0
LogOGResimProbe: Warning: [Warning][ResimProbe.Chaos] requests=66 grants=66 refused=0 refusedPerMille=0 repeat=0 clamped=0 depthMin=5 depthMax=9
LogOGResimProbe: Warning: [Warning][ResimProbe.Apply] prepares=66 finishes=66 abandoned=0 stuck=0 replayTicks=525 replayOverruns=0 freshProtects=36 staleProtects=0
LogOGResimProbe: Warning: [Warning][ResimProbe.Landing] class=LocallyPredicted behind=60 atFrontier=0 discarded=0 atFrontierPerMille=0 windowSamples=120
LogOGResimProbe: Warning: [Warning][ResimProbe.Landing] class=RemoteProxy behind=60 atFrontier=0 discarded=0 atFrontierPerMille=0 windowSamples=120
LogOGDivergenceProbe: Warning: [Warning][DivergenceProbe.Window] class=LocallyPredicted corrections=59 disagreed=59 ratePerMille=1000 windowSamples=120
LogOGDivergenceProbe: Warning: [Warning][DivergenceProbe.Window] class=RemoteProxy corrections=61 disagreed=61 ratePerMille=1000 windowSamples=120
LogOGResimProbe: Warning: [Warning][ResimProbe.Frame] role=Client simTicks=120 frames=201 meanTicksPerFrameX100=59 p50=1 p99=1 max=1 meanFrameUs=10000
LogOGResimProbe: Warning: [Warning][ResimProbe.Frame] role=Client cadence dFrame1=39 dFrame0=0 dFrameGt1=81 discont=0 numSteps total=120 max=1 gt1=0
LogOGRelayProbe: Warning: [Warning][RelayProbe.Arrival] samples=120 gapCaptureTicks p50=2 p99=5 max=5 noAdvance=0 saturated=0 lostCaptureTicksX1000=0 lost=0 delivered=227 expected=227 discont=0 discontMax=0
LogOGRelayProbe: Warning: [Warning][RelayProbe.Read] window=[27373,27493] src=Prediction hit=44 miss=76 verifyFail=0 rung0=0 total=120
LogOGRelayProbe: Warning: [Warning][RelayProbe.Read] window=[27373,27493] src=Resim hit=446 miss=45 verifyFail=0 rung0=0 total=491
LogOGRelayProbe: Warning: [Warning][RelayProbe.Miss] window=[27373,27493] src=Prediction inSpan=0 aboveNewest=76 belowOldest=0 noProbeTick=0 miss=76
LogOGRelayProbe: Warning: [Warning][RelayProbe.Miss] window=[27373,27493] src=Resim inSpan=0 aboveNewest=45 belowOldest=0 noProbeTick=0 miss=45
LogOGRelayProbe: Warning: [Warning][RelayProbe.Delta] window=[27373,27493] src=Prediction n=120 p10=-1 p50=1 p90=2 min=-2 max=4 satLow=0 satHigh=0
LogOGRelayProbe: Warning: [Warning][RelayProbe.Delta] window=[27373,27493] src=Resim n=491 p10=-6 p50=-3 p90=0 min=-9 max=3 satLow=0 satHigh=0
LogOGRelayProbe: Warning: [Warning][RelayProbe.Stale] window=[27373,27493] maxConsecutiveFallbackRun=11 id=28409
LogOGResimProbe: Warning: [Warning][ResimProbe.Gate] checks=120 declined=54 requested=66 requestedPerMille=550 deepSkips=0 survivingAnchors=0
LogOGResimProbe: Warning: [Warning][ResimProbe.Chaos] requests=66 grants=66 refused=0 refusedPerMille=0 repeat=0 clamped=0 depthMin=5 depthMax=8
LogOGResimProbe: Warning: [Warning][ResimProbe.Apply] prepares=66 finishes=66 abandoned=0 stuck=0 replayTicks=513 replayOverruns=0 freshProtects=38 staleProtects=0
LogOGResimProbe: Warning: [Warning][ResimProbe.Landing] class=LocallyPredicted behind=60 atFrontier=0 discarded=0 atFrontierPerMille=0 windowSamples=120
LogOGResimProbe: Warning: [Warning][ResimProbe.Landing] class=RemoteProxy behind=60 atFrontier=0 discarded=0 atFrontierPerMille=0 windowSamples=120
LogOGResimProbe: Warning: [Warning][ResimProbe.Frame] role=Client simTicks=120 frames=200 meanTicksPerFrameX100=60 p50=1 p99=1 max=1 meanFrameUs=9999
LogOGResimProbe: Warning: [Warning][ResimProbe.Frame] role=Client cadence dFrame1=40 dFrame0=0 dFrameGt1=80 discont=0 numSteps total=120 max=1 gt1=0
LogOGDivergenceProbe: Warning: [Warning][DivergenceProbe.Window] class=LocallyPredicted corrections=61 disagreed=61 ratePerMille=1000 windowSamples=120
LogOGDivergenceProbe: Warning: [Warning][DivergenceProbe.Window] class=RemoteProxy corrections=59 disagreed=59 ratePerMille=1000 windowSamples=120
LogOGRelayProbe: Warning: [Warning][RelayProbe.Read] window=[27493,27613] src=Prediction hit=53 miss=67 verifyFail=0 rung0=0 total=120
LogOGRelayProbe: Warning: [Warning][RelayProbe.Read] window=[27493,27613] src=Resim hit=417 miss=44 verifyFail=0 rung0=0 total=461
LogOGRelayProbe: Warning: [Warning][RelayProbe.Miss] window=[27493,27613] src=Prediction inSpan=0 aboveNewest=67 belowOldest=0 noProbeTick=0 miss=67
LogOGRelayProbe: Warning: [Warning][RelayProbe.Miss] window=[27493,27613] src=Resim inSpan=10 aboveNewest=34 belowOldest=0 noProbeTick=0 miss=44
LogOGRelayProbe: Warning: [Warning][RelayProbe.Delta] window=[27493,27613] src=Prediction n=120 p10=-1 p50=1 p90=2 min=-3 max=4 satLow=0 satHigh=0
LogOGRelayProbe: Warning: [Warning][RelayProbe.Delta] window=[27493,27613] src=Resim n=461 p10=-6 p50=-3 p90=0 min=-8 max=3 satLow=0 satHigh=0
LogOGRelayProbe: Warning: [Warning][RelayProbe.Stale] window=[27493,27613] maxConsecutiveFallbackRun=12 id=28409
LogOGResimProbe: Warning: [Warning][ResimProbe.Gate] checks=120 declined=55 requested=65 requestedPerMille=542 deepSkips=0 survivingAnchors=0
LogOGResimProbe: Warning: [Warning][ResimProbe.Chaos] requests=64 grants=64 refused=0 refusedPerMille=0 repeat=0 clamped=0 depthMin=5 depthMax=8
LogOGResimProbe: Warning: [Warning][ResimProbe.Apply] prepares=64 finishes=64 abandoned=0 stuck=0 replayTicks=466 replayOverruns=0 freshProtects=34 staleProtects=0
LogOGRelayProbe: Warning: [Warning][RelayProbe.Arrival] samples=120 gapCaptureTicks p50=2 p99=4 max=5 noAdvance=0 saturated=0 lostCaptureTicksX1000=18 lost=4 delivered=213 expected=217 discont=0 discontMax=0
LogOGResimProbe: Warning: [Warning][ResimProbe.Frame] role=Client simTicks=120 frames=200 meanTicksPerFrameX100=60 p50=1 p99=1 max=1 meanFrameUs=10000
LogOGResimProbe: Warning: [Warning][ResimProbe.Frame] role=Client cadence dFrame1=40 dFrame0=0 dFrameGt1=80 discont=0 numSteps total=120 max=1 gt1=0
LogOGResimProbe: Warning: [Warning][ResimProbe.Landing] class=LocallyPredicted behind=62 atFrontier=0 discarded=0 atFrontierPerMille=0 windowSamples=120
LogOGResimProbe: Warning: [Warning][ResimProbe.Landing] class=RemoteProxy behind=58 atFrontier=0 discarded=0 atFrontierPerMille=0 windowSamples=120
LogOGDivergenceProbe: Warning: [Warning][DivergenceProbe.Window] class=LocallyPredicted corrections=61 disagreed=61 ratePerMille=1000 windowSamples=120
LogOGDivergenceProbe: Warning: [Warning][DivergenceProbe.Window] class=RemoteProxy corrections=59 disagreed=59 ratePerMille=1000 windowSamples=120
LogOGRelayProbe: Warning: [Warning][RelayProbe.Read] window=[27613,27733] src=Prediction hit=48 miss=72 verifyFail=0 rung0=0 total=120
LogOGRelayProbe: Warning: [Warning][RelayProbe.Read] window=[27613,27733] src=Resim hit=360 miss=35 verifyFail=0 rung0=0 total=395
LogOGRelayProbe: Warning: [Warning][RelayProbe.Miss] window=[27613,27733] src=Prediction inSpan=0 aboveNewest=72 belowOldest=0 noProbeTick=0 miss=72
LogOGRelayProbe: Warning: [Warning][RelayProbe.Miss] window=[27613,27733] src=Resim inSpan=0 aboveNewest=35 belowOldest=0 noProbeTick=0 miss=35
LogOGRelayProbe: Warning: [Warning][RelayProbe.Delta] window=[27613,27733] src=Prediction n=120 p10=-1 p50=1 p90=3 min=-2 max=4 satLow=0 satHigh=0
LogOGRelayProbe: Warning: [Warning][RelayProbe.Delta] window=[27613,27733] src=Resim n=395 p10=-6 p50=-3 p90=0 min=-8 max=3 satLow=0 satHigh=0
LogOGRelayProbe: Warning: [Warning][RelayProbe.Stale] window=[27613,27733] maxConsecutiveFallbackRun=8 id=28409
LogOGResimProbe: Warning: [Warning][ResimProbe.Gate] checks=120 declined=64 requested=56 requestedPerMille=467 deepSkips=0 survivingAnchors=0
LogOGResimProbe: Warning: [Warning][ResimProbe.Chaos] requests=56 grants=56 refused=0 refusedPerMille=0 repeat=0 clamped=0 depthMin=5 depthMax=8
LogOGResimProbe: Warning: [Warning][ResimProbe.Apply] prepares=56 finishes=56 abandoned=0 stuck=0 replayTicks=424 replayOverruns=0 freshProtects=42 staleProtects=0
LogOGResimProbe: Warning: [Warning][ResimProbe.Frame] role=Client simTicks=120 frames=201 meanTicksPerFrameX100=59 p50=1 p99=1 max=1 meanFrameUs=9999
LogOGResimProbe: Warning: [Warning][ResimProbe.Frame] role=Client cadence dFrame1=39 dFrame0=0 dFrameGt1=81 discont=0 numSteps total=120 max=1 gt1=0
LogOGResimProbe: Warning: [Warning][ResimProbe.Landing] class=LocallyPredicted behind=59 atFrontier=0 discarded=0 atFrontierPerMille=0 windowSamples=120
LogOGResimProbe: Warning: [Warning][ResimProbe.Landing] class=RemoteProxy behind=61 atFrontier=0 discarded=0 atFrontierPerMille=0 windowSamples=120
LogOGDivergenceProbe: Warning: [Warning][DivergenceProbe.Window] class=LocallyPredicted corrections=60 disagreed=60 ratePerMille=1000 windowSamples=120
LogOGDivergenceProbe: Warning: [Warning][DivergenceProbe.Window] class=RemoteProxy corrections=60 disagreed=60 ratePerMille=1000 windowSamples=120
LogOGRelayProbe: Warning: [Warning][RelayProbe.Read] window=[27733,27853] src=Prediction hit=55 miss=65 verifyFail=0 rung0=0 total=120
LogOGRelayProbe: Warning: [Warning][RelayProbe.Read] window=[27733,27853] src=Resim hit=465 miss=48 verifyFail=0 rung0=0 total=513
LogOGRelayProbe: Warning: [Warning][RelayProbe.Miss] window=[27733,27853] src=Prediction inSpan=1 aboveNewest=64 belowOldest=0 noProbeTick=0 miss=65
LogOGRelayProbe: Warning: [Warning][RelayProbe.Miss] window=[27733,27853] src=Resim inSpan=5 aboveNewest=43 belowOldest=0 noProbeTick=0 miss=48
LogOGRelayProbe: Warning: [Warning][RelayProbe.Delta] window=[27733,27853] src=Prediction n=120 p10=-1 p50=1 p90=2 min=-3 max=4 satLow=0 satHigh=0
LogOGRelayProbe: Warning: [Warning][RelayProbe.Delta] window=[27733,27853] src=Resim n=513 p10=-6 p50=-3 p90=0 min=-8 max=3 satLow=0 satHigh=0
LogOGRelayProbe: Warning: [Warning][RelayProbe.Stale] window=[27733,27853] maxConsecutiveFallbackRun=9 id=28409
LogOGResimProbe: Warning: [Warning][ResimProbe.Gate] checks=120 declined=51 requested=69 requestedPerMille=575 deepSkips=0 survivingAnchors=0
LogOGResimProbe: Warning: [Warning][ResimProbe.Chaos] requests=70 grants=70 refused=0 refusedPerMille=0 repeat=0 clamped=0 depthMin=5 depthMax=8
LogOGResimProbe: Warning: [Warning][ResimProbe.Apply] prepares=70 finishes=70 abandoned=0 stuck=0 replayTicks=514 replayOverruns=0 freshProtects=32 staleProtects=0
LogOGRelayProbe: Warning: [Warning][RelayProbe.Arrival] samples=120 gapCaptureTicks p50=2 p99=4 max=5 noAdvance=0 saturated=0 lostCaptureTicksX1000=4 lost=1 delivered=223 expected=224 discont=0 discontMax=0
LogOGResimProbe: Warning: [Warning][ResimProbe.Frame] role=Client simTicks=120 frames=200 meanTicksPerFrameX100=60 p50=1 p99=1 max=1 meanFrameUs=10000
LogOGResimProbe: Warning: [Warning][ResimProbe.Frame] role=Client cadence dFrame1=40 dFrame0=0 dFrameGt1=80 discont=0 numSteps total=120 max=1 gt1=0
LogOGResimProbe: Warning: [Warning][ResimProbe.Landing] class=LocallyPredicted behind=60 atFrontier=0 discarded=0 atFrontierPerMille=0 windowSamples=120
LogOGResimProbe: Warning: [Warning][ResimProbe.Landing] class=RemoteProxy behind=60 atFrontier=0 discarded=0 atFrontierPerMille=0 windowSamples=120
LogOGDivergenceProbe: Warning: [Warning][DivergenceProbe.Window] class=LocallyPredicted corrections=59 disagreed=59 ratePerMille=1000 windowSamples=120
LogOGDivergenceProbe: Warning: [Warning][DivergenceProbe.Window] class=RemoteProxy corrections=61 disagreed=61 ratePerMille=1000 windowSamples=120
LogOGRelayProbe: Warning: [Warning][RelayProbe.Read] window=[27853,27973] src=Prediction hit=56 miss=64 verifyFail=0 rung0=0 total=120
LogOGRelayProbe: Warning: [Warning][RelayProbe.Read] window=[27853,27973] src=Resim hit=367 miss=37 verifyFail=0 rung0=0 total=404
LogOGRelayProbe: Warning: [Warning][RelayProbe.Miss] window=[27853,27973] src=Prediction inSpan=0 aboveNewest=64 belowOldest=0 noProbeTick=0 miss=64
LogOGRelayProbe: Warning: [Warning][RelayProbe.Miss] window=[27853,27973] src=Resim inSpan=4 aboveNewest=33 belowOldest=0 noProbeTick=0 miss=37
LogOGRelayProbe: Warning: [Warning][RelayProbe.Delta] window=[27853,27973] src=Prediction n=120 p10=-1 p50=1 p90=2 min=-2 max=4 satLow=0 satHigh=0
LogOGRelayProbe: Warning: [Warning][RelayProbe.Delta] window=[27853,27973] src=Resim n=404 p10=-6 p50=-3 p90=0 min=-8 max=3 satLow=0 satHigh=0
LogOGRelayProbe: Warning: [Warning][RelayProbe.Stale] window=[27853,27973] maxConsecutiveFallbackRun=7 id=28409
LogOGResimProbe: Warning: [Warning][ResimProbe.Gate] checks=120 declined=61 requested=59 requestedPerMille=492 deepSkips=0 survivingAnchors=0
LogOGResimProbe: Warning: [Warning][ResimProbe.Chaos] requests=58 grants=58 refused=0 refusedPerMille=0 repeat=0 clamped=0 depthMin=4 depthMax=8
LogOGResimProbe: Warning: [Warning][ResimProbe.Apply] prepares=58 finishes=58 abandoned=0 stuck=0 replayTicks=424 replayOverruns=0 freshProtects=34 staleProtects=0
LogOGResimProbe: Warning: [Warning][ResimProbe.Frame] role=Client simTicks=120 frames=199 meanTicksPerFrameX100=60 p50=1 p99=1 max=1 meanFrameUs=9999
LogOGResimProbe: Warning: [Warning][ResimProbe.Frame] role=Client cadence dFrame1=41 dFrame0=0 dFrameGt1=79 discont=0 numSteps total=120 max=1 gt1=0
LogOGResimProbe: Warning: [Warning][ResimProbe.Landing] class=LocallyPredicted behind=59 atFrontier=0 discarded=0 atFrontierPerMille=0 windowSamples=120
LogOGResimProbe: Warning: [Warning][ResimProbe.Landing] class=RemoteProxy behind=61 atFrontier=0 discarded=0 atFrontierPerMille=0 windowSamples=120
LogOGDivergenceProbe: Warning: [Warning][DivergenceProbe.Window] class=LocallyPredicted corrections=60 disagreed=60 ratePerMille=1000 windowSamples=120
LogOGDivergenceProbe: Warning: [Warning][DivergenceProbe.Window] class=RemoteProxy corrections=60 disagreed=60 ratePerMille=1000 windowSamples=120
LogOGRelayProbe: Warning: [Warning][RelayProbe.Arrival] samples=120 gapCaptureTicks p50=2 p99=4 max=4 noAdvance=0 saturated=0 lostCaptureTicksX1000=4 lost=1 delivered=226 expected=227 discont=0 discontMax=0
LogOGRelayProbe: Warning: [Warning][RelayProbe.Read] window=[27973,28093] src=Prediction hit=43 miss=77 verifyFail=0 rung0=0 total=120
LogOGRelayProbe: Warning: [Warning][RelayProbe.Read] window=[27973,28093] src=Resim hit=419 miss=54 verifyFail=0 rung0=0 total=473
LogOGRelayProbe: Warning: [Warning][RelayProbe.Miss] window=[27973,28093] src=Prediction inSpan=0 aboveNewest=77 belowOldest=0 noProbeTick=0 miss=77
LogOGRelayProbe: Warning: [Warning][RelayProbe.Miss] window=[27973,28093] src=Resim inSpan=0 aboveNewest=54 belowOldest=0 noProbeTick=0 miss=54
LogOGRelayProbe: Warning: [Warning][RelayProbe.Delta] window=[27973,28093] src=Prediction n=120 p10=-1 p50=1 p90=3 min=-3 max=4 satLow=0 satHigh=0
LogOGRelayProbe: Warning: [Warning][RelayProbe.Delta] window=[27973,28093] src=Resim n=473 p10=-5 p50=-2 p90=1 min=-8 max=3 satLow=0 satHigh=0
LogOGRelayProbe: Warning: [Warning][RelayProbe.Stale] window=[27973,28093] maxConsecutiveFallbackRun=11 id=28409
LogOGResimProbe: Warning: [Warning][ResimProbe.Gate] checks=120 declined=51 requested=69 requestedPerMille=575 deepSkips=0 survivingAnchors=0
LogOGResimProbe: Warning: [Warning][ResimProbe.Chaos] requests=69 grants=69 refused=0 refusedPerMille=0 repeat=0 clamped=0 depthMin=4 depthMax=8
LogOGResimProbe: Warning: [Warning][ResimProbe.Apply] prepares=69 finishes=69 abandoned=0 stuck=0 replayTicks=494 replayOverruns=0 freshProtects=35 staleProtects=0
LogOGResimProbe: Warning: [Warning][ResimProbe.Frame] role=Client simTicks=120 frames=199 meanTicksPerFrameX100=60 p50=1 p99=1 max=1 meanFrameUs=10000
LogOGResimProbe: Warning: [Warning][ResimProbe.Frame] role=Client cadence dFrame1=41 dFrame0=0 dFrameGt1=79 discont=0 numSteps total=120 max=1 gt1=0
LogOGResimProbe: Warning: [Warning][ResimProbe.Landing] class=LocallyPredicted behind=61 atFrontier=0 discarded=0 atFrontierPerMille=0 windowSamples=120
LogOGResimProbe: Warning: [Warning][ResimProbe.Landing] class=RemoteProxy behind=59 atFrontier=0 discarded=0 atFrontierPerMille=0 windowSamples=120
LogOGDivergenceProbe: Warning: [Warning][DivergenceProbe.Window] class=LocallyPredicted corrections=60 disagreed=60 ratePerMille=1000 windowSamples=120
LogOGDivergenceProbe: Warning: [Warning][DivergenceProbe.Window] class=RemoteProxy corrections=60 disagreed=60 ratePerMille=1000 windowSamples=120
LogOGRelayProbe: Warning: [Warning][RelayProbe.Read] window=[28093,28213] src=Prediction hit=26 miss=94 verifyFail=0 rung0=0 total=120
LogOGRelayProbe: Warning: [Warning][RelayProbe.Read] window=[28093,28213] src=Resim hit=397 miss=101 verifyFail=0 rung0=0 total=498
LogOGRelayProbe: Warning: [Warning][RelayProbe.Miss] window=[28093,28213] src=Prediction inSpan=0 aboveNewest=94 belowOldest=0 noProbeTick=0 miss=94
LogOGRelayProbe: Warning: [Warning][RelayProbe.Miss] window=[28093,28213] src=Resim inSpan=12 aboveNewest=89 belowOldest=0 noProbeTick=0 miss=101
LogOGRelayProbe: Warning: [Warning][RelayProbe.Delta] window=[28093,28213] src=Prediction n=120 p10=0 p50=2 p90=4 min=-2 max=6 satLow=0 satHigh=0
LogOGRelayProbe: Warning: [Warning][RelayProbe.Delta] window=[28093,28213] src=Resim n=498 p10=-5 p50=-2 p90=1 min=-8 max=5 satLow=0 satHigh=0
LogOGRelayProbe: Warning: [Warning][RelayProbe.Stale] window=[28093,28213] maxConsecutiveFallbackRun=30 id=28409
LogOGResimProbe: Warning: [Warning][ResimProbe.Gate] checks=120 declined=53 requested=67 requestedPerMille=558 deepSkips=0 survivingAnchors=0
LogOGResimProbe: Warning: [Warning][ResimProbe.Chaos] requests=68 grants=66 refused=2 refusedPerMille=29 repeat=2 clamped=0 depthMin=5 depthMax=9
LogOGResimProbe: Warning: [Warning][ResimProbe.Apply] prepares=66 finishes=66 abandoned=0 stuck=0 replayTicks=528 replayOverruns=0 freshProtects=33 staleProtects=1
LogOGResimProbe: Warning: [Warning][ResimProbe.Frame] role=Client simTicks=120 frames=201 meanTicksPerFrameX100=59 p50=1 p99=1 max=1 meanFrameUs=9999
LogOGResimProbe: Warning: [Warning][ResimProbe.Frame] role=Client cadence dFrame1=39 dFrame0=0 dFrameGt1=81 discont=0 numSteps total=120 max=1 gt1=0
LogOGResimProbe: Warning: [Warning][ResimProbe.Landing] class=LocallyPredicted behind=59 atFrontier=0 discarded=0 atFrontierPerMille=0 windowSamples=120
LogOGResimProbe: Warning: [Warning][ResimProbe.Landing] class=RemoteProxy behind=61 atFrontier=0 discarded=0 atFrontierPerMille=0 windowSamples=120
LogOGDivergenceProbe: Warning: [Warning][DivergenceProbe.Window] class=LocallyPredicted corrections=60 disagreed=60 ratePerMille=1000 windowSamples=120
LogOGDivergenceProbe: Warning: [Warning][DivergenceProbe.Window] class=RemoteProxy corrections=60 disagreed=60 ratePerMille=1000 windowSamples=120
LogOGRelayProbe: Warning: [Warning][RelayProbe.Arrival] samples=120 gapCaptureTicks p50=2 p99=4 max=5 noAdvance=0 saturated=0 lostCaptureTicksX1000=27 lost=6 delivered=212 expected=218 discont=0 discontMax=0
LogOGRelayProbe: Warning: [Warning][RelayProbe.Read] window=[28213,28333] src=Prediction hit=50 miss=70 verifyFail=0 rung0=0 total=120
LogOGRelayProbe: Warning: [Warning][RelayProbe.Read] window=[28213,28333] src=Resim hit=438 miss=55 verifyFail=0 rung0=0 total=493
LogOGRelayProbe: Warning: [Warning][RelayProbe.Miss] window=[28213,28333] src=Prediction inSpan=0 aboveNewest=70 belowOldest=0 noProbeTick=0 miss=70
LogOGRelayProbe: Warning: [Warning][RelayProbe.Miss] window=[28213,28333] src=Resim inSpan=3 aboveNewest=52 belowOldest=0 noProbeTick=0 miss=55
LogOGRelayProbe: Warning: [Warning][RelayProbe.Delta] window=[28213,28333] src=Prediction n=120 p10=-1 p50=1 p90=3 min=-2 max=4 satLow=0 satHigh=0
LogOGRelayProbe: Warning: [Warning][RelayProbe.Delta] window=[28213,28333] src=Resim n=493 p10=-6 p50=-3 p90=1 min=-9 max=4 satLow=0 satHigh=0
LogOGRelayProbe: Warning: [Warning][RelayProbe.Stale] window=[28213,28333] maxConsecutiveFallbackRun=11 id=28409
LogOGResimProbe: Warning: [Warning][ResimProbe.Gate] checks=120 declined=51 requested=69 requestedPerMille=575 deepSkips=0 survivingAnchors=0
LogOGResimProbe: Warning: [Warning][ResimProbe.Chaos] requests=68 grants=68 refused=0 refusedPerMille=0 repeat=0 clamped=0 depthMin=5 depthMax=8
LogOGResimProbe: Warning: [Warning][ResimProbe.Apply] prepares=68 finishes=68 abandoned=0 stuck=0 replayTicks=510 replayOverruns=0 freshProtects=31 staleProtects=1
LogOGResimProbe: Warning: [Warning][ResimProbe.Frame] role=Client simTicks=120 frames=200 meanTicksPerFrameX100=60 p50=1 p99=1 max=1 meanFrameUs=10000
LogOGResimProbe: Warning: [Warning][ResimProbe.Frame] role=Client cadence dFrame1=40 dFrame0=0 dFrameGt1=80 discont=0 numSteps total=120 max=1 gt1=0
LogOGResimProbe: Warning: [Warning][ResimProbe.Landing] class=LocallyPredicted behind=61 atFrontier=0 discarded=0 atFrontierPerMille=0 windowSamples=120
LogOGResimProbe: Warning: [Warning][ResimProbe.Landing] class=RemoteProxy behind=59 atFrontier=0 discarded=0 atFrontierPerMille=0 windowSamples=120
LogOGDivergenceProbe: Warning: [Warning][DivergenceProbe.Window] class=LocallyPredicted corrections=60 disagreed=60 ratePerMille=1000 windowSamples=120
LogOGDivergenceProbe: Warning: [Warning][DivergenceProbe.Window] class=RemoteProxy corrections=60 disagreed=60 ratePerMille=1000 windowSamples=120
LogOGRelayProbe: Warning: [Warning][RelayProbe.Read] window=[28333,28453] src=Prediction hit=75 miss=45 verifyFail=0 rung0=0 total=120
LogOGRelayProbe: Warning: [Warning][RelayProbe.Read] window=[28333,28453] src=Resim hit=413 miss=23 verifyFail=0 rung0=0 total=436
LogOGRelayProbe: Warning: [Warning][RelayProbe.Miss] window=[28333,28453] src=Prediction inSpan=0 aboveNewest=45 belowOldest=0 noProbeTick=0 miss=45
LogOGRelayProbe: Warning: [Warning][RelayProbe.Miss] window=[28333,28453] src=Resim inSpan=0 aboveNewest=23 belowOldest=0 noProbeTick=0 miss=23
LogOGRelayProbe: Warning: [Warning][RelayProbe.Delta] window=[28333,28453] src=Prediction n=120 p10=-1 p50=0 p90=2 min=-3 max=4 satLow=0 satHigh=0
LogOGRelayProbe: Warning: [Warning][RelayProbe.Delta] window=[28333,28453] src=Resim n=436 p10=-6 p50=-3 p90=0 min=-8 max=3 satLow=0 satHigh=0
LogOGRelayProbe: Warning: [Warning][RelayProbe.Stale] window=[28333,28453] maxConsecutiveFallbackRun=10 id=28409
LogOGResimProbe: Warning: [Warning][ResimProbe.Gate] checks=120 declined=55 requested=65 requestedPerMille=542 deepSkips=0 survivingAnchors=0
LogOGResimProbe: Warning: [Warning][ResimProbe.Chaos] requests=66 grants=66 refused=0 refusedPerMille=0 repeat=0 clamped=0 depthMin=4 depthMax=8
LogOGResimProbe: Warning: [Warning][ResimProbe.Apply] prepares=66 finishes=66 abandoned=0 stuck=0 replayTicks=460 replayOverruns=0 freshProtects=39 staleProtects=0
LogOGResimProbe: Warning: [Warning][ResimProbe.Frame] role=Client simTicks=120 frames=201 meanTicksPerFrameX100=59 p50=1 p99=1 max=1 meanFrameUs=10002
LogOGResimProbe: Warning: [Warning][ResimProbe.Frame] role=Client cadence dFrame1=39 dFrame0=0 dFrameGt1=81 discont=0 numSteps total=120 max=1 gt1=0
LogOGResimProbe: Warning: [Warning][ResimProbe.Landing] class=LocallyPredicted behind=60 atFrontier=0 discarded=0 atFrontierPerMille=0 windowSamples=120
LogOGResimProbe: Warning: [Warning][ResimProbe.Landing] class=RemoteProxy behind=60 atFrontier=0 discarded=0 atFrontierPerMille=0 windowSamples=120
LogOGDivergenceProbe: Warning: [Warning][DivergenceProbe.Window] class=LocallyPredicted corrections=61 disagreed=61 ratePerMille=1000 windowSamples=120
LogOGDivergenceProbe: Warning: [Warning][DivergenceProbe.Window] class=RemoteProxy corrections=59 disagreed=59 ratePerMille=1000 windowSamples=120
LogOGRelayProbe: Warning: [Warning][RelayProbe.Arrival] samples=120 gapCaptureTicks p50=2 p99=4 max=4 noAdvance=0 saturated=0 lostCaptureTicksX1000=0 lost=0 delivered=209 expected=209 discont=0 discontMax=0
LogOGRelayProbe: Warning: [Warning][RelayProbe.Read] window=[28453,28573] src=Prediction hit=62 miss=58 verifyFail=0 rung0=0 total=120
LogOGRelayProbe: Warning: [Warning][RelayProbe.Read] window=[28453,28573] src=Resim hit=445 miss=27 verifyFail=0 rung0=0 total=472
LogOGRelayProbe: Warning: [Warning][RelayProbe.Miss] window=[28453,28573] src=Prediction inSpan=0 aboveNewest=58 belowOldest=0 noProbeTick=0 miss=58
LogOGRelayProbe: Warning: [Warning][RelayProbe.Miss] window=[28453,28573] src=Resim inSpan=0 aboveNewest=27 belowOldest=0 noProbeTick=0 miss=27
LogOGRelayProbe: Warning: [Warning][RelayProbe.Delta] window=[28453,28573] src=Prediction n=120 p10=-2 p50=0 p90=2 min=-3 max=3 satLow=0 satHigh=0
LogOGRelayProbe: Warning: [Warning][RelayProbe.Delta] window=[28453,28573] src=Resim n=472 p10=-6 p50=-3 p90=0 min=-8 max=2 satLow=0 satHigh=0
LogOGRelayProbe: Warning: [Warning][RelayProbe.Stale] window=[28453,28573] maxConsecutiveFallbackRun=6 id=28409
LogOGResimProbe: Warning: [Warning][ResimProbe.Gate] checks=120 declined=51 requested=69 requestedPerMille=575 deepSkips=0 survivingAnchors=0
LogOGResimProbe: Warning: [Warning][ResimProbe.Chaos] requests=68 grants=68 refused=0 refusedPerMille=0 repeat=0 clamped=0 depthMin=4 depthMax=9
LogOGResimProbe: Warning: [Warning][ResimProbe.Apply] prepares=68 finishes=68 abandoned=0 stuck=0 replayTicks=483 replayOverruns=0 freshProtects=37 staleProtects=0
LogOGResimProbe: Warning: [Warning][ResimProbe.Frame] role=Client simTicks=120 frames=198 meanTicksPerFrameX100=60 p50=1 p99=1 max=1 meanFrameUs=9999
LogOGResimProbe: Warning: [Warning][ResimProbe.Frame] role=Client cadence dFrame1=42 dFrame0=0 dFrameGt1=78 discont=0 numSteps total=120 max=1 gt1=0
LogOGResimProbe: Warning: [Warning][ResimProbe.Landing] class=LocallyPredicted behind=60 atFrontier=0 discarded=0 atFrontierPerMille=0 windowSamples=120
LogOGResimProbe: Warning: [Warning][ResimProbe.Landing] class=RemoteProxy behind=60 atFrontier=0 discarded=0 atFrontierPerMille=0 windowSamples=120
LogOGDivergenceProbe: Warning: [Warning][DivergenceProbe.Window] class=LocallyPredicted corrections=60 disagreed=60 ratePerMille=1000 windowSamples=120
LogOGDivergenceProbe: Warning: [Warning][DivergenceProbe.Window] class=RemoteProxy corrections=60 disagreed=60 ratePerMille=1000 windowSamples=120
LogOGRelayProbe: Warning: [Warning][RelayProbe.Read] window=[28573,28693] src=Prediction hit=47 miss=73 verifyFail=0 rung0=0 total=120
LogOGRelayProbe: Warning: [Warning][RelayProbe.Read] window=[28573,28693] src=Resim hit=436 miss=49 verifyFail=0 rung0=0 total=485
LogOGRelayProbe: Warning: [Warning][RelayProbe.Miss] window=[28573,28693] src=Prediction inSpan=0 aboveNewest=73 belowOldest=0 noProbeTick=0 miss=73
LogOGRelayProbe: Warning: [Warning][RelayProbe.Miss] window=[28573,28693] src=Resim inSpan=0 aboveNewest=49 belowOldest=0 noProbeTick=0 miss=49
LogOGRelayProbe: Warning: [Warning][RelayProbe.Delta] window=[28573,28693] src=Prediction n=120 p10=-1 p50=1 p90=3 min=-3 max=5 satLow=0 satHigh=0
LogOGRelayProbe: Warning: [Warning][RelayProbe.Delta] window=[28573,28693] src=Resim n=485 p10=-6 p50=-3 p90=1 min=-9 max=3 satLow=0 satHigh=0
LogOGRelayProbe: Warning: [Warning][RelayProbe.Stale] window=[28573,28693] maxConsecutiveFallbackRun=12 id=28409
LogOGResimProbe: Warning: [Warning][ResimProbe.Gate] checks=120 declined=48 requested=72 requestedPerMille=600 deepSkips=0 survivingAnchors=0
LogOGResimProbe: Warning: [Warning][ResimProbe.Chaos] requests=72 grants=67 refused=5 refusedPerMille=69 repeat=5 clamped=0 depthMin=4 depthMax=9
LogOGResimProbe: Warning: [Warning][ResimProbe.Apply] prepares=67 finishes=67 abandoned=0 stuck=0 replayTicks=520 replayOverruns=0 freshProtects=36 staleProtects=0
LogOGRelayProbe: Warning: [Warning][RelayProbe.Arrival] samples=120 gapCaptureTicks p50=2 p99=4 max=5 noAdvance=0 saturated=0 lostCaptureTicksX1000=0 lost=0 delivered=217 expected=217 discont=0 discontMax=0
LogOGResimProbe: Warning: [Warning][ResimProbe.Frame] role=Client simTicks=120 frames=200 meanTicksPerFrameX100=60 p50=1 p99=1 max=1 meanFrameUs=10000
LogOGResimProbe: Warning: [Warning][ResimProbe.Frame] role=Client cadence dFrame1=40 dFrame0=0 dFrameGt1=80 discont=0 numSteps total=120 max=1 gt1=0
LogOGResimProbe: Warning: [Warning][ResimProbe.Landing] class=LocallyPredicted behind=61 atFrontier=0 discarded=0 atFrontierPerMille=0 windowSamples=120
LogOGResimProbe: Warning: [Warning][ResimProbe.Landing] class=RemoteProxy behind=59 atFrontier=0 discarded=0 atFrontierPerMille=0 windowSamples=120
LogOGDivergenceProbe: Warning: [Warning][DivergenceProbe.Window] class=LocallyPredicted corrections=60 disagreed=60 ratePerMille=1000 windowSamples=120
LogOGDivergenceProbe: Warning: [Warning][DivergenceProbe.Window] class=RemoteProxy corrections=60 disagreed=60 ratePerMille=1000 windowSamples=120
LogOGRelayProbe: Warning: [Warning][RelayProbe.Read] window=[28693,28813] src=Prediction hit=45 miss=75 verifyFail=0 rung0=0 total=120
LogOGRelayProbe: Warning: [Warning][RelayProbe.Read] window=[28693,28813] src=Resim hit=463 miss=52 verifyFail=0 rung0=0 total=515
LogOGRelayProbe: Warning: [Warning][RelayProbe.Miss] window=[28693,28813] src=Prediction inSpan=0 aboveNewest=75 belowOldest=0 noProbeTick=0 miss=75
LogOGRelayProbe: Warning: [Warning][RelayProbe.Miss] window=[28693,28813] src=Resim inSpan=0 aboveNewest=52 belowOldest=0 noProbeTick=0 miss=52
LogOGRelayProbe: Warning: [Warning][RelayProbe.Delta] window=[28693,28813] src=Prediction n=120 p10=-1 p50=1 p90=3 min=-2 max=4 satLow=0 satHigh=0
LogOGRelayProbe: Warning: [Warning][RelayProbe.Delta] window=[28693,28813] src=Resim n=515 p10=-6 p50=-3 p90=1 min=-9 max=4 satLow=0 satHigh=0
LogOGRelayProbe: Warning: [Warning][RelayProbe.Stale] window=[28693,28813] maxConsecutiveFallbackRun=15 id=28409
LogOGResimProbe: Warning: [Warning][ResimProbe.Gate] checks=120 declined=55 requested=65 requestedPerMille=542 deepSkips=0 survivingAnchors=0
LogOGResimProbe: Warning: [Warning][ResimProbe.Chaos] requests=65 grants=65 refused=0 refusedPerMille=0 repeat=0 clamped=0 depthMin=5 depthMax=9
LogOGResimProbe: Warning: [Warning][ResimProbe.Apply] prepares=65 finishes=65 abandoned=0 stuck=0 replayTicks=510 replayOverruns=0 freshProtects=38 staleProtects=1
LogOGResimProbe: Warning: [Warning][ResimProbe.Frame] role=Client simTicks=120 frames=201 meanTicksPerFrameX100=59 p50=1 p99=1 max=1 meanFrameUs=10000
LogOGResimProbe: Warning: [Warning][ResimProbe.Frame] role=Client cadence dFrame1=39 dFrame0=0 dFrameGt1=81 discont=0 numSteps total=120 max=1 gt1=0
LogOGResimProbe: Warning: [Warning][ResimProbe.Landing] class=LocallyPredicted behind=60 atFrontier=0 discarded=0 atFrontierPerMille=0 windowSamples=120
LogOGResimProbe: Warning: [Warning][ResimProbe.Landing] class=RemoteProxy behind=60 atFrontier=0 discarded=0 atFrontierPerMille=0 windowSamples=120
LogOGDivergenceProbe: Warning: [Warning][DivergenceProbe.Window] class=LocallyPredicted corrections=61 disagreed=61 ratePerMille=1000 windowSamples=120
LogOGDivergenceProbe: Warning: [Warning][DivergenceProbe.Window] class=RemoteProxy corrections=59 disagreed=59 ratePerMille=1000 windowSamples=120
LogOGRelayProbe: Warning: [Warning][RelayProbe.Read] window=[28813,28933] src=Prediction hit=54 miss=66 verifyFail=0 rung0=0 total=120
LogOGRelayProbe: Warning: [Warning][RelayProbe.Read] window=[28813,28933] src=Resim hit=427 miss=50 verifyFail=0 rung0=0 total=477
LogOGRelayProbe: Warning: [Warning][RelayProbe.Miss] window=[28813,28933] src=Prediction inSpan=0 aboveNewest=66 belowOldest=0 noProbeTick=0 miss=66
LogOGRelayProbe: Warning: [Warning][RelayProbe.Miss] window=[28813,28933] src=Resim inSpan=0 aboveNewest=50 belowOldest=0 noProbeTick=0 miss=50
LogOGRelayProbe: Warning: [Warning][RelayProbe.Delta] window=[28813,28933] src=Prediction n=120 p10=-1 p50=1 p90=2 min=-2 max=4 satLow=0 satHigh=0
LogOGRelayProbe: Warning: [Warning][RelayProbe.Delta] window=[28813,28933] src=Resim n=477 p10=-6 p50=-3 p90=1 min=-8 max=3 satLow=0 satHigh=0
LogOGRelayProbe: Warning: [Warning][RelayProbe.Stale] window=[28813,28933] maxConsecutiveFallbackRun=14 id=28409
LogOGResimProbe: Warning: [Warning][ResimProbe.Gate] checks=120 declined=53 requested=67 requestedPerMille=558 deepSkips=0 survivingAnchors=0
LogOGResimProbe: Warning: [Warning][ResimProbe.Chaos] requests=68 grants=67 refused=1 refusedPerMille=15 repeat=1 clamped=0 depthMin=5 depthMax=8
LogOGResimProbe: Warning: [Warning][ResimProbe.Apply] prepares=67 finishes=67 abandoned=0 stuck=0 replayTicks=502 replayOverruns=0 freshProtects=35 staleProtects=0
LogOGRelayProbe: Warning: [Warning][RelayProbe.Arrival] samples=120 gapCaptureTicks p50=2 p99=4 max=4 noAdvance=0 saturated=0 lostCaptureTicksX1000=9 lost=2 delivered=217 expected=219 discont=0 discontMax=0
LogOGResimProbe: Warning: [Warning][ResimProbe.Frame] role=Client simTicks=120 frames=201 meanTicksPerFrameX100=59 p50=1 p99=1 max=1 meanFrameUs=9999
LogOGResimProbe: Warning: [Warning][ResimProbe.Frame] role=Client cadence dFrame1=39 dFrame0=0 dFrameGt1=81 discont=0 numSteps total=120 max=1 gt1=0
LogOGResimProbe: Warning: [Warning][ResimProbe.Landing] class=LocallyPredicted behind=60 atFrontier=0 discarded=0 atFrontierPerMille=0 windowSamples=120
LogOGResimProbe: Warning: [Warning][ResimProbe.Landing] class=RemoteProxy behind=60 atFrontier=0 discarded=0 atFrontierPerMille=0 windowSamples=120
LogOGDivergenceProbe: Warning: [Warning][DivergenceProbe.Window] class=LocallyPredicted corrections=60 disagreed=60 ratePerMille=1000 windowSamples=120
LogOGDivergenceProbe: Warning: [Warning][DivergenceProbe.Window] class=RemoteProxy corrections=60 disagreed=60 ratePerMille=1000 windowSamples=120
LogOGRelayProbe: Warning: [Warning][RelayProbe.Read] window=[28933,29053] src=Prediction hit=47 miss=73 verifyFail=0 rung0=0 total=120
LogOGRelayProbe: Warning: [Warning][RelayProbe.Read] window=[28933,29053] src=Resim hit=397 miss=50 verifyFail=0 rung0=0 total=447
LogOGRelayProbe: Warning: [Warning][RelayProbe.Miss] window=[28933,29053] src=Prediction inSpan=0 aboveNewest=73 belowOldest=0 noProbeTick=0 miss=73
LogOGRelayProbe: Warning: [Warning][RelayProbe.Miss] window=[28933,29053] src=Resim inSpan=6 aboveNewest=44 belowOldest=0 noProbeTick=0 miss=50
LogOGRelayProbe: Warning: [Warning][RelayProbe.Delta] window=[28933,29053] src=Prediction n=120 p10=-1 p50=1 p90=2 min=-1 max=4 satLow=0 satHigh=0
LogOGRelayProbe: Warning: [Warning][RelayProbe.Delta] window=[28933,29053] src=Resim n=447 p10=-5 p50=-2 p90=0 min=-7 max=4 satLow=0 satHigh=0
LogOGRelayProbe: Warning: [Warning][RelayProbe.Stale] window=[28933,29053] maxConsecutiveFallbackRun=6 id=28409
LogOGResimProbe: Warning: [Warning][ResimProbe.Gate] checks=120 declined=53 requested=67 requestedPerMille=558 deepSkips=0 survivingAnchors=0
LogOGResimProbe: Warning: [Warning][ResimProbe.Chaos] requests=66 grants=66 refused=0 refusedPerMille=0 repeat=0 clamped=0 depthMin=5 depthMax=8
LogOGResimProbe: Warning: [Warning][ResimProbe.Apply] prepares=66 finishes=66 abandoned=0 stuck=0 replayTicks=463 replayOverruns=0 freshProtects=37 staleProtects=0
LogOGResimProbe: Warning: [Warning][ResimProbe.Frame] role=Client simTicks=120 frames=200 meanTicksPerFrameX100=60 p50=1 p99=1 max=1 meanFrameUs=10000
LogOGResimProbe: Warning: [Warning][ResimProbe.Frame] role=Client cadence dFrame1=40 dFrame0=0 dFrameGt1=80 discont=0 numSteps total=120 max=1 gt1=0
LogOGResimProbe: Warning: [Warning][ResimProbe.Landing] class=LocallyPredicted behind=59 atFrontier=0 discarded=0 atFrontierPerMille=0 windowSamples=120
LogOGResimProbe: Warning: [Warning][ResimProbe.Landing] class=RemoteProxy behind=61 atFrontier=0 discarded=0 atFrontierPerMille=0 windowSamples=120
LogOGDivergenceProbe: Warning: [Warning][DivergenceProbe.Window] class=LocallyPredicted corrections=59 disagreed=59 ratePerMille=1000 windowSamples=120
LogOGDivergenceProbe: Warning: [Warning][DivergenceProbe.Window] class=RemoteProxy corrections=61 disagreed=61 ratePerMille=1000 windowSamples=120
LogOGRelayProbe: Warning: [Warning][RelayProbe.Read] window=[29053,29173] src=Prediction hit=81 miss=39 verifyFail=0 rung0=0 total=120
LogOGRelayProbe: Warning: [Warning][RelayProbe.Read] window=[29053,29173] src=Resim hit=370 miss=27 verifyFail=0 rung0=0 total=397
LogOGRelayProbe: Warning: [Warning][RelayProbe.Miss] window=[29053,29173] src=Prediction inSpan=0 aboveNewest=39 belowOldest=0 noProbeTick=0 miss=39
LogOGRelayProbe: Warning: [Warning][RelayProbe.Miss] window=[29053,29173] src=Resim inSpan=9 aboveNewest=18 belowOldest=0 noProbeTick=0 miss=27
LogOGRelayProbe: Warning: [Warning][RelayProbe.Delta] window=[29053,29173] src=Prediction n=120 p10=-2 p50=0 p90=2 min=-3 max=3 satLow=0 satHigh=0
LogOGRelayProbe: Warning: [Warning][RelayProbe.Delta] window=[29053,29173] src=Resim n=397 p10=-6 p50=-3 p90=0 min=-8 max=3 satLow=0 satHigh=0
LogOGRelayProbe: Warning: [Warning][RelayProbe.Stale] window=[29053,29173] maxConsecutiveFallbackRun=8 id=28409
LogOGRelayProbe: Warning: [Warning][RelayProbe.Arrival] samples=120 gapCaptureTicks p50=2 p99=4 max=5 noAdvance=0 saturated=0 lostCaptureTicksX1000=13 lost=3 delivered=221 expected=224 discont=0 discontMax=0
LogOGResimProbe: Warning: [Warning][ResimProbe.Gate] checks=120 declined=63 requested=57 requestedPerMille=475 deepSkips=0 survivingAnchors=0
LogOGResimProbe: Warning: [Warning][ResimProbe.Chaos] requests=58 grants=58 refused=0 refusedPerMille=0 repeat=0 clamped=0 depthMin=4 depthMax=8
LogOGResimProbe: Warning: [Warning][ResimProbe.Apply] prepares=58 finishes=58 abandoned=0 stuck=0 replayTicks=408 replayOverruns=0 freshProtects=41 staleProtects=0
LogOGResimProbe: Warning: [Warning][ResimProbe.Frame] role=Client simTicks=120 frames=199 meanTicksPerFrameX100=60 p50=1 p99=1 max=1 meanFrameUs=9999
LogOGResimProbe: Warning: [Warning][ResimProbe.Frame] role=Client cadence dFrame1=41 dFrame0=0 dFrameGt1=79 discont=0 numSteps total=120 max=1 gt1=0
LogOGResimProbe: Warning: [Warning][ResimProbe.Landing] class=LocallyPredicted behind=61 atFrontier=0 discarded=0 atFrontierPerMille=0 windowSamples=120
LogOGResimProbe: Warning: [Warning][ResimProbe.Landing] class=RemoteProxy behind=59 atFrontier=0 discarded=0 atFrontierPerMille=0 windowSamples=120
LogOGDivergenceProbe: Warning: [Warning][DivergenceProbe.Window] class=LocallyPredicted corrections=61 disagreed=61 ratePerMille=1000 windowSamples=120
LogOGDivergenceProbe: Warning: [Warning][DivergenceProbe.Window] class=RemoteProxy corrections=59 disagreed=59 ratePerMille=1000 windowSamples=120
LogOGRelayProbe: Warning: [Warning][RelayProbe.Read] window=[29173,29293] src=Prediction hit=56 miss=64 verifyFail=0 rung0=0 total=120
LogOGRelayProbe: Warning: [Warning][RelayProbe.Read] window=[29173,29293] src=Resim hit=391 miss=31 verifyFail=0 rung0=0 total=422
LogOGRelayProbe: Warning: [Warning][RelayProbe.Miss] window=[29173,29293] src=Prediction inSpan=0 aboveNewest=64 belowOldest=0 noProbeTick=0 miss=64
LogOGRelayProbe: Warning: [Warning][RelayProbe.Miss] window=[29173,29293] src=Resim inSpan=3 aboveNewest=28 belowOldest=0 noProbeTick=0 miss=31
LogOGRelayProbe: Warning: [Warning][RelayProbe.Delta] window=[29173,29293] src=Prediction n=120 p10=-1 p50=1 p90=2 min=-2 max=3 satLow=0 satHigh=0
LogOGRelayProbe: Warning: [Warning][RelayProbe.Delta] window=[29173,29293] src=Resim n=422 p10=-6 p50=-3 p90=0 min=-7 max=2 satLow=0 satHigh=0
LogOGRelayProbe: Warning: [Warning][RelayProbe.Stale] window=[29173,29293] maxConsecutiveFallbackRun=8 id=28409
LogOGResimProbe: Warning: [Warning][ResimProbe.Gate] checks=120 declined=57 requested=63 requestedPerMille=525 deepSkips=0 survivingAnchors=0
LogOGResimProbe: Warning: [Warning][ResimProbe.Chaos] requests=63 grants=63 refused=0 refusedPerMille=0 repeat=0 clamped=0 depthMin=4 depthMax=7
LogOGResimProbe: Warning: [Warning][ResimProbe.Apply] prepares=63 finishes=63 abandoned=0 stuck=0 replayTicks=436 replayOverruns=0 freshProtects=39 staleProtects=0
LogOGResimProbe: Warning: [Warning][ResimProbe.Frame] role=Client simTicks=120 frames=200 meanTicksPerFrameX100=60 p50=1 p99=1 max=1 meanFrameUs=9999
LogOGResimProbe: Warning: [Warning][ResimProbe.Frame] role=Client cadence dFrame1=40 dFrame0=0 dFrameGt1=80 discont=0 numSteps total=120 max=1 gt1=0
LogOGResimProbe: Warning: [Warning][ResimProbe.Landing] class=LocallyPredicted behind=60 atFrontier=0 discarded=0 atFrontierPerMille=0 windowSamples=120
LogOGResimProbe: Warning: [Warning][ResimProbe.Landing] class=RemoteProxy behind=60 atFrontier=0 discarded=0 atFrontierPerMille=0 windowSamples=120
LogOGDivergenceProbe: Warning: [Warning][DivergenceProbe.Window] class=LocallyPredicted corrections=59 disagreed=59 ratePerMille=1000 windowSamples=120
LogOGDivergenceProbe: Warning: [Warning][DivergenceProbe.Window] class=RemoteProxy corrections=61 disagreed=61 ratePerMille=1000 windowSamples=120
LogOGRelayProbe: Warning: [Warning][RelayProbe.Read] window=[29293,29413] src=Prediction hit=40 miss=80 verifyFail=0 rung0=0 total=120
LogOGRelayProbe: Warning: [Warning][RelayProbe.Read] window=[29293,29413] src=Resim hit=449 miss=59 verifyFail=0 rung0=0 total=508
LogOGRelayProbe: Warning: [Warning][RelayProbe.Miss] window=[29293,29413] src=Prediction inSpan=0 aboveNewest=80 belowOldest=0 noProbeTick=0 miss=80
LogOGRelayProbe: Warning: [Warning][RelayProbe.Miss] window=[29293,29413] src=Resim inSpan=0 aboveNewest=59 belowOldest=0 noProbeTick=0 miss=59
LogOGRelayProbe: Warning: [Warning][RelayProbe.Delta] window=[29293,29413] src=Prediction n=120 p10=0 p50=1 p90=3 min=-2 max=4 satLow=0 satHigh=0
LogOGRelayProbe: Warning: [Warning][RelayProbe.Delta] window=[29293,29413] src=Resim n=508 p10=-6 p50=-3 p90=1 min=-8 max=4 satLow=0 satHigh=0
LogOGRelayProbe: Warning: [Warning][RelayProbe.Stale] window=[29293,29413] maxConsecutiveFallbackRun=13 id=28409
LogOGRelayProbe: Warning: [Warning][RelayProbe.Arrival] samples=120 gapCaptureTicks p50=2 p99=4 max=5 noAdvance=0 saturated=0 lostCaptureTicksX1000=4 lost=1 delivered=237 expected=238 discont=0 discontMax=0
LogOGResimProbe: Warning: [Warning][ResimProbe.Gate] checks=120 declined=51 requested=69 requestedPerMille=575 deepSkips=0 survivingAnchors=0
LogOGResimProbe: Warning: [Warning][ResimProbe.Chaos] requests=68 grants=68 refused=0 refusedPerMille=0 repeat=0 clamped=0 depthMin=5 depthMax=9
LogOGResimProbe: Warning: [Warning][ResimProbe.Apply] prepares=68 finishes=68 abandoned=0 stuck=0 replayTicks=533 replayOverruns=0 freshProtects=37 staleProtects=0
LogOGResimProbe: Warning: [Warning][ResimProbe.Frame] role=Client simTicks=120 frames=200 meanTicksPerFrameX100=60 p50=1 p99=1 max=1 meanFrameUs=10000
LogOGResimProbe: Warning: [Warning][ResimProbe.Frame] role=Client cadence dFrame1=40 dFrame0=0 dFrameGt1=80 discont=0 numSteps total=120 max=1 gt1=0
LogOGResimProbe: Warning: [Warning][ResimProbe.Landing] class=LocallyPredicted behind=59 atFrontier=0 discarded=0 atFrontierPerMille=0 windowSamples=120
LogOGResimProbe: Warning: [Warning][ResimProbe.Landing] class=RemoteProxy behind=61 atFrontier=0 discarded=0 atFrontierPerMille=0 windowSamples=120
LogOGDivergenceProbe: Warning: [Warning][DivergenceProbe.Window] class=LocallyPredicted corrections=60 disagreed=60 ratePerMille=1000 windowSamples=120
LogOGDivergenceProbe: Warning: [Warning][DivergenceProbe.Window] class=RemoteProxy corrections=60 disagreed=60 ratePerMille=1000 windowSamples=120
LogOGRelayProbe: Warning: [Warning][RelayProbe.Read] window=[29413,29533] src=Prediction hit=33 miss=87 verifyFail=0 rung0=0 total=120
LogOGRelayProbe: Warning: [Warning][RelayProbe.Read] window=[29413,29533] src=Resim hit=399 miss=66 verifyFail=0 rung0=0 total=465
LogOGRelayProbe: Warning: [Warning][RelayProbe.Miss] window=[29413,29533] src=Prediction inSpan=0 aboveNewest=87 belowOldest=0 noProbeTick=0 miss=87
LogOGRelayProbe: Warning: [Warning][RelayProbe.Miss] window=[29413,29533] src=Resim inSpan=0 aboveNewest=66 belowOldest=0 noProbeTick=0 miss=66
LogOGRelayProbe: Warning: [Warning][RelayProbe.Delta] window=[29413,29533] src=Prediction n=120 p10=0 p50=1 p90=3 min=-2 max=5 satLow=0 satHigh=0
LogOGRelayProbe: Warning: [Warning][RelayProbe.Delta] window=[29413,29533] src=Resim n=465 p10=-6 p50=-2 p90=1 min=-7 max=3 satLow=0 satHigh=0
LogOGRelayProbe: Warning: [Warning][RelayProbe.Stale] window=[29413,29533] maxConsecutiveFallbackRun=11 id=28409
LogOGResimProbe: Warning: [Warning][ResimProbe.Gate] checks=120 declined=59 requested=61 requestedPerMille=508 deepSkips=0 survivingAnchors=0
LogOGResimProbe: Warning: [Warning][ResimProbe.Chaos] requests=61 grants=61 refused=0 refusedPerMille=0 repeat=0 clamped=0 depthMin=5 depthMax=9
LogOGResimProbe: Warning: [Warning][ResimProbe.Apply] prepares=61 finishes=61 abandoned=0 stuck=0 replayTicks=477 replayOverruns=0 freshProtects=36 staleProtects=0
LogOGResimProbe: Warning: [Warning][ResimProbe.Frame] role=Client simTicks=120 frames=201 meanTicksPerFrameX100=59 p50=1 p99=1 max=1 meanFrameUs=10001
LogOGResimProbe: Warning: [Warning][ResimProbe.Frame] role=Client cadence dFrame1=39 dFrame0=0 dFrameGt1=81 discont=0 numSteps total=120 max=1 gt1=0
LogOGResimProbe: Warning: [Warning][ResimProbe.Landing] class=LocallyPredicted behind=60 atFrontier=0 discarded=0 atFrontierPerMille=0 windowSamples=120
LogOGResimProbe: Warning: [Warning][ResimProbe.Landing] class=RemoteProxy behind=60 atFrontier=0 discarded=0 atFrontierPerMille=0 windowSamples=120
LogOGDivergenceProbe: Warning: [Warning][DivergenceProbe.Window] class=LocallyPredicted corrections=60 disagreed=60 ratePerMille=1000 windowSamples=120
LogOGDivergenceProbe: Warning: [Warning][DivergenceProbe.Window] class=RemoteProxy corrections=60 disagreed=60 ratePerMille=1000 windowSamples=120
LogOGRelayProbe: Warning: [Warning][RelayProbe.Arrival] samples=120 gapCaptureTicks p50=2 p99=4 max=4 noAdvance=0 saturated=0 lostCaptureTicksX1000=13 lost=3 delivered=219 expected=222 discont=0 discontMax=0
LogOGRelayProbe: Warning: [Warning][RelayProbe.Read] window=[29533,29653] src=Prediction hit=35 miss=85 verifyFail=0 rung0=0 total=120
LogOGRelayProbe: Warning: [Warning][RelayProbe.Read] window=[29533,29653] src=Resim hit=352 miss=69 verifyFail=0 rung0=0 total=421
LogOGRelayProbe: Warning: [Warning][RelayProbe.Miss] window=[29533,29653] src=Prediction inSpan=0 aboveNewest=85 belowOldest=0 noProbeTick=0 miss=85
LogOGRelayProbe: Warning: [Warning][RelayProbe.Miss] window=[29533,29653] src=Resim inSpan=5 aboveNewest=64 belowOldest=0 noProbeTick=0 miss=69
LogOGRelayProbe: Warning: [Warning][RelayProbe.Delta] window=[29533,29653] src=Prediction n=120 p10=-1 p50=1 p90=3 min=-2 max=5 satLow=0 satHigh=0
LogOGRelayProbe: Warning: [Warning][RelayProbe.Delta] window=[29533,29653] src=Resim n=421 p10=-5 p50=-2 p90=1 min=-7 max=4 satLow=0 satHigh=0
LogOGRelayProbe: Warning: [Warning][RelayProbe.Stale] window=[29533,29653] maxConsecutiveFallbackRun=11 id=28409
LogOGResimProbe: Warning: [Warning][ResimProbe.Gate] checks=120 declined=61 requested=59 requestedPerMille=492 deepSkips=0 survivingAnchors=0
LogOGResimProbe: Warning: [Warning][ResimProbe.Chaos] requests=60 grants=60 refused=0 refusedPerMille=0 repeat=0 clamped=0 depthMin=5 depthMax=8
LogOGResimProbe: Warning: [Warning][ResimProbe.Apply] prepares=60 finishes=60 abandoned=0 stuck=0 replayTicks=446 replayOverruns=0 freshProtects=37 staleProtects=0
LogOGResimProbe: Warning: [Warning][ResimProbe.Frame] role=Client simTicks=120 frames=200 meanTicksPerFrameX100=60 p50=1 p99=1 max=1 meanFrameUs=9999
LogOGResimProbe: Warning: [Warning][ResimProbe.Frame] role=Client cadence dFrame1=40 dFrame0=0 dFrameGt1=80 discont=0 numSteps total=120 max=1 gt1=0
LogOGResimProbe: Warning: [Warning][ResimProbe.Landing] class=LocallyPredicted behind=61 atFrontier=0 discarded=0 atFrontierPerMille=0 windowSamples=120
LogOGResimProbe: Warning: [Warning][ResimProbe.Landing] class=RemoteProxy behind=59 atFrontier=0 discarded=0 atFrontierPerMille=0 windowSamples=120
LogOGDivergenceProbe: Warning: [Warning][DivergenceProbe.Window] class=LocallyPredicted corrections=60 disagreed=60 ratePerMille=1000 windowSamples=120
LogOGDivergenceProbe: Warning: [Warning][DivergenceProbe.Window] class=RemoteProxy corrections=60 disagreed=60 ratePerMille=1000 windowSamples=120
LogOGRelayProbe: Warning: [Warning][RelayProbe.Read] window=[29653,29773] src=Prediction hit=43 miss=77 verifyFail=0 rung0=0 total=120
LogOGRelayProbe: Warning: [Warning][RelayProbe.Read] window=[29653,29773] src=Resim hit=375 miss=71 verifyFail=0 rung0=0 total=446
LogOGRelayProbe: Warning: [Warning][RelayProbe.Miss] window=[29653,29773] src=Prediction inSpan=1 aboveNewest=76 belowOldest=0 noProbeTick=0 miss=77
LogOGRelayProbe: Warning: [Warning][RelayProbe.Miss] window=[29653,29773] src=Resim inSpan=14 aboveNewest=57 belowOldest=0 noProbeTick=0 miss=71
LogOGRelayProbe: Warning: [Warning][RelayProbe.Delta] window=[29653,29773] src=Prediction n=120 p10=-1 p50=1 p90=3 min=-3 max=8 satLow=0 satHigh=0
LogOGRelayProbe: Warning: [Warning][RelayProbe.Delta] window=[29653,29773] src=Resim n=446 p10=-6 p50=-2 p90=1 min=-9 max=7 satLow=0 satHigh=0
LogOGRelayProbe: Warning: [Warning][RelayProbe.Stale] window=[29653,29773] maxConsecutiveFallbackRun=11 id=28409
LogOGResimProbe: Warning: [Warning][ResimProbe.Gate] checks=120 declined=58 requested=62 requestedPerMille=517 deepSkips=0 survivingAnchors=0
LogOGResimProbe: Warning: [Warning][ResimProbe.Chaos] requests=61 grants=61 refused=0 refusedPerMille=0 repeat=0 clamped=0 depthMin=4 depthMax=9
LogOGResimProbe: Warning: [Warning][ResimProbe.Apply] prepares=61 finishes=61 abandoned=0 stuck=0 replayTicks=447 replayOverruns=0 freshProtects=38 staleProtects=0
LogOGResimProbe: Warning: [Warning][ResimProbe.Frame] role=Client simTicks=120 frames=199 meanTicksPerFrameX100=60 p50=1 p99=1 max=1 meanFrameUs=9999
LogOGResimProbe: Warning: [Warning][ResimProbe.Frame] role=Client cadence dFrame1=41 dFrame0=0 dFrameGt1=79 discont=0 numSteps total=120 max=1 gt1=0
LogOGResimProbe: Warning: [Warning][ResimProbe.Landing] class=LocallyPredicted behind=61 atFrontier=0 discarded=0 atFrontierPerMille=0 windowSamples=120
LogOGResimProbe: Warning: [Warning][ResimProbe.Landing] class=RemoteProxy behind=59 atFrontier=0 discarded=0 atFrontierPerMille=0 windowSamples=120
LogOGDivergenceProbe: Warning: [Warning][DivergenceProbe.Window] class=LocallyPredicted corrections=62 disagreed=62 ratePerMille=1000 windowSamples=120
LogOGDivergenceProbe: Warning: [Warning][DivergenceProbe.Window] class=RemoteProxy corrections=58 disagreed=58 ratePerMille=1000 windowSamples=120
LogOGRelayProbe: Warning: [Warning][RelayProbe.Arrival] samples=120 gapCaptureTicks p50=2 p99=5 max=7 noAdvance=0 saturated=0 lostCaptureTicksX1000=40 lost=10 delivered=234 expected=244 discont=0 discontMax=0
LogOGRelayProbe: Warning: [Warning][RelayProbe.Read] window=[29773,29893] src=Prediction hit=52 miss=68 verifyFail=0 rung0=0 total=120
LogOGRelayProbe: Warning: [Warning][RelayProbe.Read] window=[29773,29893] src=Resim hit=402 miss=63 verifyFail=0 rung0=0 total=465
LogOGRelayProbe: Warning: [Warning][RelayProbe.Miss] window=[29773,29893] src=Prediction inSpan=0 aboveNewest=68 belowOldest=0 noProbeTick=0 miss=68
LogOGRelayProbe: Warning: [Warning][RelayProbe.Miss] window=[29773,29893] src=Resim inSpan=8 aboveNewest=55 belowOldest=0 noProbeTick=0 miss=63
LogOGRelayProbe: Warning: [Warning][RelayProbe.Delta] window=[29773,29893] src=Prediction n=120 p10=-1 p50=1 p90=3 min=-3 max=5 satLow=0 satHigh=0
LogOGRelayProbe: Warning: [Warning][RelayProbe.Delta] window=[29773,29893] src=Resim n=465 p10=-6 p50=-3 p90=1 min=-8 max=4 satLow=0 satHigh=0
LogOGRelayProbe: Warning: [Warning][RelayProbe.Stale] window=[29773,29893] maxConsecutiveFallbackRun=12 id=28409
LogOGResimProbe: Warning: [Warning][ResimProbe.Gate] checks=120 declined=54 requested=66 requestedPerMille=550 deepSkips=0 survivingAnchors=0
LogOGResimProbe: Warning: [Warning][ResimProbe.Chaos] requests=67 grants=67 refused=0 refusedPerMille=0 repeat=0 clamped=0 depthMin=4 depthMax=8
LogOGResimProbe: Warning: [Warning][ResimProbe.Apply] prepares=67 finishes=67 abandoned=0 stuck=0 replayTicks=486 replayOverruns=0 freshProtects=41 staleProtects=0
LogOGResimProbe: Warning: [Warning][ResimProbe.Frame] role=Client simTicks=120 frames=201 meanTicksPerFrameX100=59 p50=1 p99=1 max=1 meanFrameUs=10000
LogOGResimProbe: Warning: [Warning][ResimProbe.Frame] role=Client cadence dFrame1=39 dFrame0=0 dFrameGt1=81 discont=0 numSteps total=120 max=1 gt1=0
LogOGResimProbe: Warning: [Warning][ResimProbe.Landing] class=LocallyPredicted behind=60 atFrontier=0 discarded=0 atFrontierPerMille=0 windowSamples=120
LogOGResimProbe: Warning: [Warning][ResimProbe.Landing] class=RemoteProxy behind=60 atFrontier=0 discarded=0 atFrontierPerMille=0 windowSamples=120
LogOGDivergenceProbe: Warning: [Warning][DivergenceProbe.Window] class=LocallyPredicted corrections=60 disagreed=60 ratePerMille=1000 windowSamples=120
LogOGDivergenceProbe: Warning: [Warning][DivergenceProbe.Window] class=RemoteProxy corrections=60 disagreed=60 ratePerMille=1000 windowSamples=120
LogOGRelayProbe: Warning: [Warning][RelayProbe.Read] window=[29893,30013] src=Prediction hit=48 miss=72 verifyFail=0 rung0=0 total=120
LogOGRelayProbe: Warning: [Warning][RelayProbe.Read] window=[29893,30013] src=Resim hit=398 miss=45 verifyFail=0 rung0=0 total=443
LogOGRelayProbe: Warning: [Warning][RelayProbe.Miss] window=[29893,30013] src=Prediction inSpan=0 aboveNewest=72 belowOldest=0 noProbeTick=0 miss=72
LogOGRelayProbe: Warning: [Warning][RelayProbe.Miss] window=[29893,30013] src=Resim inSpan=0 aboveNewest=45 belowOldest=0 noProbeTick=0 miss=45
LogOGRelayProbe: Warning: [Warning][RelayProbe.Delta] window=[29893,30013] src=Prediction n=120 p10=-1 p50=1 p90=2 min=-3 max=4 satLow=0 satHigh=0
LogOGRelayProbe: Warning: [Warning][RelayProbe.Delta] window=[29893,30013] src=Resim n=443 p10=-5 p50=-3 p90=1 min=-8 max=3 satLow=0 satHigh=0
LogOGRelayProbe: Warning: [Warning][RelayProbe.Stale] window=[29893,30013] maxConsecutiveFallbackRun=10 id=28409
LogOGResimProbe: Warning: [Warning][ResimProbe.Gate] checks=120 declined=54 requested=66 requestedPerMille=550 deepSkips=0 survivingAnchors=0
LogOGResimProbe: Warning: [Warning][ResimProbe.Chaos] requests=66 grants=66 refused=0 refusedPerMille=0 repeat=0 clamped=0 depthMin=5 depthMax=8
LogOGResimProbe: Warning: [Warning][ResimProbe.Apply] prepares=66 finishes=66 abandoned=0 stuck=0 replayTicks=479 replayOverruns=0 freshProtects=36 staleProtects=0
LogOGResimProbe: Warning: [Warning][ResimProbe.Frame] role=Client simTicks=120 frames=200 meanTicksPerFrameX100=60 p50=1 p99=1 max=1 meanFrameUs=10000
LogOGResimProbe: Warning: [Warning][ResimProbe.Frame] role=Client cadence dFrame1=40 dFrame0=0 dFrameGt1=80 discont=0 numSteps total=120 max=1 gt1=0
LogOGResimProbe: Warning: [Warning][ResimProbe.Landing] class=LocallyPredicted behind=60 atFrontier=0 discarded=0 atFrontierPerMille=0 windowSamples=120
LogOGResimProbe: Warning: [Warning][ResimProbe.Landing] class=RemoteProxy behind=60 atFrontier=0 discarded=0 atFrontierPerMille=0 windowSamples=120
LogOGDivergenceProbe: Warning: [Warning][DivergenceProbe.Window] class=LocallyPredicted corrections=60 disagreed=60 ratePerMille=1000 windowSamples=120
LogOGDivergenceProbe: Warning: [Warning][DivergenceProbe.Window] class=RemoteProxy corrections=60 disagreed=60 ratePerMille=1000 windowSamples=120
LogOGRelayProbe: Warning: [Warning][RelayProbe.Arrival] samples=120 gapCaptureTicks p50=2 p99=4 max=5 noAdvance=0 saturated=0 lostCaptureTicksX1000=0 lost=0 delivered=231 expected=231 discont=0 discontMax=0
LogOGRelayProbe: Warning: [Warning][RelayProbe.Read] window=[30013,30133] src=Prediction hit=48 miss=72 verifyFail=0 rung0=0 total=120
LogOGRelayProbe: Warning: [Warning][RelayProbe.Read] window=[30013,30133] src=Resim hit=382 miss=54 verifyFail=0 rung0=0 total=436
LogOGRelayProbe: Warning: [Warning][RelayProbe.Miss] window=[30013,30133] src=Prediction inSpan=0 aboveNewest=72 belowOldest=0 noProbeTick=0 miss=72
LogOGRelayProbe: Warning: [Warning][RelayProbe.Miss] window=[30013,30133] src=Resim inSpan=5 aboveNewest=49 belowOldest=0 noProbeTick=0 miss=54
LogOGRelayProbe: Warning: [Warning][RelayProbe.Delta] window=[30013,30133] src=Prediction n=120 p10=-1 p50=1 p90=3 min=-2 max=4 satLow=0 satHigh=0
LogOGRelayProbe: Warning: [Warning][RelayProbe.Delta] window=[30013,30133] src=Resim n=436 p10=-5 p50=-2 p90=1 min=-8 max=3 satLow=0 satHigh=0
LogOGRelayProbe: Warning: [Warning][RelayProbe.Stale] window=[30013,30133] maxConsecutiveFallbackRun=7 id=28409
LogOGResimProbe: Warning: [Warning][ResimProbe.Gate] checks=120 declined=58 requested=62 requestedPerMille=517 deepSkips=0 survivingAnchors=0
LogOGResimProbe: Warning: [Warning][ResimProbe.Chaos] requests=62 grants=62 refused=0 refusedPerMille=0 repeat=0 clamped=0 depthMin=4 depthMax=8
LogOGResimProbe: Warning: [Warning][ResimProbe.Apply] prepares=62 finishes=62 abandoned=0 stuck=0 replayTicks=447 replayOverruns=0 freshProtects=37 staleProtects=0
LogOGResimProbe: Warning: [Warning][ResimProbe.Frame] role=Client simTicks=120 frames=199 meanTicksPerFrameX100=60 p50=1 p99=1 max=1 meanFrameUs=9999
LogOGResimProbe: Warning: [Warning][ResimProbe.Frame] role=Client cadence dFrame1=41 dFrame0=0 dFrameGt1=79 discont=0 numSteps total=120 max=1 gt1=0
LogOGResimProbe: Warning: [Warning][ResimProbe.Landing] class=LocallyPredicted behind=59 atFrontier=0 discarded=0 atFrontierPerMille=0 windowSamples=120
LogOGResimProbe: Warning: [Warning][ResimProbe.Landing] class=RemoteProxy behind=61 atFrontier=0 discarded=0 atFrontierPerMille=0 windowSamples=120
LogOGDivergenceProbe: Warning: [Warning][DivergenceProbe.Window] class=LocallyPredicted corrections=59 disagreed=59 ratePerMille=1000 windowSamples=120
LogOGDivergenceProbe: Warning: [Warning][DivergenceProbe.Window] class=RemoteProxy corrections=61 disagreed=61 ratePerMille=1000 windowSamples=120
LogOGRelayProbe: Warning: [Warning][RelayProbe.Read] window=[30133,30253] src=Prediction hit=30 miss=90 verifyFail=0 rung0=0 total=120
LogOGRelayProbe: Warning: [Warning][RelayProbe.Read] window=[30133,30253] src=Resim hit=376 miss=70 verifyFail=0 rung0=0 total=446
LogOGRelayProbe: Warning: [Warning][RelayProbe.Miss] window=[30133,30253] src=Prediction inSpan=0 aboveNewest=90 belowOldest=0 noProbeTick=0 miss=90
LogOGRelayProbe: Warning: [Warning][RelayProbe.Miss] window=[30133,30253] src=Resim inSpan=7 aboveNewest=63 belowOldest=0 noProbeTick=0 miss=70
LogOGRelayProbe: Warning: [Warning][RelayProbe.Delta] window=[30133,30253] src=Prediction n=120 p10=0 p50=1 p90=3 min=-3 max=4 satLow=0 satHigh=0
LogOGRelayProbe: Warning: [Warning][RelayProbe.Delta] window=[30133,30253] src=Resim n=446 p10=-5 p50=-2 p90=1 min=-8 max=3 satLow=0 satHigh=0
LogOGRelayProbe: Warning: [Warning][RelayProbe.Stale] window=[30133,30253] maxConsecutiveFallbackRun=21 id=28409
LogOGResimProbe: Warning: [Warning][ResimProbe.Gate] checks=120 declined=56 requested=64 requestedPerMille=533 deepSkips=0 survivingAnchors=0
LogOGResimProbe: Warning: [Warning][ResimProbe.Chaos] requests=64 grants=63 refused=1 refusedPerMille=16 repeat=1 clamped=0 depthMin=5 depthMax=8
LogOGResimProbe: Warning: [Warning][ResimProbe.Apply] prepares=63 finishes=63 abandoned=0 stuck=0 replayTicks=474 replayOverruns=0 freshProtects=35 staleProtects=0
LogOGResimProbe: Warning: [Warning][ResimProbe.Frame] role=Client simTicks=120 frames=200 meanTicksPerFrameX100=60 p50=1 p99=1 max=1 meanFrameUs=10000
LogOGResimProbe: Warning: [Warning][ResimProbe.Frame] role=Client cadence dFrame1=40 dFrame0=0 dFrameGt1=80 discont=0 numSteps total=120 max=1 gt1=0
LogOGResimProbe: Warning: [Warning][ResimProbe.Landing] class=LocallyPredicted behind=60 atFrontier=0 discarded=0 atFrontierPerMille=0 windowSamples=120
LogOGResimProbe: Warning: [Warning][ResimProbe.Landing] class=RemoteProxy behind=60 atFrontier=0 discarded=0 atFrontierPerMille=0 windowSamples=120
LogOGDivergenceProbe: Warning: [Warning][DivergenceProbe.Window] class=LocallyPredicted corrections=60 disagreed=60 ratePerMille=1000 windowSamples=120
LogOGDivergenceProbe: Warning: [Warning][DivergenceProbe.Window] class=RemoteProxy corrections=60 disagreed=60 ratePerMille=1000 windowSamples=120
LogOGRelayProbe: Warning: [Warning][RelayProbe.Arrival] samples=120 gapCaptureTicks p50=2 p99=4 max=5 noAdvance=0 saturated=0 lostCaptureTicksX1000=29 lost=7 delivered=234 expected=241 discont=0 discontMax=0
LogOGRelayProbe: Warning: [Warning][RelayProbe.Read] window=[30253,30373] src=Prediction hit=29 miss=91 verifyFail=0 rung0=0 total=120
LogOGRelayProbe: Warning: [Warning][RelayProbe.Read] window=[30253,30373] src=Resim hit=409 miss=72 verifyFail=0 rung0=0 total=481
LogOGRelayProbe: Warning: [Warning][RelayProbe.Miss] window=[30253,30373] src=Prediction inSpan=0 aboveNewest=91 belowOldest=0 noProbeTick=0 miss=91
LogOGRelayProbe: Warning: [Warning][RelayProbe.Miss] window=[30253,30373] src=Resim inSpan=7 aboveNewest=65 belowOldest=0 noProbeTick=0 miss=72
LogOGRelayProbe: Warning: [Warning][RelayProbe.Delta] window=[30253,30373] src=Prediction n=120 p10=0 p50=1 p90=3 min=-2 max=5 satLow=0 satHigh=0
LogOGRelayProbe: Warning: [Warning][RelayProbe.Delta] window=[30253,30373] src=Resim n=481 p10=-6 p50=-2 p90=1 min=-8 max=4 satLow=0 satHigh=0
LogOGRelayProbe: Warning: [Warning][RelayProbe.Stale] window=[30253,30373] maxConsecutiveFallbackRun=16 id=28409
LogOGResimProbe: Warning: [Warning][ResimProbe.Gate] checks=120 declined=56 requested=64 requestedPerMille=533 deepSkips=0 survivingAnchors=0
LogOGResimProbe: Warning: [Warning][ResimProbe.Chaos] requests=63 grants=63 refused=0 refusedPerMille=0 repeat=0 clamped=0 depthMin=5 depthMax=8
LogOGResimProbe: Warning: [Warning][ResimProbe.Apply] prepares=63 finishes=63 abandoned=0 stuck=0 replayTicks=497 replayOverruns=0 freshProtects=35 staleProtects=0
LogOGResimProbe: Warning: [Warning][ResimProbe.Frame] role=Client simTicks=120 frames=200 meanTicksPerFrameX100=60 p50=1 p99=1 max=1 meanFrameUs=10000
LogOGResimProbe: Warning: [Warning][ResimProbe.Frame] role=Client cadence dFrame1=40 dFrame0=0 dFrameGt1=80 discont=0 numSteps total=120 max=1 gt1=0
LogOGResimProbe: Warning: [Warning][ResimProbe.Landing] class=LocallyPredicted behind=60 atFrontier=0 discarded=0 atFrontierPerMille=0 windowSamples=120
LogOGResimProbe: Warning: [Warning][ResimProbe.Landing] class=RemoteProxy behind=60 atFrontier=0 discarded=0 atFrontierPerMille=0 windowSamples=120
LogOGDivergenceProbe: Warning: [Warning][DivergenceProbe.Window] class=LocallyPredicted corrections=59 disagreed=59 ratePerMille=1000 windowSamples=120
LogOGDivergenceProbe: Warning: [Warning][DivergenceProbe.Window] class=RemoteProxy corrections=61 disagreed=61 ratePerMille=1000 windowSamples=120
LogOGRelayProbe: Warning: [Warning][RelayProbe.Read] window=[30373,30493] src=Prediction hit=35 miss=85 verifyFail=0 rung0=0 total=120
LogOGRelayProbe: Warning: [Warning][RelayProbe.Read] window=[30373,30493] src=Resim hit=428 miss=68 verifyFail=0 rung0=0 total=496
LogOGRelayProbe: Warning: [Warning][RelayProbe.Miss] window=[30373,30493] src=Prediction inSpan=0 aboveNewest=85 belowOldest=0 noProbeTick=0 miss=85
LogOGRelayProbe: Warning: [Warning][RelayProbe.Miss] window=[30373,30493] src=Resim inSpan=0 aboveNewest=68 belowOldest=0 noProbeTick=0 miss=68
LogOGRelayProbe: Warning: [Warning][RelayProbe.Delta] window=[30373,30493] src=Prediction n=120 p10=-1 p50=1 p90=3 min=-2 max=5 satLow=0 satHigh=0
LogOGRelayProbe: Warning: [Warning][RelayProbe.Delta] window=[30373,30493] src=Resim n=496 p10=-6 p50=-2 p90=1 min=-8 max=4 satLow=0 satHigh=0
LogOGRelayProbe: Warning: [Warning][RelayProbe.Stale] window=[30373,30493] maxConsecutiveFallbackRun=22 id=28409
LogOGResimProbe: Warning: [Warning][ResimProbe.Gate] checks=120 declined=55 requested=65 requestedPerMille=542 deepSkips=0 survivingAnchors=0
LogOGResimProbe: Warning: [Warning][ResimProbe.Chaos] requests=65 grants=65 refused=0 refusedPerMille=0 repeat=0 clamped=0 depthMin=5 depthMax=8
LogOGResimProbe: Warning: [Warning][ResimProbe.Apply] prepares=65 finishes=65 abandoned=0 stuck=0 replayTicks=504 replayOverruns=0 freshProtects=39 staleProtects=0
LogOGResimProbe: Warning: [Warning][ResimProbe.Frame] role=Client simTicks=120 frames=200 meanTicksPerFrameX100=60 p50=1 p99=1 max=1 meanFrameUs=10000
LogOGResimProbe: Warning: [Warning][ResimProbe.Frame] role=Client cadence dFrame1=40 dFrame0=0 dFrameGt1=80 discont=0 numSteps total=120 max=1 gt1=0
LogOGResimProbe: Warning: [Warning][ResimProbe.Landing] class=LocallyPredicted behind=60 atFrontier=0 discarded=0 atFrontierPerMille=0 windowSamples=120
LogOGResimProbe: Warning: [Warning][ResimProbe.Landing] class=RemoteProxy behind=60 atFrontier=0 discarded=0 atFrontierPerMille=0 windowSamples=120
LogOGDivergenceProbe: Warning: [Warning][DivergenceProbe.Window] class=LocallyPredicted corrections=60 disagreed=60 ratePerMille=1000 windowSamples=120
LogOGDivergenceProbe: Warning: [Warning][DivergenceProbe.Window] class=RemoteProxy corrections=60 disagreed=60 ratePerMille=1000 windowSamples=120
LogOGRelayProbe: Warning: [Warning][RelayProbe.Arrival] samples=120 gapCaptureTicks p50=2 p99=4 max=4 noAdvance=0 saturated=0 lostCaptureTicksX1000=0 lost=0 delivered=217 expected=217 discont=0 discontMax=0
LogOGRelayProbe: Warning: [Warning][RelayProbe.Read] window=[30493,30613] src=Prediction hit=38 miss=82 verifyFail=0 rung0=0 total=120
LogOGRelayProbe: Warning: [Warning][RelayProbe.Read] window=[30493,30613] src=Resim hit=387 miss=60 verifyFail=0 rung0=0 total=447
LogOGRelayProbe: Warning: [Warning][RelayProbe.Miss] window=[30493,30613] src=Prediction inSpan=0 aboveNewest=82 belowOldest=0 noProbeTick=0 miss=82
LogOGRelayProbe: Warning: [Warning][RelayProbe.Miss] window=[30493,30613] src=Resim inSpan=5 aboveNewest=55 belowOldest=0 noProbeTick=0 miss=60
LogOGRelayProbe: Warning: [Warning][RelayProbe.Delta] window=[30493,30613] src=Prediction n=120 p10=-1 p50=1 p90=3 min=-2 max=5 satLow=0 satHigh=0
LogOGRelayProbe: Warning: [Warning][RelayProbe.Delta] window=[30493,30613] src=Resim n=447 p10=-5 p50=-2 p90=1 min=-8 max=3 satLow=0 satHigh=0
LogOGRelayProbe: Warning: [Warning][RelayProbe.Stale] window=[30493,30613] maxConsecutiveFallbackRun=21 id=28409
LogOGResimProbe: Warning: [Warning][ResimProbe.Gate] checks=120 declined=54 requested=66 requestedPerMille=550 deepSkips=0 survivingAnchors=0
LogOGResimProbe: Warning: [Warning][ResimProbe.Chaos] requests=66 grants=65 refused=1 refusedPerMille=15 repeat=1 clamped=0 depthMin=4 depthMax=8
LogOGResimProbe: Warning: [Warning][ResimProbe.Apply] prepares=65 finishes=65 abandoned=0 stuck=0 replayTicks=466 replayOverruns=0 freshProtects=33 staleProtects=0
LogOGResimProbe: Warning: [Warning][ResimProbe.Frame] role=Client simTicks=120 frames=200 meanTicksPerFrameX100=60 p50=1 p99=1 max=1 meanFrameUs=9999
LogOGResimProbe: Warning: [Warning][ResimProbe.Frame] role=Client cadence dFrame1=40 dFrame0=0 dFrameGt1=80 discont=0 numSteps total=120 max=1 gt1=0
LogOGResimProbe: Warning: [Warning][ResimProbe.Landing] class=LocallyPredicted behind=59 atFrontier=0 discarded=0 atFrontierPerMille=0 windowSamples=120
LogOGResimProbe: Warning: [Warning][ResimProbe.Landing] class=RemoteProxy behind=61 atFrontier=0 discarded=0 atFrontierPerMille=0 windowSamples=120
LogOGDivergenceProbe: Warning: [Warning][DivergenceProbe.Window] class=LocallyPredicted corrections=60 disagreed=60 ratePerMille=1000 windowSamples=120
LogOGDivergenceProbe: Warning: [Warning][DivergenceProbe.Window] class=RemoteProxy corrections=60 disagreed=60 ratePerMille=1000 windowSamples=120
LogOGRelayProbe: Warning: [Warning][RelayProbe.Read] window=[30613,30733] src=Prediction hit=37 miss=83 verifyFail=0 rung0=0 total=120
LogOGRelayProbe: Warning: [Warning][RelayProbe.Read] window=[30613,30733] src=Resim hit=407 miss=50 verifyFail=0 rung0=0 total=457
LogOGRelayProbe: Warning: [Warning][RelayProbe.Miss] window=[30613,30733] src=Prediction inSpan=0 aboveNewest=83 belowOldest=0 noProbeTick=0 miss=83
LogOGRelayProbe: Warning: [Warning][RelayProbe.Miss] window=[30613,30733] src=Resim inSpan=0 aboveNewest=50 belowOldest=0 noProbeTick=0 miss=50
LogOGRelayProbe: Warning: [Warning][RelayProbe.Delta] window=[30613,30733] src=Prediction n=120 p10=0 p50=1 p90=3 min=-1 max=5 satLow=0 satHigh=0
LogOGRelayProbe: Warning: [Warning][RelayProbe.Delta] window=[30613,30733] src=Resim n=457 p10=-6 p50=-3 p90=1 min=-8 max=3 satLow=0 satHigh=0
LogOGRelayProbe: Warning: [Warning][RelayProbe.Stale] window=[30613,30733] maxConsecutiveFallbackRun=8 id=28409
LogOGResimProbe: Warning: [Warning][ResimProbe.Gate] checks=120 declined=56 requested=64 requestedPerMille=533 deepSkips=0 survivingAnchors=0
LogOGResimProbe: Warning: [Warning][ResimProbe.Chaos] requests=65 grants=62 refused=3 refusedPerMille=46 repeat=3 clamped=0 depthMin=5 depthMax=8
LogOGResimProbe: Warning: [Warning][ResimProbe.Apply] prepares=62 finishes=62 abandoned=0 stuck=0 replayTicks=476 replayOverruns=0 freshProtects=38 staleProtects=0
LogOGResimProbe: Warning: [Warning][ResimProbe.Frame] role=Client simTicks=120 frames=200 meanTicksPerFrameX100=60 p50=1 p99=1 max=1 meanFrameUs=10000
LogOGResimProbe: Warning: [Warning][ResimProbe.Frame] role=Client cadence dFrame1=40 dFrame0=0 dFrameGt1=80 discont=0 numSteps total=120 max=1 gt1=0
LogOGRelayProbe: Warning: [Warning][RelayProbe.Arrival] samples=120 gapCaptureTicks p50=2 p99=5 max=5 noAdvance=0 saturated=0 lostCaptureTicksX1000=8 lost=2 delivered=230 expected=232 discont=0 discontMax=0
LogOGResimProbe: Warning: [Warning][ResimProbe.Landing] class=LocallyPredicted behind=61 atFrontier=0 discarded=0 atFrontierPerMille=0 windowSamples=120
LogOGResimProbe: Warning: [Warning][ResimProbe.Landing] class=RemoteProxy behind=59 atFrontier=0 discarded=0 atFrontierPerMille=0 windowSamples=120
LogOGDivergenceProbe: Warning: [Warning][DivergenceProbe.Window] class=LocallyPredicted corrections=60 disagreed=60 ratePerMille=1000 windowSamples=120
LogOGDivergenceProbe: Warning: [Warning][DivergenceProbe.Window] class=RemoteProxy corrections=60 disagreed=60 ratePerMille=1000 windowSamples=120
LogOGRelayProbe: Warning: [Warning][RelayProbe.Read] window=[30733,30853] src=Prediction hit=39 miss=81 verifyFail=0 rung0=0 total=120
LogOGRelayProbe: Warning: [Warning][RelayProbe.Read] window=[30733,30853] src=Resim hit=422 miss=58 verifyFail=0 rung0=0 total=480
LogOGRelayProbe: Warning: [Warning][RelayProbe.Miss] window=[30733,30853] src=Prediction inSpan=0 aboveNewest=81 belowOldest=0 noProbeTick=0 miss=81
LogOGRelayProbe: Warning: [Warning][RelayProbe.Miss] window=[30733,30853] src=Resim inSpan=2 aboveNewest=56 belowOldest=0 noProbeTick=0 miss=58
LogOGRelayProbe: Warning: [Warning][RelayProbe.Delta] window=[30733,30853] src=Prediction n=120 p10=-1 p50=1 p90=3 min=-2 max=4 satLow=0 satHigh=0
LogOGRelayProbe: Warning: [Warning][RelayProbe.Delta] window=[30733,30853] src=Resim n=480 p10=-6 p50=-3 p90=1 min=-8 max=4 satLow=0 satHigh=0
LogOGRelayProbe: Warning: [Warning][RelayProbe.Stale] window=[30733,30853] maxConsecutiveFallbackRun=17 id=28409
LogOGResimProbe: Warning: [Warning][ResimProbe.Gate] checks=120 declined=54 requested=66 requestedPerMille=550 deepSkips=0 survivingAnchors=0
LogOGResimProbe: Warning: [Warning][ResimProbe.Chaos] requests=65 grants=65 refused=0 refusedPerMille=0 repeat=0 clamped=0 depthMin=5 depthMax=8
LogOGResimProbe: Warning: [Warning][ResimProbe.Apply] prepares=65 finishes=65 abandoned=0 stuck=0 replayTicks=489 replayOverruns=0 freshProtects=34 staleProtects=0
LogOGResimProbe: Warning: [Warning][ResimProbe.Frame] role=Client simTicks=120 frames=200 meanTicksPerFrameX100=60 p50=1 p99=1 max=1 meanFrameUs=9999
LogOGResimProbe: Warning: [Warning][ResimProbe.Frame] role=Client cadence dFrame1=40 dFrame0=0 dFrameGt1=80 discont=0 numSteps total=120 max=1 gt1=0
LogOGResimProbe: Warning: [Warning][ResimProbe.Landing] class=LocallyPredicted behind=60 atFrontier=0 discarded=0 atFrontierPerMille=0 windowSamples=120
LogOGResimProbe: Warning: [Warning][ResimProbe.Landing] class=RemoteProxy behind=60 atFrontier=0 discarded=0 atFrontierPerMille=0 windowSamples=120
LogOGDivergenceProbe: Warning: [Warning][DivergenceProbe.Window] class=LocallyPredicted corrections=61 disagreed=61 ratePerMille=1000 windowSamples=120
LogOGDivergenceProbe: Warning: [Warning][DivergenceProbe.Window] class=RemoteProxy corrections=59 disagreed=59 ratePerMille=1000 windowSamples=120
LogOGRelayProbe: Warning: [Warning][RelayProbe.Read] window=[30853,30973] src=Prediction hit=28 miss=92 verifyFail=0 rung0=0 total=120
LogOGRelayProbe: Warning: [Warning][RelayProbe.Read] window=[30853,30973] src=Resim hit=435 miss=85 verifyFail=0 rung0=0 total=520
LogOGRelayProbe: Warning: [Warning][RelayProbe.Miss] window=[30853,30973] src=Prediction inSpan=0 aboveNewest=92 belowOldest=0 noProbeTick=0 miss=92
LogOGRelayProbe: Warning: [Warning][RelayProbe.Miss] window=[30853,30973] src=Resim inSpan=3 aboveNewest=82 belowOldest=0 noProbeTick=0 miss=85
LogOGRelayProbe: Warning: [Warning][RelayProbe.Delta] window=[30853,30973] src=Prediction n=120 p10=0 p50=1 p90=3 min=-2 max=4 satLow=0 satHigh=0
LogOGRelayProbe: Warning: [Warning][RelayProbe.Delta] window=[30853,30973] src=Resim n=520 p10=-5 p50=-2 p90=1 min=-8 max=3 satLow=0 satHigh=0
LogOGRelayProbe: Warning: [Warning][RelayProbe.Stale] window=[30853,30973] maxConsecutiveFallbackRun=17 id=28409
LogOGResimProbe: Warning: [Warning][ResimProbe.Gate] checks=120 declined=51 requested=69 requestedPerMille=575 deepSkips=0 survivingAnchors=0
LogOGResimProbe: Warning: [Warning][ResimProbe.Chaos] requests=69 grants=69 refused=0 refusedPerMille=0 repeat=0 clamped=0 depthMin=5 depthMax=8
LogOGResimProbe: Warning: [Warning][ResimProbe.Apply] prepares=69 finishes=69 abandoned=0 stuck=0 replayTicks=540 replayOverruns=0 freshProtects=38 staleProtects=0
LogOGResimProbe: Warning: [Warning][ResimProbe.Frame] role=Client simTicks=120 frames=201 meanTicksPerFrameX100=59 p50=1 p99=1 max=1 meanFrameUs=10000
LogOGResimProbe: Warning: [Warning][ResimProbe.Frame] role=Client cadence dFrame1=39 dFrame0=0 dFrameGt1=81 discont=0 numSteps total=120 max=1 gt1=0
LogOGRelayProbe: Warning: [Warning][RelayProbe.Arrival] samples=120 gapCaptureTicks p50=2 p99=4 max=5 noAdvance=0 saturated=0 lostCaptureTicksX1000=17 lost=4 delivered=231 expected=235 discont=0 discontMax=0
LogOGResimProbe: Warning: [Warning][ResimProbe.Landing] class=LocallyPredicted behind=62 atFrontier=0 discarded=0 atFrontierPerMille=0 windowSamples=120
LogOGResimProbe: Warning: [Warning][ResimProbe.Landing] class=RemoteProxy behind=58 atFrontier=0 discarded=0 atFrontierPerMille=0 windowSamples=120
LogOGDivergenceProbe: Warning: [Warning][DivergenceProbe.Window] class=LocallyPredicted corrections=62 disagreed=62 ratePerMille=1000 windowSamples=120
LogOGDivergenceProbe: Warning: [Warning][DivergenceProbe.Window] class=RemoteProxy corrections=58 disagreed=58 ratePerMille=1000 windowSamples=120
LogOGRelayProbe: Warning: [Warning][RelayProbe.Read] window=[30973,31093] src=Prediction hit=59 miss=61 verifyFail=0 rung0=0 total=120
LogOGRelayProbe: Warning: [Warning][RelayProbe.Read] window=[30973,31093] src=Resim hit=391 miss=44 verifyFail=0 rung0=0 total=435
LogOGRelayProbe: Warning: [Warning][RelayProbe.Miss] window=[30973,31093] src=Prediction inSpan=0 aboveNewest=61 belowOldest=0 noProbeTick=0 miss=61
LogOGRelayProbe: Warning: [Warning][RelayProbe.Miss] window=[30973,31093] src=Resim inSpan=12 aboveNewest=32 belowOldest=0 noProbeTick=0 miss=44
LogOGRelayProbe: Warning: [Warning][RelayProbe.Delta] window=[30973,31093] src=Prediction n=120 p10=-1 p50=1 p90=2 min=-3 max=5 satLow=0 satHigh=0
LogOGRelayProbe: Warning: [Warning][RelayProbe.Delta] window=[30973,31093] src=Resim n=435 p10=-6 p50=-3 p90=0 min=-8 max=4 satLow=0 satHigh=0
LogOGRelayProbe: Warning: [Warning][RelayProbe.Stale] window=[30973,31093] maxConsecutiveFallbackRun=11 id=28409
LogOGResimProbe: Warning: [Warning][ResimProbe.Gate] checks=120 declined=56 requested=64 requestedPerMille=533 deepSkips=0 survivingAnchors=0
LogOGResimProbe: Warning: [Warning][ResimProbe.Chaos] requests=65 grants=65 refused=0 refusedPerMille=0 repeat=0 clamped=0 depthMin=5 depthMax=7
LogOGResimProbe: Warning: [Warning][ResimProbe.Apply] prepares=65 finishes=65 abandoned=0 stuck=0 replayTicks=447 replayOverruns=0 freshProtects=35 staleProtects=0
LogOGResimProbe: Warning: [Warning][ResimProbe.Frame] role=Client simTicks=120 frames=199 meanTicksPerFrameX100=60 p50=1 p99=1 max=1 meanFrameUs=9999
LogOGResimProbe: Warning: [Warning][ResimProbe.Frame] role=Client cadence dFrame1=41 dFrame0=0 dFrameGt1=79 discont=0 numSteps total=120 max=1 gt1=0
LogOGResimProbe: Warning: [Warning][ResimProbe.Landing] class=LocallyPredicted behind=60 atFrontier=0 discarded=0 atFrontierPerMille=0 windowSamples=120
LogOGResimProbe: Warning: [Warning][ResimProbe.Landing] class=RemoteProxy behind=60 atFrontier=0 discarded=0 atFrontierPerMille=0 windowSamples=120
LogOGDivergenceProbe: Warning: [Warning][DivergenceProbe.Window] class=LocallyPredicted corrections=60 disagreed=60 ratePerMille=1000 windowSamples=120
LogOGDivergenceProbe: Warning: [Warning][DivergenceProbe.Window] class=RemoteProxy corrections=60 disagreed=60 ratePerMille=1000 windowSamples=120
LogOGRelayProbe: Warning: [Warning][RelayProbe.Read] window=[31093,31213] src=Prediction hit=50 miss=70 verifyFail=0 rung0=0 total=120
LogOGRelayProbe: Warning: [Warning][RelayProbe.Read] window=[31093,31213] src=Resim hit=405 miss=43 verifyFail=0 rung0=0 total=448
LogOGRelayProbe: Warning: [Warning][RelayProbe.Miss] window=[31093,31213] src=Prediction inSpan=0 aboveNewest=70 belowOldest=0 noProbeTick=0 miss=70
LogOGRelayProbe: Warning: [Warning][RelayProbe.Miss] window=[31093,31213] src=Resim inSpan=0 aboveNewest=43 belowOldest=0 noProbeTick=0 miss=43
LogOGRelayProbe: Warning: [Warning][RelayProbe.Delta] window=[31093,31213] src=Prediction n=120 p10=-1 p50=1 p90=3 min=-3 max=4 satLow=0 satHigh=0
LogOGRelayProbe: Warning: [Warning][RelayProbe.Delta] window=[31093,31213] src=Resim n=448 p10=-6 p50=-3 p90=0 min=-9 max=4 satLow=0 satHigh=0
LogOGRelayProbe: Warning: [Warning][RelayProbe.Stale] window=[31093,31213] maxConsecutiveFallbackRun=16 id=28409
LogOGResimProbe: Warning: [Warning][ResimProbe.Gate] checks=120 declined=53 requested=67 requestedPerMille=558 deepSkips=0 survivingAnchors=0
LogOGResimProbe: Warning: [Warning][ResimProbe.Chaos] requests=66 grants=63 refused=3 refusedPerMille=45 repeat=3 clamped=0 depthMin=5 depthMax=8
LogOGResimProbe: Warning: [Warning][ResimProbe.Apply] prepares=63 finishes=63 abandoned=0 stuck=0 replayTicks=468 replayOverruns=0 freshProtects=35 staleProtects=0
LogOGResimProbe: Warning: [Warning][ResimProbe.Frame] role=Client simTicks=120 frames=200 meanTicksPerFrameX100=60 p50=1 p99=1 max=1 meanFrameUs=10000
LogOGResimProbe: Warning: [Warning][ResimProbe.Frame] role=Client cadence dFrame1=40 dFrame0=0 dFrameGt1=80 discont=0 numSteps total=120 max=1 gt1=0
LogOGRelayProbe: Warning: [Warning][RelayProbe.Arrival] samples=120 gapCaptureTicks p50=2 p99=5 max=7 noAdvance=0 saturated=0 lostCaptureTicksX1000=17 lost=4 delivered=221 expected=225 discont=0 discontMax=0
LogOGResimProbe: Warning: [Warning][ResimProbe.Landing] class=LocallyPredicted behind=60 atFrontier=0 discarded=0 atFrontierPerMille=0 windowSamples=120
LogOGResimProbe: Warning: [Warning][ResimProbe.Landing] class=RemoteProxy behind=60 atFrontier=0 discarded=0 atFrontierPerMille=0 windowSamples=120
LogOGDivergenceProbe: Warning: [Warning][DivergenceProbe.Window] class=LocallyPredicted corrections=60 disagreed=60 ratePerMille=1000 windowSamples=120
LogOGDivergenceProbe: Warning: [Warning][DivergenceProbe.Window] class=RemoteProxy corrections=60 disagreed=60 ratePerMille=1000 windowSamples=120
LogOGRelayProbe: Warning: [Warning][RelayProbe.Read] window=[31213,31333] src=Prediction hit=36 miss=84 verifyFail=0 rung0=0 total=120
LogOGRelayProbe: Warning: [Warning][RelayProbe.Read] window=[31213,31333] src=Resim hit=417 miss=81 verifyFail=0 rung0=0 total=498
LogOGRelayProbe: Warning: [Warning][RelayProbe.Miss] window=[31213,31333] src=Prediction inSpan=0 aboveNewest=84 belowOldest=0 noProbeTick=0 miss=84
LogOGRelayProbe: Warning: [Warning][RelayProbe.Miss] window=[31213,31333] src=Resim inSpan=11 aboveNewest=70 belowOldest=0 noProbeTick=0 miss=81
LogOGRelayProbe: Warning: [Warning][RelayProbe.Delta] window=[31213,31333] src=Prediction n=120 p10=-1 p50=1 p90=3 min=-2 max=4 satLow=0 satHigh=0
LogOGRelayProbe: Warning: [Warning][RelayProbe.Delta] window=[31213,31333] src=Resim n=498 p10=-5 p50=-2 p90=1 min=-7 max=4 satLow=0 satHigh=0
LogOGRelayProbe: Warning: [Warning][RelayProbe.Stale] window=[31213,31333] maxConsecutiveFallbackRun=20 id=28409
LogOGResimProbe: Warning: [Warning][ResimProbe.Gate] checks=120 declined=52 requested=68 requestedPerMille=567 deepSkips=0 survivingAnchors=0
LogOGResimProbe: Warning: [Warning][ResimProbe.Chaos] requests=68 grants=68 refused=0 refusedPerMille=0 repeat=0 clamped=0 depthMin=5 depthMax=8
LogOGResimProbe: Warning: [Warning][ResimProbe.Apply] prepares=68 finishes=68 abandoned=0 stuck=0 replayTicks=515 replayOverruns=0 freshProtects=36 staleProtects=0
LogOGResimProbe: Warning: [Warning][ResimProbe.Frame] role=Client simTicks=120 frames=201 meanTicksPerFrameX100=59 p50=1 p99=1 max=1 meanFrameUs=9999
LogOGResimProbe: Warning: [Warning][ResimProbe.Frame] role=Client cadence dFrame1=39 dFrame0=0 dFrameGt1=81 discont=0 numSteps total=120 max=1 gt1=0
LogOGResimProbe: Warning: [Warning][ResimProbe.Landing] class=LocallyPredicted behind=61 atFrontier=0 discarded=0 atFrontierPerMille=0 windowSamples=120
LogOGResimProbe: Warning: [Warning][ResimProbe.Landing] class=RemoteProxy behind=59 atFrontier=0 discarded=0 atFrontierPerMille=0 windowSamples=120
LogOGDivergenceProbe: Warning: [Warning][DivergenceProbe.Window] class=LocallyPredicted corrections=60 disagreed=60 ratePerMille=1000 windowSamples=120
LogOGDivergenceProbe: Warning: [Warning][DivergenceProbe.Window] class=RemoteProxy corrections=60 disagreed=60 ratePerMille=1000 windowSamples=120
LogOGRelayProbe: Warning: [Warning][RelayProbe.Read] window=[31333,31453] src=Prediction hit=56 miss=64 verifyFail=0 rung0=0 total=120
LogOGRelayProbe: Warning: [Warning][RelayProbe.Read] window=[31333,31453] src=Resim hit=370 miss=44 verifyFail=0 rung0=0 total=414
LogOGRelayProbe: Warning: [Warning][RelayProbe.Miss] window=[31333,31453] src=Prediction inSpan=0 aboveNewest=64 belowOldest=0 noProbeTick=0 miss=64
LogOGRelayProbe: Warning: [Warning][RelayProbe.Miss] window=[31333,31453] src=Resim inSpan=11 aboveNewest=33 belowOldest=0 noProbeTick=0 miss=44
LogOGRelayProbe: Warning: [Warning][RelayProbe.Delta] window=[31333,31453] src=Prediction n=120 p10=-1 p50=1 p90=3 min=-2 max=6 satLow=0 satHigh=0
LogOGRelayProbe: Warning: [Warning][RelayProbe.Delta] window=[31333,31453] src=Resim n=414 p10=-6 p50=-3 p90=0 min=-8 max=4 satLow=0 satHigh=0
LogOGRelayProbe: Warning: [Warning][RelayProbe.Stale] window=[31333,31453] maxConsecutiveFallbackRun=13 id=28409
LogOGResimProbe: Warning: [Warning][ResimProbe.Gate] checks=120 declined=60 requested=60 requestedPerMille=500 deepSkips=0 survivingAnchors=0
LogOGResimProbe: Warning: [Warning][ResimProbe.Chaos] requests=60 grants=60 refused=0 refusedPerMille=0 repeat=0 clamped=0 depthMin=4 depthMax=8
LogOGResimProbe: Warning: [Warning][ResimProbe.Apply] prepares=60 finishes=60 abandoned=0 stuck=0 replayTicks=427 replayOverruns=0 freshProtects=36 staleProtects=1
LogOGRelayProbe: Warning: [Warning][RelayProbe.Arrival] samples=120 gapCaptureTicks p50=2 p99=6 max=6 noAdvance=0 saturated=0 lostCaptureTicksX1000=42 lost=10 delivered=226 expected=236 discont=0 discontMax=0
LogOGResimProbe: Warning: [Warning][ResimProbe.Frame] role=Client simTicks=120 frames=199 meanTicksPerFrameX100=60 p50=1 p99=1 max=1 meanFrameUs=10000
LogOGResimProbe: Warning: [Warning][ResimProbe.Frame] role=Client cadence dFrame1=41 dFrame0=0 dFrameGt1=79 discont=0 numSteps total=120 max=1 gt1=0
LogOGResimProbe: Warning: [Warning][ResimProbe.Landing] class=LocallyPredicted behind=58 atFrontier=0 discarded=0 atFrontierPerMille=0 windowSamples=120
LogOGResimProbe: Warning: [Warning][ResimProbe.Landing] class=RemoteProxy behind=62 atFrontier=0 discarded=0 atFrontierPerMille=0 windowSamples=120
LogOGDivergenceProbe: Warning: [Warning][DivergenceProbe.Window] class=LocallyPredicted corrections=59 disagreed=59 ratePerMille=1000 windowSamples=120
LogOGDivergenceProbe: Warning: [Warning][DivergenceProbe.Window] class=RemoteProxy corrections=61 disagreed=61 ratePerMille=1000 windowSamples=120
LogOGRelayProbe: Warning: [Warning][RelayProbe.Read] window=[31453,31573] src=Prediction hit=38 miss=82 verifyFail=0 rung0=0 total=120
LogOGRelayProbe: Warning: [Warning][RelayProbe.Read] window=[31453,31573] src=Resim hit=389 miss=62 verifyFail=0 rung0=0 total=451
LogOGRelayProbe: Warning: [Warning][RelayProbe.Miss] window=[31453,31573] src=Prediction inSpan=0 aboveNewest=82 belowOldest=0 noProbeTick=0 miss=82
LogOGRelayProbe: Warning: [Warning][RelayProbe.Miss] window=[31453,31573] src=Resim inSpan=12 aboveNewest=50 belowOldest=0 noProbeTick=0 miss=62
LogOGRelayProbe: Warning: [Warning][RelayProbe.Delta] window=[31453,31573] src=Prediction n=120 p10=0 p50=1 p90=2 min=-1 max=5 satLow=0 satHigh=0
LogOGRelayProbe: Warning: [Warning][RelayProbe.Delta] window=[31453,31573] src=Resim n=451 p10=-5 p50=-2 p90=1 min=-8 max=4 satLow=0 satHigh=0
LogOGRelayProbe: Warning: [Warning][RelayProbe.Stale] window=[31453,31573] maxConsecutiveFallbackRun=12 id=28409
LogOGResimProbe: Warning: [Warning][ResimProbe.Gate] checks=120 declined=55 requested=65 requestedPerMille=542 deepSkips=0 survivingAnchors=0
LogOGResimProbe: Warning: [Warning][ResimProbe.Chaos] requests=66 grants=66 refused=0 refusedPerMille=0 repeat=0 clamped=0 depthMin=4 depthMax=8
LogOGResimProbe: Warning: [Warning][ResimProbe.Apply] prepares=66 finishes=66 abandoned=0 stuck=0 replayTicks=487 replayOverruns=0 freshProtects=37 staleProtects=0
LogOGResimProbe: Warning: [Warning][ResimProbe.Frame] role=Client simTicks=120 frames=201 meanTicksPerFrameX100=59 p50=1 p99=1 max=1 meanFrameUs=10000
LogOGResimProbe: Warning: [Warning][ResimProbe.Frame] role=Client cadence dFrame1=39 dFrame0=0 dFrameGt1=81 discont=0 numSteps total=120 max=1 gt1=0
LogOGResimProbe: Warning: [Warning][ResimProbe.Landing] class=LocallyPredicted behind=60 atFrontier=0 discarded=0 atFrontierPerMille=0 windowSamples=120
LogOGResimProbe: Warning: [Warning][ResimProbe.Landing] class=RemoteProxy behind=60 atFrontier=0 discarded=0 atFrontierPerMille=0 windowSamples=120
LogOGDivergenceProbe: Warning: [Warning][DivergenceProbe.Window] class=LocallyPredicted corrections=59 disagreed=59 ratePerMille=1000 windowSamples=120
LogOGDivergenceProbe: Warning: [Warning][DivergenceProbe.Window] class=RemoteProxy corrections=61 disagreed=61 ratePerMille=1000 windowSamples=120
LogOGRelayProbe: Warning: [Warning][RelayProbe.Read] window=[31573,31693] src=Prediction hit=51 miss=69 verifyFail=0 rung0=0 total=120
LogOGRelayProbe: Warning: [Warning][RelayProbe.Read] window=[31573,31693] src=Resim hit=373 miss=32 verifyFail=0 rung0=0 total=405
LogOGRelayProbe: Warning: [Warning][RelayProbe.Miss] window=[31573,31693] src=Prediction inSpan=0 aboveNewest=69 belowOldest=0 noProbeTick=0 miss=69
LogOGRelayProbe: Warning: [Warning][RelayProbe.Miss] window=[31573,31693] src=Resim inSpan=0 aboveNewest=32 belowOldest=0 noProbeTick=0 miss=32
LogOGRelayProbe: Warning: [Warning][RelayProbe.Delta] window=[31573,31693] src=Prediction n=120 p10=-1 p50=1 p90=2 min=-2 max=4 satLow=0 satHigh=0
LogOGRelayProbe: Warning: [Warning][RelayProbe.Delta] window=[31573,31693] src=Resim n=405 p10=-6 p50=-3 p90=0 min=-8 max=4 satLow=0 satHigh=0
LogOGRelayProbe: Warning: [Warning][RelayProbe.Stale] window=[31573,31693] maxConsecutiveFallbackRun=13 id=28409
LogOGResimProbe: Warning: [Warning][ResimProbe.Gate] checks=120 declined=60 requested=60 requestedPerMille=500 deepSkips=0 survivingAnchors=0
LogOGResimProbe: Warning: [Warning][ResimProbe.Chaos] requests=59 grants=59 refused=0 refusedPerMille=0 repeat=0 clamped=0 depthMin=4 depthMax=8
LogOGResimProbe: Warning: [Warning][ResimProbe.Apply] prepares=59 finishes=59 abandoned=0 stuck=0 replayTicks=417 replayOverruns=0 freshProtects=40 staleProtects=0
LogOGRelayProbe: Warning: [Warning][RelayProbe.Arrival] samples=120 gapCaptureTicks p50=2 p99=5 max=5 noAdvance=0 saturated=0 lostCaptureTicksX1000=16 lost=4 delivered=233 expected=237 discont=0 discontMax=0
LogOGResimProbe: Warning: [Warning][ResimProbe.Frame] role=Client simTicks=120 frames=198 meanTicksPerFrameX100=60 p50=1 p99=1 max=1 meanFrameUs=9999
LogOGResimProbe: Warning: [Warning][ResimProbe.Frame] role=Client cadence dFrame1=42 dFrame0=0 dFrameGt1=78 discont=0 numSteps total=120 max=1 gt1=0
LogOGResimProbe: Warning: [Warning][ResimProbe.Landing] class=LocallyPredicted behind=59 atFrontier=0 discarded=0 atFrontierPerMille=0 windowSamples=120
LogOGResimProbe: Warning: [Warning][ResimProbe.Landing] class=RemoteProxy behind=61 atFrontier=0 discarded=0 atFrontierPerMille=0 windowSamples=120
LogOGDivergenceProbe: Warning: [Warning][DivergenceProbe.Window] class=LocallyPredicted corrections=59 disagreed=59 ratePerMille=1000 windowSamples=120
LogOGDivergenceProbe: Warning: [Warning][DivergenceProbe.Window] class=RemoteProxy corrections=61 disagreed=61 ratePerMille=1000 windowSamples=120
LogOGRelayProbe: Warning: [Warning][RelayProbe.Read] window=[31693,31813] src=Prediction hit=52 miss=68 verifyFail=0 rung0=0 total=120
LogOGRelayProbe: Warning: [Warning][RelayProbe.Read] window=[31693,31813] src=Resim hit=386 miss=54 verifyFail=0 rung0=0 total=440
LogOGRelayProbe: Warning: [Warning][RelayProbe.Miss] window=[31693,31813] src=Prediction inSpan=4 aboveNewest=64 belowOldest=0 noProbeTick=0 miss=68
LogOGRelayProbe: Warning: [Warning][RelayProbe.Miss] window=[31693,31813] src=Resim inSpan=17 aboveNewest=37 belowOldest=0 noProbeTick=0 miss=54
LogOGRelayProbe: Warning: [Warning][RelayProbe.Delta] window=[31693,31813] src=Prediction n=120 p10=-1 p50=1 p90=3 min=-2 max=4 satLow=0 satHigh=0
LogOGRelayProbe: Warning: [Warning][RelayProbe.Delta] window=[31693,31813] src=Resim n=440 p10=-6 p50=-3 p90=0 min=-9 max=3 satLow=0 satHigh=0
LogOGRelayProbe: Warning: [Warning][RelayProbe.Stale] window=[31693,31813] maxConsecutiveFallbackRun=9 id=28409
LogOGResimProbe: Warning: [Warning][ResimProbe.Gate] checks=120 declined=56 requested=64 requestedPerMille=533 deepSkips=0 survivingAnchors=0
LogOGResimProbe: Warning: [Warning][ResimProbe.Chaos] requests=64 grants=63 refused=1 refusedPerMille=16 repeat=1 clamped=0 depthMin=4 depthMax=9
LogOGResimProbe: Warning: [Warning][ResimProbe.Apply] prepares=63 finishes=63 abandoned=0 stuck=0 replayTicks=472 replayOverruns=0 freshProtects=34 staleProtects=0
LogOGResimProbe: Warning: [Warning][ResimProbe.Frame] role=Client simTicks=120 frames=201 meanTicksPerFrameX100=59 p50=1 p99=1 max=1 meanFrameUs=10000
LogOGResimProbe: Warning: [Warning][ResimProbe.Frame] role=Client cadence dFrame1=39 dFrame0=0 dFrameGt1=81 discont=0 numSteps total=120 max=1 gt1=0
LogOGResimProbe: Warning: [Warning][ResimProbe.Landing] class=LocallyPredicted behind=59 atFrontier=0 discarded=0 atFrontierPerMille=0 windowSamples=120
LogOGResimProbe: Warning: [Warning][ResimProbe.Landing] class=RemoteProxy behind=61 atFrontier=0 discarded=0 atFrontierPerMille=0 windowSamples=120
LogOGDivergenceProbe: Warning: [Warning][DivergenceProbe.Window] class=LocallyPredicted corrections=60 disagreed=60 ratePerMille=1000 windowSamples=120
LogOGDivergenceProbe: Warning: [Warning][DivergenceProbe.Window] class=RemoteProxy corrections=60 disagreed=60 ratePerMille=1000 windowSamples=120
LogOGRelayProbe: Warning: [Warning][RelayProbe.Read] window=[31813,31933] src=Prediction hit=58 miss=62 verifyFail=0 rung0=0 total=120
LogOGRelayProbe: Warning: [Warning][RelayProbe.Read] window=[31813,31933] src=Resim hit=422 miss=38 verifyFail=0 rung0=0 total=460
LogOGRelayProbe: Warning: [Warning][RelayProbe.Miss] window=[31813,31933] src=Prediction inSpan=0 aboveNewest=62 belowOldest=0 noProbeTick=0 miss=62
LogOGRelayProbe: Warning: [Warning][RelayProbe.Miss] window=[31813,31933] src=Resim inSpan=7 aboveNewest=31 belowOldest=0 noProbeTick=0 miss=38
LogOGRelayProbe: Warning: [Warning][RelayProbe.Delta] window=[31813,31933] src=Prediction n=120 p10=-1 p50=1 p90=2 min=-3 max=4 satLow=0 satHigh=0
LogOGRelayProbe: Warning: [Warning][RelayProbe.Delta] window=[31813,31933] src=Resim n=460 p10=-6 p50=-3 p90=0 min=-8 max=2 satLow=0 satHigh=0
LogOGRelayProbe: Warning: [Warning][RelayProbe.Stale] window=[31813,31933] maxConsecutiveFallbackRun=7 id=28409
LogOGResimProbe: Warning: [Warning][ResimProbe.Gate] checks=120 declined=55 requested=65 requestedPerMille=542 deepSkips=0 survivingAnchors=0
LogOGResimProbe: Warning: [Warning][ResimProbe.Chaos] requests=65 grants=65 refused=0 refusedPerMille=0 repeat=0 clamped=0 depthMin=4 depthMax=8
LogOGResimProbe: Warning: [Warning][ResimProbe.Apply] prepares=65 finishes=65 abandoned=0 stuck=0 replayTicks=455 replayOverruns=0 freshProtects=34 staleProtects=0
LogOGRelayProbe: Warning: [Warning][RelayProbe.Arrival] samples=120 gapCaptureTicks p50=2 p99=4 max=5 noAdvance=0 saturated=0 lostCaptureTicksX1000=31 lost=7 delivered=217 expected=224 discont=0 discontMax=0
LogOGResimProbe: Warning: [Warning][ResimProbe.Frame] role=Client simTicks=120 frames=199 meanTicksPerFrameX100=60 p50=1 p99=1 max=1 meanFrameUs=10000
LogOGResimProbe: Warning: [Warning][ResimProbe.Frame] role=Client cadence dFrame1=41 dFrame0=0 dFrameGt1=79 discont=0 numSteps total=120 max=1 gt1=0
LogOGResimProbe: Warning: [Warning][ResimProbe.Landing] class=LocallyPredicted behind=61 atFrontier=0 discarded=0 atFrontierPerMille=0 windowSamples=120
LogOGResimProbe: Warning: [Warning][ResimProbe.Landing] class=RemoteProxy behind=59 atFrontier=0 discarded=0 atFrontierPerMille=0 windowSamples=120
LogOGDivergenceProbe: Warning: [Warning][DivergenceProbe.Window] class=LocallyPredicted corrections=60 disagreed=60 ratePerMille=1000 windowSamples=120
LogOGDivergenceProbe: Warning: [Warning][DivergenceProbe.Window] class=RemoteProxy corrections=60 disagreed=60 ratePerMille=1000 windowSamples=120
LogOGRelayProbe: Warning: [Warning][RelayProbe.Read] window=[31933,32053] src=Prediction hit=50 miss=70 verifyFail=0 rung0=0 total=120
LogOGRelayProbe: Warning: [Warning][RelayProbe.Read] window=[31933,32053] src=Resim hit=391 miss=43 verifyFail=0 rung0=0 total=434
LogOGRelayProbe: Warning: [Warning][RelayProbe.Miss] window=[31933,32053] src=Prediction inSpan=0 aboveNewest=70 belowOldest=0 noProbeTick=0 miss=70
LogOGRelayProbe: Warning: [Warning][RelayProbe.Miss] window=[31933,32053] src=Resim inSpan=3 aboveNewest=40 belowOldest=0 noProbeTick=0 miss=43
LogOGRelayProbe: Warning: [Warning][RelayProbe.Delta] window=[31933,32053] src=Prediction n=120 p10=-1 p50=1 p90=2 min=-3 max=4 satLow=0 satHigh=0
LogOGRelayProbe: Warning: [Warning][RelayProbe.Delta] window=[31933,32053] src=Resim n=434 p10=-6 p50=-3 p90=0 min=-9 max=3 satLow=0 satHigh=0
LogOGRelayProbe: Warning: [Warning][RelayProbe.Stale] window=[31933,32053] maxConsecutiveFallbackRun=7 id=28409
LogOGResimProbe: Warning: [Warning][ResimProbe.Gate] checks=120 declined=60 requested=60 requestedPerMille=500 deepSkips=0 survivingAnchors=0
LogOGResimProbe: Warning: [Warning][ResimProbe.Chaos] requests=61 grants=61 refused=0 refusedPerMille=0 repeat=0 clamped=0 depthMin=5 depthMax=8
LogOGResimProbe: Warning: [Warning][ResimProbe.Apply] prepares=61 finishes=61 abandoned=0 stuck=0 replayTicks=465 replayOverruns=0 freshProtects=40 staleProtects=0
LogOGResimProbe: Warning: [Warning][ResimProbe.Frame] role=Client simTicks=120 frames=201 meanTicksPerFrameX100=59 p50=1 p99=1 max=1 meanFrameUs=10000
LogOGResimProbe: Warning: [Warning][ResimProbe.Frame] role=Client cadence dFrame1=39 dFrame0=0 dFrameGt1=81 discont=0 numSteps total=120 max=1 gt1=0
LogOGResimProbe: Warning: [Warning][ResimProbe.Landing] class=LocallyPredicted behind=60 atFrontier=0 discarded=0 atFrontierPerMille=0 windowSamples=120
LogOGResimProbe: Warning: [Warning][ResimProbe.Landing] class=RemoteProxy behind=60 atFrontier=0 discarded=0 atFrontierPerMille=0 windowSamples=120
LogOGDivergenceProbe: Warning: [Warning][DivergenceProbe.Window] class=LocallyPredicted corrections=60 disagreed=60 ratePerMille=1000 windowSamples=120
LogOGDivergenceProbe: Warning: [Warning][DivergenceProbe.Window] class=RemoteProxy corrections=60 disagreed=60 ratePerMille=1000 windowSamples=120
LogOGRelayProbe: Warning: [Warning][RelayProbe.Read] window=[32053,32173] src=Prediction hit=28 miss=92 verifyFail=0 rung0=0 total=120
LogOGRelayProbe: Warning: [Warning][RelayProbe.Read] window=[32053,32173] src=Resim hit=375 miss=74 verifyFail=0 rung0=0 total=449
LogOGRelayProbe: Warning: [Warning][RelayProbe.Miss] window=[32053,32173] src=Prediction inSpan=0 aboveNewest=92 belowOldest=0 noProbeTick=0 miss=92
LogOGRelayProbe: Warning: [Warning][RelayProbe.Miss] window=[32053,32173] src=Resim inSpan=6 aboveNewest=68 belowOldest=0 noProbeTick=0 miss=74
LogOGRelayProbe: Warning: [Warning][RelayProbe.Delta] window=[32053,32173] src=Prediction n=120 p10=0 p50=1 p90=3 min=-2 max=4 satLow=0 satHigh=0
LogOGRelayProbe: Warning: [Warning][RelayProbe.Delta] window=[32053,32173] src=Resim n=449 p10=-5 p50=-2 p90=1 min=-8 max=4 satLow=0 satHigh=0
LogOGRelayProbe: Warning: [Warning][RelayProbe.Stale] window=[32053,32173] maxConsecutiveFallbackRun=11 id=28409
LogOGResimProbe: Warning: [Warning][ResimProbe.Gate] checks=120 declined=52 requested=68 requestedPerMille=567 deepSkips=0 survivingAnchors=0
LogOGResimProbe: Warning: [Warning][ResimProbe.Chaos] requests=67 grants=64 refused=3 refusedPerMille=45 repeat=3 clamped=0 depthMin=4 depthMax=9
LogOGResimProbe: Warning: [Warning][ResimProbe.Apply] prepares=64 finishes=64 abandoned=0 stuck=0 replayTicks=492 replayOverruns=0 freshProtects=35 staleProtects=0
LogOGRelayProbe: Warning: [Warning][RelayProbe.Arrival] samples=120 gapCaptureTicks p50=2 p99=4 max=4 noAdvance=0 saturated=0 lostCaptureTicksX1000=13 lost=3 delivered=222 expected=225 discont=0 discontMax=0
LogOGResimProbe: Warning: [Warning][ResimProbe.Frame] role=Client simTicks=120 frames=201 meanTicksPerFrameX100=59 p50=1 p99=1 max=1 meanFrameUs=10000
LogOGResimProbe: Warning: [Warning][ResimProbe.Frame] role=Client cadence dFrame1=39 dFrame0=0 dFrameGt1=81 discont=0 numSteps total=120 max=1 gt1=0
LogOGResimProbe: Warning: [Warning][ResimProbe.Landing] class=LocallyPredicted behind=60 atFrontier=0 discarded=0 atFrontierPerMille=0 windowSamples=120
LogOGResimProbe: Warning: [Warning][ResimProbe.Landing] class=RemoteProxy behind=60 atFrontier=0 discarded=0 atFrontierPerMille=0 windowSamples=120
LogOGDivergenceProbe: Warning: [Warning][DivergenceProbe.Window] class=LocallyPredicted corrections=60 disagreed=60 ratePerMille=1000 windowSamples=120
LogOGDivergenceProbe: Warning: [Warning][DivergenceProbe.Window] class=RemoteProxy corrections=60 disagreed=60 ratePerMille=1000 windowSamples=120
LogOGRelayProbe: Warning: [Warning][RelayProbe.Read] window=[32173,32293] src=Prediction hit=34 miss=86 verifyFail=0 rung0=0 total=120
LogOGRelayProbe: Warning: [Warning][RelayProbe.Read] window=[32173,32293] src=Resim hit=363 miss=50 verifyFail=0 rung0=0 total=413
LogOGRelayProbe: Warning: [Warning][RelayProbe.Miss] window=[32173,32293] src=Prediction inSpan=0 aboveNewest=86 belowOldest=0 noProbeTick=0 miss=86
LogOGRelayProbe: Warning: [Warning][RelayProbe.Miss] window=[32173,32293] src=Resim inSpan=0 aboveNewest=50 belowOldest=0 noProbeTick=0 miss=50
LogOGRelayProbe: Warning: [Warning][RelayProbe.Delta] window=[32173,32293] src=Prediction n=120 p10=0 p50=1 p90=3 min=-2 max=4 satLow=0 satHigh=0
LogOGRelayProbe: Warning: [Warning][RelayProbe.Delta] window=[32173,32293] src=Resim n=413 p10=-6 p50=-2 p90=1 min=-8 max=3 satLow=0 satHigh=0
LogOGRelayProbe: Warning: [Warning][RelayProbe.Stale] window=[32173,32293] maxConsecutiveFallbackRun=16 id=28409
LogOGResimProbe: Warning: [Warning][ResimProbe.Gate] checks=120 declined=64 requested=56 requestedPerMille=467 deepSkips=0 survivingAnchors=0
LogOGResimProbe: Warning: [Warning][ResimProbe.Chaos] requests=56 grants=56 refused=0 refusedPerMille=0 repeat=0 clamped=0 depthMin=5 depthMax=8
LogOGResimProbe: Warning: [Warning][ResimProbe.Apply] prepares=56 finishes=56 abandoned=0 stuck=0 replayTicks=409 replayOverruns=0 freshProtects=41 staleProtects=0
LogOGResimProbe: Warning: [Warning][ResimProbe.Frame] role=Client simTicks=120 frames=200 meanTicksPerFrameX100=60 p50=1 p99=1 max=1 meanFrameUs=9999
LogOGResimProbe: Warning: [Warning][ResimProbe.Frame] role=Client cadence dFrame1=40 dFrame0=0 dFrameGt1=80 discont=0 numSteps total=120 max=1 gt1=0
LogOGResimProbe: Warning: [Warning][ResimProbe.Landing] class=LocallyPredicted behind=60 atFrontier=0 discarded=0 atFrontierPerMille=0 windowSamples=120
LogOGResimProbe: Warning: [Warning][ResimProbe.Landing] class=RemoteProxy behind=60 atFrontier=0 discarded=0 atFrontierPerMille=0 windowSamples=120
LogOGDivergenceProbe: Warning: [Warning][DivergenceProbe.Window] class=LocallyPredicted corrections=60 disagreed=60 ratePerMille=1000 windowSamples=120
LogOGDivergenceProbe: Warning: [Warning][DivergenceProbe.Window] class=RemoteProxy corrections=60 disagreed=60 ratePerMille=1000 windowSamples=120
LogOGRelayProbe: Warning: [Warning][RelayProbe.Arrival] samples=120 gapCaptureTicks p50=2 p99=4 max=4 noAdvance=0 saturated=0 lostCaptureTicksX1000=0 lost=0 delivered=231 expected=231 discont=0 discontMax=0
LogOGRelayProbe: Warning: [Warning][RelayProbe.Read] window=[32293,32413] src=Prediction hit=60 miss=60 verifyFail=0 rung0=0 total=120
LogOGRelayProbe: Warning: [Warning][RelayProbe.Read] window=[32293,32413] src=Resim hit=412 miss=36 verifyFail=0 rung0=0 total=448
LogOGRelayProbe: Warning: [Warning][RelayProbe.Miss] window=[32293,32413] src=Prediction inSpan=0 aboveNewest=60 belowOldest=0 noProbeTick=0 miss=60
LogOGRelayProbe: Warning: [Warning][RelayProbe.Miss] window=[32293,32413] src=Resim inSpan=0 aboveNewest=36 belowOldest=0 noProbeTick=0 miss=36
LogOGRelayProbe: Warning: [Warning][RelayProbe.Delta] window=[32293,32413] src=Prediction n=120 p10=-1 p50=0 p90=2 min=-3 max=4 satLow=0 satHigh=0
LogOGRelayProbe: Warning: [Warning][RelayProbe.Delta] window=[32293,32413] src=Resim n=448 p10=-5 p50=-3 p90=0 min=-7 max=4 satLow=0 satHigh=0
LogOGRelayProbe: Warning: [Warning][RelayProbe.Stale] window=[32293,32413] maxConsecutiveFallbackRun=9 id=28409
LogOGResimProbe: Warning: [Warning][ResimProbe.Gate] checks=120 declined=51 requested=69 requestedPerMille=575 deepSkips=0 survivingAnchors=0
LogOGResimProbe: Warning: [Warning][ResimProbe.Chaos] requests=69 grants=69 refused=0 refusedPerMille=0 repeat=0 clamped=0 depthMin=4 depthMax=8
LogOGResimProbe: Warning: [Warning][ResimProbe.Apply] prepares=69 finishes=69 abandoned=0 stuck=0 replayTicks=477 replayOverruns=0 freshProtects=39 staleProtects=0
LogOGResimProbe: Warning: [Warning][ResimProbe.Frame] role=Client simTicks=120 frames=200 meanTicksPerFrameX100=60 p50=1 p99=1 max=1 meanFrameUs=10000
LogOGResimProbe: Warning: [Warning][ResimProbe.Frame] role=Client cadence dFrame1=40 dFrame0=0 dFrameGt1=80 discont=0 numSteps total=120 max=1 gt1=0
LogOGResimProbe: Warning: [Warning][ResimProbe.Landing] class=LocallyPredicted behind=60 atFrontier=0 discarded=0 atFrontierPerMille=0 windowSamples=120
LogOGResimProbe: Warning: [Warning][ResimProbe.Landing] class=RemoteProxy behind=60 atFrontier=0 discarded=0 atFrontierPerMille=0 windowSamples=120
LogOGDivergenceProbe: Warning: [Warning][DivergenceProbe.Window] class=LocallyPredicted corrections=60 disagreed=60 ratePerMille=1000 windowSamples=120
LogOGDivergenceProbe: Warning: [Warning][DivergenceProbe.Window] class=RemoteProxy corrections=60 disagreed=60 ratePerMille=1000 windowSamples=120
LogOGRelayProbe: Warning: [Warning][RelayProbe.Read] window=[32413,32533] src=Prediction hit=60 miss=60 verifyFail=0 rung0=0 total=120
LogOGRelayProbe: Warning: [Warning][RelayProbe.Read] window=[32413,32533] src=Resim hit=423 miss=33 verifyFail=0 rung0=0 total=456
LogOGRelayProbe: Warning: [Warning][RelayProbe.Miss] window=[32413,32533] src=Prediction inSpan=0 aboveNewest=60 belowOldest=0 noProbeTick=0 miss=60
LogOGRelayProbe: Warning: [Warning][RelayProbe.Miss] window=[32413,32533] src=Resim inSpan=0 aboveNewest=33 belowOldest=0 noProbeTick=0 miss=33
LogOGRelayProbe: Warning: [Warning][RelayProbe.Delta] window=[32413,32533] src=Prediction n=120 p10=-1 p50=0 p90=2 min=-3 max=3 satLow=0 satHigh=0
LogOGRelayProbe: Warning: [Warning][RelayProbe.Delta] window=[32413,32533] src=Resim n=456 p10=-6 p50=-3 p90=0 min=-8 max=3 satLow=0 satHigh=0
LogOGRelayProbe: Warning: [Warning][RelayProbe.Stale] window=[32413,32533] maxConsecutiveFallbackRun=12 id=28409
LogOGResimProbe: Warning: [Warning][ResimProbe.Gate] checks=120 declined=56 requested=64 requestedPerMille=533 deepSkips=0 survivingAnchors=0
LogOGResimProbe: Warning: [Warning][ResimProbe.Chaos] requests=64 grants=64 refused=0 refusedPerMille=0 repeat=0 clamped=0 depthMin=4 depthMax=8
LogOGResimProbe: Warning: [Warning][ResimProbe.Apply] prepares=64 finishes=64 abandoned=0 stuck=0 replayTicks=457 replayOverruns=0 freshProtects=35 staleProtects=0
LogOGResimProbe: Warning: [Warning][ResimProbe.Frame] role=Client simTicks=120 frames=200 meanTicksPerFrameX100=60 p50=1 p99=1 max=1 meanFrameUs=10000
LogOGResimProbe: Warning: [Warning][ResimProbe.Frame] role=Client cadence dFrame1=40 dFrame0=0 dFrameGt1=80 discont=0 numSteps total=120 max=1 gt1=0
LogOGResimProbe: Warning: [Warning][ResimProbe.Landing] class=LocallyPredicted behind=59 atFrontier=0 discarded=0 atFrontierPerMille=0 windowSamples=120
LogOGResimProbe: Warning: [Warning][ResimProbe.Landing] class=RemoteProxy behind=61 atFrontier=0 discarded=0 atFrontierPerMille=0 windowSamples=120
LogOGDivergenceProbe: Warning: [Warning][DivergenceProbe.Window] class=LocallyPredicted corrections=60 disagreed=60 ratePerMille=1000 windowSamples=120
LogOGDivergenceProbe: Warning: [Warning][DivergenceProbe.Window] class=RemoteProxy corrections=60 disagreed=60 ratePerMille=1000 windowSamples=120
LogOGRelayProbe: Warning: [Warning][RelayProbe.Arrival] samples=120 gapCaptureTicks p50=2 p99=3 max=4 noAdvance=0 saturated=0 lostCaptureTicksX1000=0 lost=0 delivered=214 expected=214 discont=0 discontMax=0
LogOGRelayProbe: Warning: [Warning][RelayProbe.Read] window=[32533,32653] src=Prediction hit=45 miss=75 verifyFail=0 rung0=0 total=120
LogOGRelayProbe: Warning: [Warning][RelayProbe.Read] window=[32533,32653] src=Resim hit=389 miss=40 verifyFail=0 rung0=0 total=429
LogOGRelayProbe: Warning: [Warning][RelayProbe.Miss] window=[32533,32653] src=Prediction inSpan=0 aboveNewest=75 belowOldest=0 noProbeTick=0 miss=75
LogOGRelayProbe: Warning: [Warning][RelayProbe.Miss] window=[32533,32653] src=Resim inSpan=0 aboveNewest=40 belowOldest=0 noProbeTick=0 miss=40
LogOGRelayProbe: Warning: [Warning][RelayProbe.Delta] window=[32533,32653] src=Prediction n=120 p10=-1 p50=1 p90=2 min=-3 max=4 satLow=0 satHigh=0
LogOGRelayProbe: Warning: [Warning][RelayProbe.Delta] window=[32533,32653] src=Resim n=429 p10=-6 p50=-3 p90=0 min=-8 max=3 satLow=0 satHigh=0
LogOGRelayProbe: Warning: [Warning][RelayProbe.Stale] window=[32533,32653] maxConsecutiveFallbackRun=9 id=28409
LogOGResimProbe: Warning: [Warning][ResimProbe.Gate] checks=120 declined=58 requested=62 requestedPerMille=517 deepSkips=0 survivingAnchors=0
LogOGResimProbe: Warning: [Warning][ResimProbe.Chaos] requests=63 grants=63 refused=0 refusedPerMille=0 repeat=0 clamped=0 depthMin=4 depthMax=8
LogOGResimProbe: Warning: [Warning][ResimProbe.Apply] prepares=63 finishes=63 abandoned=0 stuck=0 replayTicks=453 replayOverruns=0 freshProtects=41 staleProtects=0
LogOGResimProbe: Warning: [Warning][ResimProbe.Frame] role=Client simTicks=120 frames=200 meanTicksPerFrameX100=60 p50=1 p99=1 max=1 meanFrameUs=10000
LogOGResimProbe: Warning: [Warning][ResimProbe.Frame] role=Client cadence dFrame1=40 dFrame0=0 dFrameGt1=80 discont=0 numSteps total=120 max=1 gt1=0
LogOGResimProbe: Warning: [Warning][ResimProbe.Landing] class=LocallyPredicted behind=60 atFrontier=0 discarded=0 atFrontierPerMille=0 windowSamples=120
LogOGResimProbe: Warning: [Warning][ResimProbe.Landing] class=RemoteProxy behind=60 atFrontier=0 discarded=0 atFrontierPerMille=0 windowSamples=120
LogOGDivergenceProbe: Warning: [Warning][DivergenceProbe.Window] class=LocallyPredicted corrections=60 disagreed=60 ratePerMille=1000 windowSamples=120
LogOGDivergenceProbe: Warning: [Warning][DivergenceProbe.Window] class=RemoteProxy corrections=60 disagreed=60 ratePerMille=1000 windowSamples=120
LogOGRelayProbe: Warning: [Warning][RelayProbe.Read] window=[32653,32773] src=Prediction hit=51 miss=69 verifyFail=0 rung0=0 total=120
LogOGRelayProbe: Warning: [Warning][RelayProbe.Read] window=[32653,32773] src=Resim hit=424 miss=56 verifyFail=0 rung0=0 total=480
LogOGRelayProbe: Warning: [Warning][RelayProbe.Miss] window=[32653,32773] src=Prediction inSpan=0 aboveNewest=69 belowOldest=0 noProbeTick=0 miss=69
LogOGRelayProbe: Warning: [Warning][RelayProbe.Miss] window=[32653,32773] src=Resim inSpan=0 aboveNewest=56 belowOldest=0 noProbeTick=0 miss=56
LogOGRelayProbe: Warning: [Warning][RelayProbe.Delta] window=[32653,32773] src=Prediction n=120 p10=-1 p50=1 p90=3 min=-2 max=4 satLow=0 satHigh=0
LogOGRelayProbe: Warning: [Warning][RelayProbe.Delta] window=[32653,32773] src=Resim n=480 p10=-6 p50=-3 p90=1 min=-8 max=3 satLow=0 satHigh=0
LogOGRelayProbe: Warning: [Warning][RelayProbe.Stale] window=[32653,32773] maxConsecutiveFallbackRun=13 id=28409
LogOGResimProbe: Warning: [Warning][ResimProbe.Gate] checks=120 declined=54 requested=66 requestedPerMille=550 deepSkips=0 survivingAnchors=0
LogOGResimProbe: Warning: [Warning][ResimProbe.Chaos] requests=66 grants=66 refused=0 refusedPerMille=0 repeat=0 clamped=0 depthMin=4 depthMax=9
LogOGResimProbe: Warning: [Warning][ResimProbe.Apply] prepares=66 finishes=66 abandoned=0 stuck=0 replayTicks=493 replayOverruns=0 freshProtects=37 staleProtects=0
LogOGResimProbe: Warning: [Warning][ResimProbe.Frame] role=Client simTicks=120 frames=199 meanTicksPerFrameX100=60 p50=1 p99=1 max=1 meanFrameUs=10000
LogOGResimProbe: Warning: [Warning][ResimProbe.Frame] role=Client cadence dFrame1=41 dFrame0=0 dFrameGt1=79 discont=0 numSteps total=120 max=1 gt1=0
LogOGRelayProbe: Warning: [Warning][RelayProbe.Arrival] samples=120 gapCaptureTicks p50=2 p99=4 max=4 noAdvance=0 saturated=0 lostCaptureTicksX1000=0 lost=0 delivered=223 expected=223 discont=0 discontMax=0
LogOGResimProbe: Warning: [Warning][ResimProbe.Landing] class=LocallyPredicted behind=60 atFrontier=0 discarded=0 atFrontierPerMille=0 windowSamples=120
LogOGResimProbe: Warning: [Warning][ResimProbe.Landing] class=RemoteProxy behind=60 atFrontier=0 discarded=0 atFrontierPerMille=0 windowSamples=120
LogOGDivergenceProbe: Warning: [Warning][DivergenceProbe.Window] class=LocallyPredicted corrections=60 disagreed=60 ratePerMille=1000 windowSamples=120
LogOGDivergenceProbe: Warning: [Warning][DivergenceProbe.Window] class=RemoteProxy corrections=60 disagreed=60 ratePerMille=1000 windowSamples=120
LogOGRelayProbe: Warning: [Warning][RelayProbe.Read] window=[32773,32893] src=Prediction hit=42 miss=78 verifyFail=0 rung0=0 total=120
LogOGRelayProbe: Warning: [Warning][RelayProbe.Read] window=[32773,32893] src=Resim hit=408 miss=59 verifyFail=0 rung0=0 total=467
LogOGRelayProbe: Warning: [Warning][RelayProbe.Miss] window=[32773,32893] src=Prediction inSpan=0 aboveNewest=78 belowOldest=0 noProbeTick=0 miss=78
LogOGRelayProbe: Warning: [Warning][RelayProbe.Miss] window=[32773,32893] src=Resim inSpan=0 aboveNewest=59 belowOldest=0 noProbeTick=0 miss=59
LogOGRelayProbe: Warning: [Warning][RelayProbe.Delta] window=[32773,32893] src=Prediction n=120 p10=-1 p50=1 p90=3 min=-3 max=4 satLow=0 satHigh=0
LogOGRelayProbe: Warning: [Warning][RelayProbe.Delta] window=[32773,32893] src=Resim n=467 p10=-5 p50=-2 p90=1 min=-8 max=4 satLow=0 satHigh=0
LogOGRelayProbe: Warning: [Warning][RelayProbe.Stale] window=[32773,32893] maxConsecutiveFallbackRun=26 id=28409
LogOGResimProbe: Warning: [Warning][ResimProbe.Gate] checks=120 declined=54 requested=66 requestedPerMille=550 deepSkips=0 survivingAnchors=0
LogOGResimProbe: Warning: [Warning][ResimProbe.Chaos] requests=65 grants=65 refused=0 refusedPerMille=0 repeat=0 clamped=0 depthMin=4 depthMax=8
LogOGResimProbe: Warning: [Warning][ResimProbe.Apply] prepares=65 finishes=65 abandoned=0 stuck=0 replayTicks=482 replayOverruns=0 freshProtects=35 staleProtects=0
LogOGResimProbe: Warning: [Warning][ResimProbe.Frame] role=Client simTicks=120 frames=201 meanTicksPerFrameX100=59 p50=1 p99=1 max=1 meanFrameUs=9999
LogOGResimProbe: Warning: [Warning][ResimProbe.Frame] role=Client cadence dFrame1=39 dFrame0=0 dFrameGt1=81 discont=0 numSteps total=120 max=1 gt1=0
LogOGResimProbe: Warning: [Warning][ResimProbe.Landing] class=LocallyPredicted behind=60 atFrontier=0 discarded=0 atFrontierPerMille=0 windowSamples=120
LogOGResimProbe: Warning: [Warning][ResimProbe.Landing] class=RemoteProxy behind=60 atFrontier=0 discarded=0 atFrontierPerMille=0 windowSamples=120
LogOGDivergenceProbe: Warning: [Warning][DivergenceProbe.Window] class=LocallyPredicted corrections=59 disagreed=59 ratePerMille=1000 windowSamples=120
LogOGDivergenceProbe: Warning: [Warning][DivergenceProbe.Window] class=RemoteProxy corrections=61 disagreed=61 ratePerMille=1000 windowSamples=120
LogOGRelayProbe: Warning: [Warning][RelayProbe.Read] window=[32893,33013] src=Prediction hit=35 miss=85 verifyFail=0 rung0=0 total=120
LogOGRelayProbe: Warning: [Warning][RelayProbe.Read] window=[32893,33013] src=Resim hit=382 miss=52 verifyFail=0 rung0=0 total=434
LogOGRelayProbe: Warning: [Warning][RelayProbe.Miss] window=[32893,33013] src=Prediction inSpan=0 aboveNewest=85 belowOldest=0 noProbeTick=0 miss=85
LogOGRelayProbe: Warning: [Warning][RelayProbe.Miss] window=[32893,33013] src=Resim inSpan=0 aboveNewest=52 belowOldest=0 noProbeTick=0 miss=52
LogOGRelayProbe: Warning: [Warning][RelayProbe.Delta] window=[32893,33013] src=Prediction n=120 p10=-1 p50=1 p90=3 min=-2 max=4 satLow=0 satHigh=0
LogOGRelayProbe: Warning: [Warning][RelayProbe.Delta] window=[32893,33013] src=Resim n=434 p10=-6 p50=-3 p90=1 min=-8 max=4 satLow=0 satHigh=0
LogOGRelayProbe: Warning: [Warning][RelayProbe.Stale] window=[32893,33013] maxConsecutiveFallbackRun=15 id=28409
LogOGResimProbe: Warning: [Warning][ResimProbe.Gate] checks=120 declined=60 requested=60 requestedPerMille=500 deepSkips=0 survivingAnchors=0
LogOGResimProbe: Warning: [Warning][ResimProbe.Chaos] requests=60 grants=60 refused=0 refusedPerMille=0 repeat=0 clamped=0 depthMin=5 depthMax=8
LogOGResimProbe: Warning: [Warning][ResimProbe.Apply] prepares=60 finishes=60 abandoned=0 stuck=0 replayTicks=464 replayOverruns=0 freshProtects=38 staleProtects=0
LogOGResimProbe: Warning: [Warning][ResimProbe.Frame] role=Client simTicks=120 frames=200 meanTicksPerFrameX100=60 p50=1 p99=1 max=1 meanFrameUs=9999
LogOGResimProbe: Warning: [Warning][ResimProbe.Frame] role=Client cadence dFrame1=40 dFrame0=0 dFrameGt1=80 discont=0 numSteps total=120 max=1 gt1=0
LogOGRelayProbe: Warning: [Warning][RelayProbe.Arrival] samples=120 gapCaptureTicks p50=2 p99=4 max=4 noAdvance=0 saturated=0 lostCaptureTicksX1000=0 lost=0 delivered=219 expected=219 discont=0 discontMax=0
LogOGResimProbe: Warning: [Warning][ResimProbe.Landing] class=LocallyPredicted behind=60 atFrontier=0 discarded=0 atFrontierPerMille=0 windowSamples=120
LogOGResimProbe: Warning: [Warning][ResimProbe.Landing] class=RemoteProxy behind=60 atFrontier=0 discarded=0 atFrontierPerMille=0 windowSamples=120
LogOGDivergenceProbe: Warning: [Warning][DivergenceProbe.Window] class=LocallyPredicted corrections=61 disagreed=61 ratePerMille=1000 windowSamples=120
LogOGDivergenceProbe: Warning: [Warning][DivergenceProbe.Window] class=RemoteProxy corrections=59 disagreed=59 ratePerMille=1000 windowSamples=120
LogOGRelayProbe: Warning: [Warning][RelayProbe.Read] window=[33013,33133] src=Prediction hit=55 miss=65 verifyFail=0 rung0=0 total=120
LogOGRelayProbe: Warning: [Warning][RelayProbe.Read] window=[33013,33133] src=Resim hit=354 miss=45 verifyFail=0 rung0=0 total=399
LogOGRelayProbe: Warning: [Warning][RelayProbe.Miss] window=[33013,33133] src=Prediction inSpan=0 aboveNewest=65 belowOldest=0 noProbeTick=0 miss=65
LogOGRelayProbe: Warning: [Warning][RelayProbe.Miss] window=[33013,33133] src=Resim inSpan=6 aboveNewest=39 belowOldest=0 noProbeTick=0 miss=45
LogOGRelayProbe: Warning: [Warning][RelayProbe.Delta] window=[33013,33133] src=Prediction n=120 p10=-1 p50=1 p90=2 min=-3 max=4 satLow=0 satHigh=0
LogOGRelayProbe: Warning: [Warning][RelayProbe.Delta] window=[33013,33133] src=Resim n=399 p10=-6 p50=-3 p90=0 min=-8 max=3 satLow=0 satHigh=0
LogOGRelayProbe: Warning: [Warning][RelayProbe.Stale] window=[33013,33133] maxConsecutiveFallbackRun=8 id=28409
LogOGResimProbe: Warning: [Warning][ResimProbe.Gate] checks=120 declined=61 requested=59 requestedPerMille=492 deepSkips=0 survivingAnchors=0
LogOGResimProbe: Warning: [Warning][ResimProbe.Chaos] requests=59 grants=59 refused=0 refusedPerMille=0 repeat=0 clamped=0 depthMin=4 depthMax=7
LogOGResimProbe: Warning: [Warning][ResimProbe.Apply] prepares=59 finishes=59 abandoned=0 stuck=0 replayTicks=407 replayOverruns=0 freshProtects=39 staleProtects=0
LogOGResimProbe: Warning: [Warning][ResimProbe.Frame] role=Client simTicks=120 frames=199 meanTicksPerFrameX100=60 p50=1 p99=1 max=1 meanFrameUs=10000
LogOGResimProbe: Warning: [Warning][ResimProbe.Frame] role=Client cadence dFrame1=41 dFrame0=0 dFrameGt1=79 discont=0 numSteps total=120 max=1 gt1=0
LogOGResimProbe: Warning: [Warning][ResimProbe.Landing] class=LocallyPredicted behind=60 atFrontier=0 discarded=0 atFrontierPerMille=0 windowSamples=120
LogOGResimProbe: Warning: [Warning][ResimProbe.Landing] class=RemoteProxy behind=60 atFrontier=0 discarded=0 atFrontierPerMille=0 windowSamples=120
LogOGDivergenceProbe: Warning: [Warning][DivergenceProbe.Window] class=LocallyPredicted corrections=60 disagreed=60 ratePerMille=1000 windowSamples=120
LogOGDivergenceProbe: Warning: [Warning][DivergenceProbe.Window] class=RemoteProxy corrections=60 disagreed=60 ratePerMille=1000 windowSamples=120
LogOGRelayProbe: Warning: [Warning][RelayProbe.Read] window=[33133,33253] src=Prediction hit=28 miss=92 verifyFail=0 rung0=0 total=120
LogOGRelayProbe: Warning: [Warning][RelayProbe.Read] window=[33133,33253] src=Resim hit=410 miss=75 verifyFail=0 rung0=0 total=485
LogOGRelayProbe: Warning: [Warning][RelayProbe.Miss] window=[33133,33253] src=Prediction inSpan=0 aboveNewest=92 belowOldest=0 noProbeTick=0 miss=92
LogOGRelayProbe: Warning: [Warning][RelayProbe.Miss] window=[33133,33253] src=Resim inSpan=0 aboveNewest=75 belowOldest=0 noProbeTick=0 miss=75
LogOGRelayProbe: Warning: [Warning][RelayProbe.Delta] window=[33133,33253] src=Prediction n=120 p10=0 p50=1 p90=3 min=-2 max=5 satLow=0 satHigh=0
LogOGRelayProbe: Warning: [Warning][RelayProbe.Delta] window=[33133,33253] src=Resim n=485 p10=-5 p50=-2 p90=1 min=-8 max=4 satLow=0 satHigh=0
LogOGRelayProbe: Warning: [Warning][RelayProbe.Stale] window=[33133,33253] maxConsecutiveFallbackRun=13 id=28409
LogOGResimProbe: Warning: [Warning][ResimProbe.Gate] checks=120 declined=54 requested=66 requestedPerMille=550 deepSkips=0 survivingAnchors=0
LogOGResimProbe: Warning: [Warning][ResimProbe.Chaos] requests=67 grants=67 refused=0 refusedPerMille=0 repeat=0 clamped=0 depthMin=5 depthMax=8
LogOGResimProbe: Warning: [Warning][ResimProbe.Apply] prepares=67 finishes=67 abandoned=0 stuck=0 replayTicks=515 replayOverruns=0 freshProtects=36 staleProtects=0
LogOGRelayProbe: Warning: [Warning][RelayProbe.Arrival] samples=120 gapCaptureTicks p50=2 p99=4 max=5 noAdvance=0 saturated=0 lostCaptureTicksX1000=8 lost=2 delivered=222 expected=224 discont=0 discontMax=0
LogOGResimProbe: Warning: [Warning][ResimProbe.Frame] role=Client simTicks=120 frames=199 meanTicksPerFrameX100=60 p50=1 p99=1 max=1 meanFrameUs=10000
LogOGResimProbe: Warning: [Warning][ResimProbe.Frame] role=Client cadence dFrame1=41 dFrame0=0 dFrameGt1=79 discont=0 numSteps total=120 max=1 gt1=0
LogOGResimProbe: Warning: [Warning][ResimProbe.Landing] class=LocallyPredicted behind=60 atFrontier=0 discarded=0 atFrontierPerMille=0 windowSamples=120
LogOGResimProbe: Warning: [Warning][ResimProbe.Landing] class=RemoteProxy behind=60 atFrontier=0 discarded=0 atFrontierPerMille=0 windowSamples=120
LogOGDivergenceProbe: Warning: [Warning][DivergenceProbe.Window] class=LocallyPredicted corrections=59 disagreed=59 ratePerMille=1000 windowSamples=120
LogOGDivergenceProbe: Warning: [Warning][DivergenceProbe.Window] class=RemoteProxy corrections=61 disagreed=61 ratePerMille=1000 windowSamples=120
LogOGRelayProbe: Warning: [Warning][RelayProbe.Read] window=[33253,33373] src=Prediction hit=28 miss=92 verifyFail=0 rung0=0 total=120
LogOGRelayProbe: Warning: [Warning][RelayProbe.Read] window=[33253,33373] src=Resim hit=414 miss=70 verifyFail=0 rung0=0 total=484
LogOGRelayProbe: Warning: [Warning][RelayProbe.Miss] window=[33253,33373] src=Prediction inSpan=0 aboveNewest=92 belowOldest=0 noProbeTick=0 miss=92
LogOGRelayProbe: Warning: [Warning][RelayProbe.Miss] window=[33253,33373] src=Resim inSpan=3 aboveNewest=67 belowOldest=0 noProbeTick=0 miss=70
LogOGRelayProbe: Warning: [Warning][RelayProbe.Delta] window=[33253,33373] src=Prediction n=120 p10=0 p50=1 p90=3 min=-2 max=4 satLow=0 satHigh=0
LogOGRelayProbe: Warning: [Warning][RelayProbe.Delta] window=[33253,33373] src=Resim n=484 p10=-5 p50=-2 p90=1 min=-8 max=4 satLow=0 satHigh=0
LogOGRelayProbe: Warning: [Warning][RelayProbe.Stale] window=[33253,33373] maxConsecutiveFallbackRun=10 id=28409
LogOGResimProbe: Warning: [Warning][ResimProbe.Gate] checks=120 declined=53 requested=67 requestedPerMille=558 deepSkips=0 survivingAnchors=0
LogOGResimProbe: Warning: [Warning][ResimProbe.Chaos] requests=66 grants=65 refused=1 refusedPerMille=15 repeat=1 clamped=0 depthMin=5 depthMax=8
LogOGResimProbe: Warning: [Warning][ResimProbe.Apply] prepares=65 finishes=65 abandoned=0 stuck=0 replayTicks=513 replayOverruns=0 freshProtects=36 staleProtects=0
LogOGResimProbe: Warning: [Warning][ResimProbe.Frame] role=Client simTicks=120 frames=201 meanTicksPerFrameX100=59 p50=1 p99=1 max=1 meanFrameUs=9999
LogOGResimProbe: Warning: [Warning][ResimProbe.Frame] role=Client cadence dFrame1=39 dFrame0=0 dFrameGt1=81 discont=0 numSteps total=120 max=1 gt1=0
LogOGResimProbe: Warning: [Warning][ResimProbe.Landing] class=LocallyPredicted behind=59 atFrontier=0 discarded=0 atFrontierPerMille=0 windowSamples=120
LogOGResimProbe: Warning: [Warning][ResimProbe.Landing] class=RemoteProxy behind=61 atFrontier=0 discarded=0 atFrontierPerMille=0 windowSamples=120
LogOGDivergenceProbe: Warning: [Warning][DivergenceProbe.Window] class=LocallyPredicted corrections=60 disagreed=60 ratePerMille=1000 windowSamples=120
LogOGDivergenceProbe: Warning: [Warning][DivergenceProbe.Window] class=RemoteProxy corrections=60 disagreed=60 ratePerMille=1000 windowSamples=120
LogOGRelayProbe: Warning: [Warning][RelayProbe.Read] window=[33373,33493] src=Prediction hit=28 miss=92 verifyFail=0 rung0=0 total=120
LogOGRelayProbe: Warning: [Warning][RelayProbe.Read] window=[33373,33493] src=Resim hit=454 miss=76 verifyFail=0 rung0=0 total=530
LogOGRelayProbe: Warning: [Warning][RelayProbe.Miss] window=[33373,33493] src=Prediction inSpan=0 aboveNewest=92 belowOldest=0 noProbeTick=0 miss=92
LogOGRelayProbe: Warning: [Warning][RelayProbe.Miss] window=[33373,33493] src=Resim inSpan=0 aboveNewest=76 belowOldest=0 noProbeTick=0 miss=76
LogOGRelayProbe: Warning: [Warning][RelayProbe.Delta] window=[33373,33493] src=Prediction n=120 p10=0 p50=1 p90=3 min=-3 max=4 satLow=0 satHigh=0
LogOGRelayProbe: Warning: [Warning][RelayProbe.Delta] window=[33373,33493] src=Resim n=530 p10=-5 p50=-2 p90=1 min=-9 max=4 satLow=0 satHigh=0
LogOGRelayProbe: Warning: [Warning][RelayProbe.Stale] window=[33373,33493] maxConsecutiveFallbackRun=32 id=28409
LogOGResimProbe: Warning: [Warning][ResimProbe.Gate] checks=120 declined=52 requested=68 requestedPerMille=567 deepSkips=0 survivingAnchors=0
LogOGResimProbe: Warning: [Warning][ResimProbe.Chaos] requests=69 grants=68 refused=1 refusedPerMille=14 repeat=1 clamped=0 depthMin=5 depthMax=9
LogOGResimProbe: Warning: [Warning][ResimProbe.Apply] prepares=68 finishes=68 abandoned=0 stuck=0 replayTicks=528 replayOverruns=0 freshProtects=35 staleProtects=0
LogOGRelayProbe: Warning: [Warning][RelayProbe.Arrival] samples=120 gapCaptureTicks p50=2 p99=4 max=5 noAdvance=0 saturated=0 lostCaptureTicksX1000=8 lost=2 delivered=226 expected=228 discont=0 discontMax=0
LogOGResimProbe: Warning: [Warning][ResimProbe.Frame] role=Client simTicks=120 frames=200 meanTicksPerFrameX100=60 p50=1 p99=1 max=1 meanFrameUs=10000
LogOGResimProbe: Warning: [Warning][ResimProbe.Frame] role=Client cadence dFrame1=40 dFrame0=0 dFrameGt1=80 discont=0 numSteps total=120 max=1 gt1=0
LogOGResimProbe: Warning: [Warning][ResimProbe.Landing] class=LocallyPredicted behind=59 atFrontier=0 discarded=0 atFrontierPerMille=0 windowSamples=120
LogOGResimProbe: Warning: [Warning][ResimProbe.Landing] class=RemoteProxy behind=61 atFrontier=0 discarded=0 atFrontierPerMille=0 windowSamples=120
LogOGDivergenceProbe: Warning: [Warning][DivergenceProbe.Window] class=LocallyPredicted corrections=59 disagreed=59 ratePerMille=1000 windowSamples=120
LogOGDivergenceProbe: Warning: [Warning][DivergenceProbe.Window] class=RemoteProxy corrections=61 disagreed=61 ratePerMille=1000 windowSamples=120
LogOGRelayProbe: Warning: [Warning][RelayProbe.Read] window=[33493,33613] src=Prediction hit=51 miss=69 verifyFail=0 rung0=0 total=120
LogOGRelayProbe: Warning: [Warning][RelayProbe.Read] window=[33493,33613] src=Resim hit=376 miss=55 verifyFail=0 rung0=0 total=431
LogOGRelayProbe: Warning: [Warning][RelayProbe.Miss] window=[33493,33613] src=Prediction inSpan=0 aboveNewest=69 belowOldest=0 noProbeTick=0 miss=69
LogOGRelayProbe: Warning: [Warning][RelayProbe.Miss] window=[33493,33613] src=Resim inSpan=12 aboveNewest=43 belowOldest=0 noProbeTick=0 miss=55
LogOGRelayProbe: Warning: [Warning][RelayProbe.Delta] window=[33493,33613] src=Prediction n=120 p10=-1 p50=1 p90=3 min=-3 max=4 satLow=0 satHigh=0
LogOGRelayProbe: Warning: [Warning][RelayProbe.Delta] window=[33493,33613] src=Resim n=431 p10=-6 p50=-3 p90=0 min=-9 max=3 satLow=0 satHigh=0
LogOGRelayProbe: Warning: [Warning][RelayProbe.Stale] window=[33493,33613] maxConsecutiveFallbackRun=16 id=28409
LogOGResimProbe: Warning: [Warning][ResimProbe.Gate] checks=120 declined=57 requested=63 requestedPerMille=525 deepSkips=0 survivingAnchors=0
LogOGResimProbe: Warning: [Warning][ResimProbe.Chaos] requests=62 grants=62 refused=0 refusedPerMille=0 repeat=0 clamped=0 depthMin=5 depthMax=8
LogOGResimProbe: Warning: [Warning][ResimProbe.Apply] prepares=62 finishes=62 abandoned=0 stuck=0 replayTicks=455 replayOverruns=0 freshProtects=38 staleProtects=0
LogOGResimProbe: Warning: [Warning][ResimProbe.Frame] role=Client simTicks=120 frames=200 meanTicksPerFrameX100=60 p50=1 p99=1 max=1 meanFrameUs=10000
LogOGResimProbe: Warning: [Warning][ResimProbe.Frame] role=Client cadence dFrame1=40 dFrame0=0 dFrameGt1=80 discont=0 numSteps total=120 max=1 gt1=0
LogOGResimProbe: Warning: [Warning][ResimProbe.Landing] class=LocallyPredicted behind=60 atFrontier=0 discarded=0 atFrontierPerMille=0 windowSamples=120
LogOGResimProbe: Warning: [Warning][ResimProbe.Landing] class=RemoteProxy behind=60 atFrontier=0 discarded=0 atFrontierPerMille=0 windowSamples=120
LogOGDivergenceProbe: Warning: [Warning][DivergenceProbe.Window] class=LocallyPredicted corrections=60 disagreed=60 ratePerMille=1000 windowSamples=120
LogOGDivergenceProbe: Warning: [Warning][DivergenceProbe.Window] class=RemoteProxy corrections=60 disagreed=60 ratePerMille=1000 windowSamples=120
LogOGRelayProbe: Warning: [Warning][RelayProbe.Read] window=[33613,33733] src=Prediction hit=46 miss=74 verifyFail=0 rung0=0 total=120
LogOGRelayProbe: Warning: [Warning][RelayProbe.Read] window=[33613,33733] src=Resim hit=377 miss=58 verifyFail=0 rung0=0 total=435
LogOGRelayProbe: Warning: [Warning][RelayProbe.Miss] window=[33613,33733] src=Prediction inSpan=0 aboveNewest=74 belowOldest=0 noProbeTick=0 miss=74
LogOGRelayProbe: Warning: [Warning][RelayProbe.Miss] window=[33613,33733] src=Resim inSpan=5 aboveNewest=53 belowOldest=0 noProbeTick=0 miss=58
LogOGRelayProbe: Warning: [Warning][RelayProbe.Delta] window=[33613,33733] src=Prediction n=120 p10=-1 p50=1 p90=3 min=-3 max=5 satLow=0 satHigh=0
LogOGRelayProbe: Warning: [Warning][RelayProbe.Delta] window=[33613,33733] src=Resim n=435 p10=-6 p50=-2 p90=1 min=-8 max=4 satLow=0 satHigh=0
LogOGRelayProbe: Warning: [Warning][RelayProbe.Stale] window=[33613,33733] maxConsecutiveFallbackRun=24 id=28409
LogOGResimProbe: Warning: [Warning][ResimProbe.Gate] checks=120 declined=54 requested=66 requestedPerMille=550 deepSkips=0 survivingAnchors=0
LogOGResimProbe: Warning: [Warning][ResimProbe.Chaos] requests=67 grants=62 refused=5 refusedPerMille=75 repeat=5 clamped=0 depthMin=5 depthMax=11
LogOGResimProbe: Warning: [Warning][ResimProbe.Apply] prepares=62 finishes=62 abandoned=0 stuck=0 replayTicks=455 replayOverruns=0 freshProtects=34 staleProtects=0
LogOGRelayProbe: Warning: [Warning][RelayProbe.Arrival] samples=120 gapCaptureTicks p50=2 p99=5 max=5 noAdvance=0 saturated=0 lostCaptureTicksX1000=39 lost=9 delivered=218 expected=227 discont=0 discontMax=0
LogOGResimProbe: Warning: [Warning][ResimProbe.Frame] role=Client simTicks=120 frames=200 meanTicksPerFrameX100=60 p50=1 p99=1 max=1 meanFrameUs=9999
LogOGResimProbe: Warning: [Warning][ResimProbe.Frame] role=Client cadence dFrame1=40 dFrame0=0 dFrameGt1=80 discont=0 numSteps total=120 max=1 gt1=0
LogOGResimProbe: Warning: [Warning][ResimProbe.Landing] class=LocallyPredicted behind=60 atFrontier=0 discarded=0 atFrontierPerMille=0 windowSamples=120
LogOGResimProbe: Warning: [Warning][ResimProbe.Landing] class=RemoteProxy behind=60 atFrontier=0 discarded=0 atFrontierPerMille=0 windowSamples=120
LogOGDivergenceProbe: Warning: [Warning][DivergenceProbe.Window] class=LocallyPredicted corrections=60 disagreed=60 ratePerMille=1000 windowSamples=120
LogOGDivergenceProbe: Warning: [Warning][DivergenceProbe.Window] class=RemoteProxy corrections=60 disagreed=60 ratePerMille=1000 windowSamples=120
LogOGRelayProbe: Warning: [Warning][RelayProbe.Read] window=[33733,33853] src=Prediction hit=45 miss=75 verifyFail=0 rung0=0 total=120
LogOGRelayProbe: Warning: [Warning][RelayProbe.Read] window=[33733,33853] src=Resim hit=443 miss=54 verifyFail=0 rung0=0 total=497
LogOGRelayProbe: Warning: [Warning][RelayProbe.Miss] window=[33733,33853] src=Prediction inSpan=0 aboveNewest=75 belowOldest=0 noProbeTick=0 miss=75
LogOGRelayProbe: Warning: [Warning][RelayProbe.Miss] window=[33733,33853] src=Resim inSpan=0 aboveNewest=54 belowOldest=0 noProbeTick=0 miss=54
LogOGRelayProbe: Warning: [Warning][RelayProbe.Delta] window=[33733,33853] src=Prediction n=120 p10=-1 p50=1 p90=3 min=-2 max=4 satLow=0 satHigh=0
LogOGRelayProbe: Warning: [Warning][RelayProbe.Delta] window=[33733,33853] src=Resim n=497 p10=-5 p50=-2 p90=1 min=-8 max=4 satLow=0 satHigh=0
LogOGRelayProbe: Warning: [Warning][RelayProbe.Stale] window=[33733,33853] maxConsecutiveFallbackRun=12 id=28409
LogOGResimProbe: Warning: [Warning][ResimProbe.Gate] checks=120 declined=51 requested=69 requestedPerMille=575 deepSkips=0 survivingAnchors=0
LogOGResimProbe: Warning: [Warning][ResimProbe.Chaos] requests=69 grants=69 refused=0 refusedPerMille=0 repeat=0 clamped=0 depthMin=5 depthMax=8
LogOGResimProbe: Warning: [Warning][ResimProbe.Apply] prepares=69 finishes=69 abandoned=0 stuck=0 replayTicks=514 replayOverruns=0 freshProtects=33 staleProtects=0
LogOGResimProbe: Warning: [Warning][ResimProbe.Frame] role=Client simTicks=120 frames=200 meanTicksPerFrameX100=60 p50=1 p99=1 max=1 meanFrameUs=9999
LogOGResimProbe: Warning: [Warning][ResimProbe.Frame] role=Client cadence dFrame1=40 dFrame0=0 dFrameGt1=80 discont=0 numSteps total=120 max=1 gt1=0
LogOGResimProbe: Warning: [Warning][ResimProbe.Landing] class=LocallyPredicted behind=61 atFrontier=0 discarded=0 atFrontierPerMille=0 windowSamples=120
LogOGResimProbe: Warning: [Warning][ResimProbe.Landing] class=RemoteProxy behind=59 atFrontier=0 discarded=0 atFrontierPerMille=0 windowSamples=120
LogOGDivergenceProbe: Warning: [Warning][DivergenceProbe.Window] class=LocallyPredicted corrections=60 disagreed=60 ratePerMille=1000 windowSamples=120
LogOGDivergenceProbe: Warning: [Warning][DivergenceProbe.Window] class=RemoteProxy corrections=60 disagreed=60 ratePerMille=1000 windowSamples=120
LogOGRelayProbe: Warning: [Warning][RelayProbe.Arrival] samples=120 gapCaptureTicks p50=2 p99=4 max=5 noAdvance=0 saturated=0 lostCaptureTicksX1000=22 lost=5 delivered=215 expected=220 discont=0 discontMax=0
LogOGRelayProbe: Warning: [Warning][RelayProbe.Read] window=[33853,33973] src=Prediction hit=33 miss=87 verifyFail=0 rung0=0 total=120
LogOGRelayProbe: Warning: [Warning][RelayProbe.Read] window=[33853,33973] src=Resim hit=419 miss=93 verifyFail=0 rung0=0 total=512
LogOGRelayProbe: Warning: [Warning][RelayProbe.Miss] window=[33853,33973] src=Prediction inSpan=0 aboveNewest=87 belowOldest=0 noProbeTick=0 miss=87
LogOGRelayProbe: Warning: [Warning][RelayProbe.Miss] window=[33853,33973] src=Resim inSpan=16 aboveNewest=77 belowOldest=0 noProbeTick=0 miss=93
LogOGRelayProbe: Warning: [Warning][RelayProbe.Delta] window=[33853,33973] src=Prediction n=120 p10=0 p50=1 p90=3 min=-2 max=5 satLow=0 satHigh=0
LogOGRelayProbe: Warning: [Warning][RelayProbe.Delta] window=[33853,33973] src=Resim n=512 p10=-5 p50=-2 p90=1 min=-7 max=4 satLow=0 satHigh=0
LogOGRelayProbe: Warning: [Warning][RelayProbe.Stale] window=[33853,33973] maxConsecutiveFallbackRun=13 id=28409
LogOGResimProbe: Warning: [Warning][ResimProbe.Gate] checks=120 declined=48 requested=72 requestedPerMille=600 deepSkips=0 survivingAnchors=0
LogOGResimProbe: Warning: [Warning][ResimProbe.Chaos] requests=71 grants=71 refused=0 refusedPerMille=0 repeat=0 clamped=0 depthMin=5 depthMax=8
LogOGResimProbe: Warning: [Warning][ResimProbe.Apply] prepares=71 finishes=71 abandoned=0 stuck=0 replayTicks=539 replayOverruns=0 freshProtects=36 staleProtects=0
LogOGResimProbe: Warning: [Warning][ResimProbe.Frame] role=Client simTicks=120 frames=200 meanTicksPerFrameX100=60 p50=1 p99=1 max=1 meanFrameUs=10000
LogOGResimProbe: Warning: [Warning][ResimProbe.Frame] role=Client cadence dFrame1=40 dFrame0=0 dFrameGt1=80 discont=0 numSteps total=120 max=1 gt1=0
LogOGResimProbe: Warning: [Warning][ResimProbe.Landing] class=LocallyPredicted behind=59 atFrontier=0 discarded=0 atFrontierPerMille=0 windowSamples=120
LogOGResimProbe: Warning: [Warning][ResimProbe.Landing] class=RemoteProxy behind=61 atFrontier=0 discarded=0 atFrontierPerMille=0 windowSamples=120
LogOGDivergenceProbe: Warning: [Warning][DivergenceProbe.Window] class=LocallyPredicted corrections=60 disagreed=60 ratePerMille=1000 windowSamples=120
LogOGDivergenceProbe: Warning: [Warning][DivergenceProbe.Window] class=RemoteProxy corrections=60 disagreed=60 ratePerMille=1000 windowSamples=120
LogOGRelayProbe: Warning: [Warning][RelayProbe.Read] window=[33973,34093] src=Prediction hit=35 miss=85 verifyFail=0 rung0=0 total=120
LogOGRelayProbe: Warning: [Warning][RelayProbe.Read] window=[33973,34093] src=Resim hit=376 miss=56 verifyFail=0 rung0=0 total=432
LogOGRelayProbe: Warning: [Warning][RelayProbe.Miss] window=[33973,34093] src=Prediction inSpan=0 aboveNewest=85 belowOldest=0 noProbeTick=0 miss=85
LogOGRelayProbe: Warning: [Warning][RelayProbe.Miss] window=[33973,34093] src=Resim inSpan=0 aboveNewest=56 belowOldest=0 noProbeTick=0 miss=56
LogOGRelayProbe: Warning: [Warning][RelayProbe.Delta] window=[33973,34093] src=Prediction n=120 p10=0 p50=1 p90=3 min=-2 max=4 satLow=0 satHigh=0
LogOGRelayProbe: Warning: [Warning][RelayProbe.Delta] window=[33973,34093] src=Resim n=432 p10=-5 p50=-2 p90=1 min=-8 max=3 satLow=0 satHigh=0
LogOGRelayProbe: Warning: [Warning][RelayProbe.Stale] window=[33973,34093] maxConsecutiveFallbackRun=10 id=28409
LogOGResimProbe: Warning: [Warning][ResimProbe.Gate] checks=120 declined=57 requested=63 requestedPerMille=525 deepSkips=0 survivingAnchors=0
LogOGResimProbe: Warning: [Warning][ResimProbe.Chaos] requests=63 grants=63 refused=0 refusedPerMille=0 repeat=0 clamped=0 depthMin=5 depthMax=7
LogOGResimProbe: Warning: [Warning][ResimProbe.Apply] prepares=63 finishes=63 abandoned=0 stuck=0 replayTicks=451 replayOverruns=0 freshProtects=31 staleProtects=0
LogOGResimProbe: Warning: [Warning][ResimProbe.Frame] role=Client simTicks=120 frames=199 meanTicksPerFrameX100=60 p50=1 p99=1 max=1 meanFrameUs=9999
LogOGResimProbe: Warning: [Warning][ResimProbe.Frame] role=Client cadence dFrame1=41 dFrame0=0 dFrameGt1=79 discont=0 numSteps total=120 max=1 gt1=0
LogOGRelayProbe: Warning: [Warning][RelayProbe.Arrival] samples=120 gapCaptureTicks p50=2 p99=4 max=4 noAdvance=0 saturated=0 lostCaptureTicksX1000=4 lost=1 delivered=220 expected=221 discont=0 discontMax=0
LogOGResimProbe: Warning: [Warning][ResimProbe.Landing] class=LocallyPredicted behind=61 atFrontier=0 discarded=0 atFrontierPerMille=0 windowSamples=120
LogOGResimProbe: Warning: [Warning][ResimProbe.Landing] class=RemoteProxy behind=59 atFrontier=0 discarded=0 atFrontierPerMille=0 windowSamples=120
LogOGDivergenceProbe: Warning: [Warning][DivergenceProbe.Window] class=LocallyPredicted corrections=60 disagreed=60 ratePerMille=1000 windowSamples=120
LogOGDivergenceProbe: Warning: [Warning][DivergenceProbe.Window] class=RemoteProxy corrections=60 disagreed=60 ratePerMille=1000 windowSamples=120
LogOGRelayProbe: Warning: [Warning][RelayProbe.Read] window=[34093,34213] src=Prediction hit=35 miss=85 verifyFail=0 rung0=0 total=120
LogOGRelayProbe: Warning: [Warning][RelayProbe.Read] window=[34093,34213] src=Resim hit=431 miss=68 verifyFail=0 rung0=0 total=499
LogOGRelayProbe: Warning: [Warning][RelayProbe.Miss] window=[34093,34213] src=Prediction inSpan=0 aboveNewest=85 belowOldest=0 noProbeTick=0 miss=85
LogOGRelayProbe: Warning: [Warning][RelayProbe.Miss] window=[34093,34213] src=Resim inSpan=3 aboveNewest=65 belowOldest=0 noProbeTick=0 miss=68
LogOGRelayProbe: Warning: [Warning][RelayProbe.Delta] window=[34093,34213] src=Prediction n=120 p10=0 p50=1 p90=3 min=-1 max=4 satLow=0 satHigh=0
LogOGRelayProbe: Warning: [Warning][RelayProbe.Delta] window=[34093,34213] src=Resim n=499 p10=-6 p50=-2 p90=1 min=-8 max=3 satLow=0 satHigh=0
LogOGRelayProbe: Warning: [Warning][RelayProbe.Stale] window=[34093,34213] maxConsecutiveFallbackRun=12 id=28409
LogOGResimProbe: Warning: [Warning][ResimProbe.Gate] checks=120 declined=52 requested=68 requestedPerMille=567 deepSkips=0 survivingAnchors=0
LogOGResimProbe: Warning: [Warning][ResimProbe.Chaos] requests=68 grants=68 refused=0 refusedPerMille=0 repeat=0 clamped=0 depthMin=4 depthMax=8
LogOGResimProbe: Warning: [Warning][ResimProbe.Apply] prepares=68 finishes=68 abandoned=0 stuck=0 replayTicks=531 replayOverruns=0 freshProtects=38 staleProtects=0
LogOGResimProbe: Warning: [Warning][ResimProbe.Frame] role=Client simTicks=120 frames=201 meanTicksPerFrameX100=59 p50=1 p99=1 max=1 meanFrameUs=9999
LogOGResimProbe: Warning: [Warning][ResimProbe.Frame] role=Client cadence dFrame1=39 dFrame0=0 dFrameGt1=81 discont=0 numSteps total=120 max=1 gt1=0
LogOGResimProbe: Warning: [Warning][ResimProbe.Landing] class=LocallyPredicted behind=59 atFrontier=0 discarded=0 atFrontierPerMille=0 windowSamples=120
LogOGResimProbe: Warning: [Warning][ResimProbe.Landing] class=RemoteProxy behind=61 atFrontier=0 discarded=0 atFrontierPerMille=0 windowSamples=120
LogOGDivergenceProbe: Warning: [Warning][DivergenceProbe.Window] class=LocallyPredicted corrections=60 disagreed=60 ratePerMille=1000 windowSamples=120
LogOGDivergenceProbe: Warning: [Warning][DivergenceProbe.Window] class=RemoteProxy corrections=60 disagreed=60 ratePerMille=1000 windowSamples=120
LogOGRelayProbe: Warning: [Warning][RelayProbe.Read] window=[34213,34333] src=Prediction hit=45 miss=75 verifyFail=0 rung0=0 total=120
LogOGRelayProbe: Warning: [Warning][RelayProbe.Read] window=[34213,34333] src=Resim hit=437 miss=55 verifyFail=0 rung0=0 total=492
LogOGRelayProbe: Warning: [Warning][RelayProbe.Miss] window=[34213,34333] src=Prediction inSpan=0 aboveNewest=75 belowOldest=0 noProbeTick=0 miss=75
LogOGRelayProbe: Warning: [Warning][RelayProbe.Miss] window=[34213,34333] src=Resim inSpan=6 aboveNewest=49 belowOldest=0 noProbeTick=0 miss=55
LogOGRelayProbe: Warning: [Warning][RelayProbe.Delta] window=[34213,34333] src=Prediction n=120 p10=-1 p50=1 p90=3 min=-2 max=4 satLow=0 satHigh=0
LogOGRelayProbe: Warning: [Warning][RelayProbe.Delta] window=[34213,34333] src=Resim n=492 p10=-6 p50=-3 p90=0 min=-8 max=3 satLow=0 satHigh=0
LogOGRelayProbe: Warning: [Warning][RelayProbe.Stale] window=[34213,34333] maxConsecutiveFallbackRun=15 id=28409
LogOGResimProbe: Warning: [Warning][ResimProbe.Gate] checks=120 declined=58 requested=62 requestedPerMille=517 deepSkips=0 survivingAnchors=0
LogOGResimProbe: Warning: [Warning][ResimProbe.Chaos] requests=62 grants=62 refused=0 refusedPerMille=0 repeat=0 clamped=0 depthMin=5 depthMax=8
LogOGResimProbe: Warning: [Warning][ResimProbe.Apply] prepares=62 finishes=62 abandoned=0 stuck=0 replayTicks=494 replayOverruns=0 freshProtects=39 staleProtects=0
LogOGResimProbe: Warning: [Warning][ResimProbe.Frame] role=Client simTicks=120 frames=201 meanTicksPerFrameX100=59 p50=1 p99=1 max=1 meanFrameUs=10001
LogOGResimProbe: Warning: [Warning][ResimProbe.Frame] role=Client cadence dFrame1=39 dFrame0=0 dFrameGt1=81 discont=0 numSteps total=120 max=1 gt1=0
LogOGRelayProbe: Warning: [Warning][RelayProbe.Arrival] samples=120 gapCaptureTicks p50=2 p99=4 max=4 noAdvance=0 saturated=0 lostCaptureTicksX1000=9 lost=2 delivered=212 expected=214 discont=0 discontMax=0
LogOGResimProbe: Warning: [Warning][ResimProbe.Landing] class=LocallyPredicted behind=60 atFrontier=0 discarded=0 atFrontierPerMille=0 windowSamples=120
LogOGResimProbe: Warning: [Warning][ResimProbe.Landing] class=RemoteProxy behind=60 atFrontier=0 discarded=0 atFrontierPerMille=0 windowSamples=120
LogOGDivergenceProbe: Warning: [Warning][DivergenceProbe.Window] class=LocallyPredicted corrections=60 disagreed=60 ratePerMille=1000 windowSamples=120
LogOGDivergenceProbe: Warning: [Warning][DivergenceProbe.Window] class=RemoteProxy corrections=60 disagreed=60 ratePerMille=1000 windowSamples=120
LogOGRelayProbe: Warning: [Warning][RelayProbe.Read] window=[34333,34453] src=Prediction hit=66 miss=54 verifyFail=0 rung0=0 total=120
LogOGRelayProbe: Warning: [Warning][RelayProbe.Read] window=[34333,34453] src=Resim hit=434 miss=32 verifyFail=0 rung0=0 total=466
LogOGRelayProbe: Warning: [Warning][RelayProbe.Miss] window=[34333,34453] src=Prediction inSpan=0 aboveNewest=54 belowOldest=0 noProbeTick=0 miss=54
LogOGRelayProbe: Warning: [Warning][RelayProbe.Miss] window=[34333,34453] src=Resim inSpan=0 aboveNewest=32 belowOldest=0 noProbeTick=0 miss=32
LogOGRelayProbe: Warning: [Warning][RelayProbe.Delta] window=[34333,34453] src=Prediction n=120 p10=-1 p50=0 p90=2 min=-3 max=4 satLow=0 satHigh=0
LogOGRelayProbe: Warning: [Warning][RelayProbe.Delta] window=[34333,34453] src=Resim n=466 p10=-6 p50=-3 p90=0 min=-8 max=3 satLow=0 satHigh=0
LogOGRelayProbe: Warning: [Warning][RelayProbe.Stale] window=[34333,34453] maxConsecutiveFallbackRun=5 id=28409
LogOGResimProbe: Warning: [Warning][ResimProbe.Gate] checks=120 declined=54 requested=66 requestedPerMille=550 deepSkips=0 survivingAnchors=0
LogOGResimProbe: Warning: [Warning][ResimProbe.Chaos] requests=67 grants=67 refused=0 refusedPerMille=0 repeat=0 clamped=0 depthMin=4 depthMax=8
LogOGResimProbe: Warning: [Warning][ResimProbe.Apply] prepares=67 finishes=67 abandoned=0 stuck=0 replayTicks=490 replayOverruns=0 freshProtects=37 staleProtects=0
LogOGResimProbe: Warning: [Warning][ResimProbe.Frame] role=Client simTicks=120 frames=199 meanTicksPerFrameX100=60 p50=1 p99=1 max=1 meanFrameUs=9998
LogOGResimProbe: Warning: [Warning][ResimProbe.Frame] role=Client cadence dFrame1=41 dFrame0=0 dFrameGt1=79 discont=0 numSteps total=120 max=1 gt1=0
LogOGResimProbe: Warning: [Warning][ResimProbe.Landing] class=LocallyPredicted behind=60 atFrontier=0 discarded=0 atFrontierPerMille=0 windowSamples=120
LogOGResimProbe: Warning: [Warning][ResimProbe.Landing] class=RemoteProxy behind=60 atFrontier=0 discarded=0 atFrontierPerMille=0 windowSamples=120
LogOGDivergenceProbe: Warning: [Warning][DivergenceProbe.Window] class=LocallyPredicted corrections=60 disagreed=60 ratePerMille=1000 windowSamples=120
LogOGDivergenceProbe: Warning: [Warning][DivergenceProbe.Window] class=RemoteProxy corrections=60 disagreed=60 ratePerMille=1000 windowSamples=120
LogOGRelayProbe: Warning: [Warning][RelayProbe.Read] window=[34453,34573] src=Prediction hit=43 miss=77 verifyFail=0 rung0=0 total=120
LogOGRelayProbe: Warning: [Warning][RelayProbe.Read] window=[34453,34573] src=Resim hit=358 miss=41 verifyFail=0 rung0=0 total=399
LogOGRelayProbe: Warning: [Warning][RelayProbe.Miss] window=[34453,34573] src=Prediction inSpan=0 aboveNewest=77 belowOldest=0 noProbeTick=0 miss=77
LogOGRelayProbe: Warning: [Warning][RelayProbe.Miss] window=[34453,34573] src=Resim inSpan=0 aboveNewest=41 belowOldest=0 noProbeTick=0 miss=41
LogOGRelayProbe: Warning: [Warning][RelayProbe.Delta] window=[34453,34573] src=Prediction n=120 p10=-1 p50=1 p90=3 min=-2 max=5 satLow=0 satHigh=0
LogOGRelayProbe: Warning: [Warning][RelayProbe.Delta] window=[34453,34573] src=Resim n=399 p10=-5 p50=-2 p90=1 min=-8 max=3 satLow=0 satHigh=0
LogOGRelayProbe: Warning: [Warning][RelayProbe.Stale] window=[34453,34573] maxConsecutiveFallbackRun=6 id=28409
LogOGResimProbe: Warning: [Warning][ResimProbe.Gate] checks=120 declined=62 requested=58 requestedPerMille=483 deepSkips=0 survivingAnchors=0
LogOGResimProbe: Warning: [Warning][ResimProbe.Chaos] requests=57 grants=57 refused=0 refusedPerMille=0 repeat=0 clamped=0 depthMin=5 depthMax=8
LogOGResimProbe: Warning: [Warning][ResimProbe.Apply] prepares=57 finishes=57 abandoned=0 stuck=0 replayTicks=412 replayOverruns=0 freshProtects=36 staleProtects=0
LogOGRelayProbe: Warning: [Warning][RelayProbe.Arrival] samples=120 gapCaptureTicks p50=2 p99=4 max=4 noAdvance=0 saturated=0 lostCaptureTicksX1000=23 lost=5 delivered=206 expected=211 discont=0 discontMax=0
LogOGResimProbe: Warning: [Warning][ResimProbe.Frame] role=Client simTicks=120 frames=201 meanTicksPerFrameX100=59 p50=1 p99=1 max=1 meanFrameUs=10000
LogOGResimProbe: Warning: [Warning][ResimProbe.Frame] role=Client cadence dFrame1=39 dFrame0=0 dFrameGt1=81 discont=0 numSteps total=120 max=1 gt1=0
LogOGResimProbe: Warning: [Warning][ResimProbe.Landing] class=LocallyPredicted behind=60 atFrontier=0 discarded=0 atFrontierPerMille=0 windowSamples=120
LogOGResimProbe: Warning: [Warning][ResimProbe.Landing] class=RemoteProxy behind=60 atFrontier=0 discarded=0 atFrontierPerMille=0 windowSamples=120
LogOGDivergenceProbe: Warning: [Warning][DivergenceProbe.Window] class=LocallyPredicted corrections=60 disagreed=60 ratePerMille=1000 windowSamples=120
LogOGDivergenceProbe: Warning: [Warning][DivergenceProbe.Window] class=RemoteProxy corrections=60 disagreed=60 ratePerMille=1000 windowSamples=120
LogOGRelayProbe: Warning: [Warning][RelayProbe.Read] window=[34573,34693] src=Prediction hit=42 miss=78 verifyFail=0 rung0=0 total=120
LogOGRelayProbe: Warning: [Warning][RelayProbe.Read] window=[34573,34693] src=Resim hit=396 miss=72 verifyFail=0 rung0=0 total=468
LogOGRelayProbe: Warning: [Warning][RelayProbe.Miss] window=[34573,34693] src=Prediction inSpan=0 aboveNewest=78 belowOldest=0 noProbeTick=0 miss=78
LogOGRelayProbe: Warning: [Warning][RelayProbe.Miss] window=[34573,34693] src=Resim inSpan=11 aboveNewest=61 belowOldest=0 noProbeTick=0 miss=72
LogOGRelayProbe: Warning: [Warning][RelayProbe.Delta] window=[34573,34693] src=Prediction n=120 p10=-1 p50=1 p90=3 min=-3 max=5 satLow=0 satHigh=0
LogOGRelayProbe: Warning: [Warning][RelayProbe.Delta] window=[34573,34693] src=Resim n=468 p10=-5 p50=-2 p90=1 min=-8 max=3 satLow=0 satHigh=0
LogOGRelayProbe: Warning: [Warning][RelayProbe.Stale] window=[34573,34693] maxConsecutiveFallbackRun=19 id=28409
LogOGResimProbe: Warning: [Warning][ResimProbe.Gate] checks=120 declined=52 requested=68 requestedPerMille=567 deepSkips=0 survivingAnchors=0
LogOGResimProbe: Warning: [Warning][ResimProbe.Chaos] requests=69 grants=69 refused=0 refusedPerMille=0 repeat=0 clamped=0 depthMin=5 depthMax=8
LogOGResimProbe: Warning: [Warning][ResimProbe.Apply] prepares=69 finishes=69 abandoned=0 stuck=0 replayTicks=492 replayOverruns=0 freshProtects=34 staleProtects=0
LogOGResimProbe: Warning: [Warning][ResimProbe.Frame] role=Client simTicks=120 frames=198 meanTicksPerFrameX100=60 p50=1 p99=1 max=1 meanFrameUs=10000
LogOGResimProbe: Warning: [Warning][ResimProbe.Frame] role=Client cadence dFrame1=42 dFrame0=0 dFrameGt1=78 discont=0 numSteps total=120 max=1 gt1=0
LogOGResimProbe: Warning: [Warning][ResimProbe.Landing] class=LocallyPredicted behind=60 atFrontier=0 discarded=0 atFrontierPerMille=0 windowSamples=120
LogOGResimProbe: Warning: [Warning][ResimProbe.Landing] class=RemoteProxy behind=60 atFrontier=0 discarded=0 atFrontierPerMille=0 windowSamples=120
LogOGDivergenceProbe: Warning: [Warning][DivergenceProbe.Window] class=LocallyPredicted corrections=60 disagreed=60 ratePerMille=1000 windowSamples=120
LogOGDivergenceProbe: Warning: [Warning][DivergenceProbe.Window] class=RemoteProxy corrections=60 disagreed=60 ratePerMille=1000 windowSamples=120
LogOGRelayProbe: Warning: [Warning][RelayProbe.Read] window=[34693,34813] src=Prediction hit=28 miss=92 verifyFail=0 rung0=0 total=120
LogOGRelayProbe: Warning: [Warning][RelayProbe.Read] window=[34693,34813] src=Resim hit=365 miss=84 verifyFail=0 rung0=0 total=449
LogOGRelayProbe: Warning: [Warning][RelayProbe.Miss] window=[34693,34813] src=Prediction inSpan=0 aboveNewest=92 belowOldest=0 noProbeTick=0 miss=92
LogOGRelayProbe: Warning: [Warning][RelayProbe.Miss] window=[34693,34813] src=Resim inSpan=7 aboveNewest=77 belowOldest=0 noProbeTick=0 miss=84
LogOGRelayProbe: Warning: [Warning][RelayProbe.Delta] window=[34693,34813] src=Prediction n=120 p10=0 p50=2 p90=3 min=-3 max=5 satLow=0 satHigh=0
LogOGRelayProbe: Warning: [Warning][RelayProbe.Delta] window=[34693,34813] src=Resim n=449 p10=-5 p50=-2 p90=1 min=-8 max=4 satLow=0 satHigh=0
LogOGRelayProbe: Warning: [Warning][RelayProbe.Stale] window=[34693,34813] maxConsecutiveFallbackRun=10 id=28409
LogOGResimProbe: Warning: [Warning][ResimProbe.Gate] checks=120 declined=58 requested=62 requestedPerMille=517 deepSkips=0 survivingAnchors=0
LogOGResimProbe: Warning: [Warning][ResimProbe.Chaos] requests=61 grants=60 refused=1 refusedPerMille=16 repeat=1 clamped=0 depthMin=5 depthMax=9
LogOGResimProbe: Warning: [Warning][ResimProbe.Apply] prepares=60 finishes=60 abandoned=0 stuck=0 replayTicks=464 replayOverruns=0 freshProtects=37 staleProtects=0
LogOGRelayProbe: Warning: [Warning][RelayProbe.Arrival] samples=120 gapCaptureTicks p50=2 p99=5 max=5 noAdvance=0 saturated=0 lostCaptureTicksX1000=8 lost=2 delivered=231 expected=233 discont=0 discontMax=0
LogOGResimProbe: Warning: [Warning][ResimProbe.Frame] role=Client simTicks=120 frames=202 meanTicksPerFrameX100=59 p50=1 p99=1 max=1 meanFrameUs=10000
LogOGResimProbe: Warning: [Warning][ResimProbe.Frame] role=Client cadence dFrame1=38 dFrame0=0 dFrameGt1=82 discont=0 numSteps total=120 max=1 gt1=0
LogOGResimProbe: Warning: [Warning][ResimProbe.Landing] class=LocallyPredicted behind=61 atFrontier=0 discarded=0 atFrontierPerMille=0 windowSamples=120
LogOGResimProbe: Warning: [Warning][ResimProbe.Landing] class=RemoteProxy behind=59 atFrontier=0 discarded=0 atFrontierPerMille=0 windowSamples=120
LogOGDivergenceProbe: Warning: [Warning][DivergenceProbe.Window] class=LocallyPredicted corrections=60 disagreed=60 ratePerMille=1000 windowSamples=120
LogOGDivergenceProbe: Warning: [Warning][DivergenceProbe.Window] class=RemoteProxy corrections=60 disagreed=60 ratePerMille=1000 windowSamples=120
LogOGRelayProbe: Warning: [Warning][RelayProbe.Read] window=[34813,34933] src=Prediction hit=53 miss=67 verifyFail=0 rung0=0 total=120
LogOGRelayProbe: Warning: [Warning][RelayProbe.Read] window=[34813,34933] src=Resim hit=367 miss=53 verifyFail=0 rung0=0 total=420
LogOGRelayProbe: Warning: [Warning][RelayProbe.Miss] window=[34813,34933] src=Prediction inSpan=0 aboveNewest=67 belowOldest=0 noProbeTick=0 miss=67
LogOGRelayProbe: Warning: [Warning][RelayProbe.Miss] window=[34813,34933] src=Resim inSpan=8 aboveNewest=45 belowOldest=0 noProbeTick=0 miss=53
LogOGRelayProbe: Warning: [Warning][RelayProbe.Delta] window=[34813,34933] src=Prediction n=120 p10=-1 p50=1 p90=2 min=-2 max=5 satLow=0 satHigh=0
LogOGRelayProbe: Warning: [Warning][RelayProbe.Delta] window=[34813,34933] src=Resim n=420 p10=-6 p50=-3 p90=1 min=-8 max=5 satLow=0 satHigh=0
LogOGRelayProbe: Warning: [Warning][RelayProbe.Stale] window=[34813,34933] maxConsecutiveFallbackRun=13 id=28409
LogOGResimProbe: Warning: [Warning][ResimProbe.Gate] checks=120 declined=58 requested=62 requestedPerMille=517 deepSkips=0 survivingAnchors=0
LogOGResimProbe: Warning: [Warning][ResimProbe.Chaos] requests=63 grants=60 refused=3 refusedPerMille=48 repeat=3 clamped=0 depthMin=5 depthMax=8
LogOGResimProbe: Warning: [Warning][ResimProbe.Apply] prepares=60 finishes=60 abandoned=0 stuck=0 replayTicks=445 replayOverruns=0 freshProtects=38 staleProtects=0
LogOGResimProbe: Warning: [Warning][ResimProbe.Frame] role=Client simTicks=120 frames=200 meanTicksPerFrameX100=60 p50=1 p99=1 max=1 meanFrameUs=9999
LogOGResimProbe: Warning: [Warning][ResimProbe.Frame] role=Client cadence dFrame1=40 dFrame0=0 dFrameGt1=80 discont=0 numSteps total=120 max=1 gt1=0
LogOGResimProbe: Warning: [Warning][ResimProbe.Landing] class=LocallyPredicted behind=61 atFrontier=0 discarded=0 atFrontierPerMille=0 windowSamples=120
LogOGResimProbe: Warning: [Warning][ResimProbe.Landing] class=RemoteProxy behind=59 atFrontier=0 discarded=0 atFrontierPerMille=0 windowSamples=120
LogOGDivergenceProbe: Warning: [Warning][DivergenceProbe.Window] class=LocallyPredicted corrections=62 disagreed=62 ratePerMille=1000 windowSamples=120
LogOGDivergenceProbe: Warning: [Warning][DivergenceProbe.Window] class=RemoteProxy corrections=58 disagreed=58 ratePerMille=1000 windowSamples=120
LogOGRelayProbe: Warning: [Warning][RelayProbe.Read] window=[34933,35053] src=Prediction hit=37 miss=83 verifyFail=0 rung0=0 total=120
LogOGRelayProbe: Warning: [Warning][RelayProbe.Read] window=[34933,35053] src=Resim hit=410 miss=66 verifyFail=0 rung0=0 total=476
LogOGRelayProbe: Warning: [Warning][RelayProbe.Miss] window=[34933,35053] src=Prediction inSpan=0 aboveNewest=83 belowOldest=0 noProbeTick=0 miss=83
LogOGRelayProbe: Warning: [Warning][RelayProbe.Miss] window=[34933,35053] src=Resim inSpan=6 aboveNewest=60 belowOldest=0 noProbeTick=0 miss=66
LogOGRelayProbe: Warning: [Warning][RelayProbe.Delta] window=[34933,35053] src=Prediction n=120 p10=0 p50=1 p90=3 min=-2 max=5 satLow=0 satHigh=0
LogOGRelayProbe: Warning: [Warning][RelayProbe.Delta] window=[34933,35053] src=Resim n=476 p10=-6 p50=-2 p90=1 min=-8 max=4 satLow=0 satHigh=0
LogOGRelayProbe: Warning: [Warning][RelayProbe.Stale] window=[34933,35053] maxConsecutiveFallbackRun=10 id=28409
LogOGResimProbe: Warning: [Warning][ResimProbe.Gate] checks=120 declined=57 requested=63 requestedPerMille=525 deepSkips=0 survivingAnchors=0
LogOGResimProbe: Warning: [Warning][ResimProbe.Chaos] requests=62 grants=62 refused=0 refusedPerMille=0 repeat=0 clamped=0 depthMin=5 depthMax=8
LogOGResimProbe: Warning: [Warning][ResimProbe.Apply] prepares=62 finishes=62 abandoned=0 stuck=0 replayTicks=484 replayOverruns=0 freshProtects=38 staleProtects=0
LogOGRelayProbe: Warning: [Warning][RelayProbe.Arrival] samples=120 gapCaptureTicks p50=2 p99=5 max=5 noAdvance=0 saturated=0 lostCaptureTicksX1000=30 lost=7 delivered=220 expected=227 discont=0 discontMax=0
LogOGResimProbe: Warning: [Warning][ResimProbe.Frame] role=Client simTicks=120 frames=199 meanTicksPerFrameX100=60 p50=1 p99=1 max=1 meanFrameUs=10000
LogOGResimProbe: Warning: [Warning][ResimProbe.Frame] role=Client cadence dFrame1=41 dFrame0=0 dFrameGt1=79 discont=0 numSteps total=120 max=1 gt1=0
LogOGResimProbe: Warning: [Warning][ResimProbe.Landing] class=LocallyPredicted behind=61 atFrontier=0 discarded=0 atFrontierPerMille=0 windowSamples=120
LogOGResimProbe: Warning: [Warning][ResimProbe.Landing] class=RemoteProxy behind=59 atFrontier=0 discarded=0 atFrontierPerMille=0 windowSamples=120
LogOGDivergenceProbe: Warning: [Warning][DivergenceProbe.Window] class=LocallyPredicted corrections=60 disagreed=60 ratePerMille=1000 windowSamples=120
LogOGDivergenceProbe: Warning: [Warning][DivergenceProbe.Window] class=RemoteProxy corrections=60 disagreed=60 ratePerMille=1000 windowSamples=120
LogOGRelayProbe: Warning: [Warning][RelayProbe.Read] window=[35053,35173] src=Prediction hit=24 miss=96 verifyFail=0 rung0=0 total=120
LogOGRelayProbe: Warning: [Warning][RelayProbe.Read] window=[35053,35173] src=Resim hit=390 miss=70 verifyFail=0 rung0=0 total=460
LogOGRelayProbe: Warning: [Warning][RelayProbe.Miss] window=[35053,35173] src=Prediction inSpan=0 aboveNewest=96 belowOldest=0 noProbeTick=0 miss=96
LogOGRelayProbe: Warning: [Warning][RelayProbe.Miss] window=[35053,35173] src=Resim inSpan=0 aboveNewest=70 belowOldest=0 noProbeTick=0 miss=70
LogOGRelayProbe: Warning: [Warning][RelayProbe.Delta] window=[35053,35173] src=Prediction n=120 p10=0 p50=2 p90=3 min=-1 max=4 satLow=0 satHigh=0
LogOGRelayProbe: Warning: [Warning][RelayProbe.Delta] window=[35053,35173] src=Resim n=460 p10=-5 p50=-2 p90=1 min=-8 max=4 satLow=0 satHigh=0
LogOGRelayProbe: Warning: [Warning][RelayProbe.Stale] window=[35053,35173] maxConsecutiveFallbackRun=13 id=28409
LogOGResimProbe: Warning: [Warning][ResimProbe.Gate] checks=120 declined=60 requested=60 requestedPerMille=500 deepSkips=0 survivingAnchors=0
LogOGResimProbe: Warning: [Warning][ResimProbe.Chaos] requests=60 grants=60 refused=0 refusedPerMille=0 repeat=0 clamped=0 depthMin=5 depthMax=8
LogOGResimProbe: Warning: [Warning][ResimProbe.Apply] prepares=60 finishes=60 abandoned=0 stuck=0 replayTicks=465 replayOverruns=0 freshProtects=36 staleProtects=0
LogOGResimProbe: Warning: [Warning][ResimProbe.Frame] role=Client simTicks=120 frames=199 meanTicksPerFrameX100=60 p50=1 p99=1 max=1 meanFrameUs=9999
LogOGResimProbe: Warning: [Warning][ResimProbe.Frame] role=Client cadence dFrame1=41 dFrame0=0 dFrameGt1=79 discont=0 numSteps total=120 max=1 gt1=0
LogOGResimProbe: Warning: [Warning][ResimProbe.Landing] class=LocallyPredicted behind=60 atFrontier=0 discarded=0 atFrontierPerMille=0 windowSamples=120
LogOGResimProbe: Warning: [Warning][ResimProbe.Landing] class=RemoteProxy behind=60 atFrontier=0 discarded=0 atFrontierPerMille=0 windowSamples=120
LogOGDivergenceProbe: Warning: [Warning][DivergenceProbe.Window] class=LocallyPredicted corrections=61 disagreed=61 ratePerMille=1000 windowSamples=120
LogOGDivergenceProbe: Warning: [Warning][DivergenceProbe.Window] class=RemoteProxy corrections=59 disagreed=59 ratePerMille=1000 windowSamples=120
LogOGRelayProbe: Warning: [Warning][RelayProbe.Read] window=[35173,35293] src=Prediction hit=42 miss=78 verifyFail=0 rung0=0 total=120
LogOGRelayProbe: Warning: [Warning][RelayProbe.Read] window=[35173,35293] src=Resim hit=397 miss=53 verifyFail=0 rung0=0 total=450
LogOGRelayProbe: Warning: [Warning][RelayProbe.Miss] window=[35173,35293] src=Prediction inSpan=0 aboveNewest=78 belowOldest=0 noProbeTick=0 miss=78
LogOGRelayProbe: Warning: [Warning][RelayProbe.Miss] window=[35173,35293] src=Resim inSpan=7 aboveNewest=46 belowOldest=0 noProbeTick=0 miss=53
LogOGRelayProbe: Warning: [Warning][RelayProbe.Delta] window=[35173,35293] src=Prediction n=120 p10=-1 p50=1 p90=3 min=-2 max=5 satLow=0 satHigh=0
LogOGRelayProbe: Warning: [Warning][RelayProbe.Delta] window=[35173,35293] src=Resim n=450 p10=-6 p50=-3 p90=1 min=-8 max=3 satLow=0 satHigh=0
LogOGRelayProbe: Warning: [Warning][RelayProbe.Stale] window=[35173,35293] maxConsecutiveFallbackRun=9 id=28409
LogOGRelayProbe: Warning: [Warning][RelayProbe.Arrival] samples=120 gapCaptureTicks p50=2 p99=5 max=5 noAdvance=0 saturated=0 lostCaptureTicksX1000=13 lost=3 delivered=216 expected=219 discont=0 discontMax=0
LogOGResimProbe: Warning: [Warning][ResimProbe.Gate] checks=120 declined=58 requested=62 requestedPerMille=517 deepSkips=0 survivingAnchors=0
LogOGResimProbe: Warning: [Warning][ResimProbe.Chaos] requests=62 grants=62 refused=0 refusedPerMille=0 repeat=0 clamped=0 depthMin=6 depthMax=8
LogOGResimProbe: Warning: [Warning][ResimProbe.Apply] prepares=62 finishes=62 abandoned=0 stuck=0 replayTicks=486 replayOverruns=0 freshProtects=42 staleProtects=0
LogOGResimProbe: Warning: [Warning][ResimProbe.Frame] role=Client simTicks=120 frames=202 meanTicksPerFrameX100=59 p50=1 p99=1 max=1 meanFrameUs=10000
LogOGResimProbe: Warning: [Warning][ResimProbe.Frame] role=Client cadence dFrame1=38 dFrame0=0 dFrameGt1=82 discont=0 numSteps total=120 max=1 gt1=0
LogOGResimProbe: Warning: [Warning][ResimProbe.Landing] class=LocallyPredicted behind=60 atFrontier=0 discarded=0 atFrontierPerMille=0 windowSamples=120
LogOGResimProbe: Warning: [Warning][ResimProbe.Landing] class=RemoteProxy behind=60 atFrontier=0 discarded=0 atFrontierPerMille=0 windowSamples=120
LogOGDivergenceProbe: Warning: [Warning][DivergenceProbe.Window] class=LocallyPredicted corrections=59 disagreed=59 ratePerMille=1000 windowSamples=120
LogOGDivergenceProbe: Warning: [Warning][DivergenceProbe.Window] class=RemoteProxy corrections=61 disagreed=61 ratePerMille=1000 windowSamples=120
LogOGRelayProbe: Warning: [Warning][RelayProbe.Read] window=[35293,35413] src=Prediction hit=61 miss=59 verifyFail=0 rung0=0 total=120
LogOGRelayProbe: Warning: [Warning][RelayProbe.Read] window=[35293,35413] src=Resim hit=394 miss=25 verifyFail=0 rung0=0 total=419
LogOGRelayProbe: Warning: [Warning][RelayProbe.Miss] window=[35293,35413] src=Prediction inSpan=0 aboveNewest=59 belowOldest=0 noProbeTick=0 miss=59
LogOGRelayProbe: Warning: [Warning][RelayProbe.Miss] window=[35293,35413] src=Resim inSpan=0 aboveNewest=25 belowOldest=0 noProbeTick=0 miss=25
LogOGRelayProbe: Warning: [Warning][RelayProbe.Delta] window=[35293,35413] src=Prediction n=120 p10=-1 p50=0 p90=2 min=-2 max=4 satLow=0 satHigh=0
LogOGRelayProbe: Warning: [Warning][RelayProbe.Delta] window=[35293,35413] src=Resim n=419 p10=-6 p50=-3 p90=0 min=-8 max=3 satLow=0 satHigh=0
LogOGRelayProbe: Warning: [Warning][RelayProbe.Stale] window=[35293,35413] maxConsecutiveFallbackRun=6 id=28409
LogOGResimProbe: Warning: [Warning][ResimProbe.Gate] checks=120 declined=59 requested=61 requestedPerMille=508 deepSkips=0 survivingAnchors=0
LogOGResimProbe: Warning: [Warning][ResimProbe.Chaos] requests=62 grants=62 refused=0 refusedPerMille=0 repeat=0 clamped=0 depthMin=5 depthMax=8
LogOGResimProbe: Warning: [Warning][ResimProbe.Apply] prepares=62 finishes=62 abandoned=0 stuck=0 replayTicks=435 replayOverruns=0 freshProtects=38 staleProtects=0
LogOGResimProbe: Warning: [Warning][ResimProbe.Frame] role=Client simTicks=120 frames=200 meanTicksPerFrameX100=60 p50=1 p99=1 max=1 meanFrameUs=10000
LogOGResimProbe: Warning: [Warning][ResimProbe.Frame] role=Client cadence dFrame1=40 dFrame0=0 dFrameGt1=80 discont=0 numSteps total=120 max=1 gt1=0
LogOGRelayProbe: Warning: [Warning][RelayProbe.Arrival] samples=120 gapCaptureTicks p50=2 p99=4 max=4 noAdvance=0 saturated=0 lostCaptureTicksX1000=0 lost=0 delivered=219 expected=219 discont=0 discontMax=0
LogOGResimProbe: Warning: [Warning][ResimProbe.Landing] class=LocallyPredicted behind=60 atFrontier=0 discarded=0 atFrontierPerMille=0 windowSamples=120
LogOGResimProbe: Warning: [Warning][ResimProbe.Landing] class=RemoteProxy behind=60 atFrontier=0 discarded=0 atFrontierPerMille=0 windowSamples=120
LogOGDivergenceProbe: Warning: [Warning][DivergenceProbe.Window] class=LocallyPredicted corrections=60 disagreed=60 ratePerMille=1000 windowSamples=120
LogOGDivergenceProbe: Warning: [Warning][DivergenceProbe.Window] class=RemoteProxy corrections=60 disagreed=60 ratePerMille=1000 windowSamples=120
LogOGRelayProbe: Warning: [Warning][RelayProbe.Read] window=[35413,35533] src=Prediction hit=55 miss=65 verifyFail=0 rung0=0 total=120
LogOGRelayProbe: Warning: [Warning][RelayProbe.Read] window=[35413,35533] src=Resim hit=380 miss=37 verifyFail=0 rung0=0 total=417
LogOGRelayProbe: Warning: [Warning][RelayProbe.Miss] window=[35413,35533] src=Prediction inSpan=0 aboveNewest=65 belowOldest=0 noProbeTick=0 miss=65
LogOGRelayProbe: Warning: [Warning][RelayProbe.Miss] window=[35413,35533] src=Resim inSpan=0 aboveNewest=37 belowOldest=0 noProbeTick=0 miss=37
LogOGRelayProbe: Warning: [Warning][RelayProbe.Delta] window=[35413,35533] src=Prediction n=120 p10=-1 p50=1 p90=3 min=-2 max=5 satLow=0 satHigh=0
LogOGRelayProbe: Warning: [Warning][RelayProbe.Delta] window=[35413,35533] src=Resim n=417 p10=-5 p50=-3 p90=0 min=-8 max=3 satLow=0 satHigh=0
LogOGRelayProbe: Warning: [Warning][RelayProbe.Stale] window=[35413,35533] maxConsecutiveFallbackRun=13 id=28409
LogOGResimProbe: Warning: [Warning][ResimProbe.Gate] checks=120 declined=54 requested=66 requestedPerMille=550 deepSkips=0 survivingAnchors=0
LogOGResimProbe: Warning: [Warning][ResimProbe.Chaos] requests=65 grants=65 refused=0 refusedPerMille=0 repeat=0 clamped=0 depthMin=4 depthMax=8
LogOGResimProbe: Warning: [Warning][ResimProbe.Apply] prepares=65 finishes=65 abandoned=0 stuck=0 replayTicks=443 replayOverruns=0 freshProtects=34 staleProtects=0
LogOGResimProbe: Warning: [Warning][ResimProbe.Frame] role=Client simTicks=120 frames=199 meanTicksPerFrameX100=60 p50=1 p99=1 max=1 meanFrameUs=9999
LogOGResimProbe: Warning: [Warning][ResimProbe.Frame] role=Client cadence dFrame1=41 dFrame0=0 dFrameGt1=79 discont=0 numSteps total=120 max=1 gt1=0
LogOGResimProbe: Warning: [Warning][ResimProbe.Landing] class=LocallyPredicted behind=62 atFrontier=0 discarded=0 atFrontierPerMille=0 windowSamples=120
LogOGResimProbe: Warning: [Warning][ResimProbe.Landing] class=RemoteProxy behind=58 atFrontier=0 discarded=0 atFrontierPerMille=0 windowSamples=120
LogOGDivergenceProbe: Warning: [Warning][DivergenceProbe.Window] class=LocallyPredicted corrections=62 disagreed=62 ratePerMille=1000 windowSamples=120
LogOGDivergenceProbe: Warning: [Warning][DivergenceProbe.Window] class=RemoteProxy corrections=58 disagreed=58 ratePerMille=1000 windowSamples=120
LogOGRelayProbe: Warning: [Warning][RelayProbe.Read] window=[35533,35653] src=Prediction hit=43 miss=77 verifyFail=0 rung0=0 total=120
LogOGRelayProbe: Warning: [Warning][RelayProbe.Read] window=[35533,35653] src=Resim hit=388 miss=86 verifyFail=0 rung0=0 total=474
LogOGRelayProbe: Warning: [Warning][RelayProbe.Miss] window=[35533,35653] src=Prediction inSpan=2 aboveNewest=75 belowOldest=0 noProbeTick=0 miss=77
LogOGRelayProbe: Warning: [Warning][RelayProbe.Miss] window=[35533,35653] src=Resim inSpan=26 aboveNewest=60 belowOldest=0 noProbeTick=0 miss=86
LogOGRelayProbe: Warning: [Warning][RelayProbe.Delta] window=[35533,35653] src=Prediction n=120 p10=-1 p50=1 p90=3 min=-3 max=5 satLow=0 satHigh=0
LogOGRelayProbe: Warning: [Warning][RelayProbe.Delta] window=[35533,35653] src=Resim n=474 p10=-6 p50=-2 p90=1 min=-8 max=3 satLow=0 satHigh=0
LogOGRelayProbe: Warning: [Warning][RelayProbe.Stale] window=[35533,35653] maxConsecutiveFallbackRun=9 id=28409
LogOGResimProbe: Warning: [Warning][ResimProbe.Gate] checks=120 declined=55 requested=65 requestedPerMille=542 deepSkips=0 survivingAnchors=0
LogOGResimProbe: Warning: [Warning][ResimProbe.Chaos] requests=65 grants=65 refused=0 refusedPerMille=0 repeat=0 clamped=0 depthMin=5 depthMax=8
LogOGResimProbe: Warning: [Warning][ResimProbe.Apply] prepares=65 finishes=65 abandoned=0 stuck=0 replayTicks=484 replayOverruns=0 freshProtects=33 staleProtects=0
LogOGResimProbe: Warning: [Warning][ResimProbe.Frame] role=Client simTicks=120 frames=201 meanTicksPerFrameX100=59 p50=1 p99=1 max=1 meanFrameUs=10000
LogOGResimProbe: Warning: [Warning][ResimProbe.Frame] role=Client cadence dFrame1=39 dFrame0=0 dFrameGt1=81 discont=0 numSteps total=120 max=1 gt1=0
LogOGRelayProbe: Warning: [Warning][RelayProbe.Arrival] samples=120 gapCaptureTicks p50=2 p99=5 max=6 noAdvance=0 saturated=0 lostCaptureTicksX1000=46 lost=11 delivered=224 expected=235 discont=0 discontMax=0
LogOGResimProbe: Warning: [Warning][ResimProbe.Landing] class=LocallyPredicted behind=60 atFrontier=0 discarded=0 atFrontierPerMille=0 windowSamples=120
LogOGResimProbe: Warning: [Warning][ResimProbe.Landing] class=RemoteProxy behind=60 atFrontier=0 discarded=0 atFrontierPerMille=0 windowSamples=120
LogOGDivergenceProbe: Warning: [Warning][DivergenceProbe.Window] class=LocallyPredicted corrections=61 disagreed=61 ratePerMille=1000 windowSamples=120
LogOGDivergenceProbe: Warning: [Warning][DivergenceProbe.Window] class=RemoteProxy corrections=59 disagreed=59 ratePerMille=1000 windowSamples=120
LogOGRelayProbe: Warning: [Warning][RelayProbe.Read] window=[35653,35773] src=Prediction hit=52 miss=68 verifyFail=0 rung0=0 total=120
LogOGRelayProbe: Warning: [Warning][RelayProbe.Read] window=[35653,35773] src=Resim hit=369 miss=48 verifyFail=0 rung0=0 total=417
LogOGRelayProbe: Warning: [Warning][RelayProbe.Miss] window=[35653,35773] src=Prediction inSpan=0 aboveNewest=68 belowOldest=0 noProbeTick=0 miss=68
LogOGRelayProbe: Warning: [Warning][RelayProbe.Miss] window=[35653,35773] src=Resim inSpan=2 aboveNewest=46 belowOldest=0 noProbeTick=0 miss=48
LogOGRelayProbe: Warning: [Warning][RelayProbe.Delta] window=[35653,35773] src=Prediction n=120 p10=-1 p50=1 p90=3 min=-3 max=5 satLow=0 satHigh=0
LogOGRelayProbe: Warning: [Warning][RelayProbe.Delta] window=[35653,35773] src=Resim n=417 p10=-6 p50=-3 p90=1 min=-8 max=4 satLow=0 satHigh=0
LogOGRelayProbe: Warning: [Warning][RelayProbe.Stale] window=[35653,35773] maxConsecutiveFallbackRun=11 id=28409
LogOGResimProbe: Warning: [Warning][ResimProbe.Gate] checks=120 declined=59 requested=61 requestedPerMille=508 deepSkips=0 survivingAnchors=0
LogOGResimProbe: Warning: [Warning][ResimProbe.Chaos] requests=62 grants=62 refused=0 refusedPerMille=0 repeat=0 clamped=0 depthMin=4 depthMax=8
LogOGResimProbe: Warning: [Warning][ResimProbe.Apply] prepares=62 finishes=62 abandoned=0 stuck=0 replayTicks=440 replayOverruns=0 freshProtects=37 staleProtects=0
LogOGResimProbe: Warning: [Warning][ResimProbe.Frame] role=Client simTicks=120 frames=199 meanTicksPerFrameX100=60 p50=1 p99=1 max=1 meanFrameUs=10000
LogOGResimProbe: Warning: [Warning][ResimProbe.Frame] role=Client cadence dFrame1=41 dFrame0=0 dFrameGt1=79 discont=0 numSteps total=120 max=1 gt1=0
LogOGResimProbe: Warning: [Warning][ResimProbe.Landing] class=LocallyPredicted behind=60 atFrontier=0 discarded=0 atFrontierPerMille=0 windowSamples=120
LogOGResimProbe: Warning: [Warning][ResimProbe.Landing] class=RemoteProxy behind=60 atFrontier=0 discarded=0 atFrontierPerMille=0 windowSamples=120
LogOGDivergenceProbe: Warning: [Warning][DivergenceProbe.Window] class=LocallyPredicted corrections=60 disagreed=60 ratePerMille=1000 windowSamples=120
LogOGDivergenceProbe: Warning: [Warning][DivergenceProbe.Window] class=RemoteProxy corrections=60 disagreed=60 ratePerMille=1000 windowSamples=120
LogOGRelayProbe: Warning: [Warning][RelayProbe.Read] window=[35773,35893] src=Prediction hit=37 miss=83 verifyFail=0 rung0=0 total=120
LogOGRelayProbe: Warning: [Warning][RelayProbe.Read] window=[35773,35893] src=Resim hit=424 miss=66 verifyFail=0 rung0=0 total=490
LogOGRelayProbe: Warning: [Warning][RelayProbe.Miss] window=[35773,35893] src=Prediction inSpan=1 aboveNewest=82 belowOldest=0 noProbeTick=0 miss=83
LogOGRelayProbe: Warning: [Warning][RelayProbe.Miss] window=[35773,35893] src=Resim inSpan=7 aboveNewest=59 belowOldest=0 noProbeTick=0 miss=66
LogOGRelayProbe: Warning: [Warning][RelayProbe.Delta] window=[35773,35893] src=Prediction n=120 p10=-1 p50=1 p90=2 min=-1 max=4 satLow=0 satHigh=0
LogOGRelayProbe: Warning: [Warning][RelayProbe.Delta] window=[35773,35893] src=Resim n=490 p10=-6 p50=-2 p90=1 min=-8 max=3 satLow=0 satHigh=0
LogOGRelayProbe: Warning: [Warning][RelayProbe.Stale] window=[35773,35893] maxConsecutiveFallbackRun=12 id=28409
LogOGResimProbe: Warning: [Warning][ResimProbe.Gate] checks=120 declined=53 requested=67 requestedPerMille=558 deepSkips=0 survivingAnchors=0
LogOGResimProbe: Warning: [Warning][ResimProbe.Chaos] requests=67 grants=67 refused=0 refusedPerMille=0 repeat=0 clamped=0 depthMin=5 depthMax=9
LogOGResimProbe: Warning: [Warning][ResimProbe.Apply] prepares=67 finishes=67 abandoned=0 stuck=0 replayTicks=499 replayOverruns=0 freshProtects=37 staleProtects=0
LogOGResimProbe: Warning: [Warning][ResimProbe.Frame] role=Client simTicks=120 frames=200 meanTicksPerFrameX100=60 p50=1 p99=1 max=1 meanFrameUs=9999
LogOGResimProbe: Warning: [Warning][ResimProbe.Frame] role=Client cadence dFrame1=40 dFrame0=0 dFrameGt1=80 discont=0 numSteps total=120 max=1 gt1=0
LogOGRelayProbe: Warning: [Warning][RelayProbe.Arrival] samples=120 gapCaptureTicks p50=2 p99=4 max=4 noAdvance=0 saturated=0 lostCaptureTicksX1000=14 lost=3 delivered=209 expected=212 discont=0 discontMax=0
LogOGResimProbe: Warning: [Warning][ResimProbe.Landing] class=LocallyPredicted behind=60 atFrontier=0 discarded=0 atFrontierPerMille=0 windowSamples=120
LogOGResimProbe: Warning: [Warning][ResimProbe.Landing] class=RemoteProxy behind=60 atFrontier=0 discarded=0 atFrontierPerMille=0 windowSamples=120
LogOGRelayProbe: Warning: [Warning][RelayProbe.Read] window=[35893,36013] src=Prediction hit=50 miss=70 verifyFail=0 rung0=0 total=120
LogOGRelayProbe: Warning: [Warning][RelayProbe.Read] window=[35893,36013] src=Resim hit=386 miss=47 verifyFail=0 rung0=0 total=433
LogOGRelayProbe: Warning: [Warning][RelayProbe.Miss] window=[35893,36013] src=Prediction inSpan=1 aboveNewest=69 belowOldest=0 noProbeTick=0 miss=70
LogOGRelayProbe: Warning: [Warning][RelayProbe.Miss] window=[35893,36013] src=Resim inSpan=7 aboveNewest=40 belowOldest=0 noProbeTick=0 miss=47
LogOGRelayProbe: Warning: [Warning][RelayProbe.Delta] window=[35893,36013] src=Prediction n=120 p10=-1 p50=1 p90=2 min=-3 max=3 satLow=0 satHigh=0
LogOGRelayProbe: Warning: [Warning][RelayProbe.Delta] window=[35893,36013] src=Resim n=433 p10=-5 p50=-3 p90=0 min=-9 max=3 satLow=0 satHigh=0
LogOGRelayProbe: Warning: [Warning][RelayProbe.Stale] window=[35893,36013] maxConsecutiveFallbackRun=12 id=28409
LogOGDivergenceProbe: Warning: [Warning][DivergenceProbe.Window] class=LocallyPredicted corrections=59 disagreed=59 ratePerMille=1000 windowSamples=120
LogOGDivergenceProbe: Warning: [Warning][DivergenceProbe.Window] class=RemoteProxy corrections=61 disagreed=61 ratePerMille=1000 windowSamples=120
LogOGResimProbe: Warning: [Warning][ResimProbe.Gate] checks=120 declined=57 requested=63 requestedPerMille=525 deepSkips=0 survivingAnchors=0
LogOGResimProbe: Warning: [Warning][ResimProbe.Chaos] requests=62 grants=62 refused=0 refusedPerMille=0 repeat=0 clamped=0 depthMin=4 depthMax=8
LogOGResimProbe: Warning: [Warning][ResimProbe.Apply] prepares=62 finishes=62 abandoned=0 stuck=0 replayTicks=442 replayOverruns=0 freshProtects=38 staleProtects=1
LogOGResimProbe: Warning: [Warning][ResimProbe.Frame] role=Client simTicks=120 frames=199 meanTicksPerFrameX100=60 p50=1 p99=1 max=1 meanFrameUs=10000
LogOGResimProbe: Warning: [Warning][ResimProbe.Frame] role=Client cadence dFrame1=41 dFrame0=0 dFrameGt1=79 discont=0 numSteps total=120 max=1 gt1=0
LogOGRelayProbe: Warning: [Warning][RelayProbe.Read] window=[36013,36133] src=Prediction hit=34 miss=86 verifyFail=0 rung0=0 total=120
LogOGRelayProbe: Warning: [Warning][RelayProbe.Read] window=[36013,36133] src=Resim hit=409 miss=69 verifyFail=0 rung0=0 total=478
LogOGRelayProbe: Warning: [Warning][RelayProbe.Miss] window=[36013,36133] src=Prediction inSpan=0 aboveNewest=86 belowOldest=0 noProbeTick=0 miss=86
LogOGRelayProbe: Warning: [Warning][RelayProbe.Miss] window=[36013,36133] src=Resim inSpan=1 aboveNewest=68 belowOldest=0 noProbeTick=0 miss=69
LogOGRelayProbe: Warning: [Warning][RelayProbe.Delta] window=[36013,36133] src=Prediction n=120 p10=0 p50=1 p90=3 min=-2 max=5 satLow=0 satHigh=0
LogOGRelayProbe: Warning: [Warning][RelayProbe.Delta] window=[36013,36133] src=Resim n=478 p10=-5 p50=-2 p90=1 min=-7 max=4 satLow=0 satHigh=0
LogOGRelayProbe: Warning: [Warning][RelayProbe.Stale] window=[36013,36133] maxConsecutiveFallbackRun=15 id=28409
LogOGResimProbe: Warning: [Warning][ResimProbe.Landing] class=LocallyPredicted behind=60 atFrontier=0 discarded=0 atFrontierPerMille=0 windowSamples=120
LogOGResimProbe: Warning: [Warning][ResimProbe.Landing] class=RemoteProxy behind=60 atFrontier=0 discarded=0 atFrontierPerMille=0 windowSamples=120
LogOGDivergenceProbe: Warning: [Warning][DivergenceProbe.Window] class=LocallyPredicted corrections=61 disagreed=61 ratePerMille=1000 windowSamples=120
LogOGDivergenceProbe: Warning: [Warning][DivergenceProbe.Window] class=RemoteProxy corrections=59 disagreed=59 ratePerMille=1000 windowSamples=120
LogOGResimProbe: Warning: [Warning][ResimProbe.Gate] checks=120 declined=55 requested=65 requestedPerMille=542 deepSkips=0 survivingAnchors=0
LogOGResimProbe: Warning: [Warning][ResimProbe.Chaos] requests=66 grants=66 refused=0 refusedPerMille=0 repeat=0 clamped=0 depthMin=5 depthMax=8
LogOGResimProbe: Warning: [Warning][ResimProbe.Apply] prepares=66 finishes=66 abandoned=0 stuck=0 replayTicks=504 replayOverruns=0 freshProtects=38 staleProtects=0
LogOGResimProbe: Warning: [Warning][ResimProbe.Frame] role=Client simTicks=120 frames=201 meanTicksPerFrameX100=59 p50=1 p99=1 max=1 meanFrameUs=10000
LogOGResimProbe: Warning: [Warning][ResimProbe.Frame] role=Client cadence dFrame1=39 dFrame0=0 dFrameGt1=81 discont=0 numSteps total=120 max=1 gt1=0
LogOGRelayProbe: Warning: [Warning][RelayProbe.Arrival] samples=120 gapCaptureTicks p50=2 p99=4 max=4 noAdvance=0 saturated=0 lostCaptureTicksX1000=8 lost=2 delivered=221 expected=223 discont=0 discontMax=0
LogOGRelayProbe: Warning: [Warning][RelayProbe.Read] window=[36133,36253] src=Prediction hit=40 miss=80 verifyFail=0 rung0=0 total=120
LogOGRelayProbe: Warning: [Warning][RelayProbe.Read] window=[36133,36253] src=Resim hit=401 miss=50 verifyFail=0 rung0=0 total=451
LogOGRelayProbe: Warning: [Warning][RelayProbe.Miss] window=[36133,36253] src=Prediction inSpan=0 aboveNewest=80 belowOldest=0 noProbeTick=0 miss=80
LogOGRelayProbe: Warning: [Warning][RelayProbe.Miss] window=[36133,36253] src=Resim inSpan=3 aboveNewest=47 belowOldest=0 noProbeTick=0 miss=50
LogOGRelayProbe: Warning: [Warning][RelayProbe.Delta] window=[36133,36253] src=Prediction n=120 p10=0 p50=1 p90=3 min=-2 max=4 satLow=0 satHigh=0
LogOGRelayProbe: Warning: [Warning][RelayProbe.Delta] window=[36133,36253] src=Resim n=451 p10=-6 p50=-3 p90=1 min=-8 max=4 satLow=0 satHigh=0
LogOGRelayProbe: Warning: [Warning][RelayProbe.Stale] window=[36133,36253] maxConsecutiveFallbackRun=9 id=28409
LogOGResimProbe: Warning: [Warning][ResimProbe.Landing] class=LocallyPredicted behind=59 atFrontier=0 discarded=0 atFrontierPerMille=0 windowSamples=120
LogOGResimProbe: Warning: [Warning][ResimProbe.Landing] class=RemoteProxy behind=61 atFrontier=0 discarded=0 atFrontierPerMille=0 windowSamples=120
LogOGDivergenceProbe: Warning: [Warning][DivergenceProbe.Window] class=LocallyPredicted corrections=58 disagreed=58 ratePerMille=1000 windowSamples=120
LogOGDivergenceProbe: Warning: [Warning][DivergenceProbe.Window] class=RemoteProxy corrections=62 disagreed=62 ratePerMille=1000 windowSamples=120
LogOGResimProbe: Warning: [Warning][ResimProbe.Gate] checks=120 declined=56 requested=64 requestedPerMille=533 deepSkips=0 survivingAnchors=0
LogOGResimProbe: Warning: [Warning][ResimProbe.Chaos] requests=63 grants=63 refused=0 refusedPerMille=0 repeat=0 clamped=0 depthMin=5 depthMax=8
LogOGResimProbe: Warning: [Warning][ResimProbe.Apply] prepares=63 finishes=63 abandoned=0 stuck=0 replayTicks=468 replayOverruns=0 freshProtects=41 staleProtects=0
LogOGResimProbe: Warning: [Warning][ResimProbe.Frame] role=Client simTicks=120 frames=201 meanTicksPerFrameX100=59 p50=1 p99=1 max=1 meanFrameUs=9999
LogOGResimProbe: Warning: [Warning][ResimProbe.Frame] role=Client cadence dFrame1=39 dFrame0=0 dFrameGt1=81 discont=0 numSteps total=120 max=1 gt1=0
LogOGResimProbe: Warning: [Warning][ResimProbe.Landing] class=LocallyPredicted behind=60 atFrontier=0 discarded=0 atFrontierPerMille=0 windowSamples=120
LogOGResimProbe: Warning: [Warning][ResimProbe.Landing] class=RemoteProxy behind=60 atFrontier=0 discarded=0 atFrontierPerMille=0 windowSamples=120
LogOGRelayProbe: Warning: [Warning][RelayProbe.Read] window=[36253,36373] src=Prediction hit=52 miss=68 verifyFail=0 rung0=0 total=120
LogOGRelayProbe: Warning: [Warning][RelayProbe.Read] window=[36253,36373] src=Resim hit=451 miss=43 verifyFail=0 rung0=0 total=494
LogOGRelayProbe: Warning: [Warning][RelayProbe.Miss] window=[36253,36373] src=Prediction inSpan=0 aboveNewest=68 belowOldest=0 noProbeTick=0 miss=68
LogOGRelayProbe: Warning: [Warning][RelayProbe.Miss] window=[36253,36373] src=Resim inSpan=0 aboveNewest=43 belowOldest=0 noProbeTick=0 miss=43
LogOGRelayProbe: Warning: [Warning][RelayProbe.Delta] window=[36253,36373] src=Prediction n=120 p10=-1 p50=1 p90=2 min=-2 max=4 satLow=0 satHigh=0
LogOGRelayProbe: Warning: [Warning][RelayProbe.Delta] window=[36253,36373] src=Resim n=494 p10=-6 p50=-3 p90=0 min=-8 max=3 satLow=0 satHigh=0
LogOGRelayProbe: Warning: [Warning][RelayProbe.Stale] window=[36253,36373] maxConsecutiveFallbackRun=7 id=28409
LogOGDivergenceProbe: Warning: [Warning][DivergenceProbe.Window] class=LocallyPredicted corrections=60 disagreed=60 ratePerMille=1000 windowSamples=120
LogOGDivergenceProbe: Warning: [Warning][DivergenceProbe.Window] class=RemoteProxy corrections=60 disagreed=60 ratePerMille=1000 windowSamples=120
LogOGResimProbe: Warning: [Warning][ResimProbe.Gate] checks=120 declined=51 requested=69 requestedPerMille=575 deepSkips=0 survivingAnchors=0
LogOGResimProbe: Warning: [Warning][ResimProbe.Chaos] requests=69 grants=69 refused=0 refusedPerMille=0 repeat=0 clamped=0 depthMin=4 depthMax=8
LogOGResimProbe: Warning: [Warning][ResimProbe.Apply] prepares=69 finishes=69 abandoned=0 stuck=0 replayTicks=501 replayOverruns=0 freshProtects=34 staleProtects=0
LogOGRelayProbe: Warning: [Warning][RelayProbe.Arrival] samples=120 gapCaptureTicks p50=2 p99=3 max=4 noAdvance=0 saturated=0 lostCaptureTicksX1000=14 lost=3 delivered=209 expected=212 discont=0 discontMax=0
LogOGResimProbe: Warning: [Warning][ResimProbe.Frame] role=Client simTicks=120 frames=199 meanTicksPerFrameX100=60 p50=1 p99=1 max=1 meanFrameUs=10002
LogOGResimProbe: Warning: [Warning][ResimProbe.Frame] role=Client cadence dFrame1=41 dFrame0=0 dFrameGt1=79 discont=0 numSteps total=120 max=1 gt1=0
LogOGRelayProbe: Warning: [Warning][RelayProbe.Read] window=[36373,36493] src=Prediction hit=61 miss=59 verifyFail=0 rung0=0 total=120
LogOGRelayProbe: Warning: [Warning][RelayProbe.Read] window=[36373,36493] src=Resim hit=394 miss=33 verifyFail=0 rung0=0 total=427
LogOGRelayProbe: Warning: [Warning][RelayProbe.Miss] window=[36373,36493] src=Prediction inSpan=1 aboveNewest=58 belowOldest=0 noProbeTick=0 miss=59
LogOGRelayProbe: Warning: [Warning][RelayProbe.Miss] window=[36373,36493] src=Resim inSpan=4 aboveNewest=29 belowOldest=0 noProbeTick=0 miss=33
LogOGRelayProbe: Warning: [Warning][RelayProbe.Delta] window=[36373,36493] src=Prediction n=120 p10=-1 p50=0 p90=2 min=-2 max=4 satLow=0 satHigh=0
LogOGRelayProbe: Warning: [Warning][RelayProbe.Delta] window=[36373,36493] src=Resim n=427 p10=-6 p50=-3 p90=0 min=-8 max=3 satLow=0 satHigh=0
LogOGRelayProbe: Warning: [Warning][RelayProbe.Stale] window=[36373,36493] maxConsecutiveFallbackRun=6 id=28409
LogOGResimProbe: Warning: [Warning][ResimProbe.Landing] class=LocallyPredicted behind=60 atFrontier=0 discarded=0 atFrontierPerMille=0 windowSamples=120
LogOGResimProbe: Warning: [Warning][ResimProbe.Landing] class=RemoteProxy behind=60 atFrontier=0 discarded=0 atFrontierPerMille=0 windowSamples=120
LogOGDivergenceProbe: Warning: [Warning][DivergenceProbe.Window] class=LocallyPredicted corrections=60 disagreed=60 ratePerMille=1000 windowSamples=120
LogOGDivergenceProbe: Warning: [Warning][DivergenceProbe.Window] class=RemoteProxy corrections=60 disagreed=60 ratePerMille=1000 windowSamples=120
LogOGResimProbe: Warning: [Warning][ResimProbe.Gate] checks=120 declined=59 requested=61 requestedPerMille=508 deepSkips=0 survivingAnchors=0
LogOGResimProbe: Warning: [Warning][ResimProbe.Chaos] requests=61 grants=61 refused=0 refusedPerMille=0 repeat=0 clamped=0 depthMin=5 depthMax=8
LogOGResimProbe: Warning: [Warning][ResimProbe.Apply] prepares=61 finishes=61 abandoned=0 stuck=0 replayTicks=449 replayOverruns=0 freshProtects=35 staleProtects=0
LogOGResimProbe: Warning: [Warning][ResimProbe.Frame] role=Client simTicks=120 frames=199 meanTicksPerFrameX100=60 p50=1 p99=1 max=1 meanFrameUs=10000
LogOGResimProbe: Warning: [Warning][ResimProbe.Frame] role=Client cadence dFrame1=41 dFrame0=0 dFrameGt1=79 discont=0 numSteps total=120 max=1 gt1=0
LogOGRelayProbe: Warning: [Warning][RelayProbe.Read] window=[36493,36613] src=Prediction hit=36 miss=84 verifyFail=0 rung0=0 total=120
LogOGRelayProbe: Warning: [Warning][RelayProbe.Read] window=[36493,36613] src=Resim hit=427 miss=64 verifyFail=0 rung0=0 total=491
LogOGRelayProbe: Warning: [Warning][RelayProbe.Miss] window=[36493,36613] src=Prediction inSpan=0 aboveNewest=84 belowOldest=0 noProbeTick=0 miss=84
LogOGRelayProbe: Warning: [Warning][RelayProbe.Miss] window=[36493,36613] src=Resim inSpan=8 aboveNewest=56 belowOldest=0 noProbeTick=0 miss=64
LogOGRelayProbe: Warning: [Warning][RelayProbe.Delta] window=[36493,36613] src=Prediction n=120 p10=0 p50=1 p90=3 min=-2 max=5 satLow=0 satHigh=0
LogOGRelayProbe: Warning: [Warning][RelayProbe.Delta] window=[36493,36613] src=Resim n=491 p10=-6 p50=-3 p90=1 min=-8 max=3 satLow=0 satHigh=0
LogOGRelayProbe: Warning: [Warning][RelayProbe.Stale] window=[36493,36613] maxConsecutiveFallbackRun=9 id=28409
LogOGResimProbe: Warning: [Warning][ResimProbe.Gate] checks=120 declined=57 requested=63 requestedPerMille=525 deepSkips=0 survivingAnchors=0
LogOGResimProbe: Warning: [Warning][ResimProbe.Chaos] requests=64 grants=64 refused=0 refusedPerMille=0 repeat=0 clamped=0 depthMin=5 depthMax=9
LogOGResimProbe: Warning: [Warning][ResimProbe.Apply] prepares=64 finishes=64 abandoned=0 stuck=0 replayTicks=492 replayOverruns=0 freshProtects=35 staleProtects=0
LogOGResimProbe: Warning: [Warning][ResimProbe.Landing] class=LocallyPredicted behind=60 atFrontier=0 discarded=0 atFrontierPerMille=0 windowSamples=120
LogOGResimProbe: Warning: [Warning][ResimProbe.Landing] class=RemoteProxy behind=60 atFrontier=0 discarded=0 atFrontierPerMille=0 windowSamples=120
LogOGDivergenceProbe: Warning: [Warning][DivergenceProbe.Window] class=LocallyPredicted corrections=60 disagreed=60 ratePerMille=1000 windowSamples=120
LogOGDivergenceProbe: Warning: [Warning][DivergenceProbe.Window] class=RemoteProxy corrections=60 disagreed=60 ratePerMille=1000 windowSamples=120
LogOGRelayProbe: Warning: [Warning][RelayProbe.Arrival] samples=120 gapCaptureTicks p50=2 p99=4 max=4 noAdvance=0 saturated=0 lostCaptureTicksX1000=21 lost=5 delivered=227 expected=232 discont=0 discontMax=0
LogOGResimProbe: Warning: [Warning][ResimProbe.Frame] role=Client simTicks=120 frames=201 meanTicksPerFrameX100=59 p50=1 p99=1 max=1 meanFrameUs=10000
LogOGResimProbe: Warning: [Warning][ResimProbe.Frame] role=Client cadence dFrame1=39 dFrame0=0 dFrameGt1=81 discont=0 numSteps total=120 max=1 gt1=0
LogOGRelayProbe: Warning: [Warning][RelayProbe.Read] window=[36613,36733] src=Prediction hit=59 miss=61 verifyFail=0 rung0=0 total=120
LogOGRelayProbe: Warning: [Warning][RelayProbe.Read] window=[36613,36733] src=Resim hit=436 miss=34 verifyFail=0 rung0=0 total=470
LogOGRelayProbe: Warning: [Warning][RelayProbe.Miss] window=[36613,36733] src=Prediction inSpan=0 aboveNewest=61 belowOldest=0 noProbeTick=0 miss=61
LogOGRelayProbe: Warning: [Warning][RelayProbe.Miss] window=[36613,36733] src=Resim inSpan=0 aboveNewest=34 belowOldest=0 noProbeTick=0 miss=34
LogOGRelayProbe: Warning: [Warning][RelayProbe.Delta] window=[36613,36733] src=Prediction n=120 p10=-1 p50=1 p90=2 min=-2 max=4 satLow=0 satHigh=0
LogOGRelayProbe: Warning: [Warning][RelayProbe.Delta] window=[36613,36733] src=Resim n=470 p10=-6 p50=-3 p90=0 min=-8 max=3 satLow=0 satHigh=0
LogOGRelayProbe: Warning: [Warning][RelayProbe.Stale] window=[36613,36733] maxConsecutiveFallbackRun=8 id=28409
LogOGResimProbe: Warning: [Warning][ResimProbe.Gate] checks=120 declined=51 requested=69 requestedPerMille=575 deepSkips=0 survivingAnchors=0
LogOGResimProbe: Warning: [Warning][ResimProbe.Chaos] requests=68 grants=68 refused=0 refusedPerMille=0 repeat=0 clamped=0 depthMin=4 depthMax=8
LogOGResimProbe: Warning: [Warning][ResimProbe.Apply] prepares=68 finishes=68 abandoned=0 stuck=0 replayTicks=492 replayOverruns=0 freshProtects=35 staleProtects=0
LogOGResimProbe: Warning: [Warning][ResimProbe.Landing] class=LocallyPredicted behind=60 atFrontier=0 discarded=0 atFrontierPerMille=0 windowSamples=120
LogOGResimProbe: Warning: [Warning][ResimProbe.Landing] class=RemoteProxy behind=60 atFrontier=0 discarded=0 atFrontierPerMille=0 windowSamples=120
LogOGDivergenceProbe: Warning: [Warning][DivergenceProbe.Window] class=LocallyPredicted corrections=60 disagreed=60 ratePerMille=1000 windowSamples=120
LogOGDivergenceProbe: Warning: [Warning][DivergenceProbe.Window] class=RemoteProxy corrections=60 disagreed=60 ratePerMille=1000 windowSamples=120
