LogInit: Display: No sandbox specified, assuming ../../Saved/Cooked/WindowsClient/
LogCsvProfiler: Display: Metadata set : systemresolution.resx="1280"
LogCsvProfiler: Display: Metadata set : systemresolution.resy="720"
LogAudio: Display: Pre-Initializing Audio Device Manager...
LogAudio: Display: AudioInfo: 'OPUS' Registered
LogAudioDebug: Display: Lib vorbis DLL was dynamically loaded.
LogAudio: Display: AudioInfo: 'OGG' Registered
LogAudio: Display: AudioInfo: 'ADPCM' Registered
LogAudio: Display: AudioInfo: 'PCM' Registered
LogAudio: Display: AudioInfo: 'BINKA' Registered
LogAudio: Display: AudioInfo: 'RADA' Registered
LogAudio: Display: Audio Device Manager Pre-Initialized
RenderDocPlugin: Display: RenderDoc plugin will not be loaded. Use '-AttachRenderDoc' on the cmd line or enable 'renderdoc.AutoAttach' in the plugin settings.
LogCsvProfiler: Display: Metadata set : systemresolution.resx="1920"
LogCsvProfiler: Display: Metadata set : systemresolution.resy="1080"
LogHAL: Display: Platform has ~ 32 GB [33510694912 / 34359738368 / 32], which maps to Largest [LargestMinGB=32, LargerMinGB=12, DefaultMinGB=8, SmallerMinGB=6, SmallestMinGB=0)
LogCsvProfiler: Display: Metadata set : extradevelopmentmemorymb="0"
LogWindowsTouchpad: Display: CacheForceMaxTouchpadSensitivityMode SetMaxTouchpadSensitivity
LogObj: Display: Attempting to load config data for Default__SlateThemeManager before the Class has been constructed/registered/linked (likely during module loading or early startup). This will result in the load silently failing and should be fixed.
LogCsvProfiler: Display: Metadata set : verbatimrhiname="Null"
LogCsvProfiler: Display: Metadata set : rhiname="Null"
LogCsvProfiler: Display: Metadata set : rhifeaturelevel="SM6"
LogCsvProfiler: Display: Metadata set : shaderplatform="PCD3D_SM6"
LogStreaming: Display: FlushAsyncLoading(1): 1 QueuedPackages, 0 AsyncPackages
LogConfig: Display: Read in platform Android ini files took 0.02 seconds
LogConfig: Display: Read in platform IOS ini files took 0.02 seconds
LogConfig: Display: Read in platform Linux ini files took 0.03 seconds
LogConfig: Display: Read in platform LinuxArm64 ini files took 0.03 seconds
LogConfig: Display: Read in platform Mac ini files took 0.02 seconds
LogConfig: Display: Read in platform TVOS ini files took 0.02 seconds
LogConfig: Display: Read in platform VisionOS ini files took 0.02 seconds
LogDeviceProfileManager: Display: Deviceprofile LinuxArm64Editor not found.
LogDeviceProfileManager: Display: Deviceprofile LinuxArm64 not found.
LogCsvProfiler: Display: Metadata set : deviceprofile="WindowsClient"
LogAudioCaptureCore: Display: No Audio Capture implementations found. Audio input will be silent.
LogMetaSound: Display: MetaSound Page Target Initialized to 'Default'
LogAudioCaptureCore: Display: No Audio Capture implementations found. Audio input will be silent.
LogAudio: Display: Registering Engine Module Parameter Interfaces...
LogAudio: Display: Initializing Audio Device Manager...
LogAudio: Display: Loading Default Audio Settings Objects...
LogAudio: Display: No default SoundConcurrencyObject specified (or failed to load).
LogAudio: Display: Audio Device Manager Initialized
LogAudio: Display: Creating Audio Device:                 Id: 1, Scope: Shared, Realtime: True
LogAudioMixer: Display: Audio Mixer Platform Settings:
LogAudioMixer: Display: 	Sample Rate:						  48000
LogAudioMixer: Display: 	Callback Buffer Frame Size Requested: 1024
LogAudioMixer: Display: 	Callback Buffer Frame Size To Use:	  1024
LogAudioMixer: Display: 	Number of buffers to queue:			  1
LogAudioMixer: Display: 	Max Channels (voices):				  32
LogAudioMixer: Display: 	Number of Async Source Workers:		  4
LogAudio: Display: AudioDevice MaxSources: 32
LogAudio: Display: Audio Spatialization Plugin: None (built-in).
LogAudio: Display: Audio Reverb Plugin: None (built-in).
LogAudio: Display: Audio Occlusion Plugin: None (built-in).
LogAudioMixer: Display: Initializing audio mixer using platform API: 'XAudio2'
LogAudioMixer: Display: Using Audio Hardware Device Headphones (ROG CETRA OPEN WIRELESS)
LogAudioMixer: Display: Initializing Sound Submixes...
LogAudioMixer: Display: Creating Master Submix 'MasterSubmixDefault'
LogAudioMixer: Display: Creating Master Submix 'MasterReverbSubmixDefault'
LogAudioMixer: Display: Output buffers initialized: Frames=1024, Channels=2, Samples=2048, InstanceID=1
LogAudioMixer: Display: Starting AudioMixerPlatformInterface::RunInternal(), InstanceID=1
LogAudioMixer: Display: FMixerPlatformXAudio2::SubmitBuffer() called for the first time. InstanceID=1
LogCsvProfiler: Display: Metadata set : largeworldcoordinates="1"
LogAudio: Display: Audio Device (ID: 1) registered with world 'Untitled'.
LogInit: Display: Game Engine Initialized.
LogInit: Display: Starting Game.
LogCsvProfiler: Display: Metadata set : iris="1"
LogIris: Display: Iris ReplicationSystem[0]: ReplicationSystem_2147482512 (0x0000014C296AD7E0) is created
LogIris: Display: FInternalNetSerializerDelegates::BroadcastLoadedModulesUpdated() called while there are 0 active ReplicationSystems. This is good. Total loaded modules: 35.
LogInit: Display: Engine is initialized. Leaving FEngineLoop::Init()
LogTrace: Display: Control listening on port 33870
LogIris: Warning: FInternalNetSerializerDelegates::BroadcastLoadedModulesUpdated() called while there are 1 active ReplicationSystems. If polymorphic types are registered we may have corrupt data. A restart of the ReplicationSystem or NetDriver is recommended. Total loaded modules: 37.
LogAudio: Display: Audio Device unregistered from world 'None'.
LogStreaming: Display: FlushAsyncLoading(61): 1 QueuedPackages, 0 AsyncPackages
LogAudio: Display: Audio Device (ID: 1) registered with world 'ThirdPersonMap'.
LogWorldPartition: Display: WorldPartition initialize started...
LogWorldPartition: Display: WorldPartition initialize took 167 us
LogIris: Warning: FInternalNetSerializerDelegates::BroadcastLoadedModulesUpdated() called while there are 1 active ReplicationSystems. If polymorphic types are registered we may have corrupt data. A restart of the ReplicationSystem or NetDriver is recommended. Total loaded modules: 38.
LogIris: Warning: Generating descriptor for struct UpdateLevelVisibilityLevelInfo that has custom serialization.
LogOGResimProbe: Warning: [ResimProbe.Session] resim-gate probe LIVE ? verbosity=Warning verboseDetail=off windowSamples=120
LogOGNet: Warning: [ResimGate] session policy = OnDisagreement (ini override), depthPolicy = skip beyond 12 ticks, rateLimit = none (structural: one resim in flight, one pending)
LogOGNet: Warning: [RelayDelayFloor] floor = 6 ticks, UPWARD, requesting 2-tick prediction stall
LogViewport: Display: Player bShowMouseCursor Changed, False -> True
LogOG: Warning: [Warning] PCTM CPC: hard resync oldTick=0 -> newTick=673 drift=673
LogOGIrisNet: Display: [IrisSerializerProof] struct=SimulationStateSyncBuffer dir=Load state=live NetSerialize IS BEING CALLED ON A REAL PAYLOAD. payloadBytes=311 arrayElements=384 | wire bits: memberWise(pre-T29)=3089 lastResort(post-T29)=2508 delta=-581 bits (-72.6 B)
LogIris: Warning: FInternalNetSerializerDelegates::BroadcastLoadedModulesUpdated() called while there are 1 active ReplicationSystems. If polymorphic types are registered we may have corrupt data. A restart of the ReplicationSystem or NetDriver is recommended. Total loaded modules: 39.
LogOGResimProbe: Warning: [Warning][ResimProbe.Gate] checks=120 declined=53 requested=67 requestedPerMille=558 deepSkips=0 survivingAnchors=0
LogOGResimProbe: Warning: [Warning][ResimProbe.Chaos] requests=67 grants=64 refused=3 refusedPerMille=45 repeat=1 clamped=0 depthMin=0 depthMax=5
LogOGResimProbe: Warning: [Warning][ResimProbe.Apply] prepares=64 finishes=62 abandoned=2 stuck=5 replayTicks=249 replayOverruns=0 freshProtects=0 staleProtects=0
LogOGResimProbe: Warning: [Warning][ResimProbe.Frame] role=Client simTicks=121 frames=195 meanTicksPerFrameX100=62 p50=1 p99=1 max=1 meanFrameUs=10000
LogOGResimProbe: Warning: [Warning][ResimProbe.Frame] role=Client cadence dFrame1=43 dFrame0=0 dFrameGt1=77 discont=1 numSteps total=122 max=1 gt1=0
LogOGResimProbe: Warning: [Warning][ResimProbe.Landing] class=LocallyPredicted behind=117 atFrontier=3 discarded=0 atFrontierPerMille=25 windowSamples=120
LogOGDivergenceProbe: Warning: [Warning][DivergenceProbe.Window] class=LocallyPredicted corrections=120 disagreed=120 ratePerMille=1000 windowSamples=120
LogOG: Warning: [Warning] tryInsertingResimulatedState: tick=852 not in cache window, discarding
LogOG: Warning: [Warning] tryInsertingResimulatedState: tick=853 not in cache window, discarding
LogOG: Warning: [Warning] tryInsertingResimulatedState: tick=854 not in cache window, discarding
LogOG: Warning: [Warning] tryInsertingResimulatedState: tick=855 not in cache window, discarding
LogOG: Warning: [Warning] tryInsertingResimulatedState: tick=856 not in cache window, discarding
LogOG: Warning: [Warning] tryInsertingResimulatedState: tick=854 not in cache window, discarding
LogOG: Warning: [Warning] tryInsertingResimulatedState: tick=855 not in cache window, discarding
LogOG: Warning: [Warning] tryInsertingResimulatedState: tick=856 not in cache window, discarding
LogOG: Warning: [Warning] tryInsertingResimulatedState: tick=856 not in cache window, discarding
LogOGIrisNet: Display: [IrisSerializerProof] struct=RelayedInputRing dir=Load state=live NetSerialize IS BEING CALLED ON A REAL PAYLOAD. payloadBytes=85 arrayElements=83 | wire bits: memberWise(pre-T29)=681 lastResort(post-T29)=700 delta=+19 bits (+2.4 B)
LogOGRelayProbe: Warning: [Warning][RelayProbe.Read] window=[793,913] src=Prediction hit=0 miss=49 verifyFail=0 rung0=7 total=56
LogOGRelayProbe: Warning: [Warning][RelayProbe.Read] window=[793,913] src=Resim hit=63 miss=117 verifyFail=0 rung0=14 total=194
LogOGRelayProbe: Warning: [Warning][RelayProbe.Miss] window=[793,913] src=Prediction inSpan=0 aboveNewest=49 belowOldest=0 noProbeTick=0 miss=49
LogOGRelayProbe: Warning: [Warning][RelayProbe.Miss] window=[793,913] src=Resim inSpan=0 aboveNewest=117 belowOldest=0 noProbeTick=0 miss=117
LogOGRelayProbe: Warning: [Warning][RelayProbe.Delta] window=[793,913] src=Prediction n=49 p10=3 p50=5 p90=7 min=2 max=8 satLow=0 satHigh=0
LogOGRelayProbe: Warning: [Warning][RelayProbe.Delta] window=[793,913] src=Resim n=180 p10=-2 p50=1 p90=4 min=-4 max=6 satLow=0 satHigh=0
LogOGRelayProbe: Warning: [Warning][RelayProbe.Stale] window=[793,913] maxConsecutiveFallbackRun=49 id=28415
LogOGResimProbe: Warning: [Warning][ResimProbe.Gate] checks=120 declined=48 requested=72 requestedPerMille=600 deepSkips=0 survivingAnchors=0
LogOGResimProbe: Warning: [Warning][ResimProbe.Chaos] requests=71 grants=68 refused=3 refusedPerMille=42 repeat=3 clamped=0 depthMin=3 depthMax=8
LogOGResimProbe: Warning: [Warning][ResimProbe.Apply] prepares=68 finishes=67 abandoned=1 stuck=4 replayTicks=417 replayOverruns=9 freshProtects=14 staleProtects=0
LogOGResimProbe: Warning: [Warning][ResimProbe.Frame] role=Client simTicks=121 frames=201 meanTicksPerFrameX100=60 p50=1 p99=1 max=1 meanFrameUs=10002
LogOGResimProbe: Warning: [Warning][ResimProbe.Frame] role=Client cadence dFrame1=39 dFrame0=0 dFrameGt1=81 discont=0 numSteps total=120 max=1 gt1=0
LogOGResimProbe: Warning: [Warning][ResimProbe.Landing] class=LocallyPredicted behind=86 atFrontier=0 discarded=0 atFrontierPerMille=0 windowSamples=120
LogOGResimProbe: Warning: [Warning][ResimProbe.Landing] class=RemoteProxy behind=34 atFrontier=0 discarded=0 atFrontierPerMille=0 windowSamples=120
LogOGDivergenceProbe: Warning: [Warning][DivergenceProbe.Window] class=LocallyPredicted corrections=86 disagreed=86 ratePerMille=1000 windowSamples=120
LogOGDivergenceProbe: Warning: [Warning][DivergenceProbe.Window] class=RemoteProxy corrections=34 disagreed=34 ratePerMille=1000 windowSamples=120
LogOGRelayProbe: Warning: [Warning][RelayProbe.Read] window=[913,1033] src=Prediction hit=13 miss=106 verifyFail=0 rung0=0 total=119
LogOGRelayProbe: Warning: [Warning][RelayProbe.Read] window=[913,1033] src=Resim hit=219 miss=130 verifyFail=0 rung0=0 total=349
LogOGRelayProbe: Warning: [Warning][RelayProbe.Miss] window=[913,1033] src=Prediction inSpan=0 aboveNewest=106 belowOldest=0 noProbeTick=0 miss=106
LogOGRelayProbe: Warning: [Warning][RelayProbe.Miss] window=[913,1033] src=Resim inSpan=6 aboveNewest=124 belowOldest=0 noProbeTick=0 miss=130
LogOGRelayProbe: Warning: [Warning][RelayProbe.Delta] window=[913,1033] src=Prediction n=119 p10=0 p50=3 p90=5 min=-1 max=9 satLow=0 satHigh=0
LogOGRelayProbe: Warning: [Warning][RelayProbe.Delta] window=[913,1033] src=Resim n=349 p10=-4 p50=0 p90=3 min=-7 max=7 satLow=0 satHigh=0
LogOGRelayProbe: Warning: [Warning][RelayProbe.Stale] window=[913,1033] maxConsecutiveFallbackRun=109 id=28415
LogOGResimProbe: Warning: [Warning][ResimProbe.Gate] checks=120 declined=59 requested=61 requestedPerMille=508 deepSkips=0 survivingAnchors=0
LogOGResimProbe: Warning: [Warning][ResimProbe.Chaos] requests=61 grants=55 refused=6 refusedPerMille=98 repeat=6 clamped=0 depthMin=4 depthMax=8
LogOGResimProbe: Warning: [Warning][ResimProbe.Apply] prepares=55 finishes=54 abandoned=1 stuck=4 replayTicks=370 replayOverruns=0 freshProtects=32 staleProtects=0
LogOGResimProbe: Warning: [Warning][ResimProbe.Frame] role=Client simTicks=121 frames=199 meanTicksPerFrameX100=60 p50=1 p99=2 max=2 meanFrameUs=9998
LogOGResimProbe: Warning: [Warning][ResimProbe.Frame] role=Client cadence dFrame1=41 dFrame0=0 dFrameGt1=79 discont=0 numSteps total=120 max=1 gt1=0
LogOGResimProbe: Warning: [Warning][ResimProbe.Landing] class=LocallyPredicted behind=60 atFrontier=0 discarded=0 atFrontierPerMille=0 windowSamples=120
LogOGResimProbe: Warning: [Warning][ResimProbe.Landing] class=RemoteProxy behind=60 atFrontier=0 discarded=0 atFrontierPerMille=0 windowSamples=120
LogOGDivergenceProbe: Warning: [Warning][DivergenceProbe.Window] class=LocallyPredicted corrections=60 disagreed=60 ratePerMille=1000 windowSamples=120
LogOGDivergenceProbe: Warning: [Warning][DivergenceProbe.Window] class=RemoteProxy corrections=60 disagreed=60 ratePerMille=1000 windowSamples=120
LogOGRelayProbe: Warning: [Warning][RelayProbe.Arrival] samples=120 gapCaptureTicks p50=2 p99=6 max=9 noAdvance=0 saturated=0 lostCaptureTicksX1000=44 lost=11 delivered=234 expected=245 discont=0 discontMax=0
LogOGRelayProbe: Warning: [Warning][RelayProbe.Read] window=[1033,1153] src=Prediction hit=28 miss=92 verifyFail=0 rung0=0 total=120
LogOGRelayProbe: Warning: [Warning][RelayProbe.Read] window=[1033,1153] src=Resim hit=348 miss=70 verifyFail=0 rung0=0 total=418
LogOGRelayProbe: Warning: [Warning][RelayProbe.Miss] window=[1033,1153] src=Prediction inSpan=0 aboveNewest=92 belowOldest=0 noProbeTick=0 miss=92
LogOGRelayProbe: Warning: [Warning][RelayProbe.Miss] window=[1033,1153] src=Resim inSpan=1 aboveNewest=69 belowOldest=0 noProbeTick=0 miss=70
LogOGRelayProbe: Warning: [Warning][RelayProbe.Delta] window=[1033,1153] src=Prediction n=120 p10=0 p50=1 p90=3 min=-2 max=4 satLow=0 satHigh=0
LogOGRelayProbe: Warning: [Warning][RelayProbe.Delta] window=[1033,1153] src=Resim n=418 p10=-5 p50=-2 p90=1 min=-7 max=4 satLow=0 satHigh=0
LogOGRelayProbe: Warning: [Warning][RelayProbe.Stale] window=[1033,1153] maxConsecutiveFallbackRun=15 id=28415
LogOGResimProbe: Warning: [Warning][ResimProbe.Gate] checks=120 declined=56 requested=64 requestedPerMille=533 deepSkips=0 survivingAnchors=0
LogOGResimProbe: Warning: [Warning][ResimProbe.Chaos] requests=64 grants=60 refused=4 refusedPerMille=63 repeat=4 clamped=0 depthMin=4 depthMax=9
LogOGResimProbe: Warning: [Warning][ResimProbe.Apply] prepares=60 finishes=60 abandoned=0 stuck=0 replayTicks=443 replayOverruns=0 freshProtects=40 staleProtects=0
LogOGResimProbe: Warning: [Warning][ResimProbe.Frame] role=Client simTicks=120 frames=201 meanTicksPerFrameX100=59 p50=1 p99=1 max=1 meanFrameUs=10000
LogOGResimProbe: Warning: [Warning][ResimProbe.Frame] role=Client cadence dFrame1=39 dFrame0=0 dFrameGt1=81 discont=0 numSteps total=120 max=1 gt1=0
LogOGResimProbe: Warning: [Warning][ResimProbe.Landing] class=LocallyPredicted behind=60 atFrontier=0 discarded=0 atFrontierPerMille=0 windowSamples=120
LogOGResimProbe: Warning: [Warning][ResimProbe.Landing] class=RemoteProxy behind=60 atFrontier=0 discarded=0 atFrontierPerMille=0 windowSamples=120
LogOGDivergenceProbe: Warning: [Warning][DivergenceProbe.Window] class=LocallyPredicted corrections=60 disagreed=60 ratePerMille=1000 windowSamples=120
LogOGDivergenceProbe: Warning: [Warning][DivergenceProbe.Window] class=RemoteProxy corrections=60 disagreed=60 ratePerMille=1000 windowSamples=120
LogOGRelayProbe: Warning: [Warning][RelayProbe.Read] window=[1153,1273] src=Prediction hit=26 miss=94 verifyFail=0 rung0=0 total=120
LogOGRelayProbe: Warning: [Warning][RelayProbe.Read] window=[1153,1273] src=Resim hit=378 miss=63 verifyFail=0 rung0=0 total=441
LogOGRelayProbe: Warning: [Warning][RelayProbe.Miss] window=[1153,1273] src=Prediction inSpan=0 aboveNewest=94 belowOldest=0 noProbeTick=0 miss=94
LogOGRelayProbe: Warning: [Warning][RelayProbe.Miss] window=[1153,1273] src=Resim inSpan=1 aboveNewest=62 belowOldest=0 noProbeTick=0 miss=63
LogOGRelayProbe: Warning: [Warning][RelayProbe.Delta] window=[1153,1273] src=Prediction n=120 p10=0 p50=2 p90=3 min=-1 max=5 satLow=0 satHigh=0
LogOGRelayProbe: Warning: [Warning][RelayProbe.Delta] window=[1153,1273] src=Resim n=441 p10=-5 p50=-2 p90=1 min=-7 max=4 satLow=0 satHigh=0
LogOGRelayProbe: Warning: [Warning][RelayProbe.Stale] window=[1153,1273] maxConsecutiveFallbackRun=11 id=28415
LogOGResimProbe: Warning: [Warning][ResimProbe.Gate] checks=120 declined=59 requested=61 requestedPerMille=508 deepSkips=0 survivingAnchors=0
LogOGResimProbe: Warning: [Warning][ResimProbe.Chaos] requests=61 grants=61 refused=0 refusedPerMille=0 repeat=0 clamped=0 depthMin=5 depthMax=8
LogOGResimProbe: Warning: [Warning][ResimProbe.Apply] prepares=61 finishes=61 abandoned=0 stuck=0 replayTicks=460 replayOverruns=0 freshProtects=34 staleProtects=0
LogOGResimProbe: Warning: [Warning][ResimProbe.Frame] role=Client simTicks=120 frames=199 meanTicksPerFrameX100=60 p50=1 p99=1 max=1 meanFrameUs=10000
LogOGResimProbe: Warning: [Warning][ResimProbe.Frame] role=Client cadence dFrame1=41 dFrame0=0 dFrameGt1=79 discont=0 numSteps total=120 max=1 gt1=0
LogOGResimProbe: Warning: [Warning][ResimProbe.Landing] class=LocallyPredicted behind=60 atFrontier=0 discarded=0 atFrontierPerMille=0 windowSamples=120
LogOGResimProbe: Warning: [Warning][ResimProbe.Landing] class=RemoteProxy behind=60 atFrontier=0 discarded=0 atFrontierPerMille=0 windowSamples=120
LogOGDivergenceProbe: Warning: [Warning][DivergenceProbe.Window] class=LocallyPredicted corrections=60 disagreed=60 ratePerMille=1000 windowSamples=120
LogOGDivergenceProbe: Warning: [Warning][DivergenceProbe.Window] class=RemoteProxy corrections=60 disagreed=60 ratePerMille=1000 windowSamples=120
LogOG: Warning: [Warning][RttSample.Outlier] NetworkTimeEstimator filtered 29 implausible RTT sample(s) and force-re-seeded 1 time(s) over the last 600 samples. smoothedRTT=100.723ms smoothedJitter=0.165ms. Rejects WITHOUT re-seeds = transient (frame-hitch artifacts, filtered as intended); re-seeds = the network genuinely stepped and the estimate followed. Running totals via getOutlierRejectedSampleCount() / getOutlierEscapeCount().
LogOGRelayProbe: Warning: [Warning][RelayProbe.Arrival] samples=120 gapCaptureTicks p50=2 p99=4 max=4 noAdvance=0 saturated=0 lostCaptureTicksX1000=4 lost=1 delivered=212 expected=213 discont=0 discontMax=0
LogOGRelayProbe: Warning: [Warning][RelayProbe.Read] window=[1273,1393] src=Prediction hit=45 miss=75 verifyFail=0 rung0=0 total=120
LogOGRelayProbe: Warning: [Warning][RelayProbe.Read] window=[1273,1393] src=Resim hit=406 miss=54 verifyFail=0 rung0=0 total=460
LogOGRelayProbe: Warning: [Warning][RelayProbe.Miss] window=[1273,1393] src=Prediction inSpan=0 aboveNewest=75 belowOldest=0 noProbeTick=0 miss=75
LogOGRelayProbe: Warning: [Warning][RelayProbe.Miss] window=[1273,1393] src=Resim inSpan=0 aboveNewest=54 belowOldest=0 noProbeTick=0 miss=54
LogOGRelayProbe: Warning: [Warning][RelayProbe.Delta] window=[1273,1393] src=Prediction n=120 p10=-1 p50=1 p90=3 min=-2 max=4 satLow=0 satHigh=0
LogOGRelayProbe: Warning: [Warning][RelayProbe.Delta] window=[1273,1393] src=Resim n=460 p10=-5 p50=-2 p90=1 min=-8 max=4 satLow=0 satHigh=0
LogOGRelayProbe: Warning: [Warning][RelayProbe.Stale] window=[1273,1393] maxConsecutiveFallbackRun=11 id=28415
LogOGResimProbe: Warning: [Warning][ResimProbe.Gate] checks=120 declined=52 requested=68 requestedPerMille=567 deepSkips=0 survivingAnchors=0
LogOGResimProbe: Warning: [Warning][ResimProbe.Chaos] requests=68 grants=68 refused=0 refusedPerMille=0 repeat=0 clamped=0 depthMin=4 depthMax=8
LogOGResimProbe: Warning: [Warning][ResimProbe.Apply] prepares=68 finishes=68 abandoned=0 stuck=0 replayTicks=482 replayOverruns=0 freshProtects=34 staleProtects=0
LogOGResimProbe: Warning: [Warning][ResimProbe.Frame] role=Client simTicks=120 frames=201 meanTicksPerFrameX100=59 p50=1 p99=1 max=1 meanFrameUs=10000
LogOGResimProbe: Warning: [Warning][ResimProbe.Frame] role=Client cadence dFrame1=39 dFrame0=0 dFrameGt1=81 discont=0 numSteps total=120 max=1 gt1=0
LogOGResimProbe: Warning: [Warning][ResimProbe.Landing] class=LocallyPredicted behind=60 atFrontier=0 discarded=0 atFrontierPerMille=0 windowSamples=120
LogOGResimProbe: Warning: [Warning][ResimProbe.Landing] class=RemoteProxy behind=60 atFrontier=0 discarded=0 atFrontierPerMille=0 windowSamples=120
LogOGDivergenceProbe: Warning: [Warning][DivergenceProbe.Window] class=LocallyPredicted corrections=60 disagreed=60 ratePerMille=1000 windowSamples=120
LogOGDivergenceProbe: Warning: [Warning][DivergenceProbe.Window] class=RemoteProxy corrections=60 disagreed=60 ratePerMille=1000 windowSamples=120
LogOGRelayProbe: Warning: [Warning][RelayProbe.Read] window=[1393,1513] src=Prediction hit=42 miss=78 verifyFail=0 rung0=0 total=120
LogOGRelayProbe: Warning: [Warning][RelayProbe.Read] window=[1393,1513] src=Resim hit=412 miss=44 verifyFail=0 rung0=0 total=456
LogOGRelayProbe: Warning: [Warning][RelayProbe.Miss] window=[1393,1513] src=Prediction inSpan=0 aboveNewest=78 belowOldest=0 noProbeTick=0 miss=78
LogOGRelayProbe: Warning: [Warning][RelayProbe.Miss] window=[1393,1513] src=Resim inSpan=0 aboveNewest=44 belowOldest=0 noProbeTick=0 miss=44
LogOGRelayProbe: Warning: [Warning][RelayProbe.Delta] window=[1393,1513] src=Prediction n=120 p10=-1 p50=1 p90=2 min=-3 max=4 satLow=0 satHigh=0
LogOGRelayProbe: Warning: [Warning][RelayProbe.Delta] window=[1393,1513] src=Resim n=456 p10=-6 p50=-3 p90=0 min=-9 max=3 satLow=0 satHigh=0
LogOGRelayProbe: Warning: [Warning][RelayProbe.Stale] window=[1393,1513] maxConsecutiveFallbackRun=10 id=28415
LogOGResimProbe: Warning: [Warning][ResimProbe.Gate] checks=120 declined=57 requested=63 requestedPerMille=525 deepSkips=0 survivingAnchors=0
LogOGResimProbe: Warning: [Warning][ResimProbe.Chaos] requests=63 grants=63 refused=0 refusedPerMille=0 repeat=0 clamped=0 depthMin=5 depthMax=8
LogOGResimProbe: Warning: [Warning][ResimProbe.Apply] prepares=63 finishes=63 abandoned=0 stuck=0 replayTicks=468 replayOverruns=0 freshProtects=37 staleProtects=0
LogOGResimProbe: Warning: [Warning][ResimProbe.Frame] role=Client simTicks=120 frames=200 meanTicksPerFrameX100=60 p50=1 p99=1 max=1 meanFrameUs=9999
LogOGResimProbe: Warning: [Warning][ResimProbe.Frame] role=Client cadence dFrame1=40 dFrame0=0 dFrameGt1=80 discont=0 numSteps total=120 max=1 gt1=0
LogOGResimProbe: Warning: [Warning][ResimProbe.Landing] class=LocallyPredicted behind=60 atFrontier=0 discarded=0 atFrontierPerMille=0 windowSamples=120
LogOGResimProbe: Warning: [Warning][ResimProbe.Landing] class=RemoteProxy behind=60 atFrontier=0 discarded=0 atFrontierPerMille=0 windowSamples=120
LogOGDivergenceProbe: Warning: [Warning][DivergenceProbe.Window] class=LocallyPredicted corrections=60 disagreed=60 ratePerMille=1000 windowSamples=120
LogOGDivergenceProbe: Warning: [Warning][DivergenceProbe.Window] class=RemoteProxy corrections=60 disagreed=60 ratePerMille=1000 windowSamples=120
LogOGRelayProbe: Warning: [Warning][RelayProbe.Arrival] samples=120 gapCaptureTicks p50=2 p99=3 max=4 noAdvance=0 saturated=0 lostCaptureTicksX1000=0 lost=0 delivered=221 expected=221 discont=0 discontMax=0
LogOGRelayProbe: Warning: [Warning][RelayProbe.Read] window=[1513,1633] src=Prediction hit=44 miss=76 verifyFail=0 rung0=0 total=120
LogOGRelayProbe: Warning: [Warning][RelayProbe.Read] window=[1513,1633] src=Resim hit=422 miss=52 verifyFail=0 rung0=0 total=474
LogOGRelayProbe: Warning: [Warning][RelayProbe.Miss] window=[1513,1633] src=Prediction inSpan=0 aboveNewest=76 belowOldest=0 noProbeTick=0 miss=76
LogOGRelayProbe: Warning: [Warning][RelayProbe.Miss] window=[1513,1633] src=Resim inSpan=0 aboveNewest=52 belowOldest=0 noProbeTick=0 miss=52
LogOGRelayProbe: Warning: [Warning][RelayProbe.Delta] window=[1513,1633] src=Prediction n=120 p10=-1 p50=1 p90=3 min=-2 max=4 satLow=0 satHigh=0
LogOGRelayProbe: Warning: [Warning][RelayProbe.Delta] window=[1513,1633] src=Resim n=474 p10=-5 p50=-2 p90=1 min=-8 max=3 satLow=0 satHigh=0
LogOGRelayProbe: Warning: [Warning][RelayProbe.Stale] window=[1513,1633] maxConsecutiveFallbackRun=9 id=28415
LogOGResimProbe: Warning: [Warning][ResimProbe.Gate] checks=120 declined=50 requested=70 requestedPerMille=583 deepSkips=0 survivingAnchors=0
LogOGResimProbe: Warning: [Warning][ResimProbe.Chaos] requests=70 grants=70 refused=0 refusedPerMille=0 repeat=0 clamped=0 depthMin=4 depthMax=9
LogOGResimProbe: Warning: [Warning][ResimProbe.Apply] prepares=70 finishes=70 abandoned=0 stuck=0 replayTicks=492 replayOverruns=0 freshProtects=32 staleProtects=0
LogOGResimProbe: Warning: [Warning][ResimProbe.Frame] role=Client simTicks=120 frames=198 meanTicksPerFrameX100=60 p50=1 p99=1 max=1 meanFrameUs=10000
LogOGResimProbe: Warning: [Warning][ResimProbe.Frame] role=Client cadence dFrame1=42 dFrame0=0 dFrameGt1=78 discont=0 numSteps total=120 max=1 gt1=0
LogOGResimProbe: Warning: [Warning][ResimProbe.Landing] class=LocallyPredicted behind=59 atFrontier=0 discarded=0 atFrontierPerMille=0 windowSamples=120
LogOGResimProbe: Warning: [Warning][ResimProbe.Landing] class=RemoteProxy behind=61 atFrontier=0 discarded=0 atFrontierPerMille=0 windowSamples=120
LogOGDivergenceProbe: Warning: [Warning][DivergenceProbe.Window] class=LocallyPredicted corrections=59 disagreed=59 ratePerMille=1000 windowSamples=120
LogOGDivergenceProbe: Warning: [Warning][DivergenceProbe.Window] class=RemoteProxy corrections=61 disagreed=61 ratePerMille=1000 windowSamples=120
LogOGRelayProbe: Warning: [Warning][RelayProbe.Read] window=[1633,1753] src=Prediction hit=28 miss=92 verifyFail=0 rung0=0 total=120
LogOGRelayProbe: Warning: [Warning][RelayProbe.Read] window=[1633,1753] src=Resim hit=443 miss=69 verifyFail=0 rung0=0 total=512
LogOGRelayProbe: Warning: [Warning][RelayProbe.Miss] window=[1633,1753] src=Prediction inSpan=0 aboveNewest=92 belowOldest=0 noProbeTick=0 miss=92
LogOGRelayProbe: Warning: [Warning][RelayProbe.Miss] window=[1633,1753] src=Resim inSpan=0 aboveNewest=69 belowOldest=0 noProbeTick=0 miss=69
LogOGRelayProbe: Warning: [Warning][RelayProbe.Delta] window=[1633,1753] src=Prediction n=120 p10=0 p50=1 p90=3 min=-1 max=4 satLow=0 satHigh=0
LogOGRelayProbe: Warning: [Warning][RelayProbe.Delta] window=[1633,1753] src=Resim n=512 p10=-5 p50=-2 p90=1 min=-8 max=4 satLow=0 satHigh=0
LogOGRelayProbe: Warning: [Warning][RelayProbe.Stale] window=[1633,1753] maxConsecutiveFallbackRun=11 id=28415
LogOGResimProbe: Warning: [Warning][ResimProbe.Gate] checks=120 declined=50 requested=70 requestedPerMille=583 deepSkips=0 survivingAnchors=0
LogOGResimProbe: Warning: [Warning][ResimProbe.Chaos] requests=71 grants=71 refused=0 refusedPerMille=0 repeat=0 clamped=0 depthMin=5 depthMax=9
LogOGResimProbe: Warning: [Warning][ResimProbe.Apply] prepares=71 finishes=71 abandoned=0 stuck=0 replayTicks=532 replayOverruns=0 freshProtects=36 staleProtects=0
LogOGResimProbe: Warning: [Warning][ResimProbe.Frame] role=Client simTicks=120 frames=201 meanTicksPerFrameX100=59 p50=1 p99=1 max=1 meanFrameUs=9999
LogOGResimProbe: Warning: [Warning][ResimProbe.Frame] role=Client cadence dFrame1=39 dFrame0=0 dFrameGt1=81 discont=0 numSteps total=120 max=1 gt1=0
LogOGRelayProbe: Warning: [Warning][RelayProbe.Arrival] samples=120 gapCaptureTicks p50=2 p99=4 max=4 noAdvance=0 saturated=0 lostCaptureTicksX1000=0 lost=0 delivered=222 expected=222 discont=0 discontMax=0
LogOGResimProbe: Warning: [Warning][ResimProbe.Landing] class=LocallyPredicted behind=60 atFrontier=0 discarded=0 atFrontierPerMille=0 windowSamples=120
LogOGResimProbe: Warning: [Warning][ResimProbe.Landing] class=RemoteProxy behind=60 atFrontier=0 discarded=0 atFrontierPerMille=0 windowSamples=120
LogOGDivergenceProbe: Warning: [Warning][DivergenceProbe.Window] class=LocallyPredicted corrections=60 disagreed=60 ratePerMille=1000 windowSamples=120
LogOGDivergenceProbe: Warning: [Warning][DivergenceProbe.Window] class=RemoteProxy corrections=60 disagreed=60 ratePerMille=1000 windowSamples=120
LogOGRelayProbe: Warning: [Warning][RelayProbe.Read] window=[1753,1873] src=Prediction hit=14 miss=106 verifyFail=0 rung0=0 total=120
LogOGRelayProbe: Warning: [Warning][RelayProbe.Read] window=[1753,1873] src=Resim hit=386 miss=82 verifyFail=0 rung0=0 total=468
LogOGRelayProbe: Warning: [Warning][RelayProbe.Miss] window=[1753,1873] src=Prediction inSpan=0 aboveNewest=106 belowOldest=0 noProbeTick=0 miss=106
LogOGRelayProbe: Warning: [Warning][RelayProbe.Miss] window=[1753,1873] src=Resim inSpan=0 aboveNewest=82 belowOldest=0 noProbeTick=0 miss=82
LogOGRelayProbe: Warning: [Warning][RelayProbe.Delta] window=[1753,1873] src=Prediction n=120 p10=0 p50=2 p90=3 min=-1 max=5 satLow=0 satHigh=0
LogOGRelayProbe: Warning: [Warning][RelayProbe.Delta] window=[1753,1873] src=Resim n=468 p10=-5 p50=-2 p90=1 min=-7 max=4 satLow=0 satHigh=0
LogOGRelayProbe: Warning: [Warning][RelayProbe.Stale] window=[1753,1873] maxConsecutiveFallbackRun=39 id=28415
LogOGResimProbe: Warning: [Warning][ResimProbe.Gate] checks=120 declined=58 requested=62 requestedPerMille=517 deepSkips=0 survivingAnchors=0
LogOGResimProbe: Warning: [Warning][ResimProbe.Chaos] requests=62 grants=62 refused=0 refusedPerMille=0 repeat=0 clamped=0 depthMin=5 depthMax=8
LogOGResimProbe: Warning: [Warning][ResimProbe.Apply] prepares=62 finishes=62 abandoned=0 stuck=0 replayTicks=490 replayOverruns=0 freshProtects=39 staleProtects=0
LogOGResimProbe: Warning: [Warning][ResimProbe.Frame] role=Client simTicks=120 frames=200 meanTicksPerFrameX100=60 p50=1 p99=1 max=1 meanFrameUs=10000
LogOGResimProbe: Warning: [Warning][ResimProbe.Frame] role=Client cadence dFrame1=40 dFrame0=0 dFrameGt1=80 discont=0 numSteps total=120 max=1 gt1=0
LogOGResimProbe: Warning: [Warning][ResimProbe.Landing] class=LocallyPredicted behind=60 atFrontier=0 discarded=0 atFrontierPerMille=0 windowSamples=120
LogOGResimProbe: Warning: [Warning][ResimProbe.Landing] class=RemoteProxy behind=60 atFrontier=0 discarded=0 atFrontierPerMille=0 windowSamples=120
LogOGDivergenceProbe: Warning: [Warning][DivergenceProbe.Window] class=LocallyPredicted corrections=60 disagreed=60 ratePerMille=1000 windowSamples=120
LogOGDivergenceProbe: Warning: [Warning][DivergenceProbe.Window] class=RemoteProxy corrections=60 disagreed=60 ratePerMille=1000 windowSamples=120
LogOGRelayProbe: Warning: [Warning][RelayProbe.Arrival] samples=120 gapCaptureTicks p50=2 p99=4 max=4 noAdvance=0 saturated=0 lostCaptureTicksX1000=0 lost=0 delivered=223 expected=223 discont=0 discontMax=0
LogOGRelayProbe: Warning: [Warning][RelayProbe.Read] window=[1873,1993] src=Prediction hit=33 miss=87 verifyFail=0 rung0=0 total=120
LogOGRelayProbe: Warning: [Warning][RelayProbe.Read] window=[1873,1993] src=Resim hit=427 miss=71 verifyFail=0 rung0=0 total=498
LogOGRelayProbe: Warning: [Warning][RelayProbe.Miss] window=[1873,1993] src=Prediction inSpan=0 aboveNewest=87 belowOldest=0 noProbeTick=0 miss=87
LogOGRelayProbe: Warning: [Warning][RelayProbe.Miss] window=[1873,1993] src=Resim inSpan=0 aboveNewest=71 belowOldest=0 noProbeTick=0 miss=71
LogOGRelayProbe: Warning: [Warning][RelayProbe.Delta] window=[1873,1993] src=Prediction n=120 p10=0 p50=1 p90=3 min=-2 max=5 satLow=0 satHigh=0
LogOGRelayProbe: Warning: [Warning][RelayProbe.Delta] window=[1873,1993] src=Resim n=498 p10=-6 p50=-2 p90=1 min=-8 max=4 satLow=0 satHigh=0
LogOGRelayProbe: Warning: [Warning][RelayProbe.Stale] window=[1873,1993] maxConsecutiveFallbackRun=15 id=28415
LogOGResimProbe: Warning: [Warning][ResimProbe.Gate] checks=120 declined=52 requested=68 requestedPerMille=567 deepSkips=0 survivingAnchors=0
LogOGResimProbe: Warning: [Warning][ResimProbe.Chaos] requests=67 grants=66 refused=1 refusedPerMille=15 repeat=1 clamped=0 depthMin=4 depthMax=9
LogOGResimProbe: Warning: [Warning][ResimProbe.Apply] prepares=66 finishes=66 abandoned=0 stuck=0 replayTicks=512 replayOverruns=0 freshProtects=33 staleProtects=0
LogOGResimProbe: Warning: [Warning][ResimProbe.Frame] role=Client simTicks=120 frames=200 meanTicksPerFrameX100=60 p50=1 p99=1 max=1 meanFrameUs=9999
LogOGResimProbe: Warning: [Warning][ResimProbe.Frame] role=Client cadence dFrame1=40 dFrame0=0 dFrameGt1=80 discont=0 numSteps total=120 max=1 gt1=0
LogOGResimProbe: Warning: [Warning][ResimProbe.Landing] class=LocallyPredicted behind=60 atFrontier=0 discarded=0 atFrontierPerMille=0 windowSamples=120
LogOGResimProbe: Warning: [Warning][ResimProbe.Landing] class=RemoteProxy behind=60 atFrontier=0 discarded=0 atFrontierPerMille=0 windowSamples=120
LogOGDivergenceProbe: Warning: [Warning][DivergenceProbe.Window] class=LocallyPredicted corrections=60 disagreed=60 ratePerMille=1000 windowSamples=120
LogOGDivergenceProbe: Warning: [Warning][DivergenceProbe.Window] class=RemoteProxy corrections=60 disagreed=60 ratePerMille=1000 windowSamples=120
LogOGRelayProbe: Warning: [Warning][RelayProbe.Read] window=[1993,2113] src=Prediction hit=30 miss=90 verifyFail=0 rung0=0 total=120
LogOGRelayProbe: Warning: [Warning][RelayProbe.Read] window=[1993,2113] src=Resim hit=431 miss=66 verifyFail=0 rung0=0 total=497
LogOGRelayProbe: Warning: [Warning][RelayProbe.Miss] window=[1993,2113] src=Prediction inSpan=0 aboveNewest=90 belowOldest=0 noProbeTick=0 miss=90
LogOGRelayProbe: Warning: [Warning][RelayProbe.Miss] window=[1993,2113] src=Resim inSpan=0 aboveNewest=66 belowOldest=0 noProbeTick=0 miss=66
LogOGRelayProbe: Warning: [Warning][RelayProbe.Delta] window=[1993,2113] src=Prediction n=120 p10=0 p50=1 p90=3 min=-2 max=4 satLow=0 satHigh=0
LogOGRelayProbe: Warning: [Warning][RelayProbe.Delta] window=[1993,2113] src=Resim n=497 p10=-6 p50=-2 p90=1 min=-8 max=4 satLow=0 satHigh=0
LogOGRelayProbe: Warning: [Warning][RelayProbe.Stale] window=[1993,2113] maxConsecutiveFallbackRun=15 id=28415
LogOGResimProbe: Warning: [Warning][ResimProbe.Gate] checks=120 declined=54 requested=66 requestedPerMille=550 deepSkips=0 survivingAnchors=0
LogOGResimProbe: Warning: [Warning][ResimProbe.Chaos] requests=67 grants=67 refused=0 refusedPerMille=0 repeat=0 clamped=0 depthMin=5 depthMax=9
LogOGResimProbe: Warning: [Warning][ResimProbe.Apply] prepares=67 finishes=67 abandoned=0 stuck=0 replayTicks=525 replayOverruns=0 freshProtects=35 staleProtects=0
LogOGResimProbe: Warning: [Warning][ResimProbe.Frame] role=Client simTicks=120 frames=202 meanTicksPerFrameX100=59 p50=1 p99=1 max=1 meanFrameUs=9999
LogOGResimProbe: Warning: [Warning][ResimProbe.Frame] role=Client cadence dFrame1=38 dFrame0=0 dFrameGt1=82 discont=0 numSteps total=120 max=1 gt1=0
LogOGResimProbe: Warning: [Warning][ResimProbe.Landing] class=LocallyPredicted behind=60 atFrontier=0 discarded=0 atFrontierPerMille=0 windowSamples=120
LogOGResimProbe: Warning: [Warning][ResimProbe.Landing] class=RemoteProxy behind=60 atFrontier=0 discarded=0 atFrontierPerMille=0 windowSamples=120
LogOGDivergenceProbe: Warning: [Warning][DivergenceProbe.Window] class=LocallyPredicted corrections=60 disagreed=60 ratePerMille=1000 windowSamples=120
LogOGDivergenceProbe: Warning: [Warning][DivergenceProbe.Window] class=RemoteProxy corrections=60 disagreed=60 ratePerMille=1000 windowSamples=120
LogOGRelayProbe: Warning: [Warning][RelayProbe.Arrival] samples=120 gapCaptureTicks p50=2 p99=5 max=5 noAdvance=0 saturated=0 lostCaptureTicksX1000=4 lost=1 delivered=225 expected=226 discont=0 discontMax=0
LogOGRelayProbe: Warning: [Warning][RelayProbe.Read] window=[2113,2233] src=Prediction hit=31 miss=89 verifyFail=0 rung0=0 total=120
LogOGRelayProbe: Warning: [Warning][RelayProbe.Read] window=[2113,2233] src=Resim hit=375 miss=77 verifyFail=0 rung0=0 total=452
LogOGRelayProbe: Warning: [Warning][RelayProbe.Miss] window=[2113,2233] src=Prediction inSpan=0 aboveNewest=89 belowOldest=0 noProbeTick=0 miss=89
LogOGRelayProbe: Warning: [Warning][RelayProbe.Miss] window=[2113,2233] src=Resim inSpan=3 aboveNewest=74 belowOldest=0 noProbeTick=0 miss=77
LogOGRelayProbe: Warning: [Warning][RelayProbe.Delta] window=[2113,2233] src=Prediction n=120 p10=0 p50=1 p90=3 min=-2 max=5 satLow=0 satHigh=0
LogOGRelayProbe: Warning: [Warning][RelayProbe.Delta] window=[2113,2233] src=Resim n=452 p10=-5 p50=-2 p90=1 min=-8 max=4 satLow=0 satHigh=0
LogOGRelayProbe: Warning: [Warning][RelayProbe.Stale] window=[2113,2233] maxConsecutiveFallbackRun=17 id=28415
LogOGResimProbe: Warning: [Warning][ResimProbe.Gate] checks=120 declined=57 requested=63 requestedPerMille=525 deepSkips=0 survivingAnchors=0
LogOGResimProbe: Warning: [Warning][ResimProbe.Chaos] requests=63 grants=63 refused=0 refusedPerMille=0 repeat=0 clamped=0 depthMin=5 depthMax=8
LogOGResimProbe: Warning: [Warning][ResimProbe.Apply] prepares=63 finishes=63 abandoned=0 stuck=0 replayTicks=473 replayOverruns=0 freshProtects=35 staleProtects=0
LogOGResimProbe: Warning: [Warning][ResimProbe.Frame] role=Client simTicks=120 frames=199 meanTicksPerFrameX100=60 p50=1 p99=1 max=1 meanFrameUs=10000
LogOGResimProbe: Warning: [Warning][ResimProbe.Frame] role=Client cadence dFrame1=41 dFrame0=0 dFrameGt1=79 discont=0 numSteps total=120 max=1 gt1=0
LogOGResimProbe: Warning: [Warning][ResimProbe.Landing] class=LocallyPredicted behind=62 atFrontier=0 discarded=0 atFrontierPerMille=0 windowSamples=120
LogOGResimProbe: Warning: [Warning][ResimProbe.Landing] class=RemoteProxy behind=58 atFrontier=0 discarded=0 atFrontierPerMille=0 windowSamples=120
LogOGDivergenceProbe: Warning: [Warning][DivergenceProbe.Window] class=LocallyPredicted corrections=62 disagreed=62 ratePerMille=1000 windowSamples=120
LogOGDivergenceProbe: Warning: [Warning][DivergenceProbe.Window] class=RemoteProxy corrections=58 disagreed=58 ratePerMille=1000 windowSamples=120
LogOGRelayProbe: Warning: [Warning][RelayProbe.Read] window=[2233,2353] src=Prediction hit=42 miss=78 verifyFail=0 rung0=0 total=120
LogOGRelayProbe: Warning: [Warning][RelayProbe.Read] window=[2233,2353] src=Resim hit=414 miss=46 verifyFail=0 rung0=0 total=460
LogOGRelayProbe: Warning: [Warning][RelayProbe.Miss] window=[2233,2353] src=Prediction inSpan=0 aboveNewest=78 belowOldest=0 noProbeTick=0 miss=78
LogOGRelayProbe: Warning: [Warning][RelayProbe.Miss] window=[2233,2353] src=Resim inSpan=0 aboveNewest=46 belowOldest=0 noProbeTick=0 miss=46
LogOGRelayProbe: Warning: [Warning][RelayProbe.Delta] window=[2233,2353] src=Prediction n=120 p10=-1 p50=1 p90=3 min=-2 max=4 satLow=0 satHigh=0
LogOGRelayProbe: Warning: [Warning][RelayProbe.Delta] window=[2233,2353] src=Resim n=460 p10=-6 p50=-3 p90=0 min=-8 max=3 satLow=0 satHigh=0
LogOGRelayProbe: Warning: [Warning][RelayProbe.Stale] window=[2233,2353] maxConsecutiveFallbackRun=16 id=28415
LogOGResimProbe: Warning: [Warning][ResimProbe.Gate] checks=120 declined=58 requested=62 requestedPerMille=517 deepSkips=0 survivingAnchors=0
LogOGResimProbe: Warning: [Warning][ResimProbe.Chaos] requests=62 grants=60 refused=2 refusedPerMille=32 repeat=2 clamped=0 depthMin=6 depthMax=8
LogOGResimProbe: Warning: [Warning][ResimProbe.Apply] prepares=60 finishes=60 abandoned=0 stuck=0 replayTicks=470 replayOverruns=0 freshProtects=42 staleProtects=0
LogOGResimProbe: Warning: [Warning][ResimProbe.Frame] role=Client simTicks=120 frames=200 meanTicksPerFrameX100=60 p50=1 p99=1 max=1 meanFrameUs=10002
LogOGResimProbe: Warning: [Warning][ResimProbe.Frame] role=Client cadence dFrame1=40 dFrame0=0 dFrameGt1=80 discont=0 numSteps total=120 max=1 gt1=0
LogOGResimProbe: Warning: [Warning][ResimProbe.Landing] class=LocallyPredicted behind=61 atFrontier=0 discarded=0 atFrontierPerMille=0 windowSamples=120
LogOGResimProbe: Warning: [Warning][ResimProbe.Landing] class=RemoteProxy behind=59 atFrontier=0 discarded=0 atFrontierPerMille=0 windowSamples=120
LogOGDivergenceProbe: Warning: [Warning][DivergenceProbe.Window] class=LocallyPredicted corrections=61 disagreed=61 ratePerMille=1000 windowSamples=120
LogOGDivergenceProbe: Warning: [Warning][DivergenceProbe.Window] class=RemoteProxy corrections=59 disagreed=59 ratePerMille=1000 windowSamples=120
LogOGRelayProbe: Warning: [Warning][RelayProbe.Arrival] samples=120 gapCaptureTicks p50=2 p99=4 max=4 noAdvance=0 saturated=0 lostCaptureTicksX1000=13 lost=3 delivered=227 expected=230 discont=0 discontMax=0
LogOGRelayProbe: Warning: [Warning][RelayProbe.Read] window=[2353,2473] src=Prediction hit=49 miss=71 verifyFail=0 rung0=0 total=120
LogOGRelayProbe: Warning: [Warning][RelayProbe.Read] window=[2353,2473] src=Resim hit=384 miss=37 verifyFail=0 rung0=0 total=421
LogOGRelayProbe: Warning: [Warning][RelayProbe.Miss] window=[2353,2473] src=Prediction inSpan=0 aboveNewest=71 belowOldest=0 noProbeTick=0 miss=71
LogOGRelayProbe: Warning: [Warning][RelayProbe.Miss] window=[2353,2473] src=Resim inSpan=4 aboveNewest=33 belowOldest=0 noProbeTick=0 miss=37
LogOGRelayProbe: Warning: [Warning][RelayProbe.Delta] window=[2353,2473] src=Prediction n=120 p10=-1 p50=1 p90=2 min=-2 max=4 satLow=0 satHigh=0
LogOGRelayProbe: Warning: [Warning][RelayProbe.Delta] window=[2353,2473] src=Resim n=421 p10=-6 p50=-3 p90=0 min=-9 max=3 satLow=0 satHigh=0
LogOGRelayProbe: Warning: [Warning][RelayProbe.Stale] window=[2353,2473] maxConsecutiveFallbackRun=12 id=28415
LogOGResimProbe: Warning: [Warning][ResimProbe.Gate] checks=120 declined=56 requested=64 requestedPerMille=533 deepSkips=0 survivingAnchors=0
LogOGResimProbe: Warning: [Warning][ResimProbe.Chaos] requests=63 grants=60 refused=3 refusedPerMille=48 repeat=3 clamped=0 depthMin=4 depthMax=9
LogOGResimProbe: Warning: [Warning][ResimProbe.Apply] prepares=60 finishes=60 abandoned=0 stuck=0 replayTicks=454 replayOverruns=0 freshProtects=34 staleProtects=0
LogOGResimProbe: Warning: [Warning][ResimProbe.Frame] role=Client simTicks=120 frames=200 meanTicksPerFrameX100=60 p50=1 p99=1 max=1 meanFrameUs=10000
LogOGResimProbe: Warning: [Warning][ResimProbe.Frame] role=Client cadence dFrame1=40 dFrame0=0 dFrameGt1=80 discont=0 numSteps total=120 max=1 gt1=0
LogOGResimProbe: Warning: [Warning][ResimProbe.Landing] class=LocallyPredicted behind=60 atFrontier=0 discarded=0 atFrontierPerMille=0 windowSamples=120
LogOGResimProbe: Warning: [Warning][ResimProbe.Landing] class=RemoteProxy behind=60 atFrontier=0 discarded=0 atFrontierPerMille=0 windowSamples=120
LogOGDivergenceProbe: Warning: [Warning][DivergenceProbe.Window] class=LocallyPredicted corrections=60 disagreed=60 ratePerMille=1000 windowSamples=120
LogOGDivergenceProbe: Warning: [Warning][DivergenceProbe.Window] class=RemoteProxy corrections=60 disagreed=60 ratePerMille=1000 windowSamples=120
LogOGRelayProbe: Warning: [Warning][RelayProbe.Read] window=[2473,2593] src=Prediction hit=40 miss=80 verifyFail=0 rung0=0 total=120
LogOGRelayProbe: Warning: [Warning][RelayProbe.Read] window=[2473,2593] src=Resim hit=476 miss=70 verifyFail=0 rung0=0 total=546
LogOGRelayProbe: Warning: [Warning][RelayProbe.Miss] window=[2473,2593] src=Prediction inSpan=0 aboveNewest=80 belowOldest=0 noProbeTick=0 miss=80
LogOGRelayProbe: Warning: [Warning][RelayProbe.Miss] window=[2473,2593] src=Resim inSpan=0 aboveNewest=70 belowOldest=0 noProbeTick=0 miss=70
LogOGRelayProbe: Warning: [Warning][RelayProbe.Delta] window=[2473,2593] src=Prediction n=120 p10=0 p50=1 p90=3 min=-2 max=4 satLow=0 satHigh=0
LogOGRelayProbe: Warning: [Warning][RelayProbe.Delta] window=[2473,2593] src=Resim n=546 p10=-5 p50=-2 p90=1 min=-8 max=3 satLow=0 satHigh=0
LogOGRelayProbe: Warning: [Warning][RelayProbe.Stale] window=[2473,2593] maxConsecutiveFallbackRun=11 id=28415
LogOGResimProbe: Warning: [Warning][ResimProbe.Gate] checks=120 declined=47 requested=73 requestedPerMille=608 deepSkips=0 survivingAnchors=0
LogOGResimProbe: Warning: [Warning][ResimProbe.Chaos] requests=74 grants=73 refused=1 refusedPerMille=14 repeat=1 clamped=0 depthMin=5 depthMax=8
LogOGResimProbe: Warning: [Warning][ResimProbe.Apply] prepares=73 finishes=73 abandoned=0 stuck=0 replayTicks=551 replayOverruns=0 freshProtects=33 staleProtects=0
LogOGResimProbe: Warning: [Warning][ResimProbe.Frame] role=Client simTicks=120 frames=200 meanTicksPerFrameX100=60 p50=1 p99=1 max=1 meanFrameUs=10000
LogOGResimProbe: Warning: [Warning][ResimProbe.Frame] role=Client cadence dFrame1=40 dFrame0=0 dFrameGt1=80 discont=0 numSteps total=120 max=1 gt1=0
LogOGResimProbe: Warning: [Warning][ResimProbe.Landing] class=LocallyPredicted behind=60 atFrontier=0 discarded=0 atFrontierPerMille=0 windowSamples=120
LogOGResimProbe: Warning: [Warning][ResimProbe.Landing] class=RemoteProxy behind=60 atFrontier=0 discarded=0 atFrontierPerMille=0 windowSamples=120
LogOGDivergenceProbe: Warning: [Warning][DivergenceProbe.Window] class=LocallyPredicted corrections=60 disagreed=60 ratePerMille=1000 windowSamples=120
LogOGDivergenceProbe: Warning: [Warning][DivergenceProbe.Window] class=RemoteProxy corrections=60 disagreed=60 ratePerMille=1000 windowSamples=120
LogOGRelayProbe: Warning: [Warning][RelayProbe.Arrival] samples=120 gapCaptureTicks p50=2 p99=4 max=4 noAdvance=0 saturated=0 lostCaptureTicksX1000=0 lost=0 delivered=240 expected=240 discont=0 discontMax=0
LogOGRelayProbe: Warning: [Warning][RelayProbe.Read] window=[2593,2713] src=Prediction hit=37 miss=83 verifyFail=0 rung0=0 total=120
LogOGRelayProbe: Warning: [Warning][RelayProbe.Read] window=[2593,2713] src=Resim hit=445 miss=61 verifyFail=0 rung0=0 total=506
LogOGRelayProbe: Warning: [Warning][RelayProbe.Miss] window=[2593,2713] src=Prediction inSpan=0 aboveNewest=83 belowOldest=0 noProbeTick=0 miss=83
LogOGRelayProbe: Warning: [Warning][RelayProbe.Miss] window=[2593,2713] src=Resim inSpan=0 aboveNewest=61 belowOldest=0 noProbeTick=0 miss=61
LogOGRelayProbe: Warning: [Warning][RelayProbe.Delta] window=[2593,2713] src=Prediction n=120 p10=0 p50=1 p90=3 min=-2 max=4 satLow=0 satHigh=0
LogOGRelayProbe: Warning: [Warning][RelayProbe.Delta] window=[2593,2713] src=Resim n=506 p10=-6 p50=-2 p90=1 min=-9 max=3 satLow=0 satHigh=0
LogOGRelayProbe: Warning: [Warning][RelayProbe.Stale] window=[2593,2713] maxConsecutiveFallbackRun=11 id=28415
LogOGResimProbe: Warning: [Warning][ResimProbe.Gate] checks=120 declined=50 requested=70 requestedPerMille=583 deepSkips=0 survivingAnchors=0
LogOGResimProbe: Warning: [Warning][ResimProbe.Chaos] requests=70 grants=70 refused=0 refusedPerMille=0 repeat=0 clamped=0 depthMin=5 depthMax=8
LogOGResimProbe: Warning: [Warning][ResimProbe.Apply] prepares=70 finishes=70 abandoned=0 stuck=0 replayTicks=531 replayOverruns=0 freshProtects=34 staleProtects=0
LogOGResimProbe: Warning: [Warning][ResimProbe.Frame] role=Client simTicks=120 frames=200 meanTicksPerFrameX100=60 p50=1 p99=1 max=1 meanFrameUs=9999
LogOGResimProbe: Warning: [Warning][ResimProbe.Frame] role=Client cadence dFrame1=40 dFrame0=0 dFrameGt1=80 discont=0 numSteps total=120 max=1 gt1=0
LogOGResimProbe: Warning: [Warning][ResimProbe.Landing] class=LocallyPredicted behind=61 atFrontier=0 discarded=0 atFrontierPerMille=0 windowSamples=120
LogOGResimProbe: Warning: [Warning][ResimProbe.Landing] class=RemoteProxy behind=59 atFrontier=0 discarded=0 atFrontierPerMille=0 windowSamples=120
LogOGDivergenceProbe: Warning: [Warning][DivergenceProbe.Window] class=LocallyPredicted corrections=61 disagreed=61 ratePerMille=1000 windowSamples=120
LogOGDivergenceProbe: Warning: [Warning][DivergenceProbe.Window] class=RemoteProxy corrections=59 disagreed=59 ratePerMille=1000 windowSamples=120
LogOGRelayProbe: Warning: [Warning][RelayProbe.Read] window=[2713,2833] src=Prediction hit=46 miss=74 verifyFail=0 rung0=0 total=120
LogOGRelayProbe: Warning: [Warning][RelayProbe.Read] window=[2713,2833] src=Resim hit=400 miss=51 verifyFail=0 rung0=0 total=451
LogOGRelayProbe: Warning: [Warning][RelayProbe.Miss] window=[2713,2833] src=Prediction inSpan=0 aboveNewest=74 belowOldest=0 noProbeTick=0 miss=74
LogOGRelayProbe: Warning: [Warning][RelayProbe.Miss] window=[2713,2833] src=Resim inSpan=2 aboveNewest=49 belowOldest=0 noProbeTick=0 miss=51
LogOGRelayProbe: Warning: [Warning][RelayProbe.Delta] window=[2713,2833] src=Prediction n=120 p10=-1 p50=1 p90=3 min=-3 max=5 satLow=0 satHigh=0
LogOGRelayProbe: Warning: [Warning][RelayProbe.Delta] window=[2713,2833] src=Resim n=451 p10=-6 p50=-3 p90=1 min=-8 max=5 satLow=0 satHigh=0
LogOGRelayProbe: Warning: [Warning][RelayProbe.Stale] window=[2713,2833] maxConsecutiveFallbackRun=21 id=28415
LogOGResimProbe: Warning: [Warning][ResimProbe.Gate] checks=120 declined=57 requested=63 requestedPerMille=525 deepSkips=0 survivingAnchors=0
LogOGResimProbe: Warning: [Warning][ResimProbe.Chaos] requests=63 grants=63 refused=0 refusedPerMille=0 repeat=0 clamped=0 depthMin=5 depthMax=8
LogOGResimProbe: Warning: [Warning][ResimProbe.Apply] prepares=63 finishes=63 abandoned=0 stuck=0 replayTicks=467 replayOverruns=0 freshProtects=43 staleProtects=1
LogOGResimProbe: Warning: [Warning][ResimProbe.Frame] role=Client simTicks=120 frames=200 meanTicksPerFrameX100=60 p50=1 p99=1 max=1 meanFrameUs=10000
LogOGResimProbe: Warning: [Warning][ResimProbe.Frame] role=Client cadence dFrame1=40 dFrame0=0 dFrameGt1=80 discont=0 numSteps total=120 max=1 gt1=0
LogOGResimProbe: Warning: [Warning][ResimProbe.Landing] class=LocallyPredicted behind=60 atFrontier=0 discarded=0 atFrontierPerMille=0 windowSamples=120
LogOGResimProbe: Warning: [Warning][ResimProbe.Landing] class=RemoteProxy behind=60 atFrontier=0 discarded=0 atFrontierPerMille=0 windowSamples=120
LogOGDivergenceProbe: Warning: [Warning][DivergenceProbe.Window] class=LocallyPredicted corrections=60 disagreed=60 ratePerMille=1000 windowSamples=120
LogOGDivergenceProbe: Warning: [Warning][DivergenceProbe.Window] class=RemoteProxy corrections=60 disagreed=60 ratePerMille=1000 windowSamples=120
LogOGRelayProbe: Warning: [Warning][RelayProbe.Arrival] samples=120 gapCaptureTicks p50=2 p99=4 max=6 noAdvance=0 saturated=0 lostCaptureTicksX1000=4 lost=1 delivered=227 expected=228 discont=0 discontMax=0
LogOGRelayProbe: Warning: [Warning][RelayProbe.Read] window=[2833,2953] src=Prediction hit=67 miss=53 verifyFail=0 rung0=0 total=120
LogOGRelayProbe: Warning: [Warning][RelayProbe.Read] window=[2833,2953] src=Resim hit=415 miss=34 verifyFail=0 rung0=0 total=449
LogOGRelayProbe: Warning: [Warning][RelayProbe.Miss] window=[2833,2953] src=Prediction inSpan=0 aboveNewest=53 belowOldest=0 noProbeTick=0 miss=53
LogOGRelayProbe: Warning: [Warning][RelayProbe.Miss] window=[2833,2953] src=Resim inSpan=4 aboveNewest=30 belowOldest=0 noProbeTick=0 miss=34
LogOGRelayProbe: Warning: [Warning][RelayProbe.Delta] window=[2833,2953] src=Prediction n=120 p10=-1 p50=0 p90=2 min=-3 max=5 satLow=0 satHigh=0
LogOGRelayProbe: Warning: [Warning][RelayProbe.Delta] window=[2833,2953] src=Resim n=449 p10=-6 p50=-3 p90=0 min=-8 max=4 satLow=0 satHigh=0
LogOGRelayProbe: Warning: [Warning][RelayProbe.Stale] window=[2833,2953] maxConsecutiveFallbackRun=6 id=28415
LogOGResimProbe: Warning: [Warning][ResimProbe.Gate] checks=120 declined=55 requested=65 requestedPerMille=542 deepSkips=0 survivingAnchors=0
LogOGResimProbe: Warning: [Warning][ResimProbe.Chaos] requests=64 grants=64 refused=0 refusedPerMille=0 repeat=0 clamped=0 depthMin=5 depthMax=8
LogOGResimProbe: Warning: [Warning][ResimProbe.Apply] prepares=64 finishes=64 abandoned=0 stuck=0 replayTicks=465 replayOverruns=0 freshProtects=35 staleProtects=0
LogOGResimProbe: Warning: [Warning][ResimProbe.Frame] role=Client simTicks=120 frames=201 meanTicksPerFrameX100=59 p50=1 p99=1 max=1 meanFrameUs=9999
LogOGResimProbe: Warning: [Warning][ResimProbe.Frame] role=Client cadence dFrame1=39 dFrame0=0 dFrameGt1=81 discont=0 numSteps total=120 max=1 gt1=0
LogOGResimProbe: Warning: [Warning][ResimProbe.Landing] class=LocallyPredicted behind=60 atFrontier=0 discarded=0 atFrontierPerMille=0 windowSamples=120
LogOGResimProbe: Warning: [Warning][ResimProbe.Landing] class=RemoteProxy behind=60 atFrontier=0 discarded=0 atFrontierPerMille=0 windowSamples=120
LogOGDivergenceProbe: Warning: [Warning][DivergenceProbe.Window] class=LocallyPredicted corrections=60 disagreed=60 ratePerMille=1000 windowSamples=120
LogOGDivergenceProbe: Warning: [Warning][DivergenceProbe.Window] class=RemoteProxy corrections=60 disagreed=60 ratePerMille=1000 windowSamples=120
LogOGRelayProbe: Warning: [Warning][RelayProbe.Read] window=[2953,3073] src=Prediction hit=63 miss=57 verifyFail=0 rung0=0 total=120
LogOGRelayProbe: Warning: [Warning][RelayProbe.Read] window=[2953,3073] src=Resim hit=389 miss=28 verifyFail=0 rung0=0 total=417
LogOGRelayProbe: Warning: [Warning][RelayProbe.Miss] window=[2953,3073] src=Prediction inSpan=0 aboveNewest=57 belowOldest=0 noProbeTick=0 miss=57
LogOGRelayProbe: Warning: [Warning][RelayProbe.Miss] window=[2953,3073] src=Resim inSpan=0 aboveNewest=28 belowOldest=0 noProbeTick=0 miss=28
LogOGRelayProbe: Warning: [Warning][RelayProbe.Delta] window=[2953,3073] src=Prediction n=120 p10=-1 p50=0 p90=2 min=-3 max=3 satLow=0 satHigh=0
LogOGRelayProbe: Warning: [Warning][RelayProbe.Delta] window=[2953,3073] src=Resim n=417 p10=-6 p50=-3 p90=0 min=-8 max=3 satLow=0 satHigh=0
LogOGRelayProbe: Warning: [Warning][RelayProbe.Stale] window=[2953,3073] maxConsecutiveFallbackRun=7 id=28415
LogOGResimProbe: Warning: [Warning][ResimProbe.Gate] checks=120 declined=53 requested=67 requestedPerMille=558 deepSkips=0 survivingAnchors=0
LogOGResimProbe: Warning: [Warning][ResimProbe.Chaos] requests=68 grants=61 refused=7 refusedPerMille=103 repeat=7 clamped=0 depthMin=4 depthMax=10
LogOGResimProbe: Warning: [Warning][ResimProbe.Apply] prepares=61 finishes=61 abandoned=0 stuck=0 replayTicks=435 replayOverruns=0 freshProtects=35 staleProtects=0
LogOGResimProbe: Warning: [Warning][ResimProbe.Frame] role=Client simTicks=120 frames=198 meanTicksPerFrameX100=60 p50=1 p99=1 max=1 meanFrameUs=10000
LogOGResimProbe: Warning: [Warning][ResimProbe.Frame] role=Client cadence dFrame1=42 dFrame0=0 dFrameGt1=78 discont=0 numSteps total=120 max=1 gt1=0
LogOGResimProbe: Warning: [Warning][ResimProbe.Landing] class=LocallyPredicted behind=60 atFrontier=0 discarded=0 atFrontierPerMille=0 windowSamples=120
LogOGResimProbe: Warning: [Warning][ResimProbe.Landing] class=RemoteProxy behind=60 atFrontier=0 discarded=0 atFrontierPerMille=0 windowSamples=120
LogOGDivergenceProbe: Warning: [Warning][DivergenceProbe.Window] class=LocallyPredicted corrections=60 disagreed=60 ratePerMille=1000 windowSamples=120
LogOGDivergenceProbe: Warning: [Warning][DivergenceProbe.Window] class=RemoteProxy corrections=60 disagreed=60 ratePerMille=1000 windowSamples=120
LogOGRelayProbe: Warning: [Warning][RelayProbe.Arrival] samples=120 gapCaptureTicks p50=2 p99=4 max=5 noAdvance=0 saturated=0 lostCaptureTicksX1000=9 lost=2 delivered=211 expected=213 discont=0 discontMax=0
LogOGRelayProbe: Warning: [Warning][RelayProbe.Read] window=[3073,3193] src=Prediction hit=50 miss=70 verifyFail=0 rung0=0 total=120
LogOGRelayProbe: Warning: [Warning][RelayProbe.Read] window=[3073,3193] src=Resim hit=435 miss=52 verifyFail=0 rung0=0 total=487
LogOGRelayProbe: Warning: [Warning][RelayProbe.Miss] window=[3073,3193] src=Prediction inSpan=0 aboveNewest=70 belowOldest=0 noProbeTick=0 miss=70
LogOGRelayProbe: Warning: [Warning][RelayProbe.Miss] window=[3073,3193] src=Resim inSpan=0 aboveNewest=52 belowOldest=0 noProbeTick=0 miss=52
LogOGRelayProbe: Warning: [Warning][RelayProbe.Delta] window=[3073,3193] src=Prediction n=120 p10=-1 p50=1 p90=3 min=-2 max=5 satLow=0 satHigh=0
LogOGRelayProbe: Warning: [Warning][RelayProbe.Delta] window=[3073,3193] src=Resim n=487 p10=-6 p50=-3 p90=1 min=-8 max=4 satLow=0 satHigh=0
LogOGRelayProbe: Warning: [Warning][RelayProbe.Stale] window=[3073,3193] maxConsecutiveFallbackRun=16 id=28415
LogOGResimProbe: Warning: [Warning][ResimProbe.Gate] checks=120 declined=49 requested=71 requestedPerMille=592 deepSkips=0 survivingAnchors=0
LogOGResimProbe: Warning: [Warning][ResimProbe.Chaos] requests=71 grants=68 refused=3 refusedPerMille=42 repeat=3 clamped=0 depthMin=4 depthMax=8
LogOGResimProbe: Warning: [Warning][ResimProbe.Apply] prepares=68 finishes=68 abandoned=0 stuck=0 replayTicks=516 replayOverruns=0 freshProtects=33 staleProtects=0
LogOGResimProbe: Warning: [Warning][ResimProbe.Frame] role=Client simTicks=120 frames=200 meanTicksPerFrameX100=60 p50=1 p99=1 max=1 meanFrameUs=10000
LogOGResimProbe: Warning: [Warning][ResimProbe.Frame] role=Client cadence dFrame1=40 dFrame0=0 dFrameGt1=80 discont=0 numSteps total=120 max=1 gt1=0
LogOGResimProbe: Warning: [Warning][ResimProbe.Landing] class=LocallyPredicted behind=60 atFrontier=0 discarded=0 atFrontierPerMille=0 windowSamples=120
LogOGResimProbe: Warning: [Warning][ResimProbe.Landing] class=RemoteProxy behind=60 atFrontier=0 discarded=0 atFrontierPerMille=0 windowSamples=120
LogOGDivergenceProbe: Warning: [Warning][DivergenceProbe.Window] class=LocallyPredicted corrections=60 disagreed=60 ratePerMille=1000 windowSamples=120
LogOGDivergenceProbe: Warning: [Warning][DivergenceProbe.Window] class=RemoteProxy corrections=60 disagreed=60 ratePerMille=1000 windowSamples=120
LogOGRelayProbe: Warning: [Warning][RelayProbe.Read] window=[3193,3313] src=Prediction hit=37 miss=83 verifyFail=0 rung0=0 total=120
LogOGRelayProbe: Warning: [Warning][RelayProbe.Read] window=[3193,3313] src=Resim hit=446 miss=72 verifyFail=0 rung0=0 total=518
LogOGRelayProbe: Warning: [Warning][RelayProbe.Miss] window=[3193,3313] src=Prediction inSpan=0 aboveNewest=83 belowOldest=0 noProbeTick=0 miss=83
LogOGRelayProbe: Warning: [Warning][RelayProbe.Miss] window=[3193,3313] src=Resim inSpan=8 aboveNewest=64 belowOldest=0 noProbeTick=0 miss=72
LogOGRelayProbe: Warning: [Warning][RelayProbe.Delta] window=[3193,3313] src=Prediction n=120 p10=-1 p50=1 p90=3 min=-3 max=4 satLow=0 satHigh=0
LogOGRelayProbe: Warning: [Warning][RelayProbe.Delta] window=[3193,3313] src=Resim n=518 p10=-6 p50=-3 p90=1 min=-8 max=4 satLow=0 satHigh=0
LogOGRelayProbe: Warning: [Warning][RelayProbe.Stale] window=[3193,3313] maxConsecutiveFallbackRun=23 id=28415
LogOGResimProbe: Warning: [Warning][ResimProbe.Gate] checks=120 declined=53 requested=67 requestedPerMille=558 deepSkips=0 survivingAnchors=0
LogOGResimProbe: Warning: [Warning][ResimProbe.Chaos] requests=66 grants=66 refused=0 refusedPerMille=0 repeat=0 clamped=0 depthMin=5 depthMax=9
LogOGResimProbe: Warning: [Warning][ResimProbe.Apply] prepares=66 finishes=66 abandoned=0 stuck=0 replayTicks=537 replayOverruns=0 freshProtects=37 staleProtects=0
LogOGResimProbe: Warning: [Warning][ResimProbe.Frame] role=Client simTicks=120 frames=201 meanTicksPerFrameX100=59 p50=1 p99=1 max=1 meanFrameUs=9999
LogOGResimProbe: Warning: [Warning][ResimProbe.Frame] role=Client cadence dFrame1=39 dFrame0=0 dFrameGt1=81 discont=0 numSteps total=120 max=1 gt1=0
LogOGResimProbe: Warning: [Warning][ResimProbe.Landing] class=LocallyPredicted behind=61 atFrontier=0 discarded=0 atFrontierPerMille=0 windowSamples=120
LogOGResimProbe: Warning: [Warning][ResimProbe.Landing] class=RemoteProxy behind=59 atFrontier=0 discarded=0 atFrontierPerMille=0 windowSamples=120
LogOGDivergenceProbe: Warning: [Warning][DivergenceProbe.Window] class=LocallyPredicted corrections=61 disagreed=61 ratePerMille=1000 windowSamples=120
LogOGDivergenceProbe: Warning: [Warning][DivergenceProbe.Window] class=RemoteProxy corrections=59 disagreed=59 ratePerMille=1000 windowSamples=120
LogOGRelayProbe: Warning: [Warning][RelayProbe.Arrival] samples=120 gapCaptureTicks p50=2 p99=5 max=5 noAdvance=0 saturated=0 lostCaptureTicksX1000=8 lost=2 delivered=223 expected=225 discont=0 discontMax=0
LogOGRelayProbe: Warning: [Warning][RelayProbe.Read] window=[3313,3433] src=Prediction hit=31 miss=89 verifyFail=0 rung0=0 total=120
LogOGRelayProbe: Warning: [Warning][RelayProbe.Read] window=[3313,3433] src=Resim hit=400 miss=60 verifyFail=0 rung0=0 total=460
LogOGRelayProbe: Warning: [Warning][RelayProbe.Miss] window=[3313,3433] src=Prediction inSpan=0 aboveNewest=89 belowOldest=0 noProbeTick=0 miss=89
LogOGRelayProbe: Warning: [Warning][RelayProbe.Miss] window=[3313,3433] src=Resim inSpan=0 aboveNewest=60 belowOldest=0 noProbeTick=0 miss=60
LogOGRelayProbe: Warning: [Warning][RelayProbe.Delta] window=[3313,3433] src=Prediction n=120 p10=0 p50=1 p90=3 min=-2 max=4 satLow=0 satHigh=0
LogOGRelayProbe: Warning: [Warning][RelayProbe.Delta] window=[3313,3433] src=Resim n=460 p10=-5 p50=-2 p90=1 min=-8 max=4 satLow=0 satHigh=0
LogOGRelayProbe: Warning: [Warning][RelayProbe.Stale] window=[3313,3433] maxConsecutiveFallbackRun=13 id=28415
LogOGResimProbe: Warning: [Warning][ResimProbe.Gate] checks=120 declined=59 requested=61 requestedPerMille=508 deepSkips=0 survivingAnchors=0
LogOGResimProbe: Warning: [Warning][ResimProbe.Chaos] requests=62 grants=62 refused=0 refusedPerMille=0 repeat=0 clamped=0 depthMin=5 depthMax=8
LogOGResimProbe: Warning: [Warning][ResimProbe.Apply] prepares=62 finishes=62 abandoned=0 stuck=0 replayTicks=464 replayOverruns=0 freshProtects=36 staleProtects=0
LogOGResimProbe: Warning: [Warning][ResimProbe.Frame] role=Client simTicks=120 frames=200 meanTicksPerFrameX100=60 p50=1 p99=1 max=1 meanFrameUs=10000
LogOGResimProbe: Warning: [Warning][ResimProbe.Frame] role=Client cadence dFrame1=40 dFrame0=0 dFrameGt1=80 discont=0 numSteps total=120 max=1 gt1=0
LogOGResimProbe: Warning: [Warning][ResimProbe.Landing] class=LocallyPredicted behind=60 atFrontier=0 discarded=0 atFrontierPerMille=0 windowSamples=120
LogOGResimProbe: Warning: [Warning][ResimProbe.Landing] class=RemoteProxy behind=60 atFrontier=0 discarded=0 atFrontierPerMille=0 windowSamples=120
LogOGDivergenceProbe: Warning: [Warning][DivergenceProbe.Window] class=LocallyPredicted corrections=60 disagreed=60 ratePerMille=1000 windowSamples=120
LogOGDivergenceProbe: Warning: [Warning][DivergenceProbe.Window] class=RemoteProxy corrections=60 disagreed=60 ratePerMille=1000 windowSamples=120
LogOGRelayProbe: Warning: [Warning][RelayProbe.Read] window=[3433,3553] src=Prediction hit=46 miss=74 verifyFail=0 rung0=0 total=120
LogOGRelayProbe: Warning: [Warning][RelayProbe.Read] window=[3433,3553] src=Resim hit=394 miss=45 verifyFail=0 rung0=0 total=439
LogOGRelayProbe: Warning: [Warning][RelayProbe.Miss] window=[3433,3553] src=Prediction inSpan=0 aboveNewest=74 belowOldest=0 noProbeTick=0 miss=74
LogOGRelayProbe: Warning: [Warning][RelayProbe.Miss] window=[3433,3553] src=Resim inSpan=3 aboveNewest=42 belowOldest=0 noProbeTick=0 miss=45
LogOGRelayProbe: Warning: [Warning][RelayProbe.Delta] window=[3433,3553] src=Prediction n=120 p10=-1 p50=1 p90=3 min=-2 max=4 satLow=0 satHigh=0
LogOGRelayProbe: Warning: [Warning][RelayProbe.Delta] window=[3433,3553] src=Resim n=439 p10=-5 p50=-2 p90=0 min=-8 max=3 satLow=0 satHigh=0
LogOGRelayProbe: Warning: [Warning][RelayProbe.Stale] window=[3433,3553] maxConsecutiveFallbackRun=10 id=28415
LogOGResimProbe: Warning: [Warning][ResimProbe.Gate] checks=120 declined=53 requested=67 requestedPerMille=558 deepSkips=0 survivingAnchors=0
LogOGResimProbe: Warning: [Warning][ResimProbe.Chaos] requests=67 grants=67 refused=0 refusedPerMille=0 repeat=0 clamped=0 depthMin=4 depthMax=8
LogOGResimProbe: Warning: [Warning][ResimProbe.Apply] prepares=67 finishes=67 abandoned=0 stuck=0 replayTicks=465 replayOverruns=0 freshProtects=35 staleProtects=0
LogOGResimProbe: Warning: [Warning][ResimProbe.Frame] role=Client simTicks=120 frames=200 meanTicksPerFrameX100=60 p50=1 p99=1 max=1 meanFrameUs=10000
LogOGResimProbe: Warning: [Warning][ResimProbe.Frame] role=Client cadence dFrame1=40 dFrame0=0 dFrameGt1=80 discont=0 numSteps total=120 max=1 gt1=0
LogOGRelayProbe: Warning: [Warning][RelayProbe.Arrival] samples=120 gapCaptureTicks p50=2 p99=4 max=4 noAdvance=0 saturated=0 lostCaptureTicksX1000=8 lost=2 delivered=226 expected=228 discont=0 discontMax=0
LogOGResimProbe: Warning: [Warning][ResimProbe.Landing] class=LocallyPredicted behind=60 atFrontier=0 discarded=0 atFrontierPerMille=0 windowSamples=120
LogOGResimProbe: Warning: [Warning][ResimProbe.Landing] class=RemoteProxy behind=60 atFrontier=0 discarded=0 atFrontierPerMille=0 windowSamples=120
LogOGDivergenceProbe: Warning: [Warning][DivergenceProbe.Window] class=LocallyPredicted corrections=60 disagreed=60 ratePerMille=1000 windowSamples=120
LogOGDivergenceProbe: Warning: [Warning][DivergenceProbe.Window] class=RemoteProxy corrections=60 disagreed=60 ratePerMille=1000 windowSamples=120
LogOGRelayProbe: Warning: [Warning][RelayProbe.Read] window=[3553,3673] src=Prediction hit=24 miss=96 verifyFail=0 rung0=0 total=120
LogOGRelayProbe: Warning: [Warning][RelayProbe.Read] window=[3553,3673] src=Resim hit=398 miss=91 verifyFail=0 rung0=0 total=489
LogOGRelayProbe: Warning: [Warning][RelayProbe.Miss] window=[3553,3673] src=Prediction inSpan=0 aboveNewest=96 belowOldest=0 noProbeTick=0 miss=96
LogOGRelayProbe: Warning: [Warning][RelayProbe.Miss] window=[3553,3673] src=Resim inSpan=5 aboveNewest=86 belowOldest=0 noProbeTick=0 miss=91
LogOGRelayProbe: Warning: [Warning][RelayProbe.Delta] window=[3553,3673] src=Prediction n=120 p10=0 p50=2 p90=3 min=-2 max=5 satLow=0 satHigh=0
LogOGRelayProbe: Warning: [Warning][RelayProbe.Delta] window=[3553,3673] src=Resim n=489 p10=-5 p50=-2 p90=1 min=-7 max=4 satLow=0 satHigh=0
LogOGRelayProbe: Warning: [Warning][RelayProbe.Stale] window=[3553,3673] maxConsecutiveFallbackRun=18 id=28415
LogOGResimProbe: Warning: [Warning][ResimProbe.Gate] checks=120 declined=53 requested=67 requestedPerMille=558 deepSkips=0 survivingAnchors=0
LogOGResimProbe: Warning: [Warning][ResimProbe.Chaos] requests=66 grants=66 refused=0 refusedPerMille=0 repeat=0 clamped=0 depthMin=5 depthMax=8
LogOGResimProbe: Warning: [Warning][ResimProbe.Apply] prepares=66 finishes=66 abandoned=0 stuck=0 replayTicks=504 replayOverruns=0 freshProtects=37 staleProtects=0
LogOGResimProbe: Warning: [Warning][ResimProbe.Frame] role=Client simTicks=120 frames=201 meanTicksPerFrameX100=59 p50=1 p99=1 max=1 meanFrameUs=10000
LogOGResimProbe: Warning: [Warning][ResimProbe.Frame] role=Client cadence dFrame1=39 dFrame0=0 dFrameGt1=81 discont=0 numSteps total=120 max=1 gt1=0
LogOGResimProbe: Warning: [Warning][ResimProbe.Landing] class=LocallyPredicted behind=59 atFrontier=0 discarded=0 atFrontierPerMille=0 windowSamples=120
LogOGResimProbe: Warning: [Warning][ResimProbe.Landing] class=RemoteProxy behind=61 atFrontier=0 discarded=0 atFrontierPerMille=0 windowSamples=120
LogOGDivergenceProbe: Warning: [Warning][DivergenceProbe.Window] class=LocallyPredicted corrections=59 disagreed=59 ratePerMille=1000 windowSamples=120
LogOGDivergenceProbe: Warning: [Warning][DivergenceProbe.Window] class=RemoteProxy corrections=61 disagreed=61 ratePerMille=1000 windowSamples=120
LogOGRelayProbe: Warning: [Warning][RelayProbe.Arrival] samples=120 gapCaptureTicks p50=2 p99=4 max=4 noAdvance=0 saturated=0 lostCaptureTicksX1000=9 lost=2 delivered=213 expected=215 discont=0 discontMax=0
LogOGRelayProbe: Warning: [Warning][RelayProbe.Read] window=[3673,3793] src=Prediction hit=50 miss=70 verifyFail=0 rung0=0 total=120
LogOGRelayProbe: Warning: [Warning][RelayProbe.Read] window=[3673,3793] src=Resim hit=378 miss=38 verifyFail=0 rung0=0 total=416
LogOGRelayProbe: Warning: [Warning][RelayProbe.Miss] window=[3673,3793] src=Prediction inSpan=0 aboveNewest=70 belowOldest=0 noProbeTick=0 miss=70
LogOGRelayProbe: Warning: [Warning][RelayProbe.Miss] window=[3673,3793] src=Resim inSpan=0 aboveNewest=38 belowOldest=0 noProbeTick=0 miss=38
LogOGRelayProbe: Warning: [Warning][RelayProbe.Delta] window=[3673,3793] src=Prediction n=120 p10=-1 p50=1 p90=3 min=-3 max=4 satLow=0 satHigh=0
LogOGRelayProbe: Warning: [Warning][RelayProbe.Delta] window=[3673,3793] src=Resim n=416 p10=-5 p50=-3 p90=0 min=-9 max=3 satLow=0 satHigh=0
LogOGRelayProbe: Warning: [Warning][RelayProbe.Stale] window=[3673,3793] maxConsecutiveFallbackRun=11 id=28415
LogOGResimProbe: Warning: [Warning][ResimProbe.Gate] checks=120 declined=60 requested=60 requestedPerMille=500 deepSkips=0 survivingAnchors=0
LogOGResimProbe: Warning: [Warning][ResimProbe.Chaos] requests=61 grants=61 refused=0 refusedPerMille=0 repeat=0 clamped=0 depthMin=4 depthMax=7
LogOGResimProbe: Warning: [Warning][ResimProbe.Apply] prepares=61 finishes=61 abandoned=0 stuck=0 replayTicks=430 replayOverruns=0 freshProtects=37 staleProtects=0
LogOGResimProbe: Warning: [Warning][ResimProbe.Frame] role=Client simTicks=120 frames=200 meanTicksPerFrameX100=60 p50=1 p99=1 max=1 meanFrameUs=10000
LogOGResimProbe: Warning: [Warning][ResimProbe.Frame] role=Client cadence dFrame1=40 dFrame0=0 dFrameGt1=80 discont=0 numSteps total=120 max=1 gt1=0
LogOGResimProbe: Warning: [Warning][ResimProbe.Landing] class=LocallyPredicted behind=60 atFrontier=0 discarded=0 atFrontierPerMille=0 windowSamples=120
LogOGResimProbe: Warning: [Warning][ResimProbe.Landing] class=RemoteProxy behind=60 atFrontier=0 discarded=0 atFrontierPerMille=0 windowSamples=120
LogOGDivergenceProbe: Warning: [Warning][DivergenceProbe.Window] class=LocallyPredicted corrections=60 disagreed=60 ratePerMille=1000 windowSamples=120
LogOGDivergenceProbe: Warning: [Warning][DivergenceProbe.Window] class=RemoteProxy corrections=60 disagreed=60 ratePerMille=1000 windowSamples=120
LogOGRelayProbe: Warning: [Warning][RelayProbe.Read] window=[3793,3913] src=Prediction hit=47 miss=73 verifyFail=0 rung0=0 total=120
LogOGRelayProbe: Warning: [Warning][RelayProbe.Read] window=[3793,3913] src=Resim hit=362 miss=48 verifyFail=0 rung0=0 total=410
LogOGRelayProbe: Warning: [Warning][RelayProbe.Miss] window=[3793,3913] src=Prediction inSpan=0 aboveNewest=73 belowOldest=0 noProbeTick=0 miss=73
LogOGRelayProbe: Warning: [Warning][RelayProbe.Miss] window=[3793,3913] src=Resim inSpan=4 aboveNewest=44 belowOldest=0 noProbeTick=0 miss=48
LogOGRelayProbe: Warning: [Warning][RelayProbe.Delta] window=[3793,3913] src=Prediction n=120 p10=-1 p50=1 p90=3 min=-3 max=4 satLow=0 satHigh=0
LogOGRelayProbe: Warning: [Warning][RelayProbe.Delta] window=[3793,3913] src=Resim n=410 p10=-6 p50=-3 p90=1 min=-8 max=3 satLow=0 satHigh=0
LogOGRelayProbe: Warning: [Warning][RelayProbe.Stale] window=[3793,3913] maxConsecutiveFallbackRun=8 id=28415
LogOGResimProbe: Warning: [Warning][ResimProbe.Gate] checks=120 declined=55 requested=65 requestedPerMille=542 deepSkips=0 survivingAnchors=0
LogOGResimProbe: Warning: [Warning][ResimProbe.Chaos] requests=64 grants=59 refused=5 refusedPerMille=78 repeat=5 clamped=0 depthMin=4 depthMax=11
LogOGResimProbe: Warning: [Warning][ResimProbe.Apply] prepares=59 finishes=59 abandoned=0 stuck=0 replayTicks=441 replayOverruns=0 freshProtects=33 staleProtects=0
LogOGResimProbe: Warning: [Warning][ResimProbe.Frame] role=Client simTicks=120 frames=199 meanTicksPerFrameX100=60 p50=1 p99=1 max=1 meanFrameUs=10000
LogOGResimProbe: Warning: [Warning][ResimProbe.Frame] role=Client cadence dFrame1=41 dFrame0=0 dFrameGt1=79 discont=0 numSteps total=120 max=1 gt1=0
LogOGResimProbe: Warning: [Warning][ResimProbe.Landing] class=LocallyPredicted behind=60 atFrontier=0 discarded=0 atFrontierPerMille=0 windowSamples=120
LogOGResimProbe: Warning: [Warning][ResimProbe.Landing] class=RemoteProxy behind=60 atFrontier=0 discarded=0 atFrontierPerMille=0 windowSamples=120
LogOGDivergenceProbe: Warning: [Warning][DivergenceProbe.Window] class=LocallyPredicted corrections=60 disagreed=60 ratePerMille=1000 windowSamples=120
LogOGDivergenceProbe: Warning: [Warning][DivergenceProbe.Window] class=RemoteProxy corrections=60 disagreed=60 ratePerMille=1000 windowSamples=120
LogOGRelayProbe: Warning: [Warning][RelayProbe.Arrival] samples=120 gapCaptureTicks p50=2 p99=4 max=4 noAdvance=0 saturated=0 lostCaptureTicksX1000=4 lost=1 delivered=216 expected=217 discont=0 discontMax=0
LogOGRelayProbe: Warning: [Warning][RelayProbe.Read] window=[3913,4033] src=Prediction hit=33 miss=87 verifyFail=0 rung0=0 total=120
LogOGRelayProbe: Warning: [Warning][RelayProbe.Read] window=[3913,4033] src=Resim hit=462 miss=72 verifyFail=0 rung0=0 total=534
LogOGRelayProbe: Warning: [Warning][RelayProbe.Miss] window=[3913,4033] src=Prediction inSpan=0 aboveNewest=87 belowOldest=0 noProbeTick=0 miss=87
LogOGRelayProbe: Warning: [Warning][RelayProbe.Miss] window=[3913,4033] src=Resim inSpan=0 aboveNewest=72 belowOldest=0 noProbeTick=0 miss=72
LogOGRelayProbe: Warning: [Warning][RelayProbe.Delta] window=[3913,4033] src=Prediction n=120 p10=-1 p50=1 p90=3 min=-2 max=4 satLow=0 satHigh=0
LogOGRelayProbe: Warning: [Warning][RelayProbe.Delta] window=[3913,4033] src=Resim n=534 p10=-6 p50=-2 p90=1 min=-8 max=3 satLow=0 satHigh=0
LogOGRelayProbe: Warning: [Warning][RelayProbe.Stale] window=[3913,4033] maxConsecutiveFallbackRun=17 id=28415
LogOGResimProbe: Warning: [Warning][ResimProbe.Gate] checks=120 declined=51 requested=69 requestedPerMille=575 deepSkips=0 survivingAnchors=0
LogOGResimProbe: Warning: [Warning][ResimProbe.Chaos] requests=69 grants=69 refused=0 refusedPerMille=0 repeat=0 clamped=0 depthMin=5 depthMax=8
LogOGResimProbe: Warning: [Warning][ResimProbe.Apply] prepares=69 finishes=69 abandoned=0 stuck=0 replayTicks=538 replayOverruns=0 freshProtects=32 staleProtects=0
LogOGResimProbe: Warning: [Warning][ResimProbe.Frame] role=Client simTicks=120 frames=198 meanTicksPerFrameX100=60 p50=1 p99=1 max=1 meanFrameUs=10000
LogOGResimProbe: Warning: [Warning][ResimProbe.Frame] role=Client cadence dFrame1=42 dFrame0=0 dFrameGt1=78 discont=0 numSteps total=120 max=1 gt1=0
LogOGResimProbe: Warning: [Warning][ResimProbe.Landing] class=LocallyPredicted behind=60 atFrontier=0 discarded=0 atFrontierPerMille=0 windowSamples=120
LogOGResimProbe: Warning: [Warning][ResimProbe.Landing] class=RemoteProxy behind=60 atFrontier=0 discarded=0 atFrontierPerMille=0 windowSamples=120
LogOGDivergenceProbe: Warning: [Warning][DivergenceProbe.Window] class=LocallyPredicted corrections=60 disagreed=60 ratePerMille=1000 windowSamples=120
LogOGDivergenceProbe: Warning: [Warning][DivergenceProbe.Window] class=RemoteProxy corrections=60 disagreed=60 ratePerMille=1000 windowSamples=120
LogOGRelayProbe: Warning: [Warning][RelayProbe.Read] window=[4033,4153] src=Prediction hit=37 miss=83 verifyFail=0 rung0=0 total=120
LogOGRelayProbe: Warning: [Warning][RelayProbe.Read] window=[4033,4153] src=Resim hit=419 miss=57 verifyFail=0 rung0=0 total=476
LogOGRelayProbe: Warning: [Warning][RelayProbe.Miss] window=[4033,4153] src=Prediction inSpan=0 aboveNewest=83 belowOldest=0 noProbeTick=0 miss=83
LogOGRelayProbe: Warning: [Warning][RelayProbe.Miss] window=[4033,4153] src=Resim inSpan=3 aboveNewest=54 belowOldest=0 noProbeTick=0 miss=57
LogOGRelayProbe: Warning: [Warning][RelayProbe.Delta] window=[4033,4153] src=Prediction n=120 p10=-1 p50=1 p90=3 min=-2 max=4 satLow=0 satHigh=0
LogOGRelayProbe: Warning: [Warning][RelayProbe.Delta] window=[4033,4153] src=Resim n=476 p10=-6 p50=-3 p90=1 min=-8 max=3 satLow=0 satHigh=0
LogOGRelayProbe: Warning: [Warning][RelayProbe.Stale] window=[4033,4153] maxConsecutiveFallbackRun=14 id=28415
LogOGResimProbe: Warning: [Warning][ResimProbe.Gate] checks=120 declined=56 requested=64 requestedPerMille=533 deepSkips=0 survivingAnchors=0
LogOGResimProbe: Warning: [Warning][ResimProbe.Chaos] requests=64 grants=64 refused=0 refusedPerMille=0 repeat=0 clamped=0 depthMin=6 depthMax=8
LogOGResimProbe: Warning: [Warning][ResimProbe.Apply] prepares=64 finishes=64 abandoned=0 stuck=0 replayTicks=498 replayOverruns=0 freshProtects=34 staleProtects=0
LogOGResimProbe: Warning: [Warning][ResimProbe.Frame] role=Client simTicks=120 frames=201 meanTicksPerFrameX100=59 p50=1 p99=1 max=1 meanFrameUs=10000
LogOGResimProbe: Warning: [Warning][ResimProbe.Frame] role=Client cadence dFrame1=39 dFrame0=0 dFrameGt1=81 discont=0 numSteps total=120 max=1 gt1=0
LogOGResimProbe: Warning: [Warning][ResimProbe.Landing] class=LocallyPredicted behind=60 atFrontier=0 discarded=0 atFrontierPerMille=0 windowSamples=120
LogOGResimProbe: Warning: [Warning][ResimProbe.Landing] class=RemoteProxy behind=60 atFrontier=0 discarded=0 atFrontierPerMille=0 windowSamples=120
LogOGDivergenceProbe: Warning: [Warning][DivergenceProbe.Window] class=LocallyPredicted corrections=60 disagreed=60 ratePerMille=1000 windowSamples=120
LogOGDivergenceProbe: Warning: [Warning][DivergenceProbe.Window] class=RemoteProxy corrections=60 disagreed=60 ratePerMille=1000 windowSamples=120
LogOGRelayProbe: Warning: [Warning][RelayProbe.Arrival] samples=120 gapCaptureTicks p50=2 p99=4 max=5 noAdvance=0 saturated=0 lostCaptureTicksX1000=26 lost=6 delivered=217 expected=223 discont=0 discontMax=0
LogOGRelayProbe: Warning: [Warning][RelayProbe.Read] window=[4153,4273] src=Prediction hit=22 miss=98 verifyFail=0 rung0=0 total=120
LogOGRelayProbe: Warning: [Warning][RelayProbe.Read] window=[4153,4273] src=Resim hit=388 miss=85 verifyFail=0 rung0=0 total=473
LogOGRelayProbe: Warning: [Warning][RelayProbe.Miss] window=[4153,4273] src=Prediction inSpan=0 aboveNewest=98 belowOldest=0 noProbeTick=0 miss=98
LogOGRelayProbe: Warning: [Warning][RelayProbe.Miss] window=[4153,4273] src=Resim inSpan=13 aboveNewest=72 belowOldest=0 noProbeTick=0 miss=85
LogOGRelayProbe: Warning: [Warning][RelayProbe.Delta] window=[4153,4273] src=Prediction n=120 p10=0 p50=2 p90=3 min=-1 max=6 satLow=0 satHigh=0
LogOGRelayProbe: Warning: [Warning][RelayProbe.Delta] window=[4153,4273] src=Resim n=473 p10=-6 p50=-2 p90=1 min=-8 max=4 satLow=0 satHigh=0
LogOGRelayProbe: Warning: [Warning][RelayProbe.Stale] window=[4153,4273] maxConsecutiveFallbackRun=23 id=28415
LogOGResimProbe: Warning: [Warning][ResimProbe.Gate] checks=120 declined=59 requested=61 requestedPerMille=508 deepSkips=0 survivingAnchors=0
LogOGResimProbe: Warning: [Warning][ResimProbe.Chaos] requests=62 grants=61 refused=1 refusedPerMille=16 repeat=1 clamped=0 depthMin=6 depthMax=9
LogOGResimProbe: Warning: [Warning][ResimProbe.Apply] prepares=61 finishes=61 abandoned=0 stuck=0 replayTicks=499 replayOverruns=0 freshProtects=37 staleProtects=0
LogOGResimProbe: Warning: [Warning][ResimProbe.Frame] role=Client simTicks=120 frames=201 meanTicksPerFrameX100=59 p50=1 p99=1 max=1 meanFrameUs=10000
LogOGResimProbe: Warning: [Warning][ResimProbe.Frame] role=Client cadence dFrame1=39 dFrame0=0 dFrameGt1=81 discont=0 numSteps total=120 max=1 gt1=0
LogOGResimProbe: Warning: [Warning][ResimProbe.Landing] class=LocallyPredicted behind=61 atFrontier=0 discarded=0 atFrontierPerMille=0 windowSamples=120
LogOGResimProbe: Warning: [Warning][ResimProbe.Landing] class=RemoteProxy behind=59 atFrontier=0 discarded=0 atFrontierPerMille=0 windowSamples=120
LogOGDivergenceProbe: Warning: [Warning][DivergenceProbe.Window] class=LocallyPredicted corrections=61 disagreed=61 ratePerMille=1000 windowSamples=120
LogOGDivergenceProbe: Warning: [Warning][DivergenceProbe.Window] class=RemoteProxy corrections=59 disagreed=59 ratePerMille=1000 windowSamples=120
LogOGRelayProbe: Warning: [Warning][RelayProbe.Read] window=[4273,4393] src=Prediction hit=59 miss=61 verifyFail=0 rung0=0 total=120
LogOGRelayProbe: Warning: [Warning][RelayProbe.Read] window=[4273,4393] src=Resim hit=398 miss=31 verifyFail=0 rung0=0 total=429
LogOGRelayProbe: Warning: [Warning][RelayProbe.Miss] window=[4273,4393] src=Prediction inSpan=0 aboveNewest=61 belowOldest=0 noProbeTick=0 miss=61
LogOGRelayProbe: Warning: [Warning][RelayProbe.Miss] window=[4273,4393] src=Resim inSpan=0 aboveNewest=31 belowOldest=0 noProbeTick=0 miss=31
LogOGRelayProbe: Warning: [Warning][RelayProbe.Delta] window=[4273,4393] src=Prediction n=120 p10=-1 p50=1 p90=2 min=-3 max=4 satLow=0 satHigh=0
LogOGRelayProbe: Warning: [Warning][RelayProbe.Delta] window=[4273,4393] src=Resim n=429 p10=-6 p50=-3 p90=0 min=-9 max=3 satLow=0 satHigh=0
LogOGRelayProbe: Warning: [Warning][RelayProbe.Stale] window=[4273,4393] maxConsecutiveFallbackRun=6 id=28415
LogOGResimProbe: Warning: [Warning][ResimProbe.Gate] checks=120 declined=60 requested=60 requestedPerMille=500 deepSkips=0 survivingAnchors=0
LogOGResimProbe: Warning: [Warning][ResimProbe.Chaos] requests=60 grants=60 refused=0 refusedPerMille=0 repeat=0 clamped=0 depthMin=5 depthMax=8
LogOGResimProbe: Warning: [Warning][ResimProbe.Apply] prepares=60 finishes=60 abandoned=0 stuck=0 replayTicks=445 replayOverruns=0 freshProtects=40 staleProtects=0
LogOGResimProbe: Warning: [Warning][ResimProbe.Frame] role=Client simTicks=120 frames=200 meanTicksPerFrameX100=60 p50=1 p99=1 max=1 meanFrameUs=10000
LogOGResimProbe: Warning: [Warning][ResimProbe.Frame] role=Client cadence dFrame1=40 dFrame0=0 dFrameGt1=80 discont=0 numSteps total=120 max=1 gt1=0
LogOGResimProbe: Warning: [Warning][ResimProbe.Landing] class=LocallyPredicted behind=59 atFrontier=0 discarded=0 atFrontierPerMille=0 windowSamples=120
LogOGResimProbe: Warning: [Warning][ResimProbe.Landing] class=RemoteProxy behind=61 atFrontier=0 discarded=0 atFrontierPerMille=0 windowSamples=120
LogOGDivergenceProbe: Warning: [Warning][DivergenceProbe.Window] class=LocallyPredicted corrections=59 disagreed=59 ratePerMille=1000 windowSamples=120
LogOGDivergenceProbe: Warning: [Warning][DivergenceProbe.Window] class=RemoteProxy corrections=61 disagreed=61 ratePerMille=1000 windowSamples=120
LogOGRelayProbe: Warning: [Warning][RelayProbe.Arrival] samples=120 gapCaptureTicks p50=2 p99=4 max=4 noAdvance=0 saturated=0 lostCaptureTicksX1000=8 lost=2 delivered=232 expected=234 discont=0 discontMax=0
LogOGRelayProbe: Warning: [Warning][RelayProbe.Read] window=[4393,4513] src=Prediction hit=32 miss=88 verifyFail=0 rung0=0 total=120
LogOGRelayProbe: Warning: [Warning][RelayProbe.Read] window=[4393,4513] src=Resim hit=404 miss=64 verifyFail=0 rung0=0 total=468
LogOGRelayProbe: Warning: [Warning][RelayProbe.Miss] window=[4393,4513] src=Prediction inSpan=0 aboveNewest=88 belowOldest=0 noProbeTick=0 miss=88
LogOGRelayProbe: Warning: [Warning][RelayProbe.Miss] window=[4393,4513] src=Resim inSpan=3 aboveNewest=61 belowOldest=0 noProbeTick=0 miss=64
LogOGRelayProbe: Warning: [Warning][RelayProbe.Delta] window=[4393,4513] src=Prediction n=120 p10=-1 p50=1 p90=3 min=-3 max=4 satLow=0 satHigh=0
LogOGRelayProbe: Warning: [Warning][RelayProbe.Delta] window=[4393,4513] src=Resim n=468 p10=-6 p50=-3 p90=1 min=-9 max=3 satLow=0 satHigh=0
LogOGRelayProbe: Warning: [Warning][RelayProbe.Stale] window=[4393,4513] maxConsecutiveFallbackRun=11 id=28415
LogOGResimProbe: Warning: [Warning][ResimProbe.Gate] checks=120 declined=53 requested=67 requestedPerMille=558 deepSkips=0 survivingAnchors=0
LogOGResimProbe: Warning: [Warning][ResimProbe.Chaos] requests=67 grants=63 refused=4 refusedPerMille=60 repeat=4 clamped=0 depthMin=5 depthMax=9
LogOGResimProbe: Warning: [Warning][ResimProbe.Apply] prepares=63 finishes=63 abandoned=0 stuck=0 replayTicks=494 replayOverruns=0 freshProtects=38 staleProtects=0
LogOGResimProbe: Warning: [Warning][ResimProbe.Frame] role=Client simTicks=120 frames=199 meanTicksPerFrameX100=60 p50=1 p99=1 max=1 meanFrameUs=9999
LogOGResimProbe: Warning: [Warning][ResimProbe.Frame] role=Client cadence dFrame1=41 dFrame0=0 dFrameGt1=79 discont=0 numSteps total=120 max=1 gt1=0
LogOGResimProbe: Warning: [Warning][ResimProbe.Landing] class=LocallyPredicted behind=60 atFrontier=0 discarded=0 atFrontierPerMille=0 windowSamples=120
LogOGResimProbe: Warning: [Warning][ResimProbe.Landing] class=RemoteProxy behind=60 atFrontier=0 discarded=0 atFrontierPerMille=0 windowSamples=120
LogOGDivergenceProbe: Warning: [Warning][DivergenceProbe.Window] class=LocallyPredicted corrections=60 disagreed=60 ratePerMille=1000 windowSamples=120
LogOGDivergenceProbe: Warning: [Warning][DivergenceProbe.Window] class=RemoteProxy corrections=60 disagreed=60 ratePerMille=1000 windowSamples=120
LogOGRelayProbe: Warning: [Warning][RelayProbe.Read] window=[4513,4633] src=Prediction hit=38 miss=82 verifyFail=0 rung0=0 total=120
LogOGRelayProbe: Warning: [Warning][RelayProbe.Read] window=[4513,4633] src=Resim hit=411 miss=55 verifyFail=0 rung0=0 total=466
LogOGRelayProbe: Warning: [Warning][RelayProbe.Miss] window=[4513,4633] src=Prediction inSpan=0 aboveNewest=82 belowOldest=0 noProbeTick=0 miss=82
LogOGRelayProbe: Warning: [Warning][RelayProbe.Miss] window=[4513,4633] src=Resim inSpan=0 aboveNewest=55 belowOldest=0 noProbeTick=0 miss=55
LogOGRelayProbe: Warning: [Warning][RelayProbe.Delta] window=[4513,4633] src=Prediction n=120 p10=-1 p50=1 p90=3 min=-2 max=4 satLow=0 satHigh=0
LogOGRelayProbe: Warning: [Warning][RelayProbe.Delta] window=[4513,4633] src=Resim n=466 p10=-6 p50=-3 p90=1 min=-9 max=3 satLow=0 satHigh=0
LogOGRelayProbe: Warning: [Warning][RelayProbe.Stale] window=[4513,4633] maxConsecutiveFallbackRun=9 id=28415
LogOGResimProbe: Warning: [Warning][ResimProbe.Gate] checks=120 declined=53 requested=67 requestedPerMille=558 deepSkips=0 survivingAnchors=0
LogOGResimProbe: Warning: [Warning][ResimProbe.Chaos] requests=66 grants=62 refused=4 refusedPerMille=61 repeat=4 clamped=0 depthMin=4 depthMax=9
LogOGResimProbe: Warning: [Warning][ResimProbe.Apply] prepares=62 finishes=62 abandoned=0 stuck=0 replayTicks=481 replayOverruns=0 freshProtects=35 staleProtects=0
LogOGResimProbe: Warning: [Warning][ResimProbe.Frame] role=Client simTicks=120 frames=200 meanTicksPerFrameX100=60 p50=1 p99=1 max=1 meanFrameUs=10007
LogOGResimProbe: Warning: [Warning][ResimProbe.Frame] role=Client cadence dFrame1=40 dFrame0=0 dFrameGt1=80 discont=0 numSteps total=120 max=1 gt1=0
LogOGResimProbe: Warning: [Warning][ResimProbe.Landing] class=LocallyPredicted behind=60 atFrontier=0 discarded=0 atFrontierPerMille=0 windowSamples=120
LogOGResimProbe: Warning: [Warning][ResimProbe.Landing] class=RemoteProxy behind=60 atFrontier=0 discarded=0 atFrontierPerMille=0 windowSamples=120
LogOGDivergenceProbe: Warning: [Warning][DivergenceProbe.Window] class=LocallyPredicted corrections=60 disagreed=60 ratePerMille=1000 windowSamples=120
LogOGDivergenceProbe: Warning: [Warning][DivergenceProbe.Window] class=RemoteProxy corrections=60 disagreed=60 ratePerMille=1000 windowSamples=120
LogOGRelayProbe: Warning: [Warning][RelayProbe.Arrival] samples=120 gapCaptureTicks p50=2 p99=4 max=4 noAdvance=0 saturated=0 lostCaptureTicksX1000=0 lost=0 delivered=229 expected=229 discont=0 discontMax=0
LogOGRelayProbe: Warning: [Warning][RelayProbe.Read] window=[4633,4753] src=Prediction hit=33 miss=87 verifyFail=0 rung0=0 total=120
LogOGRelayProbe: Warning: [Warning][RelayProbe.Read] window=[4633,4753] src=Resim hit=408 miss=71 verifyFail=0 rung0=0 total=479
LogOGRelayProbe: Warning: [Warning][RelayProbe.Miss] window=[4633,4753] src=Prediction inSpan=0 aboveNewest=87 belowOldest=0 noProbeTick=0 miss=87
LogOGRelayProbe: Warning: [Warning][RelayProbe.Miss] window=[4633,4753] src=Resim inSpan=2 aboveNewest=69 belowOldest=0 noProbeTick=0 miss=71
LogOGRelayProbe: Warning: [Warning][RelayProbe.Delta] window=[4633,4753] src=Prediction n=120 p10=0 p50=1 p90=3 min=-1 max=4 satLow=0 satHigh=0
LogOGRelayProbe: Warning: [Warning][RelayProbe.Delta] window=[4633,4753] src=Resim n=479 p10=-5 p50=-2 p90=1 min=-8 max=4 satLow=0 satHigh=0
LogOGRelayProbe: Warning: [Warning][RelayProbe.Stale] window=[4633,4753] maxConsecutiveFallbackRun=10 id=28415
LogOGResimProbe: Warning: [Warning][ResimProbe.Gate] checks=120 declined=57 requested=63 requestedPerMille=525 deepSkips=0 survivingAnchors=0
LogOGResimProbe: Warning: [Warning][ResimProbe.Chaos] requests=64 grants=64 refused=0 refusedPerMille=0 repeat=0 clamped=0 depthMin=5 depthMax=8
LogOGResimProbe: Warning: [Warning][ResimProbe.Apply] prepares=64 finishes=64 abandoned=0 stuck=0 replayTicks=501 replayOverruns=0 freshProtects=39 staleProtects=0
LogOGResimProbe: Warning: [Warning][ResimProbe.Frame] role=Client simTicks=120 frames=200 meanTicksPerFrameX100=60 p50=1 p99=1 max=1 meanFrameUs=9999
LogOGResimProbe: Warning: [Warning][ResimProbe.Frame] role=Client cadence dFrame1=40 dFrame0=0 dFrameGt1=80 discont=0 numSteps total=120 max=1 gt1=0
LogOGResimProbe: Warning: [Warning][ResimProbe.Landing] class=LocallyPredicted behind=60 atFrontier=0 discarded=0 atFrontierPerMille=0 windowSamples=120
LogOGResimProbe: Warning: [Warning][ResimProbe.Landing] class=RemoteProxy behind=60 atFrontier=0 discarded=0 atFrontierPerMille=0 windowSamples=120
LogOGDivergenceProbe: Warning: [Warning][DivergenceProbe.Window] class=LocallyPredicted corrections=60 disagreed=60 ratePerMille=1000 windowSamples=120
LogOGDivergenceProbe: Warning: [Warning][DivergenceProbe.Window] class=RemoteProxy corrections=60 disagreed=60 ratePerMille=1000 windowSamples=120
LogOGRelayProbe: Warning: [Warning][RelayProbe.Read] window=[4753,4873] src=Prediction hit=44 miss=76 verifyFail=0 rung0=0 total=120
LogOGRelayProbe: Warning: [Warning][RelayProbe.Read] window=[4753,4873] src=Resim hit=410 miss=49 verifyFail=0 rung0=0 total=459
LogOGRelayProbe: Warning: [Warning][RelayProbe.Miss] window=[4753,4873] src=Prediction inSpan=0 aboveNewest=76 belowOldest=0 noProbeTick=0 miss=76
LogOGRelayProbe: Warning: [Warning][RelayProbe.Miss] window=[4753,4873] src=Resim inSpan=0 aboveNewest=49 belowOldest=0 noProbeTick=0 miss=49
LogOGRelayProbe: Warning: [Warning][RelayProbe.Delta] window=[4753,4873] src=Prediction n=120 p10=-1 p50=1 p90=3 min=-2 max=4 satLow=0 satHigh=0
LogOGRelayProbe: Warning: [Warning][RelayProbe.Delta] window=[4753,4873] src=Resim n=459 p10=-6 p50=-3 p90=1 min=-8 max=3 satLow=0 satHigh=0
LogOGRelayProbe: Warning: [Warning][RelayProbe.Stale] window=[4753,4873] maxConsecutiveFallbackRun=20 id=28415
LogOGResimProbe: Warning: [Warning][ResimProbe.Gate] checks=120 declined=57 requested=63 requestedPerMille=525 deepSkips=0 survivingAnchors=0
LogOGResimProbe: Warning: [Warning][ResimProbe.Chaos] requests=63 grants=63 refused=0 refusedPerMille=0 repeat=0 clamped=0 depthMin=5 depthMax=8
LogOGResimProbe: Warning: [Warning][ResimProbe.Apply] prepares=63 finishes=63 abandoned=0 stuck=0 replayTicks=479 replayOverruns=0 freshProtects=36 staleProtects=0
LogOGResimProbe: Warning: [Warning][ResimProbe.Frame] role=Client simTicks=120 frames=200 meanTicksPerFrameX100=60 p50=1 p99=1 max=1 meanFrameUs=10000
LogOGResimProbe: Warning: [Warning][ResimProbe.Frame] role=Client cadence dFrame1=40 dFrame0=0 dFrameGt1=80 discont=0 numSteps total=120 max=1 gt1=0
LogOGRelayProbe: Warning: [Warning][RelayProbe.Arrival] samples=120 gapCaptureTicks p50=2 p99=4 max=5 noAdvance=0 saturated=0 lostCaptureTicksX1000=9 lost=2 delivered=218 expected=220 discont=0 discontMax=0
LogOGResimProbe: Warning: [Warning][ResimProbe.Landing] class=LocallyPredicted behind=60 atFrontier=0 discarded=0 atFrontierPerMille=0 windowSamples=120
LogOGResimProbe: Warning: [Warning][ResimProbe.Landing] class=RemoteProxy behind=60 atFrontier=0 discarded=0 atFrontierPerMille=0 windowSamples=120
LogOGDivergenceProbe: Warning: [Warning][DivergenceProbe.Window] class=LocallyPredicted corrections=60 disagreed=60 ratePerMille=1000 windowSamples=120
LogOGDivergenceProbe: Warning: [Warning][DivergenceProbe.Window] class=RemoteProxy corrections=60 disagreed=60 ratePerMille=1000 windowSamples=120
LogOGRelayProbe: Warning: [Warning][RelayProbe.Read] window=[4873,4993] src=Prediction hit=47 miss=73 verifyFail=0 rung0=0 total=120
LogOGRelayProbe: Warning: [Warning][RelayProbe.Read] window=[4873,4993] src=Resim hit=402 miss=48 verifyFail=0 rung0=0 total=450
LogOGRelayProbe: Warning: [Warning][RelayProbe.Miss] window=[4873,4993] src=Prediction inSpan=0 aboveNewest=73 belowOldest=0 noProbeTick=0 miss=73
LogOGRelayProbe: Warning: [Warning][RelayProbe.Miss] window=[4873,4993] src=Resim inSpan=3 aboveNewest=45 belowOldest=0 noProbeTick=0 miss=48
LogOGRelayProbe: Warning: [Warning][RelayProbe.Delta] window=[4873,4993] src=Prediction n=120 p10=-1 p50=1 p90=3 min=-2 max=5 satLow=0 satHigh=0
LogOGRelayProbe: Warning: [Warning][RelayProbe.Delta] window=[4873,4993] src=Resim n=450 p10=-6 p50=-3 p90=0 min=-8 max=3 satLow=0 satHigh=0
LogOGRelayProbe: Warning: [Warning][RelayProbe.Stale] window=[4873,4993] maxConsecutiveFallbackRun=17 id=28415
LogOGResimProbe: Warning: [Warning][ResimProbe.Gate] checks=120 declined=58 requested=62 requestedPerMille=517 deepSkips=0 survivingAnchors=0
LogOGResimProbe: Warning: [Warning][ResimProbe.Chaos] requests=61 grants=61 refused=0 refusedPerMille=0 repeat=0 clamped=0 depthMin=4 depthMax=9
LogOGResimProbe: Warning: [Warning][ResimProbe.Apply] prepares=61 finishes=61 abandoned=0 stuck=0 replayTicks=463 replayOverruns=0 freshProtects=37 staleProtects=0
LogOGResimProbe: Warning: [Warning][ResimProbe.Frame] role=Client simTicks=120 frames=201 meanTicksPerFrameX100=59 p50=1 p99=1 max=1 meanFrameUs=10000
LogOGResimProbe: Warning: [Warning][ResimProbe.Frame] role=Client cadence dFrame1=39 dFrame0=0 dFrameGt1=81 discont=0 numSteps total=120 max=1 gt1=0
LogOGResimProbe: Warning: [Warning][ResimProbe.Landing] class=LocallyPredicted behind=60 atFrontier=0 discarded=0 atFrontierPerMille=0 windowSamples=120
LogOGResimProbe: Warning: [Warning][ResimProbe.Landing] class=RemoteProxy behind=60 atFrontier=0 discarded=0 atFrontierPerMille=0 windowSamples=120
LogOGDivergenceProbe: Warning: [Warning][DivergenceProbe.Window] class=LocallyPredicted corrections=60 disagreed=60 ratePerMille=1000 windowSamples=120
LogOGDivergenceProbe: Warning: [Warning][DivergenceProbe.Window] class=RemoteProxy corrections=60 disagreed=60 ratePerMille=1000 windowSamples=120
LogOGRelayProbe: Warning: [Warning][RelayProbe.Read] window=[4993,5113] src=Prediction hit=43 miss=77 verifyFail=0 rung0=0 total=120
LogOGRelayProbe: Warning: [Warning][RelayProbe.Read] window=[4993,5113] src=Resim hit=447 miss=54 verifyFail=0 rung0=0 total=501
LogOGRelayProbe: Warning: [Warning][RelayProbe.Miss] window=[4993,5113] src=Prediction inSpan=0 aboveNewest=77 belowOldest=0 noProbeTick=0 miss=77
LogOGRelayProbe: Warning: [Warning][RelayProbe.Miss] window=[4993,5113] src=Resim inSpan=0 aboveNewest=54 belowOldest=0 noProbeTick=0 miss=54
LogOGRelayProbe: Warning: [Warning][RelayProbe.Delta] window=[4993,5113] src=Prediction n=120 p10=-1 p50=1 p90=2 min=-3 max=4 satLow=0 satHigh=0
LogOGRelayProbe: Warning: [Warning][RelayProbe.Delta] window=[4993,5113] src=Resim n=501 p10=-6 p50=-3 p90=1 min=-9 max=3 satLow=0 satHigh=0
LogOGRelayProbe: Warning: [Warning][RelayProbe.Stale] window=[4993,5113] maxConsecutiveFallbackRun=11 id=28415
LogOGResimProbe: Warning: [Warning][ResimProbe.Gate] checks=120 declined=54 requested=66 requestedPerMille=550 deepSkips=0 survivingAnchors=0
LogOGResimProbe: Warning: [Warning][ResimProbe.Chaos] requests=67 grants=67 refused=0 refusedPerMille=0 repeat=0 clamped=0 depthMin=5 depthMax=8
LogOGResimProbe: Warning: [Warning][ResimProbe.Apply] prepares=67 finishes=67 abandoned=0 stuck=0 replayTicks=519 replayOverruns=0 freshProtects=37 staleProtects=0
LogOGResimProbe: Warning: [Warning][ResimProbe.Frame] role=Client simTicks=120 frames=200 meanTicksPerFrameX100=60 p50=1 p99=1 max=1 meanFrameUs=10000
LogOGResimProbe: Warning: [Warning][ResimProbe.Frame] role=Client cadence dFrame1=40 dFrame0=0 dFrameGt1=80 discont=0 numSteps total=120 max=1 gt1=0
LogOGRelayProbe: Warning: [Warning][RelayProbe.Arrival] samples=120 gapCaptureTicks p50=2 p99=3 max=3 noAdvance=0 saturated=0 lostCaptureTicksX1000=0 lost=0 delivered=212 expected=212 discont=0 discontMax=0
LogOGResimProbe: Warning: [Warning][ResimProbe.Landing] class=LocallyPredicted behind=60 atFrontier=0 discarded=0 atFrontierPerMille=0 windowSamples=120
LogOGResimProbe: Warning: [Warning][ResimProbe.Landing] class=RemoteProxy behind=60 atFrontier=0 discarded=0 atFrontierPerMille=0 windowSamples=120
LogOGDivergenceProbe: Warning: [Warning][DivergenceProbe.Window] class=LocallyPredicted corrections=60 disagreed=60 ratePerMille=1000 windowSamples=120
LogOGDivergenceProbe: Warning: [Warning][DivergenceProbe.Window] class=RemoteProxy corrections=60 disagreed=60 ratePerMille=1000 windowSamples=120
LogOGRelayProbe: Warning: [Warning][RelayProbe.Read] window=[5113,5233] src=Prediction hit=46 miss=74 verifyFail=0 rung0=0 total=120
LogOGRelayProbe: Warning: [Warning][RelayProbe.Read] window=[5113,5233] src=Resim hit=382 miss=45 verifyFail=0 rung0=0 total=427
LogOGRelayProbe: Warning: [Warning][RelayProbe.Miss] window=[5113,5233] src=Prediction inSpan=0 aboveNewest=74 belowOldest=0 noProbeTick=0 miss=74
LogOGRelayProbe: Warning: [Warning][RelayProbe.Miss] window=[5113,5233] src=Resim inSpan=4 aboveNewest=41 belowOldest=0 noProbeTick=0 miss=45
LogOGRelayProbe: Warning: [Warning][RelayProbe.Delta] window=[5113,5233] src=Prediction n=120 p10=-1 p50=1 p90=3 min=-3 max=5 satLow=0 satHigh=0
LogOGRelayProbe: Warning: [Warning][RelayProbe.Delta] window=[5113,5233] src=Resim n=427 p10=-6 p50=-3 p90=0 min=-8 max=3 satLow=0 satHigh=0
LogOGRelayProbe: Warning: [Warning][RelayProbe.Stale] window=[5113,5233] maxConsecutiveFallbackRun=12 id=28415
LogOGResimProbe: Warning: [Warning][ResimProbe.Gate] checks=120 declined=55 requested=65 requestedPerMille=542 deepSkips=0 survivingAnchors=0
LogOGResimProbe: Warning: [Warning][ResimProbe.Chaos] requests=64 grants=62 refused=2 refusedPerMille=31 repeat=2 clamped=0 depthMin=4 depthMax=8
LogOGResimProbe: Warning: [Warning][ResimProbe.Apply] prepares=62 finishes=62 abandoned=0 stuck=0 replayTicks=452 replayOverruns=0 freshProtects=37 staleProtects=0
LogOGResimProbe: Warning: [Warning][ResimProbe.Frame] role=Client simTicks=120 frames=200 meanTicksPerFrameX100=60 p50=1 p99=1 max=1 meanFrameUs=10000
LogOGResimProbe: Warning: [Warning][ResimProbe.Frame] role=Client cadence dFrame1=40 dFrame0=0 dFrameGt1=80 discont=0 numSteps total=120 max=1 gt1=0
LogOGResimProbe: Warning: [Warning][ResimProbe.Landing] class=LocallyPredicted behind=59 atFrontier=0 discarded=0 atFrontierPerMille=0 windowSamples=120
LogOGResimProbe: Warning: [Warning][ResimProbe.Landing] class=RemoteProxy behind=61 atFrontier=0 discarded=0 atFrontierPerMille=0 windowSamples=120
LogOGDivergenceProbe: Warning: [Warning][DivergenceProbe.Window] class=LocallyPredicted corrections=59 disagreed=59 ratePerMille=1000 windowSamples=120
LogOGDivergenceProbe: Warning: [Warning][DivergenceProbe.Window] class=RemoteProxy corrections=61 disagreed=61 ratePerMille=1000 windowSamples=120
LogOGRelayProbe: Warning: [Warning][RelayProbe.Read] window=[5233,5353] src=Prediction hit=26 miss=94 verifyFail=0 rung0=0 total=120
LogOGRelayProbe: Warning: [Warning][RelayProbe.Read] window=[5233,5353] src=Resim hit=401 miss=88 verifyFail=0 rung0=0 total=489
LogOGRelayProbe: Warning: [Warning][RelayProbe.Miss] window=[5233,5353] src=Prediction inSpan=0 aboveNewest=94 belowOldest=0 noProbeTick=0 miss=94
LogOGRelayProbe: Warning: [Warning][RelayProbe.Miss] window=[5233,5353] src=Resim inSpan=4 aboveNewest=84 belowOldest=0 noProbeTick=0 miss=88
LogOGRelayProbe: Warning: [Warning][RelayProbe.Delta] window=[5233,5353] src=Prediction n=120 p10=0 p50=2 p90=3 min=-2 max=4 satLow=0 satHigh=0
LogOGRelayProbe: Warning: [Warning][RelayProbe.Delta] window=[5233,5353] src=Resim n=489 p10=-5 p50=-2 p90=1 min=-8 max=3 satLow=0 satHigh=0
LogOGRelayProbe: Warning: [Warning][RelayProbe.Stale] window=[5233,5353] maxConsecutiveFallbackRun=23 id=28415
LogOGResimProbe: Warning: [Warning][ResimProbe.Gate] checks=120 declined=57 requested=63 requestedPerMille=525 deepSkips=0 survivingAnchors=0
LogOGResimProbe: Warning: [Warning][ResimProbe.Chaos] requests=64 grants=64 refused=0 refusedPerMille=0 repeat=0 clamped=0 depthMin=5 depthMax=8
LogOGResimProbe: Warning: [Warning][ResimProbe.Apply] prepares=64 finishes=64 abandoned=0 stuck=0 replayTicks=502 replayOverruns=0 freshProtects=37 staleProtects=0
LogOGResimProbe: Warning: [Warning][ResimProbe.Frame] role=Client simTicks=120 frames=200 meanTicksPerFrameX100=60 p50=1 p99=1 max=1 meanFrameUs=10000
LogOGResimProbe: Warning: [Warning][ResimProbe.Frame] role=Client cadence dFrame1=40 dFrame0=0 dFrameGt1=80 discont=0 numSteps total=120 max=1 gt1=0
LogOGRelayProbe: Warning: [Warning][RelayProbe.Arrival] samples=120 gapCaptureTicks p50=2 p99=5 max=5 noAdvance=0 saturated=0 lostCaptureTicksX1000=16 lost=4 delivered=237 expected=241 discont=0 discontMax=0
LogOGResimProbe: Warning: [Warning][ResimProbe.Landing] class=LocallyPredicted behind=60 atFrontier=0 discarded=0 atFrontierPerMille=0 windowSamples=120
LogOGResimProbe: Warning: [Warning][ResimProbe.Landing] class=RemoteProxy behind=60 atFrontier=0 discarded=0 atFrontierPerMille=0 windowSamples=120
LogOGDivergenceProbe: Warning: [Warning][DivergenceProbe.Window] class=LocallyPredicted corrections=60 disagreed=60 ratePerMille=1000 windowSamples=120
LogOGDivergenceProbe: Warning: [Warning][DivergenceProbe.Window] class=RemoteProxy corrections=60 disagreed=60 ratePerMille=1000 windowSamples=120
LogOGRelayProbe: Warning: [Warning][RelayProbe.Read] window=[5353,5473] src=Prediction hit=43 miss=77 verifyFail=0 rung0=0 total=120
LogOGRelayProbe: Warning: [Warning][RelayProbe.Read] window=[5353,5473] src=Resim hit=360 miss=57 verifyFail=0 rung0=0 total=417
LogOGRelayProbe: Warning: [Warning][RelayProbe.Miss] window=[5353,5473] src=Prediction inSpan=0 aboveNewest=77 belowOldest=0 noProbeTick=0 miss=77
LogOGRelayProbe: Warning: [Warning][RelayProbe.Miss] window=[5353,5473] src=Resim inSpan=8 aboveNewest=49 belowOldest=0 noProbeTick=0 miss=57
LogOGRelayProbe: Warning: [Warning][RelayProbe.Delta] window=[5353,5473] src=Prediction n=120 p10=-1 p50=1 p90=3 min=-2 max=5 satLow=0 satHigh=0
LogOGRelayProbe: Warning: [Warning][RelayProbe.Delta] window=[5353,5473] src=Resim n=417 p10=-5 p50=-2 p90=1 min=-8 max=3 satLow=0 satHigh=0
LogOGRelayProbe: Warning: [Warning][RelayProbe.Stale] window=[5353,5473] maxConsecutiveFallbackRun=12 id=28415
LogOGResimProbe: Warning: [Warning][ResimProbe.Gate] checks=120 declined=59 requested=61 requestedPerMille=508 deepSkips=0 survivingAnchors=0
LogOGResimProbe: Warning: [Warning][ResimProbe.Chaos] requests=60 grants=60 refused=0 refusedPerMille=0 repeat=0 clamped=0 depthMin=5 depthMax=8
LogOGResimProbe: Warning: [Warning][ResimProbe.Apply] prepares=60 finishes=60 abandoned=0 stuck=0 replayTicks=435 replayOverruns=0 freshProtects=34 staleProtects=0
LogOGResimProbe: Warning: [Warning][ResimProbe.Frame] role=Client simTicks=120 frames=199 meanTicksPerFrameX100=60 p50=1 p99=1 max=1 meanFrameUs=10000
LogOGResimProbe: Warning: [Warning][ResimProbe.Frame] role=Client cadence dFrame1=41 dFrame0=0 dFrameGt1=79 discont=0 numSteps total=120 max=1 gt1=0
LogOGResimProbe: Warning: [Warning][ResimProbe.Landing] class=LocallyPredicted behind=61 atFrontier=0 discarded=0 atFrontierPerMille=0 windowSamples=120
LogOGResimProbe: Warning: [Warning][ResimProbe.Landing] class=RemoteProxy behind=59 atFrontier=0 discarded=0 atFrontierPerMille=0 windowSamples=120
LogOGDivergenceProbe: Warning: [Warning][DivergenceProbe.Window] class=LocallyPredicted corrections=61 disagreed=61 ratePerMille=1000 windowSamples=120
LogOGDivergenceProbe: Warning: [Warning][DivergenceProbe.Window] class=RemoteProxy corrections=59 disagreed=59 ratePerMille=1000 windowSamples=120
LogOGRelayProbe: Warning: [Warning][RelayProbe.Arrival] samples=120 gapCaptureTicks p50=2 p99=5 max=5 noAdvance=0 saturated=0 lostCaptureTicksX1000=13 lost=3 delivered=219 expected=222 discont=0 discontMax=0
LogOGRelayProbe: Warning: [Warning][RelayProbe.Read] window=[5473,5593] src=Prediction hit=28 miss=92 verifyFail=0 rung0=0 total=120
LogOGRelayProbe: Warning: [Warning][RelayProbe.Read] window=[5473,5593] src=Resim hit=435 miss=108 verifyFail=0 rung0=0 total=543
LogOGRelayProbe: Warning: [Warning][RelayProbe.Miss] window=[5473,5593] src=Prediction inSpan=0 aboveNewest=92 belowOldest=0 noProbeTick=0 miss=92
LogOGRelayProbe: Warning: [Warning][RelayProbe.Miss] window=[5473,5593] src=Resim inSpan=0 aboveNewest=108 belowOldest=0 noProbeTick=0 miss=108
LogOGRelayProbe: Warning: [Warning][RelayProbe.Delta] window=[5473,5593] src=Prediction n=120 p10=0 p50=2 p90=4 min=-2 max=6 satLow=0 satHigh=0
LogOGRelayProbe: Warning: [Warning][RelayProbe.Delta] window=[5473,5593] src=Resim n=543 p10=-5 p50=-2 p90=2 min=-8 max=6 satLow=0 satHigh=0
LogOGRelayProbe: Warning: [Warning][RelayProbe.Stale] window=[5473,5593] maxConsecutiveFallbackRun=32 id=28415
LogOGResimProbe: Warning: [Warning][ResimProbe.Gate] checks=120 declined=50 requested=70 requestedPerMille=583 deepSkips=0 survivingAnchors=0
LogOGResimProbe: Warning: [Warning][ResimProbe.Chaos] requests=71 grants=71 refused=0 refusedPerMille=0 repeat=0 clamped=0 depthMin=5 depthMax=9
LogOGResimProbe: Warning: [Warning][ResimProbe.Apply] prepares=71 finishes=71 abandoned=0 stuck=0 replayTicks=560 replayOverruns=0 freshProtects=36 staleProtects=0
LogOGResimProbe: Warning: [Warning][ResimProbe.Frame] role=Client simTicks=120 frames=201 meanTicksPerFrameX100=59 p50=1 p99=1 max=1 meanFrameUs=9999
LogOGResimProbe: Warning: [Warning][ResimProbe.Frame] role=Client cadence dFrame1=39 dFrame0=0 dFrameGt1=81 discont=0 numSteps total=120 max=1 gt1=0
LogOGResimProbe: Warning: [Warning][ResimProbe.Landing] class=LocallyPredicted behind=60 atFrontier=0 discarded=0 atFrontierPerMille=0 windowSamples=120
LogOGResimProbe: Warning: [Warning][ResimProbe.Landing] class=RemoteProxy behind=60 atFrontier=0 discarded=0 atFrontierPerMille=0 windowSamples=120
LogOGDivergenceProbe: Warning: [Warning][DivergenceProbe.Window] class=LocallyPredicted corrections=60 disagreed=60 ratePerMille=1000 windowSamples=120
LogOGDivergenceProbe: Warning: [Warning][DivergenceProbe.Window] class=RemoteProxy corrections=60 disagreed=60 ratePerMille=1000 windowSamples=120
LogOGRelayProbe: Warning: [Warning][RelayProbe.Read] window=[5593,5713] src=Prediction hit=46 miss=74 verifyFail=0 rung0=0 total=120
LogOGRelayProbe: Warning: [Warning][RelayProbe.Read] window=[5593,5713] src=Resim hit=356 miss=60 verifyFail=0 rung0=0 total=416
LogOGRelayProbe: Warning: [Warning][RelayProbe.Miss] window=[5593,5713] src=Prediction inSpan=0 aboveNewest=74 belowOldest=0 noProbeTick=0 miss=74
LogOGRelayProbe: Warning: [Warning][RelayProbe.Miss] window=[5593,5713] src=Resim inSpan=17 aboveNewest=43 belowOldest=0 noProbeTick=0 miss=60
LogOGRelayProbe: Warning: [Warning][RelayProbe.Delta] window=[5593,5713] src=Prediction n=120 p10=-1 p50=1 p90=3 min=-2 max=4 satLow=0 satHigh=0
LogOGRelayProbe: Warning: [Warning][RelayProbe.Delta] window=[5593,5713] src=Resim n=416 p10=-5 p50=-2 p90=1 min=-8 max=3 satLow=0 satHigh=0
LogOGRelayProbe: Warning: [Warning][RelayProbe.Stale] window=[5593,5713] maxConsecutiveFallbackRun=7 id=28415
LogOGResimProbe: Warning: [Warning][ResimProbe.Gate] checks=120 declined=57 requested=63 requestedPerMille=525 deepSkips=0 survivingAnchors=0
LogOGResimProbe: Warning: [Warning][ResimProbe.Chaos] requests=63 grants=63 refused=0 refusedPerMille=0 repeat=0 clamped=0 depthMin=5 depthMax=8
LogOGResimProbe: Warning: [Warning][ResimProbe.Apply] prepares=63 finishes=63 abandoned=0 stuck=0 replayTicks=439 replayOverruns=0 freshProtects=39 staleProtects=0
LogOGResimProbe: Warning: [Warning][ResimProbe.Frame] role=Client simTicks=120 frames=200 meanTicksPerFrameX100=60 p50=1 p99=1 max=1 meanFrameUs=10000
LogOGResimProbe: Warning: [Warning][ResimProbe.Frame] role=Client cadence dFrame1=40 dFrame0=0 dFrameGt1=80 discont=0 numSteps total=120 max=1 gt1=0
LogOGResimProbe: Warning: [Warning][ResimProbe.Landing] class=LocallyPredicted behind=59 atFrontier=0 discarded=0 atFrontierPerMille=0 windowSamples=120
LogOGResimProbe: Warning: [Warning][ResimProbe.Landing] class=RemoteProxy behind=61 atFrontier=0 discarded=0 atFrontierPerMille=0 windowSamples=120
LogOGDivergenceProbe: Warning: [Warning][DivergenceProbe.Window] class=LocallyPredicted corrections=59 disagreed=59 ratePerMille=1000 windowSamples=120
LogOGDivergenceProbe: Warning: [Warning][DivergenceProbe.Window] class=RemoteProxy corrections=61 disagreed=61 ratePerMille=1000 windowSamples=120
LogOGRelayProbe: Warning: [Warning][RelayProbe.Arrival] samples=120 gapCaptureTicks p50=2 p99=4 max=6 noAdvance=0 saturated=0 lostCaptureTicksX1000=43 lost=10 delivered=218 expected=228 discont=0 discontMax=0
LogOGRelayProbe: Warning: [Warning][RelayProbe.Read] window=[5713,5833] src=Prediction hit=44 miss=76 verifyFail=0 rung0=0 total=120
LogOGRelayProbe: Warning: [Warning][RelayProbe.Read] window=[5713,5833] src=Resim hit=383 miss=51 verifyFail=0 rung0=0 total=434
LogOGRelayProbe: Warning: [Warning][RelayProbe.Miss] window=[5713,5833] src=Prediction inSpan=0 aboveNewest=76 belowOldest=0 noProbeTick=0 miss=76
LogOGRelayProbe: Warning: [Warning][RelayProbe.Miss] window=[5713,5833] src=Resim inSpan=7 aboveNewest=44 belowOldest=0 noProbeTick=0 miss=51
LogOGRelayProbe: Warning: [Warning][RelayProbe.Delta] window=[5713,5833] src=Prediction n=120 p10=-1 p50=1 p90=3 min=-2 max=4 satLow=0 satHigh=0
LogOGRelayProbe: Warning: [Warning][RelayProbe.Delta] window=[5713,5833] src=Resim n=434 p10=-5 p50=-2 p90=1 min=-8 max=3 satLow=0 satHigh=0
LogOGRelayProbe: Warning: [Warning][RelayProbe.Stale] window=[5713,5833] maxConsecutiveFallbackRun=8 id=28415
LogOGResimProbe: Warning: [Warning][ResimProbe.Gate] checks=120 declined=57 requested=63 requestedPerMille=525 deepSkips=0 survivingAnchors=0
LogOGResimProbe: Warning: [Warning][ResimProbe.Chaos] requests=62 grants=62 refused=0 refusedPerMille=0 repeat=0 clamped=0 depthMin=5 depthMax=8
LogOGResimProbe: Warning: [Warning][ResimProbe.Apply] prepares=62 finishes=62 abandoned=0 stuck=0 replayTicks=443 replayOverruns=0 freshProtects=32 staleProtects=0
LogOGResimProbe: Warning: [Warning][ResimProbe.Frame] role=Client simTicks=120 frames=200 meanTicksPerFrameX100=60 p50=1 p99=1 max=1 meanFrameUs=9999
LogOGResimProbe: Warning: [Warning][ResimProbe.Frame] role=Client cadence dFrame1=40 dFrame0=0 dFrameGt1=80 discont=0 numSteps total=120 max=1 gt1=0
LogOGResimProbe: Warning: [Warning][ResimProbe.Landing] class=LocallyPredicted behind=61 atFrontier=0 discarded=0 atFrontierPerMille=0 windowSamples=120
LogOGResimProbe: Warning: [Warning][ResimProbe.Landing] class=RemoteProxy behind=59 atFrontier=0 discarded=0 atFrontierPerMille=0 windowSamples=120
LogOGDivergenceProbe: Warning: [Warning][DivergenceProbe.Window] class=LocallyPredicted corrections=61 disagreed=61 ratePerMille=1000 windowSamples=120
LogOGDivergenceProbe: Warning: [Warning][DivergenceProbe.Window] class=RemoteProxy corrections=59 disagreed=59 ratePerMille=1000 windowSamples=120
LogOGRelayProbe: Warning: [Warning][RelayProbe.Read] window=[5833,5953] src=Prediction hit=25 miss=95 verifyFail=0 rung0=0 total=120
LogOGRelayProbe: Warning: [Warning][RelayProbe.Read] window=[5833,5953] src=Resim hit=382 miss=95 verifyFail=0 rung0=0 total=477
LogOGRelayProbe: Warning: [Warning][RelayProbe.Miss] window=[5833,5953] src=Prediction inSpan=0 aboveNewest=95 belowOldest=0 noProbeTick=0 miss=95
LogOGRelayProbe: Warning: [Warning][RelayProbe.Miss] window=[5833,5953] src=Resim inSpan=3 aboveNewest=92 belowOldest=0 noProbeTick=0 miss=95
LogOGRelayProbe: Warning: [Warning][RelayProbe.Delta] window=[5833,5953] src=Prediction n=120 p10=0 p50=2 p90=3 min=-2 max=5 satLow=0 satHigh=0
LogOGRelayProbe: Warning: [Warning][RelayProbe.Delta] window=[5833,5953] src=Resim n=477 p10=-5 p50=-2 p90=2 min=-8 max=4 satLow=0 satHigh=0
LogOGRelayProbe: Warning: [Warning][RelayProbe.Stale] window=[5833,5953] maxConsecutiveFallbackRun=36 id=28415
LogOGResimProbe: Warning: [Warning][ResimProbe.Gate] checks=120 declined=57 requested=63 requestedPerMille=525 deepSkips=0 survivingAnchors=0
LogOGResimProbe: Warning: [Warning][ResimProbe.Chaos] requests=63 grants=63 refused=0 refusedPerMille=0 repeat=0 clamped=0 depthMin=4 depthMax=9
LogOGResimProbe: Warning: [Warning][ResimProbe.Apply] prepares=63 finishes=63 abandoned=0 stuck=0 replayTicks=494 replayOverruns=0 freshProtects=34 staleProtects=0
LogOGResimProbe: Warning: [Warning][ResimProbe.Frame] role=Client simTicks=120 frames=199 meanTicksPerFrameX100=60 p50=1 p99=1 max=1 meanFrameUs=10000
LogOGResimProbe: Warning: [Warning][ResimProbe.Frame] role=Client cadence dFrame1=41 dFrame0=0 dFrameGt1=79 discont=0 numSteps total=120 max=1 gt1=0
LogOGResimProbe: Warning: [Warning][ResimProbe.Landing] class=LocallyPredicted behind=60 atFrontier=0 discarded=0 atFrontierPerMille=0 windowSamples=120
LogOGResimProbe: Warning: [Warning][ResimProbe.Landing] class=RemoteProxy behind=60 atFrontier=0 discarded=0 atFrontierPerMille=0 windowSamples=120
LogOGDivergenceProbe: Warning: [Warning][DivergenceProbe.Window] class=LocallyPredicted corrections=60 disagreed=60 ratePerMille=1000 windowSamples=120
LogOGDivergenceProbe: Warning: [Warning][DivergenceProbe.Window] class=RemoteProxy corrections=60 disagreed=60 ratePerMille=1000 windowSamples=120
LogOGRelayProbe: Warning: [Warning][RelayProbe.Arrival] samples=120 gapCaptureTicks p50=2 p99=5 max=5 noAdvance=0 saturated=0 lostCaptureTicksX1000=25 lost=6 delivered=228 expected=234 discont=0 discontMax=0
LogOGRelayProbe: Warning: [Warning][RelayProbe.Read] window=[5953,6073] src=Prediction hit=22 miss=98 verifyFail=0 rung0=0 total=120
LogOGRelayProbe: Warning: [Warning][RelayProbe.Read] window=[5953,6073] src=Resim hit=393 miss=101 verifyFail=0 rung0=0 total=494
LogOGRelayProbe: Warning: [Warning][RelayProbe.Miss] window=[5953,6073] src=Prediction inSpan=0 aboveNewest=98 belowOldest=0 noProbeTick=0 miss=98
LogOGRelayProbe: Warning: [Warning][RelayProbe.Miss] window=[5953,6073] src=Resim inSpan=11 aboveNewest=90 belowOldest=0 noProbeTick=0 miss=101
LogOGRelayProbe: Warning: [Warning][RelayProbe.Delta] window=[5953,6073] src=Prediction n=120 p10=0 p50=2 p90=3 min=-2 max=5 satLow=0 satHigh=0
LogOGRelayProbe: Warning: [Warning][RelayProbe.Delta] window=[5953,6073] src=Resim n=494 p10=-5 p50=-2 p90=1 min=-7 max=4 satLow=0 satHigh=0
LogOGRelayProbe: Warning: [Warning][RelayProbe.Stale] window=[5953,6073] maxConsecutiveFallbackRun=23 id=28415
LogOGResimProbe: Warning: [Warning][ResimProbe.Gate] checks=120 declined=53 requested=67 requestedPerMille=558 deepSkips=0 survivingAnchors=0
LogOGResimProbe: Warning: [Warning][ResimProbe.Chaos] requests=68 grants=68 refused=0 refusedPerMille=0 repeat=0 clamped=0 depthMin=5 depthMax=8
LogOGResimProbe: Warning: [Warning][ResimProbe.Apply] prepares=68 finishes=68 abandoned=0 stuck=0 replayTicks=525 replayOverruns=0 freshProtects=34 staleProtects=0
LogOGResimProbe: Warning: [Warning][ResimProbe.Frame] role=Client simTicks=120 frames=201 meanTicksPerFrameX100=59 p50=1 p99=1 max=1 meanFrameUs=10000
LogOGResimProbe: Warning: [Warning][ResimProbe.Frame] role=Client cadence dFrame1=39 dFrame0=0 dFrameGt1=81 discont=0 numSteps total=120 max=1 gt1=0
LogOGResimProbe: Warning: [Warning][ResimProbe.Landing] class=LocallyPredicted behind=60 atFrontier=0 discarded=0 atFrontierPerMille=0 windowSamples=120
LogOGResimProbe: Warning: [Warning][ResimProbe.Landing] class=RemoteProxy behind=60 atFrontier=0 discarded=0 atFrontierPerMille=0 windowSamples=120
LogOGDivergenceProbe: Warning: [Warning][DivergenceProbe.Window] class=LocallyPredicted corrections=60 disagreed=60 ratePerMille=1000 windowSamples=120
LogOGDivergenceProbe: Warning: [Warning][DivergenceProbe.Window] class=RemoteProxy corrections=60 disagreed=60 ratePerMille=1000 windowSamples=120
LogOGRelayProbe: Warning: [Warning][RelayProbe.Read] window=[6073,6193] src=Prediction hit=42 miss=78 verifyFail=0 rung0=0 total=120
LogOGRelayProbe: Warning: [Warning][RelayProbe.Read] window=[6073,6193] src=Resim hit=430 miss=71 verifyFail=0 rung0=0 total=501
LogOGRelayProbe: Warning: [Warning][RelayProbe.Miss] window=[6073,6193] src=Prediction inSpan=0 aboveNewest=78 belowOldest=0 noProbeTick=0 miss=78
LogOGRelayProbe: Warning: [Warning][RelayProbe.Miss] window=[6073,6193] src=Resim inSpan=2 aboveNewest=69 belowOldest=0 noProbeTick=0 miss=71
LogOGRelayProbe: Warning: [Warning][RelayProbe.Delta] window=[6073,6193] src=Prediction n=120 p10=-1 p50=1 p90=3 min=-2 max=4 satLow=0 satHigh=0
LogOGRelayProbe: Warning: [Warning][RelayProbe.Delta] window=[6073,6193] src=Resim n=501 p10=-5 p50=-2 p90=1 min=-8 max=3 satLow=0 satHigh=0
LogOGRelayProbe: Warning: [Warning][RelayProbe.Stale] window=[6073,6193] maxConsecutiveFallbackRun=10 id=28415
LogOGResimProbe: Warning: [Warning][ResimProbe.Gate] checks=120 declined=48 requested=72 requestedPerMille=600 deepSkips=0 survivingAnchors=0
LogOGResimProbe: Warning: [Warning][ResimProbe.Chaos] requests=71 grants=71 refused=0 refusedPerMille=0 repeat=0 clamped=0 depthMin=5 depthMax=8
LogOGResimProbe: Warning: [Warning][ResimProbe.Apply] prepares=71 finishes=71 abandoned=0 stuck=0 replayTicks=522 replayOverruns=0 freshProtects=36 staleProtects=0
LogOGResimProbe: Warning: [Warning][ResimProbe.Frame] role=Client simTicks=120 frames=200 meanTicksPerFrameX100=60 p50=1 p99=1 max=1 meanFrameUs=10001
LogOGResimProbe: Warning: [Warning][ResimProbe.Frame] role=Client cadence dFrame1=40 dFrame0=0 dFrameGt1=80 discont=0 numSteps total=120 max=1 gt1=0
LogOGResimProbe: Warning: [Warning][ResimProbe.Landing] class=LocallyPredicted behind=60 atFrontier=0 discarded=0 atFrontierPerMille=0 windowSamples=120
LogOGResimProbe: Warning: [Warning][ResimProbe.Landing] class=RemoteProxy behind=60 atFrontier=0 discarded=0 atFrontierPerMille=0 windowSamples=120
LogOGDivergenceProbe: Warning: [Warning][DivergenceProbe.Window] class=LocallyPredicted corrections=60 disagreed=60 ratePerMille=1000 windowSamples=120
LogOGDivergenceProbe: Warning: [Warning][DivergenceProbe.Window] class=RemoteProxy corrections=60 disagreed=60 ratePerMille=1000 windowSamples=120
LogOGRelayProbe: Warning: [Warning][RelayProbe.Arrival] samples=120 gapCaptureTicks p50=2 p99=5 max=5 noAdvance=0 saturated=0 lostCaptureTicksX1000=13 lost=3 delivered=227 expected=230 discont=0 discontMax=0
LogOGRelayProbe: Warning: [Warning][RelayProbe.Read] window=[6193,6313] src=Prediction hit=39 miss=81 verifyFail=0 rung0=0 total=120
LogOGRelayProbe: Warning: [Warning][RelayProbe.Read] window=[6193,6313] src=Resim hit=391 miss=69 verifyFail=0 rung0=0 total=460
LogOGRelayProbe: Warning: [Warning][RelayProbe.Miss] window=[6193,6313] src=Prediction inSpan=0 aboveNewest=81 belowOldest=0 noProbeTick=0 miss=81
LogOGRelayProbe: Warning: [Warning][RelayProbe.Miss] window=[6193,6313] src=Resim inSpan=11 aboveNewest=58 belowOldest=0 noProbeTick=0 miss=69
LogOGRelayProbe: Warning: [Warning][RelayProbe.Delta] window=[6193,6313] src=Prediction n=120 p10=-1 p50=1 p90=3 min=-3 max=4 satLow=0 satHigh=0
LogOGRelayProbe: Warning: [Warning][RelayProbe.Delta] window=[6193,6313] src=Resim n=460 p10=-5 p50=-2 p90=1 min=-8 max=4 satLow=0 satHigh=0
LogOGRelayProbe: Warning: [Warning][RelayProbe.Stale] window=[6193,6313] maxConsecutiveFallbackRun=13 id=28415
LogOGResimProbe: Warning: [Warning][ResimProbe.Gate] checks=120 declined=57 requested=63 requestedPerMille=525 deepSkips=0 survivingAnchors=0
LogOGResimProbe: Warning: [Warning][ResimProbe.Chaos] requests=63 grants=63 refused=0 refusedPerMille=0 repeat=0 clamped=0 depthMin=5 depthMax=8
LogOGResimProbe: Warning: [Warning][ResimProbe.Apply] prepares=63 finishes=63 abandoned=0 stuck=0 replayTicks=476 replayOverruns=0 freshProtects=35 staleProtects=0
LogOGResimProbe: Warning: [Warning][ResimProbe.Frame] role=Client simTicks=120 frames=201 meanTicksPerFrameX100=59 p50=1 p99=1 max=1 meanFrameUs=10000
LogOGResimProbe: Warning: [Warning][ResimProbe.Frame] role=Client cadence dFrame1=39 dFrame0=0 dFrameGt1=81 discont=0 numSteps total=120 max=1 gt1=0
LogOGResimProbe: Warning: [Warning][ResimProbe.Landing] class=LocallyPredicted behind=60 atFrontier=0 discarded=0 atFrontierPerMille=0 windowSamples=120
LogOGResimProbe: Warning: [Warning][ResimProbe.Landing] class=RemoteProxy behind=60 atFrontier=0 discarded=0 atFrontierPerMille=0 windowSamples=120
LogOGDivergenceProbe: Warning: [Warning][DivergenceProbe.Window] class=LocallyPredicted corrections=60 disagreed=60 ratePerMille=1000 windowSamples=120
LogOGDivergenceProbe: Warning: [Warning][DivergenceProbe.Window] class=RemoteProxy corrections=60 disagreed=60 ratePerMille=1000 windowSamples=120
LogOGRelayProbe: Warning: [Warning][RelayProbe.Read] window=[6313,6433] src=Prediction hit=46 miss=74 verifyFail=0 rung0=0 total=120
LogOGRelayProbe: Warning: [Warning][RelayProbe.Read] window=[6313,6433] src=Resim hit=459 miss=62 verifyFail=0 rung0=0 total=521
LogOGRelayProbe: Warning: [Warning][RelayProbe.Miss] window=[6313,6433] src=Prediction inSpan=0 aboveNewest=74 belowOldest=0 noProbeTick=0 miss=74
LogOGRelayProbe: Warning: [Warning][RelayProbe.Miss] window=[6313,6433] src=Resim inSpan=0 aboveNewest=62 belowOldest=0 noProbeTick=0 miss=62
LogOGRelayProbe: Warning: [Warning][RelayProbe.Delta] window=[6313,6433] src=Prediction n=120 p10=-1 p50=1 p90=3 min=-2 max=5 satLow=0 satHigh=0
LogOGRelayProbe: Warning: [Warning][RelayProbe.Delta] window=[6313,6433] src=Resim n=521 p10=-6 p50=-2 p90=1 min=-8 max=3 satLow=0 satHigh=0
LogOGRelayProbe: Warning: [Warning][RelayProbe.Stale] window=[6313,6433] maxConsecutiveFallbackRun=19 id=28415
LogOGResimProbe: Warning: [Warning][ResimProbe.Gate] checks=120 declined=47 requested=73 requestedPerMille=608 deepSkips=0 survivingAnchors=0
LogOGResimProbe: Warning: [Warning][ResimProbe.Chaos] requests=74 grants=74 refused=0 refusedPerMille=0 repeat=0 clamped=0 depthMin=4 depthMax=8
LogOGResimProbe: Warning: [Warning][ResimProbe.Apply] prepares=74 finishes=74 abandoned=0 stuck=0 replayTicks=544 replayOverruns=0 freshProtects=31 staleProtects=0
LogOGResimProbe: Warning: [Warning][ResimProbe.Frame] role=Client simTicks=120 frames=199 meanTicksPerFrameX100=60 p50=1 p99=1 max=1 meanFrameUs=9999
LogOGResimProbe: Warning: [Warning][ResimProbe.Frame] role=Client cadence dFrame1=41 dFrame0=0 dFrameGt1=79 discont=0 numSteps total=120 max=1 gt1=0
LogOGResimProbe: Warning: [Warning][ResimProbe.Landing] class=LocallyPredicted behind=60 atFrontier=0 discarded=0 atFrontierPerMille=0 windowSamples=120
LogOGResimProbe: Warning: [Warning][ResimProbe.Landing] class=RemoteProxy behind=60 atFrontier=0 discarded=0 atFrontierPerMille=0 windowSamples=120
LogOGDivergenceProbe: Warning: [Warning][DivergenceProbe.Window] class=LocallyPredicted corrections=60 disagreed=60 ratePerMille=1000 windowSamples=120
LogOGDivergenceProbe: Warning: [Warning][DivergenceProbe.Window] class=RemoteProxy corrections=60 disagreed=60 ratePerMille=1000 windowSamples=120
LogOGRelayProbe: Warning: [Warning][RelayProbe.Arrival] samples=120 gapCaptureTicks p50=2 p99=4 max=4 noAdvance=0 saturated=0 lostCaptureTicksX1000=8 lost=2 delivered=222 expected=224 discont=0 discontMax=0
LogOGRelayProbe: Warning: [Warning][RelayProbe.Read] window=[6433,6553] src=Prediction hit=53 miss=67 verifyFail=0 rung0=0 total=120
LogOGRelayProbe: Warning: [Warning][RelayProbe.Read] window=[6433,6553] src=Resim hit=444 miss=44 verifyFail=0 rung0=0 total=488
LogOGRelayProbe: Warning: [Warning][RelayProbe.Miss] window=[6433,6553] src=Prediction inSpan=0 aboveNewest=67 belowOldest=0 noProbeTick=0 miss=67
LogOGRelayProbe: Warning: [Warning][RelayProbe.Miss] window=[6433,6553] src=Resim inSpan=0 aboveNewest=44 belowOldest=0 noProbeTick=0 miss=44
LogOGRelayProbe: Warning: [Warning][RelayProbe.Delta] window=[6433,6553] src=Prediction n=120 p10=-1 p50=1 p90=2 min=-2 max=4 satLow=0 satHigh=0
LogOGRelayProbe: Warning: [Warning][RelayProbe.Delta] window=[6433,6553] src=Resim n=488 p10=-6 p50=-3 p90=0 min=-9 max=4 satLow=0 satHigh=0
LogOGRelayProbe: Warning: [Warning][RelayProbe.Stale] window=[6433,6553] maxConsecutiveFallbackRun=8 id=28415
LogOGResimProbe: Warning: [Warning][ResimProbe.Gate] checks=120 declined=52 requested=68 requestedPerMille=567 deepSkips=0 survivingAnchors=0
LogOGResimProbe: Warning: [Warning][ResimProbe.Chaos] requests=67 grants=67 refused=0 refusedPerMille=0 repeat=0 clamped=0 depthMin=5 depthMax=8
LogOGResimProbe: Warning: [Warning][ResimProbe.Apply] prepares=67 finishes=67 abandoned=0 stuck=0 replayTicks=513 replayOverruns=0 freshProtects=36 staleProtects=0
LogOGResimProbe: Warning: [Warning][ResimProbe.Frame] role=Client simTicks=120 frames=199 meanTicksPerFrameX100=60 p50=1 p99=1 max=1 meanFrameUs=10000
LogOGResimProbe: Warning: [Warning][ResimProbe.Frame] role=Client cadence dFrame1=41 dFrame0=0 dFrameGt1=79 discont=0 numSteps total=120 max=1 gt1=0
LogOGResimProbe: Warning: [Warning][ResimProbe.Landing] class=LocallyPredicted behind=60 atFrontier=0 discarded=0 atFrontierPerMille=0 windowSamples=120
LogOGResimProbe: Warning: [Warning][ResimProbe.Landing] class=RemoteProxy behind=60 atFrontier=0 discarded=0 atFrontierPerMille=0 windowSamples=120
LogOGDivergenceProbe: Warning: [Warning][DivergenceProbe.Window] class=LocallyPredicted corrections=60 disagreed=60 ratePerMille=1000 windowSamples=120
LogOGDivergenceProbe: Warning: [Warning][DivergenceProbe.Window] class=RemoteProxy corrections=60 disagreed=60 ratePerMille=1000 windowSamples=120
LogOGRelayProbe: Warning: [Warning][RelayProbe.Read] window=[6553,6673] src=Prediction hit=25 miss=95 verifyFail=0 rung0=0 total=120
LogOGRelayProbe: Warning: [Warning][RelayProbe.Read] window=[6553,6673] src=Resim hit=424 miss=88 verifyFail=0 rung0=0 total=512
LogOGRelayProbe: Warning: [Warning][RelayProbe.Miss] window=[6553,6673] src=Prediction inSpan=0 aboveNewest=95 belowOldest=0 noProbeTick=0 miss=95
LogOGRelayProbe: Warning: [Warning][RelayProbe.Miss] window=[6553,6673] src=Resim inSpan=2 aboveNewest=86 belowOldest=0 noProbeTick=0 miss=88
LogOGRelayProbe: Warning: [Warning][RelayProbe.Delta] window=[6553,6673] src=Prediction n=120 p10=0 p50=2 p90=3 min=-2 max=6 satLow=0 satHigh=0
LogOGRelayProbe: Warning: [Warning][RelayProbe.Delta] window=[6553,6673] src=Resim n=512 p10=-5 p50=-2 p90=1 min=-9 max=5 satLow=0 satHigh=0
LogOGRelayProbe: Warning: [Warning][RelayProbe.Stale] window=[6553,6673] maxConsecutiveFallbackRun=19 id=28415
LogOGResimProbe: Warning: [Warning][ResimProbe.Gate] checks=120 declined=55 requested=65 requestedPerMille=542 deepSkips=0 survivingAnchors=0
LogOGResimProbe: Warning: [Warning][ResimProbe.Chaos] requests=66 grants=66 refused=0 refusedPerMille=0 repeat=0 clamped=0 depthMin=5 depthMax=8
LogOGResimProbe: Warning: [Warning][ResimProbe.Apply] prepares=66 finishes=66 abandoned=0 stuck=0 replayTicks=536 replayOverruns=0 freshProtects=39 staleProtects=0
LogOGResimProbe: Warning: [Warning][ResimProbe.Frame] role=Client simTicks=120 frames=200 meanTicksPerFrameX100=60 p50=1 p99=1 max=1 meanFrameUs=10000
LogOGResimProbe: Warning: [Warning][ResimProbe.Frame] role=Client cadence dFrame1=40 dFrame0=0 dFrameGt1=80 discont=0 numSteps total=120 max=1 gt1=0
LogOGResimProbe: Warning: [Warning][ResimProbe.Landing] class=LocallyPredicted behind=61 atFrontier=0 discarded=0 atFrontierPerMille=0 windowSamples=120
LogOGResimProbe: Warning: [Warning][ResimProbe.Landing] class=RemoteProxy behind=59 atFrontier=0 discarded=0 atFrontierPerMille=0 windowSamples=120
LogOGDivergenceProbe: Warning: [Warning][DivergenceProbe.Window] class=LocallyPredicted corrections=61 disagreed=61 ratePerMille=1000 windowSamples=120
LogOGDivergenceProbe: Warning: [Warning][DivergenceProbe.Window] class=RemoteProxy corrections=59 disagreed=59 ratePerMille=1000 windowSamples=120
LogOGRelayProbe: Warning: [Warning][RelayProbe.Arrival] samples=120 gapCaptureTicks p50=2 p99=4 max=4 noAdvance=0 saturated=0 lostCaptureTicksX1000=8 lost=2 delivered=236 expected=238 discont=0 discontMax=0
LogOGRelayProbe: Warning: [Warning][RelayProbe.Read] window=[6673,6793] src=Prediction hit=39 miss=81 verifyFail=0 rung0=0 total=120
LogOGRelayProbe: Warning: [Warning][RelayProbe.Read] window=[6673,6793] src=Resim hit=441 miss=59 verifyFail=0 rung0=0 total=500
LogOGRelayProbe: Warning: [Warning][RelayProbe.Miss] window=[6673,6793] src=Prediction inSpan=0 aboveNewest=81 belowOldest=0 noProbeTick=0 miss=81
LogOGRelayProbe: Warning: [Warning][RelayProbe.Miss] window=[6673,6793] src=Resim inSpan=0 aboveNewest=59 belowOldest=0 noProbeTick=0 miss=59
LogOGRelayProbe: Warning: [Warning][RelayProbe.Delta] window=[6673,6793] src=Prediction n=120 p10=0 p50=1 p90=3 min=-1 max=4 satLow=0 satHigh=0
LogOGRelayProbe: Warning: [Warning][RelayProbe.Delta] window=[6673,6793] src=Resim n=500 p10=-6 p50=-3 p90=1 min=-8 max=3 satLow=0 satHigh=0
LogOGRelayProbe: Warning: [Warning][RelayProbe.Stale] window=[6673,6793] maxConsecutiveFallbackRun=15 id=28415
LogOGResimProbe: Warning: [Warning][ResimProbe.Gate] checks=120 declined=54 requested=66 requestedPerMille=550 deepSkips=0 survivingAnchors=0
LogOGResimProbe: Warning: [Warning][ResimProbe.Chaos] requests=66 grants=65 refused=1 refusedPerMille=15 repeat=1 clamped=0 depthMin=5 depthMax=9
LogOGResimProbe: Warning: [Warning][ResimProbe.Apply] prepares=65 finishes=65 abandoned=0 stuck=0 replayTicks=499 replayOverruns=0 freshProtects=33 staleProtects=0
LogOGResimProbe: Warning: [Warning][ResimProbe.Frame] role=Client simTicks=120 frames=201 meanTicksPerFrameX100=59 p50=1 p99=1 max=1 meanFrameUs=9999
LogOGResimProbe: Warning: [Warning][ResimProbe.Frame] role=Client cadence dFrame1=39 dFrame0=0 dFrameGt1=81 discont=0 numSteps total=120 max=1 gt1=0
LogOGResimProbe: Warning: [Warning][ResimProbe.Landing] class=LocallyPredicted behind=59 atFrontier=0 discarded=0 atFrontierPerMille=0 windowSamples=120
LogOGResimProbe: Warning: [Warning][ResimProbe.Landing] class=RemoteProxy behind=61 atFrontier=0 discarded=0 atFrontierPerMille=0 windowSamples=120
LogOGDivergenceProbe: Warning: [Warning][DivergenceProbe.Window] class=LocallyPredicted corrections=59 disagreed=59 ratePerMille=1000 windowSamples=120
LogOGDivergenceProbe: Warning: [Warning][DivergenceProbe.Window] class=RemoteProxy corrections=61 disagreed=61 ratePerMille=1000 windowSamples=120
LogOGRelayProbe: Warning: [Warning][RelayProbe.Read] window=[6793,6913] src=Prediction hit=45 miss=75 verifyFail=0 rung0=0 total=120
LogOGRelayProbe: Warning: [Warning][RelayProbe.Read] window=[6793,6913] src=Resim hit=423 miss=46 verifyFail=0 rung0=0 total=469
LogOGRelayProbe: Warning: [Warning][RelayProbe.Miss] window=[6793,6913] src=Prediction inSpan=0 aboveNewest=75 belowOldest=0 noProbeTick=0 miss=75
LogOGRelayProbe: Warning: [Warning][RelayProbe.Miss] window=[6793,6913] src=Resim inSpan=6 aboveNewest=40 belowOldest=0 noProbeTick=0 miss=46
LogOGRelayProbe: Warning: [Warning][RelayProbe.Delta] window=[6793,6913] src=Prediction n=120 p10=-1 p50=1 p90=2 min=-2 max=5 satLow=0 satHigh=0
LogOGRelayProbe: Warning: [Warning][RelayProbe.Delta] window=[6793,6913] src=Resim n=469 p10=-6 p50=-3 p90=0 min=-8 max=3 satLow=0 satHigh=0
LogOGRelayProbe: Warning: [Warning][RelayProbe.Stale] window=[6793,6913] maxConsecutiveFallbackRun=19 id=28415
LogOGResimProbe: Warning: [Warning][ResimProbe.Gate] checks=120 declined=54 requested=66 requestedPerMille=550 deepSkips=0 survivingAnchors=0
LogOGResimProbe: Warning: [Warning][ResimProbe.Chaos] requests=66 grants=66 refused=0 refusedPerMille=0 repeat=0 clamped=0 depthMin=5 depthMax=8
LogOGResimProbe: Warning: [Warning][ResimProbe.Apply] prepares=66 finishes=66 abandoned=0 stuck=0 replayTicks=493 replayOverruns=0 freshProtects=41 staleProtects=0
LogOGResimProbe: Warning: [Warning][ResimProbe.Frame] role=Client simTicks=120 frames=201 meanTicksPerFrameX100=59 p50=1 p99=1 max=1 meanFrameUs=10000
LogOGResimProbe: Warning: [Warning][ResimProbe.Frame] role=Client cadence dFrame1=39 dFrame0=0 dFrameGt1=81 discont=0 numSteps total=120 max=1 gt1=0
LogOGRelayProbe: Warning: [Warning][RelayProbe.Arrival] samples=120 gapCaptureTicks p50=2 p99=4 max=4 noAdvance=0 saturated=0 lostCaptureTicksX1000=9 lost=2 delivered=213 expected=215 discont=0 discontMax=0
LogOGResimProbe: Warning: [Warning][ResimProbe.Landing] class=LocallyPredicted behind=60 atFrontier=0 discarded=0 atFrontierPerMille=0 windowSamples=120
LogOGResimProbe: Warning: [Warning][ResimProbe.Landing] class=RemoteProxy behind=60 atFrontier=0 discarded=0 atFrontierPerMille=0 windowSamples=120
LogOGDivergenceProbe: Warning: [Warning][DivergenceProbe.Window] class=LocallyPredicted corrections=60 disagreed=60 ratePerMille=1000 windowSamples=120
LogOGDivergenceProbe: Warning: [Warning][DivergenceProbe.Window] class=RemoteProxy corrections=60 disagreed=60 ratePerMille=1000 windowSamples=120
LogOGRelayProbe: Warning: [Warning][RelayProbe.Read] window=[6913,7033] src=Prediction hit=45 miss=75 verifyFail=0 rung0=0 total=120
LogOGRelayProbe: Warning: [Warning][RelayProbe.Read] window=[6913,7033] src=Resim hit=335 miss=43 verifyFail=0 rung0=0 total=378
LogOGRelayProbe: Warning: [Warning][RelayProbe.Miss] window=[6913,7033] src=Prediction inSpan=0 aboveNewest=75 belowOldest=0 noProbeTick=0 miss=75
LogOGRelayProbe: Warning: [Warning][RelayProbe.Miss] window=[6913,7033] src=Resim inSpan=7 aboveNewest=36 belowOldest=0 noProbeTick=0 miss=43
LogOGRelayProbe: Warning: [Warning][RelayProbe.Delta] window=[6913,7033] src=Prediction n=120 p10=-1 p50=1 p90=2 min=-3 max=4 satLow=0 satHigh=0
LogOGRelayProbe: Warning: [Warning][RelayProbe.Delta] window=[6913,7033] src=Resim n=378 p10=-5 p50=-3 p90=0 min=-8 max=3 satLow=0 satHigh=0
LogOGRelayProbe: Warning: [Warning][RelayProbe.Stale] window=[6913,7033] maxConsecutiveFallbackRun=22 id=28415
LogOGResimProbe: Warning: [Warning][ResimProbe.Gate] checks=120 declined=63 requested=57 requestedPerMille=475 deepSkips=0 survivingAnchors=0
LogOGResimProbe: Warning: [Warning][ResimProbe.Chaos] requests=57 grants=57 refused=0 refusedPerMille=0 repeat=0 clamped=0 depthMin=4 depthMax=8
LogOGResimProbe: Warning: [Warning][ResimProbe.Apply] prepares=57 finishes=57 abandoned=0 stuck=0 replayTicks=405 replayOverruns=0 freshProtects=45 staleProtects=0
LogOGResimProbe: Warning: [Warning][ResimProbe.Frame] role=Client simTicks=120 frames=199 meanTicksPerFrameX100=60 p50=1 p99=1 max=1 meanFrameUs=10000
LogOGResimProbe: Warning: [Warning][ResimProbe.Frame] role=Client cadence dFrame1=41 dFrame0=0 dFrameGt1=79 discont=0 numSteps total=120 max=1 gt1=0
LogOGResimProbe: Warning: [Warning][ResimProbe.Landing] class=LocallyPredicted behind=60 atFrontier=0 discarded=0 atFrontierPerMille=0 windowSamples=120
LogOGResimProbe: Warning: [Warning][ResimProbe.Landing] class=RemoteProxy behind=60 atFrontier=0 discarded=0 atFrontierPerMille=0 windowSamples=120
LogOGDivergenceProbe: Warning: [Warning][DivergenceProbe.Window] class=LocallyPredicted corrections=60 disagreed=60 ratePerMille=1000 windowSamples=120
LogOGDivergenceProbe: Warning: [Warning][DivergenceProbe.Window] class=RemoteProxy corrections=60 disagreed=60 ratePerMille=1000 windowSamples=120
LogOGRelayProbe: Warning: [Warning][RelayProbe.Read] window=[7033,7153] src=Prediction hit=34 miss=86 verifyFail=0 rung0=0 total=120
LogOGRelayProbe: Warning: [Warning][RelayProbe.Read] window=[7033,7153] src=Resim hit=412 miss=71 verifyFail=0 rung0=0 total=483
LogOGRelayProbe: Warning: [Warning][RelayProbe.Miss] window=[7033,7153] src=Prediction inSpan=0 aboveNewest=86 belowOldest=0 noProbeTick=0 miss=86
LogOGRelayProbe: Warning: [Warning][RelayProbe.Miss] window=[7033,7153] src=Resim inSpan=5 aboveNewest=66 belowOldest=0 noProbeTick=0 miss=71
LogOGRelayProbe: Warning: [Warning][RelayProbe.Delta] window=[7033,7153] src=Prediction n=120 p10=-1 p50=1 p90=3 min=-2 max=4 satLow=0 satHigh=0
LogOGRelayProbe: Warning: [Warning][RelayProbe.Delta] window=[7033,7153] src=Resim n=483 p10=-5 p50=-2 p90=1 min=-8 max=3 satLow=0 satHigh=0
LogOGRelayProbe: Warning: [Warning][RelayProbe.Stale] window=[7033,7153] maxConsecutiveFallbackRun=32 id=28415
LogOGResimProbe: Warning: [Warning][ResimProbe.Gate] checks=120 declined=51 requested=69 requestedPerMille=575 deepSkips=0 survivingAnchors=0
LogOGResimProbe: Warning: [Warning][ResimProbe.Chaos] requests=69 grants=69 refused=0 refusedPerMille=0 repeat=0 clamped=0 depthMin=5 depthMax=8
LogOGResimProbe: Warning: [Warning][ResimProbe.Apply] prepares=69 finishes=69 abandoned=0 stuck=0 replayTicks=506 replayOverruns=0 freshProtects=43 staleProtects=0
LogOGResimProbe: Warning: [Warning][ResimProbe.Frame] role=Client simTicks=120 frames=199 meanTicksPerFrameX100=60 p50=1 p99=1 max=1 meanFrameUs=10000
LogOGResimProbe: Warning: [Warning][ResimProbe.Frame] role=Client cadence dFrame1=41 dFrame0=0 dFrameGt1=79 discont=0 numSteps total=120 max=1 gt1=0
LogOGRelayProbe: Warning: [Warning][RelayProbe.Arrival] samples=120 gapCaptureTicks p50=2 p99=4 max=4 noAdvance=0 saturated=0 lostCaptureTicksX1000=17 lost=4 delivered=223 expected=227 discont=0 discontMax=0
LogOGResimProbe: Warning: [Warning][ResimProbe.Landing] class=LocallyPredicted behind=60 atFrontier=0 discarded=0 atFrontierPerMille=0 windowSamples=120
LogOGResimProbe: Warning: [Warning][ResimProbe.Landing] class=RemoteProxy behind=60 atFrontier=0 discarded=0 atFrontierPerMille=0 windowSamples=120
LogOGDivergenceProbe: Warning: [Warning][DivergenceProbe.Window] class=LocallyPredicted corrections=60 disagreed=60 ratePerMille=1000 windowSamples=120
LogOGDivergenceProbe: Warning: [Warning][DivergenceProbe.Window] class=RemoteProxy corrections=60 disagreed=60 ratePerMille=1000 windowSamples=120
LogOGRelayProbe: Warning: [Warning][RelayProbe.Read] window=[7153,7273] src=Prediction hit=47 miss=73 verifyFail=0 rung0=0 total=120
LogOGRelayProbe: Warning: [Warning][RelayProbe.Read] window=[7153,7273] src=Resim hit=388 miss=43 verifyFail=0 rung0=0 total=431
LogOGRelayProbe: Warning: [Warning][RelayProbe.Miss] window=[7153,7273] src=Prediction inSpan=0 aboveNewest=73 belowOldest=0 noProbeTick=0 miss=73
LogOGRelayProbe: Warning: [Warning][RelayProbe.Miss] window=[7153,7273] src=Resim inSpan=0 aboveNewest=43 belowOldest=0 noProbeTick=0 miss=43
LogOGRelayProbe: Warning: [Warning][RelayProbe.Delta] window=[7153,7273] src=Prediction n=120 p10=-1 p50=1 p90=2 min=-2 max=4 satLow=0 satHigh=0
LogOGRelayProbe: Warning: [Warning][RelayProbe.Delta] window=[7153,7273] src=Resim n=431 p10=-6 p50=-3 p90=0 min=-8 max=3 satLow=0 satHigh=0
LogOGRelayProbe: Warning: [Warning][RelayProbe.Stale] window=[7153,7273] maxConsecutiveFallbackRun=15 id=28415
LogOGResimProbe: Warning: [Warning][ResimProbe.Gate] checks=120 declined=59 requested=61 requestedPerMille=508 deepSkips=0 survivingAnchors=0
LogOGResimProbe: Warning: [Warning][ResimProbe.Chaos] requests=60 grants=60 refused=0 refusedPerMille=0 repeat=0 clamped=0 depthMin=4 depthMax=8
LogOGResimProbe: Warning: [Warning][ResimProbe.Apply] prepares=60 finishes=60 abandoned=0 stuck=0 replayTicks=450 replayOverruns=0 freshProtects=34 staleProtects=0
LogOGResimProbe: Warning: [Warning][ResimProbe.Frame] role=Client simTicks=120 frames=200 meanTicksPerFrameX100=60 p50=1 p99=1 max=1 meanFrameUs=10000
LogOGResimProbe: Warning: [Warning][ResimProbe.Frame] role=Client cadence dFrame1=40 dFrame0=0 dFrameGt1=80 discont=0 numSteps total=120 max=1 gt1=0
LogOGResimProbe: Warning: [Warning][ResimProbe.Landing] class=LocallyPredicted behind=60 atFrontier=0 discarded=0 atFrontierPerMille=0 windowSamples=120
LogOGResimProbe: Warning: [Warning][ResimProbe.Landing] class=RemoteProxy behind=60 atFrontier=0 discarded=0 atFrontierPerMille=0 windowSamples=120
LogOGDivergenceProbe: Warning: [Warning][DivergenceProbe.Window] class=LocallyPredicted corrections=60 disagreed=60 ratePerMille=1000 windowSamples=120
LogOGDivergenceProbe: Warning: [Warning][DivergenceProbe.Window] class=RemoteProxy corrections=60 disagreed=60 ratePerMille=1000 windowSamples=120
LogOGRelayProbe: Warning: [Warning][RelayProbe.Read] window=[7273,7393] src=Prediction hit=38 miss=82 verifyFail=0 rung0=0 total=120
LogOGRelayProbe: Warning: [Warning][RelayProbe.Read] window=[7273,7393] src=Resim hit=401 miss=71 verifyFail=0 rung0=0 total=472
LogOGRelayProbe: Warning: [Warning][RelayProbe.Miss] window=[7273,7393] src=Prediction inSpan=0 aboveNewest=82 belowOldest=0 noProbeTick=0 miss=82
LogOGRelayProbe: Warning: [Warning][RelayProbe.Miss] window=[7273,7393] src=Resim inSpan=11 aboveNewest=60 belowOldest=0 noProbeTick=0 miss=71
LogOGRelayProbe: Warning: [Warning][RelayProbe.Delta] window=[7273,7393] src=Prediction n=120 p10=-1 p50=1 p90=3 min=-3 max=4 satLow=0 satHigh=0
LogOGRelayProbe: Warning: [Warning][RelayProbe.Delta] window=[7273,7393] src=Resim n=472 p10=-6 p50=-3 p90=1 min=-9 max=4 satLow=0 satHigh=0
LogOGRelayProbe: Warning: [Warning][RelayProbe.Stale] window=[7273,7393] maxConsecutiveFallbackRun=13 id=28415
LogOGResimProbe: Warning: [Warning][ResimProbe.Gate] checks=120 declined=57 requested=63 requestedPerMille=525 deepSkips=0 survivingAnchors=0
LogOGResimProbe: Warning: [Warning][ResimProbe.Chaos] requests=64 grants=63 refused=1 refusedPerMille=16 repeat=1 clamped=0 depthMin=5 depthMax=9
LogOGResimProbe: Warning: [Warning][ResimProbe.Apply] prepares=63 finishes=63 abandoned=0 stuck=0 replayTicks=493 replayOverruns=0 freshProtects=35 staleProtects=0
LogOGResimProbe: Warning: [Warning][ResimProbe.Frame] role=Client simTicks=120 frames=201 meanTicksPerFrameX100=59 p50=1 p99=1 max=1 meanFrameUs=9999
LogOGResimProbe: Warning: [Warning][ResimProbe.Frame] role=Client cadence dFrame1=39 dFrame0=0 dFrameGt1=81 discont=0 numSteps total=120 max=1 gt1=0
LogOGRelayProbe: Warning: [Warning][RelayProbe.Arrival] samples=120 gapCaptureTicks p50=2 p99=4 max=4 noAdvance=0 saturated=0 lostCaptureTicksX1000=18 lost=4 delivered=218 expected=222 discont=0 discontMax=0
LogOGResimProbe: Warning: [Warning][ResimProbe.Landing] class=LocallyPredicted behind=61 atFrontier=0 discarded=0 atFrontierPerMille=0 windowSamples=120
LogOGResimProbe: Warning: [Warning][ResimProbe.Landing] class=RemoteProxy behind=59 atFrontier=0 discarded=0 atFrontierPerMille=0 windowSamples=120
LogOGDivergenceProbe: Warning: [Warning][DivergenceProbe.Window] class=LocallyPredicted corrections=61 disagreed=61 ratePerMille=1000 windowSamples=120
LogOGDivergenceProbe: Warning: [Warning][DivergenceProbe.Window] class=RemoteProxy corrections=59 disagreed=59 ratePerMille=1000 windowSamples=120
LogOGRelayProbe: Warning: [Warning][RelayProbe.Read] window=[7393,7513] src=Prediction hit=52 miss=68 verifyFail=0 rung0=0 total=120
LogOGRelayProbe: Warning: [Warning][RelayProbe.Read] window=[7393,7513] src=Resim hit=375 miss=37 verifyFail=0 rung0=0 total=412
LogOGRelayProbe: Warning: [Warning][RelayProbe.Miss] window=[7393,7513] src=Prediction inSpan=0 aboveNewest=68 belowOldest=0 noProbeTick=0 miss=68
LogOGRelayProbe: Warning: [Warning][RelayProbe.Miss] window=[7393,7513] src=Resim inSpan=3 aboveNewest=34 belowOldest=0 noProbeTick=0 miss=37
LogOGRelayProbe: Warning: [Warning][RelayProbe.Delta] window=[7393,7513] src=Prediction n=120 p10=-1 p50=1 p90=2 min=-2 max=3 satLow=0 satHigh=0
LogOGRelayProbe: Warning: [Warning][RelayProbe.Delta] window=[7393,7513] src=Resim n=412 p10=-6 p50=-3 p90=0 min=-8 max=2 satLow=0 satHigh=0
LogOGRelayProbe: Warning: [Warning][RelayProbe.Stale] window=[7393,7513] maxConsecutiveFallbackRun=9 id=28415
LogOGResimProbe: Warning: [Warning][ResimProbe.Gate] checks=120 declined=59 requested=61 requestedPerMille=508 deepSkips=0 survivingAnchors=0
LogOGResimProbe: Warning: [Warning][ResimProbe.Chaos] requests=60 grants=60 refused=0 refusedPerMille=0 repeat=0 clamped=0 depthMin=5 depthMax=8
LogOGResimProbe: Warning: [Warning][ResimProbe.Apply] prepares=60 finishes=60 abandoned=0 stuck=0 replayTicks=429 replayOverruns=0 freshProtects=38 staleProtects=0
LogOGResimProbe: Warning: [Warning][ResimProbe.Frame] role=Client simTicks=120 frames=200 meanTicksPerFrameX100=60 p50=1 p99=1 max=1 meanFrameUs=10000
LogOGResimProbe: Warning: [Warning][ResimProbe.Frame] role=Client cadence dFrame1=40 dFrame0=0 dFrameGt1=80 discont=0 numSteps total=120 max=1 gt1=0
LogOGResimProbe: Warning: [Warning][ResimProbe.Landing] class=LocallyPredicted behind=60 atFrontier=0 discarded=0 atFrontierPerMille=0 windowSamples=120
LogOGResimProbe: Warning: [Warning][ResimProbe.Landing] class=RemoteProxy behind=60 atFrontier=0 discarded=0 atFrontierPerMille=0 windowSamples=120
LogOGDivergenceProbe: Warning: [Warning][DivergenceProbe.Window] class=LocallyPredicted corrections=60 disagreed=60 ratePerMille=1000 windowSamples=120
LogOGDivergenceProbe: Warning: [Warning][DivergenceProbe.Window] class=RemoteProxy corrections=60 disagreed=60 ratePerMille=1000 windowSamples=120
LogOGRelayProbe: Warning: [Warning][RelayProbe.Arrival] samples=120 gapCaptureTicks p50=2 p99=4 max=4 noAdvance=0 saturated=0 lostCaptureTicksX1000=0 lost=0 delivered=224 expected=224 discont=0 discontMax=0
LogOGRelayProbe: Warning: [Warning][RelayProbe.Read] window=[7513,7633] src=Prediction hit=41 miss=79 verifyFail=0 rung0=0 total=120
LogOGRelayProbe: Warning: [Warning][RelayProbe.Read] window=[7513,7633] src=Resim hit=424 miss=57 verifyFail=0 rung0=0 total=481
LogOGRelayProbe: Warning: [Warning][RelayProbe.Miss] window=[7513,7633] src=Prediction inSpan=0 aboveNewest=79 belowOldest=0 noProbeTick=0 miss=79
LogOGRelayProbe: Warning: [Warning][RelayProbe.Miss] window=[7513,7633] src=Resim inSpan=0 aboveNewest=57 belowOldest=0 noProbeTick=0 miss=57
LogOGRelayProbe: Warning: [Warning][RelayProbe.Delta] window=[7513,7633] src=Prediction n=120 p10=-1 p50=1 p90=2 min=-2 max=4 satLow=0 satHigh=0
LogOGRelayProbe: Warning: [Warning][RelayProbe.Delta] window=[7513,7633] src=Resim n=481 p10=-5 p50=-2 p90=1 min=-8 max=4 satLow=0 satHigh=0
LogOGRelayProbe: Warning: [Warning][RelayProbe.Stale] window=[7513,7633] maxConsecutiveFallbackRun=11 id=28415
LogOGResimProbe: Warning: [Warning][ResimProbe.Gate] checks=120 declined=49 requested=71 requestedPerMille=592 deepSkips=0 survivingAnchors=0
LogOGResimProbe: Warning: [Warning][ResimProbe.Chaos] requests=71 grants=67 refused=4 refusedPerMille=56 repeat=4 clamped=0 depthMin=4 depthMax=8
LogOGResimProbe: Warning: [Warning][ResimProbe.Apply] prepares=67 finishes=67 abandoned=0 stuck=0 replayTicks=500 replayOverruns=0 freshProtects=35 staleProtects=0
LogOGResimProbe: Warning: [Warning][ResimProbe.Frame] role=Client simTicks=120 frames=200 meanTicksPerFrameX100=60 p50=1 p99=1 max=1 meanFrameUs=10000
LogOGResimProbe: Warning: [Warning][ResimProbe.Frame] role=Client cadence dFrame1=40 dFrame0=0 dFrameGt1=80 discont=0 numSteps total=120 max=1 gt1=0
LogOGResimProbe: Warning: [Warning][ResimProbe.Landing] class=LocallyPredicted behind=60 atFrontier=0 discarded=0 atFrontierPerMille=0 windowSamples=120
LogOGResimProbe: Warning: [Warning][ResimProbe.Landing] class=RemoteProxy behind=60 atFrontier=0 discarded=0 atFrontierPerMille=0 windowSamples=120
LogOGDivergenceProbe: Warning: [Warning][DivergenceProbe.Window] class=LocallyPredicted corrections=60 disagreed=60 ratePerMille=1000 windowSamples=120
LogOGDivergenceProbe: Warning: [Warning][DivergenceProbe.Window] class=RemoteProxy corrections=60 disagreed=60 ratePerMille=1000 windowSamples=120
LogOGRelayProbe: Warning: [Warning][RelayProbe.Read] window=[7633,7753] src=Prediction hit=43 miss=77 verifyFail=0 rung0=0 total=120
LogOGRelayProbe: Warning: [Warning][RelayProbe.Read] window=[7633,7753] src=Resim hit=369 miss=43 verifyFail=0 rung0=0 total=412
LogOGRelayProbe: Warning: [Warning][RelayProbe.Miss] window=[7633,7753] src=Prediction inSpan=0 aboveNewest=77 belowOldest=0 noProbeTick=0 miss=77
LogOGRelayProbe: Warning: [Warning][RelayProbe.Miss] window=[7633,7753] src=Resim inSpan=0 aboveNewest=43 belowOldest=0 noProbeTick=0 miss=43
LogOGRelayProbe: Warning: [Warning][RelayProbe.Delta] window=[7633,7753] src=Prediction n=120 p10=-1 p50=1 p90=3 min=-2 max=5 satLow=0 satHigh=0
LogOGRelayProbe: Warning: [Warning][RelayProbe.Delta] window=[7633,7753] src=Resim n=412 p10=-5 p50=-2 p90=1 min=-8 max=3 satLow=0 satHigh=0
LogOGRelayProbe: Warning: [Warning][RelayProbe.Stale] window=[7633,7753] maxConsecutiveFallbackRun=9 id=28415
LogOGResimProbe: Warning: [Warning][ResimProbe.Gate] checks=120 declined=61 requested=59 requestedPerMille=492 deepSkips=0 survivingAnchors=0
LogOGResimProbe: Warning: [Warning][ResimProbe.Chaos] requests=59 grants=59 refused=0 refusedPerMille=0 repeat=0 clamped=0 depthMin=4 depthMax=8
LogOGResimProbe: Warning: [Warning][ResimProbe.Apply] prepares=59 finishes=59 abandoned=0 stuck=0 replayTicks=424 replayOverruns=0 freshProtects=39 staleProtects=0
LogOGResimProbe: Warning: [Warning][ResimProbe.Frame] role=Client simTicks=120 frames=199 meanTicksPerFrameX100=60 p50=1 p99=1 max=1 meanFrameUs=10000
LogOGResimProbe: Warning: [Warning][ResimProbe.Frame] role=Client cadence dFrame1=41 dFrame0=0 dFrameGt1=79 discont=0 numSteps total=120 max=1 gt1=0
LogOGResimProbe: Warning: [Warning][ResimProbe.Landing] class=LocallyPredicted behind=61 atFrontier=0 discarded=0 atFrontierPerMille=0 windowSamples=120
LogOGResimProbe: Warning: [Warning][ResimProbe.Landing] class=RemoteProxy behind=59 atFrontier=0 discarded=0 atFrontierPerMille=0 windowSamples=120
LogOGDivergenceProbe: Warning: [Warning][DivergenceProbe.Window] class=LocallyPredicted corrections=61 disagreed=61 ratePerMille=1000 windowSamples=120
LogOGDivergenceProbe: Warning: [Warning][DivergenceProbe.Window] class=RemoteProxy corrections=59 disagreed=59 ratePerMille=1000 windowSamples=120
LogOGRelayProbe: Warning: [Warning][RelayProbe.Arrival] samples=120 gapCaptureTicks p50=2 p99=4 max=5 noAdvance=0 saturated=0 lostCaptureTicksX1000=16 lost=4 delivered=233 expected=237 discont=0 discontMax=0
LogOGRelayProbe: Warning: [Warning][RelayProbe.Read] window=[7753,7873] src=Prediction hit=36 miss=84 verifyFail=0 rung0=0 total=120
LogOGRelayProbe: Warning: [Warning][RelayProbe.Read] window=[7753,7873] src=Resim hit=411 miss=76 verifyFail=0 rung0=0 total=487
LogOGRelayProbe: Warning: [Warning][RelayProbe.Miss] window=[7753,7873] src=Prediction inSpan=0 aboveNewest=84 belowOldest=0 noProbeTick=0 miss=84
LogOGRelayProbe: Warning: [Warning][RelayProbe.Miss] window=[7753,7873] src=Resim inSpan=9 aboveNewest=67 belowOldest=0 noProbeTick=0 miss=76
LogOGRelayProbe: Warning: [Warning][RelayProbe.Delta] window=[7753,7873] src=Prediction n=120 p10=-1 p50=1 p90=3 min=-2 max=4 satLow=0 satHigh=0
LogOGRelayProbe: Warning: [Warning][RelayProbe.Delta] window=[7753,7873] src=Resim n=487 p10=-5 p50=-2 p90=1 min=-8 max=4 satLow=0 satHigh=0
LogOGRelayProbe: Warning: [Warning][RelayProbe.Stale] window=[7753,7873] maxConsecutiveFallbackRun=12 id=28415
LogOGResimProbe: Warning: [Warning][ResimProbe.Gate] checks=120 declined=54 requested=66 requestedPerMille=550 deepSkips=0 survivingAnchors=0
LogOGResimProbe: Warning: [Warning][ResimProbe.Chaos] requests=67 grants=67 refused=0 refusedPerMille=0 repeat=0 clamped=0 depthMin=5 depthMax=8
LogOGResimProbe: Warning: [Warning][ResimProbe.Apply] prepares=67 finishes=67 abandoned=0 stuck=0 replayTicks=511 replayOverruns=0 freshProtects=37 staleProtects=0
LogOGResimProbe: Warning: [Warning][ResimProbe.Frame] role=Client simTicks=120 frames=201 meanTicksPerFrameX100=59 p50=1 p99=1 max=1 meanFrameUs=10000
LogOGResimProbe: Warning: [Warning][ResimProbe.Frame] role=Client cadence dFrame1=39 dFrame0=0 dFrameGt1=81 discont=0 numSteps total=120 max=1 gt1=0
LogOGResimProbe: Warning: [Warning][ResimProbe.Landing] class=LocallyPredicted behind=60 atFrontier=0 discarded=0 atFrontierPerMille=0 windowSamples=120
LogOGResimProbe: Warning: [Warning][ResimProbe.Landing] class=RemoteProxy behind=60 atFrontier=0 discarded=0 atFrontierPerMille=0 windowSamples=120
LogOGDivergenceProbe: Warning: [Warning][DivergenceProbe.Window] class=LocallyPredicted corrections=60 disagreed=60 ratePerMille=1000 windowSamples=120
LogOGDivergenceProbe: Warning: [Warning][DivergenceProbe.Window] class=RemoteProxy corrections=60 disagreed=60 ratePerMille=1000 windowSamples=120
LogOGRelayProbe: Warning: [Warning][RelayProbe.Read] window=[7873,7993] src=Prediction hit=26 miss=94 verifyFail=0 rung0=0 total=120
LogOGRelayProbe: Warning: [Warning][RelayProbe.Read] window=[7873,7993] src=Resim hit=420 miss=76 verifyFail=0 rung0=0 total=496
LogOGRelayProbe: Warning: [Warning][RelayProbe.Miss] window=[7873,7993] src=Prediction inSpan=0 aboveNewest=94 belowOldest=0 noProbeTick=0 miss=94
LogOGRelayProbe: Warning: [Warning][RelayProbe.Miss] window=[7873,7993] src=Resim inSpan=0 aboveNewest=76 belowOldest=0 noProbeTick=0 miss=76
LogOGRelayProbe: Warning: [Warning][RelayProbe.Delta] window=[7873,7993] src=Prediction n=120 p10=0 p50=2 p90=3 min=-1 max=4 satLow=0 satHigh=0
LogOGRelayProbe: Warning: [Warning][RelayProbe.Delta] window=[7873,7993] src=Resim n=496 p10=-5 p50=-2 p90=1 min=-7 max=4 satLow=0 satHigh=0
LogOGRelayProbe: Warning: [Warning][RelayProbe.Stale] window=[7873,7993] maxConsecutiveFallbackRun=14 id=28415
LogOGResimProbe: Warning: [Warning][ResimProbe.Gate] checks=120 declined=54 requested=66 requestedPerMille=550 deepSkips=0 survivingAnchors=0
LogOGResimProbe: Warning: [Warning][ResimProbe.Chaos] requests=66 grants=66 refused=0 refusedPerMille=0 repeat=0 clamped=0 depthMin=5 depthMax=9
LogOGResimProbe: Warning: [Warning][ResimProbe.Apply] prepares=66 finishes=66 abandoned=0 stuck=0 replayTicks=519 replayOverruns=0 freshProtects=38 staleProtects=0
LogOGResimProbe: Warning: [Warning][ResimProbe.Frame] role=Client simTicks=120 frames=201 meanTicksPerFrameX100=59 p50=1 p99=1 max=1 meanFrameUs=10000
LogOGResimProbe: Warning: [Warning][ResimProbe.Frame] role=Client cadence dFrame1=39 dFrame0=0 dFrameGt1=81 discont=0 numSteps total=120 max=1 gt1=0
LogOGResimProbe: Warning: [Warning][ResimProbe.Landing] class=LocallyPredicted behind=60 atFrontier=0 discarded=0 atFrontierPerMille=0 windowSamples=120
LogOGResimProbe: Warning: [Warning][ResimProbe.Landing] class=RemoteProxy behind=60 atFrontier=0 discarded=0 atFrontierPerMille=0 windowSamples=120
LogOGDivergenceProbe: Warning: [Warning][DivergenceProbe.Window] class=LocallyPredicted corrections=60 disagreed=60 ratePerMille=1000 windowSamples=120
LogOGDivergenceProbe: Warning: [Warning][DivergenceProbe.Window] class=RemoteProxy corrections=60 disagreed=60 ratePerMille=1000 windowSamples=120
LogOGRelayProbe: Warning: [Warning][RelayProbe.Arrival] samples=120 gapCaptureTicks p50=2 p99=4 max=4 noAdvance=0 saturated=0 lostCaptureTicksX1000=4 lost=1 delivered=234 expected=235 discont=0 discontMax=0
LogOGRelayProbe: Warning: [Warning][RelayProbe.Read] window=[7993,8113] src=Prediction hit=38 miss=82 verifyFail=0 rung0=0 total=120
LogOGRelayProbe: Warning: [Warning][RelayProbe.Read] window=[7993,8113] src=Resim hit=413 miss=79 verifyFail=0 rung0=0 total=492
LogOGRelayProbe: Warning: [Warning][RelayProbe.Miss] window=[7993,8113] src=Prediction inSpan=0 aboveNewest=82 belowOldest=0 noProbeTick=0 miss=82
LogOGRelayProbe: Warning: [Warning][RelayProbe.Miss] window=[7993,8113] src=Resim inSpan=4 aboveNewest=75 belowOldest=0 noProbeTick=0 miss=79
LogOGRelayProbe: Warning: [Warning][RelayProbe.Delta] window=[7993,8113] src=Prediction n=120 p10=-1 p50=1 p90=3 min=-2 max=6 satLow=0 satHigh=0
LogOGRelayProbe: Warning: [Warning][RelayProbe.Delta] window=[7993,8113] src=Resim n=492 p10=-5 p50=-2 p90=1 min=-8 max=5 satLow=0 satHigh=0
LogOGRelayProbe: Warning: [Warning][RelayProbe.Stale] window=[7993,8113] maxConsecutiveFallbackRun=35 id=28415
LogOGResimProbe: Warning: [Warning][ResimProbe.Gate] checks=120 declined=53 requested=67 requestedPerMille=558 deepSkips=0 survivingAnchors=0
LogOGResimProbe: Warning: [Warning][ResimProbe.Chaos] requests=67 grants=67 refused=0 refusedPerMille=0 repeat=0 clamped=0 depthMin=5 depthMax=8
LogOGResimProbe: Warning: [Warning][ResimProbe.Apply] prepares=67 finishes=67 abandoned=0 stuck=0 replayTicks=501 replayOverruns=0 freshProtects=35 staleProtects=0
LogOGResimProbe: Warning: [Warning][ResimProbe.Frame] role=Client simTicks=120 frames=199 meanTicksPerFrameX100=60 p50=1 p99=1 max=1 meanFrameUs=10000
LogOGResimProbe: Warning: [Warning][ResimProbe.Frame] role=Client cadence dFrame1=41 dFrame0=0 dFrameGt1=79 discont=0 numSteps total=120 max=1 gt1=0
LogOGResimProbe: Warning: [Warning][ResimProbe.Landing] class=LocallyPredicted behind=61 atFrontier=0 discarded=0 atFrontierPerMille=0 windowSamples=120
LogOGResimProbe: Warning: [Warning][ResimProbe.Landing] class=RemoteProxy behind=59 atFrontier=0 discarded=0 atFrontierPerMille=0 windowSamples=120
LogOGDivergenceProbe: Warning: [Warning][DivergenceProbe.Window] class=LocallyPredicted corrections=61 disagreed=61 ratePerMille=1000 windowSamples=120
LogOGDivergenceProbe: Warning: [Warning][DivergenceProbe.Window] class=RemoteProxy corrections=59 disagreed=59 ratePerMille=1000 windowSamples=120
LogOGRelayProbe: Warning: [Warning][RelayProbe.Read] window=[8113,8233] src=Prediction hit=19 miss=101 verifyFail=0 rung0=0 total=120
LogOGRelayProbe: Warning: [Warning][RelayProbe.Read] window=[8113,8233] src=Resim hit=393 miss=96 verifyFail=0 rung0=0 total=489
LogOGRelayProbe: Warning: [Warning][RelayProbe.Miss] window=[8113,8233] src=Prediction inSpan=0 aboveNewest=101 belowOldest=0 noProbeTick=0 miss=101
LogOGRelayProbe: Warning: [Warning][RelayProbe.Miss] window=[8113,8233] src=Resim inSpan=7 aboveNewest=89 belowOldest=0 noProbeTick=0 miss=96
LogOGRelayProbe: Warning: [Warning][RelayProbe.Delta] window=[8113,8233] src=Prediction n=120 p10=0 p50=2 p90=3 min=-2 max=5 satLow=0 satHigh=0
LogOGRelayProbe: Warning: [Warning][RelayProbe.Delta] window=[8113,8233] src=Resim n=489 p10=-5 p50=-2 p90=1 min=-8 max=4 satLow=0 satHigh=0
LogOGRelayProbe: Warning: [Warning][RelayProbe.Stale] window=[8113,8233] maxConsecutiveFallbackRun=13 id=28415
LogOGResimProbe: Warning: [Warning][ResimProbe.Gate] checks=120 declined=54 requested=66 requestedPerMille=550 deepSkips=0 survivingAnchors=0
LogOGResimProbe: Warning: [Warning][ResimProbe.Chaos] requests=66 grants=66 refused=0 refusedPerMille=0 repeat=0 clamped=0 depthMin=5 depthMax=8
LogOGResimProbe: Warning: [Warning][ResimProbe.Apply] prepares=66 finishes=66 abandoned=0 stuck=0 replayTicks=510 replayOverruns=0 freshProtects=38 staleProtects=0
LogOGResimProbe: Warning: [Warning][ResimProbe.Frame] role=Client simTicks=120 frames=199 meanTicksPerFrameX100=60 p50=1 p99=1 max=1 meanFrameUs=9999
LogOGResimProbe: Warning: [Warning][ResimProbe.Frame] role=Client cadence dFrame1=41 dFrame0=0 dFrameGt1=79 discont=0 numSteps total=120 max=1 gt1=0
LogOGResimProbe: Warning: [Warning][ResimProbe.Landing] class=LocallyPredicted behind=59 atFrontier=0 discarded=0 atFrontierPerMille=0 windowSamples=120
LogOGResimProbe: Warning: [Warning][ResimProbe.Landing] class=RemoteProxy behind=61 atFrontier=0 discarded=0 atFrontierPerMille=0 windowSamples=120
LogOGDivergenceProbe: Warning: [Warning][DivergenceProbe.Window] class=LocallyPredicted corrections=59 disagreed=59 ratePerMille=1000 windowSamples=120
LogOGDivergenceProbe: Warning: [Warning][DivergenceProbe.Window] class=RemoteProxy corrections=61 disagreed=61 ratePerMille=1000 windowSamples=120
LogOGRelayProbe: Warning: [Warning][RelayProbe.Arrival] samples=120 gapCaptureTicks p50=2 p99=4 max=5 noAdvance=0 saturated=0 lostCaptureTicksX1000=9 lost=2 delivered=208 expected=210 discont=0 discontMax=0
LogOGRelayProbe: Warning: [Warning][RelayProbe.Read] window=[8233,8353] src=Prediction hit=40 miss=80 verifyFail=0 rung0=0 total=120
LogOGRelayProbe: Warning: [Warning][RelayProbe.Read] window=[8233,8353] src=Resim hit=423 miss=52 verifyFail=0 rung0=0 total=475
LogOGRelayProbe: Warning: [Warning][RelayProbe.Miss] window=[8233,8353] src=Prediction inSpan=0 aboveNewest=80 belowOldest=0 noProbeTick=0 miss=80
LogOGRelayProbe: Warning: [Warning][RelayProbe.Miss] window=[8233,8353] src=Resim inSpan=0 aboveNewest=52 belowOldest=0 noProbeTick=0 miss=52
LogOGRelayProbe: Warning: [Warning][RelayProbe.Delta] window=[8233,8353] src=Prediction n=120 p10=-1 p50=1 p90=3 min=-3 max=5 satLow=0 satHigh=0
LogOGRelayProbe: Warning: [Warning][RelayProbe.Delta] window=[8233,8353] src=Resim n=475 p10=-6 p50=-3 p90=1 min=-8 max=4 satLow=0 satHigh=0
LogOGRelayProbe: Warning: [Warning][RelayProbe.Stale] window=[8233,8353] maxConsecutiveFallbackRun=9 id=28415
LogOGResimProbe: Warning: [Warning][ResimProbe.Gate] checks=120 declined=58 requested=62 requestedPerMille=517 deepSkips=0 survivingAnchors=0
LogOGResimProbe: Warning: [Warning][ResimProbe.Chaos] requests=62 grants=62 refused=0 refusedPerMille=0 repeat=0 clamped=0 depthMin=5 depthMax=9
LogOGResimProbe: Warning: [Warning][ResimProbe.Apply] prepares=62 finishes=62 abandoned=0 stuck=0 replayTicks=493 replayOverruns=0 freshProtects=38 staleProtects=0
LogOGResimProbe: Warning: [Warning][ResimProbe.Frame] role=Client simTicks=120 frames=201 meanTicksPerFrameX100=59 p50=1 p99=1 max=1 meanFrameUs=10000
LogOGResimProbe: Warning: [Warning][ResimProbe.Frame] role=Client cadence dFrame1=39 dFrame0=0 dFrameGt1=81 discont=0 numSteps total=120 max=1 gt1=0
LogOGResimProbe: Warning: [Warning][ResimProbe.Landing] class=LocallyPredicted behind=60 atFrontier=0 discarded=0 atFrontierPerMille=0 windowSamples=120
LogOGResimProbe: Warning: [Warning][ResimProbe.Landing] class=RemoteProxy behind=60 atFrontier=0 discarded=0 atFrontierPerMille=0 windowSamples=120
LogOGDivergenceProbe: Warning: [Warning][DivergenceProbe.Window] class=LocallyPredicted corrections=60 disagreed=60 ratePerMille=1000 windowSamples=120
LogOGDivergenceProbe: Warning: [Warning][DivergenceProbe.Window] class=RemoteProxy corrections=60 disagreed=60 ratePerMille=1000 windowSamples=120
LogOGRelayProbe: Warning: [Warning][RelayProbe.Read] window=[8353,8473] src=Prediction hit=36 miss=84 verifyFail=0 rung0=0 total=120
LogOGRelayProbe: Warning: [Warning][RelayProbe.Read] window=[8353,8473] src=Resim hit=359 miss=75 verifyFail=0 rung0=0 total=434
LogOGRelayProbe: Warning: [Warning][RelayProbe.Miss] window=[8353,8473] src=Prediction inSpan=0 aboveNewest=84 belowOldest=0 noProbeTick=0 miss=84
LogOGRelayProbe: Warning: [Warning][RelayProbe.Miss] window=[8353,8473] src=Resim inSpan=4 aboveNewest=71 belowOldest=0 noProbeTick=0 miss=75
LogOGRelayProbe: Warning: [Warning][RelayProbe.Delta] window=[8353,8473] src=Prediction n=120 p10=-1 p50=1 p90=3 min=-2 max=5 satLow=0 satHigh=0
LogOGRelayProbe: Warning: [Warning][RelayProbe.Delta] window=[8353,8473] src=Resim n=434 p10=-5 p50=-2 p90=1 min=-8 max=5 satLow=0 satHigh=0
LogOGRelayProbe: Warning: [Warning][RelayProbe.Stale] window=[8353,8473] maxConsecutiveFallbackRun=22 id=28415
LogOGResimProbe: Warning: [Warning][ResimProbe.Gate] checks=120 declined=58 requested=62 requestedPerMille=517 deepSkips=0 survivingAnchors=0
LogOGResimProbe: Warning: [Warning][ResimProbe.Chaos] requests=61 grants=61 refused=0 refusedPerMille=0 repeat=0 clamped=0 depthMin=5 depthMax=9
LogOGResimProbe: Warning: [Warning][ResimProbe.Apply] prepares=61 finishes=61 abandoned=0 stuck=0 replayTicks=465 replayOverruns=0 freshProtects=35 staleProtects=0
LogOGResimProbe: Warning: [Warning][ResimProbe.Frame] role=Client simTicks=120 frames=199 meanTicksPerFrameX100=60 p50=1 p99=1 max=1 meanFrameUs=10000
LogOGResimProbe: Warning: [Warning][ResimProbe.Frame] role=Client cadence dFrame1=41 dFrame0=0 dFrameGt1=79 discont=0 numSteps total=120 max=1 gt1=0
LogOGRelayProbe: Warning: [Warning][RelayProbe.Arrival] samples=120 gapCaptureTicks p50=2 p99=4 max=5 noAdvance=0 saturated=0 lostCaptureTicksX1000=13 lost=3 delivered=216 expected=219 discont=0 discontMax=0
LogOGResimProbe: Warning: [Warning][ResimProbe.Landing] class=LocallyPredicted behind=59 atFrontier=0 discarded=0 atFrontierPerMille=0 windowSamples=120
LogOGResimProbe: Warning: [Warning][ResimProbe.Landing] class=RemoteProxy behind=61 atFrontier=0 discarded=0 atFrontierPerMille=0 windowSamples=120
LogOGDivergenceProbe: Warning: [Warning][DivergenceProbe.Window] class=LocallyPredicted corrections=59 disagreed=59 ratePerMille=1000 windowSamples=120
LogOGDivergenceProbe: Warning: [Warning][DivergenceProbe.Window] class=RemoteProxy corrections=61 disagreed=61 ratePerMille=1000 windowSamples=120
LogOGRelayProbe: Warning: [Warning][RelayProbe.Read] window=[8473,8593] src=Prediction hit=36 miss=84 verifyFail=0 rung0=0 total=120
LogOGRelayProbe: Warning: [Warning][RelayProbe.Read] window=[8473,8593] src=Resim hit=463 miss=69 verifyFail=0 rung0=0 total=532
LogOGRelayProbe: Warning: [Warning][RelayProbe.Miss] window=[8473,8593] src=Prediction inSpan=0 aboveNewest=84 belowOldest=0 noProbeTick=0 miss=84
LogOGRelayProbe: Warning: [Warning][RelayProbe.Miss] window=[8473,8593] src=Resim inSpan=0 aboveNewest=69 belowOldest=0 noProbeTick=0 miss=69
LogOGRelayProbe: Warning: [Warning][RelayProbe.Delta] window=[8473,8593] src=Prediction n=120 p10=0 p50=1 p90=3 min=-2 max=4 satLow=0 satHigh=0
LogOGRelayProbe: Warning: [Warning][RelayProbe.Delta] window=[8473,8593] src=Resim n=532 p10=-6 p50=-3 p90=1 min=-8 max=4 satLow=0 satHigh=0
LogOGRelayProbe: Warning: [Warning][RelayProbe.Stale] window=[8473,8593] maxConsecutiveFallbackRun=8 id=28415
LogOGResimProbe: Warning: [Warning][ResimProbe.Gate] checks=120 declined=54 requested=66 requestedPerMille=550 deepSkips=0 survivingAnchors=0
LogOGResimProbe: Warning: [Warning][ResimProbe.Chaos] requests=66 grants=66 refused=0 refusedPerMille=0 repeat=0 clamped=0 depthMin=6 depthMax=9
LogOGResimProbe: Warning: [Warning][ResimProbe.Apply] prepares=66 finishes=66 abandoned=0 stuck=0 replayTicks=537 replayOverruns=0 freshProtects=40 staleProtects=0
LogOGResimProbe: Warning: [Warning][ResimProbe.Frame] role=Client simTicks=120 frames=201 meanTicksPerFrameX100=59 p50=1 p99=1 max=1 meanFrameUs=10000
LogOGResimProbe: Warning: [Warning][ResimProbe.Frame] role=Client cadence dFrame1=39 dFrame0=0 dFrameGt1=81 discont=0 numSteps total=120 max=1 gt1=0
LogOGResimProbe: Warning: [Warning][ResimProbe.Landing] class=LocallyPredicted behind=61 atFrontier=0 discarded=0 atFrontierPerMille=0 windowSamples=120
LogOGResimProbe: Warning: [Warning][ResimProbe.Landing] class=RemoteProxy behind=59 atFrontier=0 discarded=0 atFrontierPerMille=0 windowSamples=120
LogOGDivergenceProbe: Warning: [Warning][DivergenceProbe.Window] class=LocallyPredicted corrections=61 disagreed=61 ratePerMille=1000 windowSamples=120
LogOGDivergenceProbe: Warning: [Warning][DivergenceProbe.Window] class=RemoteProxy corrections=59 disagreed=59 ratePerMille=1000 windowSamples=120
LogOGRelayProbe: Warning: [Warning][RelayProbe.Read] window=[8593,8713] src=Prediction hit=28 miss=92 verifyFail=0 rung0=0 total=120
LogOGRelayProbe: Warning: [Warning][RelayProbe.Read] window=[8593,8713] src=Resim hit=389 miss=81 verifyFail=0 rung0=0 total=470
LogOGRelayProbe: Warning: [Warning][RelayProbe.Miss] window=[8593,8713] src=Prediction inSpan=0 aboveNewest=92 belowOldest=0 noProbeTick=0 miss=92
LogOGRelayProbe: Warning: [Warning][RelayProbe.Miss] window=[8593,8713] src=Resim inSpan=2 aboveNewest=79 belowOldest=0 noProbeTick=0 miss=81
LogOGRelayProbe: Warning: [Warning][RelayProbe.Delta] window=[8593,8713] src=Prediction n=120 p10=0 p50=2 p90=3 min=-2 max=5 satLow=0 satHigh=0
LogOGRelayProbe: Warning: [Warning][RelayProbe.Delta] window=[8593,8713] src=Resim n=470 p10=-5 p50=-2 p90=1 min=-7 max=4 satLow=0 satHigh=0
LogOGRelayProbe: Warning: [Warning][RelayProbe.Stale] window=[8593,8713] maxConsecutiveFallbackRun=18 id=28415
LogOGResimProbe: Warning: [Warning][ResimProbe.Gate] checks=120 declined=56 requested=64 requestedPerMille=533 deepSkips=0 survivingAnchors=0
LogOGResimProbe: Warning: [Warning][ResimProbe.Chaos] requests=64 grants=64 refused=0 refusedPerMille=0 repeat=0 clamped=0 depthMin=5 depthMax=8
LogOGResimProbe: Warning: [Warning][ResimProbe.Apply] prepares=64 finishes=64 abandoned=0 stuck=0 replayTicks=488 replayOverruns=0 freshProtects=31 staleProtects=0
LogOGResimProbe: Warning: [Warning][ResimProbe.Frame] role=Client simTicks=120 frames=199 meanTicksPerFrameX100=60 p50=1 p99=1 max=1 meanFrameUs=10001
LogOGResimProbe: Warning: [Warning][ResimProbe.Frame] role=Client cadence dFrame1=41 dFrame0=0 dFrameGt1=79 discont=0 numSteps total=120 max=1 gt1=0
LogOGRelayProbe: Warning: [Warning][RelayProbe.Arrival] samples=120 gapCaptureTicks p50=2 p99=4 max=4 noAdvance=0 saturated=0 lostCaptureTicksX1000=4 lost=1 delivered=223 expected=224 discont=0 discontMax=0
LogOGResimProbe: Warning: [Warning][ResimProbe.Landing] class=LocallyPredicted behind=59 atFrontier=0 discarded=0 atFrontierPerMille=0 windowSamples=120
LogOGResimProbe: Warning: [Warning][ResimProbe.Landing] class=RemoteProxy behind=61 atFrontier=0 discarded=0 atFrontierPerMille=0 windowSamples=120
LogOGDivergenceProbe: Warning: [Warning][DivergenceProbe.Window] class=LocallyPredicted corrections=59 disagreed=59 ratePerMille=1000 windowSamples=120
LogOGDivergenceProbe: Warning: [Warning][DivergenceProbe.Window] class=RemoteProxy corrections=61 disagreed=61 ratePerMille=1000 windowSamples=120
LogOGRelayProbe: Warning: [Warning][RelayProbe.Read] window=[8713,8833] src=Prediction hit=18 miss=102 verifyFail=0 rung0=0 total=120
LogOGRelayProbe: Warning: [Warning][RelayProbe.Read] window=[8713,8833] src=Resim hit=378 miss=78 verifyFail=0 rung0=0 total=456
LogOGRelayProbe: Warning: [Warning][RelayProbe.Miss] window=[8713,8833] src=Prediction inSpan=0 aboveNewest=102 belowOldest=0 noProbeTick=0 miss=102
LogOGRelayProbe: Warning: [Warning][RelayProbe.Miss] window=[8713,8833] src=Resim inSpan=0 aboveNewest=78 belowOldest=0 noProbeTick=0 miss=78
LogOGRelayProbe: Warning: [Warning][RelayProbe.Delta] window=[8713,8833] src=Prediction n=120 p10=0 p50=2 p90=3 min=-2 max=5 satLow=0 satHigh=0
LogOGRelayProbe: Warning: [Warning][RelayProbe.Delta] window=[8713,8833] src=Resim n=456 p10=-5 p50=-2 p90=1 min=-7 max=5 satLow=0 satHigh=0
LogOGRelayProbe: Warning: [Warning][RelayProbe.Stale] window=[8713,8833] maxConsecutiveFallbackRun=20 id=28415
LogOGResimProbe: Warning: [Warning][ResimProbe.Gate] checks=120 declined=59 requested=61 requestedPerMille=508 deepSkips=0 survivingAnchors=0
LogOGResimProbe: Warning: [Warning][ResimProbe.Chaos] requests=62 grants=62 refused=0 refusedPerMille=0 repeat=0 clamped=0 depthMin=5 depthMax=8
LogOGResimProbe: Warning: [Warning][ResimProbe.Apply] prepares=62 finishes=62 abandoned=0 stuck=0 replayTicks=479 replayOverruns=0 freshProtects=40 staleProtects=0
LogOGResimProbe: Warning: [Warning][ResimProbe.Frame] role=Client simTicks=120 frames=200 meanTicksPerFrameX100=60 p50=1 p99=1 max=1 meanFrameUs=10000
LogOGResimProbe: Warning: [Warning][ResimProbe.Frame] role=Client cadence dFrame1=40 dFrame0=0 dFrameGt1=80 discont=0 numSteps total=120 max=1 gt1=0
LogOGResimProbe: Warning: [Warning][ResimProbe.Landing] class=LocallyPredicted behind=60 atFrontier=0 discarded=0 atFrontierPerMille=0 windowSamples=120
LogOGResimProbe: Warning: [Warning][ResimProbe.Landing] class=RemoteProxy behind=60 atFrontier=0 discarded=0 atFrontierPerMille=0 windowSamples=120
LogOGDivergenceProbe: Warning: [Warning][DivergenceProbe.Window] class=LocallyPredicted corrections=60 disagreed=60 ratePerMille=1000 windowSamples=120
LogOGDivergenceProbe: Warning: [Warning][DivergenceProbe.Window] class=RemoteProxy corrections=60 disagreed=60 ratePerMille=1000 windowSamples=120
LogOGRelayProbe: Warning: [Warning][RelayProbe.Read] window=[8833,8953] src=Prediction hit=45 miss=75 verifyFail=0 rung0=0 total=120
LogOGRelayProbe: Warning: [Warning][RelayProbe.Read] window=[8833,8953] src=Resim hit=380 miss=62 verifyFail=0 rung0=0 total=442
LogOGRelayProbe: Warning: [Warning][RelayProbe.Miss] window=[8833,8953] src=Prediction inSpan=0 aboveNewest=75 belowOldest=0 noProbeTick=0 miss=75
LogOGRelayProbe: Warning: [Warning][RelayProbe.Miss] window=[8833,8953] src=Resim inSpan=5 aboveNewest=57 belowOldest=0 noProbeTick=0 miss=62
LogOGRelayProbe: Warning: [Warning][RelayProbe.Delta] window=[8833,8953] src=Prediction n=120 p10=-1 p50=1 p90=3 min=-4 max=5 satLow=0 satHigh=0
LogOGRelayProbe: Warning: [Warning][RelayProbe.Delta] window=[8833,8953] src=Resim n=442 p10=-6 p50=-2 p90=1 min=-8 max=5 satLow=0 satHigh=0
LogOGRelayProbe: Warning: [Warning][RelayProbe.Stale] window=[8833,8953] maxConsecutiveFallbackRun=11 id=28415
LogOGResimProbe: Warning: [Warning][ResimProbe.Gate] checks=120 declined=57 requested=63 requestedPerMille=525 deepSkips=0 survivingAnchors=0
LogOGResimProbe: Warning: [Warning][ResimProbe.Chaos] requests=62 grants=62 refused=0 refusedPerMille=0 repeat=0 clamped=0 depthMin=4 depthMax=9
LogOGResimProbe: Warning: [Warning][ResimProbe.Apply] prepares=62 finishes=62 abandoned=0 stuck=0 replayTicks=463 replayOverruns=0 freshProtects=35 staleProtects=0
LogOGResimProbe: Warning: [Warning][ResimProbe.Frame] role=Client simTicks=120 frames=201 meanTicksPerFrameX100=59 p50=1 p99=1 max=1 meanFrameUs=10000
LogOGResimProbe: Warning: [Warning][ResimProbe.Frame] role=Client cadence dFrame1=39 dFrame0=0 dFrameGt1=81 discont=0 numSteps total=120 max=1 gt1=0
LogOGRelayProbe: Warning: [Warning][RelayProbe.Arrival] samples=120 gapCaptureTicks p50=2 p99=4 max=5 noAdvance=0 saturated=0 lostCaptureTicksX1000=8 lost=2 delivered=226 expected=228 discont=0 discontMax=0
LogOGResimProbe: Warning: [Warning][ResimProbe.Landing] class=LocallyPredicted behind=61 atFrontier=0 discarded=0 atFrontierPerMille=0 windowSamples=120
LogOGResimProbe: Warning: [Warning][ResimProbe.Landing] class=RemoteProxy behind=59 atFrontier=0 discarded=0 atFrontierPerMille=0 windowSamples=120
LogOGDivergenceProbe: Warning: [Warning][DivergenceProbe.Window] class=LocallyPredicted corrections=61 disagreed=61 ratePerMille=1000 windowSamples=120
LogOGDivergenceProbe: Warning: [Warning][DivergenceProbe.Window] class=RemoteProxy corrections=59 disagreed=59 ratePerMille=1000 windowSamples=120
LogOGRelayProbe: Warning: [Warning][RelayProbe.Read] window=[8953,9073] src=Prediction hit=20 miss=100 verifyFail=0 rung0=0 total=120
LogOGRelayProbe: Warning: [Warning][RelayProbe.Read] window=[8953,9073] src=Resim hit=379 miss=98 verifyFail=0 rung0=0 total=477
LogOGRelayProbe: Warning: [Warning][RelayProbe.Miss] window=[8953,9073] src=Prediction inSpan=1 aboveNewest=99 belowOldest=0 noProbeTick=0 miss=100
LogOGRelayProbe: Warning: [Warning][RelayProbe.Miss] window=[8953,9073] src=Resim inSpan=11 aboveNewest=87 belowOldest=0 noProbeTick=0 miss=98
LogOGRelayProbe: Warning: [Warning][RelayProbe.Delta] window=[8953,9073] src=Prediction n=120 p10=0 p50=2 p90=4 min=-1 max=7 satLow=0 satHigh=0
LogOGRelayProbe: Warning: [Warning][RelayProbe.Delta] window=[8953,9073] src=Resim n=477 p10=-5 p50=-2 p90=1 min=-8 max=4 satLow=0 satHigh=0
LogOGRelayProbe: Warning: [Warning][RelayProbe.Stale] window=[8953,9073] maxConsecutiveFallbackRun=16 id=28415
LogOGResimProbe: Warning: [Warning][ResimProbe.Gate] checks=120 declined=55 requested=65 requestedPerMille=542 deepSkips=0 survivingAnchors=0
LogOGResimProbe: Warning: [Warning][ResimProbe.Chaos] requests=65 grants=65 refused=0 refusedPerMille=0 repeat=0 clamped=0 depthMin=5 depthMax=8
LogOGResimProbe: Warning: [Warning][ResimProbe.Apply] prepares=65 finishes=65 abandoned=0 stuck=0 replayTicks=507 replayOverruns=0 freshProtects=37 staleProtects=0
LogOGResimProbe: Warning: [Warning][ResimProbe.Frame] role=Client simTicks=120 frames=199 meanTicksPerFrameX100=60 p50=1 p99=1 max=1 meanFrameUs=10000
LogOGResimProbe: Warning: [Warning][ResimProbe.Frame] role=Client cadence dFrame1=41 dFrame0=0 dFrameGt1=79 discont=0 numSteps total=120 max=1 gt1=0
LogOGResimProbe: Warning: [Warning][ResimProbe.Landing] class=LocallyPredicted behind=60 atFrontier=0 discarded=0 atFrontierPerMille=0 windowSamples=120
LogOGResimProbe: Warning: [Warning][ResimProbe.Landing] class=RemoteProxy behind=60 atFrontier=0 discarded=0 atFrontierPerMille=0 windowSamples=120
LogOGDivergenceProbe: Warning: [Warning][DivergenceProbe.Window] class=LocallyPredicted corrections=60 disagreed=60 ratePerMille=1000 windowSamples=120
LogOGDivergenceProbe: Warning: [Warning][DivergenceProbe.Window] class=RemoteProxy corrections=60 disagreed=60 ratePerMille=1000 windowSamples=120
LogOGRelayProbe: Warning: [Warning][RelayProbe.Read] window=[9073,9193] src=Prediction hit=27 miss=93 verifyFail=0 rung0=0 total=120
LogOGRelayProbe: Warning: [Warning][RelayProbe.Read] window=[9073,9193] src=Resim hit=405 miss=71 verifyFail=0 rung0=0 total=476
LogOGRelayProbe: Warning: [Warning][RelayProbe.Miss] window=[9073,9193] src=Prediction inSpan=0 aboveNewest=93 belowOldest=0 noProbeTick=0 miss=93
LogOGRelayProbe: Warning: [Warning][RelayProbe.Miss] window=[9073,9193] src=Resim inSpan=0 aboveNewest=71 belowOldest=0 noProbeTick=0 miss=71
LogOGRelayProbe: Warning: [Warning][RelayProbe.Delta] window=[9073,9193] src=Prediction n=120 p10=0 p50=1 p90=3 min=-1 max=4 satLow=0 satHigh=0
LogOGRelayProbe: Warning: [Warning][RelayProbe.Delta] window=[9073,9193] src=Resim n=476 p10=-5 p50=-2 p90=1 min=-7 max=4 satLow=0 satHigh=0
LogOGRelayProbe: Warning: [Warning][RelayProbe.Stale] window=[9073,9193] maxConsecutiveFallbackRun=18 id=28415
LogOGResimProbe: Warning: [Warning][ResimProbe.Gate] checks=120 declined=59 requested=61 requestedPerMille=508 deepSkips=0 survivingAnchors=0
LogOGResimProbe: Warning: [Warning][ResimProbe.Chaos] requests=62 grants=62 refused=0 refusedPerMille=0 repeat=0 clamped=0 depthMin=5 depthMax=8
LogOGResimProbe: Warning: [Warning][ResimProbe.Apply] prepares=62 finishes=62 abandoned=0 stuck=0 replayTicks=485 replayOverruns=0 freshProtects=40 staleProtects=0
LogOGResimProbe: Warning: [Warning][ResimProbe.Frame] role=Client simTicks=120 frames=201 meanTicksPerFrameX100=59 p50=1 p99=1 max=1 meanFrameUs=9999
LogOGResimProbe: Warning: [Warning][ResimProbe.Frame] role=Client cadence dFrame1=39 dFrame0=0 dFrameGt1=81 discont=0 numSteps total=120 max=1 gt1=0
LogOGRelayProbe: Warning: [Warning][RelayProbe.Arrival] samples=120 gapCaptureTicks p50=2 p99=4 max=6 noAdvance=0 saturated=0 lostCaptureTicksX1000=26 lost=6 delivered=219 expected=225 discont=0 discontMax=0
LogOGResimProbe: Warning: [Warning][ResimProbe.Landing] class=LocallyPredicted behind=60 atFrontier=0 discarded=0 atFrontierPerMille=0 windowSamples=120
LogOGResimProbe: Warning: [Warning][ResimProbe.Landing] class=RemoteProxy behind=60 atFrontier=0 discarded=0 atFrontierPerMille=0 windowSamples=120
LogOGDivergenceProbe: Warning: [Warning][DivergenceProbe.Window] class=LocallyPredicted corrections=60 disagreed=60 ratePerMille=1000 windowSamples=120
LogOGDivergenceProbe: Warning: [Warning][DivergenceProbe.Window] class=RemoteProxy corrections=60 disagreed=60 ratePerMille=1000 windowSamples=120
LogOGRelayProbe: Warning: [Warning][RelayProbe.Read] window=[9193,9313] src=Prediction hit=26 miss=94 verifyFail=0 rung0=0 total=120
LogOGRelayProbe: Warning: [Warning][RelayProbe.Read] window=[9193,9313] src=Resim hit=408 miss=73 verifyFail=0 rung0=0 total=481
LogOGRelayProbe: Warning: [Warning][RelayProbe.Miss] window=[9193,9313] src=Prediction inSpan=0 aboveNewest=94 belowOldest=0 noProbeTick=0 miss=94
LogOGRelayProbe: Warning: [Warning][RelayProbe.Miss] window=[9193,9313] src=Resim inSpan=4 aboveNewest=69 belowOldest=0 noProbeTick=0 miss=73
LogOGRelayProbe: Warning: [Warning][RelayProbe.Delta] window=[9193,9313] src=Prediction n=120 p10=0 p50=1 p90=3 min=-1 max=5 satLow=0 satHigh=0
LogOGRelayProbe: Warning: [Warning][RelayProbe.Delta] window=[9193,9313] src=Resim n=481 p10=-5 p50=-2 p90=1 min=-8 max=4 satLow=0 satHigh=0
LogOGRelayProbe: Warning: [Warning][RelayProbe.Stale] window=[9193,9313] maxConsecutiveFallbackRun=23 id=28415
LogOGResimProbe: Warning: [Warning][ResimProbe.Gate] checks=120 declined=55 requested=65 requestedPerMille=542 deepSkips=0 survivingAnchors=0
LogOGResimProbe: Warning: [Warning][ResimProbe.Chaos] requests=65 grants=64 refused=1 refusedPerMille=15 repeat=1 clamped=0 depthMin=5 depthMax=9
LogOGResimProbe: Warning: [Warning][ResimProbe.Apply] prepares=64 finishes=64 abandoned=0 stuck=0 replayTicks=508 replayOverruns=0 freshProtects=40 staleProtects=0
LogOGResimProbe: Warning: [Warning][ResimProbe.Frame] role=Client simTicks=120 frames=200 meanTicksPerFrameX100=60 p50=1 p99=1 max=1 meanFrameUs=9999
LogOGResimProbe: Warning: [Warning][ResimProbe.Frame] role=Client cadence dFrame1=40 dFrame0=0 dFrameGt1=80 discont=0 numSteps total=120 max=1 gt1=0
LogOGResimProbe: Warning: [Warning][ResimProbe.Landing] class=LocallyPredicted behind=59 atFrontier=0 discarded=0 atFrontierPerMille=0 windowSamples=120
LogOGResimProbe: Warning: [Warning][ResimProbe.Landing] class=RemoteProxy behind=61 atFrontier=0 discarded=0 atFrontierPerMille=0 windowSamples=120
LogOGDivergenceProbe: Warning: [Warning][DivergenceProbe.Window] class=LocallyPredicted corrections=59 disagreed=59 ratePerMille=1000 windowSamples=120
LogOGDivergenceProbe: Warning: [Warning][DivergenceProbe.Window] class=RemoteProxy corrections=61 disagreed=61 ratePerMille=1000 windowSamples=120
LogOGRelayProbe: Warning: [Warning][RelayProbe.Read] window=[9313,9433] src=Prediction hit=40 miss=80 verifyFail=0 rung0=0 total=120
LogOGRelayProbe: Warning: [Warning][RelayProbe.Read] window=[9313,9433] src=Resim hit=412 miss=41 verifyFail=0 rung0=0 total=453
LogOGRelayProbe: Warning: [Warning][RelayProbe.Miss] window=[9313,9433] src=Prediction inSpan=0 aboveNewest=80 belowOldest=0 noProbeTick=0 miss=80
LogOGRelayProbe: Warning: [Warning][RelayProbe.Miss] window=[9313,9433] src=Resim inSpan=0 aboveNewest=41 belowOldest=0 noProbeTick=0 miss=41
LogOGRelayProbe: Warning: [Warning][RelayProbe.Delta] window=[9313,9433] src=Prediction n=120 p10=-1 p50=1 p90=2 min=-2 max=5 satLow=0 satHigh=0
LogOGRelayProbe: Warning: [Warning][RelayProbe.Delta] window=[9313,9433] src=Resim n=453 p10=-6 p50=-3 p90=0 min=-9 max=3 satLow=0 satHigh=0
LogOGRelayProbe: Warning: [Warning][RelayProbe.Stale] window=[9313,9433] maxConsecutiveFallbackRun=15 id=28415
LogOGRelayProbe: Warning: [Warning][RelayProbe.Arrival] samples=120 gapCaptureTicks p50=2 p99=4 max=4 noAdvance=0 saturated=0 lostCaptureTicksX1000=4 lost=1 delivered=224 expected=225 discont=0 discontMax=0
LogOGResimProbe: Warning: [Warning][ResimProbe.Gate] checks=120 declined=56 requested=64 requestedPerMille=533 deepSkips=0 survivingAnchors=0
LogOGResimProbe: Warning: [Warning][ResimProbe.Chaos] requests=63 grants=63 refused=0 refusedPerMille=0 repeat=0 clamped=0 depthMin=5 depthMax=8
LogOGResimProbe: Warning: [Warning][ResimProbe.Apply] prepares=63 finishes=63 abandoned=0 stuck=0 replayTicks=483 replayOverruns=0 freshProtects=41 staleProtects=0
LogOGResimProbe: Warning: [Warning][ResimProbe.Frame] role=Client simTicks=120 frames=199 meanTicksPerFrameX100=60 p50=1 p99=1 max=1 meanFrameUs=10000
LogOGResimProbe: Warning: [Warning][ResimProbe.Frame] role=Client cadence dFrame1=41 dFrame0=0 dFrameGt1=79 discont=0 numSteps total=120 max=1 gt1=0
LogOGResimProbe: Warning: [Warning][ResimProbe.Landing] class=LocallyPredicted behind=60 atFrontier=0 discarded=0 atFrontierPerMille=0 windowSamples=120
LogOGResimProbe: Warning: [Warning][ResimProbe.Landing] class=RemoteProxy behind=60 atFrontier=0 discarded=0 atFrontierPerMille=0 windowSamples=120
LogOGDivergenceProbe: Warning: [Warning][DivergenceProbe.Window] class=LocallyPredicted corrections=60 disagreed=60 ratePerMille=1000 windowSamples=120
LogOGDivergenceProbe: Warning: [Warning][DivergenceProbe.Window] class=RemoteProxy corrections=60 disagreed=60 ratePerMille=1000 windowSamples=120
LogOGRelayProbe: Warning: [Warning][RelayProbe.Read] window=[9433,9553] src=Prediction hit=47 miss=73 verifyFail=0 rung0=0 total=120
LogOGRelayProbe: Warning: [Warning][RelayProbe.Read] window=[9433,9553] src=Resim hit=415 miss=43 verifyFail=0 rung0=0 total=458
LogOGRelayProbe: Warning: [Warning][RelayProbe.Miss] window=[9433,9553] src=Prediction inSpan=0 aboveNewest=73 belowOldest=0 noProbeTick=0 miss=73
LogOGRelayProbe: Warning: [Warning][RelayProbe.Miss] window=[9433,9553] src=Resim inSpan=2 aboveNewest=41 belowOldest=0 noProbeTick=0 miss=43
LogOGRelayProbe: Warning: [Warning][RelayProbe.Delta] window=[9433,9553] src=Prediction n=120 p10=-1 p50=1 p90=3 min=-2 max=4 satLow=0 satHigh=0
LogOGRelayProbe: Warning: [Warning][RelayProbe.Delta] window=[9433,9553] src=Resim n=458 p10=-6 p50=-3 p90=0 min=-8 max=3 satLow=0 satHigh=0
LogOGRelayProbe: Warning: [Warning][RelayProbe.Stale] window=[9433,9553] maxConsecutiveFallbackRun=12 id=28415
LogOGResimProbe: Warning: [Warning][ResimProbe.Gate] checks=120 declined=58 requested=62 requestedPerMille=517 deepSkips=0 survivingAnchors=0
LogOGResimProbe: Warning: [Warning][ResimProbe.Chaos] requests=62 grants=62 refused=0 refusedPerMille=0 repeat=0 clamped=0 depthMin=5 depthMax=8
LogOGResimProbe: Warning: [Warning][ResimProbe.Apply] prepares=62 finishes=62 abandoned=0 stuck=0 replayTicks=463 replayOverruns=0 freshProtects=34 staleProtects=0
LogOGResimProbe: Warning: [Warning][ResimProbe.Frame] role=Client simTicks=120 frames=201 meanTicksPerFrameX100=59 p50=1 p99=1 max=1 meanFrameUs=10000
LogOGResimProbe: Warning: [Warning][ResimProbe.Frame] role=Client cadence dFrame1=39 dFrame0=0 dFrameGt1=81 discont=0 numSteps total=120 max=1 gt1=0
LogOGResimProbe: Warning: [Warning][ResimProbe.Landing] class=LocallyPredicted behind=62 atFrontier=0 discarded=0 atFrontierPerMille=0 windowSamples=120
LogOGResimProbe: Warning: [Warning][ResimProbe.Landing] class=RemoteProxy behind=58 atFrontier=0 discarded=0 atFrontierPerMille=0 windowSamples=120
LogOGDivergenceProbe: Warning: [Warning][DivergenceProbe.Window] class=LocallyPredicted corrections=62 disagreed=62 ratePerMille=1000 windowSamples=120
LogOGDivergenceProbe: Warning: [Warning][DivergenceProbe.Window] class=RemoteProxy corrections=58 disagreed=58 ratePerMille=1000 windowSamples=120
LogOGRelayProbe: Warning: [Warning][RelayProbe.Arrival] samples=120 gapCaptureTicks p50=2 p99=4 max=4 noAdvance=0 saturated=0 lostCaptureTicksX1000=18 lost=4 delivered=210 expected=214 discont=0 discontMax=0
LogOGRelayProbe: Warning: [Warning][RelayProbe.Read] window=[9553,9673] src=Prediction hit=38 miss=82 verifyFail=0 rung0=0 total=120
LogOGRelayProbe: Warning: [Warning][RelayProbe.Read] window=[9553,9673] src=Resim hit=416 miss=57 verifyFail=0 rung0=0 total=473
LogOGRelayProbe: Warning: [Warning][RelayProbe.Miss] window=[9553,9673] src=Prediction inSpan=0 aboveNewest=82 belowOldest=0 noProbeTick=0 miss=82
LogOGRelayProbe: Warning: [Warning][RelayProbe.Miss] window=[9553,9673] src=Resim inSpan=7 aboveNewest=50 belowOldest=0 noProbeTick=0 miss=57
LogOGRelayProbe: Warning: [Warning][RelayProbe.Delta] window=[9553,9673] src=Prediction n=120 p10=-1 p50=1 p90=3 min=-2 max=4 satLow=0 satHigh=0
LogOGRelayProbe: Warning: [Warning][RelayProbe.Delta] window=[9553,9673] src=Resim n=473 p10=-6 p50=-3 p90=1 min=-8 max=3 satLow=0 satHigh=0
LogOGRelayProbe: Warning: [Warning][RelayProbe.Stale] window=[9553,9673] maxConsecutiveFallbackRun=10 id=28415
LogOGResimProbe: Warning: [Warning][ResimProbe.Gate] checks=120 declined=55 requested=65 requestedPerMille=542 deepSkips=0 survivingAnchors=0
LogOGResimProbe: Warning: [Warning][ResimProbe.Chaos] requests=66 grants=65 refused=1 refusedPerMille=15 repeat=1 clamped=0 depthMin=5 depthMax=9
LogOGResimProbe: Warning: [Warning][ResimProbe.Apply] prepares=65 finishes=65 abandoned=0 stuck=0 replayTicks=497 replayOverruns=0 freshProtects=38 staleProtects=0
LogOGResimProbe: Warning: [Warning][ResimProbe.Frame] role=Client simTicks=120 frames=200 meanTicksPerFrameX100=60 p50=1 p99=1 max=1 meanFrameUs=10000
LogOGResimProbe: Warning: [Warning][ResimProbe.Frame] role=Client cadence dFrame1=40 dFrame0=0 dFrameGt1=80 discont=0 numSteps total=120 max=1 gt1=0
LogOGResimProbe: Warning: [Warning][ResimProbe.Landing] class=LocallyPredicted behind=60 atFrontier=0 discarded=0 atFrontierPerMille=0 windowSamples=120
LogOGResimProbe: Warning: [Warning][ResimProbe.Landing] class=RemoteProxy behind=60 atFrontier=0 discarded=0 atFrontierPerMille=0 windowSamples=120
LogOGDivergenceProbe: Warning: [Warning][DivergenceProbe.Window] class=LocallyPredicted corrections=60 disagreed=60 ratePerMille=1000 windowSamples=120
LogOGDivergenceProbe: Warning: [Warning][DivergenceProbe.Window] class=RemoteProxy corrections=60 disagreed=60 ratePerMille=1000 windowSamples=120
LogOGRelayProbe: Warning: [Warning][RelayProbe.Read] window=[9673,9793] src=Prediction hit=54 miss=66 verifyFail=0 rung0=0 total=120
LogOGRelayProbe: Warning: [Warning][RelayProbe.Read] window=[9673,9793] src=Resim hit=442 miss=34 verifyFail=0 rung0=0 total=476
LogOGRelayProbe: Warning: [Warning][RelayProbe.Miss] window=[9673,9793] src=Prediction inSpan=0 aboveNewest=66 belowOldest=0 noProbeTick=0 miss=66
LogOGRelayProbe: Warning: [Warning][RelayProbe.Miss] window=[9673,9793] src=Resim inSpan=0 aboveNewest=34 belowOldest=0 noProbeTick=0 miss=34
LogOGRelayProbe: Warning: [Warning][RelayProbe.Delta] window=[9673,9793] src=Prediction n=120 p10=-1 p50=1 p90=2 min=-2 max=3 satLow=0 satHigh=0
LogOGRelayProbe: Warning: [Warning][RelayProbe.Delta] window=[9673,9793] src=Resim n=476 p10=-6 p50=-3 p90=0 min=-8 max=3 satLow=0 satHigh=0
LogOGRelayProbe: Warning: [Warning][RelayProbe.Stale] window=[9673,9793] maxConsecutiveFallbackRun=7 id=28415
LogOGResimProbe: Warning: [Warning][ResimProbe.Gate] checks=120 declined=51 requested=69 requestedPerMille=575 deepSkips=0 survivingAnchors=0
LogOGResimProbe: Warning: [Warning][ResimProbe.Chaos] requests=68 grants=68 refused=0 refusedPerMille=0 repeat=0 clamped=0 depthMin=4 depthMax=8
LogOGResimProbe: Warning: [Warning][ResimProbe.Apply] prepares=68 finishes=68 abandoned=0 stuck=0 replayTicks=495 replayOverruns=0 freshProtects=35 staleProtects=0
LogOGResimProbe: Warning: [Warning][ResimProbe.Frame] role=Client simTicks=120 frames=200 meanTicksPerFrameX100=60 p50=1 p99=1 max=1 meanFrameUs=10000
LogOGResimProbe: Warning: [Warning][ResimProbe.Frame] role=Client cadence dFrame1=40 dFrame0=0 dFrameGt1=80 discont=0 numSteps total=120 max=1 gt1=0
LogOGRelayProbe: Warning: [Warning][RelayProbe.Arrival] samples=120 gapCaptureTicks p50=2 p99=4 max=4 noAdvance=0 saturated=0 lostCaptureTicksX1000=0 lost=0 delivered=230 expected=230 discont=0 discontMax=0
LogOGResimProbe: Warning: [Warning][ResimProbe.Landing] class=LocallyPredicted behind=61 atFrontier=0 discarded=0 atFrontierPerMille=0 windowSamples=120
LogOGResimProbe: Warning: [Warning][ResimProbe.Landing] class=RemoteProxy behind=59 atFrontier=0 discarded=0 atFrontierPerMille=0 windowSamples=120
LogOGDivergenceProbe: Warning: [Warning][DivergenceProbe.Window] class=LocallyPredicted corrections=61 disagreed=61 ratePerMille=1000 windowSamples=120
LogOGDivergenceProbe: Warning: [Warning][DivergenceProbe.Window] class=RemoteProxy corrections=59 disagreed=59 ratePerMille=1000 windowSamples=120
LogOGRelayProbe: Warning: [Warning][RelayProbe.Read] window=[9793,9913] src=Prediction hit=60 miss=60 verifyFail=0 rung0=0 total=120
LogOGRelayProbe: Warning: [Warning][RelayProbe.Read] window=[9793,9913] src=Resim hit=410 miss=31 verifyFail=0 rung0=0 total=441
LogOGRelayProbe: Warning: [Warning][RelayProbe.Miss] window=[9793,9913] src=Prediction inSpan=0 aboveNewest=60 belowOldest=0 noProbeTick=0 miss=60
LogOGRelayProbe: Warning: [Warning][RelayProbe.Miss] window=[9793,9913] src=Resim inSpan=0 aboveNewest=31 belowOldest=0 noProbeTick=0 miss=31
LogOGRelayProbe: Warning: [Warning][RelayProbe.Delta] window=[9793,9913] src=Prediction n=120 p10=-1 p50=0 p90=2 min=-4 max=3 satLow=0 satHigh=0
LogOGRelayProbe: Warning: [Warning][RelayProbe.Delta] window=[9793,9913] src=Resim n=441 p10=-6 p50=-3 p90=0 min=-11 max=2 satLow=0 satHigh=0
LogOGRelayProbe: Warning: [Warning][RelayProbe.Stale] window=[9793,9913] maxConsecutiveFallbackRun=7 id=28415
LogOGResimProbe: Warning: [Warning][ResimProbe.Gate] checks=120 declined=56 requested=64 requestedPerMille=533 deepSkips=0 survivingAnchors=0
LogOGResimProbe: Warning: [Warning][ResimProbe.Chaos] requests=65 grants=63 refused=2 refusedPerMille=31 repeat=2 clamped=0 depthMin=4 depthMax=8
LogOGResimProbe: Warning: [Warning][ResimProbe.Apply] prepares=63 finishes=63 abandoned=0 stuck=0 replayTicks=449 replayOverruns=0 freshProtects=35 staleProtects=1
LogOGResimProbe: Warning: [Warning][ResimProbe.Frame] role=Client simTicks=120 frames=200 meanTicksPerFrameX100=60 p50=1 p99=1 max=1 meanFrameUs=9999
LogOGResimProbe: Warning: [Warning][ResimProbe.Frame] role=Client cadence dFrame1=40 dFrame0=0 dFrameGt1=80 discont=0 numSteps total=120 max=1 gt1=0
LogOGResimProbe: Warning: [Warning][ResimProbe.Landing] class=LocallyPredicted behind=60 atFrontier=0 discarded=0 atFrontierPerMille=0 windowSamples=120
LogOGResimProbe: Warning: [Warning][ResimProbe.Landing] class=RemoteProxy behind=60 atFrontier=0 discarded=0 atFrontierPerMille=0 windowSamples=120
LogOGDivergenceProbe: Warning: [Warning][DivergenceProbe.Window] class=LocallyPredicted corrections=60 disagreed=60 ratePerMille=1000 windowSamples=120
LogOGDivergenceProbe: Warning: [Warning][DivergenceProbe.Window] class=RemoteProxy corrections=60 disagreed=60 ratePerMille=1000 windowSamples=120
LogOGRelayProbe: Warning: [Warning][RelayProbe.Read] window=[9913,10033] src=Prediction hit=49 miss=71 verifyFail=0 rung0=0 total=120
LogOGRelayProbe: Warning: [Warning][RelayProbe.Read] window=[9913,10033] src=Resim hit=391 miss=52 verifyFail=0 rung0=0 total=443
LogOGRelayProbe: Warning: [Warning][RelayProbe.Miss] window=[9913,10033] src=Prediction inSpan=0 aboveNewest=71 belowOldest=0 noProbeTick=0 miss=71
LogOGRelayProbe: Warning: [Warning][RelayProbe.Miss] window=[9913,10033] src=Resim inSpan=9 aboveNewest=43 belowOldest=0 noProbeTick=0 miss=52
LogOGRelayProbe: Warning: [Warning][RelayProbe.Delta] window=[9913,10033] src=Prediction n=120 p10=-1 p50=1 p90=2 min=-3 max=5 satLow=0 satHigh=0
LogOGRelayProbe: Warning: [Warning][RelayProbe.Delta] window=[9913,10033] src=Resim n=443 p10=-6 p50=-3 p90=0 min=-9 max=5 satLow=0 satHigh=0
LogOGRelayProbe: Warning: [Warning][RelayProbe.Stale] window=[9913,10033] maxConsecutiveFallbackRun=13 id=28415
LogOGResimProbe: Warning: [Warning][ResimProbe.Gate] checks=120 declined=58 requested=62 requestedPerMille=517 deepSkips=0 survivingAnchors=0
LogOGResimProbe: Warning: [Warning][ResimProbe.Chaos] requests=61 grants=61 refused=0 refusedPerMille=0 repeat=0 clamped=0 depthMin=5 depthMax=8
LogOGResimProbe: Warning: [Warning][ResimProbe.Apply] prepares=61 finishes=61 abandoned=0 stuck=0 replayTicks=460 replayOverruns=0 freshProtects=33 staleProtects=0
LogOGResimProbe: Warning: [Warning][ResimProbe.Frame] role=Client simTicks=120 frames=200 meanTicksPerFrameX100=60 p50=1 p99=1 max=1 meanFrameUs=9999
LogOGResimProbe: Warning: [Warning][ResimProbe.Frame] role=Client cadence dFrame1=40 dFrame0=0 dFrameGt1=80 discont=0 numSteps total=120 max=1 gt1=0
LogOGRelayProbe: Warning: [Warning][RelayProbe.Arrival] samples=120 gapCaptureTicks p50=2 p99=5 max=6 noAdvance=0 saturated=0 lostCaptureTicksX1000=13 lost=3 delivered=224 expected=227 discont=0 discontMax=0
LogOGResimProbe: Warning: [Warning][ResimProbe.Landing] class=LocallyPredicted behind=60 atFrontier=0 discarded=0 atFrontierPerMille=0 windowSamples=120
LogOGResimProbe: Warning: [Warning][ResimProbe.Landing] class=RemoteProxy behind=60 atFrontier=0 discarded=0 atFrontierPerMille=0 windowSamples=120
LogOGDivergenceProbe: Warning: [Warning][DivergenceProbe.Window] class=LocallyPredicted corrections=60 disagreed=60 ratePerMille=1000 windowSamples=120
LogOGDivergenceProbe: Warning: [Warning][DivergenceProbe.Window] class=RemoteProxy corrections=60 disagreed=60 ratePerMille=1000 windowSamples=120
LogOGRelayProbe: Warning: [Warning][RelayProbe.Read] window=[10033,10153] src=Prediction hit=48 miss=72 verifyFail=0 rung0=0 total=120
LogOGRelayProbe: Warning: [Warning][RelayProbe.Read] window=[10033,10153] src=Resim hit=399 miss=39 verifyFail=0 rung0=0 total=438
LogOGRelayProbe: Warning: [Warning][RelayProbe.Miss] window=[10033,10153] src=Prediction inSpan=0 aboveNewest=72 belowOldest=0 noProbeTick=0 miss=72
LogOGRelayProbe: Warning: [Warning][RelayProbe.Miss] window=[10033,10153] src=Resim inSpan=0 aboveNewest=39 belowOldest=0 noProbeTick=0 miss=39
LogOGRelayProbe: Warning: [Warning][RelayProbe.Delta] window=[10033,10153] src=Prediction n=120 p10=-1 p50=1 p90=3 min=-3 max=4 satLow=0 satHigh=0
LogOGRelayProbe: Warning: [Warning][RelayProbe.Delta] window=[10033,10153] src=Resim n=438 p10=-6 p50=-3 p90=0 min=-8 max=3 satLow=0 satHigh=0
LogOGRelayProbe: Warning: [Warning][RelayProbe.Stale] window=[10033,10153] maxConsecutiveFallbackRun=10 id=28415
LogOGResimProbe: Warning: [Warning][ResimProbe.Gate] checks=120 declined=60 requested=60 requestedPerMille=500 deepSkips=0 survivingAnchors=0
LogOGResimProbe: Warning: [Warning][ResimProbe.Chaos] requests=60 grants=60 refused=0 refusedPerMille=0 repeat=0 clamped=0 depthMin=4 depthMax=8
LogOGResimProbe: Warning: [Warning][ResimProbe.Apply] prepares=60 finishes=60 abandoned=0 stuck=0 replayTicks=454 replayOverruns=0 freshProtects=34 staleProtects=0
LogOGResimProbe: Warning: [Warning][ResimProbe.Frame] role=Client simTicks=120 frames=200 meanTicksPerFrameX100=60 p50=1 p99=1 max=1 meanFrameUs=10000
LogOGResimProbe: Warning: [Warning][ResimProbe.Frame] role=Client cadence dFrame1=40 dFrame0=0 dFrameGt1=80 discont=0 numSteps total=120 max=1 gt1=0
LogOGResimProbe: Warning: [Warning][ResimProbe.Landing] class=LocallyPredicted behind=59 atFrontier=0 discarded=0 atFrontierPerMille=0 windowSamples=120
LogOGResimProbe: Warning: [Warning][ResimProbe.Landing] class=RemoteProxy behind=61 atFrontier=0 discarded=0 atFrontierPerMille=0 windowSamples=120
LogOGDivergenceProbe: Warning: [Warning][DivergenceProbe.Window] class=LocallyPredicted corrections=59 disagreed=59 ratePerMille=1000 windowSamples=120
LogOGDivergenceProbe: Warning: [Warning][DivergenceProbe.Window] class=RemoteProxy corrections=61 disagreed=61 ratePerMille=1000 windowSamples=120
LogOGRelayProbe: Warning: [Warning][RelayProbe.Read] window=[10153,10273] src=Prediction hit=31 miss=89 verifyFail=0 rung0=0 total=120
LogOGRelayProbe: Warning: [Warning][RelayProbe.Read] window=[10153,10273] src=Resim hit=413 miss=111 verifyFail=0 rung0=0 total=524
LogOGRelayProbe: Warning: [Warning][RelayProbe.Miss] window=[10153,10273] src=Prediction inSpan=1 aboveNewest=88 belowOldest=0 noProbeTick=0 miss=89
LogOGRelayProbe: Warning: [Warning][RelayProbe.Miss] window=[10153,10273] src=Resim inSpan=19 aboveNewest=92 belowOldest=0 noProbeTick=0 miss=111
LogOGRelayProbe: Warning: [Warning][RelayProbe.Delta] window=[10153,10273] src=Prediction n=120 p10=-1 p50=1 p90=4 min=-2 max=6 satLow=0 satHigh=0
LogOGRelayProbe: Warning: [Warning][RelayProbe.Delta] window=[10153,10273] src=Resim n=524 p10=-5 p50=-2 p90=1 min=-9 max=5 satLow=0 satHigh=0
LogOGRelayProbe: Warning: [Warning][RelayProbe.Stale] window=[10153,10273] maxConsecutiveFallbackRun=14 id=28415
LogOGResimProbe: Warning: [Warning][ResimProbe.Gate] checks=120 declined=49 requested=71 requestedPerMille=592 deepSkips=0 survivingAnchors=0
LogOGResimProbe: Warning: [Warning][ResimProbe.Chaos] requests=71 grants=71 refused=0 refusedPerMille=0 repeat=0 clamped=0 depthMin=5 depthMax=8
LogOGResimProbe: Warning: [Warning][ResimProbe.Apply] prepares=71 finishes=71 abandoned=0 stuck=0 replayTicks=558 replayOverruns=0 freshProtects=37 staleProtects=0
LogOGResimProbe: Warning: [Warning][ResimProbe.Frame] role=Client simTicks=120 frames=200 meanTicksPerFrameX100=60 p50=1 p99=1 max=1 meanFrameUs=10000
LogOGResimProbe: Warning: [Warning][ResimProbe.Frame] role=Client cadence dFrame1=40 dFrame0=0 dFrameGt1=80 discont=0 numSteps total=120 max=1 gt1=0
LogOGRelayProbe: Warning: [Warning][RelayProbe.Arrival] samples=120 gapCaptureTicks p50=2 p99=4 max=5 noAdvance=0 saturated=0 lostCaptureTicksX1000=25 lost=6 delivered=225 expected=231 discont=0 discontMax=0
LogOGResimProbe: Warning: [Warning][ResimProbe.Landing] class=LocallyPredicted behind=61 atFrontier=0 discarded=0 atFrontierPerMille=0 windowSamples=120
LogOGResimProbe: Warning: [Warning][ResimProbe.Landing] class=RemoteProxy behind=59 atFrontier=0 discarded=0 atFrontierPerMille=0 windowSamples=120
LogOGDivergenceProbe: Warning: [Warning][DivergenceProbe.Window] class=LocallyPredicted corrections=61 disagreed=61 ratePerMille=1000 windowSamples=120
LogOGDivergenceProbe: Warning: [Warning][DivergenceProbe.Window] class=RemoteProxy corrections=59 disagreed=59 ratePerMille=1000 windowSamples=120
LogOGRelayProbe: Warning: [Warning][RelayProbe.Read] window=[10273,10393] src=Prediction hit=50 miss=70 verifyFail=0 rung0=0 total=120
LogOGRelayProbe: Warning: [Warning][RelayProbe.Read] window=[10273,10393] src=Resim hit=401 miss=42 verifyFail=0 rung0=0 total=443
LogOGRelayProbe: Warning: [Warning][RelayProbe.Miss] window=[10273,10393] src=Prediction inSpan=0 aboveNewest=70 belowOldest=0 noProbeTick=0 miss=70
LogOGRelayProbe: Warning: [Warning][RelayProbe.Miss] window=[10273,10393] src=Resim inSpan=0 aboveNewest=42 belowOldest=0 noProbeTick=0 miss=42
LogOGRelayProbe: Warning: [Warning][RelayProbe.Delta] window=[10273,10393] src=Prediction n=120 p10=-1 p50=1 p90=2 min=-3 max=4 satLow=0 satHigh=0
LogOGRelayProbe: Warning: [Warning][RelayProbe.Delta] window=[10273,10393] src=Resim n=443 p10=-5 p50=-3 p90=0 min=-8 max=3 satLow=0 satHigh=0
LogOGRelayProbe: Warning: [Warning][RelayProbe.Stale] window=[10273,10393] maxConsecutiveFallbackRun=11 id=28415
LogOGResimProbe: Warning: [Warning][ResimProbe.Gate] checks=120 declined=58 requested=62 requestedPerMille=517 deepSkips=0 survivingAnchors=0
LogOGResimProbe: Warning: [Warning][ResimProbe.Chaos] requests=63 grants=63 refused=0 refusedPerMille=0 repeat=0 clamped=0 depthMin=5 depthMax=7
LogOGResimProbe: Warning: [Warning][ResimProbe.Apply] prepares=63 finishes=63 abandoned=0 stuck=0 replayTicks=450 replayOverruns=0 freshProtects=36 staleProtects=0
LogOGResimProbe: Warning: [Warning][ResimProbe.Frame] role=Client simTicks=120 frames=199 meanTicksPerFrameX100=60 p50=1 p99=1 max=1 meanFrameUs=10000
LogOGResimProbe: Warning: [Warning][ResimProbe.Frame] role=Client cadence dFrame1=41 dFrame0=0 dFrameGt1=79 discont=0 numSteps total=120 max=1 gt1=0
LogOGResimProbe: Warning: [Warning][ResimProbe.Landing] class=LocallyPredicted behind=60 atFrontier=0 discarded=0 atFrontierPerMille=0 windowSamples=120
LogOGResimProbe: Warning: [Warning][ResimProbe.Landing] class=RemoteProxy behind=60 atFrontier=0 discarded=0 atFrontierPerMille=0 windowSamples=120
LogOGDivergenceProbe: Warning: [Warning][DivergenceProbe.Window] class=LocallyPredicted corrections=60 disagreed=60 ratePerMille=1000 windowSamples=120
LogOGDivergenceProbe: Warning: [Warning][DivergenceProbe.Window] class=RemoteProxy corrections=60 disagreed=60 ratePerMille=1000 windowSamples=120
LogOGRelayProbe: Warning: [Warning][RelayProbe.Read] window=[10393,10513] src=Prediction hit=41 miss=79 verifyFail=0 rung0=0 total=120
LogOGRelayProbe: Warning: [Warning][RelayProbe.Read] window=[10393,10513] src=Resim hit=406 miss=50 verifyFail=0 rung0=0 total=456
LogOGRelayProbe: Warning: [Warning][RelayProbe.Miss] window=[10393,10513] src=Prediction inSpan=0 aboveNewest=79 belowOldest=0 noProbeTick=0 miss=79
LogOGRelayProbe: Warning: [Warning][RelayProbe.Miss] window=[10393,10513] src=Resim inSpan=2 aboveNewest=48 belowOldest=0 noProbeTick=0 miss=50
LogOGRelayProbe: Warning: [Warning][RelayProbe.Delta] window=[10393,10513] src=Prediction n=120 p10=-1 p50=1 p90=3 min=-2 max=5 satLow=0 satHigh=0
LogOGRelayProbe: Warning: [Warning][RelayProbe.Delta] window=[10393,10513] src=Resim n=456 p10=-6 p50=-3 p90=1 min=-9 max=3 satLow=0 satHigh=0
LogOGRelayProbe: Warning: [Warning][RelayProbe.Stale] window=[10393,10513] maxConsecutiveFallbackRun=15 id=28415
LogOGResimProbe: Warning: [Warning][ResimProbe.Gate] checks=120 declined=60 requested=60 requestedPerMille=500 deepSkips=0 survivingAnchors=0
LogOGResimProbe: Warning: [Warning][ResimProbe.Chaos] requests=60 grants=60 refused=0 refusedPerMille=0 repeat=0 clamped=0 depthMin=5 depthMax=8
LogOGResimProbe: Warning: [Warning][ResimProbe.Apply] prepares=60 finishes=60 abandoned=0 stuck=0 replayTicks=471 replayOverruns=0 freshProtects=39 staleProtects=1
LogOGResimProbe: Warning: [Warning][ResimProbe.Frame] role=Client simTicks=120 frames=201 meanTicksPerFrameX100=59 p50=1 p99=1 max=1 meanFrameUs=9999
LogOGResimProbe: Warning: [Warning][ResimProbe.Frame] role=Client cadence dFrame1=39 dFrame0=0 dFrameGt1=81 discont=0 numSteps total=120 max=1 gt1=0
LogOGRelayProbe: Warning: [Warning][RelayProbe.Arrival] samples=120 gapCaptureTicks p50=2 p99=4 max=5 noAdvance=0 saturated=0 lostCaptureTicksX1000=4 lost=1 delivered=225 expected=226 discont=0 discontMax=0
LogOGResimProbe: Warning: [Warning][ResimProbe.Landing] class=LocallyPredicted behind=59 atFrontier=0 discarded=0 atFrontierPerMille=0 windowSamples=120
LogOGResimProbe: Warning: [Warning][ResimProbe.Landing] class=RemoteProxy behind=61 atFrontier=0 discarded=0 atFrontierPerMille=0 windowSamples=120
LogOGDivergenceProbe: Warning: [Warning][DivergenceProbe.Window] class=LocallyPredicted corrections=59 disagreed=59 ratePerMille=1000 windowSamples=120
LogOGDivergenceProbe: Warning: [Warning][DivergenceProbe.Window] class=RemoteProxy corrections=61 disagreed=61 ratePerMille=1000 windowSamples=120
LogOGRelayProbe: Warning: [Warning][RelayProbe.Read] window=[10513,10633] src=Prediction hit=28 miss=92 verifyFail=0 rung0=0 total=120
LogOGRelayProbe: Warning: [Warning][RelayProbe.Read] window=[10513,10633] src=Resim hit=381 miss=70 verifyFail=0 rung0=0 total=451
LogOGRelayProbe: Warning: [Warning][RelayProbe.Miss] window=[10513,10633] src=Prediction inSpan=0 aboveNewest=92 belowOldest=0 noProbeTick=0 miss=92
LogOGRelayProbe: Warning: [Warning][RelayProbe.Miss] window=[10513,10633] src=Resim inSpan=0 aboveNewest=70 belowOldest=0 noProbeTick=0 miss=70
LogOGRelayProbe: Warning: [Warning][RelayProbe.Delta] window=[10513,10633] src=Prediction n=120 p10=0 p50=1 p90=3 min=-3 max=5 satLow=0 satHigh=0
LogOGRelayProbe: Warning: [Warning][RelayProbe.Delta] window=[10513,10633] src=Resim n=451 p10=-5 p50=-2 p90=1 min=-7 max=4 satLow=0 satHigh=0
LogOGRelayProbe: Warning: [Warning][RelayProbe.Stale] window=[10513,10633] maxConsecutiveFallbackRun=27 id=28415
LogOGResimProbe: Warning: [Warning][ResimProbe.Gate] checks=120 declined=56 requested=64 requestedPerMille=533 deepSkips=0 survivingAnchors=0
LogOGResimProbe: Warning: [Warning][ResimProbe.Chaos] requests=64 grants=64 refused=0 refusedPerMille=0 repeat=0 clamped=0 depthMin=5 depthMax=8
LogOGResimProbe: Warning: [Warning][ResimProbe.Apply] prepares=64 finishes=64 abandoned=0 stuck=0 replayTicks=478 replayOverruns=0 freshProtects=36 staleProtects=0
LogOGResimProbe: Warning: [Warning][ResimProbe.Frame] role=Client simTicks=120 frames=200 meanTicksPerFrameX100=60 p50=1 p99=1 max=1 meanFrameUs=10000
LogOGResimProbe: Warning: [Warning][ResimProbe.Frame] role=Client cadence dFrame1=40 dFrame0=0 dFrameGt1=80 discont=0 numSteps total=120 max=1 gt1=0
LogOGResimProbe: Warning: [Warning][ResimProbe.Landing] class=LocallyPredicted behind=60 atFrontier=0 discarded=0 atFrontierPerMille=0 windowSamples=120
LogOGResimProbe: Warning: [Warning][ResimProbe.Landing] class=RemoteProxy behind=60 atFrontier=0 discarded=0 atFrontierPerMille=0 windowSamples=120
LogOGDivergenceProbe: Warning: [Warning][DivergenceProbe.Window] class=LocallyPredicted corrections=60 disagreed=60 ratePerMille=1000 windowSamples=120
LogOGDivergenceProbe: Warning: [Warning][DivergenceProbe.Window] class=RemoteProxy corrections=60 disagreed=60 ratePerMille=1000 windowSamples=120
LogOGRelayProbe: Warning: [Warning][RelayProbe.Read] window=[10633,10753] src=Prediction hit=50 miss=70 verifyFail=0 rung0=0 total=120
LogOGRelayProbe: Warning: [Warning][RelayProbe.Read] window=[10633,10753] src=Resim hit=445 miss=48 verifyFail=0 rung0=0 total=493
LogOGRelayProbe: Warning: [Warning][RelayProbe.Miss] window=[10633,10753] src=Prediction inSpan=0 aboveNewest=70 belowOldest=0 noProbeTick=0 miss=70
LogOGRelayProbe: Warning: [Warning][RelayProbe.Miss] window=[10633,10753] src=Resim inSpan=0 aboveNewest=48 belowOldest=0 noProbeTick=0 miss=48
LogOGRelayProbe: Warning: [Warning][RelayProbe.Delta] window=[10633,10753] src=Prediction n=120 p10=-1 p50=1 p90=2 min=-2 max=4 satLow=0 satHigh=0
LogOGRelayProbe: Warning: [Warning][RelayProbe.Delta] window=[10633,10753] src=Resim n=493 p10=-6 p50=-3 p90=0 min=-9 max=3 satLow=0 satHigh=0
LogOGRelayProbe: Warning: [Warning][RelayProbe.Stale] window=[10633,10753] maxConsecutiveFallbackRun=9 id=28415
LogOGResimProbe: Warning: [Warning][ResimProbe.Gate] checks=120 declined=51 requested=69 requestedPerMille=575 deepSkips=0 survivingAnchors=0
LogOGResimProbe: Warning: [Warning][ResimProbe.Chaos] requests=68 grants=67 refused=1 refusedPerMille=15 repeat=1 clamped=0 depthMin=5 depthMax=9
LogOGResimProbe: Warning: [Warning][ResimProbe.Apply] prepares=67 finishes=67 abandoned=0 stuck=0 replayTicks=513 replayOverruns=0 freshProtects=37 staleProtects=0
LogOGResimProbe: Warning: [Warning][ResimProbe.Frame] role=Client simTicks=120 frames=200 meanTicksPerFrameX100=60 p50=1 p99=1 max=1 meanFrameUs=10000
LogOGResimProbe: Warning: [Warning][ResimProbe.Frame] role=Client cadence dFrame1=40 dFrame0=0 dFrameGt1=80 discont=0 numSteps total=120 max=1 gt1=0
LogOGRelayProbe: Warning: [Warning][RelayProbe.Arrival] samples=120 gapCaptureTicks p50=2 p99=4 max=4 noAdvance=0 saturated=0 lostCaptureTicksX1000=0 lost=0 delivered=229 expected=229 discont=0 discontMax=0
LogOGResimProbe: Warning: [Warning][ResimProbe.Landing] class=LocallyPredicted behind=61 atFrontier=0 discarded=0 atFrontierPerMille=0 windowSamples=120
LogOGResimProbe: Warning: [Warning][ResimProbe.Landing] class=RemoteProxy behind=59 atFrontier=0 discarded=0 atFrontierPerMille=0 windowSamples=120
LogOGDivergenceProbe: Warning: [Warning][DivergenceProbe.Window] class=LocallyPredicted corrections=61 disagreed=61 ratePerMille=1000 windowSamples=120
LogOGDivergenceProbe: Warning: [Warning][DivergenceProbe.Window] class=RemoteProxy corrections=59 disagreed=59 ratePerMille=1000 windowSamples=120
LogOGRelayProbe: Warning: [Warning][RelayProbe.Read] window=[10753,10873] src=Prediction hit=39 miss=81 verifyFail=0 rung0=0 total=120
LogOGRelayProbe: Warning: [Warning][RelayProbe.Read] window=[10753,10873] src=Resim hit=384 miss=90 verifyFail=0 rung0=0 total=474
LogOGRelayProbe: Warning: [Warning][RelayProbe.Miss] window=[10753,10873] src=Prediction inSpan=0 aboveNewest=81 belowOldest=0 noProbeTick=0 miss=81
LogOGRelayProbe: Warning: [Warning][RelayProbe.Miss] window=[10753,10873] src=Resim inSpan=10 aboveNewest=80 belowOldest=0 noProbeTick=0 miss=90
LogOGRelayProbe: Warning: [Warning][RelayProbe.Delta] window=[10753,10873] src=Prediction n=120 p10=-1 p50=1 p90=4 min=-2 max=6 satLow=0 satHigh=0
LogOGRelayProbe: Warning: [Warning][RelayProbe.Delta] window=[10753,10873] src=Resim n=474 p10=-5 p50=-2 p90=1 min=-8 max=6 satLow=0 satHigh=0
LogOGRelayProbe: Warning: [Warning][RelayProbe.Stale] window=[10753,10873] maxConsecutiveFallbackRun=18 id=28415
LogOGResimProbe: Warning: [Warning][ResimProbe.Gate] checks=120 declined=52 requested=68 requestedPerMille=567 deepSkips=0 survivingAnchors=0
LogOGResimProbe: Warning: [Warning][ResimProbe.Chaos] requests=68 grants=68 refused=0 refusedPerMille=0 repeat=0 clamped=0 depthMin=4 depthMax=8
LogOGResimProbe: Warning: [Warning][ResimProbe.Apply] prepares=68 finishes=68 abandoned=0 stuck=0 replayTicks=490 replayOverruns=0 freshProtects=30 staleProtects=0
LogOGResimProbe: Warning: [Warning][ResimProbe.Frame] role=Client simTicks=120 frames=199 meanTicksPerFrameX100=60 p50=1 p99=1 max=1 meanFrameUs=10000
LogOGResimProbe: Warning: [Warning][ResimProbe.Frame] role=Client cadence dFrame1=41 dFrame0=0 dFrameGt1=79 discont=0 numSteps total=120 max=1 gt1=0
LogOGResimProbe: Warning: [Warning][ResimProbe.Landing] class=LocallyPredicted behind=60 atFrontier=0 discarded=0 atFrontierPerMille=0 windowSamples=120
LogOGResimProbe: Warning: [Warning][ResimProbe.Landing] class=RemoteProxy behind=60 atFrontier=0 discarded=0 atFrontierPerMille=0 windowSamples=120
LogOGDivergenceProbe: Warning: [Warning][DivergenceProbe.Window] class=LocallyPredicted corrections=60 disagreed=60 ratePerMille=1000 windowSamples=120
LogOGDivergenceProbe: Warning: [Warning][DivergenceProbe.Window] class=RemoteProxy corrections=60 disagreed=60 ratePerMille=1000 windowSamples=120
LogOGRelayProbe: Warning: [Warning][RelayProbe.Read] window=[10873,10993] src=Prediction hit=37 miss=83 verifyFail=0 rung0=0 total=120
LogOGRelayProbe: Warning: [Warning][RelayProbe.Read] window=[10873,10993] src=Resim hit=445 miss=82 verifyFail=0 rung0=0 total=527
LogOGRelayProbe: Warning: [Warning][RelayProbe.Miss] window=[10873,10993] src=Prediction inSpan=0 aboveNewest=83 belowOldest=0 noProbeTick=0 miss=83
LogOGRelayProbe: Warning: [Warning][RelayProbe.Miss] window=[10873,10993] src=Resim inSpan=16 aboveNewest=66 belowOldest=0 noProbeTick=0 miss=82
LogOGRelayProbe: Warning: [Warning][RelayProbe.Delta] window=[10873,10993] src=Prediction n=120 p10=0 p50=1 p90=3 min=-2 max=7 satLow=0 satHigh=0
LogOGRelayProbe: Warning: [Warning][RelayProbe.Delta] window=[10873,10993] src=Resim n=527 p10=-6 p50=-2 p90=1 min=-8 max=6 satLow=0 satHigh=0
LogOGRelayProbe: Warning: [Warning][RelayProbe.Stale] window=[10873,10993] maxConsecutiveFallbackRun=20 id=28415
LogOGResimProbe: Warning: [Warning][ResimProbe.Gate] checks=120 declined=52 requested=68 requestedPerMille=567 deepSkips=0 survivingAnchors=0
LogOGResimProbe: Warning: [Warning][ResimProbe.Chaos] requests=68 grants=68 refused=0 refusedPerMille=0 repeat=0 clamped=0 depthMin=5 depthMax=8
LogOGResimProbe: Warning: [Warning][ResimProbe.Apply] prepares=68 finishes=68 abandoned=0 stuck=0 replayTicks=529 replayOverruns=0 freshProtects=33 staleProtects=0
LogOGResimProbe: Warning: [Warning][ResimProbe.Frame] role=Client simTicks=120 frames=200 meanTicksPerFrameX100=60 p50=1 p99=1 max=1 meanFrameUs=10000
LogOGResimProbe: Warning: [Warning][ResimProbe.Frame] role=Client cadence dFrame1=40 dFrame0=0 dFrameGt1=80 discont=0 numSteps total=120 max=1 gt1=0
LogOGRelayProbe: Warning: [Warning][RelayProbe.Arrival] samples=120 gapCaptureTicks p50=2 p99=4 max=5 noAdvance=0 saturated=0 lostCaptureTicksX1000=59 lost=14 delivered=223 expected=237 discont=0 discontMax=0
LogOGResimProbe: Warning: [Warning][ResimProbe.Landing] class=LocallyPredicted behind=62 atFrontier=0 discarded=0 atFrontierPerMille=0 windowSamples=120
LogOGResimProbe: Warning: [Warning][ResimProbe.Landing] class=RemoteProxy behind=58 atFrontier=0 discarded=0 atFrontierPerMille=0 windowSamples=120
LogOGDivergenceProbe: Warning: [Warning][DivergenceProbe.Window] class=LocallyPredicted corrections=62 disagreed=62 ratePerMille=1000 windowSamples=120
LogOGDivergenceProbe: Warning: [Warning][DivergenceProbe.Window] class=RemoteProxy corrections=58 disagreed=58 ratePerMille=1000 windowSamples=120
LogOGRelayProbe: Warning: [Warning][RelayProbe.Read] window=[10993,11113] src=Prediction hit=37 miss=83 verifyFail=0 rung0=0 total=120
LogOGRelayProbe: Warning: [Warning][RelayProbe.Read] window=[10993,11113] src=Resim hit=420 miss=70 verifyFail=0 rung0=0 total=490
LogOGRelayProbe: Warning: [Warning][RelayProbe.Miss] window=[10993,11113] src=Prediction inSpan=0 aboveNewest=83 belowOldest=0 noProbeTick=0 miss=83
LogOGRelayProbe: Warning: [Warning][RelayProbe.Miss] window=[10993,11113] src=Resim inSpan=12 aboveNewest=58 belowOldest=0 noProbeTick=0 miss=70
LogOGRelayProbe: Warning: [Warning][RelayProbe.Delta] window=[10993,11113] src=Prediction n=120 p10=0 p50=1 p90=3 min=-2 max=4 satLow=0 satHigh=0
LogOGRelayProbe: Warning: [Warning][RelayProbe.Delta] window=[10993,11113] src=Resim n=490 p10=-6 p50=-3 p90=1 min=-8 max=4 satLow=0 satHigh=0
LogOGRelayProbe: Warning: [Warning][RelayProbe.Stale] window=[10993,11113] maxConsecutiveFallbackRun=13 id=28415
LogOGResimProbe: Warning: [Warning][ResimProbe.Gate] checks=120 declined=55 requested=65 requestedPerMille=542 deepSkips=0 survivingAnchors=0
LogOGResimProbe: Warning: [Warning][ResimProbe.Chaos] requests=66 grants=66 refused=0 refusedPerMille=0 repeat=0 clamped=0 depthMin=5 depthMax=9
LogOGResimProbe: Warning: [Warning][ResimProbe.Apply] prepares=66 finishes=66 abandoned=0 stuck=0 replayTicks=515 replayOverruns=0 freshProtects=33 staleProtects=0
LogOGResimProbe: Warning: [Warning][ResimProbe.Frame] role=Client simTicks=120 frames=201 meanTicksPerFrameX100=59 p50=1 p99=1 max=1 meanFrameUs=9999
LogOGResimProbe: Warning: [Warning][ResimProbe.Frame] role=Client cadence dFrame1=39 dFrame0=0 dFrameGt1=81 discont=0 numSteps total=120 max=1 gt1=0
LogOGResimProbe: Warning: [Warning][ResimProbe.Landing] class=LocallyPredicted behind=60 atFrontier=0 discarded=0 atFrontierPerMille=0 windowSamples=120
LogOGResimProbe: Warning: [Warning][ResimProbe.Landing] class=RemoteProxy behind=60 atFrontier=0 discarded=0 atFrontierPerMille=0 windowSamples=120
LogOGDivergenceProbe: Warning: [Warning][DivergenceProbe.Window] class=LocallyPredicted corrections=60 disagreed=60 ratePerMille=1000 windowSamples=120
LogOGDivergenceProbe: Warning: [Warning][DivergenceProbe.Window] class=RemoteProxy corrections=60 disagreed=60 ratePerMille=1000 windowSamples=120
LogOGRelayProbe: Warning: [Warning][RelayProbe.Read] window=[11113,11233] src=Prediction hit=81 miss=39 verifyFail=0 rung0=0 total=120
LogOGRelayProbe: Warning: [Warning][RelayProbe.Read] window=[11113,11233] src=Resim hit=497 miss=25 verifyFail=0 rung0=0 total=522
LogOGRelayProbe: Warning: [Warning][RelayProbe.Miss] window=[11113,11233] src=Prediction inSpan=0 aboveNewest=39 belowOldest=0 noProbeTick=0 miss=39
LogOGRelayProbe: Warning: [Warning][RelayProbe.Miss] window=[11113,11233] src=Resim inSpan=4 aboveNewest=21 belowOldest=0 noProbeTick=0 miss=25
LogOGRelayProbe: Warning: [Warning][RelayProbe.Delta] window=[11113,11233] src=Prediction n=120 p10=-2 p50=0 p90=2 min=-3 max=3 satLow=0 satHigh=0
LogOGRelayProbe: Warning: [Warning][RelayProbe.Delta] window=[11113,11233] src=Resim n=522 p10=-6 p50=-3 p90=0 min=-9 max=2 satLow=0 satHigh=0
LogOGRelayProbe: Warning: [Warning][RelayProbe.Stale] window=[11113,11233] maxConsecutiveFallbackRun=6 id=28415
LogOGResimProbe: Warning: [Warning][ResimProbe.Gate] checks=120 declined=41 requested=79 requestedPerMille=658 deepSkips=0 survivingAnchors=0
LogOGResimProbe: Warning: [Warning][ResimProbe.Chaos] requests=78 grants=78 refused=0 refusedPerMille=0 repeat=0 clamped=0 depthMin=4 depthMax=8
LogOGResimProbe: Warning: [Warning][ResimProbe.Apply] prepares=78 finishes=78 abandoned=0 stuck=0 replayTicks=542 replayOverruns=0 freshProtects=32 staleProtects=0
LogOGResimProbe: Warning: [Warning][ResimProbe.Frame] role=Client simTicks=120 frames=201 meanTicksPerFrameX100=59 p50=1 p99=1 max=1 meanFrameUs=9999
LogOGResimProbe: Warning: [Warning][ResimProbe.Frame] role=Client cadence dFrame1=39 dFrame0=0 dFrameGt1=81 discont=0 numSteps total=120 max=1 gt1=0
LogOGRelayProbe: Warning: [Warning][RelayProbe.Arrival] samples=120 gapCaptureTicks p50=2 p99=4 max=5 noAdvance=0 saturated=0 lostCaptureTicksX1000=4 lost=1 delivered=221 expected=222 discont=0 discontMax=0
LogOGResimProbe: Warning: [Warning][ResimProbe.Landing] class=LocallyPredicted behind=61 atFrontier=0 discarded=0 atFrontierPerMille=0 windowSamples=120
LogOGResimProbe: Warning: [Warning][ResimProbe.Landing] class=RemoteProxy behind=59 atFrontier=0 discarded=0 atFrontierPerMille=0 windowSamples=120
LogOGDivergenceProbe: Warning: [Warning][DivergenceProbe.Window] class=LocallyPredicted corrections=61 disagreed=61 ratePerMille=1000 windowSamples=120
LogOGDivergenceProbe: Warning: [Warning][DivergenceProbe.Window] class=RemoteProxy corrections=59 disagreed=59 ratePerMille=1000 windowSamples=120
LogOGRelayProbe: Warning: [Warning][RelayProbe.Read] window=[11233,11353] src=Prediction hit=49 miss=71 verifyFail=0 rung0=0 total=120
LogOGRelayProbe: Warning: [Warning][RelayProbe.Read] window=[11233,11353] src=Resim hit=389 miss=58 verifyFail=0 rung0=0 total=447
LogOGRelayProbe: Warning: [Warning][RelayProbe.Miss] window=[11233,11353] src=Prediction inSpan=0 aboveNewest=71 belowOldest=0 noProbeTick=0 miss=71
LogOGRelayProbe: Warning: [Warning][RelayProbe.Miss] window=[11233,11353] src=Resim inSpan=0 aboveNewest=58 belowOldest=0 noProbeTick=0 miss=58
LogOGRelayProbe: Warning: [Warning][RelayProbe.Delta] window=[11233,11353] src=Prediction n=120 p10=-1 p50=1 p90=3 min=-2 max=5 satLow=0 satHigh=0
LogOGRelayProbe: Warning: [Warning][RelayProbe.Delta] window=[11233,11353] src=Resim n=447 p10=-5 p50=-2 p90=1 min=-9 max=4 satLow=0 satHigh=0
LogOGRelayProbe: Warning: [Warning][RelayProbe.Stale] window=[11233,11353] maxConsecutiveFallbackRun=13 id=28415
LogOGResimProbe: Warning: [Warning][ResimProbe.Gate] checks=120 declined=56 requested=64 requestedPerMille=533 deepSkips=0 survivingAnchors=0
LogOGResimProbe: Warning: [Warning][ResimProbe.Chaos] requests=65 grants=65 refused=0 refusedPerMille=0 repeat=0 clamped=0 depthMin=4 depthMax=9
LogOGResimProbe: Warning: [Warning][ResimProbe.Apply] prepares=65 finishes=65 abandoned=0 stuck=0 replayTicks=472 replayOverruns=0 freshProtects=38 staleProtects=0
LogOGResimProbe: Warning: [Warning][ResimProbe.Frame] role=Client simTicks=120 frames=199 meanTicksPerFrameX100=60 p50=1 p99=1 max=1 meanFrameUs=10000
LogOGResimProbe: Warning: [Warning][ResimProbe.Frame] role=Client cadence dFrame1=41 dFrame0=0 dFrameGt1=79 discont=0 numSteps total=120 max=1 gt1=0
LogOGResimProbe: Warning: [Warning][ResimProbe.Landing] class=LocallyPredicted behind=60 atFrontier=0 discarded=0 atFrontierPerMille=0 windowSamples=120
LogOGResimProbe: Warning: [Warning][ResimProbe.Landing] class=RemoteProxy behind=60 atFrontier=0 discarded=0 atFrontierPerMille=0 windowSamples=120
LogOGDivergenceProbe: Warning: [Warning][DivergenceProbe.Window] class=LocallyPredicted corrections=60 disagreed=60 ratePerMille=1000 windowSamples=120
LogOGDivergenceProbe: Warning: [Warning][DivergenceProbe.Window] class=RemoteProxy corrections=60 disagreed=60 ratePerMille=1000 windowSamples=120
LogOGRelayProbe: Warning: [Warning][RelayProbe.Read] window=[11353,11473] src=Prediction hit=36 miss=84 verifyFail=0 rung0=0 total=120
LogOGRelayProbe: Warning: [Warning][RelayProbe.Read] window=[11353,11473] src=Resim hit=421 miss=51 verifyFail=0 rung0=0 total=472
LogOGRelayProbe: Warning: [Warning][RelayProbe.Miss] window=[11353,11473] src=Prediction inSpan=0 aboveNewest=84 belowOldest=0 noProbeTick=0 miss=84
LogOGRelayProbe: Warning: [Warning][RelayProbe.Miss] window=[11353,11473] src=Resim inSpan=0 aboveNewest=51 belowOldest=0 noProbeTick=0 miss=51
LogOGRelayProbe: Warning: [Warning][RelayProbe.Delta] window=[11353,11473] src=Prediction n=120 p10=-1 p50=1 p90=3 min=-1 max=4 satLow=0 satHigh=0
LogOGRelayProbe: Warning: [Warning][RelayProbe.Delta] window=[11353,11473] src=Resim n=472 p10=-6 p50=-3 p90=1 min=-8 max=4 satLow=0 satHigh=0
LogOGRelayProbe: Warning: [Warning][RelayProbe.Stale] window=[11353,11473] maxConsecutiveFallbackRun=15 id=28415
LogOGResimProbe: Warning: [Warning][ResimProbe.Gate] checks=120 declined=58 requested=62 requestedPerMille=517 deepSkips=0 survivingAnchors=0
LogOGResimProbe: Warning: [Warning][ResimProbe.Chaos] requests=62 grants=61 refused=1 refusedPerMille=16 repeat=1 clamped=0 depthMin=5 depthMax=9
LogOGResimProbe: Warning: [Warning][ResimProbe.Apply] prepares=61 finishes=61 abandoned=0 stuck=0 replayTicks=483 replayOverruns=0 freshProtects=41 staleProtects=0
LogOGRelayProbe: Warning: [Warning][RelayProbe.Arrival] samples=120 gapCaptureTicks p50=2 p99=4 max=5 noAdvance=0 saturated=0 lostCaptureTicksX1000=0 lost=0 delivered=229 expected=229 discont=0 discontMax=0
LogOGResimProbe: Warning: [Warning][ResimProbe.Frame] role=Client simTicks=120 frames=200 meanTicksPerFrameX100=60 p50=1 p99=1 max=1 meanFrameUs=10000
LogOGResimProbe: Warning: [Warning][ResimProbe.Frame] role=Client cadence dFrame1=40 dFrame0=0 dFrameGt1=80 discont=0 numSteps total=120 max=1 gt1=0
LogOGResimProbe: Warning: [Warning][ResimProbe.Landing] class=LocallyPredicted behind=59 atFrontier=0 discarded=0 atFrontierPerMille=0 windowSamples=120
LogOGResimProbe: Warning: [Warning][ResimProbe.Landing] class=RemoteProxy behind=61 atFrontier=0 discarded=0 atFrontierPerMille=0 windowSamples=120
LogOGDivergenceProbe: Warning: [Warning][DivergenceProbe.Window] class=LocallyPredicted corrections=59 disagreed=59 ratePerMille=1000 windowSamples=120
LogOGDivergenceProbe: Warning: [Warning][DivergenceProbe.Window] class=RemoteProxy corrections=61 disagreed=61 ratePerMille=1000 windowSamples=120
LogOGRelayProbe: Warning: [Warning][RelayProbe.Read] window=[11473,11593] src=Prediction hit=37 miss=83 verifyFail=0 rung0=0 total=120
LogOGRelayProbe: Warning: [Warning][RelayProbe.Read] window=[11473,11593] src=Resim hit=425 miss=57 verifyFail=0 rung0=0 total=482
LogOGRelayProbe: Warning: [Warning][RelayProbe.Miss] window=[11473,11593] src=Prediction inSpan=0 aboveNewest=83 belowOldest=0 noProbeTick=0 miss=83
LogOGRelayProbe: Warning: [Warning][RelayProbe.Miss] window=[11473,11593] src=Resim inSpan=0 aboveNewest=57 belowOldest=0 noProbeTick=0 miss=57
LogOGRelayProbe: Warning: [Warning][RelayProbe.Delta] window=[11473,11593] src=Prediction n=120 p10=-1 p50=1 p90=3 min=-2 max=4 satLow=0 satHigh=0
LogOGRelayProbe: Warning: [Warning][RelayProbe.Delta] window=[11473,11593] src=Resim n=482 p10=-6 p50=-3 p90=1 min=-8 max=3 satLow=0 satHigh=0
LogOGRelayProbe: Warning: [Warning][RelayProbe.Stale] window=[11473,11593] maxConsecutiveFallbackRun=14 id=28415
LogOGResimProbe: Warning: [Warning][ResimProbe.Gate] checks=120 declined=56 requested=64 requestedPerMille=533 deepSkips=0 survivingAnchors=0
LogOGResimProbe: Warning: [Warning][ResimProbe.Chaos] requests=63 grants=63 refused=0 refusedPerMille=0 repeat=0 clamped=0 depthMin=4 depthMax=9
LogOGResimProbe: Warning: [Warning][ResimProbe.Apply] prepares=63 finishes=63 abandoned=0 stuck=0 replayTicks=503 replayOverruns=0 freshProtects=36 staleProtects=0
LogOGResimProbe: Warning: [Warning][ResimProbe.Frame] role=Client simTicks=120 frames=200 meanTicksPerFrameX100=60 p50=1 p99=1 max=1 meanFrameUs=10000
LogOGResimProbe: Warning: [Warning][ResimProbe.Frame] role=Client cadence dFrame1=40 dFrame0=0 dFrameGt1=80 discont=0 numSteps total=120 max=1 gt1=0
LogOGResimProbe: Warning: [Warning][ResimProbe.Landing] class=LocallyPredicted behind=60 atFrontier=0 discarded=0 atFrontierPerMille=0 windowSamples=120
LogOGResimProbe: Warning: [Warning][ResimProbe.Landing] class=RemoteProxy behind=60 atFrontier=0 discarded=0 atFrontierPerMille=0 windowSamples=120
LogOGDivergenceProbe: Warning: [Warning][DivergenceProbe.Window] class=LocallyPredicted corrections=60 disagreed=60 ratePerMille=1000 windowSamples=120
LogOGDivergenceProbe: Warning: [Warning][DivergenceProbe.Window] class=RemoteProxy corrections=60 disagreed=60 ratePerMille=1000 windowSamples=120
LogOGRelayProbe: Warning: [Warning][RelayProbe.Arrival] samples=120 gapCaptureTicks p50=2 p99=4 max=4 noAdvance=0 saturated=0 lostCaptureTicksX1000=0 lost=0 delivered=234 expected=234 discont=0 discontMax=0
LogOGRelayProbe: Warning: [Warning][RelayProbe.Read] window=[11593,11713] src=Prediction hit=55 miss=65 verifyFail=0 rung0=0 total=120
LogOGRelayProbe: Warning: [Warning][RelayProbe.Read] window=[11593,11713] src=Resim hit=417 miss=47 verifyFail=0 rung0=0 total=464
LogOGRelayProbe: Warning: [Warning][RelayProbe.Miss] window=[11593,11713] src=Prediction inSpan=0 aboveNewest=65 belowOldest=0 noProbeTick=0 miss=65
LogOGRelayProbe: Warning: [Warning][RelayProbe.Miss] window=[11593,11713] src=Resim inSpan=0 aboveNewest=47 belowOldest=0 noProbeTick=0 miss=47
LogOGRelayProbe: Warning: [Warning][RelayProbe.Delta] window=[11593,11713] src=Prediction n=120 p10=-1 p50=1 p90=3 min=-3 max=5 satLow=0 satHigh=0
LogOGRelayProbe: Warning: [Warning][RelayProbe.Delta] window=[11593,11713] src=Resim n=464 p10=-6 p50=-3 p90=1 min=-8 max=4 satLow=0 satHigh=0
LogOGRelayProbe: Warning: [Warning][RelayProbe.Stale] window=[11593,11713] maxConsecutiveFallbackRun=10 id=28415
LogOGResimProbe: Warning: [Warning][ResimProbe.Gate] checks=120 declined=57 requested=63 requestedPerMille=525 deepSkips=0 survivingAnchors=0
LogOGResimProbe: Warning: [Warning][ResimProbe.Chaos] requests=64 grants=64 refused=0 refusedPerMille=0 repeat=0 clamped=0 depthMin=5 depthMax=8
LogOGResimProbe: Warning: [Warning][ResimProbe.Apply] prepares=64 finishes=64 abandoned=0 stuck=0 replayTicks=487 replayOverruns=0 freshProtects=39 staleProtects=0
LogOGResimProbe: Warning: [Warning][ResimProbe.Frame] role=Client simTicks=120 frames=199 meanTicksPerFrameX100=60 p50=1 p99=1 max=1 meanFrameUs=9999
LogOGResimProbe: Warning: [Warning][ResimProbe.Frame] role=Client cadence dFrame1=41 dFrame0=0 dFrameGt1=79 discont=0 numSteps total=120 max=1 gt1=0
LogOGResimProbe: Warning: [Warning][ResimProbe.Landing] class=LocallyPredicted behind=60 atFrontier=0 discarded=0 atFrontierPerMille=0 windowSamples=120
LogOGResimProbe: Warning: [Warning][ResimProbe.Landing] class=RemoteProxy behind=60 atFrontier=0 discarded=0 atFrontierPerMille=0 windowSamples=120
LogOGDivergenceProbe: Warning: [Warning][DivergenceProbe.Window] class=LocallyPredicted corrections=60 disagreed=60 ratePerMille=1000 windowSamples=120
LogOGDivergenceProbe: Warning: [Warning][DivergenceProbe.Window] class=RemoteProxy corrections=60 disagreed=60 ratePerMille=1000 windowSamples=120
LogOGRelayProbe: Warning: [Warning][RelayProbe.Read] window=[11713,11833] src=Prediction hit=34 miss=86 verifyFail=0 rung0=0 total=120
LogOGRelayProbe: Warning: [Warning][RelayProbe.Read] window=[11713,11833] src=Resim hit=441 miss=78 verifyFail=0 rung0=0 total=519
LogOGRelayProbe: Warning: [Warning][RelayProbe.Miss] window=[11713,11833] src=Prediction inSpan=0 aboveNewest=86 belowOldest=0 noProbeTick=0 miss=86
LogOGRelayProbe: Warning: [Warning][RelayProbe.Miss] window=[11713,11833] src=Resim inSpan=0 aboveNewest=78 belowOldest=0 noProbeTick=0 miss=78
LogOGRelayProbe: Warning: [Warning][RelayProbe.Delta] window=[11713,11833] src=Prediction n=120 p10=0 p50=1 p90=3 min=-1 max=4 satLow=0 satHigh=0
LogOGRelayProbe: Warning: [Warning][RelayProbe.Delta] window=[11713,11833] src=Resim n=519 p10=-6 p50=-2 p90=1 min=-8 max=4 satLow=0 satHigh=0
LogOGRelayProbe: Warning: [Warning][RelayProbe.Stale] window=[11713,11833] maxConsecutiveFallbackRun=15 id=28415
LogOGResimProbe: Warning: [Warning][ResimProbe.Gate] checks=120 declined=53 requested=67 requestedPerMille=558 deepSkips=0 survivingAnchors=0
LogOGResimProbe: Warning: [Warning][ResimProbe.Chaos] requests=66 grants=66 refused=0 refusedPerMille=0 repeat=0 clamped=0 depthMin=5 depthMax=9
LogOGResimProbe: Warning: [Warning][ResimProbe.Apply] prepares=66 finishes=66 abandoned=0 stuck=0 replayTicks=528 replayOverruns=0 freshProtects=37 staleProtects=0
LogOGResimProbe: Warning: [Warning][ResimProbe.Frame] role=Client simTicks=120 frames=201 meanTicksPerFrameX100=59 p50=1 p99=1 max=1 meanFrameUs=10000
LogOGResimProbe: Warning: [Warning][ResimProbe.Frame] role=Client cadence dFrame1=39 dFrame0=0 dFrameGt1=81 discont=0 numSteps total=120 max=1 gt1=0
LogOGResimProbe: Warning: [Warning][ResimProbe.Landing] class=LocallyPredicted behind=60 atFrontier=0 discarded=0 atFrontierPerMille=0 windowSamples=120
LogOGResimProbe: Warning: [Warning][ResimProbe.Landing] class=RemoteProxy behind=60 atFrontier=0 discarded=0 atFrontierPerMille=0 windowSamples=120
LogOGDivergenceProbe: Warning: [Warning][DivergenceProbe.Window] class=LocallyPredicted corrections=60 disagreed=60 ratePerMille=1000 windowSamples=120
LogOGDivergenceProbe: Warning: [Warning][DivergenceProbe.Window] class=RemoteProxy corrections=60 disagreed=60 ratePerMille=1000 windowSamples=120
LogOGRelayProbe: Warning: [Warning][RelayProbe.Arrival] samples=120 gapCaptureTicks p50=2 p99=4 max=5 noAdvance=0 saturated=0 lostCaptureTicksX1000=4 lost=1 delivered=230 expected=231 discont=0 discontMax=0
LogOGRelayProbe: Warning: [Warning][RelayProbe.Read] window=[11833,11953] src=Prediction hit=44 miss=76 verifyFail=0 rung0=0 total=120
LogOGRelayProbe: Warning: [Warning][RelayProbe.Read] window=[11833,11953] src=Resim hit=380 miss=61 verifyFail=0 rung0=0 total=441
LogOGRelayProbe: Warning: [Warning][RelayProbe.Miss] window=[11833,11953] src=Prediction inSpan=0 aboveNewest=76 belowOldest=0 noProbeTick=0 miss=76
LogOGRelayProbe: Warning: [Warning][RelayProbe.Miss] window=[11833,11953] src=Resim inSpan=4 aboveNewest=57 belowOldest=0 noProbeTick=0 miss=61
LogOGRelayProbe: Warning: [Warning][RelayProbe.Delta] window=[11833,11953] src=Prediction n=120 p10=-1 p50=1 p90=3 min=-3 max=4 satLow=0 satHigh=0
LogOGRelayProbe: Warning: [Warning][RelayProbe.Delta] window=[11833,11953] src=Resim n=441 p10=-6 p50=-2 p90=1 min=-9 max=3 satLow=0 satHigh=0
LogOGRelayProbe: Warning: [Warning][RelayProbe.Stale] window=[11833,11953] maxConsecutiveFallbackRun=16 id=28415
LogOGResimProbe: Warning: [Warning][ResimProbe.Gate] checks=120 declined=58 requested=62 requestedPerMille=517 deepSkips=0 survivingAnchors=0
LogOGResimProbe: Warning: [Warning][ResimProbe.Chaos] requests=63 grants=63 refused=0 refusedPerMille=0 repeat=0 clamped=0 depthMin=5 depthMax=8
LogOGResimProbe: Warning: [Warning][ResimProbe.Apply] prepares=63 finishes=63 abandoned=0 stuck=0 replayTicks=457 replayOverruns=0 freshProtects=34 staleProtects=0
LogOGResimProbe: Warning: [Warning][ResimProbe.Frame] role=Client simTicks=120 frames=200 meanTicksPerFrameX100=60 p50=1 p99=1 max=1 meanFrameUs=10000
LogOGResimProbe: Warning: [Warning][ResimProbe.Frame] role=Client cadence dFrame1=40 dFrame0=0 dFrameGt1=80 discont=0 numSteps total=120 max=1 gt1=0
LogOGResimProbe: Warning: [Warning][ResimProbe.Landing] class=LocallyPredicted behind=61 atFrontier=0 discarded=0 atFrontierPerMille=0 windowSamples=120
LogOGResimProbe: Warning: [Warning][ResimProbe.Landing] class=RemoteProxy behind=59 atFrontier=0 discarded=0 atFrontierPerMille=0 windowSamples=120
LogOGDivergenceProbe: Warning: [Warning][DivergenceProbe.Window] class=LocallyPredicted corrections=61 disagreed=61 ratePerMille=1000 windowSamples=120
LogOGDivergenceProbe: Warning: [Warning][DivergenceProbe.Window] class=RemoteProxy corrections=59 disagreed=59 ratePerMille=1000 windowSamples=120
LogOGRelayProbe: Warning: [Warning][RelayProbe.Read] window=[11953,12073] src=Prediction hit=36 miss=84 verifyFail=0 rung0=0 total=120
LogOGRelayProbe: Warning: [Warning][RelayProbe.Read] window=[11953,12073] src=Resim hit=334 miss=47 verifyFail=0 rung0=0 total=381
LogOGRelayProbe: Warning: [Warning][RelayProbe.Miss] window=[11953,12073] src=Prediction inSpan=0 aboveNewest=84 belowOldest=0 noProbeTick=0 miss=84
LogOGRelayProbe: Warning: [Warning][RelayProbe.Miss] window=[11953,12073] src=Resim inSpan=3 aboveNewest=44 belowOldest=0 noProbeTick=0 miss=47
LogOGRelayProbe: Warning: [Warning][RelayProbe.Delta] window=[11953,12073] src=Prediction n=120 p10=0 p50=1 p90=3 min=-2 max=5 satLow=0 satHigh=0
LogOGRelayProbe: Warning: [Warning][RelayProbe.Delta] window=[11953,12073] src=Resim n=381 p10=-5 p50=-2 p90=1 min=-8 max=4 satLow=0 satHigh=0
LogOGRelayProbe: Warning: [Warning][RelayProbe.Stale] window=[11953,12073] maxConsecutiveFallbackRun=14 id=28415
LogOGResimProbe: Warning: [Warning][ResimProbe.Gate] checks=120 declined=65 requested=55 requestedPerMille=458 deepSkips=0 survivingAnchors=0
LogOGResimProbe: Warning: [Warning][ResimProbe.Chaos] requests=54 grants=54 refused=0 refusedPerMille=0 repeat=0 clamped=0 depthMin=5 depthMax=8
LogOGResimProbe: Warning: [Warning][ResimProbe.Apply] prepares=54 finishes=54 abandoned=0 stuck=0 replayTicks=396 replayOverruns=0 freshProtects=35 staleProtects=0
LogOGResimProbe: Warning: [Warning][ResimProbe.Frame] role=Client simTicks=120 frames=199 meanTicksPerFrameX100=60 p50=1 p99=1 max=1 meanFrameUs=9999
LogOGResimProbe: Warning: [Warning][ResimProbe.Frame] role=Client cadence dFrame1=41 dFrame0=0 dFrameGt1=79 discont=0 numSteps total=120 max=1 gt1=0
LogOGRelayProbe: Warning: [Warning][RelayProbe.Arrival] samples=120 gapCaptureTicks p50=2 p99=4 max=6 noAdvance=0 saturated=0 lostCaptureTicksX1000=13 lost=3 delivered=222 expected=225 discont=0 discontMax=0
LogOGResimProbe: Warning: [Warning][ResimProbe.Landing] class=LocallyPredicted behind=61 atFrontier=0 discarded=0 atFrontierPerMille=0 windowSamples=120
LogOGResimProbe: Warning: [Warning][ResimProbe.Landing] class=RemoteProxy behind=59 atFrontier=0 discarded=0 atFrontierPerMille=0 windowSamples=120
LogOGDivergenceProbe: Warning: [Warning][DivergenceProbe.Window] class=LocallyPredicted corrections=61 disagreed=61 ratePerMille=1000 windowSamples=120
LogOGDivergenceProbe: Warning: [Warning][DivergenceProbe.Window] class=RemoteProxy corrections=59 disagreed=59 ratePerMille=1000 windowSamples=120
LogOGRelayProbe: Warning: [Warning][RelayProbe.Read] window=[12073,12193] src=Prediction hit=32 miss=88 verifyFail=0 rung0=0 total=120
LogOGRelayProbe: Warning: [Warning][RelayProbe.Read] window=[12073,12193] src=Resim hit=385 miss=67 verifyFail=0 rung0=0 total=452
LogOGRelayProbe: Warning: [Warning][RelayProbe.Miss] window=[12073,12193] src=Prediction inSpan=1 aboveNewest=87 belowOldest=0 noProbeTick=0 miss=88
LogOGRelayProbe: Warning: [Warning][RelayProbe.Miss] window=[12073,12193] src=Resim inSpan=6 aboveNewest=61 belowOldest=0 noProbeTick=0 miss=67
LogOGRelayProbe: Warning: [Warning][RelayProbe.Delta] window=[12073,12193] src=Prediction n=120 p10=0 p50=1 p90=3 min=-3 max=4 satLow=0 satHigh=0
LogOGRelayProbe: Warning: [Warning][RelayProbe.Delta] window=[12073,12193] src=Resim n=452 p10=-6 p50=-2 p90=1 min=-8 max=3 satLow=0 satHigh=0
LogOGRelayProbe: Warning: [Warning][RelayProbe.Stale] window=[12073,12193] maxConsecutiveFallbackRun=17 id=28415
LogOGResimProbe: Warning: [Warning][ResimProbe.Gate] checks=120 declined=59 requested=61 requestedPerMille=508 deepSkips=0 survivingAnchors=0
LogOGResimProbe: Warning: [Warning][ResimProbe.Chaos] requests=62 grants=62 refused=0 refusedPerMille=0 repeat=0 clamped=0 depthMin=5 depthMax=8
LogOGResimProbe: Warning: [Warning][ResimProbe.Apply] prepares=62 finishes=62 abandoned=0 stuck=0 replayTicks=473 replayOverruns=0 freshProtects=37 staleProtects=0
LogOGResimProbe: Warning: [Warning][ResimProbe.Frame] role=Client simTicks=120 frames=201 meanTicksPerFrameX100=59 p50=1 p99=1 max=1 meanFrameUs=10000
LogOGResimProbe: Warning: [Warning][ResimProbe.Frame] role=Client cadence dFrame1=39 dFrame0=0 dFrameGt1=81 discont=0 numSteps total=120 max=1 gt1=0
LogOGResimProbe: Warning: [Warning][ResimProbe.Landing] class=LocallyPredicted behind=60 atFrontier=0 discarded=0 atFrontierPerMille=0 windowSamples=120
LogOGResimProbe: Warning: [Warning][ResimProbe.Landing] class=RemoteProxy behind=60 atFrontier=0 discarded=0 atFrontierPerMille=0 windowSamples=120
LogOGDivergenceProbe: Warning: [Warning][DivergenceProbe.Window] class=LocallyPredicted corrections=60 disagreed=60 ratePerMille=1000 windowSamples=120
LogOGDivergenceProbe: Warning: [Warning][DivergenceProbe.Window] class=RemoteProxy corrections=60 disagreed=60 ratePerMille=1000 windowSamples=120
LogOGRelayProbe: Warning: [Warning][RelayProbe.Read] window=[12193,12313] src=Prediction hit=44 miss=76 verifyFail=0 rung0=0 total=120
LogOGRelayProbe: Warning: [Warning][RelayProbe.Read] window=[12193,12313] src=Resim hit=414 miss=49 verifyFail=0 rung0=0 total=463
LogOGRelayProbe: Warning: [Warning][RelayProbe.Miss] window=[12193,12313] src=Prediction inSpan=0 aboveNewest=76 belowOldest=0 noProbeTick=0 miss=76
LogOGRelayProbe: Warning: [Warning][RelayProbe.Miss] window=[12193,12313] src=Resim inSpan=3 aboveNewest=46 belowOldest=0 noProbeTick=0 miss=49
LogOGRelayProbe: Warning: [Warning][RelayProbe.Delta] window=[12193,12313] src=Prediction n=120 p10=-1 p50=1 p90=3 min=-2 max=4 satLow=0 satHigh=0
LogOGRelayProbe: Warning: [Warning][RelayProbe.Delta] window=[12193,12313] src=Resim n=463 p10=-6 p50=-3 p90=0 min=-8 max=3 satLow=0 satHigh=0
LogOGRelayProbe: Warning: [Warning][RelayProbe.Stale] window=[12193,12313] maxConsecutiveFallbackRun=19 id=28415
LogOGResimProbe: Warning: [Warning][ResimProbe.Gate] checks=120 declined=55 requested=65 requestedPerMille=542 deepSkips=0 survivingAnchors=0
LogOGResimProbe: Warning: [Warning][ResimProbe.Chaos] requests=64 grants=61 refused=3 refusedPerMille=47 repeat=3 clamped=0 depthMin=5 depthMax=9
LogOGResimProbe: Warning: [Warning][ResimProbe.Apply] prepares=61 finishes=61 abandoned=0 stuck=0 replayTicks=471 replayOverruns=0 freshProtects=37 staleProtects=0
LogOGResimProbe: Warning: [Warning][ResimProbe.Frame] role=Client simTicks=120 frames=199 meanTicksPerFrameX100=60 p50=1 p99=1 max=1 meanFrameUs=10000
LogOGResimProbe: Warning: [Warning][ResimProbe.Frame] role=Client cadence dFrame1=41 dFrame0=0 dFrameGt1=79 discont=0 numSteps total=120 max=1 gt1=0
LogOGRelayProbe: Warning: [Warning][RelayProbe.Arrival] samples=120 gapCaptureTicks p50=2 p99=4 max=4 noAdvance=0 saturated=0 lostCaptureTicksX1000=17 lost=4 delivered=219 expected=223 discont=0 discontMax=0
LogOGResimProbe: Warning: [Warning][ResimProbe.Landing] class=LocallyPredicted behind=59 atFrontier=0 discarded=0 atFrontierPerMille=0 windowSamples=120
LogOGResimProbe: Warning: [Warning][ResimProbe.Landing] class=RemoteProxy behind=61 atFrontier=0 discarded=0 atFrontierPerMille=0 windowSamples=120
LogOGDivergenceProbe: Warning: [Warning][DivergenceProbe.Window] class=LocallyPredicted corrections=59 disagreed=59 ratePerMille=1000 windowSamples=120
LogOGDivergenceProbe: Warning: [Warning][DivergenceProbe.Window] class=RemoteProxy corrections=61 disagreed=61 ratePerMille=1000 windowSamples=120
LogOGRelayProbe: Warning: [Warning][RelayProbe.Read] window=[12313,12433] src=Prediction hit=51 miss=69 verifyFail=0 rung0=0 total=120
LogOGRelayProbe: Warning: [Warning][RelayProbe.Read] window=[12313,12433] src=Resim hit=374 miss=53 verifyFail=0 rung0=0 total=427
LogOGRelayProbe: Warning: [Warning][RelayProbe.Miss] window=[12313,12433] src=Prediction inSpan=0 aboveNewest=69 belowOldest=0 noProbeTick=0 miss=69
LogOGRelayProbe: Warning: [Warning][RelayProbe.Miss] window=[12313,12433] src=Resim inSpan=8 aboveNewest=45 belowOldest=0 noProbeTick=0 miss=53
LogOGRelayProbe: Warning: [Warning][RelayProbe.Delta] window=[12313,12433] src=Prediction n=120 p10=-1 p50=1 p90=3 min=-3 max=5 satLow=0 satHigh=0
LogOGRelayProbe: Warning: [Warning][RelayProbe.Delta] window=[12313,12433] src=Resim n=427 p10=-6 p50=-3 p90=1 min=-8 max=3 satLow=0 satHigh=0
LogOGRelayProbe: Warning: [Warning][RelayProbe.Stale] window=[12313,12433] maxConsecutiveFallbackRun=14 id=28415
LogOGResimProbe: Warning: [Warning][ResimProbe.Gate] checks=120 declined=57 requested=63 requestedPerMille=525 deepSkips=0 survivingAnchors=0
LogOGResimProbe: Warning: [Warning][ResimProbe.Chaos] requests=64 grants=64 refused=0 refusedPerMille=0 repeat=0 clamped=0 depthMin=4 depthMax=8
LogOGResimProbe: Warning: [Warning][ResimProbe.Apply] prepares=64 finishes=64 abandoned=0 stuck=0 replayTicks=457 replayOverruns=0 freshProtects=38 staleProtects=1
LogOGResimProbe: Warning: [Warning][ResimProbe.Frame] role=Client simTicks=120 frames=201 meanTicksPerFrameX100=59 p50=1 p99=1 max=1 meanFrameUs=9999
LogOGResimProbe: Warning: [Warning][ResimProbe.Frame] role=Client cadence dFrame1=39 dFrame0=0 dFrameGt1=81 discont=0 numSteps total=120 max=1 gt1=0
LogOGResimProbe: Warning: [Warning][ResimProbe.Landing] class=LocallyPredicted behind=60 atFrontier=0 discarded=0 atFrontierPerMille=0 windowSamples=120
LogOGResimProbe: Warning: [Warning][ResimProbe.Landing] class=RemoteProxy behind=60 atFrontier=0 discarded=0 atFrontierPerMille=0 windowSamples=120
LogOGDivergenceProbe: Warning: [Warning][DivergenceProbe.Window] class=LocallyPredicted corrections=60 disagreed=60 ratePerMille=1000 windowSamples=120
LogOGDivergenceProbe: Warning: [Warning][DivergenceProbe.Window] class=RemoteProxy corrections=60 disagreed=60 ratePerMille=1000 windowSamples=120
LogOGRelayProbe: Warning: [Warning][RelayProbe.Read] window=[12433,12553] src=Prediction hit=50 miss=70 verifyFail=0 rung0=0 total=120
LogOGRelayProbe: Warning: [Warning][RelayProbe.Read] window=[12433,12553] src=Resim hit=400 miss=46 verifyFail=0 rung0=0 total=446
LogOGRelayProbe: Warning: [Warning][RelayProbe.Miss] window=[12433,12553] src=Prediction inSpan=0 aboveNewest=70 belowOldest=0 noProbeTick=0 miss=70
LogOGRelayProbe: Warning: [Warning][RelayProbe.Miss] window=[12433,12553] src=Resim inSpan=0 aboveNewest=46 belowOldest=0 noProbeTick=0 miss=46
LogOGRelayProbe: Warning: [Warning][RelayProbe.Delta] window=[12433,12553] src=Prediction n=120 p10=-1 p50=1 p90=3 min=-3 max=4 satLow=0 satHigh=0
LogOGRelayProbe: Warning: [Warning][RelayProbe.Delta] window=[12433,12553] src=Resim n=446 p10=-5 p50=-2 p90=1 min=-7 max=3 satLow=0 satHigh=0
LogOGRelayProbe: Warning: [Warning][RelayProbe.Stale] window=[12433,12553] maxConsecutiveFallbackRun=19 id=28415
LogOGResimProbe: Warning: [Warning][ResimProbe.Gate] checks=120 declined=52 requested=68 requestedPerMille=567 deepSkips=0 survivingAnchors=0
LogOGResimProbe: Warning: [Warning][ResimProbe.Chaos] requests=68 grants=68 refused=0 refusedPerMille=0 repeat=0 clamped=0 depthMin=4 depthMax=7
LogOGResimProbe: Warning: [Warning][ResimProbe.Apply] prepares=68 finishes=68 abandoned=0 stuck=0 replayTicks=462 replayOverruns=0 freshProtects=36 staleProtects=0
LogOGResimProbe: Warning: [Warning][ResimProbe.Frame] role=Client simTicks=120 frames=200 meanTicksPerFrameX100=60 p50=1 p99=1 max=1 meanFrameUs=10000
LogOGResimProbe: Warning: [Warning][ResimProbe.Frame] role=Client cadence dFrame1=40 dFrame0=0 dFrameGt1=80 discont=0 numSteps total=120 max=1 gt1=0
LogOGRelayProbe: Warning: [Warning][RelayProbe.Arrival] samples=120 gapCaptureTicks p50=2 p99=5 max=5 noAdvance=0 saturated=0 lostCaptureTicksX1000=17 lost=4 delivered=227 expected=231 discont=0 discontMax=0
LogOGResimProbe: Warning: [Warning][ResimProbe.Landing] class=LocallyPredicted behind=60 atFrontier=0 discarded=0 atFrontierPerMille=0 windowSamples=120
LogOGResimProbe: Warning: [Warning][ResimProbe.Landing] class=RemoteProxy behind=60 atFrontier=0 discarded=0 atFrontierPerMille=0 windowSamples=120
LogOGDivergenceProbe: Warning: [Warning][DivergenceProbe.Window] class=LocallyPredicted corrections=60 disagreed=60 ratePerMille=1000 windowSamples=120
LogOGDivergenceProbe: Warning: [Warning][DivergenceProbe.Window] class=RemoteProxy corrections=60 disagreed=60 ratePerMille=1000 windowSamples=120
LogOGRelayProbe: Warning: [Warning][RelayProbe.Read] window=[12553,12673] src=Prediction hit=39 miss=81 verifyFail=0 rung0=0 total=120
LogOGRelayProbe: Warning: [Warning][RelayProbe.Read] window=[12553,12673] src=Resim hit=367 miss=72 verifyFail=0 rung0=0 total=439
LogOGRelayProbe: Warning: [Warning][RelayProbe.Miss] window=[12553,12673] src=Prediction inSpan=0 aboveNewest=81 belowOldest=0 noProbeTick=0 miss=81
LogOGRelayProbe: Warning: [Warning][RelayProbe.Miss] window=[12553,12673] src=Resim inSpan=10 aboveNewest=62 belowOldest=0 noProbeTick=0 miss=72
LogOGRelayProbe: Warning: [Warning][RelayProbe.Delta] window=[12553,12673] src=Prediction n=120 p10=-1 p50=1 p90=3 min=-3 max=5 satLow=0 satHigh=0
LogOGRelayProbe: Warning: [Warning][RelayProbe.Delta] window=[12553,12673] src=Resim n=439 p10=-5 p50=-2 p90=1 min=-9 max=5 satLow=0 satHigh=0
LogOGRelayProbe: Warning: [Warning][RelayProbe.Stale] window=[12553,12673] maxConsecutiveFallbackRun=11 id=28415
LogOGResimProbe: Warning: [Warning][ResimProbe.Gate] checks=120 declined=59 requested=61 requestedPerMille=508 deepSkips=0 survivingAnchors=0
LogOGResimProbe: Warning: [Warning][ResimProbe.Chaos] requests=60 grants=60 refused=0 refusedPerMille=0 repeat=0 clamped=0 depthMin=5 depthMax=8
LogOGResimProbe: Warning: [Warning][ResimProbe.Apply] prepares=60 finishes=60 abandoned=0 stuck=0 replayTicks=448 replayOverruns=0 freshProtects=36 staleProtects=0
LogOGResimProbe: Warning: [Warning][ResimProbe.Frame] role=Client simTicks=120 frames=200 meanTicksPerFrameX100=60 p50=1 p99=1 max=1 meanFrameUs=9999
LogOGResimProbe: Warning: [Warning][ResimProbe.Frame] role=Client cadence dFrame1=40 dFrame0=0 dFrameGt1=80 discont=0 numSteps total=120 max=1 gt1=0
LogOGResimProbe: Warning: [Warning][ResimProbe.Landing] class=LocallyPredicted behind=60 atFrontier=0 discarded=0 atFrontierPerMille=0 windowSamples=120
LogOGResimProbe: Warning: [Warning][ResimProbe.Landing] class=RemoteProxy behind=60 atFrontier=0 discarded=0 atFrontierPerMille=0 windowSamples=120
LogOGDivergenceProbe: Warning: [Warning][DivergenceProbe.Window] class=LocallyPredicted corrections=60 disagreed=60 ratePerMille=1000 windowSamples=120
LogOGDivergenceProbe: Warning: [Warning][DivergenceProbe.Window] class=RemoteProxy corrections=60 disagreed=60 ratePerMille=1000 windowSamples=120
LogOGRelayProbe: Warning: [Warning][RelayProbe.Read] window=[12673,12793] src=Prediction hit=20 miss=100 verifyFail=0 rung0=0 total=120
LogOGRelayProbe: Warning: [Warning][RelayProbe.Read] window=[12673,12793] src=Resim hit=376 miss=111 verifyFail=0 rung0=0 total=487
LogOGRelayProbe: Warning: [Warning][RelayProbe.Miss] window=[12673,12793] src=Prediction inSpan=0 aboveNewest=100 belowOldest=0 noProbeTick=0 miss=100
LogOGRelayProbe: Warning: [Warning][RelayProbe.Miss] window=[12673,12793] src=Resim inSpan=0 aboveNewest=111 belowOldest=0 noProbeTick=0 miss=111
LogOGRelayProbe: Warning: [Warning][RelayProbe.Delta] window=[12673,12793] src=Prediction n=120 p10=0 p50=2 p90=4 min=-2 max=5 satLow=0 satHigh=0
LogOGRelayProbe: Warning: [Warning][RelayProbe.Delta] window=[12673,12793] src=Resim n=487 p10=-5 p50=-2 p90=2 min=-8 max=5 satLow=0 satHigh=0
LogOGRelayProbe: Warning: [Warning][RelayProbe.Stale] window=[12673,12793] maxConsecutiveFallbackRun=23 id=28415
LogOGResimProbe: Warning: [Warning][ResimProbe.Gate] checks=120 declined=55 requested=65 requestedPerMille=542 deepSkips=0 survivingAnchors=0
LogOGResimProbe: Warning: [Warning][ResimProbe.Chaos] requests=65 grants=65 refused=0 refusedPerMille=0 repeat=0 clamped=0 depthMin=5 depthMax=8
LogOGResimProbe: Warning: [Warning][ResimProbe.Apply] prepares=65 finishes=65 abandoned=0 stuck=0 replayTicks=511 replayOverruns=0 freshProtects=32 staleProtects=0
LogOGResimProbe: Warning: [Warning][ResimProbe.Frame] role=Client simTicks=120 frames=199 meanTicksPerFrameX100=60 p50=1 p99=1 max=1 meanFrameUs=10000
LogOGResimProbe: Warning: [Warning][ResimProbe.Frame] role=Client cadence dFrame1=41 dFrame0=0 dFrameGt1=79 discont=0 numSteps total=120 max=1 gt1=0
LogOGRelayProbe: Warning: [Warning][RelayProbe.Arrival] samples=120 gapCaptureTicks p50=2 p99=5 max=5 noAdvance=0 saturated=0 lostCaptureTicksX1000=22 lost=5 delivered=218 expected=223 discont=0 discontMax=0
LogOGResimProbe: Warning: [Warning][ResimProbe.Landing] class=LocallyPredicted behind=60 atFrontier=0 discarded=0 atFrontierPerMille=0 windowSamples=120
LogOGResimProbe: Warning: [Warning][ResimProbe.Landing] class=RemoteProxy behind=60 atFrontier=0 discarded=0 atFrontierPerMille=0 windowSamples=120
LogOGDivergenceProbe: Warning: [Warning][DivergenceProbe.Window] class=LocallyPredicted corrections=60 disagreed=60 ratePerMille=1000 windowSamples=120
LogOGDivergenceProbe: Warning: [Warning][DivergenceProbe.Window] class=RemoteProxy corrections=60 disagreed=60 ratePerMille=1000 windowSamples=120
LogOGRelayProbe: Warning: [Warning][RelayProbe.Read] window=[12793,12913] src=Prediction hit=48 miss=72 verifyFail=0 rung0=0 total=120
LogOGRelayProbe: Warning: [Warning][RelayProbe.Read] window=[12793,12913] src=Resim hit=439 miss=61 verifyFail=0 rung0=0 total=500
LogOGRelayProbe: Warning: [Warning][RelayProbe.Miss] window=[12793,12913] src=Prediction inSpan=0 aboveNewest=72 belowOldest=0 noProbeTick=0 miss=72
LogOGRelayProbe: Warning: [Warning][RelayProbe.Miss] window=[12793,12913] src=Resim inSpan=5 aboveNewest=56 belowOldest=0 noProbeTick=0 miss=61
LogOGRelayProbe: Warning: [Warning][RelayProbe.Delta] window=[12793,12913] src=Prediction n=120 p10=-1 p50=1 p90=3 min=-2 max=5 satLow=0 satHigh=0
LogOGRelayProbe: Warning: [Warning][RelayProbe.Delta] window=[12793,12913] src=Resim n=500 p10=-6 p50=-3 p90=1 min=-9 max=5 satLow=0 satHigh=0
LogOGRelayProbe: Warning: [Warning][RelayProbe.Stale] window=[12793,12913] maxConsecutiveFallbackRun=11 id=28415
LogOGResimProbe: Warning: [Warning][ResimProbe.Gate] checks=120 declined=53 requested=67 requestedPerMille=558 deepSkips=0 survivingAnchors=0
LogOGResimProbe: Warning: [Warning][ResimProbe.Chaos] requests=67 grants=67 refused=0 refusedPerMille=0 repeat=0 clamped=0 depthMin=5 depthMax=8
LogOGResimProbe: Warning: [Warning][ResimProbe.Apply] prepares=67 finishes=67 abandoned=0 stuck=0 replayTicks=511 replayOverruns=0 freshProtects=34 staleProtects=0
LogOGResimProbe: Warning: [Warning][ResimProbe.Frame] role=Client simTicks=120 frames=202 meanTicksPerFrameX100=59 p50=1 p99=1 max=1 meanFrameUs=10001
LogOGResimProbe: Warning: [Warning][ResimProbe.Frame] role=Client cadence dFrame1=38 dFrame0=0 dFrameGt1=82 discont=0 numSteps total=120 max=1 gt1=0
LogOGResimProbe: Warning: [Warning][ResimProbe.Landing] class=LocallyPredicted behind=59 atFrontier=0 discarded=0 atFrontierPerMille=0 windowSamples=120
LogOGResimProbe: Warning: [Warning][ResimProbe.Landing] class=RemoteProxy behind=61 atFrontier=0 discarded=0 atFrontierPerMille=0 windowSamples=120
LogOGDivergenceProbe: Warning: [Warning][DivergenceProbe.Window] class=LocallyPredicted corrections=59 disagreed=59 ratePerMille=1000 windowSamples=120
LogOGDivergenceProbe: Warning: [Warning][DivergenceProbe.Window] class=RemoteProxy corrections=61 disagreed=61 ratePerMille=1000 windowSamples=120
LogOGRelayProbe: Warning: [Warning][RelayProbe.Read] window=[12913,13033] src=Prediction hit=54 miss=66 verifyFail=0 rung0=0 total=120
LogOGRelayProbe: Warning: [Warning][RelayProbe.Read] window=[12913,13033] src=Resim hit=447 miss=41 verifyFail=0 rung0=0 total=488
LogOGRelayProbe: Warning: [Warning][RelayProbe.Miss] window=[12913,13033] src=Prediction inSpan=0 aboveNewest=66 belowOldest=0 noProbeTick=0 miss=66
LogOGRelayProbe: Warning: [Warning][RelayProbe.Miss] window=[12913,13033] src=Resim inSpan=0 aboveNewest=41 belowOldest=0 noProbeTick=0 miss=41
LogOGRelayProbe: Warning: [Warning][RelayProbe.Delta] window=[12913,13033] src=Prediction n=120 p10=-1 p50=1 p90=2 min=-3 max=4 satLow=0 satHigh=0
LogOGRelayProbe: Warning: [Warning][RelayProbe.Delta] window=[12913,13033] src=Resim n=488 p10=-6 p50=-3 p90=0 min=-8 max=4 satLow=0 satHigh=0
LogOGRelayProbe: Warning: [Warning][RelayProbe.Stale] window=[12913,13033] maxConsecutiveFallbackRun=11 id=28415
LogOGResimProbe: Warning: [Warning][ResimProbe.Gate] checks=120 declined=48 requested=72 requestedPerMille=600 deepSkips=0 survivingAnchors=0
LogOGResimProbe: Warning: [Warning][ResimProbe.Chaos] requests=72 grants=72 refused=0 refusedPerMille=0 repeat=0 clamped=0 depthMin=4 depthMax=8
LogOGResimProbe: Warning: [Warning][ResimProbe.Apply] prepares=72 finishes=72 abandoned=0 stuck=0 replayTicks=519 replayOverruns=0 freshProtects=34 staleProtects=0
LogOGResimProbe: Warning: [Warning][ResimProbe.Frame] role=Client simTicks=120 frames=198 meanTicksPerFrameX100=60 p50=1 p99=1 max=1 meanFrameUs=9999
LogOGResimProbe: Warning: [Warning][ResimProbe.Frame] role=Client cadence dFrame1=42 dFrame0=0 dFrameGt1=78 discont=0 numSteps total=120 max=1 gt1=0
LogOGRelayProbe: Warning: [Warning][RelayProbe.Arrival] samples=120 gapCaptureTicks p50=2 p99=4 max=5 noAdvance=0 saturated=0 lostCaptureTicksX1000=0 lost=0 delivered=227 expected=227 discont=0 discontMax=0
LogOGResimProbe: Warning: [Warning][ResimProbe.Landing] class=LocallyPredicted behind=60 atFrontier=0 discarded=0 atFrontierPerMille=0 windowSamples=120
LogOGResimProbe: Warning: [Warning][ResimProbe.Landing] class=RemoteProxy behind=60 atFrontier=0 discarded=0 atFrontierPerMille=0 windowSamples=120
LogOGDivergenceProbe: Warning: [Warning][DivergenceProbe.Window] class=LocallyPredicted corrections=60 disagreed=60 ratePerMille=1000 windowSamples=120
LogOGDivergenceProbe: Warning: [Warning][DivergenceProbe.Window] class=RemoteProxy corrections=60 disagreed=60 ratePerMille=1000 windowSamples=120
LogOGRelayProbe: Warning: [Warning][RelayProbe.Read] window=[13033,13153] src=Prediction hit=43 miss=77 verifyFail=0 rung0=0 total=120
LogOGRelayProbe: Warning: [Warning][RelayProbe.Read] window=[13033,13153] src=Resim hit=379 miss=54 verifyFail=0 rung0=0 total=433
LogOGRelayProbe: Warning: [Warning][RelayProbe.Miss] window=[13033,13153] src=Prediction inSpan=0 aboveNewest=77 belowOldest=0 noProbeTick=0 miss=77
LogOGRelayProbe: Warning: [Warning][RelayProbe.Miss] window=[13033,13153] src=Resim inSpan=0 aboveNewest=54 belowOldest=0 noProbeTick=0 miss=54
LogOGRelayProbe: Warning: [Warning][RelayProbe.Delta] window=[13033,13153] src=Prediction n=120 p10=-1 p50=1 p90=3 min=-2 max=4 satLow=0 satHigh=0
LogOGRelayProbe: Warning: [Warning][RelayProbe.Delta] window=[13033,13153] src=Resim n=433 p10=-5 p50=-2 p90=1 min=-7 max=4 satLow=0 satHigh=0
LogOGRelayProbe: Warning: [Warning][RelayProbe.Stale] window=[13033,13153] maxConsecutiveFallbackRun=17 id=28415
LogOGResimProbe: Warning: [Warning][ResimProbe.Gate] checks=120 declined=58 requested=62 requestedPerMille=517 deepSkips=0 survivingAnchors=0
LogOGResimProbe: Warning: [Warning][ResimProbe.Chaos] requests=62 grants=62 refused=0 refusedPerMille=0 repeat=0 clamped=0 depthMin=4 depthMax=8
LogOGResimProbe: Warning: [Warning][ResimProbe.Apply] prepares=62 finishes=62 abandoned=0 stuck=0 replayTicks=450 replayOverruns=0 freshProtects=40 staleProtects=0
LogOGResimProbe: Warning: [Warning][ResimProbe.Frame] role=Client simTicks=120 frames=200 meanTicksPerFrameX100=60 p50=1 p99=1 max=1 meanFrameUs=10000
LogOGResimProbe: Warning: [Warning][ResimProbe.Frame] role=Client cadence dFrame1=40 dFrame0=0 dFrameGt1=80 discont=0 numSteps total=120 max=1 gt1=0
LogOGResimProbe: Warning: [Warning][ResimProbe.Landing] class=LocallyPredicted behind=60 atFrontier=0 discarded=0 atFrontierPerMille=0 windowSamples=120
LogOGResimProbe: Warning: [Warning][ResimProbe.Landing] class=RemoteProxy behind=60 atFrontier=0 discarded=0 atFrontierPerMille=0 windowSamples=120
LogOGDivergenceProbe: Warning: [Warning][DivergenceProbe.Window] class=LocallyPredicted corrections=60 disagreed=60 ratePerMille=1000 windowSamples=120
LogOGDivergenceProbe: Warning: [Warning][DivergenceProbe.Window] class=RemoteProxy corrections=60 disagreed=60 ratePerMille=1000 windowSamples=120
LogOGRelayProbe: Warning: [Warning][RelayProbe.Read] window=[13153,13273] src=Prediction hit=31 miss=89 verifyFail=0 rung0=0 total=120
LogOGRelayProbe: Warning: [Warning][RelayProbe.Read] window=[13153,13273] src=Resim hit=411 miss=65 verifyFail=0 rung0=0 total=476
LogOGRelayProbe: Warning: [Warning][RelayProbe.Miss] window=[13153,13273] src=Prediction inSpan=0 aboveNewest=89 belowOldest=0 noProbeTick=0 miss=89
LogOGRelayProbe: Warning: [Warning][RelayProbe.Miss] window=[13153,13273] src=Resim inSpan=0 aboveNewest=65 belowOldest=0 noProbeTick=0 miss=65
LogOGRelayProbe: Warning: [Warning][RelayProbe.Delta] window=[13153,13273] src=Prediction n=120 p10=-1 p50=1 p90=3 min=-2 max=5 satLow=0 satHigh=0
LogOGRelayProbe: Warning: [Warning][RelayProbe.Delta] window=[13153,13273] src=Resim n=476 p10=-6 p50=-2 p90=1 min=-8 max=4 satLow=0 satHigh=0
LogOGRelayProbe: Warning: [Warning][RelayProbe.Stale] window=[13153,13273] maxConsecutiveFallbackRun=20 id=28415
LogOGResimProbe: Warning: [Warning][ResimProbe.Gate] checks=120 declined=55 requested=65 requestedPerMille=542 deepSkips=0 survivingAnchors=0
LogOGResimProbe: Warning: [Warning][ResimProbe.Chaos] requests=65 grants=65 refused=0 refusedPerMille=0 repeat=0 clamped=0 depthMin=5 depthMax=9
LogOGResimProbe: Warning: [Warning][ResimProbe.Apply] prepares=65 finishes=65 abandoned=0 stuck=0 replayTicks=496 replayOverruns=0 freshProtects=34 staleProtects=0
LogOGResimProbe: Warning: [Warning][ResimProbe.Frame] role=Client simTicks=120 frames=200 meanTicksPerFrameX100=60 p50=1 p99=1 max=1 meanFrameUs=10000
LogOGResimProbe: Warning: [Warning][ResimProbe.Frame] role=Client cadence dFrame1=40 dFrame0=0 dFrameGt1=80 discont=0 numSteps total=120 max=1 gt1=0
LogOGRelayProbe: Warning: [Warning][RelayProbe.Arrival] samples=120 gapCaptureTicks p50=2 p99=4 max=5 noAdvance=0 saturated=0 lostCaptureTicksX1000=0 lost=0 delivered=217 expected=217 discont=0 discontMax=0
LogOGResimProbe: Warning: [Warning][ResimProbe.Landing] class=LocallyPredicted behind=60 atFrontier=0 discarded=0 atFrontierPerMille=0 windowSamples=120
LogOGResimProbe: Warning: [Warning][ResimProbe.Landing] class=RemoteProxy behind=60 atFrontier=0 discarded=0 atFrontierPerMille=0 windowSamples=120
LogOGDivergenceProbe: Warning: [Warning][DivergenceProbe.Window] class=LocallyPredicted corrections=60 disagreed=60 ratePerMille=1000 windowSamples=120
LogOGDivergenceProbe: Warning: [Warning][DivergenceProbe.Window] class=RemoteProxy corrections=60 disagreed=60 ratePerMille=1000 windowSamples=120
LogOGRelayProbe: Warning: [Warning][RelayProbe.Read] window=[13273,13393] src=Prediction hit=28 miss=92 verifyFail=0 rung0=0 total=120
LogOGRelayProbe: Warning: [Warning][RelayProbe.Read] window=[13273,13393] src=Resim hit=388 miss=68 verifyFail=0 rung0=0 total=456
LogOGRelayProbe: Warning: [Warning][RelayProbe.Miss] window=[13273,13393] src=Prediction inSpan=0 aboveNewest=92 belowOldest=0 noProbeTick=0 miss=92
LogOGRelayProbe: Warning: [Warning][RelayProbe.Miss] window=[13273,13393] src=Resim inSpan=4 aboveNewest=64 belowOldest=0 noProbeTick=0 miss=68
LogOGRelayProbe: Warning: [Warning][RelayProbe.Delta] window=[13273,13393] src=Prediction n=120 p10=0 p50=1 p90=3 min=-2 max=5 satLow=0 satHigh=0
LogOGRelayProbe: Warning: [Warning][RelayProbe.Delta] window=[13273,13393] src=Resim n=456 p10=-6 p50=-2 p90=1 min=-8 max=3 satLow=0 satHigh=0
LogOGRelayProbe: Warning: [Warning][RelayProbe.Stale] window=[13273,13393] maxConsecutiveFallbackRun=20 id=28415
LogOGResimProbe: Warning: [Warning][ResimProbe.Gate] checks=120 declined=61 requested=59 requestedPerMille=492 deepSkips=0 survivingAnchors=0
LogOGResimProbe: Warning: [Warning][ResimProbe.Chaos] requests=59 grants=59 refused=0 refusedPerMille=0 repeat=0 clamped=0 depthMin=6 depthMax=8
LogOGResimProbe: Warning: [Warning][ResimProbe.Apply] prepares=59 finishes=59 abandoned=0 stuck=0 replayTicks=479 replayOverruns=0 freshProtects=39 staleProtects=0
LogOGResimProbe: Warning: [Warning][ResimProbe.Frame] role=Client simTicks=120 frames=200 meanTicksPerFrameX100=60 p50=1 p99=1 max=1 meanFrameUs=10001
LogOGResimProbe: Warning: [Warning][ResimProbe.Frame] role=Client cadence dFrame1=40 dFrame0=0 dFrameGt1=80 discont=0 numSteps total=120 max=1 gt1=0
LogOGRelayProbe: Warning: [Warning][RelayProbe.Arrival] samples=120 gapCaptureTicks p50=2 p99=4 max=4 noAdvance=0 saturated=0 lostCaptureTicksX1000=28 lost=6 delivered=207 expected=213 discont=0 discontMax=0
LogOGResimProbe: Warning: [Warning][ResimProbe.Landing] class=LocallyPredicted behind=59 atFrontier=0 discarded=0 atFrontierPerMille=0 windowSamples=120
LogOGResimProbe: Warning: [Warning][ResimProbe.Landing] class=RemoteProxy behind=61 atFrontier=0 discarded=0 atFrontierPerMille=0 windowSamples=120
LogOGDivergenceProbe: Warning: [Warning][DivergenceProbe.Window] class=LocallyPredicted corrections=59 disagreed=59 ratePerMille=1000 windowSamples=120
LogOGDivergenceProbe: Warning: [Warning][DivergenceProbe.Window] class=RemoteProxy corrections=61 disagreed=61 ratePerMille=1000 windowSamples=120
LogOGRelayProbe: Warning: [Warning][RelayProbe.Read] window=[13393,13513] src=Prediction hit=33 miss=87 verifyFail=0 rung0=0 total=120
LogOGRelayProbe: Warning: [Warning][RelayProbe.Read] window=[13393,13513] src=Resim hit=423 miss=85 verifyFail=0 rung0=0 total=508
LogOGRelayProbe: Warning: [Warning][RelayProbe.Miss] window=[13393,13513] src=Prediction inSpan=0 aboveNewest=87 belowOldest=0 noProbeTick=0 miss=87
LogOGRelayProbe: Warning: [Warning][RelayProbe.Miss] window=[13393,13513] src=Resim inSpan=13 aboveNewest=72 belowOldest=0 noProbeTick=0 miss=85
LogOGRelayProbe: Warning: [Warning][RelayProbe.Delta] window=[13393,13513] src=Prediction n=120 p10=-1 p50=1 p90=3 min=-2 max=5 satLow=0 satHigh=0
LogOGRelayProbe: Warning: [Warning][RelayProbe.Delta] window=[13393,13513] src=Resim n=508 p10=-6 p50=-2 p90=1 min=-8 max=4 satLow=0 satHigh=0
LogOGRelayProbe: Warning: [Warning][RelayProbe.Stale] window=[13393,13513] maxConsecutiveFallbackRun=27 id=28415
LogOGResimProbe: Warning: [Warning][ResimProbe.Gate] checks=120 declined=52 requested=68 requestedPerMille=567 deepSkips=0 survivingAnchors=0
LogOGResimProbe: Warning: [Warning][ResimProbe.Chaos] requests=68 grants=68 refused=0 refusedPerMille=0 repeat=0 clamped=0 depthMin=5 depthMax=8
LogOGResimProbe: Warning: [Warning][ResimProbe.Apply] prepares=68 finishes=68 abandoned=0 stuck=0 replayTicks=527 replayOverruns=0 freshProtects=37 staleProtects=0
LogOGResimProbe: Warning: [Warning][ResimProbe.Frame] role=Client simTicks=120 frames=201 meanTicksPerFrameX100=59 p50=1 p99=1 max=1 meanFrameUs=9999
LogOGResimProbe: Warning: [Warning][ResimProbe.Frame] role=Client cadence dFrame1=39 dFrame0=0 dFrameGt1=81 discont=0 numSteps total=120 max=1 gt1=0
LogOGResimProbe: Warning: [Warning][ResimProbe.Landing] class=LocallyPredicted behind=60 atFrontier=0 discarded=0 atFrontierPerMille=0 windowSamples=120
LogOGResimProbe: Warning: [Warning][ResimProbe.Landing] class=RemoteProxy behind=60 atFrontier=0 discarded=0 atFrontierPerMille=0 windowSamples=120
LogOGDivergenceProbe: Warning: [Warning][DivergenceProbe.Window] class=LocallyPredicted corrections=60 disagreed=60 ratePerMille=1000 windowSamples=120
LogOGDivergenceProbe: Warning: [Warning][DivergenceProbe.Window] class=RemoteProxy corrections=60 disagreed=60 ratePerMille=1000 windowSamples=120
LogOGRelayProbe: Warning: [Warning][RelayProbe.Read] window=[13513,13633] src=Prediction hit=57 miss=63 verifyFail=0 rung0=0 total=120
LogOGRelayProbe: Warning: [Warning][RelayProbe.Read] window=[13513,13633] src=Resim hit=416 miss=44 verifyFail=0 rung0=0 total=460
LogOGRelayProbe: Warning: [Warning][RelayProbe.Miss] window=[13513,13633] src=Prediction inSpan=0 aboveNewest=63 belowOldest=0 noProbeTick=0 miss=63
LogOGRelayProbe: Warning: [Warning][RelayProbe.Miss] window=[13513,13633] src=Resim inSpan=6 aboveNewest=38 belowOldest=0 noProbeTick=0 miss=44
LogOGRelayProbe: Warning: [Warning][RelayProbe.Delta] window=[13513,13633] src=Prediction n=120 p10=-1 p50=1 p90=2 min=-3 max=4 satLow=0 satHigh=0
LogOGRelayProbe: Warning: [Warning][RelayProbe.Delta] window=[13513,13633] src=Resim n=460 p10=-6 p50=-3 p90=0 min=-9 max=3 satLow=0 satHigh=0
LogOGRelayProbe: Warning: [Warning][RelayProbe.Stale] window=[13513,13633] maxConsecutiveFallbackRun=12 id=28415
LogOGResimProbe: Warning: [Warning][ResimProbe.Gate] checks=120 declined=53 requested=67 requestedPerMille=558 deepSkips=0 survivingAnchors=0
LogOGResimProbe: Warning: [Warning][ResimProbe.Chaos] requests=67 grants=67 refused=0 refusedPerMille=0 repeat=0 clamped=0 depthMin=4 depthMax=8
LogOGResimProbe: Warning: [Warning][ResimProbe.Apply] prepares=67 finishes=67 abandoned=0 stuck=0 replayTicks=475 replayOverruns=0 freshProtects=37 staleProtects=0
LogOGResimProbe: Warning: [Warning][ResimProbe.Frame] role=Client simTicks=120 frames=201 meanTicksPerFrameX100=59 p50=1 p99=1 max=1 meanFrameUs=10003
LogOGResimProbe: Warning: [Warning][ResimProbe.Frame] role=Client cadence dFrame1=39 dFrame0=0 dFrameGt1=81 discont=0 numSteps total=120 max=1 gt1=0
LogOG: Warning: [Warning] tryInsertingResimulatedState: tick=13685 not in cache window, discarding
LogOG: Warning: [Warning] tryInsertingResimulatedState: tick=13685 not in cache window, discarding
LogOGRelayProbe: Warning: [Warning][RelayProbe.Arrival] samples=120 gapCaptureTicks p50=2 p99=5 max=9 noAdvance=0 saturated=0 lostCaptureTicksX1000=36 lost=8 delivered=213 expected=221 discont=0 discontMax=0
LogOGResimProbe: Warning: [Warning][ResimProbe.Landing] class=LocallyPredicted behind=59 atFrontier=0 discarded=0 atFrontierPerMille=0 windowSamples=120
LogOGResimProbe: Warning: [Warning][ResimProbe.Landing] class=RemoteProxy behind=61 atFrontier=0 discarded=0 atFrontierPerMille=0 windowSamples=120
LogOGDivergenceProbe: Warning: [Warning][DivergenceProbe.Window] class=LocallyPredicted corrections=59 disagreed=59 ratePerMille=1000 windowSamples=120
LogOGDivergenceProbe: Warning: [Warning][DivergenceProbe.Window] class=RemoteProxy corrections=61 disagreed=61 ratePerMille=1000 windowSamples=120
LogOGRelayProbe: Warning: [Warning][RelayProbe.Read] window=[13633,13753] src=Prediction hit=55 miss=66 verifyFail=0 rung0=0 total=121
LogOGRelayProbe: Warning: [Warning][RelayProbe.Read] window=[13633,13753] src=Resim hit=311 miss=59 verifyFail=0 rung0=0 total=370
LogOGRelayProbe: Warning: [Warning][RelayProbe.Miss] window=[13633,13753] src=Prediction inSpan=0 aboveNewest=66 belowOldest=0 noProbeTick=0 miss=66
LogOGRelayProbe: Warning: [Warning][RelayProbe.Miss] window=[13633,13753] src=Resim inSpan=7 aboveNewest=52 belowOldest=0 noProbeTick=0 miss=59
LogOGRelayProbe: Warning: [Warning][RelayProbe.Delta] window=[13633,13753] src=Prediction n=121 p10=-1 p50=1 p90=4 min=-3 max=8 satLow=0 satHigh=0
LogOGRelayProbe: Warning: [Warning][RelayProbe.Delta] window=[13633,13753] src=Resim n=370 p10=-5 p50=-2 p90=1 min=-8 max=8 satLow=0 satHigh=0
LogOGRelayProbe: Warning: [Warning][RelayProbe.Stale] window=[13633,13753] maxConsecutiveFallbackRun=17 id=28415
LogOGResimProbe: Warning: [Warning][ResimProbe.Gate] checks=120 declined=65 requested=55 requestedPerMille=458 deepSkips=0 survivingAnchors=0
LogOGResimProbe: Warning: [Warning][ResimProbe.Chaos] requests=55 grants=55 refused=0 refusedPerMille=0 repeat=0 clamped=0 depthMin=4 depthMax=12
LogOGResimProbe: Warning: [Warning][ResimProbe.Apply] prepares=55 finishes=56 abandoned=0 stuck=0 replayTicks=374 replayOverruns=2 freshProtects=34 staleProtects=0
LogOGResimProbe: Warning: [Warning][ResimProbe.Frame] role=Client simTicks=119 frames=199 meanTicksPerFrameX100=59 p50=1 p99=1 max=1 meanFrameUs=10006
LogOGResimProbe: Warning: [Warning][ResimProbe.Frame] role=Client cadence dFrame1=41 dFrame0=0 dFrameGt1=79 discont=0 numSteps total=120 max=1 gt1=0
LogOGResimProbe: Warning: [Warning][ResimProbe.Landing] class=LocallyPredicted behind=61 atFrontier=0 discarded=0 atFrontierPerMille=0 windowSamples=120
LogOGResimProbe: Warning: [Warning][ResimProbe.Landing] class=RemoteProxy behind=59 atFrontier=0 discarded=0 atFrontierPerMille=0 windowSamples=120
LogOGDivergenceProbe: Warning: [Warning][DivergenceProbe.Window] class=LocallyPredicted corrections=61 disagreed=61 ratePerMille=1000 windowSamples=120
LogOGDivergenceProbe: Warning: [Warning][DivergenceProbe.Window] class=RemoteProxy corrections=59 disagreed=59 ratePerMille=1000 windowSamples=120
LogOGRelayProbe: Warning: [Warning][RelayProbe.Read] window=[13753,13873] src=Prediction hit=19 miss=100 verifyFail=0 rung0=0 total=119
LogOGRelayProbe: Warning: [Warning][RelayProbe.Read] window=[13753,13873] src=Resim hit=360 miss=108 verifyFail=0 rung0=0 total=468
LogOGRelayProbe: Warning: [Warning][RelayProbe.Miss] window=[13753,13873] src=Prediction inSpan=0 aboveNewest=100 belowOldest=0 noProbeTick=0 miss=100
LogOGRelayProbe: Warning: [Warning][RelayProbe.Miss] window=[13753,13873] src=Resim inSpan=5 aboveNewest=103 belowOldest=0 noProbeTick=0 miss=108
LogOGRelayProbe: Warning: [Warning][RelayProbe.Delta] window=[13753,13873] src=Prediction n=119 p10=0 p50=2 p90=4 min=-2 max=6 satLow=0 satHigh=0
LogOGRelayProbe: Warning: [Warning][RelayProbe.Delta] window=[13753,13873] src=Resim n=468 p10=-5 p50=-2 p90=2 min=-7 max=5 satLow=0 satHigh=0
LogOGRelayProbe: Warning: [Warning][RelayProbe.Stale] window=[13753,13873] maxConsecutiveFallbackRun=23 id=28415
LogOGResimProbe: Warning: [Warning][ResimProbe.Gate] checks=120 declined=53 requested=67 requestedPerMille=558 deepSkips=0 survivingAnchors=0
LogOGResimProbe: Warning: [Warning][ResimProbe.Chaos] requests=67 grants=65 refused=2 refusedPerMille=30 repeat=2 clamped=0 depthMin=4 depthMax=8
LogOGResimProbe: Warning: [Warning][ResimProbe.Apply] prepares=65 finishes=64 abandoned=1 stuck=3 replayTicks=499 replayOverruns=0 freshProtects=33 staleProtects=0
LogOGResimProbe: Warning: [Warning][ResimProbe.Frame] role=Client simTicks=121 frames=200 meanTicksPerFrameX100=60 p50=1 p99=1 max=1 meanFrameUs=10002
LogOGResimProbe: Warning: [Warning][ResimProbe.Frame] role=Client cadence dFrame1=40 dFrame0=0 dFrameGt1=80 discont=0 numSteps total=120 max=1 gt1=0
LogOGRelayProbe: Warning: [Warning][RelayProbe.Arrival] samples=120 gapCaptureTicks p50=2 p99=5 max=5 noAdvance=0 saturated=0 lostCaptureTicksX1000=29 lost=7 delivered=232 expected=239 discont=0 discontMax=0
LogOGResimProbe: Warning: [Warning][ResimProbe.Landing] class=LocallyPredicted behind=60 atFrontier=0 discarded=0 atFrontierPerMille=0 windowSamples=120
LogOGResimProbe: Warning: [Warning][ResimProbe.Landing] class=RemoteProxy behind=60 atFrontier=0 discarded=0 atFrontierPerMille=0 windowSamples=120
LogOGDivergenceProbe: Warning: [Warning][DivergenceProbe.Window] class=LocallyPredicted corrections=60 disagreed=60 ratePerMille=1000 windowSamples=120
LogOGDivergenceProbe: Warning: [Warning][DivergenceProbe.Window] class=RemoteProxy corrections=60 disagreed=60 ratePerMille=1000 windowSamples=120
LogOGRelayProbe: Warning: [Warning][RelayProbe.Read] window=[13873,13993] src=Prediction hit=27 miss=93 verifyFail=0 rung0=0 total=120
LogOGRelayProbe: Warning: [Warning][RelayProbe.Read] window=[13873,13993] src=Resim hit=362 miss=90 verifyFail=0 rung0=0 total=452
LogOGRelayProbe: Warning: [Warning][RelayProbe.Miss] window=[13873,13993] src=Prediction inSpan=0 aboveNewest=93 belowOldest=0 noProbeTick=0 miss=93
LogOGRelayProbe: Warning: [Warning][RelayProbe.Miss] window=[13873,13993] src=Resim inSpan=6 aboveNewest=84 belowOldest=0 noProbeTick=0 miss=90
LogOGRelayProbe: Warning: [Warning][RelayProbe.Delta] window=[13873,13993] src=Prediction n=120 p10=0 p50=1 p90=3 min=-1 max=6 satLow=0 satHigh=0
LogOGRelayProbe: Warning: [Warning][RelayProbe.Delta] window=[13873,13993] src=Resim n=452 p10=-5 p50=-2 p90=1 min=-7 max=4 satLow=0 satHigh=0
LogOGRelayProbe: Warning: [Warning][RelayProbe.Stale] window=[13873,13993] maxConsecutiveFallbackRun=18 id=28415
LogOGResimProbe: Warning: [Warning][ResimProbe.Gate] checks=120 declined=52 requested=68 requestedPerMille=567 deepSkips=0 survivingAnchors=0
LogOGResimProbe: Warning: [Warning][ResimProbe.Chaos] requests=69 grants=65 refused=4 refusedPerMille=58 repeat=4 clamped=0 depthMin=4 depthMax=8
LogOGResimProbe: Warning: [Warning][ResimProbe.Apply] prepares=65 finishes=65 abandoned=0 stuck=0 replayTicks=471 replayOverruns=0 freshProtects=34 staleProtects=0
LogOGResimProbe: Warning: [Warning][ResimProbe.Frame] role=Client simTicks=120 frames=200 meanTicksPerFrameX100=60 p50=1 p99=1 max=1 meanFrameUs=10023
LogOGResimProbe: Warning: [Warning][ResimProbe.Frame] role=Client cadence dFrame1=40 dFrame0=0 dFrameGt1=80 discont=0 numSteps total=120 max=1 gt1=0
LogOGResimProbe: Warning: [Warning][ResimProbe.Landing] class=LocallyPredicted behind=60 atFrontier=0 discarded=0 atFrontierPerMille=0 windowSamples=120
LogOGResimProbe: Warning: [Warning][ResimProbe.Landing] class=RemoteProxy behind=60 atFrontier=0 discarded=0 atFrontierPerMille=0 windowSamples=120
LogOGDivergenceProbe: Warning: [Warning][DivergenceProbe.Window] class=LocallyPredicted corrections=60 disagreed=60 ratePerMille=1000 windowSamples=120
LogOGDivergenceProbe: Warning: [Warning][DivergenceProbe.Window] class=RemoteProxy corrections=60 disagreed=60 ratePerMille=1000 windowSamples=120
LogOGRelayProbe: Warning: [Warning][RelayProbe.Read] window=[13993,14113] src=Prediction hit=54 miss=66 verifyFail=0 rung0=0 total=120
LogOGRelayProbe: Warning: [Warning][RelayProbe.Read] window=[13993,14113] src=Resim hit=432 miss=39 verifyFail=0 rung0=0 total=471
LogOGRelayProbe: Warning: [Warning][RelayProbe.Miss] window=[13993,14113] src=Prediction inSpan=0 aboveNewest=66 belowOldest=0 noProbeTick=0 miss=66
LogOGRelayProbe: Warning: [Warning][RelayProbe.Miss] window=[13993,14113] src=Resim inSpan=0 aboveNewest=39 belowOldest=0 noProbeTick=0 miss=39
LogOGRelayProbe: Warning: [Warning][RelayProbe.Delta] window=[13993,14113] src=Prediction n=120 p10=-1 p50=1 p90=2 min=-4 max=4 satLow=0 satHigh=0
LogOGRelayProbe: Warning: [Warning][RelayProbe.Delta] window=[13993,14113] src=Resim n=471 p10=-6 p50=-3 p90=0 min=-9 max=3 satLow=0 satHigh=0
LogOGRelayProbe: Warning: [Warning][RelayProbe.Stale] window=[13993,14113] maxConsecutiveFallbackRun=6 id=28415
LogOGResimProbe: Warning: [Warning][ResimProbe.Gate] checks=120 declined=54 requested=66 requestedPerMille=550 deepSkips=0 survivingAnchors=0
LogOGResimProbe: Warning: [Warning][ResimProbe.Chaos] requests=65 grants=65 refused=0 refusedPerMille=0 repeat=0 clamped=0 depthMin=4 depthMax=8
LogOGResimProbe: Warning: [Warning][ResimProbe.Apply] prepares=65 finishes=65 abandoned=0 stuck=0 replayTicks=478 replayOverruns=0 freshProtects=33 staleProtects=0
LogOGResimProbe: Warning: [Warning][ResimProbe.Frame] role=Client simTicks=120 frames=197 meanTicksPerFrameX100=60 p50=1 p99=1 max=1 meanFrameUs=10074
LogOGResimProbe: Warning: [Warning][ResimProbe.Frame] role=Client cadence dFrame1=43 dFrame0=0 dFrameGt1=77 discont=0 numSteps total=120 max=1 gt1=0
LogOGRelayProbe: Warning: [Warning][RelayProbe.Arrival] samples=120 gapCaptureTicks p50=2 p99=5 max=5 noAdvance=0 saturated=0 lostCaptureTicksX1000=0 lost=0 delivered=217 expected=217 discont=0 discontMax=0
LogOGRelayProbe: Warning: [Warning][RelayProbe.Read] window=[14113,14233] src=Prediction hit=26 miss=94 verifyFail=0 rung0=0 total=120
LogOGRelayProbe: Warning: [Warning][RelayProbe.Read] window=[14113,14233] src=Resim hit=469 miss=88 verifyFail=0 rung0=0 total=557
LogOGRelayProbe: Warning: [Warning][RelayProbe.Miss] window=[14113,14233] src=Prediction inSpan=0 aboveNewest=94 belowOldest=0 noProbeTick=0 miss=94
LogOGRelayProbe: Warning: [Warning][RelayProbe.Miss] window=[14113,14233] src=Resim inSpan=4 aboveNewest=84 belowOldest=0 noProbeTick=0 miss=88
LogOGRelayProbe: Warning: [Warning][RelayProbe.Delta] window=[14113,14233] src=Prediction n=120 p10=0 p50=1 p90=3 min=-1 max=5 satLow=0 satHigh=0
LogOGRelayProbe: Warning: [Warning][RelayProbe.Delta] window=[14113,14233] src=Resim n=557 p10=-6 p50=-2 p90=1 min=-8 max=5 satLow=0 satHigh=0
LogOGRelayProbe: Warning: [Warning][RelayProbe.Stale] window=[14113,14233] maxConsecutiveFallbackRun=14 id=28415
LogOGResimProbe: Warning: [Warning][ResimProbe.Landing] class=LocallyPredicted behind=60 atFrontier=0 discarded=0 atFrontierPerMille=0 windowSamples=120
LogOGResimProbe: Warning: [Warning][ResimProbe.Landing] class=RemoteProxy behind=60 atFrontier=0 discarded=0 atFrontierPerMille=0 windowSamples=120
LogOGDivergenceProbe: Warning: [Warning][DivergenceProbe.Window] class=LocallyPredicted corrections=60 disagreed=60 ratePerMille=1000 windowSamples=120
LogOGDivergenceProbe: Warning: [Warning][DivergenceProbe.Window] class=RemoteProxy corrections=60 disagreed=60 ratePerMille=1000 windowSamples=120
LogOGResimProbe: Warning: [Warning][ResimProbe.Gate] checks=120 declined=47 requested=73 requestedPerMille=608 deepSkips=0 survivingAnchors=0
LogOGResimProbe: Warning: [Warning][ResimProbe.Chaos] requests=73 grants=73 refused=0 refusedPerMille=0 repeat=0 clamped=0 depthMin=6 depthMax=8
LogOGResimProbe: Warning: [Warning][ResimProbe.Apply] prepares=73 finishes=73 abandoned=0 stuck=0 replayTicks=583 replayOverruns=0 freshProtects=35 staleProtects=0
LogOGResimProbe: Warning: [Warning][ResimProbe.Frame] role=Client simTicks=120 frames=201 meanTicksPerFrameX100=59 p50=1 p99=1 max=1 meanFrameUs=9999
LogOGResimProbe: Warning: [Warning][ResimProbe.Frame] role=Client cadence dFrame1=39 dFrame0=0 dFrameGt1=81 discont=0 numSteps total=120 max=1 gt1=0
LogOGRelayProbe: Warning: [Warning][RelayProbe.Read] window=[14233,14353] src=Prediction hit=29 miss=91 verifyFail=0 rung0=0 total=120
LogOGRelayProbe: Warning: [Warning][RelayProbe.Read] window=[14233,14353] src=Resim hit=418 miss=65 verifyFail=0 rung0=0 total=483
LogOGRelayProbe: Warning: [Warning][RelayProbe.Miss] window=[14233,14353] src=Prediction inSpan=0 aboveNewest=91 belowOldest=0 noProbeTick=0 miss=91
LogOGRelayProbe: Warning: [Warning][RelayProbe.Miss] window=[14233,14353] src=Resim inSpan=0 aboveNewest=65 belowOldest=0 noProbeTick=0 miss=65
LogOGRelayProbe: Warning: [Warning][RelayProbe.Delta] window=[14233,14353] src=Prediction n=120 p10=0 p50=1 p90=3 min=-2 max=4 satLow=0 satHigh=0
LogOGRelayProbe: Warning: [Warning][RelayProbe.Delta] window=[14233,14353] src=Resim n=483 p10=-5 p50=-2 p90=1 min=-8 max=3 satLow=0 satHigh=0
LogOGRelayProbe: Warning: [Warning][RelayProbe.Stale] window=[14233,14353] maxConsecutiveFallbackRun=22 id=28415
LogOGResimProbe: Warning: [Warning][ResimProbe.Landing] class=LocallyPredicted behind=60 atFrontier=0 discarded=0 atFrontierPerMille=0 windowSamples=120
LogOGResimProbe: Warning: [Warning][ResimProbe.Landing] class=RemoteProxy behind=60 atFrontier=0 discarded=0 atFrontierPerMille=0 windowSamples=120
LogOGDivergenceProbe: Warning: [Warning][DivergenceProbe.Window] class=LocallyPredicted corrections=60 disagreed=60 ratePerMille=1000 windowSamples=120
LogOGDivergenceProbe: Warning: [Warning][DivergenceProbe.Window] class=RemoteProxy corrections=60 disagreed=60 ratePerMille=1000 windowSamples=120
LogOGResimProbe: Warning: [Warning][ResimProbe.Gate] checks=120 declined=53 requested=67 requestedPerMille=558 deepSkips=0 survivingAnchors=0
LogOGResimProbe: Warning: [Warning][ResimProbe.Chaos] requests=68 grants=67 refused=1 refusedPerMille=15 repeat=1 clamped=0 depthMin=5 depthMax=8
LogOGResimProbe: Warning: [Warning][ResimProbe.Apply] prepares=67 finishes=67 abandoned=0 stuck=0 replayTicks=509 replayOverruns=0 freshProtects=35 staleProtects=0
LogOGResimProbe: Warning: [Warning][ResimProbe.Frame] role=Client simTicks=120 frames=200 meanTicksPerFrameX100=60 p50=1 p99=1 max=1 meanFrameUs=10000
LogOGResimProbe: Warning: [Warning][ResimProbe.Frame] role=Client cadence dFrame1=40 dFrame0=0 dFrameGt1=80 discont=0 numSteps total=120 max=1 gt1=0
LogOGRelayProbe: Warning: [Warning][RelayProbe.Arrival] samples=120 gapCaptureTicks p50=2 p99=4 max=4 noAdvance=0 saturated=0 lostCaptureTicksX1000=13 lost=3 delivered=216 expected=219 discont=0 discontMax=0
LogOGRelayProbe: Warning: [Warning][RelayProbe.Read] window=[14353,14473] src=Prediction hit=33 miss=87 verifyFail=0 rung0=0 total=120
LogOGRelayProbe: Warning: [Warning][RelayProbe.Read] window=[14353,14473] src=Resim hit=415 miss=68 verifyFail=0 rung0=0 total=483
LogOGRelayProbe: Warning: [Warning][RelayProbe.Miss] window=[14353,14473] src=Prediction inSpan=1 aboveNewest=86 belowOldest=0 noProbeTick=0 miss=87
LogOGRelayProbe: Warning: [Warning][RelayProbe.Miss] window=[14353,14473] src=Resim inSpan=3 aboveNewest=65 belowOldest=0 noProbeTick=0 miss=68
LogOGRelayProbe: Warning: [Warning][RelayProbe.Delta] window=[14353,14473] src=Prediction n=120 p10=-1 p50=1 p90=3 min=-3 max=4 satLow=0 satHigh=0
LogOGRelayProbe: Warning: [Warning][RelayProbe.Delta] window=[14353,14473] src=Resim n=483 p10=-6 p50=-2 p90=1 min=-9 max=3 satLow=0 satHigh=0
LogOGRelayProbe: Warning: [Warning][RelayProbe.Stale] window=[14353,14473] maxConsecutiveFallbackRun=12 id=28415
LogOGResimProbe: Warning: [Warning][ResimProbe.Landing] class=LocallyPredicted behind=60 atFrontier=0 discarded=0 atFrontierPerMille=0 windowSamples=120
LogOGResimProbe: Warning: [Warning][ResimProbe.Landing] class=RemoteProxy behind=60 atFrontier=0 discarded=0 atFrontierPerMille=0 windowSamples=120
LogOGDivergenceProbe: Warning: [Warning][DivergenceProbe.Window] class=LocallyPredicted corrections=60 disagreed=60 ratePerMille=1000 windowSamples=120
LogOGDivergenceProbe: Warning: [Warning][DivergenceProbe.Window] class=RemoteProxy corrections=60 disagreed=60 ratePerMille=1000 windowSamples=120
LogOGResimProbe: Warning: [Warning][ResimProbe.Gate] checks=120 declined=53 requested=67 requestedPerMille=558 deepSkips=0 survivingAnchors=0
LogOGResimProbe: Warning: [Warning][ResimProbe.Chaos] requests=66 grants=63 refused=3 refusedPerMille=45 repeat=3 clamped=0 depthMin=5 depthMax=8
LogOGResimProbe: Warning: [Warning][ResimProbe.Apply] prepares=63 finishes=63 abandoned=0 stuck=0 replayTicks=495 replayOverruns=0 freshProtects=37 staleProtects=0
LogOGResimProbe: Warning: [Warning][ResimProbe.Frame] role=Client simTicks=120 frames=200 meanTicksPerFrameX100=60 p50=1 p99=1 max=1 meanFrameUs=9999
LogOGResimProbe: Warning: [Warning][ResimProbe.Frame] role=Client cadence dFrame1=40 dFrame0=0 dFrameGt1=80 discont=0 numSteps total=120 max=1 gt1=0
LogOGRelayProbe: Warning: [Warning][RelayProbe.Read] window=[14473,14593] src=Prediction hit=32 miss=88 verifyFail=0 rung0=0 total=120
LogOGRelayProbe: Warning: [Warning][RelayProbe.Read] window=[14473,14593] src=Resim hit=402 miss=74 verifyFail=0 rung0=0 total=476
LogOGRelayProbe: Warning: [Warning][RelayProbe.Miss] window=[14473,14593] src=Prediction inSpan=0 aboveNewest=88 belowOldest=0 noProbeTick=0 miss=88
LogOGRelayProbe: Warning: [Warning][RelayProbe.Miss] window=[14473,14593] src=Resim inSpan=9 aboveNewest=65 belowOldest=0 noProbeTick=0 miss=74
LogOGRelayProbe: Warning: [Warning][RelayProbe.Delta] window=[14473,14593] src=Prediction n=120 p10=0 p50=1 p90=3 min=-1 max=6 satLow=0 satHigh=0
LogOGRelayProbe: Warning: [Warning][RelayProbe.Delta] window=[14473,14593] src=Resim n=476 p10=-6 p50=-2 p90=1 min=-9 max=4 satLow=0 satHigh=0
LogOGRelayProbe: Warning: [Warning][RelayProbe.Stale] window=[14473,14593] maxConsecutiveFallbackRun=24 id=28415
LogOGResimProbe: Warning: [Warning][ResimProbe.Gate] checks=120 declined=56 requested=64 requestedPerMille=533 deepSkips=0 survivingAnchors=0
LogOGResimProbe: Warning: [Warning][ResimProbe.Chaos] requests=65 grants=65 refused=0 refusedPerMille=0 repeat=0 clamped=0 depthMin=5 depthMax=8
LogOGResimProbe: Warning: [Warning][ResimProbe.Apply] prepares=65 finishes=65 abandoned=0 stuck=0 replayTicks=489 replayOverruns=0 freshProtects=36 staleProtects=0
LogOGResimProbe: Warning: [Warning][ResimProbe.Frame] role=Client simTicks=120 frames=200 meanTicksPerFrameX100=60 p50=1 p99=1 max=1 meanFrameUs=10001
LogOGResimProbe: Warning: [Warning][ResimProbe.Frame] role=Client cadence dFrame1=40 dFrame0=0 dFrameGt1=80 discont=0 numSteps total=120 max=1 gt1=0
LogOGResimProbe: Warning: [Warning][ResimProbe.Landing] class=LocallyPredicted behind=61 atFrontier=0 discarded=0 atFrontierPerMille=0 windowSamples=120
LogOGResimProbe: Warning: [Warning][ResimProbe.Landing] class=RemoteProxy behind=59 atFrontier=0 discarded=0 atFrontierPerMille=0 windowSamples=120
LogOGDivergenceProbe: Warning: [Warning][DivergenceProbe.Window] class=LocallyPredicted corrections=61 disagreed=61 ratePerMille=1000 windowSamples=120
LogOGDivergenceProbe: Warning: [Warning][DivergenceProbe.Window] class=RemoteProxy corrections=59 disagreed=59 ratePerMille=1000 windowSamples=120
LogOGRelayProbe: Warning: [Warning][RelayProbe.Arrival] samples=120 gapCaptureTicks p50=2 p99=3 max=7 noAdvance=0 saturated=0 lostCaptureTicksX1000=22 lost=5 delivered=222 expected=227 discont=0 discontMax=0
LogOGRelayProbe: Warning: [Warning][RelayProbe.Read] window=[14593,14713] src=Prediction hit=43 miss=77 verifyFail=0 rung0=0 total=120
LogOGRelayProbe: Warning: [Warning][RelayProbe.Read] window=[14593,14713] src=Resim hit=440 miss=52 verifyFail=0 rung0=0 total=492
LogOGRelayProbe: Warning: [Warning][RelayProbe.Miss] window=[14593,14713] src=Prediction inSpan=0 aboveNewest=77 belowOldest=0 noProbeTick=0 miss=77
LogOGRelayProbe: Warning: [Warning][RelayProbe.Miss] window=[14593,14713] src=Resim inSpan=0 aboveNewest=52 belowOldest=0 noProbeTick=0 miss=52
LogOGRelayProbe: Warning: [Warning][RelayProbe.Delta] window=[14593,14713] src=Prediction n=120 p10=-1 p50=1 p90=3 min=-2 max=4 satLow=0 satHigh=0
LogOGRelayProbe: Warning: [Warning][RelayProbe.Delta] window=[14593,14713] src=Resim n=492 p10=-6 p50=-3 p90=1 min=-8 max=2 satLow=0 satHigh=0
LogOGRelayProbe: Warning: [Warning][RelayProbe.Stale] window=[14593,14713] maxConsecutiveFallbackRun=11 id=28415
LogOGResimProbe: Warning: [Warning][ResimProbe.Gate] checks=120 declined=51 requested=69 requestedPerMille=575 deepSkips=0 survivingAnchors=0
LogOGResimProbe: Warning: [Warning][ResimProbe.Chaos] requests=68 grants=66 refused=2 refusedPerMille=29 repeat=2 clamped=0 depthMin=5 depthMax=8
LogOGResimProbe: Warning: [Warning][ResimProbe.Apply] prepares=66 finishes=66 abandoned=0 stuck=0 replayTicks=501 replayOverruns=0 freshProtects=35 staleProtects=0
LogOGResimProbe: Warning: [Warning][ResimProbe.Frame] role=Client simTicks=120 frames=200 meanTicksPerFrameX100=60 p50=1 p99=1 max=1 meanFrameUs=9999
LogOGResimProbe: Warning: [Warning][ResimProbe.Frame] role=Client cadence dFrame1=40 dFrame0=0 dFrameGt1=80 discont=0 numSteps total=120 max=1 gt1=0
LogOGResimProbe: Warning: [Warning][ResimProbe.Landing] class=LocallyPredicted behind=60 atFrontier=0 discarded=0 atFrontierPerMille=0 windowSamples=120
LogOGResimProbe: Warning: [Warning][ResimProbe.Landing] class=RemoteProxy behind=60 atFrontier=0 discarded=0 atFrontierPerMille=0 windowSamples=120
LogOGDivergenceProbe: Warning: [Warning][DivergenceProbe.Window] class=LocallyPredicted corrections=60 disagreed=60 ratePerMille=1000 windowSamples=120
LogOGDivergenceProbe: Warning: [Warning][DivergenceProbe.Window] class=RemoteProxy corrections=60 disagreed=60 ratePerMille=1000 windowSamples=120
LogOGRelayProbe: Warning: [Warning][RelayProbe.Read] window=[14713,14833] src=Prediction hit=33 miss=87 verifyFail=0 rung0=0 total=120
LogOGRelayProbe: Warning: [Warning][RelayProbe.Read] window=[14713,14833] src=Resim hit=384 miss=62 verifyFail=0 rung0=0 total=446
LogOGRelayProbe: Warning: [Warning][RelayProbe.Miss] window=[14713,14833] src=Prediction inSpan=0 aboveNewest=87 belowOldest=0 noProbeTick=0 miss=87
LogOGRelayProbe: Warning: [Warning][RelayProbe.Miss] window=[14713,14833] src=Resim inSpan=5 aboveNewest=57 belowOldest=0 noProbeTick=0 miss=62
LogOGRelayProbe: Warning: [Warning][RelayProbe.Delta] window=[14713,14833] src=Prediction n=120 p10=0 p50=1 p90=3 min=-2 max=6 satLow=0 satHigh=0
LogOGRelayProbe: Warning: [Warning][RelayProbe.Delta] window=[14713,14833] src=Resim n=446 p10=-6 p50=-2 p90=1 min=-8 max=3 satLow=0 satHigh=0
LogOGRelayProbe: Warning: [Warning][RelayProbe.Stale] window=[14713,14833] maxConsecutiveFallbackRun=13 id=28415
LogOGResimProbe: Warning: [Warning][ResimProbe.Gate] checks=120 declined=59 requested=61 requestedPerMille=508 deepSkips=0 survivingAnchors=0
LogOGResimProbe: Warning: [Warning][ResimProbe.Chaos] requests=62 grants=62 refused=0 refusedPerMille=0 repeat=0 clamped=0 depthMin=5 depthMax=9
LogOGResimProbe: Warning: [Warning][ResimProbe.Apply] prepares=62 finishes=62 abandoned=0 stuck=0 replayTicks=485 replayOverruns=0 freshProtects=42 staleProtects=0
LogOGResimProbe: Warning: [Warning][ResimProbe.Landing] class=LocallyPredicted behind=60 atFrontier=0 discarded=0 atFrontierPerMille=0 windowSamples=120
LogOGResimProbe: Warning: [Warning][ResimProbe.Landing] class=RemoteProxy behind=60 atFrontier=0 discarded=0 atFrontierPerMille=0 windowSamples=120
LogOGDivergenceProbe: Warning: [Warning][DivergenceProbe.Window] class=LocallyPredicted corrections=60 disagreed=60 ratePerMille=1000 windowSamples=120
LogOGDivergenceProbe: Warning: [Warning][DivergenceProbe.Window] class=RemoteProxy corrections=60 disagreed=60 ratePerMille=1000 windowSamples=120
LogOGRelayProbe: Warning: [Warning][RelayProbe.Arrival] samples=120 gapCaptureTicks p50=2 p99=4 max=5 noAdvance=0 saturated=0 lostCaptureTicksX1000=13 lost=3 delivered=216 expected=219 discont=0 discontMax=0
LogOGResimProbe: Warning: [Warning][ResimProbe.Frame] role=Client simTicks=129 frames=188 meanTicksPerFrameX100=68 p50=1 p99=3 max=3 meanFrameUs=11412
LogOGResimProbe: Warning: [Warning][ResimProbe.Frame] role=Client cadence dFrame1=52 dFrame0=0 dFrameGt1=68 discont=0 numSteps total=129 max=3 gt1=7
LogOGRelayProbe: Warning: [Warning][RelayProbe.Read] window=[14833,14953] src=Prediction hit=41 miss=79 verifyFail=0 rung0=0 total=120
LogOGRelayProbe: Warning: [Warning][RelayProbe.Read] window=[14833,14953] src=Resim hit=422 miss=80 verifyFail=0 rung0=0 total=502
LogOGRelayProbe: Warning: [Warning][RelayProbe.Miss] window=[14833,14953] src=Prediction inSpan=0 aboveNewest=79 belowOldest=0 noProbeTick=0 miss=79
LogOGRelayProbe: Warning: [Warning][RelayProbe.Miss] window=[14833,14953] src=Resim inSpan=16 aboveNewest=64 belowOldest=0 noProbeTick=0 miss=80
LogOGRelayProbe: Warning: [Warning][RelayProbe.Delta] window=[14833,14953] src=Prediction n=120 p10=-1 p50=1 p90=3 min=-2 max=5 satLow=0 satHigh=0
LogOGRelayProbe: Warning: [Warning][RelayProbe.Delta] window=[14833,14953] src=Resim n=502 p10=-6 p50=-2 p90=1 min=-8 max=4 satLow=0 satHigh=0
LogOGRelayProbe: Warning: [Warning][RelayProbe.Stale] window=[14833,14953] maxConsecutiveFallbackRun=10 id=28415
LogOGResimProbe: Warning: [Warning][ResimProbe.Gate] checks=120 declined=51 requested=69 requestedPerMille=575 deepSkips=0 survivingAnchors=0
LogOGResimProbe: Warning: [Warning][ResimProbe.Chaos] requests=68 grants=68 refused=0 refusedPerMille=0 repeat=0 clamped=0 depthMin=5 depthMax=8
LogOGResimProbe: Warning: [Warning][ResimProbe.Apply] prepares=68 finishes=68 abandoned=0 stuck=0 replayTicks=509 replayOverruns=0 freshProtects=33 staleProtects=0
LogOGResimProbe: Warning: [Warning][ResimProbe.Landing] class=LocallyPredicted behind=61 atFrontier=0 discarded=0 atFrontierPerMille=0 windowSamples=120
LogOGResimProbe: Warning: [Warning][ResimProbe.Landing] class=RemoteProxy behind=59 atFrontier=0 discarded=0 atFrontierPerMille=0 windowSamples=120
LogOGDivergenceProbe: Warning: [Warning][DivergenceProbe.Window] class=LocallyPredicted corrections=61 disagreed=61 ratePerMille=1000 windowSamples=120
LogOGDivergenceProbe: Warning: [Warning][DivergenceProbe.Window] class=RemoteProxy corrections=59 disagreed=59 ratePerMille=1000 windowSamples=120
LogOGResimProbe: Warning: [Warning][ResimProbe.Frame] role=Client simTicks=120 frames=200 meanTicksPerFrameX100=60 p50=1 p99=1 max=1 meanFrameUs=10004
LogOGResimProbe: Warning: [Warning][ResimProbe.Frame] role=Client cadence dFrame1=40 dFrame0=0 dFrameGt1=80 discont=0 numSteps total=120 max=1 gt1=0
LogOGRelayProbe: Warning: [Warning][RelayProbe.Read] window=[14953,15073] src=Prediction hit=30 miss=90 verifyFail=0 rung0=0 total=120
LogOGRelayProbe: Warning: [Warning][RelayProbe.Read] window=[14953,15073] src=Resim hit=364 miss=70 verifyFail=0 rung0=0 total=434
LogOGRelayProbe: Warning: [Warning][RelayProbe.Miss] window=[14953,15073] src=Prediction inSpan=0 aboveNewest=90 belowOldest=0 noProbeTick=0 miss=90
LogOGRelayProbe: Warning: [Warning][RelayProbe.Miss] window=[14953,15073] src=Resim inSpan=5 aboveNewest=65 belowOldest=0 noProbeTick=0 miss=70
LogOGRelayProbe: Warning: [Warning][RelayProbe.Delta] window=[14953,15073] src=Prediction n=120 p10=0 p50=1 p90=3 min=-3 max=5 satLow=0 satHigh=0
LogOGRelayProbe: Warning: [Warning][RelayProbe.Delta] window=[14953,15073] src=Resim n=434 p10=-5 p50=-2 p90=1 min=-8 max=4 satLow=0 satHigh=0
LogOGRelayProbe: Warning: [Warning][RelayProbe.Stale] window=[14953,15073] maxConsecutiveFallbackRun=27 id=28415
LogOGRelayProbe: Warning: [Warning][RelayProbe.Arrival] samples=120 gapCaptureTicks p50=2 p99=6 max=6 noAdvance=0 saturated=0 lostCaptureTicksX1000=34 lost=8 delivered=225 expected=233 discont=0 discontMax=0
LogOGResimProbe: Warning: [Warning][ResimProbe.Gate] checks=120 declined=61 requested=59 requestedPerMille=492 deepSkips=0 survivingAnchors=0
LogOGResimProbe: Warning: [Warning][ResimProbe.Chaos] requests=59 grants=59 refused=0 refusedPerMille=0 repeat=0 clamped=0 depthMin=4 depthMax=8
LogOGResimProbe: Warning: [Warning][ResimProbe.Apply] prepares=59 finishes=59 abandoned=0 stuck=0 replayTicks=455 replayOverruns=0 freshProtects=38 staleProtects=1
LogOGResimProbe: Warning: [Warning][ResimProbe.Landing] class=LocallyPredicted behind=60 atFrontier=0 discarded=0 atFrontierPerMille=0 windowSamples=120
LogOGResimProbe: Warning: [Warning][ResimProbe.Landing] class=RemoteProxy behind=60 atFrontier=0 discarded=0 atFrontierPerMille=0 windowSamples=120
LogOGDivergenceProbe: Warning: [Warning][DivergenceProbe.Window] class=LocallyPredicted corrections=60 disagreed=60 ratePerMille=1000 windowSamples=120
LogOGDivergenceProbe: Warning: [Warning][DivergenceProbe.Window] class=RemoteProxy corrections=60 disagreed=60 ratePerMille=1000 windowSamples=120
LogOGResimProbe: Warning: [Warning][ResimProbe.Frame] role=Client simTicks=120 frames=200 meanTicksPerFrameX100=60 p50=1 p99=1 max=1 meanFrameUs=9999
LogOGResimProbe: Warning: [Warning][ResimProbe.Frame] role=Client cadence dFrame1=40 dFrame0=0 dFrameGt1=80 discont=0 numSteps total=120 max=1 gt1=0
LogOGRelayProbe: Warning: [Warning][RelayProbe.Read] window=[15073,15193] src=Prediction hit=40 miss=80 verifyFail=0 rung0=0 total=120
LogOGRelayProbe: Warning: [Warning][RelayProbe.Read] window=[15073,15193] src=Resim hit=439 miss=58 verifyFail=0 rung0=0 total=497
LogOGRelayProbe: Warning: [Warning][RelayProbe.Miss] window=[15073,15193] src=Prediction inSpan=0 aboveNewest=80 belowOldest=0 noProbeTick=0 miss=80
LogOGRelayProbe: Warning: [Warning][RelayProbe.Miss] window=[15073,15193] src=Resim inSpan=0 aboveNewest=58 belowOldest=0 noProbeTick=0 miss=58
LogOGRelayProbe: Warning: [Warning][RelayProbe.Delta] window=[15073,15193] src=Prediction n=120 p10=-1 p50=1 p90=3 min=-2 max=4 satLow=0 satHigh=0
LogOGRelayProbe: Warning: [Warning][RelayProbe.Delta] window=[15073,15193] src=Resim n=497 p10=-6 p50=-3 p90=1 min=-8 max=3 satLow=0 satHigh=0
LogOGRelayProbe: Warning: [Warning][RelayProbe.Stale] window=[15073,15193] maxConsecutiveFallbackRun=17 id=28415
LogOGResimProbe: Warning: [Warning][ResimProbe.Gate] checks=120 declined=54 requested=66 requestedPerMille=550 deepSkips=0 survivingAnchors=0
LogOGResimProbe: Warning: [Warning][ResimProbe.Chaos] requests=67 grants=67 refused=0 refusedPerMille=0 repeat=0 clamped=0 depthMin=5 depthMax=8
LogOGResimProbe: Warning: [Warning][ResimProbe.Apply] prepares=67 finishes=67 abandoned=0 stuck=0 replayTicks=516 replayOverruns=0 freshProtects=36 staleProtects=0
LogOGResimProbe: Warning: [Warning][ResimProbe.Landing] class=LocallyPredicted behind=60 atFrontier=0 discarded=0 atFrontierPerMille=0 windowSamples=120
LogOGResimProbe: Warning: [Warning][ResimProbe.Landing] class=RemoteProxy behind=60 atFrontier=0 discarded=0 atFrontierPerMille=0 windowSamples=120
LogOGDivergenceProbe: Warning: [Warning][DivergenceProbe.Window] class=LocallyPredicted corrections=60 disagreed=60 ratePerMille=1000 windowSamples=120
LogOGDivergenceProbe: Warning: [Warning][DivergenceProbe.Window] class=RemoteProxy corrections=60 disagreed=60 ratePerMille=1000 windowSamples=120
LogOGResimProbe: Warning: [Warning][ResimProbe.Frame] role=Client simTicks=120 frames=201 meanTicksPerFrameX100=59 p50=1 p99=1 max=1 meanFrameUs=9999
LogOGResimProbe: Warning: [Warning][ResimProbe.Frame] role=Client cadence dFrame1=39 dFrame0=0 dFrameGt1=81 discont=0 numSteps total=120 max=1 gt1=0
LogOGRelayProbe: Warning: [Warning][RelayProbe.Arrival] samples=120 gapCaptureTicks p50=2 p99=4 max=5 noAdvance=0 saturated=0 lostCaptureTicksX1000=0 lost=0 delivered=218 expected=218 discont=0 discontMax=0
LogOGRelayProbe: Warning: [Warning][RelayProbe.Read] window=[15193,15313] src=Prediction hit=52 miss=68 verifyFail=0 rung0=0 total=120
LogOGRelayProbe: Warning: [Warning][RelayProbe.Read] window=[15193,15313] src=Resim hit=410 miss=47 verifyFail=0 rung0=0 total=457
LogOGRelayProbe: Warning: [Warning][RelayProbe.Miss] window=[15193,15313] src=Prediction inSpan=0 aboveNewest=68 belowOldest=0 noProbeTick=0 miss=68
LogOGRelayProbe: Warning: [Warning][RelayProbe.Miss] window=[15193,15313] src=Resim inSpan=0 aboveNewest=47 belowOldest=0 noProbeTick=0 miss=47
LogOGRelayProbe: Warning: [Warning][RelayProbe.Delta] window=[15193,15313] src=Prediction n=120 p10=-1 p50=1 p90=3 min=-3 max=4 satLow=0 satHigh=0
LogOGRelayProbe: Warning: [Warning][RelayProbe.Delta] window=[15193,15313] src=Resim n=457 p10=-6 p50=-3 p90=1 min=-8 max=3 satLow=0 satHigh=0
LogOGRelayProbe: Warning: [Warning][RelayProbe.Stale] window=[15193,15313] maxConsecutiveFallbackRun=15 id=28415
LogOGResimProbe: Warning: [Warning][ResimProbe.Gate] checks=120 declined=51 requested=69 requestedPerMille=575 deepSkips=0 survivingAnchors=0
LogOGResimProbe: Warning: [Warning][ResimProbe.Chaos] requests=68 grants=64 refused=4 refusedPerMille=59 repeat=4 clamped=0 depthMin=5 depthMax=8
LogOGResimProbe: Warning: [Warning][ResimProbe.Apply] prepares=64 finishes=64 abandoned=0 stuck=0 replayTicks=475 replayOverruns=0 freshProtects=34 staleProtects=0
LogOGResimProbe: Warning: [Warning][ResimProbe.Landing] class=LocallyPredicted behind=60 atFrontier=0 discarded=0 atFrontierPerMille=0 windowSamples=120
LogOGResimProbe: Warning: [Warning][ResimProbe.Landing] class=RemoteProxy behind=60 atFrontier=0 discarded=0 atFrontierPerMille=0 windowSamples=120
LogOGDivergenceProbe: Warning: [Warning][DivergenceProbe.Window] class=LocallyPredicted corrections=60 disagreed=60 ratePerMille=1000 windowSamples=120
LogOGDivergenceProbe: Warning: [Warning][DivergenceProbe.Window] class=RemoteProxy corrections=60 disagreed=60 ratePerMille=1000 windowSamples=120
LogOGResimProbe: Warning: [Warning][ResimProbe.Frame] role=Client simTicks=120 frames=199 meanTicksPerFrameX100=60 p50=1 p99=1 max=1 meanFrameUs=10003
LogOGResimProbe: Warning: [Warning][ResimProbe.Frame] role=Client cadence dFrame1=41 dFrame0=0 dFrameGt1=79 discont=0 numSteps total=120 max=1 gt1=0
LogOGRelayProbe: Warning: [Warning][RelayProbe.Read] window=[15313,15433] src=Prediction hit=35 miss=85 verifyFail=0 rung0=0 total=120
LogOGRelayProbe: Warning: [Warning][RelayProbe.Read] window=[15313,15433] src=Resim hit=396 miss=62 verifyFail=0 rung0=0 total=458
LogOGRelayProbe: Warning: [Warning][RelayProbe.Miss] window=[15313,15433] src=Prediction inSpan=0 aboveNewest=85 belowOldest=0 noProbeTick=0 miss=85
LogOGRelayProbe: Warning: [Warning][RelayProbe.Miss] window=[15313,15433] src=Resim inSpan=0 aboveNewest=62 belowOldest=0 noProbeTick=0 miss=62
LogOGRelayProbe: Warning: [Warning][RelayProbe.Delta] window=[15313,15433] src=Prediction n=120 p10=0 p50=1 p90=3 min=-2 max=5 satLow=0 satHigh=0
LogOGRelayProbe: Warning: [Warning][RelayProbe.Delta] window=[15313,15433] src=Resim n=458 p10=-5 p50=-2 p90=1 min=-8 max=5 satLow=0 satHigh=0
LogOGRelayProbe: Warning: [Warning][RelayProbe.Stale] window=[15313,15433] maxConsecutiveFallbackRun=14 id=28415
LogOGResimProbe: Warning: [Warning][ResimProbe.Gate] checks=120 declined=58 requested=62 requestedPerMille=517 deepSkips=0 survivingAnchors=0
LogOGResimProbe: Warning: [Warning][ResimProbe.Chaos] requests=63 grants=63 refused=0 refusedPerMille=0 repeat=0 clamped=0 depthMin=5 depthMax=8
LogOGResimProbe: Warning: [Warning][ResimProbe.Apply] prepares=63 finishes=63 abandoned=0 stuck=0 replayTicks=484 replayOverruns=0 freshProtects=36 staleProtects=0
LogOGResimProbe: Warning: [Warning][ResimProbe.Landing] class=LocallyPredicted behind=60 atFrontier=0 discarded=0 atFrontierPerMille=0 windowSamples=120
LogOGResimProbe: Warning: [Warning][ResimProbe.Landing] class=RemoteProxy behind=60 atFrontier=0 discarded=0 atFrontierPerMille=0 windowSamples=120
LogOGDivergenceProbe: Warning: [Warning][DivergenceProbe.Window] class=LocallyPredicted corrections=60 disagreed=60 ratePerMille=1000 windowSamples=120
LogOGDivergenceProbe: Warning: [Warning][DivergenceProbe.Window] class=RemoteProxy corrections=60 disagreed=60 ratePerMille=1000 windowSamples=120
LogOGResimProbe: Warning: [Warning][ResimProbe.Frame] role=Client simTicks=120 frames=201 meanTicksPerFrameX100=59 p50=1 p99=1 max=1 meanFrameUs=10001
LogOGResimProbe: Warning: [Warning][ResimProbe.Frame] role=Client cadence dFrame1=39 dFrame0=0 dFrameGt1=81 discont=0 numSteps total=120 max=1 gt1=0
LogOGRelayProbe: Warning: [Warning][RelayProbe.Arrival] samples=120 gapCaptureTicks p50=2 p99=4 max=5 noAdvance=0 saturated=0 lostCaptureTicksX1000=0 lost=0 delivered=231 expected=231 discont=0 discontMax=0
LogOGRelayProbe: Warning: [Warning][RelayProbe.Read] window=[15433,15553] src=Prediction hit=39 miss=81 verifyFail=0 rung0=0 total=120
LogOGRelayProbe: Warning: [Warning][RelayProbe.Read] window=[15433,15553] src=Resim hit=411 miss=54 verifyFail=0 rung0=0 total=465
LogOGRelayProbe: Warning: [Warning][RelayProbe.Miss] window=[15433,15553] src=Prediction inSpan=0 aboveNewest=81 belowOldest=0 noProbeTick=0 miss=81
LogOGRelayProbe: Warning: [Warning][RelayProbe.Miss] window=[15433,15553] src=Resim inSpan=0 aboveNewest=54 belowOldest=0 noProbeTick=0 miss=54
LogOGRelayProbe: Warning: [Warning][RelayProbe.Delta] window=[15433,15553] src=Prediction n=120 p10=-1 p50=1 p90=3 min=-2 max=4 satLow=0 satHigh=0
LogOGRelayProbe: Warning: [Warning][RelayProbe.Delta] window=[15433,15553] src=Resim n=465 p10=-6 p50=-3 p90=1 min=-8 max=4 satLow=0 satHigh=0
LogOGRelayProbe: Warning: [Warning][RelayProbe.Stale] window=[15433,15553] maxConsecutiveFallbackRun=21 id=28415
LogOGResimProbe: Warning: [Warning][ResimProbe.Gate] checks=120 declined=59 requested=61 requestedPerMille=508 deepSkips=0 survivingAnchors=0
LogOGResimProbe: Warning: [Warning][ResimProbe.Chaos] requests=61 grants=61 refused=0 refusedPerMille=0 repeat=0 clamped=0 depthMin=5 depthMax=8
LogOGResimProbe: Warning: [Warning][ResimProbe.Apply] prepares=61 finishes=61 abandoned=0 stuck=0 replayTicks=465 replayOverruns=0 freshProtects=37 staleProtects=0
LogOGResimProbe: Warning: [Warning][ResimProbe.Landing] class=LocallyPredicted behind=60 atFrontier=0 discarded=0 atFrontierPerMille=0 windowSamples=120
LogOGResimProbe: Warning: [Warning][ResimProbe.Landing] class=RemoteProxy behind=60 atFrontier=0 discarded=0 atFrontierPerMille=0 windowSamples=120
LogOGDivergenceProbe: Warning: [Warning][DivergenceProbe.Window] class=LocallyPredicted corrections=60 disagreed=60 ratePerMille=1000 windowSamples=120
LogOGDivergenceProbe: Warning: [Warning][DivergenceProbe.Window] class=RemoteProxy corrections=60 disagreed=60 ratePerMille=1000 windowSamples=120
LogOGResimProbe: Warning: [Warning][ResimProbe.Frame] role=Client simTicks=120 frames=199 meanTicksPerFrameX100=60 p50=1 p99=1 max=1 meanFrameUs=9998
LogOGResimProbe: Warning: [Warning][ResimProbe.Frame] role=Client cadence dFrame1=41 dFrame0=0 dFrameGt1=79 discont=0 numSteps total=120 max=1 gt1=0
LogOGRelayProbe: Warning: [Warning][RelayProbe.Read] window=[15553,15673] src=Prediction hit=48 miss=72 verifyFail=0 rung0=0 total=120
LogOGRelayProbe: Warning: [Warning][RelayProbe.Read] window=[15553,15673] src=Resim hit=346 miss=35 verifyFail=0 rung0=0 total=381
LogOGRelayProbe: Warning: [Warning][RelayProbe.Miss] window=[15553,15673] src=Prediction inSpan=0 aboveNewest=72 belowOldest=0 noProbeTick=0 miss=72
LogOGRelayProbe: Warning: [Warning][RelayProbe.Miss] window=[15553,15673] src=Resim inSpan=0 aboveNewest=35 belowOldest=0 noProbeTick=0 miss=35
LogOGRelayProbe: Warning: [Warning][RelayProbe.Delta] window=[15553,15673] src=Prediction n=120 p10=-1 p50=1 p90=3 min=-3 max=4 satLow=0 satHigh=0
LogOGRelayProbe: Warning: [Warning][RelayProbe.Delta] window=[15553,15673] src=Resim n=381 p10=-6 p50=-3 p90=0 min=-8 max=3 satLow=0 satHigh=0
LogOGRelayProbe: Warning: [Warning][RelayProbe.Stale] window=[15553,15673] maxConsecutiveFallbackRun=11 id=28415
LogOGResimProbe: Warning: [Warning][ResimProbe.Gate] checks=120 declined=64 requested=56 requestedPerMille=467 deepSkips=0 survivingAnchors=0
LogOGResimProbe: Warning: [Warning][ResimProbe.Chaos] requests=56 grants=56 refused=0 refusedPerMille=0 repeat=0 clamped=0 depthMin=4 depthMax=8
LogOGResimProbe: Warning: [Warning][ResimProbe.Apply] prepares=56 finishes=56 abandoned=0 stuck=0 replayTicks=403 replayOverruns=0 freshProtects=37 staleProtects=0
LogOGResimProbe: Warning: [Warning][ResimProbe.Landing] class=LocallyPredicted behind=60 atFrontier=0 discarded=0 atFrontierPerMille=0 windowSamples=120
LogOGResimProbe: Warning: [Warning][ResimProbe.Landing] class=RemoteProxy behind=60 atFrontier=0 discarded=0 atFrontierPerMille=0 windowSamples=120
LogOGDivergenceProbe: Warning: [Warning][DivergenceProbe.Window] class=LocallyPredicted corrections=60 disagreed=60 ratePerMille=1000 windowSamples=120
LogOGDivergenceProbe: Warning: [Warning][DivergenceProbe.Window] class=RemoteProxy corrections=60 disagreed=60 ratePerMille=1000 windowSamples=120
LogOGResimProbe: Warning: [Warning][ResimProbe.Frame] role=Client simTicks=120 frames=200 meanTicksPerFrameX100=60 p50=1 p99=1 max=1 meanFrameUs=10000
LogOGResimProbe: Warning: [Warning][ResimProbe.Frame] role=Client cadence dFrame1=40 dFrame0=0 dFrameGt1=80 discont=0 numSteps total=120 max=1 gt1=0
LogOGRelayProbe: Warning: [Warning][RelayProbe.Arrival] samples=120 gapCaptureTicks p50=2 p99=4 max=4 noAdvance=0 saturated=0 lostCaptureTicksX1000=0 lost=0 delivered=228 expected=228 discont=0 discontMax=0
LogOGRelayProbe: Warning: [Warning][RelayProbe.Read] window=[15673,15793] src=Prediction hit=59 miss=61 verifyFail=0 rung0=0 total=120
LogOGRelayProbe: Warning: [Warning][RelayProbe.Read] window=[15673,15793] src=Resim hit=386 miss=28 verifyFail=0 rung0=0 total=414
LogOGRelayProbe: Warning: [Warning][RelayProbe.Miss] window=[15673,15793] src=Prediction inSpan=0 aboveNewest=61 belowOldest=0 noProbeTick=0 miss=61
LogOGRelayProbe: Warning: [Warning][RelayProbe.Miss] window=[15673,15793] src=Resim inSpan=0 aboveNewest=28 belowOldest=0 noProbeTick=0 miss=28
LogOGRelayProbe: Warning: [Warning][RelayProbe.Delta] window=[15673,15793] src=Prediction n=120 p10=-1 p50=1 p90=2 min=-2 max=4 satLow=0 satHigh=0
LogOGRelayProbe: Warning: [Warning][RelayProbe.Delta] window=[15673,15793] src=Resim n=414 p10=-6 p50=-3 p90=0 min=-8 max=3 satLow=0 satHigh=0
LogOGRelayProbe: Warning: [Warning][RelayProbe.Stale] window=[15673,15793] maxConsecutiveFallbackRun=8 id=28415
LogOGResimProbe: Warning: [Warning][ResimProbe.Gate] checks=120 declined=57 requested=63 requestedPerMille=525 deepSkips=0 survivingAnchors=0
LogOGResimProbe: Warning: [Warning][ResimProbe.Chaos] requests=63 grants=63 refused=0 refusedPerMille=0 repeat=0 clamped=0 depthMin=4 depthMax=8
LogOGResimProbe: Warning: [Warning][ResimProbe.Apply] prepares=63 finishes=63 abandoned=0 stuck=0 replayTicks=450 replayOverruns=0 freshProtects=37 staleProtects=0
LogOGResimProbe: Warning: [Warning][ResimProbe.Landing] class=LocallyPredicted behind=60 atFrontier=0 discarded=0 atFrontierPerMille=0 windowSamples=120
LogOGResimProbe: Warning: [Warning][ResimProbe.Landing] class=RemoteProxy behind=60 atFrontier=0 discarded=0 atFrontierPerMille=0 windowSamples=120
LogOGDivergenceProbe: Warning: [Warning][DivergenceProbe.Window] class=LocallyPredicted corrections=60 disagreed=60 ratePerMille=1000 windowSamples=120
LogOGDivergenceProbe: Warning: [Warning][DivergenceProbe.Window] class=RemoteProxy corrections=60 disagreed=60 ratePerMille=1000 windowSamples=120
LogOGResimProbe: Warning: [Warning][ResimProbe.Frame] role=Client simTicks=120 frames=200 meanTicksPerFrameX100=60 p50=1 p99=1 max=1 meanFrameUs=9999
LogOGResimProbe: Warning: [Warning][ResimProbe.Frame] role=Client cadence dFrame1=40 dFrame0=0 dFrameGt1=80 discont=0 numSteps total=120 max=1 gt1=0
LogOGRelayProbe: Warning: [Warning][RelayProbe.Read] window=[15793,15913] src=Prediction hit=41 miss=79 verifyFail=0 rung0=0 total=120
LogOGRelayProbe: Warning: [Warning][RelayProbe.Read] window=[15793,15913] src=Resim hit=450 miss=74 verifyFail=0 rung0=0 total=524
LogOGRelayProbe: Warning: [Warning][RelayProbe.Miss] window=[15793,15913] src=Prediction inSpan=0 aboveNewest=79 belowOldest=0 noProbeTick=0 miss=79
LogOGRelayProbe: Warning: [Warning][RelayProbe.Miss] window=[15793,15913] src=Resim inSpan=4 aboveNewest=70 belowOldest=0 noProbeTick=0 miss=74
LogOGRelayProbe: Warning: [Warning][RelayProbe.Delta] window=[15793,15913] src=Prediction n=120 p10=-1 p50=1 p90=3 min=-2 max=4 satLow=0 satHigh=0
LogOGRelayProbe: Warning: [Warning][RelayProbe.Delta] window=[15793,15913] src=Resim n=524 p10=-5 p50=-2 p90=1 min=-8 max=4 satLow=0 satHigh=0
LogOGRelayProbe: Warning: [Warning][RelayProbe.Stale] window=[15793,15913] maxConsecutiveFallbackRun=8 id=28415
LogOGResimProbe: Warning: [Warning][ResimProbe.Gate] checks=120 declined=45 requested=75 requestedPerMille=625 deepSkips=0 survivingAnchors=0
LogOGResimProbe: Warning: [Warning][ResimProbe.Chaos] requests=75 grants=75 refused=0 refusedPerMille=0 repeat=0 clamped=0 depthMin=4 depthMax=8
LogOGResimProbe: Warning: [Warning][ResimProbe.Apply] prepares=75 finishes=75 abandoned=0 stuck=0 replayTicks=552 replayOverruns=0 freshProtects=35 staleProtects=0
LogOGResimProbe: Warning: [Warning][ResimProbe.Landing] class=LocallyPredicted behind=59 atFrontier=0 discarded=0 atFrontierPerMille=0 windowSamples=120
LogOGResimProbe: Warning: [Warning][ResimProbe.Landing] class=RemoteProxy behind=61 atFrontier=0 discarded=0 atFrontierPerMille=0 windowSamples=120
LogOGDivergenceProbe: Warning: [Warning][DivergenceProbe.Window] class=LocallyPredicted corrections=59 disagreed=59 ratePerMille=1000 windowSamples=120
LogOGDivergenceProbe: Warning: [Warning][DivergenceProbe.Window] class=RemoteProxy corrections=61 disagreed=61 ratePerMille=1000 windowSamples=120
LogOGResimProbe: Warning: [Warning][ResimProbe.Frame] role=Client simTicks=126 frames=196 meanTicksPerFrameX100=64 p50=1 p99=2 max=2 meanFrameUs=10801
LogOGResimProbe: Warning: [Warning][ResimProbe.Frame] role=Client cadence dFrame1=44 dFrame0=0 dFrameGt1=76 discont=0 numSteps total=126 max=5 gt1=3
LogOGRelayProbe: Warning: [Warning][RelayProbe.Arrival] samples=120 gapCaptureTicks p50=2 p99=5 max=6 noAdvance=0 saturated=0 lostCaptureTicksX1000=9 lost=2 delivered=220 expected=222 discont=0 discontMax=0
LogOGRelayProbe: Warning: [Warning][RelayProbe.Read] window=[15913,16033] src=Prediction hit=47 miss=73 verifyFail=0 rung0=0 total=120
LogOGRelayProbe: Warning: [Warning][RelayProbe.Read] window=[15913,16033] src=Resim hit=359 miss=62 verifyFail=0 rung0=0 total=421
LogOGRelayProbe: Warning: [Warning][RelayProbe.Miss] window=[15913,16033] src=Prediction inSpan=0 aboveNewest=73 belowOldest=0 noProbeTick=0 miss=73
LogOGRelayProbe: Warning: [Warning][RelayProbe.Miss] window=[15913,16033] src=Resim inSpan=0 aboveNewest=62 belowOldest=0 noProbeTick=0 miss=62
LogOGRelayProbe: Warning: [Warning][RelayProbe.Delta] window=[15913,16033] src=Prediction n=120 p10=-1 p50=1 p90=3 min=-3 max=8 satLow=0 satHigh=0
LogOGRelayProbe: Warning: [Warning][RelayProbe.Delta] window=[15913,16033] src=Resim n=421 p10=-6 p50=-2 p90=1 min=-8 max=7 satLow=0 satHigh=0
LogOGRelayProbe: Warning: [Warning][RelayProbe.Stale] window=[15913,16033] maxConsecutiveFallbackRun=17 id=28415
LogOGResimProbe: Warning: [Warning][ResimProbe.Gate] checks=120 declined=58 requested=62 requestedPerMille=517 deepSkips=0 survivingAnchors=0
LogOGResimProbe: Warning: [Warning][ResimProbe.Chaos] requests=61 grants=58 refused=3 refusedPerMille=49 repeat=3 clamped=0 depthMin=4 depthMax=9
LogOGResimProbe: Warning: [Warning][ResimProbe.Apply] prepares=58 finishes=58 abandoned=0 stuck=0 replayTicks=431 replayOverruns=0 freshProtects=33 staleProtects=0
LogOGResimProbe: Warning: [Warning][ResimProbe.Landing] class=LocallyPredicted behind=60 atFrontier=0 discarded=0 atFrontierPerMille=0 windowSamples=120
LogOGResimProbe: Warning: [Warning][ResimProbe.Landing] class=RemoteProxy behind=60 atFrontier=0 discarded=0 atFrontierPerMille=0 windowSamples=120
LogOGDivergenceProbe: Warning: [Warning][DivergenceProbe.Window] class=LocallyPredicted corrections=60 disagreed=60 ratePerMille=1000 windowSamples=120
LogOGDivergenceProbe: Warning: [Warning][DivergenceProbe.Window] class=RemoteProxy corrections=60 disagreed=60 ratePerMille=1000 windowSamples=120
LogOGResimProbe: Warning: [Warning][ResimProbe.Frame] role=Client simTicks=124 frames=195 meanTicksPerFrameX100=63 p50=1 p99=3 max=3 meanFrameUs=10826
LogOGResimProbe: Warning: [Warning][ResimProbe.Frame] role=Client cadence dFrame1=45 dFrame0=0 dFrameGt1=75 discont=0 numSteps total=128 max=5 gt1=4
LogOGRelayProbe: Warning: [Warning][RelayProbe.Read] window=[16033,16153] src=Prediction hit=36 miss=85 verifyFail=0 rung0=0 total=121
LogOGRelayProbe: Warning: [Warning][RelayProbe.Read] window=[16033,16153] src=Resim hit=356 miss=69 verifyFail=0 rung0=0 total=425
LogOGRelayProbe: Warning: [Warning][RelayProbe.Miss] window=[16033,16153] src=Prediction inSpan=0 aboveNewest=85 belowOldest=0 noProbeTick=0 miss=85
LogOGRelayProbe: Warning: [Warning][RelayProbe.Miss] window=[16033,16153] src=Resim inSpan=2 aboveNewest=67 belowOldest=0 noProbeTick=0 miss=69
LogOGRelayProbe: Warning: [Warning][RelayProbe.Delta] window=[16033,16153] src=Prediction n=121 p10=-1 p50=1 p90=3 min=-2 max=5 satLow=0 satHigh=0
LogOGRelayProbe: Warning: [Warning][RelayProbe.Delta] window=[16033,16153] src=Resim n=425 p10=-5 p50=-2 p90=1 min=-8 max=5 satLow=0 satHigh=0
LogOGRelayProbe: Warning: [Warning][RelayProbe.Stale] window=[16033,16153] maxConsecutiveFallbackRun=21 id=28415
LogOGResimProbe: Warning: [Warning][ResimProbe.Gate] checks=120 declined=62 requested=58 requestedPerMille=483 deepSkips=0 survivingAnchors=0
LogOGResimProbe: Warning: [Warning][ResimProbe.Chaos] requests=59 grants=59 refused=0 refusedPerMille=0 repeat=0 clamped=0 depthMin=3 depthMax=10
LogOGResimProbe: Warning: [Warning][ResimProbe.Apply] prepares=59 finishes=59 abandoned=0 stuck=0 replayTicks=437 replayOverruns=0 freshProtects=34 staleProtects=0
LogOGResimProbe: Warning: [Warning][ResimProbe.Landing] class=LocallyPredicted behind=61 atFrontier=0 discarded=0 atFrontierPerMille=0 windowSamples=120
LogOGResimProbe: Warning: [Warning][ResimProbe.Landing] class=RemoteProxy behind=59 atFrontier=0 discarded=0 atFrontierPerMille=0 windowSamples=120
LogOGDivergenceProbe: Warning: [Warning][DivergenceProbe.Window] class=LocallyPredicted corrections=61 disagreed=61 ratePerMille=1000 windowSamples=120
LogOGDivergenceProbe: Warning: [Warning][DivergenceProbe.Window] class=RemoteProxy corrections=59 disagreed=59 ratePerMille=1000 windowSamples=120
LogOGResimProbe: Warning: [Warning][ResimProbe.Frame] role=Client simTicks=134 frames=173 meanTicksPerFrameX100=77 p50=1 p99=5 max=5 meanFrameUs=12615
LogOGResimProbe: Warning: [Warning][ResimProbe.Frame] role=Client cadence dFrame1=67 dFrame0=0 dFrameGt1=53 discont=0 numSteps total=132 max=3 gt1=9
LogOGRelayProbe: Warning: [Warning][RelayProbe.Arrival] samples=120 gapCaptureTicks p50=2 p99=5 max=7 noAdvance=0 saturated=0 lostCaptureTicksX1000=15 lost=4 delivered=249 expected=253 discont=0 discontMax=0
LogOGRelayProbe: Warning: [Warning][RelayProbe.Read] window=[16153,16273] src=Prediction hit=34 miss=87 verifyFail=0 rung0=0 total=121
LogOGRelayProbe: Warning: [Warning][RelayProbe.Read] window=[16153,16273] src=Resim hit=297 miss=70 verifyFail=0 rung0=0 total=367
LogOGRelayProbe: Warning: [Warning][RelayProbe.Miss] window=[16153,16273] src=Prediction inSpan=0 aboveNewest=87 belowOldest=0 noProbeTick=0 miss=87
LogOGRelayProbe: Warning: [Warning][RelayProbe.Miss] window=[16153,16273] src=Resim inSpan=2 aboveNewest=68 belowOldest=0 noProbeTick=0 miss=70
LogOGRelayProbe: Warning: [Warning][RelayProbe.Delta] window=[16153,16273] src=Prediction n=121 p10=-1 p50=1 p90=5 min=-3 max=9 satLow=0 satHigh=0
LogOGRelayProbe: Warning: [Warning][RelayProbe.Delta] window=[16153,16273] src=Resim n=367 p10=-5 p50=-2 p90=2 min=-8 max=7 satLow=0 satHigh=0
LogOGRelayProbe: Warning: [Warning][RelayProbe.Stale] window=[16153,16273] maxConsecutiveFallbackRun=19 id=28415
LogOGResimProbe: Warning: [Warning][ResimProbe.Gate] checks=120 declined=64 requested=56 requestedPerMille=467 deepSkips=0 survivingAnchors=0
LogOGResimProbe: Warning: [Warning][ResimProbe.Chaos] requests=55 grants=55 refused=0 refusedPerMille=0 repeat=0 clamped=0 depthMin=3 depthMax=9
LogOGResimProbe: Warning: [Warning][ResimProbe.Apply] prepares=55 finishes=55 abandoned=0 stuck=0 replayTicks=371 replayOverruns=0 freshProtects=26 staleProtects=0
LogOGResimProbe: Warning: [Warning][ResimProbe.Frame] role=Client simTicks=121 frames=191 meanTicksPerFrameX100=63 p50=1 p99=1 max=1 meanFrameUs=10571
LogOGResimProbe: Warning: [Warning][ResimProbe.Frame] role=Client cadence dFrame1=49 dFrame0=0 dFrameGt1=71 discont=0 numSteps total=120 max=1 gt1=0
LogOGResimProbe: Warning: [Warning][ResimProbe.Landing] class=LocallyPredicted behind=59 atFrontier=0 discarded=0 atFrontierPerMille=0 windowSamples=120
LogOGResimProbe: Warning: [Warning][ResimProbe.Landing] class=RemoteProxy behind=61 atFrontier=0 discarded=0 atFrontierPerMille=0 windowSamples=120
LogOGDivergenceProbe: Warning: [Warning][DivergenceProbe.Window] class=LocallyPredicted corrections=59 disagreed=59 ratePerMille=1000 windowSamples=120
LogOGDivergenceProbe: Warning: [Warning][DivergenceProbe.Window] class=RemoteProxy corrections=61 disagreed=61 ratePerMille=1000 windowSamples=120
LogOGRelayProbe: Warning: [Warning][RelayProbe.Read] window=[16273,16393] src=Prediction hit=45 miss=74 verifyFail=0 rung0=0 total=119
LogOGRelayProbe: Warning: [Warning][RelayProbe.Read] window=[16273,16393] src=Resim hit=367 miss=73 verifyFail=0 rung0=0 total=440
LogOGRelayProbe: Warning: [Warning][RelayProbe.Miss] window=[16273,16393] src=Prediction inSpan=0 aboveNewest=74 belowOldest=0 noProbeTick=0 miss=74
LogOGRelayProbe: Warning: [Warning][RelayProbe.Miss] window=[16273,16393] src=Resim inSpan=7 aboveNewest=66 belowOldest=0 noProbeTick=0 miss=73
LogOGRelayProbe: Warning: [Warning][RelayProbe.Delta] window=[16273,16393] src=Prediction n=119 p10=-1 p50=1 p90=3 min=-3 max=5 satLow=0 satHigh=0
LogOGRelayProbe: Warning: [Warning][RelayProbe.Delta] window=[16273,16393] src=Resim n=440 p10=-5 p50=-2 p90=1 min=-7 max=5 satLow=0 satHigh=0
LogOGRelayProbe: Warning: [Warning][RelayProbe.Stale] window=[16273,16393] maxConsecutiveFallbackRun=12 id=28415
LogOGResimProbe: Warning: [Warning][ResimProbe.Gate] checks=120 declined=50 requested=70 requestedPerMille=583 deepSkips=0 survivingAnchors=0
LogOGResimProbe: Warning: [Warning][ResimProbe.Chaos] requests=70 grants=68 refused=2 refusedPerMille=29 repeat=2 clamped=0 depthMin=4 depthMax=8
LogOGResimProbe: Warning: [Warning][ResimProbe.Apply] prepares=68 finishes=67 abandoned=1 stuck=3 replayTicks=465 replayOverruns=0 freshProtects=26 staleProtects=0
LogOGResimProbe: Warning: [Warning][ResimProbe.Frame] role=Client simTicks=121 frames=190 meanTicksPerFrameX100=63 p50=1 p99=2 max=2 meanFrameUs=10605
LogOGResimProbe: Warning: [Warning][ResimProbe.Frame] role=Client cadence dFrame1=50 dFrame0=0 dFrameGt1=70 discont=0 numSteps total=121 max=2 gt1=1
LogOGResimProbe: Warning: [Warning][ResimProbe.Landing] class=LocallyPredicted behind=60 atFrontier=0 discarded=0 atFrontierPerMille=0 windowSamples=120
LogOGResimProbe: Warning: [Warning][ResimProbe.Landing] class=RemoteProxy behind=60 atFrontier=0 discarded=0 atFrontierPerMille=0 windowSamples=120
LogOGDivergenceProbe: Warning: [Warning][DivergenceProbe.Window] class=LocallyPredicted corrections=60 disagreed=60 ratePerMille=1000 windowSamples=120
LogOGDivergenceProbe: Warning: [Warning][DivergenceProbe.Window] class=RemoteProxy corrections=60 disagreed=60 ratePerMille=1000 windowSamples=120
LogOGRelayProbe: Warning: [Warning][RelayProbe.Arrival] samples=120 gapCaptureTicks p50=2 p99=5 max=7 noAdvance=0 saturated=0 lostCaptureTicksX1000=17 lost=4 delivered=225 expected=229 discont=0 discontMax=0
LogOGRelayProbe: Warning: [Warning][RelayProbe.Read] window=[16393,16513] src=Prediction hit=70 miss=50 verifyFail=0 rung0=0 total=120
LogOGRelayProbe: Warning: [Warning][RelayProbe.Read] window=[16393,16513] src=Resim hit=375 miss=23 verifyFail=0 rung0=0 total=398
LogOGRelayProbe: Warning: [Warning][RelayProbe.Miss] window=[16393,16513] src=Prediction inSpan=0 aboveNewest=50 belowOldest=0 noProbeTick=0 miss=50
LogOGRelayProbe: Warning: [Warning][RelayProbe.Miss] window=[16393,16513] src=Resim inSpan=0 aboveNewest=23 belowOldest=0 noProbeTick=0 miss=23
LogOGRelayProbe: Warning: [Warning][RelayProbe.Delta] window=[16393,16513] src=Prediction n=120 p10=-1 p50=0 p90=2 min=-3 max=5 satLow=0 satHigh=0
LogOGRelayProbe: Warning: [Warning][RelayProbe.Delta] window=[16393,16513] src=Resim n=398 p10=-6 p50=-3 p90=0 min=-8 max=3 satLow=0 satHigh=0
LogOGRelayProbe: Warning: [Warning][RelayProbe.Stale] window=[16393,16513] maxConsecutiveFallbackRun=5 id=28415
LogOGResimProbe: Warning: [Warning][ResimProbe.Gate] checks=120 declined=57 requested=63 requestedPerMille=525 deepSkips=0 survivingAnchors=0
LogOGResimProbe: Warning: [Warning][ResimProbe.Chaos] requests=63 grants=63 refused=0 refusedPerMille=0 repeat=0 clamped=0 depthMin=4 depthMax=7
LogOGResimProbe: Warning: [Warning][ResimProbe.Apply] prepares=63 finishes=63 abandoned=0 stuck=0 replayTicks=422 replayOverruns=0 freshProtects=37 staleProtects=0
LogOGResimProbe: Warning: [Warning][ResimProbe.Frame] role=Client simTicks=120 frames=201 meanTicksPerFrameX100=59 p50=1 p99=1 max=1 meanFrameUs=10000
LogOGResimProbe: Warning: [Warning][ResimProbe.Frame] role=Client cadence dFrame1=39 dFrame0=0 dFrameGt1=81 discont=0 numSteps total=120 max=1 gt1=0
LogOGResimProbe: Warning: [Warning][ResimProbe.Landing] class=LocallyPredicted behind=60 atFrontier=0 discarded=0 atFrontierPerMille=0 windowSamples=120
LogOGResimProbe: Warning: [Warning][ResimProbe.Landing] class=RemoteProxy behind=60 atFrontier=0 discarded=0 atFrontierPerMille=0 windowSamples=120
LogOGDivergenceProbe: Warning: [Warning][DivergenceProbe.Window] class=LocallyPredicted corrections=60 disagreed=60 ratePerMille=1000 windowSamples=120
LogOGDivergenceProbe: Warning: [Warning][DivergenceProbe.Window] class=RemoteProxy corrections=60 disagreed=60 ratePerMille=1000 windowSamples=120
LogOGRelayProbe: Warning: [Warning][RelayProbe.Read] window=[16513,16633] src=Prediction hit=59 miss=61 verifyFail=0 rung0=0 total=120
LogOGRelayProbe: Warning: [Warning][RelayProbe.Read] window=[16513,16633] src=Resim hit=422 miss=35 verifyFail=0 rung0=0 total=457
LogOGRelayProbe: Warning: [Warning][RelayProbe.Miss] window=[16513,16633] src=Prediction inSpan=0 aboveNewest=61 belowOldest=0 noProbeTick=0 miss=61
LogOGRelayProbe: Warning: [Warning][RelayProbe.Miss] window=[16513,16633] src=Resim inSpan=1 aboveNewest=34 belowOldest=0 noProbeTick=0 miss=35
LogOGRelayProbe: Warning: [Warning][RelayProbe.Delta] window=[16513,16633] src=Prediction n=120 p10=-1 p50=1 p90=2 min=-2 max=4 satLow=0 satHigh=0
LogOGRelayProbe: Warning: [Warning][RelayProbe.Delta] window=[16513,16633] src=Resim n=457 p10=-6 p50=-3 p90=0 min=-8 max=3 satLow=0 satHigh=0
LogOGRelayProbe: Warning: [Warning][RelayProbe.Stale] window=[16513,16633] maxConsecutiveFallbackRun=6 id=28415
LogOGResimProbe: Warning: [Warning][ResimProbe.Gate] checks=120 declined=51 requested=69 requestedPerMille=575 deepSkips=0 survivingAnchors=0
LogOGResimProbe: Warning: [Warning][ResimProbe.Chaos] requests=70 grants=70 refused=0 refusedPerMille=0 repeat=0 clamped=0 depthMin=4 depthMax=7
LogOGResimProbe: Warning: [Warning][ResimProbe.Apply] prepares=70 finishes=70 abandoned=0 stuck=0 replayTicks=471 replayOverruns=0 freshProtects=36 staleProtects=0
LogOGResimProbe: Warning: [Warning][ResimProbe.Frame] role=Client simTicks=120 frames=199 meanTicksPerFrameX100=60 p50=1 p99=1 max=1 meanFrameUs=10000
LogOGResimProbe: Warning: [Warning][ResimProbe.Frame] role=Client cadence dFrame1=41 dFrame0=0 dFrameGt1=79 discont=0 numSteps total=120 max=1 gt1=0
LogOGRelayProbe: Warning: [Warning][RelayProbe.Arrival] samples=120 gapCaptureTicks p50=2 p99=5 max=5 noAdvance=0 saturated=0 lostCaptureTicksX1000=4 lost=1 delivered=228 expected=229 discont=0 discontMax=0
LogOGResimProbe: Warning: [Warning][ResimProbe.Landing] class=LocallyPredicted behind=61 atFrontier=0 discarded=0 atFrontierPerMille=0 windowSamples=120
LogOGResimProbe: Warning: [Warning][ResimProbe.Landing] class=RemoteProxy behind=59 atFrontier=0 discarded=0 atFrontierPerMille=0 windowSamples=120
LogOGDivergenceProbe: Warning: [Warning][DivergenceProbe.Window] class=LocallyPredicted corrections=61 disagreed=61 ratePerMille=1000 windowSamples=120
LogOGDivergenceProbe: Warning: [Warning][DivergenceProbe.Window] class=RemoteProxy corrections=59 disagreed=59 ratePerMille=1000 windowSamples=120
LogOGRelayProbe: Warning: [Warning][RelayProbe.Read] window=[16633,16753] src=Prediction hit=54 miss=66 verifyFail=0 rung0=0 total=120
LogOGRelayProbe: Warning: [Warning][RelayProbe.Read] window=[16633,16753] src=Resim hit=378 miss=36 verifyFail=0 rung0=0 total=414
LogOGRelayProbe: Warning: [Warning][RelayProbe.Miss] window=[16633,16753] src=Prediction inSpan=0 aboveNewest=66 belowOldest=0 noProbeTick=0 miss=66
LogOGRelayProbe: Warning: [Warning][RelayProbe.Miss] window=[16633,16753] src=Resim inSpan=0 aboveNewest=36 belowOldest=0 noProbeTick=0 miss=36
LogOGRelayProbe: Warning: [Warning][RelayProbe.Delta] window=[16633,16753] src=Prediction n=120 p10=-1 p50=1 p90=2 min=-2 max=3 satLow=0 satHigh=0
LogOGRelayProbe: Warning: [Warning][RelayProbe.Delta] window=[16633,16753] src=Resim n=414 p10=-5 p50=-3 p90=0 min=-7 max=2 satLow=0 satHigh=0
LogOGRelayProbe: Warning: [Warning][RelayProbe.Stale] window=[16633,16753] maxConsecutiveFallbackRun=9 id=28415
LogOGResimProbe: Warning: [Warning][ResimProbe.Gate] checks=120 declined=53 requested=67 requestedPerMille=558 deepSkips=0 survivingAnchors=0
LogOGResimProbe: Warning: [Warning][ResimProbe.Chaos] requests=67 grants=64 refused=3 refusedPerMille=45 repeat=3 clamped=0 depthMin=3 depthMax=9
LogOGResimProbe: Warning: [Warning][ResimProbe.Apply] prepares=64 finishes=64 abandoned=0 stuck=0 replayTicks=430 replayOverruns=0 freshProtects=38 staleProtects=1
LogOGResimProbe: Warning: [Warning][ResimProbe.Frame] role=Client simTicks=120 frames=200 meanTicksPerFrameX100=60 p50=1 p99=1 max=1 meanFrameUs=9999
LogOGResimProbe: Warning: [Warning][ResimProbe.Frame] role=Client cadence dFrame1=40 dFrame0=0 dFrameGt1=80 discont=0 numSteps total=120 max=1 gt1=0
LogOGResimProbe: Warning: [Warning][ResimProbe.Landing] class=LocallyPredicted behind=59 atFrontier=0 discarded=0 atFrontierPerMille=0 windowSamples=120
LogOGResimProbe: Warning: [Warning][ResimProbe.Landing] class=RemoteProxy behind=61 atFrontier=0 discarded=0 atFrontierPerMille=0 windowSamples=120
LogOGDivergenceProbe: Warning: [Warning][DivergenceProbe.Window] class=LocallyPredicted corrections=59 disagreed=59 ratePerMille=1000 windowSamples=120
LogOGDivergenceProbe: Warning: [Warning][DivergenceProbe.Window] class=RemoteProxy corrections=61 disagreed=61 ratePerMille=1000 windowSamples=120
LogOGRelayProbe: Warning: [Warning][RelayProbe.Read] window=[16753,16873] src=Prediction hit=90 miss=30 verifyFail=0 rung0=0 total=120
LogOGRelayProbe: Warning: [Warning][RelayProbe.Read] window=[16753,16873] src=Resim hit=430 miss=22 verifyFail=0 rung0=0 total=452
LogOGRelayProbe: Warning: [Warning][RelayProbe.Miss] window=[16753,16873] src=Prediction inSpan=0 aboveNewest=30 belowOldest=0 noProbeTick=0 miss=30
LogOGRelayProbe: Warning: [Warning][RelayProbe.Miss] window=[16753,16873] src=Resim inSpan=0 aboveNewest=22 belowOldest=0 noProbeTick=0 miss=22
LogOGRelayProbe: Warning: [Warning][RelayProbe.Delta] window=[16753,16873] src=Prediction n=120 p10=-2 p50=0 p90=1 min=-4 max=3 satLow=0 satHigh=0
LogOGRelayProbe: Warning: [Warning][RelayProbe.Delta] window=[16753,16873] src=Resim n=452 p10=-6 p50=-3 p90=0 min=-8 max=3 satLow=0 satHigh=0
LogOGRelayProbe: Warning: [Warning][RelayProbe.Stale] window=[16753,16873] maxConsecutiveFallbackRun=9 id=28415
LogOGResimProbe: Warning: [Warning][ResimProbe.Gate] checks=120 declined=51 requested=69 requestedPerMille=575 deepSkips=0 survivingAnchors=0
LogOGResimProbe: Warning: [Warning][ResimProbe.Chaos] requests=68 grants=68 refused=0 refusedPerMille=0 repeat=0 clamped=0 depthMin=4 depthMax=8
LogOGResimProbe: Warning: [Warning][ResimProbe.Apply] prepares=68 finishes=68 abandoned=0 stuck=0 replayTicks=462 replayOverruns=0 freshProtects=33 staleProtects=0
LogOGRelayProbe: Warning: [Warning][RelayProbe.Arrival] samples=120 gapCaptureTicks p50=2 p99=4 max=4 noAdvance=0 saturated=0 lostCaptureTicksX1000=0 lost=0 delivered=223 expected=223 discont=0 discontMax=0
LogOGResimProbe: Warning: [Warning][ResimProbe.Frame] role=Client simTicks=120 frames=200 meanTicksPerFrameX100=60 p50=1 p99=1 max=1 meanFrameUs=10001
LogOGResimProbe: Warning: [Warning][ResimProbe.Frame] role=Client cadence dFrame1=40 dFrame0=0 dFrameGt1=80 discont=0 numSteps total=120 max=1 gt1=0
LogOGResimProbe: Warning: [Warning][ResimProbe.Landing] class=LocallyPredicted behind=61 atFrontier=0 discarded=0 atFrontierPerMille=0 windowSamples=120
LogOGResimProbe: Warning: [Warning][ResimProbe.Landing] class=RemoteProxy behind=59 atFrontier=0 discarded=0 atFrontierPerMille=0 windowSamples=120
LogOGDivergenceProbe: Warning: [Warning][DivergenceProbe.Window] class=LocallyPredicted corrections=61 disagreed=61 ratePerMille=1000 windowSamples=120
LogOGDivergenceProbe: Warning: [Warning][DivergenceProbe.Window] class=RemoteProxy corrections=59 disagreed=59 ratePerMille=1000 windowSamples=120
LogOGRelayProbe: Warning: [Warning][RelayProbe.Read] window=[16873,16993] src=Prediction hit=71 miss=48 verifyFail=0 rung0=0 total=119
LogOGRelayProbe: Warning: [Warning][RelayProbe.Read] window=[16873,16993] src=Resim hit=380 miss=19 verifyFail=0 rung0=0 total=399
LogOGRelayProbe: Warning: [Warning][RelayProbe.Miss] window=[16873,16993] src=Prediction inSpan=0 aboveNewest=48 belowOldest=0 noProbeTick=0 miss=48
LogOGRelayProbe: Warning: [Warning][RelayProbe.Miss] window=[16873,16993] src=Resim inSpan=0 aboveNewest=19 belowOldest=0 noProbeTick=0 miss=19
LogOGRelayProbe: Warning: [Warning][RelayProbe.Delta] window=[16873,16993] src=Prediction n=119 p10=-1 p50=0 p90=2 min=-3 max=4 satLow=0 satHigh=0
LogOGRelayProbe: Warning: [Warning][RelayProbe.Delta] window=[16873,16993] src=Resim n=399 p10=-6 p50=-3 p90=0 min=-8 max=3 satLow=0 satHigh=0
LogOGRelayProbe: Warning: [Warning][RelayProbe.Stale] window=[16873,16993] maxConsecutiveFallbackRun=7 id=28415
LogOGResimProbe: Warning: [Warning][ResimProbe.Gate] checks=120 declined=55 requested=65 requestedPerMille=542 deepSkips=0 survivingAnchors=0
LogOGResimProbe: Warning: [Warning][ResimProbe.Chaos] requests=65 grants=62 refused=3 refusedPerMille=46 repeat=2 clamped=0 depthMin=4 depthMax=7
LogOGResimProbe: Warning: [Warning][ResimProbe.Apply] prepares=62 finishes=61 abandoned=1 stuck=4 replayTicks=414 replayOverruns=0 freshProtects=32 staleProtects=0
LogOGResimProbe: Warning: [Warning][ResimProbe.Frame] role=Client simTicks=121 frames=200 meanTicksPerFrameX100=60 p50=1 p99=2 max=2 meanFrameUs=10000
LogOGResimProbe: Warning: [Warning][ResimProbe.Frame] role=Client cadence dFrame1=40 dFrame0=0 dFrameGt1=80 discont=0 numSteps total=120 max=1 gt1=0
LogOGResimProbe: Warning: [Warning][ResimProbe.Landing] class=LocallyPredicted behind=60 atFrontier=0 discarded=0 atFrontierPerMille=0 windowSamples=120
LogOGResimProbe: Warning: [Warning][ResimProbe.Landing] class=RemoteProxy behind=60 atFrontier=0 discarded=0 atFrontierPerMille=0 windowSamples=120
LogOGDivergenceProbe: Warning: [Warning][DivergenceProbe.Window] class=LocallyPredicted corrections=60 disagreed=60 ratePerMille=1000 windowSamples=120
LogOGDivergenceProbe: Warning: [Warning][DivergenceProbe.Window] class=RemoteProxy corrections=60 disagreed=60 ratePerMille=1000 windowSamples=120
LogOGRelayProbe: Warning: [Warning][RelayProbe.Read] window=[16993,17113] src=Prediction hit=42 miss=78 verifyFail=0 rung0=0 total=120
LogOGRelayProbe: Warning: [Warning][RelayProbe.Read] window=[16993,17113] src=Resim hit=408 miss=62 verifyFail=0 rung0=0 total=470
LogOGRelayProbe: Warning: [Warning][RelayProbe.Miss] window=[16993,17113] src=Prediction inSpan=0 aboveNewest=78 belowOldest=0 noProbeTick=0 miss=78
LogOGRelayProbe: Warning: [Warning][RelayProbe.Miss] window=[16993,17113] src=Resim inSpan=0 aboveNewest=62 belowOldest=0 noProbeTick=0 miss=62
LogOGRelayProbe: Warning: [Warning][RelayProbe.Delta] window=[16993,17113] src=Prediction n=120 p10=-1 p50=1 p90=3 min=-2 max=4 satLow=0 satHigh=0
LogOGRelayProbe: Warning: [Warning][RelayProbe.Delta] window=[16993,17113] src=Resim n=470 p10=-6 p50=-3 p90=1 min=-8 max=3 satLow=0 satHigh=0
LogOGRelayProbe: Warning: [Warning][RelayProbe.Stale] window=[16993,17113] maxConsecutiveFallbackRun=9 id=28415
LogOGResimProbe: Warning: [Warning][ResimProbe.Gate] checks=120 declined=57 requested=63 requestedPerMille=525 deepSkips=0 survivingAnchors=0
LogOGResimProbe: Warning: [Warning][ResimProbe.Chaos] requests=64 grants=64 refused=0 refusedPerMille=0 repeat=0 clamped=0 depthMin=5 depthMax=8
LogOGResimProbe: Warning: [Warning][ResimProbe.Apply] prepares=64 finishes=64 abandoned=0 stuck=0 replayTicks=495 replayOverruns=0 freshProtects=37 staleProtects=0
LogOGRelayProbe: Warning: [Warning][RelayProbe.Arrival] samples=120 gapCaptureTicks p50=2 p99=4 max=4 noAdvance=0 saturated=0 lostCaptureTicksX1000=4 lost=1 delivered=221 expected=222 discont=0 discontMax=0
LogOGResimProbe: Warning: [Warning][ResimProbe.Frame] role=Client simTicks=120 frames=200 meanTicksPerFrameX100=60 p50=1 p99=1 max=1 meanFrameUs=10000
LogOGResimProbe: Warning: [Warning][ResimProbe.Frame] role=Client cadence dFrame1=40 dFrame0=0 dFrameGt1=80 discont=0 numSteps total=120 max=1 gt1=0
LogOGResimProbe: Warning: [Warning][ResimProbe.Landing] class=LocallyPredicted behind=59 atFrontier=0 discarded=0 atFrontierPerMille=0 windowSamples=120
LogOGResimProbe: Warning: [Warning][ResimProbe.Landing] class=RemoteProxy behind=61 atFrontier=0 discarded=0 atFrontierPerMille=0 windowSamples=120
LogOGDivergenceProbe: Warning: [Warning][DivergenceProbe.Window] class=LocallyPredicted corrections=59 disagreed=59 ratePerMille=1000 windowSamples=120
LogOGDivergenceProbe: Warning: [Warning][DivergenceProbe.Window] class=RemoteProxy corrections=61 disagreed=61 ratePerMille=1000 windowSamples=120
LogOGRelayProbe: Warning: [Warning][RelayProbe.Read] window=[17113,17233] src=Prediction hit=41 miss=79 verifyFail=0 rung0=0 total=120
LogOGRelayProbe: Warning: [Warning][RelayProbe.Read] window=[17113,17233] src=Resim hit=415 miss=73 verifyFail=0 rung0=0 total=488
LogOGRelayProbe: Warning: [Warning][RelayProbe.Miss] window=[17113,17233] src=Prediction inSpan=0 aboveNewest=79 belowOldest=0 noProbeTick=0 miss=79
LogOGRelayProbe: Warning: [Warning][RelayProbe.Miss] window=[17113,17233] src=Resim inSpan=14 aboveNewest=59 belowOldest=0 noProbeTick=0 miss=73
LogOGRelayProbe: Warning: [Warning][RelayProbe.Delta] window=[17113,17233] src=Prediction n=120 p10=-1 p50=1 p90=3 min=-2 max=5 satLow=0 satHigh=0
LogOGRelayProbe: Warning: [Warning][RelayProbe.Delta] window=[17113,17233] src=Resim n=488 p10=-6 p50=-3 p90=1 min=-8 max=3 satLow=0 satHigh=0
LogOGRelayProbe: Warning: [Warning][RelayProbe.Stale] window=[17113,17233] maxConsecutiveFallbackRun=13 id=28415
LogOGResimProbe: Warning: [Warning][ResimProbe.Gate] checks=120 declined=53 requested=67 requestedPerMille=558 deepSkips=0 survivingAnchors=0
LogOGResimProbe: Warning: [Warning][ResimProbe.Chaos] requests=66 grants=66 refused=0 refusedPerMille=0 repeat=0 clamped=0 depthMin=5 depthMax=8
LogOGResimProbe: Warning: [Warning][ResimProbe.Apply] prepares=66 finishes=66 abandoned=0 stuck=0 replayTicks=519 replayOverruns=0 freshProtects=38 staleProtects=0
LogOGResimProbe: Warning: [Warning][ResimProbe.Frame] role=Client simTicks=120 frames=201 meanTicksPerFrameX100=59 p50=1 p99=1 max=1 meanFrameUs=10001
LogOGResimProbe: Warning: [Warning][ResimProbe.Frame] role=Client cadence dFrame1=39 dFrame0=0 dFrameGt1=81 discont=0 numSteps total=120 max=1 gt1=0
LogOGResimProbe: Warning: [Warning][ResimProbe.Landing] class=LocallyPredicted behind=59 atFrontier=0 discarded=0 atFrontierPerMille=0 windowSamples=120
LogOGResimProbe: Warning: [Warning][ResimProbe.Landing] class=RemoteProxy behind=61 atFrontier=0 discarded=0 atFrontierPerMille=0 windowSamples=120
LogOGDivergenceProbe: Warning: [Warning][DivergenceProbe.Window] class=LocallyPredicted corrections=59 disagreed=59 ratePerMille=1000 windowSamples=120
LogOGDivergenceProbe: Warning: [Warning][DivergenceProbe.Window] class=RemoteProxy corrections=61 disagreed=61 ratePerMille=1000 windowSamples=120
LogOGRelayProbe: Warning: [Warning][RelayProbe.Read] window=[17233,17353] src=Prediction hit=58 miss=62 verifyFail=0 rung0=0 total=120
LogOGRelayProbe: Warning: [Warning][RelayProbe.Read] window=[17233,17353] src=Resim hit=442 miss=36 verifyFail=0 rung0=0 total=478
LogOGRelayProbe: Warning: [Warning][RelayProbe.Miss] window=[17233,17353] src=Prediction inSpan=0 aboveNewest=62 belowOldest=0 noProbeTick=0 miss=62
LogOGRelayProbe: Warning: [Warning][RelayProbe.Miss] window=[17233,17353] src=Resim inSpan=0 aboveNewest=36 belowOldest=0 noProbeTick=0 miss=36
LogOGRelayProbe: Warning: [Warning][RelayProbe.Delta] window=[17233,17353] src=Prediction n=120 p10=-1 p50=1 p90=2 min=-3 max=4 satLow=0 satHigh=0
LogOGRelayProbe: Warning: [Warning][RelayProbe.Delta] window=[17233,17353] src=Resim n=478 p10=-6 p50=-3 p90=0 min=-8 max=3 satLow=0 satHigh=0
LogOGRelayProbe: Warning: [Warning][RelayProbe.Stale] window=[17233,17353] maxConsecutiveFallbackRun=10 id=28415
LogOGResimProbe: Warning: [Warning][ResimProbe.Gate] checks=120 declined=56 requested=64 requestedPerMille=533 deepSkips=0 survivingAnchors=0
LogOGResimProbe: Warning: [Warning][ResimProbe.Chaos] requests=65 grants=65 refused=0 refusedPerMille=0 repeat=0 clamped=0 depthMin=5 depthMax=8
LogOGResimProbe: Warning: [Warning][ResimProbe.Apply] prepares=65 finishes=65 abandoned=0 stuck=0 replayTicks=488 replayOverruns=0 freshProtects=35 staleProtects=0
LogOGRelayProbe: Warning: [Warning][RelayProbe.Arrival] samples=120 gapCaptureTicks p50=2 p99=4 max=5 noAdvance=0 saturated=0 lostCaptureTicksX1000=16 lost=4 delivered=233 expected=237 discont=0 discontMax=0
LogOGResimProbe: Warning: [Warning][ResimProbe.Frame] role=Client simTicks=120 frames=200 meanTicksPerFrameX100=60 p50=1 p99=1 max=1 meanFrameUs=9999
LogOGResimProbe: Warning: [Warning][ResimProbe.Frame] role=Client cadence dFrame1=40 dFrame0=0 dFrameGt1=80 discont=0 numSteps total=120 max=1 gt1=0
LogOGResimProbe: Warning: [Warning][ResimProbe.Landing] class=LocallyPredicted behind=60 atFrontier=0 discarded=0 atFrontierPerMille=0 windowSamples=120
LogOGResimProbe: Warning: [Warning][ResimProbe.Landing] class=RemoteProxy behind=60 atFrontier=0 discarded=0 atFrontierPerMille=0 windowSamples=120
LogOGDivergenceProbe: Warning: [Warning][DivergenceProbe.Window] class=LocallyPredicted corrections=60 disagreed=60 ratePerMille=1000 windowSamples=120
LogOGDivergenceProbe: Warning: [Warning][DivergenceProbe.Window] class=RemoteProxy corrections=60 disagreed=60 ratePerMille=1000 windowSamples=120
LogOGRelayProbe: Warning: [Warning][RelayProbe.Read] window=[17353,17473] src=Prediction hit=49 miss=71 verifyFail=0 rung0=0 total=120
LogOGRelayProbe: Warning: [Warning][RelayProbe.Read] window=[17353,17473] src=Resim hit=424 miss=53 verifyFail=0 rung0=0 total=477
LogOGRelayProbe: Warning: [Warning][RelayProbe.Miss] window=[17353,17473] src=Prediction inSpan=0 aboveNewest=71 belowOldest=0 noProbeTick=0 miss=71
LogOGRelayProbe: Warning: [Warning][RelayProbe.Miss] window=[17353,17473] src=Resim inSpan=0 aboveNewest=53 belowOldest=0 noProbeTick=0 miss=53
LogOGRelayProbe: Warning: [Warning][RelayProbe.Delta] window=[17353,17473] src=Prediction n=120 p10=-1 p50=1 p90=3 min=-2 max=4 satLow=0 satHigh=0
LogOGRelayProbe: Warning: [Warning][RelayProbe.Delta] window=[17353,17473] src=Resim n=477 p10=-6 p50=-3 p90=1 min=-8 max=4 satLow=0 satHigh=0
LogOGRelayProbe: Warning: [Warning][RelayProbe.Stale] window=[17353,17473] maxConsecutiveFallbackRun=10 id=28415
LogOGResimProbe: Warning: [Warning][ResimProbe.Gate] checks=120 declined=53 requested=67 requestedPerMille=558 deepSkips=0 survivingAnchors=0
LogOGResimProbe: Warning: [Warning][ResimProbe.Chaos] requests=67 grants=67 refused=0 refusedPerMille=0 repeat=0 clamped=0 depthMin=4 depthMax=8
LogOGResimProbe: Warning: [Warning][ResimProbe.Apply] prepares=67 finishes=67 abandoned=0 stuck=0 replayTicks=481 replayOverruns=0 freshProtects=32 staleProtects=0
LogOGResimProbe: Warning: [Warning][ResimProbe.Frame] role=Client simTicks=120 frames=199 meanTicksPerFrameX100=60 p50=1 p99=1 max=1 meanFrameUs=10004
LogOGResimProbe: Warning: [Warning][ResimProbe.Frame] role=Client cadence dFrame1=41 dFrame0=0 dFrameGt1=79 discont=0 numSteps total=120 max=1 gt1=0
LogOGResimProbe: Warning: [Warning][ResimProbe.Landing] class=LocallyPredicted behind=60 atFrontier=0 discarded=0 atFrontierPerMille=0 windowSamples=120
LogOGResimProbe: Warning: [Warning][ResimProbe.Landing] class=RemoteProxy behind=60 atFrontier=0 discarded=0 atFrontierPerMille=0 windowSamples=120
LogOGDivergenceProbe: Warning: [Warning][DivergenceProbe.Window] class=LocallyPredicted corrections=60 disagreed=60 ratePerMille=1000 windowSamples=120
LogOGDivergenceProbe: Warning: [Warning][DivergenceProbe.Window] class=RemoteProxy corrections=60 disagreed=60 ratePerMille=1000 windowSamples=120
LogOGRelayProbe: Warning: [Warning][RelayProbe.Arrival] samples=120 gapCaptureTicks p50=2 p99=4 max=7 noAdvance=0 saturated=0 lostCaptureTicksX1000=18 lost=4 delivered=212 expected=216 discont=0 discontMax=0
LogOGRelayProbe: Warning: [Warning][RelayProbe.Read] window=[17473,17593] src=Prediction hit=44 miss=76 verifyFail=0 rung0=0 total=120
LogOGRelayProbe: Warning: [Warning][RelayProbe.Read] window=[17473,17593] src=Resim hit=389 miss=62 verifyFail=0 rung0=0 total=451
LogOGRelayProbe: Warning: [Warning][RelayProbe.Miss] window=[17473,17593] src=Prediction inSpan=0 aboveNewest=76 belowOldest=0 noProbeTick=0 miss=76
LogOGRelayProbe: Warning: [Warning][RelayProbe.Miss] window=[17473,17593] src=Resim inSpan=10 aboveNewest=52 belowOldest=0 noProbeTick=0 miss=62
LogOGRelayProbe: Warning: [Warning][RelayProbe.Delta] window=[17473,17593] src=Prediction n=120 p10=-1 p50=1 p90=3 min=-2 max=6 satLow=0 satHigh=0
LogOGRelayProbe: Warning: [Warning][RelayProbe.Delta] window=[17473,17593] src=Resim n=451 p10=-6 p50=-3 p90=1 min=-8 max=5 satLow=0 satHigh=0
LogOGRelayProbe: Warning: [Warning][RelayProbe.Stale] window=[17473,17593] maxConsecutiveFallbackRun=10 id=28415
LogOGResimProbe: Warning: [Warning][ResimProbe.Gate] checks=120 declined=58 requested=62 requestedPerMille=517 deepSkips=0 survivingAnchors=0
LogOGResimProbe: Warning: [Warning][ResimProbe.Chaos] requests=61 grants=61 refused=0 refusedPerMille=0 repeat=0 clamped=0 depthMin=5 depthMax=8
LogOGResimProbe: Warning: [Warning][ResimProbe.Apply] prepares=61 finishes=61 abandoned=0 stuck=0 replayTicks=464 replayOverruns=0 freshProtects=32 staleProtects=0
LogOGResimProbe: Warning: [Warning][ResimProbe.Frame] role=Client simTicks=120 frames=200 meanTicksPerFrameX100=60 p50=1 p99=1 max=1 meanFrameUs=9999
LogOGResimProbe: Warning: [Warning][ResimProbe.Frame] role=Client cadence dFrame1=40 dFrame0=0 dFrameGt1=80 discont=0 numSteps total=120 max=1 gt1=0
LogOGResimProbe: Warning: [Warning][ResimProbe.Landing] class=LocallyPredicted behind=60 atFrontier=0 discarded=0 atFrontierPerMille=0 windowSamples=120
LogOGResimProbe: Warning: [Warning][ResimProbe.Landing] class=RemoteProxy behind=60 atFrontier=0 discarded=0 atFrontierPerMille=0 windowSamples=120
LogOGDivergenceProbe: Warning: [Warning][DivergenceProbe.Window] class=LocallyPredicted corrections=60 disagreed=60 ratePerMille=1000 windowSamples=120
LogOGDivergenceProbe: Warning: [Warning][DivergenceProbe.Window] class=RemoteProxy corrections=60 disagreed=60 ratePerMille=1000 windowSamples=120
LogOGRelayProbe: Warning: [Warning][RelayProbe.Read] window=[17593,17713] src=Prediction hit=29 miss=91 verifyFail=0 rung0=0 total=120
LogOGRelayProbe: Warning: [Warning][RelayProbe.Read] window=[17593,17713] src=Resim hit=449 miss=68 verifyFail=0 rung0=0 total=517
LogOGRelayProbe: Warning: [Warning][RelayProbe.Miss] window=[17593,17713] src=Prediction inSpan=0 aboveNewest=91 belowOldest=0 noProbeTick=0 miss=91
LogOGRelayProbe: Warning: [Warning][RelayProbe.Miss] window=[17593,17713] src=Resim inSpan=0 aboveNewest=68 belowOldest=0 noProbeTick=0 miss=68
LogOGRelayProbe: Warning: [Warning][RelayProbe.Delta] window=[17593,17713] src=Prediction n=120 p10=0 p50=1 p90=3 min=-2 max=5 satLow=0 satHigh=0
LogOGRelayProbe: Warning: [Warning][RelayProbe.Delta] window=[17593,17713] src=Resim n=517 p10=-6 p50=-2 p90=1 min=-9 max=3 satLow=0 satHigh=0
LogOGRelayProbe: Warning: [Warning][RelayProbe.Stale] window=[17593,17713] maxConsecutiveFallbackRun=12 id=28415
LogOGResimProbe: Warning: [Warning][ResimProbe.Gate] checks=120 declined=52 requested=68 requestedPerMille=567 deepSkips=0 survivingAnchors=0
LogOGResimProbe: Warning: [Warning][ResimProbe.Chaos] requests=68 grants=68 refused=0 refusedPerMille=0 repeat=0 clamped=0 depthMin=5 depthMax=9
LogOGResimProbe: Warning: [Warning][ResimProbe.Apply] prepares=68 finishes=68 abandoned=0 stuck=0 replayTicks=530 replayOverruns=0 freshProtects=36 staleProtects=0
LogOGResimProbe: Warning: [Warning][ResimProbe.Frame] role=Client simTicks=120 frames=200 meanTicksPerFrameX100=60 p50=1 p99=1 max=1 meanFrameUs=10000
LogOGResimProbe: Warning: [Warning][ResimProbe.Frame] role=Client cadence dFrame1=40 dFrame0=0 dFrameGt1=80 discont=0 numSteps total=120 max=1 gt1=0
LogOGResimProbe: Warning: [Warning][ResimProbe.Landing] class=LocallyPredicted behind=60 atFrontier=0 discarded=0 atFrontierPerMille=0 windowSamples=120
LogOGResimProbe: Warning: [Warning][ResimProbe.Landing] class=RemoteProxy behind=60 atFrontier=0 discarded=0 atFrontierPerMille=0 windowSamples=120
LogOGDivergenceProbe: Warning: [Warning][DivergenceProbe.Window] class=LocallyPredicted corrections=60 disagreed=60 ratePerMille=1000 windowSamples=120
LogOGDivergenceProbe: Warning: [Warning][DivergenceProbe.Window] class=RemoteProxy corrections=60 disagreed=60 ratePerMille=1000 windowSamples=120
LogOGRelayProbe: Warning: [Warning][RelayProbe.Arrival] samples=120 gapCaptureTicks p50=2 p99=4 max=4 noAdvance=0 saturated=0 lostCaptureTicksX1000=0 lost=0 delivered=221 expected=221 discont=0 discontMax=0
LogOGRelayProbe: Warning: [Warning][RelayProbe.Read] window=[17713,17833] src=Prediction hit=31 miss=89 verifyFail=0 rung0=0 total=120
LogOGRelayProbe: Warning: [Warning][RelayProbe.Read] window=[17713,17833] src=Resim hit=475 miss=88 verifyFail=0 rung0=0 total=563
LogOGRelayProbe: Warning: [Warning][RelayProbe.Miss] window=[17713,17833] src=Prediction inSpan=0 aboveNewest=89 belowOldest=0 noProbeTick=0 miss=89
LogOGRelayProbe: Warning: [Warning][RelayProbe.Miss] window=[17713,17833] src=Resim inSpan=0 aboveNewest=88 belowOldest=0 noProbeTick=0 miss=88
LogOGRelayProbe: Warning: [Warning][RelayProbe.Delta] window=[17713,17833] src=Prediction n=120 p10=0 p50=1 p90=3 min=-2 max=4 satLow=0 satHigh=0
LogOGRelayProbe: Warning: [Warning][RelayProbe.Delta] window=[17713,17833] src=Resim n=563 p10=-6 p50=-2 p90=1 min=-8 max=4 satLow=0 satHigh=0
LogOGRelayProbe: Warning: [Warning][RelayProbe.Stale] window=[17713,17833] maxConsecutiveFallbackRun=27 id=28415
LogOGResimProbe: Warning: [Warning][ResimProbe.Gate] checks=120 declined=48 requested=72 requestedPerMille=600 deepSkips=0 survivingAnchors=0
LogOGResimProbe: Warning: [Warning][ResimProbe.Chaos] requests=73 grants=73 refused=0 refusedPerMille=0 repeat=0 clamped=0 depthMin=6 depthMax=8
LogOGResimProbe: Warning: [Warning][ResimProbe.Apply] prepares=73 finishes=73 abandoned=0 stuck=0 replayTicks=579 replayOverruns=0 freshProtects=36 staleProtects=0
LogOGResimProbe: Warning: [Warning][ResimProbe.Frame] role=Client simTicks=120 frames=201 meanTicksPerFrameX100=59 p50=1 p99=1 max=1 meanFrameUs=9999
LogOGResimProbe: Warning: [Warning][ResimProbe.Frame] role=Client cadence dFrame1=39 dFrame0=0 dFrameGt1=81 discont=0 numSteps total=120 max=1 gt1=0
LogOGResimProbe: Warning: [Warning][ResimProbe.Landing] class=LocallyPredicted behind=60 atFrontier=0 discarded=0 atFrontierPerMille=0 windowSamples=120
LogOGResimProbe: Warning: [Warning][ResimProbe.Landing] class=RemoteProxy behind=60 atFrontier=0 discarded=0 atFrontierPerMille=0 windowSamples=120
LogOGDivergenceProbe: Warning: [Warning][DivergenceProbe.Window] class=LocallyPredicted corrections=60 disagreed=60 ratePerMille=1000 windowSamples=120
LogOGDivergenceProbe: Warning: [Warning][DivergenceProbe.Window] class=RemoteProxy corrections=60 disagreed=60 ratePerMille=1000 windowSamples=120
LogOGRelayProbe: Warning: [Warning][RelayProbe.Read] window=[17833,17953] src=Prediction hit=45 miss=75 verifyFail=0 rung0=0 total=120
LogOGRelayProbe: Warning: [Warning][RelayProbe.Read] window=[17833,17953] src=Resim hit=391 miss=50 verifyFail=0 rung0=0 total=441
LogOGRelayProbe: Warning: [Warning][RelayProbe.Miss] window=[17833,17953] src=Prediction inSpan=0 aboveNewest=75 belowOldest=0 noProbeTick=0 miss=75
LogOGRelayProbe: Warning: [Warning][RelayProbe.Miss] window=[17833,17953] src=Resim inSpan=0 aboveNewest=50 belowOldest=0 noProbeTick=0 miss=50
LogOGRelayProbe: Warning: [Warning][RelayProbe.Delta] window=[17833,17953] src=Prediction n=120 p10=-1 p50=1 p90=3 min=-2 max=5 satLow=0 satHigh=0
LogOGRelayProbe: Warning: [Warning][RelayProbe.Delta] window=[17833,17953] src=Resim n=441 p10=-6 p50=-3 p90=1 min=-9 max=3 satLow=0 satHigh=0
LogOGRelayProbe: Warning: [Warning][RelayProbe.Stale] window=[17833,17953] maxConsecutiveFallbackRun=13 id=28415
LogOGResimProbe: Warning: [Warning][ResimProbe.Gate] checks=120 declined=57 requested=63 requestedPerMille=525 deepSkips=0 survivingAnchors=0
LogOGResimProbe: Warning: [Warning][ResimProbe.Chaos] requests=63 grants=63 refused=0 refusedPerMille=0 repeat=0 clamped=0 depthMin=5 depthMax=8
LogOGResimProbe: Warning: [Warning][ResimProbe.Apply] prepares=63 finishes=63 abandoned=0 stuck=0 replayTicks=467 replayOverruns=0 freshProtects=37 staleProtects=0
LogOGResimProbe: Warning: [Warning][ResimProbe.Frame] role=Client simTicks=120 frames=199 meanTicksPerFrameX100=60 p50=1 p99=1 max=1 meanFrameUs=10000
LogOGResimProbe: Warning: [Warning][ResimProbe.Frame] role=Client cadence dFrame1=41 dFrame0=0 dFrameGt1=79 discont=0 numSteps total=120 max=1 gt1=0
LogOGRelayProbe: Warning: [Warning][RelayProbe.Arrival] samples=120 gapCaptureTicks p50=2 p99=4 max=4 noAdvance=0 saturated=0 lostCaptureTicksX1000=0 lost=0 delivered=221 expected=221 discont=0 discontMax=0
LogOGResimProbe: Warning: [Warning][ResimProbe.Landing] class=LocallyPredicted behind=60 atFrontier=0 discarded=0 atFrontierPerMille=0 windowSamples=120
LogOGResimProbe: Warning: [Warning][ResimProbe.Landing] class=RemoteProxy behind=60 atFrontier=0 discarded=0 atFrontierPerMille=0 windowSamples=120
LogOGDivergenceProbe: Warning: [Warning][DivergenceProbe.Window] class=LocallyPredicted corrections=60 disagreed=60 ratePerMille=1000 windowSamples=120
LogOGDivergenceProbe: Warning: [Warning][DivergenceProbe.Window] class=RemoteProxy corrections=60 disagreed=60 ratePerMille=1000 windowSamples=120
LogOGRelayProbe: Warning: [Warning][RelayProbe.Read] window=[17953,18073] src=Prediction hit=27 miss=93 verifyFail=0 rung0=0 total=120
LogOGRelayProbe: Warning: [Warning][RelayProbe.Read] window=[17953,18073] src=Resim hit=402 miss=66 verifyFail=0 rung0=0 total=468
LogOGRelayProbe: Warning: [Warning][RelayProbe.Miss] window=[17953,18073] src=Prediction inSpan=0 aboveNewest=93 belowOldest=0 noProbeTick=0 miss=93
LogOGRelayProbe: Warning: [Warning][RelayProbe.Miss] window=[17953,18073] src=Resim inSpan=0 aboveNewest=66 belowOldest=0 noProbeTick=0 miss=66
LogOGRelayProbe: Warning: [Warning][RelayProbe.Delta] window=[17953,18073] src=Prediction n=120 p10=0 p50=1 p90=3 min=-2 max=5 satLow=0 satHigh=0
LogOGRelayProbe: Warning: [Warning][RelayProbe.Delta] window=[17953,18073] src=Resim n=468 p10=-5 p50=-2 p90=1 min=-8 max=5 satLow=0 satHigh=0
LogOGRelayProbe: Warning: [Warning][RelayProbe.Stale] window=[17953,18073] maxConsecutiveFallbackRun=19 id=28415
LogOGResimProbe: Warning: [Warning][ResimProbe.Gate] checks=120 declined=57 requested=63 requestedPerMille=525 deepSkips=0 survivingAnchors=0
LogOGResimProbe: Warning: [Warning][ResimProbe.Chaos] requests=63 grants=63 refused=0 refusedPerMille=0 repeat=0 clamped=0 depthMin=5 depthMax=8
LogOGResimProbe: Warning: [Warning][ResimProbe.Apply] prepares=63 finishes=63 abandoned=0 stuck=0 replayTicks=485 replayOverruns=0 freshProtects=38 staleProtects=0
LogOGResimProbe: Warning: [Warning][ResimProbe.Frame] role=Client simTicks=120 frames=200 meanTicksPerFrameX100=60 p50=1 p99=1 max=1 meanFrameUs=10000
LogOGResimProbe: Warning: [Warning][ResimProbe.Frame] role=Client cadence dFrame1=40 dFrame0=0 dFrameGt1=80 discont=0 numSteps total=120 max=1 gt1=0
LogOGResimProbe: Warning: [Warning][ResimProbe.Landing] class=LocallyPredicted behind=61 atFrontier=0 discarded=0 atFrontierPerMille=0 windowSamples=120
LogOGResimProbe: Warning: [Warning][ResimProbe.Landing] class=RemoteProxy behind=59 atFrontier=0 discarded=0 atFrontierPerMille=0 windowSamples=120
LogOGDivergenceProbe: Warning: [Warning][DivergenceProbe.Window] class=LocallyPredicted corrections=61 disagreed=61 ratePerMille=1000 windowSamples=120
LogOGDivergenceProbe: Warning: [Warning][DivergenceProbe.Window] class=RemoteProxy corrections=59 disagreed=59 ratePerMille=1000 windowSamples=120
LogOGRelayProbe: Warning: [Warning][RelayProbe.Read] window=[18073,18193] src=Prediction hit=21 miss=99 verifyFail=0 rung0=0 total=120
LogOGRelayProbe: Warning: [Warning][RelayProbe.Read] window=[18073,18193] src=Resim hit=445 miss=92 verifyFail=0 rung0=0 total=537
LogOGRelayProbe: Warning: [Warning][RelayProbe.Miss] window=[18073,18193] src=Prediction inSpan=0 aboveNewest=99 belowOldest=0 noProbeTick=0 miss=99
LogOGRelayProbe: Warning: [Warning][RelayProbe.Miss] window=[18073,18193] src=Resim inSpan=8 aboveNewest=84 belowOldest=0 noProbeTick=0 miss=92
LogOGRelayProbe: Warning: [Warning][RelayProbe.Delta] window=[18073,18193] src=Prediction n=120 p10=0 p50=2 p90=3 min=-1 max=5 satLow=0 satHigh=0
LogOGRelayProbe: Warning: [Warning][RelayProbe.Delta] window=[18073,18193] src=Resim n=537 p10=-5 p50=-2 p90=1 min=-8 max=3 satLow=0 satHigh=0
LogOGRelayProbe: Warning: [Warning][RelayProbe.Stale] window=[18073,18193] maxConsecutiveFallbackRun=17 id=28415
LogOGResimProbe: Warning: [Warning][ResimProbe.Gate] checks=120 declined=49 requested=71 requestedPerMille=592 deepSkips=0 survivingAnchors=0
LogOGResimProbe: Warning: [Warning][ResimProbe.Chaos] requests=70 grants=70 refused=0 refusedPerMille=0 repeat=0 clamped=0 depthMin=6 depthMax=8
LogOGResimProbe: Warning: [Warning][ResimProbe.Apply] prepares=70 finishes=70 abandoned=0 stuck=0 replayTicks=544 replayOverruns=0 freshProtects=30 staleProtects=1
LogOGResimProbe: Warning: [Warning][ResimProbe.Frame] role=Client simTicks=120 frames=200 meanTicksPerFrameX100=60 p50=1 p99=1 max=1 meanFrameUs=9999
LogOGResimProbe: Warning: [Warning][ResimProbe.Frame] role=Client cadence dFrame1=40 dFrame0=0 dFrameGt1=80 discont=0 numSteps total=120 max=1 gt1=0
LogOGRelayProbe: Warning: [Warning][RelayProbe.Arrival] samples=120 gapCaptureTicks p50=2 p99=4 max=4 noAdvance=0 saturated=0 lostCaptureTicksX1000=13 lost=3 delivered=215 expected=218 discont=0 discontMax=0
LogOGResimProbe: Warning: [Warning][ResimProbe.Landing] class=LocallyPredicted behind=60 atFrontier=0 discarded=0 atFrontierPerMille=0 windowSamples=120
LogOGResimProbe: Warning: [Warning][ResimProbe.Landing] class=RemoteProxy behind=60 atFrontier=0 discarded=0 atFrontierPerMille=0 windowSamples=120
LogOGDivergenceProbe: Warning: [Warning][DivergenceProbe.Window] class=LocallyPredicted corrections=60 disagreed=60 ratePerMille=1000 windowSamples=120
LogOGDivergenceProbe: Warning: [Warning][DivergenceProbe.Window] class=RemoteProxy corrections=60 disagreed=60 ratePerMille=1000 windowSamples=120
LogOGRelayProbe: Warning: [Warning][RelayProbe.Read] window=[18193,18313] src=Prediction hit=42 miss=78 verifyFail=0 rung0=0 total=120
LogOGRelayProbe: Warning: [Warning][RelayProbe.Read] window=[18193,18313] src=Resim hit=438 miss=53 verifyFail=0 rung0=0 total=491
LogOGRelayProbe: Warning: [Warning][RelayProbe.Miss] window=[18193,18313] src=Prediction inSpan=0 aboveNewest=78 belowOldest=0 noProbeTick=0 miss=78
LogOGRelayProbe: Warning: [Warning][RelayProbe.Miss] window=[18193,18313] src=Resim inSpan=0 aboveNewest=53 belowOldest=0 noProbeTick=0 miss=53
LogOGRelayProbe: Warning: [Warning][RelayProbe.Delta] window=[18193,18313] src=Prediction n=120 p10=-1 p50=1 p90=3 min=-3 max=5 satLow=0 satHigh=0
LogOGRelayProbe: Warning: [Warning][RelayProbe.Delta] window=[18193,18313] src=Resim n=491 p10=-6 p50=-3 p90=1 min=-8 max=3 satLow=0 satHigh=0
LogOGRelayProbe: Warning: [Warning][RelayProbe.Stale] window=[18193,18313] maxConsecutiveFallbackRun=20 id=28415
LogOGResimProbe: Warning: [Warning][ResimProbe.Gate] checks=120 declined=55 requested=65 requestedPerMille=542 deepSkips=0 survivingAnchors=0
LogOGResimProbe: Warning: [Warning][ResimProbe.Chaos] requests=66 grants=66 refused=0 refusedPerMille=0 repeat=0 clamped=0 depthMin=5 depthMax=8
LogOGResimProbe: Warning: [Warning][ResimProbe.Apply] prepares=66 finishes=66 abandoned=0 stuck=0 replayTicks=509 replayOverruns=0 freshProtects=34 staleProtects=0
LogOGResimProbe: Warning: [Warning][ResimProbe.Frame] role=Client simTicks=120 frames=200 meanTicksPerFrameX100=60 p50=1 p99=1 max=1 meanFrameUs=10000
LogOGResimProbe: Warning: [Warning][ResimProbe.Frame] role=Client cadence dFrame1=40 dFrame0=0 dFrameGt1=80 discont=0 numSteps total=120 max=1 gt1=0
LogOGResimProbe: Warning: [Warning][ResimProbe.Landing] class=LocallyPredicted behind=60 atFrontier=0 discarded=0 atFrontierPerMille=0 windowSamples=120
LogOGResimProbe: Warning: [Warning][ResimProbe.Landing] class=RemoteProxy behind=60 atFrontier=0 discarded=0 atFrontierPerMille=0 windowSamples=120
LogOGDivergenceProbe: Warning: [Warning][DivergenceProbe.Window] class=LocallyPredicted corrections=60 disagreed=60 ratePerMille=1000 windowSamples=120
LogOGDivergenceProbe: Warning: [Warning][DivergenceProbe.Window] class=RemoteProxy corrections=60 disagreed=60 ratePerMille=1000 windowSamples=120
LogOGRelayProbe: Warning: [Warning][RelayProbe.Read] window=[18313,18433] src=Prediction hit=31 miss=89 verifyFail=0 rung0=0 total=120
LogOGRelayProbe: Warning: [Warning][RelayProbe.Read] window=[18313,18433] src=Resim hit=426 miss=71 verifyFail=0 rung0=0 total=497
LogOGRelayProbe: Warning: [Warning][RelayProbe.Miss] window=[18313,18433] src=Prediction inSpan=0 aboveNewest=89 belowOldest=0 noProbeTick=0 miss=89
LogOGRelayProbe: Warning: [Warning][RelayProbe.Miss] window=[18313,18433] src=Resim inSpan=5 aboveNewest=66 belowOldest=0 noProbeTick=0 miss=71
LogOGRelayProbe: Warning: [Warning][RelayProbe.Delta] window=[18313,18433] src=Prediction n=120 p10=0 p50=1 p90=3 min=-1 max=4 satLow=0 satHigh=0
LogOGRelayProbe: Warning: [Warning][RelayProbe.Delta] window=[18313,18433] src=Resim n=497 p10=-5 p50=-2 p90=1 min=-8 max=3 satLow=0 satHigh=0
LogOGRelayProbe: Warning: [Warning][RelayProbe.Stale] window=[18313,18433] maxConsecutiveFallbackRun=16 id=28415
LogOGResimProbe: Warning: [Warning][ResimProbe.Gate] checks=120 declined=53 requested=67 requestedPerMille=558 deepSkips=0 survivingAnchors=0
LogOGResimProbe: Warning: [Warning][ResimProbe.Chaos] requests=66 grants=66 refused=0 refusedPerMille=0 repeat=0 clamped=0 depthMin=5 depthMax=8
LogOGResimProbe: Warning: [Warning][ResimProbe.Apply] prepares=66 finishes=66 abandoned=0 stuck=0 replayTicks=514 replayOverruns=0 freshProtects=40 staleProtects=0
LogOGRelayProbe: Warning: [Warning][RelayProbe.Arrival] samples=120 gapCaptureTicks p50=2 p99=3 max=4 noAdvance=0 saturated=0 lostCaptureTicksX1000=14 lost=3 delivered=202 expected=205 discont=0 discontMax=0
LogOGResimProbe: Warning: [Warning][ResimProbe.Frame] role=Client simTicks=120 frames=201 meanTicksPerFrameX100=59 p50=1 p99=1 max=1 meanFrameUs=10000
LogOGResimProbe: Warning: [Warning][ResimProbe.Frame] role=Client cadence dFrame1=39 dFrame0=0 dFrameGt1=81 discont=0 numSteps total=120 max=1 gt1=0
LogOGResimProbe: Warning: [Warning][ResimProbe.Landing] class=LocallyPredicted behind=60 atFrontier=0 discarded=0 atFrontierPerMille=0 windowSamples=120
LogOGResimProbe: Warning: [Warning][ResimProbe.Landing] class=RemoteProxy behind=60 atFrontier=0 discarded=0 atFrontierPerMille=0 windowSamples=120
LogOGDivergenceProbe: Warning: [Warning][DivergenceProbe.Window] class=LocallyPredicted corrections=60 disagreed=60 ratePerMille=1000 windowSamples=120
LogOGDivergenceProbe: Warning: [Warning][DivergenceProbe.Window] class=RemoteProxy corrections=60 disagreed=60 ratePerMille=1000 windowSamples=120
LogOGRelayProbe: Warning: [Warning][RelayProbe.Read] window=[18433,18553] src=Prediction hit=39 miss=81 verifyFail=0 rung0=0 total=120
LogOGRelayProbe: Warning: [Warning][RelayProbe.Read] window=[18433,18553] src=Resim hit=384 miss=73 verifyFail=0 rung0=0 total=457
LogOGRelayProbe: Warning: [Warning][RelayProbe.Miss] window=[18433,18553] src=Prediction inSpan=0 aboveNewest=81 belowOldest=0 noProbeTick=0 miss=81
LogOGRelayProbe: Warning: [Warning][RelayProbe.Miss] window=[18433,18553] src=Resim inSpan=5 aboveNewest=68 belowOldest=0 noProbeTick=0 miss=73
LogOGRelayProbe: Warning: [Warning][RelayProbe.Delta] window=[18433,18553] src=Prediction n=120 p10=-1 p50=1 p90=3 min=-3 max=5 satLow=0 satHigh=0
LogOGRelayProbe: Warning: [Warning][RelayProbe.Delta] window=[18433,18553] src=Resim n=457 p10=-6 p50=-2 p90=1 min=-8 max=4 satLow=0 satHigh=0
LogOGRelayProbe: Warning: [Warning][RelayProbe.Stale] window=[18433,18553] maxConsecutiveFallbackRun=16 id=28415
LogOGResimProbe: Warning: [Warning][ResimProbe.Gate] checks=120 declined=56 requested=64 requestedPerMille=533 deepSkips=0 survivingAnchors=0
LogOGResimProbe: Warning: [Warning][ResimProbe.Chaos] requests=64 grants=64 refused=0 refusedPerMille=0 repeat=0 clamped=0 depthMin=5 depthMax=9
LogOGResimProbe: Warning: [Warning][ResimProbe.Apply] prepares=64 finishes=64 abandoned=0 stuck=0 replayTicks=484 replayOverruns=0 freshProtects=33 staleProtects=0
LogOGResimProbe: Warning: [Warning][ResimProbe.Frame] role=Client simTicks=120 frames=199 meanTicksPerFrameX100=60 p50=1 p99=1 max=1 meanFrameUs=10001
LogOGResimProbe: Warning: [Warning][ResimProbe.Frame] role=Client cadence dFrame1=41 dFrame0=0 dFrameGt1=79 discont=0 numSteps total=120 max=1 gt1=0
LogOGResimProbe: Warning: [Warning][ResimProbe.Landing] class=LocallyPredicted behind=61 atFrontier=0 discarded=0 atFrontierPerMille=0 windowSamples=120
LogOGResimProbe: Warning: [Warning][ResimProbe.Landing] class=RemoteProxy behind=59 atFrontier=0 discarded=0 atFrontierPerMille=0 windowSamples=120
LogOGDivergenceProbe: Warning: [Warning][DivergenceProbe.Window] class=LocallyPredicted corrections=61 disagreed=61 ratePerMille=1000 windowSamples=120
LogOGDivergenceProbe: Warning: [Warning][DivergenceProbe.Window] class=RemoteProxy corrections=59 disagreed=59 ratePerMille=1000 windowSamples=120
LogOGRelayProbe: Warning: [Warning][RelayProbe.Arrival] samples=120 gapCaptureTicks p50=2 p99=4 max=5 noAdvance=0 saturated=0 lostCaptureTicksX1000=13 lost=3 delivered=218 expected=221 discont=0 discontMax=0
LogOGRelayProbe: Warning: [Warning][RelayProbe.Read] window=[18553,18673] src=Prediction hit=35 miss=85 verifyFail=0 rung0=0 total=120
LogOGRelayProbe: Warning: [Warning][RelayProbe.Read] window=[18553,18673] src=Resim hit=435 miss=70 verifyFail=0 rung0=0 total=505
LogOGRelayProbe: Warning: [Warning][RelayProbe.Miss] window=[18553,18673] src=Prediction inSpan=0 aboveNewest=85 belowOldest=0 noProbeTick=0 miss=85
LogOGRelayProbe: Warning: [Warning][RelayProbe.Miss] window=[18553,18673] src=Resim inSpan=3 aboveNewest=67 belowOldest=0 noProbeTick=0 miss=70
LogOGRelayProbe: Warning: [Warning][RelayProbe.Delta] window=[18553,18673] src=Prediction n=120 p10=0 p50=1 p90=3 min=-2 max=5 satLow=0 satHigh=0
LogOGRelayProbe: Warning: [Warning][RelayProbe.Delta] window=[18553,18673] src=Resim n=505 p10=-6 p50=-2 p90=1 min=-8 max=3 satLow=0 satHigh=0
LogOGRelayProbe: Warning: [Warning][RelayProbe.Stale] window=[18553,18673] maxConsecutiveFallbackRun=9 id=28415
LogOGResimProbe: Warning: [Warning][ResimProbe.Gate] checks=120 declined=54 requested=66 requestedPerMille=550 deepSkips=0 survivingAnchors=0
LogOGResimProbe: Warning: [Warning][ResimProbe.Chaos] requests=67 grants=67 refused=0 refusedPerMille=0 repeat=0 clamped=0 depthMin=5 depthMax=9
LogOGResimProbe: Warning: [Warning][ResimProbe.Apply] prepares=67 finishes=67 abandoned=0 stuck=0 replayTicks=519 replayOverruns=0 freshProtects=36 staleProtects=0
LogOGResimProbe: Warning: [Warning][ResimProbe.Frame] role=Client simTicks=120 frames=200 meanTicksPerFrameX100=60 p50=1 p99=1 max=1 meanFrameUs=10009
LogOGResimProbe: Warning: [Warning][ResimProbe.Frame] role=Client cadence dFrame1=40 dFrame0=0 dFrameGt1=80 discont=0 numSteps total=120 max=1 gt1=0
LogOGResimProbe: Warning: [Warning][ResimProbe.Landing] class=LocallyPredicted behind=60 atFrontier=0 discarded=0 atFrontierPerMille=0 windowSamples=120
LogOGResimProbe: Warning: [Warning][ResimProbe.Landing] class=RemoteProxy behind=60 atFrontier=0 discarded=0 atFrontierPerMille=0 windowSamples=120
LogOGDivergenceProbe: Warning: [Warning][DivergenceProbe.Window] class=LocallyPredicted corrections=60 disagreed=60 ratePerMille=1000 windowSamples=120
LogOGDivergenceProbe: Warning: [Warning][DivergenceProbe.Window] class=RemoteProxy corrections=60 disagreed=60 ratePerMille=1000 windowSamples=120
LogOGRelayProbe: Warning: [Warning][RelayProbe.Read] window=[18673,18793] src=Prediction hit=44 miss=76 verifyFail=0 rung0=0 total=120
LogOGRelayProbe: Warning: [Warning][RelayProbe.Read] window=[18673,18793] src=Resim hit=434 miss=59 verifyFail=0 rung0=0 total=493
LogOGRelayProbe: Warning: [Warning][RelayProbe.Miss] window=[18673,18793] src=Prediction inSpan=0 aboveNewest=76 belowOldest=0 noProbeTick=0 miss=76
LogOGRelayProbe: Warning: [Warning][RelayProbe.Miss] window=[18673,18793] src=Resim inSpan=0 aboveNewest=59 belowOldest=0 noProbeTick=0 miss=59
LogOGRelayProbe: Warning: [Warning][RelayProbe.Delta] window=[18673,18793] src=Prediction n=120 p10=-1 p50=1 p90=3 min=-2 max=4 satLow=0 satHigh=0
LogOGRelayProbe: Warning: [Warning][RelayProbe.Delta] window=[18673,18793] src=Resim n=493 p10=-6 p50=-3 p90=1 min=-8 max=3 satLow=0 satHigh=0
LogOGRelayProbe: Warning: [Warning][RelayProbe.Stale] window=[18673,18793] maxConsecutiveFallbackRun=12 id=28415
LogOGResimProbe: Warning: [Warning][ResimProbe.Gate] checks=120 declined=53 requested=67 requestedPerMille=558 deepSkips=0 survivingAnchors=0
LogOGResimProbe: Warning: [Warning][ResimProbe.Chaos] requests=67 grants=67 refused=0 refusedPerMille=0 repeat=0 clamped=0 depthMin=5 depthMax=8
LogOGResimProbe: Warning: [Warning][ResimProbe.Apply] prepares=67 finishes=67 abandoned=0 stuck=0 replayTicks=514 replayOverruns=0 freshProtects=34 staleProtects=0
LogOGResimProbe: Warning: [Warning][ResimProbe.Frame] role=Client simTicks=120 frames=200 meanTicksPerFrameX100=60 p50=1 p99=1 max=1 meanFrameUs=10000
LogOGResimProbe: Warning: [Warning][ResimProbe.Frame] role=Client cadence dFrame1=40 dFrame0=0 dFrameGt1=80 discont=0 numSteps total=120 max=1 gt1=0
LogOGRelayProbe: Warning: [Warning][RelayProbe.Arrival] samples=120 gapCaptureTicks p50=2 p99=4 max=5 noAdvance=0 saturated=0 lostCaptureTicksX1000=13 lost=3 delivered=216 expected=219 discont=0 discontMax=0
LogOGResimProbe: Warning: [Warning][ResimProbe.Landing] class=LocallyPredicted behind=60 atFrontier=0 discarded=0 atFrontierPerMille=0 windowSamples=120
LogOGResimProbe: Warning: [Warning][ResimProbe.Landing] class=RemoteProxy behind=60 atFrontier=0 discarded=0 atFrontierPerMille=0 windowSamples=120
LogOGDivergenceProbe: Warning: [Warning][DivergenceProbe.Window] class=LocallyPredicted corrections=60 disagreed=60 ratePerMille=1000 windowSamples=120
LogOGDivergenceProbe: Warning: [Warning][DivergenceProbe.Window] class=RemoteProxy corrections=60 disagreed=60 ratePerMille=1000 windowSamples=120
LogOGRelayProbe: Warning: [Warning][RelayProbe.Read] window=[18793,18913] src=Prediction hit=43 miss=77 verifyFail=0 rung0=0 total=120
LogOGRelayProbe: Warning: [Warning][RelayProbe.Read] window=[18793,18913] src=Resim hit=417 miss=73 verifyFail=0 rung0=0 total=490
LogOGRelayProbe: Warning: [Warning][RelayProbe.Miss] window=[18793,18913] src=Prediction inSpan=2 aboveNewest=75 belowOldest=0 noProbeTick=0 miss=77
LogOGRelayProbe: Warning: [Warning][RelayProbe.Miss] window=[18793,18913] src=Resim inSpan=10 aboveNewest=63 belowOldest=0 noProbeTick=0 miss=73
LogOGRelayProbe: Warning: [Warning][RelayProbe.Delta] window=[18793,18913] src=Prediction n=120 p10=-1 p50=1 p90=3 min=-3 max=4 satLow=0 satHigh=0
LogOGRelayProbe: Warning: [Warning][RelayProbe.Delta] window=[18793,18913] src=Resim n=490 p10=-6 p50=-3 p90=1 min=-10 max=3 satLow=0 satHigh=0
LogOGRelayProbe: Warning: [Warning][RelayProbe.Stale] window=[18793,18913] maxConsecutiveFallbackRun=22 id=28415
LogOGResimProbe: Warning: [Warning][ResimProbe.Gate] checks=120 declined=55 requested=65 requestedPerMille=542 deepSkips=0 survivingAnchors=0
LogOGResimProbe: Warning: [Warning][ResimProbe.Chaos] requests=65 grants=65 refused=0 refusedPerMille=0 repeat=0 clamped=0 depthMin=5 depthMax=8
LogOGResimProbe: Warning: [Warning][ResimProbe.Apply] prepares=65 finishes=65 abandoned=0 stuck=0 replayTicks=507 replayOverruns=0 freshProtects=31 staleProtects=1
LogOGResimProbe: Warning: [Warning][ResimProbe.Frame] role=Client simTicks=120 frames=200 meanTicksPerFrameX100=60 p50=1 p99=1 max=1 meanFrameUs=10000
LogOGResimProbe: Warning: [Warning][ResimProbe.Frame] role=Client cadence dFrame1=40 dFrame0=0 dFrameGt1=80 discont=0 numSteps total=120 max=1 gt1=0
LogOGResimProbe: Warning: [Warning][ResimProbe.Landing] class=LocallyPredicted behind=60 atFrontier=0 discarded=0 atFrontierPerMille=0 windowSamples=120
LogOGResimProbe: Warning: [Warning][ResimProbe.Landing] class=RemoteProxy behind=60 atFrontier=0 discarded=0 atFrontierPerMille=0 windowSamples=120
LogOGDivergenceProbe: Warning: [Warning][DivergenceProbe.Window] class=LocallyPredicted corrections=60 disagreed=60 ratePerMille=1000 windowSamples=120
LogOGDivergenceProbe: Warning: [Warning][DivergenceProbe.Window] class=RemoteProxy corrections=60 disagreed=60 ratePerMille=1000 windowSamples=120
LogOGRelayProbe: Warning: [Warning][RelayProbe.Read] window=[18913,19033] src=Prediction hit=45 miss=75 verifyFail=0 rung0=0 total=120
LogOGRelayProbe: Warning: [Warning][RelayProbe.Read] window=[18913,19033] src=Resim hit=419 miss=48 verifyFail=0 rung0=0 total=467
LogOGRelayProbe: Warning: [Warning][RelayProbe.Miss] window=[18913,19033] src=Prediction inSpan=0 aboveNewest=75 belowOldest=0 noProbeTick=0 miss=75
LogOGRelayProbe: Warning: [Warning][RelayProbe.Miss] window=[18913,19033] src=Resim inSpan=0 aboveNewest=48 belowOldest=0 noProbeTick=0 miss=48
LogOGRelayProbe: Warning: [Warning][RelayProbe.Delta] window=[18913,19033] src=Prediction n=120 p10=-1 p50=1 p90=3 min=-2 max=5 satLow=0 satHigh=0
LogOGRelayProbe: Warning: [Warning][RelayProbe.Delta] window=[18913,19033] src=Resim n=467 p10=-6 p50=-3 p90=1 min=-8 max=3 satLow=0 satHigh=0
LogOGRelayProbe: Warning: [Warning][RelayProbe.Stale] window=[18913,19033] maxConsecutiveFallbackRun=24 id=28415
LogOGResimProbe: Warning: [Warning][ResimProbe.Gate] checks=120 declined=55 requested=65 requestedPerMille=542 deepSkips=0 survivingAnchors=0
LogOGResimProbe: Warning: [Warning][ResimProbe.Chaos] requests=65 grants=65 refused=0 refusedPerMille=0 repeat=0 clamped=0 depthMin=4 depthMax=8
LogOGResimProbe: Warning: [Warning][ResimProbe.Apply] prepares=65 finishes=65 abandoned=0 stuck=0 replayTicks=478 replayOverruns=0 freshProtects=36 staleProtects=0
LogOGResimProbe: Warning: [Warning][ResimProbe.Frame] role=Client simTicks=120 frames=201 meanTicksPerFrameX100=59 p50=1 p99=1 max=1 meanFrameUs=9999
LogOGResimProbe: Warning: [Warning][ResimProbe.Frame] role=Client cadence dFrame1=39 dFrame0=0 dFrameGt1=81 discont=0 numSteps total=120 max=1 gt1=0
LogOGRelayProbe: Warning: [Warning][RelayProbe.Arrival] samples=120 gapCaptureTicks p50=2 p99=4 max=4 noAdvance=0 saturated=0 lostCaptureTicksX1000=0 lost=0 delivered=224 expected=224 discont=0 discontMax=0
LogOGResimProbe: Warning: [Warning][ResimProbe.Landing] class=LocallyPredicted behind=60 atFrontier=0 discarded=0 atFrontierPerMille=0 windowSamples=120
LogOGResimProbe: Warning: [Warning][ResimProbe.Landing] class=RemoteProxy behind=60 atFrontier=0 discarded=0 atFrontierPerMille=0 windowSamples=120
LogOGDivergenceProbe: Warning: [Warning][DivergenceProbe.Window] class=LocallyPredicted corrections=60 disagreed=60 ratePerMille=1000 windowSamples=120
LogOGDivergenceProbe: Warning: [Warning][DivergenceProbe.Window] class=RemoteProxy corrections=60 disagreed=60 ratePerMille=1000 windowSamples=120
LogOGRelayProbe: Warning: [Warning][RelayProbe.Read] window=[19033,19153] src=Prediction hit=55 miss=65 verifyFail=0 rung0=0 total=120
LogOGRelayProbe: Warning: [Warning][RelayProbe.Read] window=[19033,19153] src=Resim hit=373 miss=51 verifyFail=0 rung0=0 total=424
LogOGRelayProbe: Warning: [Warning][RelayProbe.Miss] window=[19033,19153] src=Prediction inSpan=0 aboveNewest=65 belowOldest=0 noProbeTick=0 miss=65
LogOGRelayProbe: Warning: [Warning][RelayProbe.Miss] window=[19033,19153] src=Resim inSpan=0 aboveNewest=51 belowOldest=0 noProbeTick=0 miss=51
LogOGRelayProbe: Warning: [Warning][RelayProbe.Delta] window=[19033,19153] src=Prediction n=120 p10=-2 p50=1 p90=2 min=-3 max=4 satLow=0 satHigh=0
LogOGRelayProbe: Warning: [Warning][RelayProbe.Delta] window=[19033,19153] src=Resim n=424 p10=-6 p50=-3 p90=1 min=-8 max=3 satLow=0 satHigh=0
LogOGRelayProbe: Warning: [Warning][RelayProbe.Stale] window=[19033,19153] maxConsecutiveFallbackRun=13 id=28415
LogOGResimProbe: Warning: [Warning][ResimProbe.Gate] checks=120 declined=59 requested=61 requestedPerMille=508 deepSkips=0 survivingAnchors=0
LogOGResimProbe: Warning: [Warning][ResimProbe.Chaos] requests=60 grants=60 refused=0 refusedPerMille=0 repeat=0 clamped=0 depthMin=5 depthMax=8
LogOGResimProbe: Warning: [Warning][ResimProbe.Apply] prepares=60 finishes=60 abandoned=0 stuck=0 replayTicks=439 replayOverruns=0 freshProtects=39 staleProtects=0
LogOGResimProbe: Warning: [Warning][ResimProbe.Frame] role=Client simTicks=120 frames=198 meanTicksPerFrameX100=60 p50=1 p99=1 max=1 meanFrameUs=10000
LogOGResimProbe: Warning: [Warning][ResimProbe.Frame] role=Client cadence dFrame1=42 dFrame0=0 dFrameGt1=78 discont=0 numSteps total=120 max=1 gt1=0
LogOGResimProbe: Warning: [Warning][ResimProbe.Landing] class=LocallyPredicted behind=60 atFrontier=0 discarded=0 atFrontierPerMille=0 windowSamples=120
LogOGResimProbe: Warning: [Warning][ResimProbe.Landing] class=RemoteProxy behind=60 atFrontier=0 discarded=0 atFrontierPerMille=0 windowSamples=120
LogOGDivergenceProbe: Warning: [Warning][DivergenceProbe.Window] class=LocallyPredicted corrections=60 disagreed=60 ratePerMille=1000 windowSamples=120
LogOGDivergenceProbe: Warning: [Warning][DivergenceProbe.Window] class=RemoteProxy corrections=60 disagreed=60 ratePerMille=1000 windowSamples=120
LogOGRelayProbe: Warning: [Warning][RelayProbe.Read] window=[19153,19273] src=Prediction hit=47 miss=73 verifyFail=0 rung0=0 total=120
LogOGRelayProbe: Warning: [Warning][RelayProbe.Read] window=[19153,19273] src=Resim hit=423 miss=39 verifyFail=0 rung0=0 total=462
LogOGRelayProbe: Warning: [Warning][RelayProbe.Miss] window=[19153,19273] src=Prediction inSpan=0 aboveNewest=73 belowOldest=0 noProbeTick=0 miss=73
LogOGRelayProbe: Warning: [Warning][RelayProbe.Miss] window=[19153,19273] src=Resim inSpan=2 aboveNewest=37 belowOldest=0 noProbeTick=0 miss=39
LogOGRelayProbe: Warning: [Warning][RelayProbe.Delta] window=[19153,19273] src=Prediction n=120 p10=-1 p50=1 p90=2 min=-2 max=4 satLow=0 satHigh=0
LogOGRelayProbe: Warning: [Warning][RelayProbe.Delta] window=[19153,19273] src=Resim n=462 p10=-6 p50=-3 p90=0 min=-8 max=3 satLow=0 satHigh=0
LogOGRelayProbe: Warning: [Warning][RelayProbe.Stale] window=[19153,19273] maxConsecutiveFallbackRun=15 id=28415
LogOGResimProbe: Warning: [Warning][ResimProbe.Gate] checks=120 declined=57 requested=63 requestedPerMille=525 deepSkips=0 survivingAnchors=0
LogOGResimProbe: Warning: [Warning][ResimProbe.Chaos] requests=63 grants=63 refused=0 refusedPerMille=0 repeat=0 clamped=0 depthMin=5 depthMax=8
LogOGResimProbe: Warning: [Warning][ResimProbe.Apply] prepares=63 finishes=63 abandoned=0 stuck=0 replayTicks=484 replayOverruns=0 freshProtects=37 staleProtects=0
LogOGResimProbe: Warning: [Warning][ResimProbe.Frame] role=Client simTicks=120 frames=201 meanTicksPerFrameX100=59 p50=1 p99=1 max=1 meanFrameUs=9999
LogOGResimProbe: Warning: [Warning][ResimProbe.Frame] role=Client cadence dFrame1=39 dFrame0=0 dFrameGt1=81 discont=0 numSteps total=120 max=1 gt1=0
LogOGRelayProbe: Warning: [Warning][RelayProbe.Arrival] samples=120 gapCaptureTicks p50=2 p99=4 max=4 noAdvance=0 saturated=0 lostCaptureTicksX1000=4 lost=1 delivered=222 expected=223 discont=0 discontMax=0
LogOGResimProbe: Warning: [Warning][ResimProbe.Landing] class=LocallyPredicted behind=59 atFrontier=0 discarded=0 atFrontierPerMille=0 windowSamples=120
LogOGResimProbe: Warning: [Warning][ResimProbe.Landing] class=RemoteProxy behind=61 atFrontier=0 discarded=0 atFrontierPerMille=0 windowSamples=120
LogOGDivergenceProbe: Warning: [Warning][DivergenceProbe.Window] class=LocallyPredicted corrections=59 disagreed=59 ratePerMille=1000 windowSamples=120
LogOGDivergenceProbe: Warning: [Warning][DivergenceProbe.Window] class=RemoteProxy corrections=61 disagreed=61 ratePerMille=1000 windowSamples=120
LogOGRelayProbe: Warning: [Warning][RelayProbe.Read] window=[19273,19393] src=Prediction hit=42 miss=78 verifyFail=0 rung0=0 total=120
LogOGRelayProbe: Warning: [Warning][RelayProbe.Read] window=[19273,19393] src=Resim hit=402 miss=52 verifyFail=0 rung0=0 total=454
LogOGRelayProbe: Warning: [Warning][RelayProbe.Miss] window=[19273,19393] src=Prediction inSpan=0 aboveNewest=78 belowOldest=0 noProbeTick=0 miss=78
LogOGRelayProbe: Warning: [Warning][RelayProbe.Miss] window=[19273,19393] src=Resim inSpan=0 aboveNewest=52 belowOldest=0 noProbeTick=0 miss=52
LogOGRelayProbe: Warning: [Warning][RelayProbe.Delta] window=[19273,19393] src=Prediction n=120 p10=-1 p50=1 p90=3 min=-3 max=5 satLow=0 satHigh=0
LogOGRelayProbe: Warning: [Warning][RelayProbe.Delta] window=[19273,19393] src=Resim n=454 p10=-6 p50=-3 p90=1 min=-8 max=4 satLow=0 satHigh=0
LogOGRelayProbe: Warning: [Warning][RelayProbe.Stale] window=[19273,19393] maxConsecutiveFallbackRun=15 id=28415
LogOGResimProbe: Warning: [Warning][ResimProbe.Gate] checks=120 declined=58 requested=62 requestedPerMille=517 deepSkips=0 survivingAnchors=0
LogOGResimProbe: Warning: [Warning][ResimProbe.Chaos] requests=63 grants=63 refused=0 refusedPerMille=0 repeat=0 clamped=0 depthMin=5 depthMax=8
LogOGResimProbe: Warning: [Warning][ResimProbe.Apply] prepares=63 finishes=63 abandoned=0 stuck=0 replayTicks=478 replayOverruns=0 freshProtects=35 staleProtects=0
LogOGResimProbe: Warning: [Warning][ResimProbe.Frame] role=Client simTicks=120 frames=200 meanTicksPerFrameX100=60 p50=1 p99=1 max=1 meanFrameUs=10000
LogOGResimProbe: Warning: [Warning][ResimProbe.Frame] role=Client cadence dFrame1=40 dFrame0=0 dFrameGt1=80 discont=0 numSteps total=120 max=1 gt1=0
LogOGResimProbe: Warning: [Warning][ResimProbe.Landing] class=LocallyPredicted behind=60 atFrontier=0 discarded=0 atFrontierPerMille=0 windowSamples=120
LogOGResimProbe: Warning: [Warning][ResimProbe.Landing] class=RemoteProxy behind=60 atFrontier=0 discarded=0 atFrontierPerMille=0 windowSamples=120
LogOGDivergenceProbe: Warning: [Warning][DivergenceProbe.Window] class=LocallyPredicted corrections=60 disagreed=60 ratePerMille=1000 windowSamples=120
LogOGDivergenceProbe: Warning: [Warning][DivergenceProbe.Window] class=RemoteProxy corrections=60 disagreed=60 ratePerMille=1000 windowSamples=120
LogOGRelayProbe: Warning: [Warning][RelayProbe.Read] window=[19393,19513] src=Prediction hit=55 miss=65 verifyFail=0 rung0=0 total=120
LogOGRelayProbe: Warning: [Warning][RelayProbe.Read] window=[19393,19513] src=Resim hit=409 miss=40 verifyFail=0 rung0=0 total=449
LogOGRelayProbe: Warning: [Warning][RelayProbe.Miss] window=[19393,19513] src=Prediction inSpan=0 aboveNewest=65 belowOldest=0 noProbeTick=0 miss=65
LogOGRelayProbe: Warning: [Warning][RelayProbe.Miss] window=[19393,19513] src=Resim inSpan=0 aboveNewest=40 belowOldest=0 noProbeTick=0 miss=40
LogOGRelayProbe: Warning: [Warning][RelayProbe.Delta] window=[19393,19513] src=Prediction n=120 p10=-1 p50=1 p90=3 min=-2 max=3 satLow=0 satHigh=0
LogOGRelayProbe: Warning: [Warning][RelayProbe.Delta] window=[19393,19513] src=Resim n=449 p10=-6 p50=-3 p90=0 min=-8 max=3 satLow=0 satHigh=0
LogOGRelayProbe: Warning: [Warning][RelayProbe.Stale] window=[19393,19513] maxConsecutiveFallbackRun=9 id=28415
LogOGResimProbe: Warning: [Warning][ResimProbe.Gate] checks=120 declined=56 requested=64 requestedPerMille=533 deepSkips=0 survivingAnchors=0
LogOGResimProbe: Warning: [Warning][ResimProbe.Chaos] requests=64 grants=64 refused=0 refusedPerMille=0 repeat=0 clamped=0 depthMin=4 depthMax=8
LogOGResimProbe: Warning: [Warning][ResimProbe.Apply] prepares=64 finishes=64 abandoned=0 stuck=0 replayTicks=469 replayOverruns=0 freshProtects=37 staleProtects=0
LogOGResimProbe: Warning: [Warning][ResimProbe.Frame] role=Client simTicks=120 frames=200 meanTicksPerFrameX100=60 p50=1 p99=1 max=1 meanFrameUs=9999
LogOGResimProbe: Warning: [Warning][ResimProbe.Frame] role=Client cadence dFrame1=40 dFrame0=0 dFrameGt1=80 discont=0 numSteps total=120 max=1 gt1=0
LogOGRelayProbe: Warning: [Warning][RelayProbe.Arrival] samples=120 gapCaptureTicks p50=2 p99=4 max=4 noAdvance=0 saturated=0 lostCaptureTicksX1000=0 lost=0 delivered=225 expected=225 discont=0 discontMax=0
LogOGResimProbe: Warning: [Warning][ResimProbe.Landing] class=LocallyPredicted behind=60 atFrontier=0 discarded=0 atFrontierPerMille=0 windowSamples=120
LogOGResimProbe: Warning: [Warning][ResimProbe.Landing] class=RemoteProxy behind=60 atFrontier=0 discarded=0 atFrontierPerMille=0 windowSamples=120
LogOGDivergenceProbe: Warning: [Warning][DivergenceProbe.Window] class=LocallyPredicted corrections=60 disagreed=60 ratePerMille=1000 windowSamples=120
LogOGDivergenceProbe: Warning: [Warning][DivergenceProbe.Window] class=RemoteProxy corrections=60 disagreed=60 ratePerMille=1000 windowSamples=120
LogOGRelayProbe: Warning: [Warning][RelayProbe.Read] window=[19513,19633] src=Prediction hit=49 miss=71 verifyFail=0 rung0=0 total=120
LogOGRelayProbe: Warning: [Warning][RelayProbe.Read] window=[19513,19633] src=Resim hit=432 miss=45 verifyFail=0 rung0=0 total=477
LogOGRelayProbe: Warning: [Warning][RelayProbe.Miss] window=[19513,19633] src=Prediction inSpan=0 aboveNewest=71 belowOldest=0 noProbeTick=0 miss=71
LogOGRelayProbe: Warning: [Warning][RelayProbe.Miss] window=[19513,19633] src=Resim inSpan=0 aboveNewest=45 belowOldest=0 noProbeTick=0 miss=45
LogOGRelayProbe: Warning: [Warning][RelayProbe.Delta] window=[19513,19633] src=Prediction n=120 p10=-1 p50=1 p90=3 min=-2 max=4 satLow=0 satHigh=0
LogOGRelayProbe: Warning: [Warning][RelayProbe.Delta] window=[19513,19633] src=Resim n=477 p10=-6 p50=-3 p90=0 min=-8 max=4 satLow=0 satHigh=0
LogOGRelayProbe: Warning: [Warning][RelayProbe.Stale] window=[19513,19633] maxConsecutiveFallbackRun=10 id=28415
LogOGResimProbe: Warning: [Warning][ResimProbe.Gate] checks=120 declined=53 requested=67 requestedPerMille=558 deepSkips=0 survivingAnchors=0
LogOGResimProbe: Warning: [Warning][ResimProbe.Chaos] requests=66 grants=66 refused=0 refusedPerMille=0 repeat=0 clamped=0 depthMin=5 depthMax=8
LogOGResimProbe: Warning: [Warning][ResimProbe.Apply] prepares=66 finishes=66 abandoned=0 stuck=0 replayTicks=491 replayOverruns=0 freshProtects=38 staleProtects=0
LogOGResimProbe: Warning: [Warning][ResimProbe.Frame] role=Client simTicks=120 frames=199 meanTicksPerFrameX100=60 p50=1 p99=1 max=1 meanFrameUs=10000
LogOGResimProbe: Warning: [Warning][ResimProbe.Frame] role=Client cadence dFrame1=41 dFrame0=0 dFrameGt1=79 discont=0 numSteps total=120 max=1 gt1=0
LogOGResimProbe: Warning: [Warning][ResimProbe.Landing] class=LocallyPredicted behind=60 atFrontier=0 discarded=0 atFrontierPerMille=0 windowSamples=120
LogOGResimProbe: Warning: [Warning][ResimProbe.Landing] class=RemoteProxy behind=60 atFrontier=0 discarded=0 atFrontierPerMille=0 windowSamples=120
LogOGDivergenceProbe: Warning: [Warning][DivergenceProbe.Window] class=LocallyPredicted corrections=60 disagreed=60 ratePerMille=1000 windowSamples=120
LogOGDivergenceProbe: Warning: [Warning][DivergenceProbe.Window] class=RemoteProxy corrections=60 disagreed=60 ratePerMille=1000 windowSamples=120
LogOGRelayProbe: Warning: [Warning][RelayProbe.Read] window=[19633,19753] src=Prediction hit=38 miss=82 verifyFail=0 rung0=0 total=120
LogOGRelayProbe: Warning: [Warning][RelayProbe.Read] window=[19633,19753] src=Resim hit=416 miss=58 verifyFail=0 rung0=0 total=474
LogOGRelayProbe: Warning: [Warning][RelayProbe.Miss] window=[19633,19753] src=Prediction inSpan=0 aboveNewest=82 belowOldest=0 noProbeTick=0 miss=82
LogOGRelayProbe: Warning: [Warning][RelayProbe.Miss] window=[19633,19753] src=Resim inSpan=0 aboveNewest=58 belowOldest=0 noProbeTick=0 miss=58
LogOGRelayProbe: Warning: [Warning][RelayProbe.Delta] window=[19633,19753] src=Prediction n=120 p10=-1 p50=1 p90=3 min=-2 max=4 satLow=0 satHigh=0
LogOGRelayProbe: Warning: [Warning][RelayProbe.Delta] window=[19633,19753] src=Resim n=474 p10=-6 p50=-3 p90=1 min=-8 max=4 satLow=0 satHigh=0
LogOGRelayProbe: Warning: [Warning][RelayProbe.Stale] window=[19633,19753] maxConsecutiveFallbackRun=16 id=28415
LogOGResimProbe: Warning: [Warning][ResimProbe.Gate] checks=120 declined=58 requested=62 requestedPerMille=517 deepSkips=0 survivingAnchors=0
LogOGResimProbe: Warning: [Warning][ResimProbe.Chaos] requests=63 grants=63 refused=0 refusedPerMille=0 repeat=0 clamped=0 depthMin=4 depthMax=8
LogOGResimProbe: Warning: [Warning][ResimProbe.Apply] prepares=63 finishes=63 abandoned=0 stuck=0 replayTicks=480 replayOverruns=0 freshProtects=31 staleProtects=0
LogOGResimProbe: Warning: [Warning][ResimProbe.Frame] role=Client simTicks=120 frames=200 meanTicksPerFrameX100=60 p50=1 p99=1 max=1 meanFrameUs=9999
LogOGResimProbe: Warning: [Warning][ResimProbe.Frame] role=Client cadence dFrame1=40 dFrame0=0 dFrameGt1=80 discont=0 numSteps total=120 max=1 gt1=0
LogOGRelayProbe: Warning: [Warning][RelayProbe.Arrival] samples=120 gapCaptureTicks p50=2 p99=4 max=5 noAdvance=0 saturated=0 lostCaptureTicksX1000=0 lost=0 delivered=234 expected=234 discont=0 discontMax=0
LogOGResimProbe: Warning: [Warning][ResimProbe.Landing] class=LocallyPredicted behind=61 atFrontier=0 discarded=0 atFrontierPerMille=0 windowSamples=120
LogOGResimProbe: Warning: [Warning][ResimProbe.Landing] class=RemoteProxy behind=59 atFrontier=0 discarded=0 atFrontierPerMille=0 windowSamples=120
LogOGDivergenceProbe: Warning: [Warning][DivergenceProbe.Window] class=LocallyPredicted corrections=61 disagreed=61 ratePerMille=1000 windowSamples=120
LogOGDivergenceProbe: Warning: [Warning][DivergenceProbe.Window] class=RemoteProxy corrections=59 disagreed=59 ratePerMille=1000 windowSamples=120
LogOGRelayProbe: Warning: [Warning][RelayProbe.Read] window=[19753,19873] src=Prediction hit=31 miss=89 verifyFail=0 rung0=0 total=120
LogOGRelayProbe: Warning: [Warning][RelayProbe.Read] window=[19753,19873] src=Resim hit=440 miss=76 verifyFail=0 rung0=0 total=516
LogOGRelayProbe: Warning: [Warning][RelayProbe.Miss] window=[19753,19873] src=Prediction inSpan=0 aboveNewest=89 belowOldest=0 noProbeTick=0 miss=89
LogOGRelayProbe: Warning: [Warning][RelayProbe.Miss] window=[19753,19873] src=Resim inSpan=5 aboveNewest=71 belowOldest=0 noProbeTick=0 miss=76
LogOGRelayProbe: Warning: [Warning][RelayProbe.Delta] window=[19753,19873] src=Prediction n=120 p10=0 p50=1 p90=3 min=-2 max=4 satLow=0 satHigh=0
LogOGRelayProbe: Warning: [Warning][RelayProbe.Delta] window=[19753,19873] src=Resim n=516 p10=-6 p50=-2 p90=1 min=-8 max=4 satLow=0 satHigh=0
LogOGRelayProbe: Warning: [Warning][RelayProbe.Stale] window=[19753,19873] maxConsecutiveFallbackRun=14 id=28415
LogOGResimProbe: Warning: [Warning][ResimProbe.Gate] checks=120 declined=52 requested=68 requestedPerMille=567 deepSkips=0 survivingAnchors=0
LogOGResimProbe: Warning: [Warning][ResimProbe.Chaos] requests=67 grants=67 refused=0 refusedPerMille=0 repeat=0 clamped=0 depthMin=5 depthMax=9
LogOGResimProbe: Warning: [Warning][ResimProbe.Apply] prepares=67 finishes=67 abandoned=0 stuck=0 replayTicks=537 replayOverruns=0 freshProtects=40 staleProtects=0
LogOGResimProbe: Warning: [Warning][ResimProbe.Frame] role=Client simTicks=120 frames=201 meanTicksPerFrameX100=59 p50=1 p99=1 max=1 meanFrameUs=10000
LogOGResimProbe: Warning: [Warning][ResimProbe.Frame] role=Client cadence dFrame1=39 dFrame0=0 dFrameGt1=81 discont=0 numSteps total=120 max=1 gt1=0
LogOGResimProbe: Warning: [Warning][ResimProbe.Landing] class=LocallyPredicted behind=60 atFrontier=0 discarded=0 atFrontierPerMille=0 windowSamples=120
LogOGResimProbe: Warning: [Warning][ResimProbe.Landing] class=RemoteProxy behind=60 atFrontier=0 discarded=0 atFrontierPerMille=0 windowSamples=120
LogOGDivergenceProbe: Warning: [Warning][DivergenceProbe.Window] class=LocallyPredicted corrections=60 disagreed=60 ratePerMille=1000 windowSamples=120
LogOGDivergenceProbe: Warning: [Warning][DivergenceProbe.Window] class=RemoteProxy corrections=60 disagreed=60 ratePerMille=1000 windowSamples=120
LogOGRelayProbe: Warning: [Warning][RelayProbe.Read] window=[19873,19993] src=Prediction hit=43 miss=77 verifyFail=0 rung0=0 total=120
LogOGRelayProbe: Warning: [Warning][RelayProbe.Read] window=[19873,19993] src=Resim hit=447 miss=60 verifyFail=0 rung0=0 total=507
LogOGRelayProbe: Warning: [Warning][RelayProbe.Miss] window=[19873,19993] src=Prediction inSpan=0 aboveNewest=77 belowOldest=0 noProbeTick=0 miss=77
LogOGRelayProbe: Warning: [Warning][RelayProbe.Miss] window=[19873,19993] src=Resim inSpan=0 aboveNewest=60 belowOldest=0 noProbeTick=0 miss=60
LogOGRelayProbe: Warning: [Warning][RelayProbe.Delta] window=[19873,19993] src=Prediction n=120 p10=-1 p50=1 p90=3 min=-2 max=4 satLow=0 satHigh=0
LogOGRelayProbe: Warning: [Warning][RelayProbe.Delta] window=[19873,19993] src=Resim n=507 p10=-6 p50=-3 p90=1 min=-8 max=3 satLow=0 satHigh=0
LogOGRelayProbe: Warning: [Warning][RelayProbe.Stale] window=[19873,19993] maxConsecutiveFallbackRun=10 id=28415
LogOGResimProbe: Warning: [Warning][ResimProbe.Gate] checks=120 declined=51 requested=69 requestedPerMille=575 deepSkips=0 survivingAnchors=0
LogOGResimProbe: Warning: [Warning][ResimProbe.Chaos] requests=70 grants=67 refused=3 refusedPerMille=43 repeat=3 clamped=0 depthMin=5 depthMax=8
LogOGResimProbe: Warning: [Warning][ResimProbe.Apply] prepares=67 finishes=67 abandoned=0 stuck=0 replayTicks=534 replayOverruns=0 freshProtects=37 staleProtects=0
LogOGResimProbe: Warning: [Warning][ResimProbe.Frame] role=Client simTicks=120 frames=200 meanTicksPerFrameX100=60 p50=1 p99=1 max=1 meanFrameUs=10000
LogOGResimProbe: Warning: [Warning][ResimProbe.Frame] role=Client cadence dFrame1=40 dFrame0=0 dFrameGt1=80 discont=0 numSteps total=120 max=1 gt1=0
LogOGRelayProbe: Warning: [Warning][RelayProbe.Arrival] samples=120 gapCaptureTicks p50=2 p99=4 max=5 noAdvance=0 saturated=0 lostCaptureTicksX1000=8 lost=2 delivered=237 expected=239 discont=0 discontMax=0
LogOGResimProbe: Warning: [Warning][ResimProbe.Landing] class=LocallyPredicted behind=60 atFrontier=0 discarded=0 atFrontierPerMille=0 windowSamples=120
LogOGResimProbe: Warning: [Warning][ResimProbe.Landing] class=RemoteProxy behind=60 atFrontier=0 discarded=0 atFrontierPerMille=0 windowSamples=120
LogOGDivergenceProbe: Warning: [Warning][DivergenceProbe.Window] class=LocallyPredicted corrections=60 disagreed=60 ratePerMille=1000 windowSamples=120
LogOGDivergenceProbe: Warning: [Warning][DivergenceProbe.Window] class=RemoteProxy corrections=60 disagreed=60 ratePerMille=1000 windowSamples=120
LogOGRelayProbe: Warning: [Warning][RelayProbe.Read] window=[19993,20113] src=Prediction hit=28 miss=92 verifyFail=0 rung0=0 total=120
LogOGRelayProbe: Warning: [Warning][RelayProbe.Read] window=[19993,20113] src=Resim hit=460 miss=70 verifyFail=0 rung0=0 total=530
LogOGRelayProbe: Warning: [Warning][RelayProbe.Miss] window=[19993,20113] src=Prediction inSpan=0 aboveNewest=92 belowOldest=0 noProbeTick=0 miss=92
LogOGRelayProbe: Warning: [Warning][RelayProbe.Miss] window=[19993,20113] src=Resim inSpan=0 aboveNewest=70 belowOldest=0 noProbeTick=0 miss=70
LogOGRelayProbe: Warning: [Warning][RelayProbe.Delta] window=[19993,20113] src=Prediction n=120 p10=0 p50=1 p90=3 min=-1 max=4 satLow=0 satHigh=0
LogOGRelayProbe: Warning: [Warning][RelayProbe.Delta] window=[19993,20113] src=Resim n=530 p10=-6 p50=-2 p90=1 min=-8 max=3 satLow=0 satHigh=0
LogOGRelayProbe: Warning: [Warning][RelayProbe.Stale] window=[19993,20113] maxConsecutiveFallbackRun=17 id=28415
LogOGResimProbe: Warning: [Warning][ResimProbe.Gate] checks=120 declined=50 requested=70 requestedPerMille=583 deepSkips=0 survivingAnchors=0
LogOGResimProbe: Warning: [Warning][ResimProbe.Chaos] requests=69 grants=69 refused=0 refusedPerMille=0 repeat=0 clamped=0 depthMin=5 depthMax=8
LogOGResimProbe: Warning: [Warning][ResimProbe.Apply] prepares=69 finishes=69 abandoned=0 stuck=0 replayTicks=539 replayOverruns=0 freshProtects=34 staleProtects=0
LogOGResimProbe: Warning: [Warning][ResimProbe.Frame] role=Client simTicks=120 frames=199 meanTicksPerFrameX100=60 p50=1 p99=1 max=1 meanFrameUs=10000
LogOGResimProbe: Warning: [Warning][ResimProbe.Frame] role=Client cadence dFrame1=41 dFrame0=0 dFrameGt1=79 discont=0 numSteps total=120 max=1 gt1=0
LogOGResimProbe: Warning: [Warning][ResimProbe.Landing] class=LocallyPredicted behind=59 atFrontier=0 discarded=0 atFrontierPerMille=0 windowSamples=120
LogOGResimProbe: Warning: [Warning][ResimProbe.Landing] class=RemoteProxy behind=61 atFrontier=0 discarded=0 atFrontierPerMille=0 windowSamples=120
LogOGDivergenceProbe: Warning: [Warning][DivergenceProbe.Window] class=LocallyPredicted corrections=59 disagreed=59 ratePerMille=1000 windowSamples=120
LogOGDivergenceProbe: Warning: [Warning][DivergenceProbe.Window] class=RemoteProxy corrections=61 disagreed=61 ratePerMille=1000 windowSamples=120
LogOGRelayProbe: Warning: [Warning][RelayProbe.Read] window=[20113,20233] src=Prediction hit=35 miss=85 verifyFail=0 rung0=0 total=120
LogOGRelayProbe: Warning: [Warning][RelayProbe.Read] window=[20113,20233] src=Resim hit=417 miss=62 verifyFail=0 rung0=0 total=479
LogOGRelayProbe: Warning: [Warning][RelayProbe.Miss] window=[20113,20233] src=Prediction inSpan=0 aboveNewest=85 belowOldest=0 noProbeTick=0 miss=85
LogOGRelayProbe: Warning: [Warning][RelayProbe.Miss] window=[20113,20233] src=Resim inSpan=1 aboveNewest=61 belowOldest=0 noProbeTick=0 miss=62
LogOGRelayProbe: Warning: [Warning][RelayProbe.Delta] window=[20113,20233] src=Prediction n=120 p10=0 p50=1 p90=3 min=-1 max=5 satLow=0 satHigh=0
LogOGRelayProbe: Warning: [Warning][RelayProbe.Delta] window=[20113,20233] src=Resim n=479 p10=-6 p50=-2 p90=1 min=-7 max=4 satLow=0 satHigh=0
LogOGRelayProbe: Warning: [Warning][RelayProbe.Stale] window=[20113,20233] maxConsecutiveFallbackRun=13 id=28415
LogOGResimProbe: Warning: [Warning][ResimProbe.Gate] checks=120 declined=55 requested=65 requestedPerMille=542 deepSkips=0 survivingAnchors=0
LogOGResimProbe: Warning: [Warning][ResimProbe.Chaos] requests=65 grants=65 refused=0 refusedPerMille=0 repeat=0 clamped=0 depthMin=5 depthMax=8
LogOGResimProbe: Warning: [Warning][ResimProbe.Apply] prepares=65 finishes=65 abandoned=0 stuck=0 replayTicks=496 replayOverruns=0 freshProtects=38 staleProtects=0
LogOGRelayProbe: Warning: [Warning][RelayProbe.Arrival] samples=120 gapCaptureTicks p50=2 p99=5 max=5 noAdvance=0 saturated=0 lostCaptureTicksX1000=4 lost=1 delivered=237 expected=238 discont=0 discontMax=0
LogOGResimProbe: Warning: [Warning][ResimProbe.Frame] role=Client simTicks=120 frames=201 meanTicksPerFrameX100=59 p50=1 p99=1 max=1 meanFrameUs=10000
LogOGResimProbe: Warning: [Warning][ResimProbe.Frame] role=Client cadence dFrame1=39 dFrame0=0 dFrameGt1=81 discont=0 numSteps total=120 max=1 gt1=0
LogOGResimProbe: Warning: [Warning][ResimProbe.Landing] class=LocallyPredicted behind=61 atFrontier=0 discarded=0 atFrontierPerMille=0 windowSamples=120
LogOGResimProbe: Warning: [Warning][ResimProbe.Landing] class=RemoteProxy behind=59 atFrontier=0 discarded=0 atFrontierPerMille=0 windowSamples=120
LogOGDivergenceProbe: Warning: [Warning][DivergenceProbe.Window] class=LocallyPredicted corrections=61 disagreed=61 ratePerMille=1000 windowSamples=120
LogOGDivergenceProbe: Warning: [Warning][DivergenceProbe.Window] class=RemoteProxy corrections=59 disagreed=59 ratePerMille=1000 windowSamples=120
LogOGRelayProbe: Warning: [Warning][RelayProbe.Read] window=[20233,20353] src=Prediction hit=36 miss=84 verifyFail=0 rung0=0 total=120
LogOGRelayProbe: Warning: [Warning][RelayProbe.Read] window=[20233,20353] src=Resim hit=373 miss=59 verifyFail=0 rung0=0 total=432
LogOGRelayProbe: Warning: [Warning][RelayProbe.Miss] window=[20233,20353] src=Prediction inSpan=0 aboveNewest=84 belowOldest=0 noProbeTick=0 miss=84
LogOGRelayProbe: Warning: [Warning][RelayProbe.Miss] window=[20233,20353] src=Resim inSpan=4 aboveNewest=55 belowOldest=0 noProbeTick=0 miss=59
LogOGRelayProbe: Warning: [Warning][RelayProbe.Delta] window=[20233,20353] src=Prediction n=120 p10=-1 p50=1 p90=3 min=-2 max=4 satLow=0 satHigh=0
LogOGRelayProbe: Warning: [Warning][RelayProbe.Delta] window=[20233,20353] src=Resim n=432 p10=-6 p50=-3 p90=1 min=-8 max=4 satLow=0 satHigh=0
LogOGRelayProbe: Warning: [Warning][RelayProbe.Stale] window=[20233,20353] maxConsecutiveFallbackRun=10 id=28415
LogOGResimProbe: Warning: [Warning][ResimProbe.Gate] checks=120 declined=62 requested=58 requestedPerMille=483 deepSkips=0 survivingAnchors=0
LogOGResimProbe: Warning: [Warning][ResimProbe.Chaos] requests=58 grants=58 refused=0 refusedPerMille=0 repeat=0 clamped=0 depthMin=5 depthMax=8
LogOGResimProbe: Warning: [Warning][ResimProbe.Apply] prepares=58 finishes=58 abandoned=0 stuck=0 replayTicks=449 replayOverruns=0 freshProtects=38 staleProtects=0
LogOGResimProbe: Warning: [Warning][ResimProbe.Frame] role=Client simTicks=120 frames=201 meanTicksPerFrameX100=59 p50=1 p99=1 max=1 meanFrameUs=9999
LogOGResimProbe: Warning: [Warning][ResimProbe.Frame] role=Client cadence dFrame1=39 dFrame0=0 dFrameGt1=81 discont=0 numSteps total=120 max=1 gt1=0
LogOGResimProbe: Warning: [Warning][ResimProbe.Landing] class=LocallyPredicted behind=59 atFrontier=0 discarded=0 atFrontierPerMille=0 windowSamples=120
LogOGResimProbe: Warning: [Warning][ResimProbe.Landing] class=RemoteProxy behind=61 atFrontier=0 discarded=0 atFrontierPerMille=0 windowSamples=120
LogOGDivergenceProbe: Warning: [Warning][DivergenceProbe.Window] class=LocallyPredicted corrections=59 disagreed=59 ratePerMille=1000 windowSamples=120
LogOGDivergenceProbe: Warning: [Warning][DivergenceProbe.Window] class=RemoteProxy corrections=61 disagreed=61 ratePerMille=1000 windowSamples=120
LogOGRelayProbe: Warning: [Warning][RelayProbe.Read] window=[20353,20473] src=Prediction hit=45 miss=75 verifyFail=0 rung0=0 total=120
LogOGRelayProbe: Warning: [Warning][RelayProbe.Read] window=[20353,20473] src=Resim hit=456 miss=53 verifyFail=0 rung0=0 total=509
LogOGRelayProbe: Warning: [Warning][RelayProbe.Miss] window=[20353,20473] src=Prediction inSpan=0 aboveNewest=75 belowOldest=0 noProbeTick=0 miss=75
LogOGRelayProbe: Warning: [Warning][RelayProbe.Miss] window=[20353,20473] src=Resim inSpan=3 aboveNewest=50 belowOldest=0 noProbeTick=0 miss=53
LogOGRelayProbe: Warning: [Warning][RelayProbe.Delta] window=[20353,20473] src=Prediction n=120 p10=-1 p50=1 p90=3 min=-1 max=4 satLow=0 satHigh=0
LogOGRelayProbe: Warning: [Warning][RelayProbe.Delta] window=[20353,20473] src=Resim n=509 p10=-6 p50=-3 p90=0 min=-8 max=3 satLow=0 satHigh=0
LogOGRelayProbe: Warning: [Warning][RelayProbe.Stale] window=[20353,20473] maxConsecutiveFallbackRun=12 id=28415
LogOGResimProbe: Warning: [Warning][ResimProbe.Gate] checks=120 declined=51 requested=69 requestedPerMille=575 deepSkips=0 survivingAnchors=0
LogOGResimProbe: Warning: [Warning][ResimProbe.Chaos] requests=69 grants=69 refused=0 refusedPerMille=0 repeat=0 clamped=0 depthMin=5 depthMax=8
LogOGResimProbe: Warning: [Warning][ResimProbe.Apply] prepares=69 finishes=69 abandoned=0 stuck=0 replayTicks=530 replayOverruns=0 freshProtects=37 staleProtects=0
LogOGRelayProbe: Warning: [Warning][RelayProbe.Arrival] samples=120 gapCaptureTicks p50=2 p99=4 max=5 noAdvance=0 saturated=0 lostCaptureTicksX1000=17 lost=4 delivered=225 expected=229 discont=0 discontMax=0
LogOGResimProbe: Warning: [Warning][ResimProbe.Frame] role=Client simTicks=120 frames=199 meanTicksPerFrameX100=60 p50=1 p99=1 max=1 meanFrameUs=9999
LogOGResimProbe: Warning: [Warning][ResimProbe.Frame] role=Client cadence dFrame1=41 dFrame0=0 dFrameGt1=79 discont=0 numSteps total=120 max=1 gt1=0
LogOGResimProbe: Warning: [Warning][ResimProbe.Landing] class=LocallyPredicted behind=61 atFrontier=0 discarded=0 atFrontierPerMille=0 windowSamples=120
LogOGResimProbe: Warning: [Warning][ResimProbe.Landing] class=RemoteProxy behind=59 atFrontier=0 discarded=0 atFrontierPerMille=0 windowSamples=120
LogOGDivergenceProbe: Warning: [Warning][DivergenceProbe.Window] class=LocallyPredicted corrections=61 disagreed=61 ratePerMille=1000 windowSamples=120
LogOGDivergenceProbe: Warning: [Warning][DivergenceProbe.Window] class=RemoteProxy corrections=59 disagreed=59 ratePerMille=1000 windowSamples=120
LogOGRelayProbe: Warning: [Warning][RelayProbe.Read] window=[20473,20593] src=Prediction hit=28 miss=92 verifyFail=0 rung0=0 total=120
LogOGRelayProbe: Warning: [Warning][RelayProbe.Read] window=[20473,20593] src=Resim hit=336 miss=72 verifyFail=0 rung0=0 total=408
LogOGRelayProbe: Warning: [Warning][RelayProbe.Miss] window=[20473,20593] src=Prediction inSpan=0 aboveNewest=92 belowOldest=0 noProbeTick=0 miss=92
LogOGRelayProbe: Warning: [Warning][RelayProbe.Miss] window=[20473,20593] src=Resim inSpan=1 aboveNewest=71 belowOldest=0 noProbeTick=0 miss=72
LogOGRelayProbe: Warning: [Warning][RelayProbe.Delta] window=[20473,20593] src=Prediction n=120 p10=0 p50=1 p90=3 min=-2 max=6 satLow=0 satHigh=0
LogOGRelayProbe: Warning: [Warning][RelayProbe.Delta] window=[20473,20593] src=Resim n=408 p10=-5 p50=-2 p90=1 min=-7 max=5 satLow=0 satHigh=0
LogOGRelayProbe: Warning: [Warning][RelayProbe.Stale] window=[20473,20593] maxConsecutiveFallbackRun=21 id=28415
LogOGResimProbe: Warning: [Warning][ResimProbe.Gate] checks=120 declined=60 requested=60 requestedPerMille=500 deepSkips=0 survivingAnchors=0
LogOGResimProbe: Warning: [Warning][ResimProbe.Chaos] requests=60 grants=60 refused=0 refusedPerMille=0 repeat=0 clamped=0 depthMin=5 depthMax=8
LogOGResimProbe: Warning: [Warning][ResimProbe.Apply] prepares=60 finishes=60 abandoned=0 stuck=0 replayTicks=439 replayOverruns=0 freshProtects=38 staleProtects=0
LogOGResimProbe: Warning: [Warning][ResimProbe.Frame] role=Client simTicks=120 frames=200 meanTicksPerFrameX100=60 p50=1 p99=1 max=1 meanFrameUs=10000
LogOGResimProbe: Warning: [Warning][ResimProbe.Frame] role=Client cadence dFrame1=40 dFrame0=0 dFrameGt1=80 discont=0 numSteps total=120 max=1 gt1=0
LogOGResimProbe: Warning: [Warning][ResimProbe.Landing] class=LocallyPredicted behind=60 atFrontier=0 discarded=0 atFrontierPerMille=0 windowSamples=120
LogOGResimProbe: Warning: [Warning][ResimProbe.Landing] class=RemoteProxy behind=60 atFrontier=0 discarded=0 atFrontierPerMille=0 windowSamples=120
LogOGDivergenceProbe: Warning: [Warning][DivergenceProbe.Window] class=LocallyPredicted corrections=60 disagreed=60 ratePerMille=1000 windowSamples=120
LogOGDivergenceProbe: Warning: [Warning][DivergenceProbe.Window] class=RemoteProxy corrections=60 disagreed=60 ratePerMille=1000 windowSamples=120
LogOGRelayProbe: Warning: [Warning][RelayProbe.Read] window=[20593,20713] src=Prediction hit=50 miss=70 verifyFail=0 rung0=0 total=120
LogOGRelayProbe: Warning: [Warning][RelayProbe.Read] window=[20593,20713] src=Resim hit=410 miss=51 verifyFail=0 rung0=0 total=461
LogOGRelayProbe: Warning: [Warning][RelayProbe.Miss] window=[20593,20713] src=Prediction inSpan=0 aboveNewest=70 belowOldest=0 noProbeTick=0 miss=70
LogOGRelayProbe: Warning: [Warning][RelayProbe.Miss] window=[20593,20713] src=Resim inSpan=0 aboveNewest=51 belowOldest=0 noProbeTick=0 miss=51
LogOGRelayProbe: Warning: [Warning][RelayProbe.Delta] window=[20593,20713] src=Prediction n=120 p10=-1 p50=1 p90=3 min=-3 max=4 satLow=0 satHigh=0
LogOGRelayProbe: Warning: [Warning][RelayProbe.Delta] window=[20593,20713] src=Resim n=461 p10=-6 p50=-3 p90=1 min=-8 max=3 satLow=0 satHigh=0
LogOGRelayProbe: Warning: [Warning][RelayProbe.Stale] window=[20593,20713] maxConsecutiveFallbackRun=17 id=28415
LogOGResimProbe: Warning: [Warning][ResimProbe.Gate] checks=120 declined=54 requested=66 requestedPerMille=550 deepSkips=0 survivingAnchors=0
LogOGResimProbe: Warning: [Warning][ResimProbe.Chaos] requests=67 grants=65 refused=2 refusedPerMille=30 repeat=2 clamped=0 depthMin=5 depthMax=9
LogOGResimProbe: Warning: [Warning][ResimProbe.Apply] prepares=65 finishes=65 abandoned=0 stuck=0 replayTicks=485 replayOverruns=0 freshProtects=38 staleProtects=0
LogOGRelayProbe: Warning: [Warning][RelayProbe.Arrival] samples=120 gapCaptureTicks p50=2 p99=4 max=5 noAdvance=0 saturated=0 lostCaptureTicksX1000=4 lost=1 delivered=219 expected=220 discont=0 discontMax=0
LogOGResimProbe: Warning: [Warning][ResimProbe.Frame] role=Client simTicks=120 frames=200 meanTicksPerFrameX100=60 p50=1 p99=1 max=1 meanFrameUs=10001
LogOGResimProbe: Warning: [Warning][ResimProbe.Frame] role=Client cadence dFrame1=40 dFrame0=0 dFrameGt1=80 discont=0 numSteps total=120 max=1 gt1=0
LogOGResimProbe: Warning: [Warning][ResimProbe.Landing] class=LocallyPredicted behind=60 atFrontier=0 discarded=0 atFrontierPerMille=0 windowSamples=120
LogOGResimProbe: Warning: [Warning][ResimProbe.Landing] class=RemoteProxy behind=60 atFrontier=0 discarded=0 atFrontierPerMille=0 windowSamples=120
LogOGDivergenceProbe: Warning: [Warning][DivergenceProbe.Window] class=LocallyPredicted corrections=60 disagreed=60 ratePerMille=1000 windowSamples=120
LogOGDivergenceProbe: Warning: [Warning][DivergenceProbe.Window] class=RemoteProxy corrections=60 disagreed=60 ratePerMille=1000 windowSamples=120
LogOGRelayProbe: Warning: [Warning][RelayProbe.Read] window=[20713,20833] src=Prediction hit=26 miss=94 verifyFail=0 rung0=0 total=120
LogOGRelayProbe: Warning: [Warning][RelayProbe.Read] window=[20713,20833] src=Resim hit=397 miss=68 verifyFail=0 rung0=0 total=465
LogOGRelayProbe: Warning: [Warning][RelayProbe.Miss] window=[20713,20833] src=Prediction inSpan=0 aboveNewest=94 belowOldest=0 noProbeTick=0 miss=94
LogOGRelayProbe: Warning: [Warning][RelayProbe.Miss] window=[20713,20833] src=Resim inSpan=2 aboveNewest=66 belowOldest=0 noProbeTick=0 miss=68
LogOGRelayProbe: Warning: [Warning][RelayProbe.Delta] window=[20713,20833] src=Prediction n=120 p10=0 p50=1 p90=3 min=-2 max=4 satLow=0 satHigh=0
LogOGRelayProbe: Warning: [Warning][RelayProbe.Delta] window=[20713,20833] src=Resim n=465 p10=-5 p50=-2 p90=1 min=-9 max=3 satLow=0 satHigh=0
LogOGRelayProbe: Warning: [Warning][RelayProbe.Stale] window=[20713,20833] maxConsecutiveFallbackRun=31 id=28415
LogOGResimProbe: Warning: [Warning][ResimProbe.Gate] checks=120 declined=58 requested=62 requestedPerMille=517 deepSkips=0 survivingAnchors=0
LogOGResimProbe: Warning: [Warning][ResimProbe.Chaos] requests=61 grants=61 refused=0 refusedPerMille=0 repeat=0 clamped=0 depthMin=5 depthMax=8
LogOGResimProbe: Warning: [Warning][ResimProbe.Apply] prepares=61 finishes=61 abandoned=0 stuck=0 replayTicks=479 replayOverruns=0 freshProtects=37 staleProtects=1
LogOGResimProbe: Warning: [Warning][ResimProbe.Frame] role=Client simTicks=120 frames=201 meanTicksPerFrameX100=59 p50=1 p99=1 max=1 meanFrameUs=9998
LogOGResimProbe: Warning: [Warning][ResimProbe.Frame] role=Client cadence dFrame1=39 dFrame0=0 dFrameGt1=81 discont=0 numSteps total=120 max=1 gt1=0
LogOGRelayProbe: Warning: [Warning][RelayProbe.Arrival] samples=120 gapCaptureTicks p50=2 p99=4 max=5 noAdvance=0 saturated=0 lostCaptureTicksX1000=14 lost=3 delivered=211 expected=214 discont=0 discontMax=0
LogOGResimProbe: Warning: [Warning][ResimProbe.Landing] class=LocallyPredicted behind=60 atFrontier=0 discarded=0 atFrontierPerMille=0 windowSamples=120
LogOGResimProbe: Warning: [Warning][ResimProbe.Landing] class=RemoteProxy behind=60 atFrontier=0 discarded=0 atFrontierPerMille=0 windowSamples=120
LogOGDivergenceProbe: Warning: [Warning][DivergenceProbe.Window] class=LocallyPredicted corrections=60 disagreed=60 ratePerMille=1000 windowSamples=120
LogOGDivergenceProbe: Warning: [Warning][DivergenceProbe.Window] class=RemoteProxy corrections=60 disagreed=60 ratePerMille=1000 windowSamples=120
LogOGRelayProbe: Warning: [Warning][RelayProbe.Read] window=[20833,20953] src=Prediction hit=42 miss=78 verifyFail=0 rung0=0 total=120
LogOGRelayProbe: Warning: [Warning][RelayProbe.Read] window=[20833,20953] src=Resim hit=374 miss=47 verifyFail=0 rung0=0 total=421
LogOGRelayProbe: Warning: [Warning][RelayProbe.Miss] window=[20833,20953] src=Prediction inSpan=0 aboveNewest=78 belowOldest=0 noProbeTick=0 miss=78
LogOGRelayProbe: Warning: [Warning][RelayProbe.Miss] window=[20833,20953] src=Resim inSpan=4 aboveNewest=43 belowOldest=0 noProbeTick=0 miss=47
LogOGRelayProbe: Warning: [Warning][RelayProbe.Delta] window=[20833,20953] src=Prediction n=120 p10=-1 p50=1 p90=3 min=-2 max=6 satLow=0 satHigh=0
LogOGRelayProbe: Warning: [Warning][RelayProbe.Delta] window=[20833,20953] src=Resim n=421 p10=-6 p50=-3 p90=1 min=-8 max=4 satLow=0 satHigh=0
LogOGRelayProbe: Warning: [Warning][RelayProbe.Stale] window=[20833,20953] maxConsecutiveFallbackRun=12 id=28415
LogOGResimProbe: Warning: [Warning][ResimProbe.Gate] checks=120 declined=56 requested=64 requestedPerMille=533 deepSkips=0 survivingAnchors=0
LogOGResimProbe: Warning: [Warning][ResimProbe.Chaos] requests=64 grants=60 refused=4 refusedPerMille=63 repeat=4 clamped=0 depthMin=5 depthMax=8
LogOGResimProbe: Warning: [Warning][ResimProbe.Apply] prepares=60 finishes=60 abandoned=0 stuck=0 replayTicks=438 replayOverruns=0 freshProtects=38 staleProtects=0
LogOGResimProbe: Warning: [Warning][ResimProbe.Frame] role=Client simTicks=120 frames=199 meanTicksPerFrameX100=60 p50=1 p99=1 max=1 meanFrameUs=10000
LogOGResimProbe: Warning: [Warning][ResimProbe.Frame] role=Client cadence dFrame1=41 dFrame0=0 dFrameGt1=79 discont=0 numSteps total=120 max=1 gt1=0
LogOGResimProbe: Warning: [Warning][ResimProbe.Landing] class=LocallyPredicted behind=60 atFrontier=0 discarded=0 atFrontierPerMille=0 windowSamples=120
LogOGResimProbe: Warning: [Warning][ResimProbe.Landing] class=RemoteProxy behind=60 atFrontier=0 discarded=0 atFrontierPerMille=0 windowSamples=120
LogOGDivergenceProbe: Warning: [Warning][DivergenceProbe.Window] class=LocallyPredicted corrections=60 disagreed=60 ratePerMille=1000 windowSamples=120
LogOGDivergenceProbe: Warning: [Warning][DivergenceProbe.Window] class=RemoteProxy corrections=60 disagreed=60 ratePerMille=1000 windowSamples=120
LogOGRelayProbe: Warning: [Warning][RelayProbe.Read] window=[20953,21073] src=Prediction hit=28 miss=92 verifyFail=0 rung0=0 total=120
LogOGRelayProbe: Warning: [Warning][RelayProbe.Read] window=[20953,21073] src=Resim hit=418 miss=70 verifyFail=0 rung0=0 total=488
LogOGRelayProbe: Warning: [Warning][RelayProbe.Miss] window=[20953,21073] src=Prediction inSpan=0 aboveNewest=92 belowOldest=0 noProbeTick=0 miss=92
LogOGRelayProbe: Warning: [Warning][RelayProbe.Miss] window=[20953,21073] src=Resim inSpan=0 aboveNewest=70 belowOldest=0 noProbeTick=0 miss=70
LogOGRelayProbe: Warning: [Warning][RelayProbe.Delta] window=[20953,21073] src=Prediction n=120 p10=0 p50=1 p90=3 min=-2 max=4 satLow=0 satHigh=0
LogOGRelayProbe: Warning: [Warning][RelayProbe.Delta] window=[20953,21073] src=Resim n=488 p10=-6 p50=-2 p90=1 min=-8 max=4 satLow=0 satHigh=0
LogOGRelayProbe: Warning: [Warning][RelayProbe.Stale] window=[20953,21073] maxConsecutiveFallbackRun=17 id=28415
LogOGResimProbe: Warning: [Warning][ResimProbe.Gate] checks=120 declined=56 requested=64 requestedPerMille=533 deepSkips=0 survivingAnchors=0
LogOGResimProbe: Warning: [Warning][ResimProbe.Chaos] requests=64 grants=64 refused=0 refusedPerMille=0 repeat=0 clamped=0 depthMin=5 depthMax=8
LogOGResimProbe: Warning: [Warning][ResimProbe.Apply] prepares=64 finishes=64 abandoned=0 stuck=0 replayTicks=512 replayOverruns=0 freshProtects=37 staleProtects=0
LogOGResimProbe: Warning: [Warning][ResimProbe.Frame] role=Client simTicks=120 frames=200 meanTicksPerFrameX100=60 p50=1 p99=1 max=1 meanFrameUs=9999
LogOGResimProbe: Warning: [Warning][ResimProbe.Frame] role=Client cadence dFrame1=40 dFrame0=0 dFrameGt1=80 discont=0 numSteps total=120 max=1 gt1=0
LogOGRelayProbe: Warning: [Warning][RelayProbe.Arrival] samples=120 gapCaptureTicks p50=2 p99=5 max=5 noAdvance=0 saturated=0 lostCaptureTicksX1000=8 lost=2 delivered=223 expected=225 discont=0 discontMax=0
LogOGResimProbe: Warning: [Warning][ResimProbe.Landing] class=LocallyPredicted behind=59 atFrontier=0 discarded=0 atFrontierPerMille=0 windowSamples=120
LogOGResimProbe: Warning: [Warning][ResimProbe.Landing] class=RemoteProxy behind=61 atFrontier=0 discarded=0 atFrontierPerMille=0 windowSamples=120
LogOGDivergenceProbe: Warning: [Warning][DivergenceProbe.Window] class=LocallyPredicted corrections=59 disagreed=59 ratePerMille=1000 windowSamples=120
LogOGDivergenceProbe: Warning: [Warning][DivergenceProbe.Window] class=RemoteProxy corrections=61 disagreed=61 ratePerMille=1000 windowSamples=120
LogOGRelayProbe: Warning: [Warning][RelayProbe.Read] window=[21073,21193] src=Prediction hit=44 miss=76 verifyFail=0 rung0=0 total=120
LogOGRelayProbe: Warning: [Warning][RelayProbe.Read] window=[21073,21193] src=Resim hit=387 miss=70 verifyFail=0 rung0=0 total=457
LogOGRelayProbe: Warning: [Warning][RelayProbe.Miss] window=[21073,21193] src=Prediction inSpan=0 aboveNewest=76 belowOldest=0 noProbeTick=0 miss=76
LogOGRelayProbe: Warning: [Warning][RelayProbe.Miss] window=[21073,21193] src=Resim inSpan=4 aboveNewest=66 belowOldest=0 noProbeTick=0 miss=70
LogOGRelayProbe: Warning: [Warning][RelayProbe.Delta] window=[21073,21193] src=Prediction n=120 p10=-1 p50=1 p90=3 min=-3 max=5 satLow=0 satHigh=0
LogOGRelayProbe: Warning: [Warning][RelayProbe.Delta] window=[21073,21193] src=Resim n=457 p10=-5 p50=-2 p90=1 min=-8 max=5 satLow=0 satHigh=0
LogOGRelayProbe: Warning: [Warning][RelayProbe.Stale] window=[21073,21193] maxConsecutiveFallbackRun=19 id=28415
LogOGResimProbe: Warning: [Warning][ResimProbe.Gate] checks=120 declined=56 requested=64 requestedPerMille=533 deepSkips=0 survivingAnchors=0
LogOGResimProbe: Warning: [Warning][ResimProbe.Chaos] requests=64 grants=64 refused=0 refusedPerMille=0 repeat=0 clamped=0 depthMin=5 depthMax=8
LogOGResimProbe: Warning: [Warning][ResimProbe.Apply] prepares=64 finishes=64 abandoned=0 stuck=0 replayTicks=472 replayOverruns=0 freshProtects=33 staleProtects=0
LogOGResimProbe: Warning: [Warning][ResimProbe.Frame] role=Client simTicks=120 frames=200 meanTicksPerFrameX100=60 p50=1 p99=1 max=1 meanFrameUs=10000
LogOGResimProbe: Warning: [Warning][ResimProbe.Frame] role=Client cadence dFrame1=40 dFrame0=0 dFrameGt1=80 discont=0 numSteps total=120 max=1 gt1=0
LogOGResimProbe: Warning: [Warning][ResimProbe.Landing] class=LocallyPredicted behind=61 atFrontier=0 discarded=0 atFrontierPerMille=0 windowSamples=120
LogOGResimProbe: Warning: [Warning][ResimProbe.Landing] class=RemoteProxy behind=59 atFrontier=0 discarded=0 atFrontierPerMille=0 windowSamples=120
LogOGDivergenceProbe: Warning: [Warning][DivergenceProbe.Window] class=LocallyPredicted corrections=61 disagreed=61 ratePerMille=1000 windowSamples=120
LogOGDivergenceProbe: Warning: [Warning][DivergenceProbe.Window] class=RemoteProxy corrections=59 disagreed=59 ratePerMille=1000 windowSamples=120
LogOGRelayProbe: Warning: [Warning][RelayProbe.Read] window=[21193,21313] src=Prediction hit=28 miss=92 verifyFail=0 rung0=0 total=120
LogOGRelayProbe: Warning: [Warning][RelayProbe.Read] window=[21193,21313] src=Resim hit=396 miss=76 verifyFail=0 rung0=0 total=472
LogOGRelayProbe: Warning: [Warning][RelayProbe.Miss] window=[21193,21313] src=Prediction inSpan=0 aboveNewest=92 belowOldest=0 noProbeTick=0 miss=92
LogOGRelayProbe: Warning: [Warning][RelayProbe.Miss] window=[21193,21313] src=Resim inSpan=4 aboveNewest=72 belowOldest=0 noProbeTick=0 miss=76
LogOGRelayProbe: Warning: [Warning][RelayProbe.Delta] window=[21193,21313] src=Prediction n=120 p10=0 p50=1 p90=3 min=-1 max=5 satLow=0 satHigh=0
LogOGRelayProbe: Warning: [Warning][RelayProbe.Delta] window=[21193,21313] src=Resim n=472 p10=-5 p50=-2 p90=1 min=-7 max=4 satLow=0 satHigh=0
LogOGRelayProbe: Warning: [Warning][RelayProbe.Stale] window=[21193,21313] maxConsecutiveFallbackRun=14 id=28415
LogOGResimProbe: Warning: [Warning][ResimProbe.Gate] checks=120 declined=55 requested=65 requestedPerMille=542 deepSkips=0 survivingAnchors=0
LogOGResimProbe: Warning: [Warning][ResimProbe.Chaos] requests=65 grants=65 refused=0 refusedPerMille=0 repeat=0 clamped=0 depthMin=5 depthMax=8
LogOGResimProbe: Warning: [Warning][ResimProbe.Apply] prepares=65 finishes=65 abandoned=0 stuck=0 replayTicks=489 replayOverruns=0 freshProtects=37 staleProtects=0
LogOGResimProbe: Warning: [Warning][ResimProbe.Frame] role=Client simTicks=120 frames=200 meanTicksPerFrameX100=60 p50=1 p99=1 max=1 meanFrameUs=9999
LogOGResimProbe: Warning: [Warning][ResimProbe.Frame] role=Client cadence dFrame1=40 dFrame0=0 dFrameGt1=80 discont=0 numSteps total=120 max=1 gt1=0
LogOGRelayProbe: Warning: [Warning][RelayProbe.Arrival] samples=120 gapCaptureTicks p50=2 p99=4 max=6 noAdvance=0 saturated=0 lostCaptureTicksX1000=25 lost=6 delivered=229 expected=235 discont=0 discontMax=0
LogOGResimProbe: Warning: [Warning][ResimProbe.Landing] class=LocallyPredicted behind=60 atFrontier=0 discarded=0 atFrontierPerMille=0 windowSamples=120
LogOGResimProbe: Warning: [Warning][ResimProbe.Landing] class=RemoteProxy behind=60 atFrontier=0 discarded=0 atFrontierPerMille=0 windowSamples=120
LogOGDivergenceProbe: Warning: [Warning][DivergenceProbe.Window] class=LocallyPredicted corrections=60 disagreed=60 ratePerMille=1000 windowSamples=120
LogOGDivergenceProbe: Warning: [Warning][DivergenceProbe.Window] class=RemoteProxy corrections=60 disagreed=60 ratePerMille=1000 windowSamples=120
LogOGRelayProbe: Warning: [Warning][RelayProbe.Read] window=[21313,21433] src=Prediction hit=51 miss=69 verifyFail=0 rung0=0 total=120
LogOGRelayProbe: Warning: [Warning][RelayProbe.Read] window=[21313,21433] src=Resim hit=372 miss=53 verifyFail=0 rung0=0 total=425
LogOGRelayProbe: Warning: [Warning][RelayProbe.Miss] window=[21313,21433] src=Prediction inSpan=0 aboveNewest=69 belowOldest=0 noProbeTick=0 miss=69
LogOGRelayProbe: Warning: [Warning][RelayProbe.Miss] window=[21313,21433] src=Resim inSpan=11 aboveNewest=42 belowOldest=0 noProbeTick=0 miss=53
LogOGRelayProbe: Warning: [Warning][RelayProbe.Delta] window=[21313,21433] src=Prediction n=120 p10=-1 p50=1 p90=2 min=-2 max=4 satLow=0 satHigh=0
LogOGRelayProbe: Warning: [Warning][RelayProbe.Delta] window=[21313,21433] src=Resim n=425 p10=-6 p50=-3 p90=0 min=-8 max=4 satLow=0 satHigh=0
LogOGRelayProbe: Warning: [Warning][RelayProbe.Stale] window=[21313,21433] maxConsecutiveFallbackRun=5 id=28415
LogOGResimProbe: Warning: [Warning][ResimProbe.Gate] checks=120 declined=56 requested=64 requestedPerMille=533 deepSkips=0 survivingAnchors=0
LogOGResimProbe: Warning: [Warning][ResimProbe.Chaos] requests=65 grants=62 refused=3 refusedPerMille=46 repeat=3 clamped=0 depthMin=5 depthMax=8
LogOGResimProbe: Warning: [Warning][ResimProbe.Apply] prepares=62 finishes=62 abandoned=0 stuck=0 replayTicks=449 replayOverruns=0 freshProtects=34 staleProtects=1
LogOGResimProbe: Warning: [Warning][ResimProbe.Frame] role=Client simTicks=120 frames=200 meanTicksPerFrameX100=60 p50=1 p99=1 max=1 meanFrameUs=10000
LogOGResimProbe: Warning: [Warning][ResimProbe.Frame] role=Client cadence dFrame1=40 dFrame0=0 dFrameGt1=80 discont=0 numSteps total=120 max=1 gt1=0
LogOGResimProbe: Warning: [Warning][ResimProbe.Landing] class=LocallyPredicted behind=61 atFrontier=0 discarded=0 atFrontierPerMille=0 windowSamples=120
LogOGResimProbe: Warning: [Warning][ResimProbe.Landing] class=RemoteProxy behind=59 atFrontier=0 discarded=0 atFrontierPerMille=0 windowSamples=120
LogOGDivergenceProbe: Warning: [Warning][DivergenceProbe.Window] class=LocallyPredicted corrections=61 disagreed=61 ratePerMille=1000 windowSamples=120
LogOGDivergenceProbe: Warning: [Warning][DivergenceProbe.Window] class=RemoteProxy corrections=59 disagreed=59 ratePerMille=1000 windowSamples=120
LogOGRelayProbe: Warning: [Warning][RelayProbe.Read] window=[21433,21553] src=Prediction hit=52 miss=68 verifyFail=0 rung0=0 total=120
LogOGRelayProbe: Warning: [Warning][RelayProbe.Read] window=[21433,21553] src=Resim hit=392 miss=42 verifyFail=0 rung0=0 total=434
LogOGRelayProbe: Warning: [Warning][RelayProbe.Miss] window=[21433,21553] src=Prediction inSpan=0 aboveNewest=68 belowOldest=0 noProbeTick=0 miss=68
LogOGRelayProbe: Warning: [Warning][RelayProbe.Miss] window=[21433,21553] src=Resim inSpan=10 aboveNewest=32 belowOldest=0 noProbeTick=0 miss=42
LogOGRelayProbe: Warning: [Warning][RelayProbe.Delta] window=[21433,21553] src=Prediction n=120 p10=-1 p50=1 p90=2 min=-3 max=4 satLow=0 satHigh=0
LogOGRelayProbe: Warning: [Warning][RelayProbe.Delta] window=[21433,21553] src=Resim n=434 p10=-6 p50=-3 p90=0 min=-9 max=4 satLow=0 satHigh=0
LogOGRelayProbe: Warning: [Warning][RelayProbe.Stale] window=[21433,21553] maxConsecutiveFallbackRun=12 id=28415
LogOGResimProbe: Warning: [Warning][ResimProbe.Gate] checks=120 declined=61 requested=59 requestedPerMille=492 deepSkips=0 survivingAnchors=0
LogOGResimProbe: Warning: [Warning][ResimProbe.Chaos] requests=59 grants=59 refused=0 refusedPerMille=0 repeat=0 clamped=0 depthMin=4 depthMax=8
LogOGResimProbe: Warning: [Warning][ResimProbe.Apply] prepares=59 finishes=59 abandoned=0 stuck=0 replayTicks=446 replayOverruns=0 freshProtects=38 staleProtects=0
LogOGResimProbe: Warning: [Warning][ResimProbe.Frame] role=Client simTicks=120 frames=201 meanTicksPerFrameX100=59 p50=1 p99=1 max=1 meanFrameUs=9999
LogOGResimProbe: Warning: [Warning][ResimProbe.Frame] role=Client cadence dFrame1=39 dFrame0=0 dFrameGt1=81 discont=0 numSteps total=120 max=1 gt1=0
LogOGRelayProbe: Warning: [Warning][RelayProbe.Arrival] samples=120 gapCaptureTicks p50=2 p99=5 max=5 noAdvance=0 saturated=0 lostCaptureTicksX1000=30 lost=7 delivered=220 expected=227 discont=0 discontMax=0
LogOGResimProbe: Warning: [Warning][ResimProbe.Landing] class=LocallyPredicted behind=60 atFrontier=0 discarded=0 atFrontierPerMille=0 windowSamples=120
LogOGResimProbe: Warning: [Warning][ResimProbe.Landing] class=RemoteProxy behind=60 atFrontier=0 discarded=0 atFrontierPerMille=0 windowSamples=120
LogOGDivergenceProbe: Warning: [Warning][DivergenceProbe.Window] class=LocallyPredicted corrections=60 disagreed=60 ratePerMille=1000 windowSamples=120
LogOGDivergenceProbe: Warning: [Warning][DivergenceProbe.Window] class=RemoteProxy corrections=60 disagreed=60 ratePerMille=1000 windowSamples=120
LogOGRelayProbe: Warning: [Warning][RelayProbe.Read] window=[21553,21673] src=Prediction hit=68 miss=52 verifyFail=0 rung0=0 total=120
LogOGRelayProbe: Warning: [Warning][RelayProbe.Read] window=[21553,21673] src=Resim hit=389 miss=34 verifyFail=0 rung0=0 total=423
LogOGRelayProbe: Warning: [Warning][RelayProbe.Miss] window=[21553,21673] src=Prediction inSpan=0 aboveNewest=52 belowOldest=0 noProbeTick=0 miss=52
LogOGRelayProbe: Warning: [Warning][RelayProbe.Miss] window=[21553,21673] src=Resim inSpan=7 aboveNewest=27 belowOldest=0 noProbeTick=0 miss=34
LogOGRelayProbe: Warning: [Warning][RelayProbe.Delta] window=[21553,21673] src=Prediction n=120 p10=-1 p50=0 p90=2 min=-3 max=4 satLow=0 satHigh=0
LogOGRelayProbe: Warning: [Warning][RelayProbe.Delta] window=[21553,21673] src=Resim n=423 p10=-6 p50=-3 p90=0 min=-8 max=3 satLow=0 satHigh=0
LogOGRelayProbe: Warning: [Warning][RelayProbe.Stale] window=[21553,21673] maxConsecutiveFallbackRun=8 id=28415
LogOGResimProbe: Warning: [Warning][ResimProbe.Gate] checks=120 declined=58 requested=62 requestedPerMille=517 deepSkips=0 survivingAnchors=0
LogOGResimProbe: Warning: [Warning][ResimProbe.Chaos] requests=61 grants=61 refused=0 refusedPerMille=0 repeat=0 clamped=0 depthMin=5 depthMax=8
LogOGResimProbe: Warning: [Warning][ResimProbe.Apply] prepares=61 finishes=61 abandoned=0 stuck=0 replayTicks=440 replayOverruns=0 freshProtects=34 staleProtects=0
LogOGResimProbe: Warning: [Warning][ResimProbe.Frame] role=Client simTicks=120 frames=199 meanTicksPerFrameX100=60 p50=1 p99=1 max=1 meanFrameUs=10000
LogOGResimProbe: Warning: [Warning][ResimProbe.Frame] role=Client cadence dFrame1=41 dFrame0=0 dFrameGt1=79 discont=0 numSteps total=120 max=1 gt1=0
LogOGResimProbe: Warning: [Warning][ResimProbe.Landing] class=LocallyPredicted behind=60 atFrontier=0 discarded=0 atFrontierPerMille=0 windowSamples=120
LogOGResimProbe: Warning: [Warning][ResimProbe.Landing] class=RemoteProxy behind=60 atFrontier=0 discarded=0 atFrontierPerMille=0 windowSamples=120
LogOGDivergenceProbe: Warning: [Warning][DivergenceProbe.Window] class=LocallyPredicted corrections=60 disagreed=60 ratePerMille=1000 windowSamples=120
LogOGDivergenceProbe: Warning: [Warning][DivergenceProbe.Window] class=RemoteProxy corrections=60 disagreed=60 ratePerMille=1000 windowSamples=120
LogOGRelayProbe: Warning: [Warning][RelayProbe.Read] window=[21673,21793] src=Prediction hit=33 miss=87 verifyFail=0 rung0=0 total=120
LogOGRelayProbe: Warning: [Warning][RelayProbe.Read] window=[21673,21793] src=Resim hit=390 miss=58 verifyFail=0 rung0=0 total=448
LogOGRelayProbe: Warning: [Warning][RelayProbe.Miss] window=[21673,21793] src=Prediction inSpan=0 aboveNewest=87 belowOldest=0 noProbeTick=0 miss=87
LogOGRelayProbe: Warning: [Warning][RelayProbe.Miss] window=[21673,21793] src=Resim inSpan=0 aboveNewest=58 belowOldest=0 noProbeTick=0 miss=58
LogOGRelayProbe: Warning: [Warning][RelayProbe.Delta] window=[21673,21793] src=Prediction n=120 p10=0 p50=1 p90=3 min=-1 max=4 satLow=0 satHigh=0
LogOGRelayProbe: Warning: [Warning][RelayProbe.Delta] window=[21673,21793] src=Resim n=448 p10=-5 p50=-2 p90=1 min=-8 max=3 satLow=0 satHigh=0
LogOGRelayProbe: Warning: [Warning][RelayProbe.Stale] window=[21673,21793] maxConsecutiveFallbackRun=10 id=28415
LogOGResimProbe: Warning: [Warning][ResimProbe.Gate] checks=120 declined=55 requested=65 requestedPerMille=542 deepSkips=0 survivingAnchors=0
LogOGResimProbe: Warning: [Warning][ResimProbe.Chaos] requests=65 grants=65 refused=0 refusedPerMille=0 repeat=0 clamped=0 depthMin=5 depthMax=8
LogOGResimProbe: Warning: [Warning][ResimProbe.Apply] prepares=65 finishes=65 abandoned=0 stuck=0 replayTicks=478 replayOverruns=0 freshProtects=36 staleProtects=0
LogOGResimProbe: Warning: [Warning][ResimProbe.Frame] role=Client simTicks=120 frames=200 meanTicksPerFrameX100=60 p50=1 p99=1 max=1 meanFrameUs=10001
LogOGResimProbe: Warning: [Warning][ResimProbe.Frame] role=Client cadence dFrame1=40 dFrame0=0 dFrameGt1=80 discont=0 numSteps total=120 max=1 gt1=0
LogOGRelayProbe: Warning: [Warning][RelayProbe.Arrival] samples=120 gapCaptureTicks p50=2 p99=4 max=5 noAdvance=0 saturated=0 lostCaptureTicksX1000=0 lost=0 delivered=226 expected=226 discont=0 discontMax=0
LogOGResimProbe: Warning: [Warning][ResimProbe.Landing] class=LocallyPredicted behind=60 atFrontier=0 discarded=0 atFrontierPerMille=0 windowSamples=120
LogOGResimProbe: Warning: [Warning][ResimProbe.Landing] class=RemoteProxy behind=60 atFrontier=0 discarded=0 atFrontierPerMille=0 windowSamples=120
LogOGDivergenceProbe: Warning: [Warning][DivergenceProbe.Window] class=LocallyPredicted corrections=60 disagreed=60 ratePerMille=1000 windowSamples=120
LogOGDivergenceProbe: Warning: [Warning][DivergenceProbe.Window] class=RemoteProxy corrections=60 disagreed=60 ratePerMille=1000 windowSamples=120
LogOGRelayProbe: Warning: [Warning][RelayProbe.Read] window=[21793,21913] src=Prediction hit=31 miss=89 verifyFail=0 rung0=0 total=120
LogOGRelayProbe: Warning: [Warning][RelayProbe.Read] window=[21793,21913] src=Resim hit=439 miss=62 verifyFail=0 rung0=0 total=501
LogOGRelayProbe: Warning: [Warning][RelayProbe.Miss] window=[21793,21913] src=Prediction inSpan=0 aboveNewest=89 belowOldest=0 noProbeTick=0 miss=89
LogOGRelayProbe: Warning: [Warning][RelayProbe.Miss] window=[21793,21913] src=Resim inSpan=0 aboveNewest=62 belowOldest=0 noProbeTick=0 miss=62
LogOGRelayProbe: Warning: [Warning][RelayProbe.Delta] window=[21793,21913] src=Prediction n=120 p10=0 p50=1 p90=3 min=-2 max=4 satLow=0 satHigh=0
LogOGRelayProbe: Warning: [Warning][RelayProbe.Delta] window=[21793,21913] src=Resim n=501 p10=-6 p50=-2 p90=1 min=-8 max=4 satLow=0 satHigh=0
LogOGRelayProbe: Warning: [Warning][RelayProbe.Stale] window=[21793,21913] maxConsecutiveFallbackRun=12 id=28415
LogOGResimProbe: Warning: [Warning][ResimProbe.Gate] checks=120 declined=53 requested=67 requestedPerMille=558 deepSkips=0 survivingAnchors=0
LogOGResimProbe: Warning: [Warning][ResimProbe.Chaos] requests=67 grants=67 refused=0 refusedPerMille=0 repeat=0 clamped=0 depthMin=5 depthMax=8
LogOGResimProbe: Warning: [Warning][ResimProbe.Apply] prepares=67 finishes=67 abandoned=0 stuck=0 replayTicks=519 replayOverruns=0 freshProtects=39 staleProtects=0
LogOGResimProbe: Warning: [Warning][ResimProbe.Frame] role=Client simTicks=120 frames=200 meanTicksPerFrameX100=60 p50=1 p99=1 max=1 meanFrameUs=9999
LogOGResimProbe: Warning: [Warning][ResimProbe.Frame] role=Client cadence dFrame1=40 dFrame0=0 dFrameGt1=80 discont=0 numSteps total=120 max=1 gt1=0
LogOGResimProbe: Warning: [Warning][ResimProbe.Landing] class=LocallyPredicted behind=60 atFrontier=0 discarded=0 atFrontierPerMille=0 windowSamples=120
LogOGResimProbe: Warning: [Warning][ResimProbe.Landing] class=RemoteProxy behind=60 atFrontier=0 discarded=0 atFrontierPerMille=0 windowSamples=120
LogOGDivergenceProbe: Warning: [Warning][DivergenceProbe.Window] class=LocallyPredicted corrections=60 disagreed=60 ratePerMille=1000 windowSamples=120
LogOGDivergenceProbe: Warning: [Warning][DivergenceProbe.Window] class=RemoteProxy corrections=60 disagreed=60 ratePerMille=1000 windowSamples=120
LogOGRelayProbe: Warning: [Warning][RelayProbe.Read] window=[21913,22033] src=Prediction hit=47 miss=73 verifyFail=0 rung0=0 total=120
LogOGRelayProbe: Warning: [Warning][RelayProbe.Read] window=[21913,22033] src=Resim hit=415 miss=41 verifyFail=0 rung0=0 total=456
LogOGRelayProbe: Warning: [Warning][RelayProbe.Miss] window=[21913,22033] src=Prediction inSpan=0 aboveNewest=73 belowOldest=0 noProbeTick=0 miss=73
LogOGRelayProbe: Warning: [Warning][RelayProbe.Miss] window=[21913,22033] src=Resim inSpan=0 aboveNewest=41 belowOldest=0 noProbeTick=0 miss=41
LogOGRelayProbe: Warning: [Warning][RelayProbe.Delta] window=[21913,22033] src=Prediction n=120 p10=-1 p50=1 p90=2 min=-2 max=4 satLow=0 satHigh=0
LogOGRelayProbe: Warning: [Warning][RelayProbe.Delta] window=[21913,22033] src=Resim n=456 p10=-6 p50=-3 p90=0 min=-8 max=3 satLow=0 satHigh=0
LogOGRelayProbe: Warning: [Warning][RelayProbe.Stale] window=[21913,22033] maxConsecutiveFallbackRun=14 id=28415
LogOGResimProbe: Warning: [Warning][ResimProbe.Gate] checks=120 declined=59 requested=61 requestedPerMille=508 deepSkips=0 survivingAnchors=0
LogOGResimProbe: Warning: [Warning][ResimProbe.Chaos] requests=61 grants=61 refused=0 refusedPerMille=0 repeat=0 clamped=0 depthMin=4 depthMax=8
LogOGResimProbe: Warning: [Warning][ResimProbe.Apply] prepares=61 finishes=61 abandoned=0 stuck=0 replayTicks=470 replayOverruns=0 freshProtects=42 staleProtects=0
LogOGResimProbe: Warning: [Warning][ResimProbe.Frame] role=Client simTicks=120 frames=200 meanTicksPerFrameX100=60 p50=1 p99=1 max=1 meanFrameUs=9999
LogOGResimProbe: Warning: [Warning][ResimProbe.Frame] role=Client cadence dFrame1=40 dFrame0=0 dFrameGt1=80 discont=0 numSteps total=120 max=1 gt1=0
LogOGRelayProbe: Warning: [Warning][RelayProbe.Arrival] samples=120 gapCaptureTicks p50=2 p99=4 max=5 noAdvance=0 saturated=0 lostCaptureTicksX1000=0 lost=0 delivered=229 expected=229 discont=0 discontMax=0
LogOGResimProbe: Warning: [Warning][ResimProbe.Landing] class=LocallyPredicted behind=60 atFrontier=0 discarded=0 atFrontierPerMille=0 windowSamples=120
LogOGResimProbe: Warning: [Warning][ResimProbe.Landing] class=RemoteProxy behind=60 atFrontier=0 discarded=0 atFrontierPerMille=0 windowSamples=120
LogOGDivergenceProbe: Warning: [Warning][DivergenceProbe.Window] class=LocallyPredicted corrections=60 disagreed=60 ratePerMille=1000 windowSamples=120
LogOGDivergenceProbe: Warning: [Warning][DivergenceProbe.Window] class=RemoteProxy corrections=60 disagreed=60 ratePerMille=1000 windowSamples=120
LogOGRelayProbe: Warning: [Warning][RelayProbe.Read] window=[22033,22153] src=Prediction hit=39 miss=81 verifyFail=0 rung0=0 total=120
LogOGRelayProbe: Warning: [Warning][RelayProbe.Read] window=[22033,22153] src=Resim hit=360 miss=52 verifyFail=0 rung0=0 total=412
LogOGRelayProbe: Warning: [Warning][RelayProbe.Miss] window=[22033,22153] src=Prediction inSpan=0 aboveNewest=81 belowOldest=0 noProbeTick=0 miss=81
LogOGRelayProbe: Warning: [Warning][RelayProbe.Miss] window=[22033,22153] src=Resim inSpan=0 aboveNewest=52 belowOldest=0 noProbeTick=0 miss=52
LogOGRelayProbe: Warning: [Warning][RelayProbe.Delta] window=[22033,22153] src=Prediction n=120 p10=-1 p50=1 p90=3 min=-2 max=4 satLow=0 satHigh=0
LogOGRelayProbe: Warning: [Warning][RelayProbe.Delta] window=[22033,22153] src=Resim n=412 p10=-6 p50=-3 p90=1 min=-8 max=3 satLow=0 satHigh=0
LogOGRelayProbe: Warning: [Warning][RelayProbe.Stale] window=[22033,22153] maxConsecutiveFallbackRun=13 id=28415
LogOGResimProbe: Warning: [Warning][ResimProbe.Gate] checks=120 declined=63 requested=57 requestedPerMille=475 deepSkips=0 survivingAnchors=0
LogOGResimProbe: Warning: [Warning][ResimProbe.Chaos] requests=57 grants=57 refused=0 refusedPerMille=0 repeat=0 clamped=0 depthMin=5 depthMax=8
LogOGResimProbe: Warning: [Warning][ResimProbe.Apply] prepares=57 finishes=57 abandoned=0 stuck=0 replayTicks=429 replayOverruns=0 freshProtects=40 staleProtects=0
LogOGResimProbe: Warning: [Warning][ResimProbe.Frame] role=Client simTicks=120 frames=201 meanTicksPerFrameX100=59 p50=1 p99=1 max=1 meanFrameUs=10001
LogOGResimProbe: Warning: [Warning][ResimProbe.Frame] role=Client cadence dFrame1=39 dFrame0=0 dFrameGt1=81 discont=0 numSteps total=120 max=1 gt1=0
LogOGResimProbe: Warning: [Warning][ResimProbe.Landing] class=LocallyPredicted behind=60 atFrontier=0 discarded=0 atFrontierPerMille=0 windowSamples=120
LogOGResimProbe: Warning: [Warning][ResimProbe.Landing] class=RemoteProxy behind=60 atFrontier=0 discarded=0 atFrontierPerMille=0 windowSamples=120
LogOGDivergenceProbe: Warning: [Warning][DivergenceProbe.Window] class=LocallyPredicted corrections=60 disagreed=60 ratePerMille=1000 windowSamples=120
LogOGDivergenceProbe: Warning: [Warning][DivergenceProbe.Window] class=RemoteProxy corrections=60 disagreed=60 ratePerMille=1000 windowSamples=120
LogOGRelayProbe: Warning: [Warning][RelayProbe.Read] window=[22153,22273] src=Prediction hit=51 miss=69 verifyFail=0 rung0=0 total=120
LogOGRelayProbe: Warning: [Warning][RelayProbe.Read] window=[22153,22273] src=Resim hit=380 miss=50 verifyFail=0 rung0=0 total=430
LogOGRelayProbe: Warning: [Warning][RelayProbe.Miss] window=[22153,22273] src=Prediction inSpan=0 aboveNewest=69 belowOldest=0 noProbeTick=0 miss=69
LogOGRelayProbe: Warning: [Warning][RelayProbe.Miss] window=[22153,22273] src=Resim inSpan=0 aboveNewest=50 belowOldest=0 noProbeTick=0 miss=50
LogOGRelayProbe: Warning: [Warning][RelayProbe.Delta] window=[22153,22273] src=Prediction n=120 p10=-1 p50=1 p90=3 min=-3 max=4 satLow=0 satHigh=0
LogOGRelayProbe: Warning: [Warning][RelayProbe.Delta] window=[22153,22273] src=Resim n=430 p10=-5 p50=-3 p90=1 min=-8 max=3 satLow=0 satHigh=0
LogOGRelayProbe: Warning: [Warning][RelayProbe.Stale] window=[22153,22273] maxConsecutiveFallbackRun=11 id=28415
LogOGResimProbe: Warning: [Warning][ResimProbe.Gate] checks=120 declined=57 requested=63 requestedPerMille=525 deepSkips=0 survivingAnchors=0
LogOGResimProbe: Warning: [Warning][ResimProbe.Chaos] requests=63 grants=63 refused=0 refusedPerMille=0 repeat=0 clamped=0 depthMin=4 depthMax=8
LogOGResimProbe: Warning: [Warning][ResimProbe.Apply] prepares=63 finishes=63 abandoned=0 stuck=0 replayTicks=449 replayOverruns=0 freshProtects=36 staleProtects=0
LogOGRelayProbe: Warning: [Warning][RelayProbe.Arrival] samples=120 gapCaptureTicks p50=2 p99=4 max=5 noAdvance=0 saturated=0 lostCaptureTicksX1000=0 lost=0 delivered=229 expected=229 discont=0 discontMax=0
LogOGResimProbe: Warning: [Warning][ResimProbe.Frame] role=Client simTicks=120 frames=199 meanTicksPerFrameX100=60 p50=1 p99=1 max=1 meanFrameUs=9999
LogOGResimProbe: Warning: [Warning][ResimProbe.Frame] role=Client cadence dFrame1=41 dFrame0=0 dFrameGt1=79 discont=0 numSteps total=120 max=1 gt1=0
LogOGResimProbe: Warning: [Warning][ResimProbe.Landing] class=LocallyPredicted behind=60 atFrontier=0 discarded=0 atFrontierPerMille=0 windowSamples=120
LogOGResimProbe: Warning: [Warning][ResimProbe.Landing] class=RemoteProxy behind=60 atFrontier=0 discarded=0 atFrontierPerMille=0 windowSamples=120
LogOGDivergenceProbe: Warning: [Warning][DivergenceProbe.Window] class=LocallyPredicted corrections=60 disagreed=60 ratePerMille=1000 windowSamples=120
LogOGDivergenceProbe: Warning: [Warning][DivergenceProbe.Window] class=RemoteProxy corrections=60 disagreed=60 ratePerMille=1000 windowSamples=120
LogOGRelayProbe: Warning: [Warning][RelayProbe.Read] window=[22273,22393] src=Prediction hit=42 miss=78 verifyFail=0 rung0=0 total=120
LogOGRelayProbe: Warning: [Warning][RelayProbe.Read] window=[22273,22393] src=Resim hit=396 miss=69 verifyFail=0 rung0=0 total=465
LogOGRelayProbe: Warning: [Warning][RelayProbe.Miss] window=[22273,22393] src=Prediction inSpan=0 aboveNewest=78 belowOldest=0 noProbeTick=0 miss=78
LogOGRelayProbe: Warning: [Warning][RelayProbe.Miss] window=[22273,22393] src=Resim inSpan=0 aboveNewest=69 belowOldest=0 noProbeTick=0 miss=69
LogOGRelayProbe: Warning: [Warning][RelayProbe.Delta] window=[22273,22393] src=Prediction n=120 p10=-1 p50=1 p90=3 min=-3 max=5 satLow=0 satHigh=0
LogOGRelayProbe: Warning: [Warning][RelayProbe.Delta] window=[22273,22393] src=Resim n=465 p10=-6 p50=-2 p90=1 min=-8 max=4 satLow=0 satHigh=0
LogOGRelayProbe: Warning: [Warning][RelayProbe.Stale] window=[22273,22393] maxConsecutiveFallbackRun=17 id=28415
LogOGResimProbe: Warning: [Warning][ResimProbe.Gate] checks=120 declined=57 requested=63 requestedPerMille=525 deepSkips=0 survivingAnchors=0
LogOGResimProbe: Warning: [Warning][ResimProbe.Chaos] requests=63 grants=63 refused=0 refusedPerMille=0 repeat=0 clamped=0 depthMin=5 depthMax=8
LogOGResimProbe: Warning: [Warning][ResimProbe.Apply] prepares=63 finishes=63 abandoned=0 stuck=0 replayTicks=490 replayOverruns=0 freshProtects=38 staleProtects=0
LogOGResimProbe: Warning: [Warning][ResimProbe.Frame] role=Client simTicks=120 frames=200 meanTicksPerFrameX100=60 p50=1 p99=1 max=1 meanFrameUs=9999
LogOGResimProbe: Warning: [Warning][ResimProbe.Frame] role=Client cadence dFrame1=40 dFrame0=0 dFrameGt1=80 discont=0 numSteps total=120 max=1 gt1=0
LogOGResimProbe: Warning: [Warning][ResimProbe.Landing] class=LocallyPredicted behind=59 atFrontier=0 discarded=0 atFrontierPerMille=0 windowSamples=120
LogOGResimProbe: Warning: [Warning][ResimProbe.Landing] class=RemoteProxy behind=61 atFrontier=0 discarded=0 atFrontierPerMille=0 windowSamples=120
LogOGDivergenceProbe: Warning: [Warning][DivergenceProbe.Window] class=LocallyPredicted corrections=59 disagreed=59 ratePerMille=1000 windowSamples=120
LogOGDivergenceProbe: Warning: [Warning][DivergenceProbe.Window] class=RemoteProxy corrections=61 disagreed=61 ratePerMille=1000 windowSamples=120
LogOGRelayProbe: Warning: [Warning][RelayProbe.Read] window=[22393,22513] src=Prediction hit=43 miss=77 verifyFail=0 rung0=0 total=120
LogOGRelayProbe: Warning: [Warning][RelayProbe.Read] window=[22393,22513] src=Resim hit=423 miss=57 verifyFail=0 rung0=0 total=480
LogOGRelayProbe: Warning: [Warning][RelayProbe.Miss] window=[22393,22513] src=Prediction inSpan=0 aboveNewest=77 belowOldest=0 noProbeTick=0 miss=77
LogOGRelayProbe: Warning: [Warning][RelayProbe.Miss] window=[22393,22513] src=Resim inSpan=3 aboveNewest=54 belowOldest=0 noProbeTick=0 miss=57
LogOGRelayProbe: Warning: [Warning][RelayProbe.Delta] window=[22393,22513] src=Prediction n=120 p10=-1 p50=1 p90=3 min=-3 max=5 satLow=0 satHigh=0
LogOGRelayProbe: Warning: [Warning][RelayProbe.Delta] window=[22393,22513] src=Resim n=480 p10=-6 p50=-3 p90=1 min=-9 max=3 satLow=0 satHigh=0
LogOGRelayProbe: Warning: [Warning][RelayProbe.Stale] window=[22393,22513] maxConsecutiveFallbackRun=15 id=28415
LogOGResimProbe: Warning: [Warning][ResimProbe.Gate] checks=120 declined=53 requested=67 requestedPerMille=558 deepSkips=0 survivingAnchors=0
LogOGResimProbe: Warning: [Warning][ResimProbe.Chaos] requests=67 grants=65 refused=2 refusedPerMille=30 repeat=2 clamped=0 depthMin=5 depthMax=9
LogOGResimProbe: Warning: [Warning][ResimProbe.Apply] prepares=65 finishes=65 abandoned=0 stuck=0 replayTicks=499 replayOverruns=0 freshProtects=38 staleProtects=0
LogOGRelayProbe: Warning: [Warning][RelayProbe.Arrival] samples=120 gapCaptureTicks p50=2 p99=4 max=4 noAdvance=0 saturated=0 lostCaptureTicksX1000=4 lost=1 delivered=223 expected=224 discont=0 discontMax=0
LogOGResimProbe: Warning: [Warning][ResimProbe.Frame] role=Client simTicks=120 frames=201 meanTicksPerFrameX100=59 p50=1 p99=1 max=1 meanFrameUs=10000
LogOGResimProbe: Warning: [Warning][ResimProbe.Frame] role=Client cadence dFrame1=39 dFrame0=0 dFrameGt1=81 discont=0 numSteps total=120 max=1 gt1=0
LogOGResimProbe: Warning: [Warning][ResimProbe.Landing] class=LocallyPredicted behind=60 atFrontier=0 discarded=0 atFrontierPerMille=0 windowSamples=120
LogOGResimProbe: Warning: [Warning][ResimProbe.Landing] class=RemoteProxy behind=60 atFrontier=0 discarded=0 atFrontierPerMille=0 windowSamples=120
LogOGDivergenceProbe: Warning: [Warning][DivergenceProbe.Window] class=LocallyPredicted corrections=60 disagreed=60 ratePerMille=1000 windowSamples=120
LogOGDivergenceProbe: Warning: [Warning][DivergenceProbe.Window] class=RemoteProxy corrections=60 disagreed=60 ratePerMille=1000 windowSamples=120
LogOGRelayProbe: Warning: [Warning][RelayProbe.Read] window=[22513,22633] src=Prediction hit=69 miss=51 verifyFail=0 rung0=0 total=120
LogOGRelayProbe: Warning: [Warning][RelayProbe.Read] window=[22513,22633] src=Resim hit=394 miss=26 verifyFail=0 rung0=0 total=420
LogOGRelayProbe: Warning: [Warning][RelayProbe.Miss] window=[22513,22633] src=Prediction inSpan=0 aboveNewest=51 belowOldest=0 noProbeTick=0 miss=51
LogOGRelayProbe: Warning: [Warning][RelayProbe.Miss] window=[22513,22633] src=Resim inSpan=0 aboveNewest=26 belowOldest=0 noProbeTick=0 miss=26
LogOGRelayProbe: Warning: [Warning][RelayProbe.Delta] window=[22513,22633] src=Prediction n=120 p10=-1 p50=0 p90=2 min=-3 max=3 satLow=0 satHigh=0
LogOGRelayProbe: Warning: [Warning][RelayProbe.Delta] window=[22513,22633] src=Resim n=420 p10=-6 p50=-3 p90=0 min=-9 max=3 satLow=0 satHigh=0
LogOGRelayProbe: Warning: [Warning][RelayProbe.Stale] window=[22513,22633] maxConsecutiveFallbackRun=6 id=28415
LogOGResimProbe: Warning: [Warning][ResimProbe.Gate] checks=120 declined=58 requested=62 requestedPerMille=517 deepSkips=0 survivingAnchors=0
LogOGResimProbe: Warning: [Warning][ResimProbe.Chaos] requests=63 grants=63 refused=0 refusedPerMille=0 repeat=0 clamped=0 depthMin=5 depthMax=8
LogOGResimProbe: Warning: [Warning][ResimProbe.Apply] prepares=63 finishes=63 abandoned=0 stuck=0 replayTicks=446 replayOverruns=0 freshProtects=36 staleProtects=0
LogOGResimProbe: Warning: [Warning][ResimProbe.Frame] role=Client simTicks=120 frames=199 meanTicksPerFrameX100=60 p50=1 p99=1 max=1 meanFrameUs=10000
LogOGResimProbe: Warning: [Warning][ResimProbe.Frame] role=Client cadence dFrame1=41 dFrame0=0 dFrameGt1=79 discont=0 numSteps total=120 max=1 gt1=0
LogOGResimProbe: Warning: [Warning][ResimProbe.Landing] class=LocallyPredicted behind=60 atFrontier=0 discarded=0 atFrontierPerMille=0 windowSamples=120
LogOGResimProbe: Warning: [Warning][ResimProbe.Landing] class=RemoteProxy behind=60 atFrontier=0 discarded=0 atFrontierPerMille=0 windowSamples=120
LogOGDivergenceProbe: Warning: [Warning][DivergenceProbe.Window] class=LocallyPredicted corrections=60 disagreed=60 ratePerMille=1000 windowSamples=120
LogOGDivergenceProbe: Warning: [Warning][DivergenceProbe.Window] class=RemoteProxy corrections=60 disagreed=60 ratePerMille=1000 windowSamples=120
LogOGRelayProbe: Warning: [Warning][RelayProbe.Arrival] samples=120 gapCaptureTicks p50=2 p99=4 max=4 noAdvance=0 saturated=0 lostCaptureTicksX1000=0 lost=0 delivered=222 expected=222 discont=0 discontMax=0
LogOGRelayProbe: Warning: [Warning][RelayProbe.Read] window=[22633,22753] src=Prediction hit=45 miss=75 verifyFail=0 rung0=0 total=120
LogOGRelayProbe: Warning: [Warning][RelayProbe.Read] window=[22633,22753] src=Resim hit=401 miss=39 verifyFail=0 rung0=0 total=440
LogOGRelayProbe: Warning: [Warning][RelayProbe.Miss] window=[22633,22753] src=Prediction inSpan=0 aboveNewest=75 belowOldest=0 noProbeTick=0 miss=75
LogOGRelayProbe: Warning: [Warning][RelayProbe.Miss] window=[22633,22753] src=Resim inSpan=0 aboveNewest=39 belowOldest=0 noProbeTick=0 miss=39
LogOGRelayProbe: Warning: [Warning][RelayProbe.Delta] window=[22633,22753] src=Prediction n=120 p10=-1 p50=1 p90=3 min=-2 max=4 satLow=0 satHigh=0
LogOGRelayProbe: Warning: [Warning][RelayProbe.Delta] window=[22633,22753] src=Resim n=440 p10=-6 p50=-3 p90=0 min=-8 max=3 satLow=0 satHigh=0
LogOGRelayProbe: Warning: [Warning][RelayProbe.Stale] window=[22633,22753] maxConsecutiveFallbackRun=19 id=28415
LogOGResimProbe: Warning: [Warning][ResimProbe.Gate] checks=120 declined=59 requested=61 requestedPerMille=508 deepSkips=0 survivingAnchors=0
LogOGResimProbe: Warning: [Warning][ResimProbe.Chaos] requests=61 grants=61 refused=0 refusedPerMille=0 repeat=0 clamped=0 depthMin=4 depthMax=8
LogOGResimProbe: Warning: [Warning][ResimProbe.Apply] prepares=61 finishes=61 abandoned=0 stuck=0 replayTicks=458 replayOverruns=0 freshProtects=40 staleProtects=0
LogOGResimProbe: Warning: [Warning][ResimProbe.Frame] role=Client simTicks=120 frames=199 meanTicksPerFrameX100=60 p50=1 p99=1 max=1 meanFrameUs=10000
LogOGResimProbe: Warning: [Warning][ResimProbe.Frame] role=Client cadence dFrame1=41 dFrame0=0 dFrameGt1=79 discont=0 numSteps total=120 max=1 gt1=0
LogOGResimProbe: Warning: [Warning][ResimProbe.Landing] class=LocallyPredicted behind=60 atFrontier=0 discarded=0 atFrontierPerMille=0 windowSamples=120
LogOGResimProbe: Warning: [Warning][ResimProbe.Landing] class=RemoteProxy behind=60 atFrontier=0 discarded=0 atFrontierPerMille=0 windowSamples=120
LogOGDivergenceProbe: Warning: [Warning][DivergenceProbe.Window] class=LocallyPredicted corrections=60 disagreed=60 ratePerMille=1000 windowSamples=120
LogOGDivergenceProbe: Warning: [Warning][DivergenceProbe.Window] class=RemoteProxy corrections=60 disagreed=60 ratePerMille=1000 windowSamples=120
LogOGRelayProbe: Warning: [Warning][RelayProbe.Read] window=[22753,22873] src=Prediction hit=22 miss=98 verifyFail=0 rung0=0 total=120
LogOGRelayProbe: Warning: [Warning][RelayProbe.Read] window=[22753,22873] src=Resim hit=439 miss=91 verifyFail=0 rung0=0 total=530
LogOGRelayProbe: Warning: [Warning][RelayProbe.Miss] window=[22753,22873] src=Prediction inSpan=0 aboveNewest=98 belowOldest=0 noProbeTick=0 miss=98
LogOGRelayProbe: Warning: [Warning][RelayProbe.Miss] window=[22753,22873] src=Resim inSpan=0 aboveNewest=91 belowOldest=0 noProbeTick=0 miss=91
LogOGRelayProbe: Warning: [Warning][RelayProbe.Delta] window=[22753,22873] src=Prediction n=120 p10=0 p50=2 p90=3 min=-2 max=5 satLow=0 satHigh=0
LogOGRelayProbe: Warning: [Warning][RelayProbe.Delta] window=[22753,22873] src=Resim n=530 p10=-6 p50=-2 p90=1 min=-8 max=4 satLow=0 satHigh=0
LogOGRelayProbe: Warning: [Warning][RelayProbe.Stale] window=[22753,22873] maxConsecutiveFallbackRun=18 id=28415
LogOGResimProbe: Warning: [Warning][ResimProbe.Gate] checks=120 declined=54 requested=66 requestedPerMille=550 deepSkips=0 survivingAnchors=0
LogOGResimProbe: Warning: [Warning][ResimProbe.Chaos] requests=66 grants=66 refused=0 refusedPerMille=0 repeat=0 clamped=0 depthMin=5 depthMax=9
LogOGResimProbe: Warning: [Warning][ResimProbe.Apply] prepares=66 finishes=66 abandoned=0 stuck=0 replayTicks=546 replayOverruns=0 freshProtects=36 staleProtects=0
LogOGResimProbe: Warning: [Warning][ResimProbe.Frame] role=Client simTicks=120 frames=202 meanTicksPerFrameX100=59 p50=1 p99=1 max=1 meanFrameUs=10000
LogOGResimProbe: Warning: [Warning][ResimProbe.Frame] role=Client cadence dFrame1=38 dFrame0=0 dFrameGt1=82 discont=0 numSteps total=120 max=1 gt1=0
LogOGRelayProbe: Warning: [Warning][RelayProbe.Arrival] samples=120 gapCaptureTicks p50=2 p99=5 max=5 noAdvance=0 saturated=0 lostCaptureTicksX1000=0 lost=0 delivered=233 expected=233 discont=0 discontMax=0
LogOGResimProbe: Warning: [Warning][ResimProbe.Landing] class=LocallyPredicted behind=60 atFrontier=0 discarded=0 atFrontierPerMille=0 windowSamples=120
LogOGResimProbe: Warning: [Warning][ResimProbe.Landing] class=RemoteProxy behind=60 atFrontier=0 discarded=0 atFrontierPerMille=0 windowSamples=120
LogOGDivergenceProbe: Warning: [Warning][DivergenceProbe.Window] class=LocallyPredicted corrections=60 disagreed=60 ratePerMille=1000 windowSamples=120
LogOGDivergenceProbe: Warning: [Warning][DivergenceProbe.Window] class=RemoteProxy corrections=60 disagreed=60 ratePerMille=1000 windowSamples=120
LogOGRelayProbe: Warning: [Warning][RelayProbe.Read] window=[22873,22993] src=Prediction hit=50 miss=70 verifyFail=0 rung0=0 total=120
LogOGRelayProbe: Warning: [Warning][RelayProbe.Read] window=[22873,22993] src=Resim hit=398 miss=40 verifyFail=0 rung0=0 total=438
LogOGRelayProbe: Warning: [Warning][RelayProbe.Miss] window=[22873,22993] src=Prediction inSpan=0 aboveNewest=70 belowOldest=0 noProbeTick=0 miss=70
LogOGRelayProbe: Warning: [Warning][RelayProbe.Miss] window=[22873,22993] src=Resim inSpan=0 aboveNewest=40 belowOldest=0 noProbeTick=0 miss=40
LogOGRelayProbe: Warning: [Warning][RelayProbe.Delta] window=[22873,22993] src=Prediction n=120 p10=-1 p50=1 p90=2 min=-3 max=3 satLow=0 satHigh=0
LogOGRelayProbe: Warning: [Warning][RelayProbe.Delta] window=[22873,22993] src=Resim n=438 p10=-5 p50=-3 p90=0 min=-8 max=3 satLow=0 satHigh=0
LogOGRelayProbe: Warning: [Warning][RelayProbe.Stale] window=[22873,22993] maxConsecutiveFallbackRun=8 id=28415
LogOGResimProbe: Warning: [Warning][ResimProbe.Gate] checks=120 declined=55 requested=65 requestedPerMille=542 deepSkips=0 survivingAnchors=0
LogOGResimProbe: Warning: [Warning][ResimProbe.Chaos] requests=65 grants=65 refused=0 refusedPerMille=0 repeat=0 clamped=0 depthMin=4 depthMax=8
LogOGResimProbe: Warning: [Warning][ResimProbe.Apply] prepares=65 finishes=65 abandoned=0 stuck=0 replayTicks=454 replayOverruns=0 freshProtects=38 staleProtects=0
LogOGResimProbe: Warning: [Warning][ResimProbe.Frame] role=Client simTicks=120 frames=199 meanTicksPerFrameX100=60 p50=1 p99=1 max=1 meanFrameUs=9999
LogOGResimProbe: Warning: [Warning][ResimProbe.Frame] role=Client cadence dFrame1=41 dFrame0=0 dFrameGt1=79 discont=0 numSteps total=120 max=1 gt1=0
LogOGResimProbe: Warning: [Warning][ResimProbe.Landing] class=LocallyPredicted behind=60 atFrontier=0 discarded=0 atFrontierPerMille=0 windowSamples=120
LogOGResimProbe: Warning: [Warning][ResimProbe.Landing] class=RemoteProxy behind=60 atFrontier=0 discarded=0 atFrontierPerMille=0 windowSamples=120
LogOGDivergenceProbe: Warning: [Warning][DivergenceProbe.Window] class=LocallyPredicted corrections=60 disagreed=60 ratePerMille=1000 windowSamples=120
LogOGDivergenceProbe: Warning: [Warning][DivergenceProbe.Window] class=RemoteProxy corrections=60 disagreed=60 ratePerMille=1000 windowSamples=120
LogOGRelayProbe: Warning: [Warning][RelayProbe.Read] window=[22993,23113] src=Prediction hit=63 miss=57 verifyFail=0 rung0=0 total=120
LogOGRelayProbe: Warning: [Warning][RelayProbe.Read] window=[22993,23113] src=Resim hit=450 miss=36 verifyFail=0 rung0=0 total=486
LogOGRelayProbe: Warning: [Warning][RelayProbe.Miss] window=[22993,23113] src=Prediction inSpan=0 aboveNewest=57 belowOldest=0 noProbeTick=0 miss=57
LogOGRelayProbe: Warning: [Warning][RelayProbe.Miss] window=[22993,23113] src=Resim inSpan=0 aboveNewest=36 belowOldest=0 noProbeTick=0 miss=36
LogOGRelayProbe: Warning: [Warning][RelayProbe.Delta] window=[22993,23113] src=Prediction n=120 p10=-1 p50=0 p90=2 min=-3 max=4 satLow=0 satHigh=0
LogOGRelayProbe: Warning: [Warning][RelayProbe.Delta] window=[22993,23113] src=Resim n=486 p10=-6 p50=-3 p90=0 min=-8 max=3 satLow=0 satHigh=0
LogOGRelayProbe: Warning: [Warning][RelayProbe.Stale] window=[22993,23113] maxConsecutiveFallbackRun=9 id=28415
LogOGResimProbe: Warning: [Warning][ResimProbe.Gate] checks=120 declined=48 requested=72 requestedPerMille=600 deepSkips=0 survivingAnchors=0
LogOGResimProbe: Warning: [Warning][ResimProbe.Chaos] requests=71 grants=71 refused=0 refusedPerMille=0 repeat=0 clamped=0 depthMin=4 depthMax=8
LogOGResimProbe: Warning: [Warning][ResimProbe.Apply] prepares=71 finishes=71 abandoned=0 stuck=0 replayTicks=507 replayOverruns=0 freshProtects=35 staleProtects=0
LogOGResimProbe: Warning: [Warning][ResimProbe.Frame] role=Client simTicks=120 frames=201 meanTicksPerFrameX100=59 p50=1 p99=1 max=1 meanFrameUs=10000
LogOGResimProbe: Warning: [Warning][ResimProbe.Frame] role=Client cadence dFrame1=39 dFrame0=0 dFrameGt1=81 discont=0 numSteps total=120 max=1 gt1=0
LogOGRelayProbe: Warning: [Warning][RelayProbe.Arrival] samples=120 gapCaptureTicks p50=2 p99=4 max=4 noAdvance=0 saturated=0 lostCaptureTicksX1000=4 lost=1 delivered=224 expected=225 discont=0 discontMax=0
LogOGResimProbe: Warning: [Warning][ResimProbe.Landing] class=LocallyPredicted behind=60 atFrontier=0 discarded=0 atFrontierPerMille=0 windowSamples=120
LogOGResimProbe: Warning: [Warning][ResimProbe.Landing] class=RemoteProxy behind=60 atFrontier=0 discarded=0 atFrontierPerMille=0 windowSamples=120
LogOGDivergenceProbe: Warning: [Warning][DivergenceProbe.Window] class=LocallyPredicted corrections=60 disagreed=60 ratePerMille=1000 windowSamples=120
LogOGDivergenceProbe: Warning: [Warning][DivergenceProbe.Window] class=RemoteProxy corrections=60 disagreed=60 ratePerMille=1000 windowSamples=120
LogOGRelayProbe: Warning: [Warning][RelayProbe.Read] window=[23113,23233] src=Prediction hit=47 miss=73 verifyFail=0 rung0=0 total=120
LogOGRelayProbe: Warning: [Warning][RelayProbe.Read] window=[23113,23233] src=Resim hit=424 miss=52 verifyFail=0 rung0=0 total=476
LogOGRelayProbe: Warning: [Warning][RelayProbe.Miss] window=[23113,23233] src=Prediction inSpan=0 aboveNewest=73 belowOldest=0 noProbeTick=0 miss=73
LogOGRelayProbe: Warning: [Warning][RelayProbe.Miss] window=[23113,23233] src=Resim inSpan=3 aboveNewest=49 belowOldest=0 noProbeTick=0 miss=52
LogOGRelayProbe: Warning: [Warning][RelayProbe.Delta] window=[23113,23233] src=Prediction n=120 p10=-1 p50=1 p90=3 min=-2 max=5 satLow=0 satHigh=0
LogOGRelayProbe: Warning: [Warning][RelayProbe.Delta] window=[23113,23233] src=Resim n=476 p10=-6 p50=-3 p90=1 min=-8 max=4 satLow=0 satHigh=0
LogOGRelayProbe: Warning: [Warning][RelayProbe.Stale] window=[23113,23233] maxConsecutiveFallbackRun=13 id=28415
LogOGResimProbe: Warning: [Warning][ResimProbe.Gate] checks=120 declined=56 requested=64 requestedPerMille=533 deepSkips=0 survivingAnchors=0
LogOGResimProbe: Warning: [Warning][ResimProbe.Chaos] requests=64 grants=64 refused=0 refusedPerMille=0 repeat=0 clamped=0 depthMin=5 depthMax=8
LogOGResimProbe: Warning: [Warning][ResimProbe.Apply] prepares=64 finishes=64 abandoned=0 stuck=0 replayTicks=486 replayOverruns=0 freshProtects=32 staleProtects=0
LogOGResimProbe: Warning: [Warning][ResimProbe.Frame] role=Client simTicks=120 frames=199 meanTicksPerFrameX100=60 p50=1 p99=1 max=1 meanFrameUs=10000
LogOGResimProbe: Warning: [Warning][ResimProbe.Frame] role=Client cadence dFrame1=41 dFrame0=0 dFrameGt1=79 discont=0 numSteps total=120 max=1 gt1=0
LogOGResimProbe: Warning: [Warning][ResimProbe.Landing] class=LocallyPredicted behind=59 atFrontier=0 discarded=0 atFrontierPerMille=0 windowSamples=120
LogOGResimProbe: Warning: [Warning][ResimProbe.Landing] class=RemoteProxy behind=61 atFrontier=0 discarded=0 atFrontierPerMille=0 windowSamples=120
LogOGDivergenceProbe: Warning: [Warning][DivergenceProbe.Window] class=LocallyPredicted corrections=59 disagreed=59 ratePerMille=1000 windowSamples=120
LogOGDivergenceProbe: Warning: [Warning][DivergenceProbe.Window] class=RemoteProxy corrections=61 disagreed=61 ratePerMille=1000 windowSamples=120
LogOGRelayProbe: Warning: [Warning][RelayProbe.Read] window=[23233,23353] src=Prediction hit=31 miss=89 verifyFail=0 rung0=0 total=120
LogOGRelayProbe: Warning: [Warning][RelayProbe.Read] window=[23233,23353] src=Resim hit=383 miss=73 verifyFail=0 rung0=0 total=456
LogOGRelayProbe: Warning: [Warning][RelayProbe.Miss] window=[23233,23353] src=Prediction inSpan=0 aboveNewest=89 belowOldest=0 noProbeTick=0 miss=89
LogOGRelayProbe: Warning: [Warning][RelayProbe.Miss] window=[23233,23353] src=Resim inSpan=11 aboveNewest=62 belowOldest=0 noProbeTick=0 miss=73
LogOGRelayProbe: Warning: [Warning][RelayProbe.Delta] window=[23233,23353] src=Prediction n=120 p10=0 p50=1 p90=3 min=-2 max=5 satLow=0 satHigh=0
LogOGRelayProbe: Warning: [Warning][RelayProbe.Delta] window=[23233,23353] src=Resim n=456 p10=-5 p50=-2 p90=1 min=-7 max=4 satLow=0 satHigh=0
LogOGRelayProbe: Warning: [Warning][RelayProbe.Stale] window=[23233,23353] maxConsecutiveFallbackRun=17 id=28415
LogOGResimProbe: Warning: [Warning][ResimProbe.Gate] checks=120 declined=56 requested=64 requestedPerMille=533 deepSkips=0 survivingAnchors=0
LogOGResimProbe: Warning: [Warning][ResimProbe.Chaos] requests=65 grants=65 refused=0 refusedPerMille=0 repeat=0 clamped=0 depthMin=4 depthMax=8
LogOGResimProbe: Warning: [Warning][ResimProbe.Apply] prepares=65 finishes=65 abandoned=0 stuck=0 replayTicks=495 replayOverruns=0 freshProtects=39 staleProtects=0
LogOGResimProbe: Warning: [Warning][ResimProbe.Frame] role=Client simTicks=120 frames=200 meanTicksPerFrameX100=60 p50=1 p99=1 max=1 meanFrameUs=10000
LogOGResimProbe: Warning: [Warning][ResimProbe.Frame] role=Client cadence dFrame1=40 dFrame0=0 dFrameGt1=80 discont=0 numSteps total=120 max=1 gt1=0
LogOGRelayProbe: Warning: [Warning][RelayProbe.Arrival] samples=120 gapCaptureTicks p50=2 p99=4 max=6 noAdvance=0 saturated=0 lostCaptureTicksX1000=26 lost=6 delivered=221 expected=227 discont=0 discontMax=0
LogOGRelayProbe: Warning: [Warning][RelayProbe.Read] window=[23353,23473] src=Prediction hit=52 miss=68 verifyFail=0 rung0=0 total=120
LogOGRelayProbe: Warning: [Warning][RelayProbe.Read] window=[23353,23473] src=Resim hit=392 miss=36 verifyFail=0 rung0=0 total=428
LogOGRelayProbe: Warning: [Warning][RelayProbe.Miss] window=[23353,23473] src=Prediction inSpan=0 aboveNewest=68 belowOldest=0 noProbeTick=0 miss=68
LogOGRelayProbe: Warning: [Warning][RelayProbe.Miss] window=[23353,23473] src=Resim inSpan=4 aboveNewest=32 belowOldest=0 noProbeTick=0 miss=36
LogOGRelayProbe: Warning: [Warning][RelayProbe.Delta] window=[23353,23473] src=Prediction n=120 p10=-1 p50=1 p90=2 min=-2 max=4 satLow=0 satHigh=0
LogOGRelayProbe: Warning: [Warning][RelayProbe.Delta] window=[23353,23473] src=Resim n=428 p10=-6 p50=-3 p90=0 min=-8 max=3 satLow=0 satHigh=0
LogOGRelayProbe: Warning: [Warning][RelayProbe.Stale] window=[23353,23473] maxConsecutiveFallbackRun=9 id=28415
LogOGResimProbe: Warning: [Warning][ResimProbe.Landing] class=LocallyPredicted behind=60 atFrontier=0 discarded=0 atFrontierPerMille=0 windowSamples=120
LogOGResimProbe: Warning: [Warning][ResimProbe.Landing] class=RemoteProxy behind=60 atFrontier=0 discarded=0 atFrontierPerMille=0 windowSamples=120
LogOGDivergenceProbe: Warning: [Warning][DivergenceProbe.Window] class=LocallyPredicted corrections=60 disagreed=60 ratePerMille=1000 windowSamples=120
LogOGDivergenceProbe: Warning: [Warning][DivergenceProbe.Window] class=RemoteProxy corrections=60 disagreed=60 ratePerMille=1000 windowSamples=120
LogOGResimProbe: Warning: [Warning][ResimProbe.Gate] checks=120 declined=55 requested=65 requestedPerMille=542 deepSkips=0 survivingAnchors=0
LogOGResimProbe: Warning: [Warning][ResimProbe.Chaos] requests=65 grants=62 refused=3 refusedPerMille=46 repeat=3 clamped=0 depthMin=4 depthMax=9
LogOGResimProbe: Warning: [Warning][ResimProbe.Apply] prepares=62 finishes=62 abandoned=0 stuck=0 replayTicks=431 replayOverruns=0 freshProtects=36 staleProtects=0
LogOGResimProbe: Warning: [Warning][ResimProbe.Frame] role=Client simTicks=120 frames=201 meanTicksPerFrameX100=59 p50=1 p99=1 max=1 meanFrameUs=10000
LogOGResimProbe: Warning: [Warning][ResimProbe.Frame] role=Client cadence dFrame1=39 dFrame0=0 dFrameGt1=81 discont=0 numSteps total=120 max=1 gt1=0
LogOGRelayProbe: Warning: [Warning][RelayProbe.Read] window=[23473,23593] src=Prediction hit=59 miss=61 verifyFail=0 rung0=0 total=120
LogOGRelayProbe: Warning: [Warning][RelayProbe.Read] window=[23473,23593] src=Resim hit=402 miss=29 verifyFail=0 rung0=0 total=431
LogOGRelayProbe: Warning: [Warning][RelayProbe.Miss] window=[23473,23593] src=Prediction inSpan=0 aboveNewest=61 belowOldest=0 noProbeTick=0 miss=61
LogOGRelayProbe: Warning: [Warning][RelayProbe.Miss] window=[23473,23593] src=Resim inSpan=0 aboveNewest=29 belowOldest=0 noProbeTick=0 miss=29
LogOGRelayProbe: Warning: [Warning][RelayProbe.Delta] window=[23473,23593] src=Prediction n=120 p10=-1 p50=1 p90=2 min=-2 max=4 satLow=0 satHigh=0
LogOGRelayProbe: Warning: [Warning][RelayProbe.Delta] window=[23473,23593] src=Resim n=431 p10=-6 p50=-3 p90=0 min=-10 max=3 satLow=0 satHigh=0
LogOGRelayProbe: Warning: [Warning][RelayProbe.Stale] window=[23473,23593] maxConsecutiveFallbackRun=12 id=28415
LogOGResimProbe: Warning: [Warning][ResimProbe.Landing] class=LocallyPredicted behind=60 atFrontier=0 discarded=0 atFrontierPerMille=0 windowSamples=120
LogOGResimProbe: Warning: [Warning][ResimProbe.Landing] class=RemoteProxy behind=60 atFrontier=0 discarded=0 atFrontierPerMille=0 windowSamples=120
LogOGDivergenceProbe: Warning: [Warning][DivergenceProbe.Window] class=LocallyPredicted corrections=60 disagreed=60 ratePerMille=1000 windowSamples=120
LogOGDivergenceProbe: Warning: [Warning][DivergenceProbe.Window] class=RemoteProxy corrections=60 disagreed=60 ratePerMille=1000 windowSamples=120
LogOGResimProbe: Warning: [Warning][ResimProbe.Gate] checks=120 declined=56 requested=64 requestedPerMille=533 deepSkips=0 survivingAnchors=0
LogOGResimProbe: Warning: [Warning][ResimProbe.Chaos] requests=64 grants=64 refused=0 refusedPerMille=0 repeat=0 clamped=0 depthMin=5 depthMax=8
LogOGResimProbe: Warning: [Warning][ResimProbe.Apply] prepares=64 finishes=64 abandoned=0 stuck=0 replayTicks=453 replayOverruns=0 freshProtects=41 staleProtects=0
LogOGResimProbe: Warning: [Warning][ResimProbe.Frame] role=Client simTicks=120 frames=199 meanTicksPerFrameX100=60 p50=1 p99=1 max=1 meanFrameUs=10000
LogOGResimProbe: Warning: [Warning][ResimProbe.Frame] role=Client cadence dFrame1=41 dFrame0=0 dFrameGt1=79 discont=0 numSteps total=120 max=1 gt1=0
LogOGRelayProbe: Warning: [Warning][RelayProbe.Arrival] samples=120 gapCaptureTicks p50=2 p99=4 max=4 noAdvance=0 saturated=0 lostCaptureTicksX1000=4 lost=1 delivered=226 expected=227 discont=0 discontMax=0
LogOGRelayProbe: Warning: [Warning][RelayProbe.Read] window=[23593,23713] src=Prediction hit=46 miss=74 verifyFail=0 rung0=0 total=120
LogOGRelayProbe: Warning: [Warning][RelayProbe.Read] window=[23593,23713] src=Resim hit=402 miss=49 verifyFail=0 rung0=0 total=451
LogOGRelayProbe: Warning: [Warning][RelayProbe.Miss] window=[23593,23713] src=Prediction inSpan=0 aboveNewest=74 belowOldest=0 noProbeTick=0 miss=74
LogOGRelayProbe: Warning: [Warning][RelayProbe.Miss] window=[23593,23713] src=Resim inSpan=3 aboveNewest=46 belowOldest=0 noProbeTick=0 miss=49
LogOGRelayProbe: Warning: [Warning][RelayProbe.Delta] window=[23593,23713] src=Prediction n=120 p10=-1 p50=1 p90=2 min=-3 max=3 satLow=0 satHigh=0
LogOGRelayProbe: Warning: [Warning][RelayProbe.Delta] window=[23593,23713] src=Resim n=451 p10=-6 p50=-3 p90=1 min=-9 max=3 satLow=0 satHigh=0
LogOGRelayProbe: Warning: [Warning][RelayProbe.Stale] window=[23593,23713] maxConsecutiveFallbackRun=19 id=28415
LogOGResimProbe: Warning: [Warning][ResimProbe.Landing] class=LocallyPredicted behind=59 atFrontier=0 discarded=0 atFrontierPerMille=0 windowSamples=120
LogOGResimProbe: Warning: [Warning][ResimProbe.Landing] class=RemoteProxy behind=61 atFrontier=0 discarded=0 atFrontierPerMille=0 windowSamples=120
LogOGDivergenceProbe: Warning: [Warning][DivergenceProbe.Window] class=LocallyPredicted corrections=59 disagreed=59 ratePerMille=1000 windowSamples=120
LogOGDivergenceProbe: Warning: [Warning][DivergenceProbe.Window] class=RemoteProxy corrections=61 disagreed=61 ratePerMille=1000 windowSamples=120
LogOGResimProbe: Warning: [Warning][ResimProbe.Gate] checks=120 declined=56 requested=64 requestedPerMille=533 deepSkips=0 survivingAnchors=0
LogOGResimProbe: Warning: [Warning][ResimProbe.Chaos] requests=64 grants=64 refused=0 refusedPerMille=0 repeat=0 clamped=0 depthMin=4 depthMax=8
LogOGResimProbe: Warning: [Warning][ResimProbe.Apply] prepares=64 finishes=64 abandoned=0 stuck=0 replayTicks=472 replayOverruns=0 freshProtects=33 staleProtects=0
LogOGResimProbe: Warning: [Warning][ResimProbe.Frame] role=Client simTicks=120 frames=200 meanTicksPerFrameX100=60 p50=1 p99=1 max=1 meanFrameUs=10000
LogOGResimProbe: Warning: [Warning][ResimProbe.Frame] role=Client cadence dFrame1=40 dFrame0=0 dFrameGt1=80 discont=0 numSteps total=120 max=1 gt1=0
LogOGRelayProbe: Warning: [Warning][RelayProbe.Read] window=[23713,23833] src=Prediction hit=45 miss=75 verifyFail=0 rung0=0 total=120
LogOGRelayProbe: Warning: [Warning][RelayProbe.Read] window=[23713,23833] src=Resim hit=445 miss=55 verifyFail=0 rung0=0 total=500
LogOGRelayProbe: Warning: [Warning][RelayProbe.Miss] window=[23713,23833] src=Prediction inSpan=0 aboveNewest=75 belowOldest=0 noProbeTick=0 miss=75
LogOGRelayProbe: Warning: [Warning][RelayProbe.Miss] window=[23713,23833] src=Resim inSpan=0 aboveNewest=55 belowOldest=0 noProbeTick=0 miss=55
LogOGRelayProbe: Warning: [Warning][RelayProbe.Delta] window=[23713,23833] src=Prediction n=120 p10=-1 p50=1 p90=2 min=-3 max=4 satLow=0 satHigh=0
LogOGRelayProbe: Warning: [Warning][RelayProbe.Delta] window=[23713,23833] src=Resim n=500 p10=-6 p50=-3 p90=1 min=-8 max=3 satLow=0 satHigh=0
LogOGRelayProbe: Warning: [Warning][RelayProbe.Stale] window=[23713,23833] maxConsecutiveFallbackRun=7 id=28415
LogOGResimProbe: Warning: [Warning][ResimProbe.Landing] class=LocallyPredicted behind=60 atFrontier=0 discarded=0 atFrontierPerMille=0 windowSamples=120
LogOGResimProbe: Warning: [Warning][ResimProbe.Landing] class=RemoteProxy behind=60 atFrontier=0 discarded=0 atFrontierPerMille=0 windowSamples=120
LogOGDivergenceProbe: Warning: [Warning][DivergenceProbe.Window] class=LocallyPredicted corrections=60 disagreed=60 ratePerMille=1000 windowSamples=120
LogOGDivergenceProbe: Warning: [Warning][DivergenceProbe.Window] class=RemoteProxy corrections=60 disagreed=60 ratePerMille=1000 windowSamples=120
LogOGResimProbe: Warning: [Warning][ResimProbe.Gate] checks=120 declined=53 requested=67 requestedPerMille=558 deepSkips=0 survivingAnchors=0
LogOGResimProbe: Warning: [Warning][ResimProbe.Chaos] requests=66 grants=66 refused=0 refusedPerMille=0 repeat=0 clamped=0 depthMin=5 depthMax=8
LogOGResimProbe: Warning: [Warning][ResimProbe.Apply] prepares=66 finishes=66 abandoned=0 stuck=0 replayTicks=510 replayOverruns=0 freshProtects=34 staleProtects=0
LogOGResimProbe: Warning: [Warning][ResimProbe.Frame] role=Client simTicks=120 frames=199 meanTicksPerFrameX100=60 p50=1 p99=1 max=1 meanFrameUs=10000
LogOGResimProbe: Warning: [Warning][ResimProbe.Frame] role=Client cadence dFrame1=41 dFrame0=0 dFrameGt1=79 discont=0 numSteps total=120 max=1 gt1=0
LogOGRelayProbe: Warning: [Warning][RelayProbe.Arrival] samples=120 gapCaptureTicks p50=2 p99=4 max=4 noAdvance=0 saturated=0 lostCaptureTicksX1000=0 lost=0 delivered=226 expected=226 discont=0 discontMax=0
LogOGRelayProbe: Warning: [Warning][RelayProbe.Read] window=[23833,23953] src=Prediction hit=29 miss=91 verifyFail=0 rung0=0 total=120
LogOGRelayProbe: Warning: [Warning][RelayProbe.Read] window=[23833,23953] src=Resim hit=381 miss=68 verifyFail=0 rung0=0 total=449
LogOGRelayProbe: Warning: [Warning][RelayProbe.Miss] window=[23833,23953] src=Prediction inSpan=1 aboveNewest=90 belowOldest=0 noProbeTick=0 miss=91
LogOGRelayProbe: Warning: [Warning][RelayProbe.Miss] window=[23833,23953] src=Resim inSpan=6 aboveNewest=62 belowOldest=0 noProbeTick=0 miss=68
LogOGRelayProbe: Warning: [Warning][RelayProbe.Delta] window=[23833,23953] src=Prediction n=120 p10=0 p50=1 p90=3 min=-2 max=5 satLow=0 satHigh=0
LogOGRelayProbe: Warning: [Warning][RelayProbe.Delta] window=[23833,23953] src=Resim n=449 p10=-6 p50=-2 p90=1 min=-8 max=4 satLow=0 satHigh=0
LogOGRelayProbe: Warning: [Warning][RelayProbe.Stale] window=[23833,23953] maxConsecutiveFallbackRun=19 id=28415
LogOGResimProbe: Warning: [Warning][ResimProbe.Gate] checks=120 declined=59 requested=61 requestedPerMille=508 deepSkips=0 survivingAnchors=0
LogOGResimProbe: Warning: [Warning][ResimProbe.Chaos] requests=61 grants=60 refused=1 refusedPerMille=16 repeat=1 clamped=0 depthMin=5 depthMax=9
LogOGResimProbe: Warning: [Warning][ResimProbe.Apply] prepares=60 finishes=60 abandoned=0 stuck=0 replayTicks=460 replayOverruns=0 freshProtects=33 staleProtects=0
LogOGResimProbe: Warning: [Warning][ResimProbe.Landing] class=LocallyPredicted behind=58 atFrontier=0 discarded=0 atFrontierPerMille=0 windowSamples=120
LogOGResimProbe: Warning: [Warning][ResimProbe.Landing] class=RemoteProxy behind=62 atFrontier=0 discarded=0 atFrontierPerMille=0 windowSamples=120
LogOGDivergenceProbe: Warning: [Warning][DivergenceProbe.Window] class=LocallyPredicted corrections=58 disagreed=58 ratePerMille=1000 windowSamples=120
LogOGDivergenceProbe: Warning: [Warning][DivergenceProbe.Window] class=RemoteProxy corrections=62 disagreed=62 ratePerMille=1000 windowSamples=120
LogOGResimProbe: Warning: [Warning][ResimProbe.Frame] role=Client simTicks=120 frames=201 meanTicksPerFrameX100=59 p50=1 p99=1 max=1 meanFrameUs=9999
LogOGResimProbe: Warning: [Warning][ResimProbe.Frame] role=Client cadence dFrame1=39 dFrame0=0 dFrameGt1=81 discont=0 numSteps total=120 max=1 gt1=0
LogOGRelayProbe: Warning: [Warning][RelayProbe.Read] window=[23953,24073] src=Prediction hit=52 miss=68 verifyFail=0 rung0=0 total=120
LogOGRelayProbe: Warning: [Warning][RelayProbe.Read] window=[23953,24073] src=Resim hit=458 miss=49 verifyFail=0 rung0=0 total=507
LogOGRelayProbe: Warning: [Warning][RelayProbe.Miss] window=[23953,24073] src=Prediction inSpan=0 aboveNewest=68 belowOldest=0 noProbeTick=0 miss=68
LogOGRelayProbe: Warning: [Warning][RelayProbe.Miss] window=[23953,24073] src=Resim inSpan=2 aboveNewest=47 belowOldest=0 noProbeTick=0 miss=49
LogOGRelayProbe: Warning: [Warning][RelayProbe.Delta] window=[23953,24073] src=Prediction n=120 p10=-1 p50=1 p90=3 min=-3 max=4 satLow=0 satHigh=0
LogOGRelayProbe: Warning: [Warning][RelayProbe.Delta] window=[23953,24073] src=Resim n=507 p10=-6 p50=-3 p90=0 min=-8 max=4 satLow=0 satHigh=0
LogOGRelayProbe: Warning: [Warning][RelayProbe.Stale] window=[23953,24073] maxConsecutiveFallbackRun=8 id=28415
LogOGResimProbe: Warning: [Warning][ResimProbe.Gate] checks=120 declined=50 requested=70 requestedPerMille=583 deepSkips=0 survivingAnchors=0
LogOGResimProbe: Warning: [Warning][ResimProbe.Chaos] requests=71 grants=71 refused=0 refusedPerMille=0 repeat=0 clamped=0 depthMin=5 depthMax=8
LogOGResimProbe: Warning: [Warning][ResimProbe.Apply] prepares=71 finishes=71 abandoned=0 stuck=0 replayTicks=533 replayOverruns=0 freshProtects=32 staleProtects=0
LogOGResimProbe: Warning: [Warning][ResimProbe.Landing] class=LocallyPredicted behind=59 atFrontier=0 discarded=0 atFrontierPerMille=0 windowSamples=120
LogOGResimProbe: Warning: [Warning][ResimProbe.Landing] class=RemoteProxy behind=61 atFrontier=0 discarded=0 atFrontierPerMille=0 windowSamples=120
LogOGDivergenceProbe: Warning: [Warning][DivergenceProbe.Window] class=LocallyPredicted corrections=59 disagreed=59 ratePerMille=1000 windowSamples=120
LogOGDivergenceProbe: Warning: [Warning][DivergenceProbe.Window] class=RemoteProxy corrections=61 disagreed=61 ratePerMille=1000 windowSamples=120
LogOGRelayProbe: Warning: [Warning][RelayProbe.Arrival] samples=120 gapCaptureTicks p50=2 p99=4 max=4 noAdvance=0 saturated=0 lostCaptureTicksX1000=14 lost=3 delivered=208 expected=211 discont=0 discontMax=0
LogOGResimProbe: Warning: [Warning][ResimProbe.Frame] role=Client simTicks=120 frames=200 meanTicksPerFrameX100=60 p50=1 p99=1 max=1 meanFrameUs=9999
LogOGResimProbe: Warning: [Warning][ResimProbe.Frame] role=Client cadence dFrame1=40 dFrame0=0 dFrameGt1=80 discont=0 numSteps total=120 max=1 gt1=0
LogOGRelayProbe: Warning: [Warning][RelayProbe.Read] window=[24073,24193] src=Prediction hit=44 miss=76 verifyFail=0 rung0=0 total=120
LogOGRelayProbe: Warning: [Warning][RelayProbe.Read] window=[24073,24193] src=Resim hit=453 miss=52 verifyFail=0 rung0=0 total=505
LogOGRelayProbe: Warning: [Warning][RelayProbe.Miss] window=[24073,24193] src=Prediction inSpan=0 aboveNewest=76 belowOldest=0 noProbeTick=0 miss=76
LogOGRelayProbe: Warning: [Warning][RelayProbe.Miss] window=[24073,24193] src=Resim inSpan=0 aboveNewest=52 belowOldest=0 noProbeTick=0 miss=52
LogOGRelayProbe: Warning: [Warning][RelayProbe.Delta] window=[24073,24193] src=Prediction n=120 p10=0 p50=1 p90=2 min=-2 max=4 satLow=0 satHigh=0
LogOGRelayProbe: Warning: [Warning][RelayProbe.Delta] window=[24073,24193] src=Resim n=505 p10=-6 p50=-3 p90=1 min=-8 max=4 satLow=0 satHigh=0
LogOGRelayProbe: Warning: [Warning][RelayProbe.Stale] window=[24073,24193] maxConsecutiveFallbackRun=10 id=28415
LogOGResimProbe: Warning: [Warning][ResimProbe.Gate] checks=120 declined=54 requested=66 requestedPerMille=550 deepSkips=0 survivingAnchors=0
LogOGResimProbe: Warning: [Warning][ResimProbe.Chaos] requests=66 grants=66 refused=0 refusedPerMille=0 repeat=0 clamped=0 depthMin=5 depthMax=8
LogOGResimProbe: Warning: [Warning][ResimProbe.Apply] prepares=66 finishes=66 abandoned=0 stuck=0 replayTicks=505 replayOverruns=0 freshProtects=36 staleProtects=0
LogOGResimProbe: Warning: [Warning][ResimProbe.Landing] class=LocallyPredicted behind=60 atFrontier=0 discarded=0 atFrontierPerMille=0 windowSamples=120
LogOGResimProbe: Warning: [Warning][ResimProbe.Landing] class=RemoteProxy behind=60 atFrontier=0 discarded=0 atFrontierPerMille=0 windowSamples=120
LogOGDivergenceProbe: Warning: [Warning][DivergenceProbe.Window] class=LocallyPredicted corrections=60 disagreed=60 ratePerMille=1000 windowSamples=120
LogOGDivergenceProbe: Warning: [Warning][DivergenceProbe.Window] class=RemoteProxy corrections=60 disagreed=60 ratePerMille=1000 windowSamples=120
LogOGResimProbe: Warning: [Warning][ResimProbe.Frame] role=Client simTicks=120 frames=200 meanTicksPerFrameX100=60 p50=1 p99=1 max=1 meanFrameUs=10000
LogOGResimProbe: Warning: [Warning][ResimProbe.Frame] role=Client cadence dFrame1=40 dFrame0=0 dFrameGt1=80 discont=0 numSteps total=120 max=1 gt1=0
LogOGRelayProbe: Warning: [Warning][RelayProbe.Read] window=[24193,24313] src=Prediction hit=50 miss=70 verifyFail=0 rung0=0 total=120
LogOGRelayProbe: Warning: [Warning][RelayProbe.Read] window=[24193,24313] src=Resim hit=416 miss=53 verifyFail=0 rung0=0 total=469
LogOGRelayProbe: Warning: [Warning][RelayProbe.Miss] window=[24193,24313] src=Prediction inSpan=0 aboveNewest=70 belowOldest=0 noProbeTick=0 miss=70
LogOGRelayProbe: Warning: [Warning][RelayProbe.Miss] window=[24193,24313] src=Resim inSpan=4 aboveNewest=49 belowOldest=0 noProbeTick=0 miss=53
LogOGRelayProbe: Warning: [Warning][RelayProbe.Delta] window=[24193,24313] src=Prediction n=120 p10=-1 p50=1 p90=2 min=-3 max=4 satLow=0 satHigh=0
LogOGRelayProbe: Warning: [Warning][RelayProbe.Delta] window=[24193,24313] src=Resim n=469 p10=-6 p50=-3 p90=1 min=-9 max=4 satLow=0 satHigh=0
LogOGRelayProbe: Warning: [Warning][RelayProbe.Stale] window=[24193,24313] maxConsecutiveFallbackRun=10 id=28415
LogOGResimProbe: Warning: [Warning][ResimProbe.Gate] checks=120 declined=56 requested=64 requestedPerMille=533 deepSkips=0 survivingAnchors=0
LogOGResimProbe: Warning: [Warning][ResimProbe.Chaos] requests=64 grants=64 refused=0 refusedPerMille=0 repeat=0 clamped=0 depthMin=5 depthMax=8
LogOGResimProbe: Warning: [Warning][ResimProbe.Apply] prepares=64 finishes=64 abandoned=0 stuck=0 replayTicks=489 replayOverruns=0 freshProtects=34 staleProtects=0
LogOGResimProbe: Warning: [Warning][ResimProbe.Landing] class=LocallyPredicted behind=60 atFrontier=0 discarded=0 atFrontierPerMille=0 windowSamples=120
LogOGResimProbe: Warning: [Warning][ResimProbe.Landing] class=RemoteProxy behind=60 atFrontier=0 discarded=0 atFrontierPerMille=0 windowSamples=120
LogOGDivergenceProbe: Warning: [Warning][DivergenceProbe.Window] class=LocallyPredicted corrections=60 disagreed=60 ratePerMille=1000 windowSamples=120
LogOGDivergenceProbe: Warning: [Warning][DivergenceProbe.Window] class=RemoteProxy corrections=60 disagreed=60 ratePerMille=1000 windowSamples=120
LogOGRelayProbe: Warning: [Warning][RelayProbe.Arrival] samples=120 gapCaptureTicks p50=2 p99=4 max=4 noAdvance=0 saturated=0 lostCaptureTicksX1000=4 lost=1 delivered=223 expected=224 discont=0 discontMax=0
LogOGResimProbe: Warning: [Warning][ResimProbe.Frame] role=Client simTicks=120 frames=200 meanTicksPerFrameX100=60 p50=1 p99=1 max=1 meanFrameUs=9999
LogOGResimProbe: Warning: [Warning][ResimProbe.Frame] role=Client cadence dFrame1=40 dFrame0=0 dFrameGt1=80 discont=0 numSteps total=120 max=1 gt1=0
LogOGRelayProbe: Warning: [Warning][RelayProbe.Read] window=[24313,24433] src=Prediction hit=39 miss=81 verifyFail=0 rung0=0 total=120
LogOGRelayProbe: Warning: [Warning][RelayProbe.Read] window=[24313,24433] src=Resim hit=420 miss=73 verifyFail=0 rung0=0 total=493
LogOGRelayProbe: Warning: [Warning][RelayProbe.Miss] window=[24313,24433] src=Prediction inSpan=1 aboveNewest=80 belowOldest=0 noProbeTick=0 miss=81
LogOGRelayProbe: Warning: [Warning][RelayProbe.Miss] window=[24313,24433] src=Resim inSpan=10 aboveNewest=63 belowOldest=0 noProbeTick=0 miss=73
LogOGRelayProbe: Warning: [Warning][RelayProbe.Delta] window=[24313,24433] src=Prediction n=120 p10=-1 p50=1 p90=3 min=-2 max=5 satLow=0 satHigh=0
LogOGRelayProbe: Warning: [Warning][RelayProbe.Delta] window=[24313,24433] src=Resim n=493 p10=-6 p50=-2 p90=1 min=-8 max=4 satLow=0 satHigh=0
LogOGRelayProbe: Warning: [Warning][RelayProbe.Stale] window=[24313,24433] maxConsecutiveFallbackRun=17 id=28415
LogOGResimProbe: Warning: [Warning][ResimProbe.Gate] checks=120 declined=53 requested=67 requestedPerMille=558 deepSkips=0 survivingAnchors=0
LogOGResimProbe: Warning: [Warning][ResimProbe.Chaos] requests=66 grants=65 refused=1 refusedPerMille=15 repeat=1 clamped=0 depthMin=5 depthMax=8
LogOGResimProbe: Warning: [Warning][ResimProbe.Apply] prepares=65 finishes=65 abandoned=0 stuck=0 replayTicks=502 replayOverruns=0 freshProtects=36 staleProtects=0
LogOGResimProbe: Warning: [Warning][ResimProbe.Landing] class=LocallyPredicted behind=59 atFrontier=0 discarded=0 atFrontierPerMille=0 windowSamples=120
LogOGResimProbe: Warning: [Warning][ResimProbe.Landing] class=RemoteProxy behind=61 atFrontier=0 discarded=0 atFrontierPerMille=0 windowSamples=120
LogOGDivergenceProbe: Warning: [Warning][DivergenceProbe.Window] class=LocallyPredicted corrections=59 disagreed=59 ratePerMille=1000 windowSamples=120
LogOGDivergenceProbe: Warning: [Warning][DivergenceProbe.Window] class=RemoteProxy corrections=61 disagreed=61 ratePerMille=1000 windowSamples=120
LogOGResimProbe: Warning: [Warning][ResimProbe.Frame] role=Client simTicks=120 frames=200 meanTicksPerFrameX100=60 p50=1 p99=1 max=1 meanFrameUs=10000
LogOGResimProbe: Warning: [Warning][ResimProbe.Frame] role=Client cadence dFrame1=40 dFrame0=0 dFrameGt1=80 discont=0 numSteps total=120 max=1 gt1=0
LogOGRelayProbe: Warning: [Warning][RelayProbe.Read] window=[24433,24553] src=Prediction hit=29 miss=91 verifyFail=0 rung0=0 total=120
LogOGRelayProbe: Warning: [Warning][RelayProbe.Read] window=[24433,24553] src=Resim hit=406 miss=78 verifyFail=0 rung0=0 total=484
LogOGRelayProbe: Warning: [Warning][RelayProbe.Miss] window=[24433,24553] src=Prediction inSpan=0 aboveNewest=91 belowOldest=0 noProbeTick=0 miss=91
LogOGRelayProbe: Warning: [Warning][RelayProbe.Miss] window=[24433,24553] src=Resim inSpan=0 aboveNewest=78 belowOldest=0 noProbeTick=0 miss=78
LogOGRelayProbe: Warning: [Warning][RelayProbe.Delta] window=[24433,24553] src=Prediction n=120 p10=0 p50=1 p90=3 min=-2 max=5 satLow=0 satHigh=0
LogOGRelayProbe: Warning: [Warning][RelayProbe.Delta] window=[24433,24553] src=Resim n=484 p10=-5 p50=-2 p90=1 min=-8 max=4 satLow=0 satHigh=0
LogOGRelayProbe: Warning: [Warning][RelayProbe.Stale] window=[24433,24553] maxConsecutiveFallbackRun=18 id=28415
LogOGResimProbe: Warning: [Warning][ResimProbe.Gate] checks=120 declined=54 requested=66 requestedPerMille=550 deepSkips=0 survivingAnchors=0
LogOGResimProbe: Warning: [Warning][ResimProbe.Chaos] requests=66 grants=66 refused=0 refusedPerMille=0 repeat=0 clamped=0 depthMin=5 depthMax=8
LogOGResimProbe: Warning: [Warning][ResimProbe.Apply] prepares=66 finishes=66 abandoned=0 stuck=0 replayTicks=512 replayOverruns=0 freshProtects=38 staleProtects=0
LogOGRelayProbe: Warning: [Warning][RelayProbe.Arrival] samples=120 gapCaptureTicks p50=2 p99=4 max=5 noAdvance=0 saturated=0 lostCaptureTicksX1000=16 lost=4 delivered=233 expected=237 discont=0 discontMax=0
LogOGResimProbe: Warning: [Warning][ResimProbe.Landing] class=LocallyPredicted behind=60 atFrontier=0 discarded=0 atFrontierPerMille=0 windowSamples=120
LogOGResimProbe: Warning: [Warning][ResimProbe.Landing] class=RemoteProxy behind=60 atFrontier=0 discarded=0 atFrontierPerMille=0 windowSamples=120
LogOGDivergenceProbe: Warning: [Warning][DivergenceProbe.Window] class=LocallyPredicted corrections=60 disagreed=60 ratePerMille=1000 windowSamples=120
LogOGDivergenceProbe: Warning: [Warning][DivergenceProbe.Window] class=RemoteProxy corrections=60 disagreed=60 ratePerMille=1000 windowSamples=120
LogOGResimProbe: Warning: [Warning][ResimProbe.Frame] role=Client simTicks=120 frames=201 meanTicksPerFrameX100=59 p50=1 p99=1 max=1 meanFrameUs=9999
LogOGResimProbe: Warning: [Warning][ResimProbe.Frame] role=Client cadence dFrame1=39 dFrame0=0 dFrameGt1=81 discont=0 numSteps total=120 max=1 gt1=0
LogOGRelayProbe: Warning: [Warning][RelayProbe.Read] window=[24553,24673] src=Prediction hit=58 miss=62 verifyFail=0 rung0=0 total=120
LogOGRelayProbe: Warning: [Warning][RelayProbe.Read] window=[24553,24673] src=Resim hit=343 miss=29 verifyFail=0 rung0=0 total=372
LogOGRelayProbe: Warning: [Warning][RelayProbe.Miss] window=[24553,24673] src=Prediction inSpan=0 aboveNewest=62 belowOldest=0 noProbeTick=0 miss=62
LogOGRelayProbe: Warning: [Warning][RelayProbe.Miss] window=[24553,24673] src=Resim inSpan=9 aboveNewest=20 belowOldest=0 noProbeTick=0 miss=29
LogOGRelayProbe: Warning: [Warning][RelayProbe.Delta] window=[24553,24673] src=Prediction n=120 p10=-1 p50=1 p90=2 min=-3 max=4 satLow=0 satHigh=0
LogOGRelayProbe: Warning: [Warning][RelayProbe.Delta] window=[24553,24673] src=Resim n=372 p10=-6 p50=-3 p90=0 min=-8 max=3 satLow=0 satHigh=0
LogOGRelayProbe: Warning: [Warning][RelayProbe.Stale] window=[24553,24673] maxConsecutiveFallbackRun=5 id=28415
LogOGResimProbe: Warning: [Warning][ResimProbe.Gate] checks=120 declined=64 requested=56 requestedPerMille=467 deepSkips=0 survivingAnchors=0
LogOGResimProbe: Warning: [Warning][ResimProbe.Chaos] requests=56 grants=56 refused=0 refusedPerMille=0 repeat=0 clamped=0 depthMin=4 depthMax=7
LogOGResimProbe: Warning: [Warning][ResimProbe.Apply] prepares=56 finishes=56 abandoned=0 stuck=0 replayTicks=388 replayOverruns=0 freshProtects=38 staleProtects=0
LogOGResimProbe: Warning: [Warning][ResimProbe.Landing] class=LocallyPredicted behind=60 atFrontier=0 discarded=0 atFrontierPerMille=0 windowSamples=120
LogOGResimProbe: Warning: [Warning][ResimProbe.Landing] class=RemoteProxy behind=60 atFrontier=0 discarded=0 atFrontierPerMille=0 windowSamples=120
LogOGDivergenceProbe: Warning: [Warning][DivergenceProbe.Window] class=LocallyPredicted corrections=60 disagreed=60 ratePerMille=1000 windowSamples=120
LogOGDivergenceProbe: Warning: [Warning][DivergenceProbe.Window] class=RemoteProxy corrections=60 disagreed=60 ratePerMille=1000 windowSamples=120
LogOGResimProbe: Warning: [Warning][ResimProbe.Frame] role=Client simTicks=120 frames=200 meanTicksPerFrameX100=60 p50=1 p99=1 max=1 meanFrameUs=10000
LogOGResimProbe: Warning: [Warning][ResimProbe.Frame] role=Client cadence dFrame1=40 dFrame0=0 dFrameGt1=80 discont=0 numSteps total=120 max=1 gt1=0
LogOGRelayProbe: Warning: [Warning][RelayProbe.Arrival] samples=120 gapCaptureTicks p50=2 p99=4 max=4 noAdvance=0 saturated=0 lostCaptureTicksX1000=30 lost=7 delivered=223 expected=230 discont=0 discontMax=0
LogOGRelayProbe: Warning: [Warning][RelayProbe.Read] window=[24673,24793] src=Prediction hit=61 miss=59 verifyFail=0 rung0=0 total=120
LogOGRelayProbe: Warning: [Warning][RelayProbe.Read] window=[24673,24793] src=Resim hit=421 miss=44 verifyFail=0 rung0=0 total=465
LogOGRelayProbe: Warning: [Warning][RelayProbe.Miss] window=[24673,24793] src=Prediction inSpan=0 aboveNewest=59 belowOldest=0 noProbeTick=0 miss=59
LogOGRelayProbe: Warning: [Warning][RelayProbe.Miss] window=[24673,24793] src=Resim inSpan=16 aboveNewest=28 belowOldest=0 noProbeTick=0 miss=44
LogOGRelayProbe: Warning: [Warning][RelayProbe.Delta] window=[24673,24793] src=Prediction n=120 p10=-1 p50=0 p90=2 min=-3 max=4 satLow=0 satHigh=0
LogOGRelayProbe: Warning: [Warning][RelayProbe.Delta] window=[24673,24793] src=Resim n=465 p10=-6 p50=-3 p90=0 min=-9 max=4 satLow=0 satHigh=0
LogOGRelayProbe: Warning: [Warning][RelayProbe.Stale] window=[24673,24793] maxConsecutiveFallbackRun=7 id=28415
LogOGResimProbe: Warning: [Warning][ResimProbe.Gate] checks=120 declined=55 requested=65 requestedPerMille=542 deepSkips=0 survivingAnchors=0
LogOGResimProbe: Warning: [Warning][ResimProbe.Chaos] requests=65 grants=65 refused=0 refusedPerMille=0 repeat=0 clamped=0 depthMin=4 depthMax=8
LogOGResimProbe: Warning: [Warning][ResimProbe.Apply] prepares=65 finishes=65 abandoned=0 stuck=0 replayTicks=474 replayOverruns=0 freshProtects=37 staleProtects=0
LogOGResimProbe: Warning: [Warning][ResimProbe.Landing] class=LocallyPredicted behind=60 atFrontier=0 discarded=0 atFrontierPerMille=0 windowSamples=120
LogOGResimProbe: Warning: [Warning][ResimProbe.Landing] class=RemoteProxy behind=60 atFrontier=0 discarded=0 atFrontierPerMille=0 windowSamples=120
LogOGDivergenceProbe: Warning: [Warning][DivergenceProbe.Window] class=LocallyPredicted corrections=60 disagreed=60 ratePerMille=1000 windowSamples=120
LogOGDivergenceProbe: Warning: [Warning][DivergenceProbe.Window] class=RemoteProxy corrections=60 disagreed=60 ratePerMille=1000 windowSamples=120
LogOGResimProbe: Warning: [Warning][ResimProbe.Frame] role=Client simTicks=120 frames=200 meanTicksPerFrameX100=60 p50=1 p99=1 max=1 meanFrameUs=10000
LogOGResimProbe: Warning: [Warning][ResimProbe.Frame] role=Client cadence dFrame1=40 dFrame0=0 dFrameGt1=80 discont=0 numSteps total=120 max=1 gt1=0
LogOGRelayProbe: Warning: [Warning][RelayProbe.Read] window=[24793,24913] src=Prediction hit=48 miss=72 verifyFail=0 rung0=0 total=120
LogOGRelayProbe: Warning: [Warning][RelayProbe.Read] window=[24793,24913] src=Resim hit=429 miss=50 verifyFail=0 rung0=0 total=479
LogOGRelayProbe: Warning: [Warning][RelayProbe.Miss] window=[24793,24913] src=Prediction inSpan=0 aboveNewest=72 belowOldest=0 noProbeTick=0 miss=72
LogOGRelayProbe: Warning: [Warning][RelayProbe.Miss] window=[24793,24913] src=Resim inSpan=0 aboveNewest=50 belowOldest=0 noProbeTick=0 miss=50
LogOGRelayProbe: Warning: [Warning][RelayProbe.Delta] window=[24793,24913] src=Prediction n=120 p10=-1 p50=1 p90=2 min=-2 max=4 satLow=0 satHigh=0
LogOGRelayProbe: Warning: [Warning][RelayProbe.Delta] window=[24793,24913] src=Resim n=479 p10=-6 p50=-3 p90=1 min=-8 max=4 satLow=0 satHigh=0
LogOGRelayProbe: Warning: [Warning][RelayProbe.Stale] window=[24793,24913] maxConsecutiveFallbackRun=6 id=28415
LogOGResimProbe: Warning: [Warning][ResimProbe.Gate] checks=120 declined=54 requested=66 requestedPerMille=550 deepSkips=0 survivingAnchors=0
LogOGResimProbe: Warning: [Warning][ResimProbe.Chaos] requests=66 grants=66 refused=0 refusedPerMille=0 repeat=0 clamped=0 depthMin=5 depthMax=8
LogOGResimProbe: Warning: [Warning][ResimProbe.Apply] prepares=66 finishes=66 abandoned=0 stuck=0 replayTicks=494 replayOverruns=0 freshProtects=35 staleProtects=0
LogOGResimProbe: Warning: [Warning][ResimProbe.Landing] class=LocallyPredicted behind=60 atFrontier=0 discarded=0 atFrontierPerMille=0 windowSamples=120
LogOGResimProbe: Warning: [Warning][ResimProbe.Landing] class=RemoteProxy behind=60 atFrontier=0 discarded=0 atFrontierPerMille=0 windowSamples=120
LogOGDivergenceProbe: Warning: [Warning][DivergenceProbe.Window] class=LocallyPredicted corrections=60 disagreed=60 ratePerMille=1000 windowSamples=120
LogOGDivergenceProbe: Warning: [Warning][DivergenceProbe.Window] class=RemoteProxy corrections=60 disagreed=60 ratePerMille=1000 windowSamples=120
LogOGResimProbe: Warning: [Warning][ResimProbe.Frame] role=Client simTicks=120 frames=199 meanTicksPerFrameX100=60 p50=1 p99=1 max=1 meanFrameUs=9999
LogOGResimProbe: Warning: [Warning][ResimProbe.Frame] role=Client cadence dFrame1=41 dFrame0=0 dFrameGt1=79 discont=0 numSteps total=120 max=1 gt1=0
LogOGRelayProbe: Warning: [Warning][RelayProbe.Arrival] samples=120 gapCaptureTicks p50=2 p99=4 max=5 noAdvance=0 saturated=0 lostCaptureTicksX1000=4 lost=1 delivered=226 expected=227 discont=0 discontMax=0
LogOGRelayProbe: Warning: [Warning][RelayProbe.Read] window=[24913,25033] src=Prediction hit=40 miss=80 verifyFail=0 rung0=0 total=120
LogOGRelayProbe: Warning: [Warning][RelayProbe.Read] window=[24913,25033] src=Resim hit=413 miss=55 verifyFail=0 rung0=0 total=468
LogOGRelayProbe: Warning: [Warning][RelayProbe.Miss] window=[24913,25033] src=Prediction inSpan=0 aboveNewest=80 belowOldest=0 noProbeTick=0 miss=80
LogOGRelayProbe: Warning: [Warning][RelayProbe.Miss] window=[24913,25033] src=Resim inSpan=1 aboveNewest=54 belowOldest=0 noProbeTick=0 miss=55
LogOGRelayProbe: Warning: [Warning][RelayProbe.Delta] window=[24913,25033] src=Prediction n=120 p10=-1 p50=1 p90=3 min=-2 max=4 satLow=0 satHigh=0
LogOGRelayProbe: Warning: [Warning][RelayProbe.Delta] window=[24913,25033] src=Resim n=468 p10=-6 p50=-3 p90=1 min=-9 max=4 satLow=0 satHigh=0
LogOGRelayProbe: Warning: [Warning][RelayProbe.Stale] window=[24913,25033] maxConsecutiveFallbackRun=12 id=28415
LogOGResimProbe: Warning: [Warning][ResimProbe.Gate] checks=120 declined=56 requested=64 requestedPerMille=533 deepSkips=0 survivingAnchors=0
LogOGResimProbe: Warning: [Warning][ResimProbe.Chaos] requests=65 grants=65 refused=0 refusedPerMille=0 repeat=0 clamped=0 depthMin=5 depthMax=8
LogOGResimProbe: Warning: [Warning][ResimProbe.Apply] prepares=65 finishes=65 abandoned=0 stuck=0 replayTicks=491 replayOverruns=0 freshProtects=37 staleProtects=0
LogOGResimProbe: Warning: [Warning][ResimProbe.Landing] class=LocallyPredicted behind=60 atFrontier=0 discarded=0 atFrontierPerMille=0 windowSamples=120
LogOGResimProbe: Warning: [Warning][ResimProbe.Landing] class=RemoteProxy behind=60 atFrontier=0 discarded=0 atFrontierPerMille=0 windowSamples=120
LogOGDivergenceProbe: Warning: [Warning][DivergenceProbe.Window] class=LocallyPredicted corrections=60 disagreed=60 ratePerMille=1000 windowSamples=120
LogOGDivergenceProbe: Warning: [Warning][DivergenceProbe.Window] class=RemoteProxy corrections=60 disagreed=60 ratePerMille=1000 windowSamples=120
LogOGResimProbe: Warning: [Warning][ResimProbe.Frame] role=Client simTicks=120 frames=201 meanTicksPerFrameX100=59 p50=1 p99=1 max=1 meanFrameUs=10000
LogOGResimProbe: Warning: [Warning][ResimProbe.Frame] role=Client cadence dFrame1=39 dFrame0=0 dFrameGt1=81 discont=0 numSteps total=120 max=1 gt1=0
LogOGRelayProbe: Warning: [Warning][RelayProbe.Read] window=[25033,25153] src=Prediction hit=42 miss=78 verifyFail=0 rung0=0 total=120
LogOGRelayProbe: Warning: [Warning][RelayProbe.Read] window=[25033,25153] src=Resim hit=463 miss=61 verifyFail=0 rung0=0 total=524
LogOGRelayProbe: Warning: [Warning][RelayProbe.Miss] window=[25033,25153] src=Prediction inSpan=0 aboveNewest=78 belowOldest=0 noProbeTick=0 miss=78
LogOGRelayProbe: Warning: [Warning][RelayProbe.Miss] window=[25033,25153] src=Resim inSpan=0 aboveNewest=61 belowOldest=0 noProbeTick=0 miss=61
LogOGRelayProbe: Warning: [Warning][RelayProbe.Delta] window=[25033,25153] src=Prediction n=120 p10=-1 p50=1 p90=3 min=-3 max=4 satLow=0 satHigh=0
LogOGRelayProbe: Warning: [Warning][RelayProbe.Delta] window=[25033,25153] src=Resim n=524 p10=-6 p50=-3 p90=1 min=-8 max=4 satLow=0 satHigh=0
LogOGRelayProbe: Warning: [Warning][RelayProbe.Stale] window=[25033,25153] maxConsecutiveFallbackRun=9 id=28415
LogOGResimProbe: Warning: [Warning][ResimProbe.Gate] checks=120 declined=51 requested=69 requestedPerMille=575 deepSkips=0 survivingAnchors=0
LogOGResimProbe: Warning: [Warning][ResimProbe.Chaos] requests=69 grants=69 refused=0 refusedPerMille=0 repeat=0 clamped=0 depthMin=5 depthMax=8
LogOGResimProbe: Warning: [Warning][ResimProbe.Apply] prepares=69 finishes=69 abandoned=0 stuck=0 replayTicks=539 replayOverruns=0 freshProtects=35 staleProtects=0
LogOGResimProbe: Warning: [Warning][ResimProbe.Landing] class=LocallyPredicted behind=60 atFrontier=0 discarded=0 atFrontierPerMille=0 windowSamples=120
LogOGResimProbe: Warning: [Warning][ResimProbe.Landing] class=RemoteProxy behind=60 atFrontier=0 discarded=0 atFrontierPerMille=0 windowSamples=120
LogOGDivergenceProbe: Warning: [Warning][DivergenceProbe.Window] class=LocallyPredicted corrections=60 disagreed=60 ratePerMille=1000 windowSamples=120
LogOGDivergenceProbe: Warning: [Warning][DivergenceProbe.Window] class=RemoteProxy corrections=60 disagreed=60 ratePerMille=1000 windowSamples=120
LogOGResimProbe: Warning: [Warning][ResimProbe.Frame] role=Client simTicks=120 frames=199 meanTicksPerFrameX100=60 p50=1 p99=1 max=1 meanFrameUs=9999
LogOGResimProbe: Warning: [Warning][ResimProbe.Frame] role=Client cadence dFrame1=41 dFrame0=0 dFrameGt1=79 discont=0 numSteps total=120 max=1 gt1=0
LogOGRelayProbe: Warning: [Warning][RelayProbe.Arrival] samples=120 gapCaptureTicks p50=2 p99=4 max=5 noAdvance=0 saturated=0 lostCaptureTicksX1000=8 lost=2 delivered=227 expected=229 discont=0 discontMax=0
LogOGRelayProbe: Warning: [Warning][RelayProbe.Read] window=[25153,25273] src=Prediction hit=26 miss=94 verifyFail=0 rung0=0 total=120
LogOGRelayProbe: Warning: [Warning][RelayProbe.Read] window=[25153,25273] src=Resim hit=353 miss=83 verifyFail=0 rung0=0 total=436
LogOGRelayProbe: Warning: [Warning][RelayProbe.Miss] window=[25153,25273] src=Prediction inSpan=0 aboveNewest=94 belowOldest=0 noProbeTick=0 miss=94
LogOGRelayProbe: Warning: [Warning][RelayProbe.Miss] window=[25153,25273] src=Resim inSpan=8 aboveNewest=75 belowOldest=0 noProbeTick=0 miss=83
LogOGRelayProbe: Warning: [Warning][RelayProbe.Delta] window=[25153,25273] src=Prediction n=120 p10=0 p50=2 p90=3 min=-2 max=5 satLow=0 satHigh=0
LogOGRelayProbe: Warning: [Warning][RelayProbe.Delta] window=[25153,25273] src=Resim n=436 p10=-5 p50=-2 p90=1 min=-8 max=4 satLow=0 satHigh=0
LogOGRelayProbe: Warning: [Warning][RelayProbe.Stale] window=[25153,25273] maxConsecutiveFallbackRun=18 id=28415
LogOGResimProbe: Warning: [Warning][ResimProbe.Gate] checks=120 declined=60 requested=60 requestedPerMille=500 deepSkips=0 survivingAnchors=0
LogOGResimProbe: Warning: [Warning][ResimProbe.Chaos] requests=60 grants=60 refused=0 refusedPerMille=0 repeat=0 clamped=0 depthMin=5 depthMax=8
LogOGResimProbe: Warning: [Warning][ResimProbe.Apply] prepares=60 finishes=60 abandoned=0 stuck=0 replayTicks=458 replayOverruns=0 freshProtects=37 staleProtects=0
LogOGResimProbe: Warning: [Warning][ResimProbe.Landing] class=LocallyPredicted behind=60 atFrontier=0 discarded=0 atFrontierPerMille=0 windowSamples=120
LogOGResimProbe: Warning: [Warning][ResimProbe.Landing] class=RemoteProxy behind=60 atFrontier=0 discarded=0 atFrontierPerMille=0 windowSamples=120
LogOGDivergenceProbe: Warning: [Warning][DivergenceProbe.Window] class=LocallyPredicted corrections=60 disagreed=60 ratePerMille=1000 windowSamples=120
LogOGDivergenceProbe: Warning: [Warning][DivergenceProbe.Window] class=RemoteProxy corrections=60 disagreed=60 ratePerMille=1000 windowSamples=120
LogOGResimProbe: Warning: [Warning][ResimProbe.Frame] role=Client simTicks=120 frames=200 meanTicksPerFrameX100=60 p50=1 p99=1 max=1 meanFrameUs=10000
LogOGResimProbe: Warning: [Warning][ResimProbe.Frame] role=Client cadence dFrame1=40 dFrame0=0 dFrameGt1=80 discont=0 numSteps total=120 max=1 gt1=0
LogOGRelayProbe: Warning: [Warning][RelayProbe.Read] window=[25273,25393] src=Prediction hit=39 miss=81 verifyFail=0 rung0=0 total=120
LogOGRelayProbe: Warning: [Warning][RelayProbe.Read] window=[25273,25393] src=Resim hit=432 miss=62 verifyFail=0 rung0=0 total=494
LogOGRelayProbe: Warning: [Warning][RelayProbe.Miss] window=[25273,25393] src=Prediction inSpan=0 aboveNewest=81 belowOldest=0 noProbeTick=0 miss=81
LogOGRelayProbe: Warning: [Warning][RelayProbe.Miss] window=[25273,25393] src=Resim inSpan=0 aboveNewest=62 belowOldest=0 noProbeTick=0 miss=62
LogOGRelayProbe: Warning: [Warning][RelayProbe.Delta] window=[25273,25393] src=Prediction n=120 p10=-1 p50=1 p90=3 min=-2 max=4 satLow=0 satHigh=0
LogOGRelayProbe: Warning: [Warning][RelayProbe.Delta] window=[25273,25393] src=Resim n=494 p10=-6 p50=-3 p90=1 min=-8 max=3 satLow=0 satHigh=0
LogOGRelayProbe: Warning: [Warning][RelayProbe.Stale] window=[25273,25393] maxConsecutiveFallbackRun=13 id=28415
LogOGResimProbe: Warning: [Warning][ResimProbe.Gate] checks=120 declined=51 requested=69 requestedPerMille=575 deepSkips=0 survivingAnchors=0
LogOGResimProbe: Warning: [Warning][ResimProbe.Chaos] requests=68 grants=68 refused=0 refusedPerMille=0 repeat=0 clamped=0 depthMin=5 depthMax=8
LogOGResimProbe: Warning: [Warning][ResimProbe.Apply] prepares=68 finishes=68 abandoned=0 stuck=0 replayTicks=520 replayOverruns=0 freshProtects=35 staleProtects=0
LogOGResimProbe: Warning: [Warning][ResimProbe.Landing] class=LocallyPredicted behind=60 atFrontier=0 discarded=0 atFrontierPerMille=0 windowSamples=120
LogOGResimProbe: Warning: [Warning][ResimProbe.Landing] class=RemoteProxy behind=60 atFrontier=0 discarded=0 atFrontierPerMille=0 windowSamples=120
LogOGDivergenceProbe: Warning: [Warning][DivergenceProbe.Window] class=LocallyPredicted corrections=60 disagreed=60 ratePerMille=1000 windowSamples=120
LogOGDivergenceProbe: Warning: [Warning][DivergenceProbe.Window] class=RemoteProxy corrections=60 disagreed=60 ratePerMille=1000 windowSamples=120
LogOGResimProbe: Warning: [Warning][ResimProbe.Frame] role=Client simTicks=120 frames=200 meanTicksPerFrameX100=60 p50=1 p99=1 max=1 meanFrameUs=10000
LogOGResimProbe: Warning: [Warning][ResimProbe.Frame] role=Client cadence dFrame1=40 dFrame0=0 dFrameGt1=80 discont=0 numSteps total=120 max=1 gt1=0
LogOGRelayProbe: Warning: [Warning][RelayProbe.Arrival] samples=120 gapCaptureTicks p50=2 p99=5 max=5 noAdvance=0 saturated=0 lostCaptureTicksX1000=0 lost=0 delivered=235 expected=235 discont=0 discontMax=0
LogOGRelayProbe: Warning: [Warning][RelayProbe.Read] window=[25393,25513] src=Prediction hit=37 miss=83 verifyFail=0 rung0=0 total=120
LogOGRelayProbe: Warning: [Warning][RelayProbe.Read] window=[25393,25513] src=Resim hit=432 miss=63 verifyFail=0 rung0=0 total=495
LogOGRelayProbe: Warning: [Warning][RelayProbe.Miss] window=[25393,25513] src=Prediction inSpan=0 aboveNewest=83 belowOldest=0 noProbeTick=0 miss=83
LogOGRelayProbe: Warning: [Warning][RelayProbe.Miss] window=[25393,25513] src=Resim inSpan=0 aboveNewest=63 belowOldest=0 noProbeTick=0 miss=63
LogOGRelayProbe: Warning: [Warning][RelayProbe.Delta] window=[25393,25513] src=Prediction n=120 p10=0 p50=1 p90=3 min=-2 max=5 satLow=0 satHigh=0
LogOGRelayProbe: Warning: [Warning][RelayProbe.Delta] window=[25393,25513] src=Resim n=495 p10=-5 p50=-2 p90=1 min=-8 max=4 satLow=0 satHigh=0
LogOGRelayProbe: Warning: [Warning][RelayProbe.Stale] window=[25393,25513] maxConsecutiveFallbackRun=13 id=28415
LogOGResimProbe: Warning: [Warning][ResimProbe.Gate] checks=120 declined=53 requested=67 requestedPerMille=558 deepSkips=0 survivingAnchors=0
LogOGResimProbe: Warning: [Warning][ResimProbe.Chaos] requests=67 grants=67 refused=0 refusedPerMille=0 repeat=0 clamped=0 depthMin=5 depthMax=8
LogOGResimProbe: Warning: [Warning][ResimProbe.Apply] prepares=67 finishes=67 abandoned=0 stuck=0 replayTicks=504 replayOverruns=0 freshProtects=32 staleProtects=0
LogOGResimProbe: Warning: [Warning][ResimProbe.Landing] class=LocallyPredicted behind=60 atFrontier=0 discarded=0 atFrontierPerMille=0 windowSamples=120
LogOGResimProbe: Warning: [Warning][ResimProbe.Landing] class=RemoteProxy behind=60 atFrontier=0 discarded=0 atFrontierPerMille=0 windowSamples=120
LogOGDivergenceProbe: Warning: [Warning][DivergenceProbe.Window] class=LocallyPredicted corrections=60 disagreed=60 ratePerMille=1000 windowSamples=120
LogOGDivergenceProbe: Warning: [Warning][DivergenceProbe.Window] class=RemoteProxy corrections=60 disagreed=60 ratePerMille=1000 windowSamples=120
LogOGResimProbe: Warning: [Warning][ResimProbe.Frame] role=Client simTicks=120 frames=200 meanTicksPerFrameX100=60 p50=1 p99=1 max=1 meanFrameUs=10000
LogOGResimProbe: Warning: [Warning][ResimProbe.Frame] role=Client cadence dFrame1=40 dFrame0=0 dFrameGt1=80 discont=0 numSteps total=120 max=1 gt1=0
LogOGRelayProbe: Warning: [Warning][RelayProbe.Read] window=[25513,25633] src=Prediction hit=43 miss=77 verifyFail=0 rung0=0 total=120
LogOGRelayProbe: Warning: [Warning][RelayProbe.Read] window=[25513,25633] src=Resim hit=374 miss=40 verifyFail=0 rung0=0 total=414
LogOGRelayProbe: Warning: [Warning][RelayProbe.Miss] window=[25513,25633] src=Prediction inSpan=1 aboveNewest=76 belowOldest=0 noProbeTick=0 miss=77
LogOGRelayProbe: Warning: [Warning][RelayProbe.Miss] window=[25513,25633] src=Resim inSpan=4 aboveNewest=36 belowOldest=0 noProbeTick=0 miss=40
LogOGRelayProbe: Warning: [Warning][RelayProbe.Delta] window=[25513,25633] src=Prediction n=120 p10=-1 p50=1 p90=2 min=-3 max=4 satLow=0 satHigh=0
LogOGRelayProbe: Warning: [Warning][RelayProbe.Delta] window=[25513,25633] src=Resim n=414 p10=-6 p50=-3 p90=0 min=-8 max=3 satLow=0 satHigh=0
LogOGRelayProbe: Warning: [Warning][RelayProbe.Stale] window=[25513,25633] maxConsecutiveFallbackRun=14 id=28415
LogOGResimProbe: Warning: [Warning][ResimProbe.Gate] checks=120 declined=61 requested=59 requestedPerMille=492 deepSkips=0 survivingAnchors=0
LogOGResimProbe: Warning: [Warning][ResimProbe.Chaos] requests=59 grants=59 refused=0 refusedPerMille=0 repeat=0 clamped=0 depthMin=5 depthMax=8
LogOGResimProbe: Warning: [Warning][ResimProbe.Apply] prepares=59 finishes=59 abandoned=0 stuck=0 replayTicks=432 replayOverruns=0 freshProtects=36 staleProtects=0
LogOGResimProbe: Warning: [Warning][ResimProbe.Landing] class=LocallyPredicted behind=59 atFrontier=0 discarded=0 atFrontierPerMille=0 windowSamples=120
LogOGResimProbe: Warning: [Warning][ResimProbe.Landing] class=RemoteProxy behind=61 atFrontier=0 discarded=0 atFrontierPerMille=0 windowSamples=120
LogOGDivergenceProbe: Warning: [Warning][DivergenceProbe.Window] class=LocallyPredicted corrections=59 disagreed=59 ratePerMille=1000 windowSamples=120
LogOGDivergenceProbe: Warning: [Warning][DivergenceProbe.Window] class=RemoteProxy corrections=61 disagreed=61 ratePerMille=1000 windowSamples=120
LogOGResimProbe: Warning: [Warning][ResimProbe.Frame] role=Client simTicks=120 frames=200 meanTicksPerFrameX100=60 p50=1 p99=1 max=1 meanFrameUs=10000
LogOGResimProbe: Warning: [Warning][ResimProbe.Frame] role=Client cadence dFrame1=40 dFrame0=0 dFrameGt1=80 discont=0 numSteps total=120 max=1 gt1=0
LogOGRelayProbe: Warning: [Warning][RelayProbe.Arrival] samples=120 gapCaptureTicks p50=2 p99=4 max=6 noAdvance=0 saturated=0 lostCaptureTicksX1000=25 lost=6 delivered=230 expected=236 discont=0 discontMax=0
LogOGRelayProbe: Warning: [Warning][RelayProbe.Read] window=[25633,25753] src=Prediction hit=36 miss=84 verifyFail=0 rung0=0 total=120
LogOGRelayProbe: Warning: [Warning][RelayProbe.Read] window=[25633,25753] src=Resim hit=416 miss=75 verifyFail=0 rung0=0 total=491
LogOGRelayProbe: Warning: [Warning][RelayProbe.Miss] window=[25633,25753] src=Prediction inSpan=0 aboveNewest=84 belowOldest=0 noProbeTick=0 miss=84
LogOGRelayProbe: Warning: [Warning][RelayProbe.Miss] window=[25633,25753] src=Resim inSpan=9 aboveNewest=66 belowOldest=0 noProbeTick=0 miss=75
LogOGRelayProbe: Warning: [Warning][RelayProbe.Delta] window=[25633,25753] src=Prediction n=120 p10=-1 p50=1 p90=3 min=-2 max=6 satLow=0 satHigh=0
LogOGRelayProbe: Warning: [Warning][RelayProbe.Delta] window=[25633,25753] src=Resim n=491 p10=-6 p50=-2 p90=1 min=-8 max=6 satLow=0 satHigh=0
LogOGRelayProbe: Warning: [Warning][RelayProbe.Stale] window=[25633,25753] maxConsecutiveFallbackRun=12 id=28415
LogOGResimProbe: Warning: [Warning][ResimProbe.Gate] checks=120 declined=54 requested=66 requestedPerMille=550 deepSkips=0 survivingAnchors=0
LogOGResimProbe: Warning: [Warning][ResimProbe.Chaos] requests=67 grants=67 refused=0 refusedPerMille=0 repeat=0 clamped=0 depthMin=5 depthMax=8
LogOGResimProbe: Warning: [Warning][ResimProbe.Apply] prepares=67 finishes=67 abandoned=0 stuck=0 replayTicks=515 replayOverruns=0 freshProtects=38 staleProtects=0
LogOGResimProbe: Warning: [Warning][ResimProbe.Landing] class=LocallyPredicted behind=61 atFrontier=0 discarded=0 atFrontierPerMille=0 windowSamples=120
LogOGResimProbe: Warning: [Warning][ResimProbe.Landing] class=RemoteProxy behind=59 atFrontier=0 discarded=0 atFrontierPerMille=0 windowSamples=120
LogOGDivergenceProbe: Warning: [Warning][DivergenceProbe.Window] class=LocallyPredicted corrections=61 disagreed=61 ratePerMille=1000 windowSamples=120
LogOGDivergenceProbe: Warning: [Warning][DivergenceProbe.Window] class=RemoteProxy corrections=59 disagreed=59 ratePerMille=1000 windowSamples=120
LogOGResimProbe: Warning: [Warning][ResimProbe.Frame] role=Client simTicks=120 frames=200 meanTicksPerFrameX100=60 p50=1 p99=1 max=1 meanFrameUs=10000
LogOGResimProbe: Warning: [Warning][ResimProbe.Frame] role=Client cadence dFrame1=40 dFrame0=0 dFrameGt1=80 discont=0 numSteps total=120 max=1 gt1=0
LogOGRelayProbe: Warning: [Warning][RelayProbe.Read] window=[25753,25873] src=Prediction hit=43 miss=77 verifyFail=0 rung0=0 total=120
LogOGRelayProbe: Warning: [Warning][RelayProbe.Read] window=[25753,25873] src=Resim hit=435 miss=53 verifyFail=0 rung0=0 total=488
LogOGRelayProbe: Warning: [Warning][RelayProbe.Miss] window=[25753,25873] src=Prediction inSpan=0 aboveNewest=77 belowOldest=0 noProbeTick=0 miss=77
LogOGRelayProbe: Warning: [Warning][RelayProbe.Miss] window=[25753,25873] src=Resim inSpan=0 aboveNewest=53 belowOldest=0 noProbeTick=0 miss=53
LogOGRelayProbe: Warning: [Warning][RelayProbe.Delta] window=[25753,25873] src=Prediction n=120 p10=-1 p50=1 p90=3 min=-2 max=4 satLow=0 satHigh=0
LogOGRelayProbe: Warning: [Warning][RelayProbe.Delta] window=[25753,25873] src=Resim n=488 p10=-6 p50=-3 p90=1 min=-8 max=4 satLow=0 satHigh=0
LogOGRelayProbe: Warning: [Warning][RelayProbe.Stale] window=[25753,25873] maxConsecutiveFallbackRun=25 id=28415
LogOGResimProbe: Warning: [Warning][ResimProbe.Gate] checks=120 declined=54 requested=66 requestedPerMille=550 deepSkips=0 survivingAnchors=0
LogOGResimProbe: Warning: [Warning][ResimProbe.Chaos] requests=66 grants=66 refused=0 refusedPerMille=0 repeat=0 clamped=0 depthMin=5 depthMax=8
LogOGResimProbe: Warning: [Warning][ResimProbe.Apply] prepares=66 finishes=66 abandoned=0 stuck=0 replayTicks=505 replayOverruns=0 freshProtects=35 staleProtects=0
LogOGResimProbe: Warning: [Warning][ResimProbe.Landing] class=LocallyPredicted behind=60 atFrontier=0 discarded=0 atFrontierPerMille=0 windowSamples=120
LogOGResimProbe: Warning: [Warning][ResimProbe.Landing] class=RemoteProxy behind=60 atFrontier=0 discarded=0 atFrontierPerMille=0 windowSamples=120
LogOGDivergenceProbe: Warning: [Warning][DivergenceProbe.Window] class=LocallyPredicted corrections=60 disagreed=60 ratePerMille=1000 windowSamples=120
LogOGDivergenceProbe: Warning: [Warning][DivergenceProbe.Window] class=RemoteProxy corrections=60 disagreed=60 ratePerMille=1000 windowSamples=120
LogOGResimProbe: Warning: [Warning][ResimProbe.Frame] role=Client simTicks=120 frames=199 meanTicksPerFrameX100=60 p50=1 p99=1 max=1 meanFrameUs=10000
LogOGResimProbe: Warning: [Warning][ResimProbe.Frame] role=Client cadence dFrame1=41 dFrame0=0 dFrameGt1=79 discont=0 numSteps total=120 max=1 gt1=0
LogOGRelayProbe: Warning: [Warning][RelayProbe.Arrival] samples=120 gapCaptureTicks p50=2 p99=5 max=5 noAdvance=0 saturated=0 lostCaptureTicksX1000=12 lost=3 delivered=232 expected=235 discont=0 discontMax=0
LogOGRelayProbe: Warning: [Warning][RelayProbe.Read] window=[25873,25993] src=Prediction hit=40 miss=80 verifyFail=0 rung0=0 total=120
LogOGRelayProbe: Warning: [Warning][RelayProbe.Read] window=[25873,25993] src=Resim hit=368 miss=85 verifyFail=0 rung0=0 total=453
LogOGRelayProbe: Warning: [Warning][RelayProbe.Miss] window=[25873,25993] src=Prediction inSpan=0 aboveNewest=80 belowOldest=0 noProbeTick=0 miss=80
LogOGRelayProbe: Warning: [Warning][RelayProbe.Miss] window=[25873,25993] src=Resim inSpan=15 aboveNewest=70 belowOldest=0 noProbeTick=0 miss=85
LogOGRelayProbe: Warning: [Warning][RelayProbe.Delta] window=[25873,25993] src=Prediction n=120 p10=-1 p50=1 p90=3 min=-2 max=6 satLow=0 satHigh=0
LogOGRelayProbe: Warning: [Warning][RelayProbe.Delta] window=[25873,25993] src=Resim n=453 p10=-5 p50=-2 p90=1 min=-8 max=4 satLow=0 satHigh=0
LogOGRelayProbe: Warning: [Warning][RelayProbe.Stale] window=[25873,25993] maxConsecutiveFallbackRun=28 id=28415
LogOGResimProbe: Warning: [Warning][ResimProbe.Gate] checks=120 declined=54 requested=66 requestedPerMille=550 deepSkips=0 survivingAnchors=0
LogOGResimProbe: Warning: [Warning][ResimProbe.Chaos] requests=65 grants=65 refused=0 refusedPerMille=0 repeat=0 clamped=0 depthMin=4 depthMax=8
LogOGResimProbe: Warning: [Warning][ResimProbe.Apply] prepares=65 finishes=65 abandoned=0 stuck=0 replayTicks=471 replayOverruns=0 freshProtects=33 staleProtects=0
LogOGResimProbe: Warning: [Warning][ResimProbe.Landing] class=LocallyPredicted behind=60 atFrontier=0 discarded=0 atFrontierPerMille=0 windowSamples=120
LogOGResimProbe: Warning: [Warning][ResimProbe.Landing] class=RemoteProxy behind=60 atFrontier=0 discarded=0 atFrontierPerMille=0 windowSamples=120
LogOGDivergenceProbe: Warning: [Warning][DivergenceProbe.Window] class=LocallyPredicted corrections=60 disagreed=60 ratePerMille=1000 windowSamples=120
LogOGDivergenceProbe: Warning: [Warning][DivergenceProbe.Window] class=RemoteProxy corrections=60 disagreed=60 ratePerMille=1000 windowSamples=120
LogOGResimProbe: Warning: [Warning][ResimProbe.Frame] role=Client simTicks=120 frames=200 meanTicksPerFrameX100=60 p50=1 p99=1 max=1 meanFrameUs=9999
LogOGResimProbe: Warning: [Warning][ResimProbe.Frame] role=Client cadence dFrame1=40 dFrame0=0 dFrameGt1=80 discont=0 numSteps total=120 max=1 gt1=0
LogOGRelayProbe: Warning: [Warning][RelayProbe.Read] window=[25993,26113] src=Prediction hit=34 miss=86 verifyFail=0 rung0=0 total=120
LogOGRelayProbe: Warning: [Warning][RelayProbe.Read] window=[25993,26113] src=Resim hit=439 miss=82 verifyFail=0 rung0=0 total=521
LogOGRelayProbe: Warning: [Warning][RelayProbe.Miss] window=[25993,26113] src=Prediction inSpan=0 aboveNewest=86 belowOldest=0 noProbeTick=0 miss=86
LogOGRelayProbe: Warning: [Warning][RelayProbe.Miss] window=[25993,26113] src=Resim inSpan=11 aboveNewest=71 belowOldest=0 noProbeTick=0 miss=82
LogOGRelayProbe: Warning: [Warning][RelayProbe.Delta] window=[25993,26113] src=Prediction n=120 p10=0 p50=1 p90=3 min=-2 max=4 satLow=0 satHigh=0
LogOGRelayProbe: Warning: [Warning][RelayProbe.Delta] window=[25993,26113] src=Resim n=521 p10=-6 p50=-2 p90=1 min=-8 max=4 satLow=0 satHigh=0
LogOGRelayProbe: Warning: [Warning][RelayProbe.Stale] window=[25993,26113] maxConsecutiveFallbackRun=12 id=28415
LogOGResimProbe: Warning: [Warning][ResimProbe.Gate] checks=120 declined=53 requested=67 requestedPerMille=558 deepSkips=0 survivingAnchors=0
LogOGResimProbe: Warning: [Warning][ResimProbe.Chaos] requests=67 grants=67 refused=0 refusedPerMille=0 repeat=0 clamped=0 depthMin=5 depthMax=9
LogOGResimProbe: Warning: [Warning][ResimProbe.Apply] prepares=67 finishes=67 abandoned=0 stuck=0 replayTicks=534 replayOverruns=0 freshProtects=36 staleProtects=0
LogOGResimProbe: Warning: [Warning][ResimProbe.Landing] class=LocallyPredicted behind=60 atFrontier=0 discarded=0 atFrontierPerMille=0 windowSamples=120
LogOGResimProbe: Warning: [Warning][ResimProbe.Landing] class=RemoteProxy behind=60 atFrontier=0 discarded=0 atFrontierPerMille=0 windowSamples=120
LogOGDivergenceProbe: Warning: [Warning][DivergenceProbe.Window] class=LocallyPredicted corrections=60 disagreed=60 ratePerMille=1000 windowSamples=120
LogOGDivergenceProbe: Warning: [Warning][DivergenceProbe.Window] class=RemoteProxy corrections=60 disagreed=60 ratePerMille=1000 windowSamples=120
LogOGResimProbe: Warning: [Warning][ResimProbe.Frame] role=Client simTicks=120 frames=201 meanTicksPerFrameX100=59 p50=1 p99=1 max=1 meanFrameUs=10000
LogOGResimProbe: Warning: [Warning][ResimProbe.Frame] role=Client cadence dFrame1=39 dFrame0=0 dFrameGt1=81 discont=0 numSteps total=120 max=1 gt1=0
LogOGRelayProbe: Warning: [Warning][RelayProbe.Arrival] samples=120 gapCaptureTicks p50=2 p99=5 max=5 noAdvance=0 saturated=0 lostCaptureTicksX1000=13 lost=3 delivered=223 expected=226 discont=0 discontMax=0
LogOGRelayProbe: Warning: [Warning][RelayProbe.Read] window=[26113,26233] src=Prediction hit=62 miss=58 verifyFail=0 rung0=0 total=120
LogOGRelayProbe: Warning: [Warning][RelayProbe.Read] window=[26113,26233] src=Resim hit=444 miss=33 verifyFail=0 rung0=0 total=477
LogOGRelayProbe: Warning: [Warning][RelayProbe.Miss] window=[26113,26233] src=Prediction inSpan=0 aboveNewest=58 belowOldest=0 noProbeTick=0 miss=58
LogOGRelayProbe: Warning: [Warning][RelayProbe.Miss] window=[26113,26233] src=Resim inSpan=0 aboveNewest=33 belowOldest=0 noProbeTick=0 miss=33
LogOGRelayProbe: Warning: [Warning][RelayProbe.Delta] window=[26113,26233] src=Prediction n=120 p10=-1 p50=0 p90=2 min=-2 max=4 satLow=0 satHigh=0
LogOGRelayProbe: Warning: [Warning][RelayProbe.Delta] window=[26113,26233] src=Resim n=477 p10=-6 p50=-3 p90=0 min=-8 max=3 satLow=0 satHigh=0
LogOGRelayProbe: Warning: [Warning][RelayProbe.Stale] window=[26113,26233] maxConsecutiveFallbackRun=8 id=28415
LogOGResimProbe: Warning: [Warning][ResimProbe.Gate] checks=120 declined=51 requested=69 requestedPerMille=575 deepSkips=0 survivingAnchors=0
LogOGResimProbe: Warning: [Warning][ResimProbe.Chaos] requests=69 grants=69 refused=0 refusedPerMille=0 repeat=0 clamped=0 depthMin=5 depthMax=8
LogOGResimProbe: Warning: [Warning][ResimProbe.Apply] prepares=69 finishes=69 abandoned=0 stuck=0 replayTicks=504 replayOverruns=0 freshProtects=30 staleProtects=0
LogOGResimProbe: Warning: [Warning][ResimProbe.Landing] class=LocallyPredicted behind=59 atFrontier=0 discarded=0 atFrontierPerMille=0 windowSamples=120
LogOGResimProbe: Warning: [Warning][ResimProbe.Landing] class=RemoteProxy behind=61 atFrontier=0 discarded=0 atFrontierPerMille=0 windowSamples=120
LogOGDivergenceProbe: Warning: [Warning][DivergenceProbe.Window] class=LocallyPredicted corrections=59 disagreed=59 ratePerMille=1000 windowSamples=120
LogOGDivergenceProbe: Warning: [Warning][DivergenceProbe.Window] class=RemoteProxy corrections=61 disagreed=61 ratePerMille=1000 windowSamples=120
LogOGResimProbe: Warning: [Warning][ResimProbe.Frame] role=Client simTicks=120 frames=200 meanTicksPerFrameX100=60 p50=1 p99=1 max=1 meanFrameUs=10000
LogOGResimProbe: Warning: [Warning][ResimProbe.Frame] role=Client cadence dFrame1=40 dFrame0=0 dFrameGt1=80 discont=0 numSteps total=120 max=1 gt1=0
LogOGRelayProbe: Warning: [Warning][RelayProbe.Read] window=[26233,26353] src=Prediction hit=37 miss=83 verifyFail=0 rung0=0 total=120
LogOGRelayProbe: Warning: [Warning][RelayProbe.Read] window=[26233,26353] src=Resim hit=415 miss=57 verifyFail=0 rung0=0 total=472
LogOGRelayProbe: Warning: [Warning][RelayProbe.Miss] window=[26233,26353] src=Prediction inSpan=0 aboveNewest=83 belowOldest=0 noProbeTick=0 miss=83
LogOGRelayProbe: Warning: [Warning][RelayProbe.Miss] window=[26233,26353] src=Resim inSpan=0 aboveNewest=57 belowOldest=0 noProbeTick=0 miss=57
LogOGRelayProbe: Warning: [Warning][RelayProbe.Delta] window=[26233,26353] src=Prediction n=120 p10=0 p50=1 p90=3 min=-2 max=4 satLow=0 satHigh=0
LogOGRelayProbe: Warning: [Warning][RelayProbe.Delta] window=[26233,26353] src=Resim n=472 p10=-5 p50=-2 p90=1 min=-7 max=3 satLow=0 satHigh=0
LogOGRelayProbe: Warning: [Warning][RelayProbe.Stale] window=[26233,26353] maxConsecutiveFallbackRun=10 id=28415
LogOGResimProbe: Warning: [Warning][ResimProbe.Gate] checks=120 declined=57 requested=63 requestedPerMille=525 deepSkips=0 survivingAnchors=0
LogOGResimProbe: Warning: [Warning][ResimProbe.Chaos] requests=64 grants=64 refused=0 refusedPerMille=0 repeat=0 clamped=0 depthMin=5 depthMax=8
LogOGResimProbe: Warning: [Warning][ResimProbe.Apply] prepares=64 finishes=64 abandoned=0 stuck=0 replayTicks=494 replayOverruns=0 freshProtects=37 staleProtects=0
LogOGResimProbe: Warning: [Warning][ResimProbe.Landing] class=LocallyPredicted behind=60 atFrontier=0 discarded=0 atFrontierPerMille=0 windowSamples=120
LogOGResimProbe: Warning: [Warning][ResimProbe.Landing] class=RemoteProxy behind=60 atFrontier=0 discarded=0 atFrontierPerMille=0 windowSamples=120
LogOGDivergenceProbe: Warning: [Warning][DivergenceProbe.Window] class=LocallyPredicted corrections=60 disagreed=60 ratePerMille=1000 windowSamples=120
LogOGDivergenceProbe: Warning: [Warning][DivergenceProbe.Window] class=RemoteProxy corrections=60 disagreed=60 ratePerMille=1000 windowSamples=120
LogOGResimProbe: Warning: [Warning][ResimProbe.Frame] role=Client simTicks=120 frames=200 meanTicksPerFrameX100=60 p50=1 p99=1 max=1 meanFrameUs=10000
LogOGResimProbe: Warning: [Warning][ResimProbe.Frame] role=Client cadence dFrame1=40 dFrame0=0 dFrameGt1=80 discont=0 numSteps total=120 max=1 gt1=0
LogOGRelayProbe: Warning: [Warning][RelayProbe.Arrival] samples=120 gapCaptureTicks p50=2 p99=4 max=4 noAdvance=0 saturated=0 lostCaptureTicksX1000=4 lost=1 delivered=230 expected=231 discont=0 discontMax=0
LogOGRelayProbe: Warning: [Warning][RelayProbe.Read] window=[26353,26473] src=Prediction hit=51 miss=69 verifyFail=0 rung0=0 total=120
LogOGRelayProbe: Warning: [Warning][RelayProbe.Read] window=[26353,26473] src=Resim hit=470 miss=62 verifyFail=0 rung0=0 total=532
LogOGRelayProbe: Warning: [Warning][RelayProbe.Miss] window=[26353,26473] src=Prediction inSpan=0 aboveNewest=69 belowOldest=0 noProbeTick=0 miss=69
LogOGRelayProbe: Warning: [Warning][RelayProbe.Miss] window=[26353,26473] src=Resim inSpan=4 aboveNewest=58 belowOldest=0 noProbeTick=0 miss=62
LogOGRelayProbe: Warning: [Warning][RelayProbe.Delta] window=[26353,26473] src=Prediction n=120 p10=-1 p50=1 p90=3 min=-2 max=4 satLow=0 satHigh=0
LogOGRelayProbe: Warning: [Warning][RelayProbe.Delta] window=[26353,26473] src=Resim n=532 p10=-6 p50=-3 p90=1 min=-8 max=4 satLow=0 satHigh=0
LogOGRelayProbe: Warning: [Warning][RelayProbe.Stale] window=[26353,26473] maxConsecutiveFallbackRun=16 id=28415
LogOGResimProbe: Warning: [Warning][ResimProbe.Gate] checks=120 declined=45 requested=75 requestedPerMille=625 deepSkips=0 survivingAnchors=0
LogOGResimProbe: Warning: [Warning][ResimProbe.Chaos] requests=74 grants=74 refused=0 refusedPerMille=0 repeat=0 clamped=0 depthMin=4 depthMax=8
LogOGResimProbe: Warning: [Warning][ResimProbe.Apply] prepares=74 finishes=74 abandoned=0 stuck=0 replayTicks=549 replayOverruns=0 freshProtects=36 staleProtects=0
LogOGResimProbe: Warning: [Warning][ResimProbe.Landing] class=LocallyPredicted behind=60 atFrontier=0 discarded=0 atFrontierPerMille=0 windowSamples=120
LogOGResimProbe: Warning: [Warning][ResimProbe.Landing] class=RemoteProxy behind=60 atFrontier=0 discarded=0 atFrontierPerMille=0 windowSamples=120
LogOGDivergenceProbe: Warning: [Warning][DivergenceProbe.Window] class=LocallyPredicted corrections=60 disagreed=60 ratePerMille=1000 windowSamples=120
LogOGDivergenceProbe: Warning: [Warning][DivergenceProbe.Window] class=RemoteProxy corrections=60 disagreed=60 ratePerMille=1000 windowSamples=120
LogOGResimProbe: Warning: [Warning][ResimProbe.Frame] role=Client simTicks=120 frames=200 meanTicksPerFrameX100=60 p50=1 p99=1 max=1 meanFrameUs=10000
LogOGResimProbe: Warning: [Warning][ResimProbe.Frame] role=Client cadence dFrame1=40 dFrame0=0 dFrameGt1=80 discont=0 numSteps total=120 max=1 gt1=0
LogOGRelayProbe: Warning: [Warning][RelayProbe.Read] window=[26473,26593] src=Prediction hit=39 miss=81 verifyFail=0 rung0=0 total=120
LogOGRelayProbe: Warning: [Warning][RelayProbe.Read] window=[26473,26593] src=Resim hit=392 miss=49 verifyFail=0 rung0=0 total=441
LogOGRelayProbe: Warning: [Warning][RelayProbe.Miss] window=[26473,26593] src=Prediction inSpan=0 aboveNewest=81 belowOldest=0 noProbeTick=0 miss=81
LogOGRelayProbe: Warning: [Warning][RelayProbe.Miss] window=[26473,26593] src=Resim inSpan=0 aboveNewest=49 belowOldest=0 noProbeTick=0 miss=49
LogOGRelayProbe: Warning: [Warning][RelayProbe.Delta] window=[26473,26593] src=Prediction n=120 p10=-1 p50=1 p90=3 min=-3 max=4 satLow=0 satHigh=0
LogOGRelayProbe: Warning: [Warning][RelayProbe.Delta] window=[26473,26593] src=Resim n=441 p10=-6 p50=-3 p90=1 min=-8 max=3 satLow=0 satHigh=0
LogOGRelayProbe: Warning: [Warning][RelayProbe.Stale] window=[26473,26593] maxConsecutiveFallbackRun=11 id=28415
LogOGResimProbe: Warning: [Warning][ResimProbe.Gate] checks=120 declined=60 requested=60 requestedPerMille=500 deepSkips=0 survivingAnchors=0
LogOGResimProbe: Warning: [Warning][ResimProbe.Chaos] requests=61 grants=61 refused=0 refusedPerMille=0 repeat=0 clamped=0 depthMin=5 depthMax=8
LogOGResimProbe: Warning: [Warning][ResimProbe.Apply] prepares=61 finishes=61 abandoned=0 stuck=0 replayTicks=467 replayOverruns=0 freshProtects=40 staleProtects=0
LogOGResimProbe: Warning: [Warning][ResimProbe.Landing] class=LocallyPredicted behind=60 atFrontier=0 discarded=0 atFrontierPerMille=0 windowSamples=120
LogOGResimProbe: Warning: [Warning][ResimProbe.Landing] class=RemoteProxy behind=60 atFrontier=0 discarded=0 atFrontierPerMille=0 windowSamples=120
LogOGDivergenceProbe: Warning: [Warning][DivergenceProbe.Window] class=LocallyPredicted corrections=60 disagreed=60 ratePerMille=1000 windowSamples=120
LogOGDivergenceProbe: Warning: [Warning][DivergenceProbe.Window] class=RemoteProxy corrections=60 disagreed=60 ratePerMille=1000 windowSamples=120
LogOGRelayProbe: Warning: [Warning][RelayProbe.Arrival] samples=120 gapCaptureTicks p50=2 p99=4 max=4 noAdvance=0 saturated=0 lostCaptureTicksX1000=0 lost=0 delivered=218 expected=218 discont=0 discontMax=0
LogOGResimProbe: Warning: [Warning][ResimProbe.Frame] role=Client simTicks=120 frames=198 meanTicksPerFrameX100=60 p50=1 p99=1 max=1 meanFrameUs=10103
LogOGResimProbe: Warning: [Warning][ResimProbe.Frame] role=Client cadence dFrame1=42 dFrame0=0 dFrameGt1=78 discont=0 numSteps total=120 max=1 gt1=0
LogOGRelayProbe: Warning: [Warning][RelayProbe.Read] window=[26593,26713] src=Prediction hit=45 miss=75 verifyFail=0 rung0=0 total=120
LogOGRelayProbe: Warning: [Warning][RelayProbe.Read] window=[26593,26713] src=Resim hit=445 miss=61 verifyFail=0 rung0=0 total=506
LogOGRelayProbe: Warning: [Warning][RelayProbe.Miss] window=[26593,26713] src=Prediction inSpan=0 aboveNewest=75 belowOldest=0 noProbeTick=0 miss=75
LogOGRelayProbe: Warning: [Warning][RelayProbe.Miss] window=[26593,26713] src=Resim inSpan=0 aboveNewest=61 belowOldest=0 noProbeTick=0 miss=61
LogOGRelayProbe: Warning: [Warning][RelayProbe.Delta] window=[26593,26713] src=Prediction n=120 p10=-1 p50=1 p90=3 min=-3 max=4 satLow=0 satHigh=0
LogOGRelayProbe: Warning: [Warning][RelayProbe.Delta] window=[26593,26713] src=Resim n=506 p10=-6 p50=-3 p90=1 min=-8 max=4 satLow=0 satHigh=0
LogOGRelayProbe: Warning: [Warning][RelayProbe.Stale] window=[26593,26713] maxConsecutiveFallbackRun=11 id=28415
LogOGResimProbe: Warning: [Warning][ResimProbe.Gate] checks=120 declined=52 requested=68 requestedPerMille=567 deepSkips=0 survivingAnchors=0
LogOGResimProbe: Warning: [Warning][ResimProbe.Chaos] requests=67 grants=67 refused=0 refusedPerMille=0 repeat=0 clamped=0 depthMin=5 depthMax=9
LogOGResimProbe: Warning: [Warning][ResimProbe.Apply] prepares=67 finishes=67 abandoned=0 stuck=0 replayTicks=523 replayOverruns=0 freshProtects=39 staleProtects=0
LogOGResimProbe: Warning: [Warning][ResimProbe.Landing] class=LocallyPredicted behind=60 atFrontier=0 discarded=0 atFrontierPerMille=0 windowSamples=120
LogOGResimProbe: Warning: [Warning][ResimProbe.Landing] class=RemoteProxy behind=60 atFrontier=0 discarded=0 atFrontierPerMille=0 windowSamples=120
LogOGDivergenceProbe: Warning: [Warning][DivergenceProbe.Window] class=LocallyPredicted corrections=60 disagreed=60 ratePerMille=1000 windowSamples=120
LogOGDivergenceProbe: Warning: [Warning][DivergenceProbe.Window] class=RemoteProxy corrections=60 disagreed=60 ratePerMille=1000 windowSamples=120
LogOGResimProbe: Warning: [Warning][ResimProbe.Frame] role=Client simTicks=120 frames=199 meanTicksPerFrameX100=60 p50=1 p99=1 max=1 meanFrameUs=10000
LogOGResimProbe: Warning: [Warning][ResimProbe.Frame] role=Client cadence dFrame1=41 dFrame0=0 dFrameGt1=79 discont=0 numSteps total=120 max=1 gt1=0
LogOGRelayProbe: Warning: [Warning][RelayProbe.Read] window=[26713,26833] src=Prediction hit=15 miss=105 verifyFail=0 rung0=0 total=120
LogOGRelayProbe: Warning: [Warning][RelayProbe.Read] window=[26713,26833] src=Resim hit=380 miss=78 verifyFail=0 rung0=0 total=458
LogOGRelayProbe: Warning: [Warning][RelayProbe.Miss] window=[26713,26833] src=Prediction inSpan=0 aboveNewest=105 belowOldest=0 noProbeTick=0 miss=105
LogOGRelayProbe: Warning: [Warning][RelayProbe.Miss] window=[26713,26833] src=Resim inSpan=0 aboveNewest=78 belowOldest=0 noProbeTick=0 miss=78
LogOGRelayProbe: Warning: [Warning][RelayProbe.Delta] window=[26713,26833] src=Prediction n=120 p10=0 p50=2 p90=4 min=-1 max=5 satLow=0 satHigh=0
LogOGRelayProbe: Warning: [Warning][RelayProbe.Delta] window=[26713,26833] src=Resim n=458 p10=-5 p50=-2 p90=1 min=-7 max=4 satLow=0 satHigh=0
LogOGRelayProbe: Warning: [Warning][RelayProbe.Stale] window=[26713,26833] maxConsecutiveFallbackRun=33 id=28415
LogOGResimProbe: Warning: [Warning][ResimProbe.Gate] checks=120 declined=61 requested=59 requestedPerMille=492 deepSkips=0 survivingAnchors=0
LogOGResimProbe: Warning: [Warning][ResimProbe.Chaos] requests=59 grants=59 refused=0 refusedPerMille=0 repeat=0 clamped=0 depthMin=5 depthMax=9
LogOGResimProbe: Warning: [Warning][ResimProbe.Apply] prepares=59 finishes=59 abandoned=0 stuck=0 replayTicks=470 replayOverruns=0 freshProtects=38 staleProtects=0
LogOGRelayProbe: Warning: [Warning][RelayProbe.Arrival] samples=120 gapCaptureTicks p50=2 p99=4 max=5 noAdvance=0 saturated=0 lostCaptureTicksX1000=0 lost=0 delivered=231 expected=231 discont=0 discontMax=0
LogOGResimProbe: Warning: [Warning][ResimProbe.Landing] class=LocallyPredicted behind=61 atFrontier=0 discarded=0 atFrontierPerMille=0 windowSamples=120
LogOGResimProbe: Warning: [Warning][ResimProbe.Landing] class=RemoteProxy behind=59 atFrontier=0 discarded=0 atFrontierPerMille=0 windowSamples=120
LogOGDivergenceProbe: Warning: [Warning][DivergenceProbe.Window] class=LocallyPredicted corrections=61 disagreed=61 ratePerMille=1000 windowSamples=120
LogOGDivergenceProbe: Warning: [Warning][DivergenceProbe.Window] class=RemoteProxy corrections=59 disagreed=59 ratePerMille=1000 windowSamples=120
LogOGResimProbe: Warning: [Warning][ResimProbe.Frame] role=Client simTicks=120 frames=201 meanTicksPerFrameX100=59 p50=1 p99=1 max=1 meanFrameUs=9999
LogOGResimProbe: Warning: [Warning][ResimProbe.Frame] role=Client cadence dFrame1=39 dFrame0=0 dFrameGt1=81 discont=0 numSteps total=120 max=1 gt1=0
LogOGRelayProbe: Warning: [Warning][RelayProbe.Read] window=[26833,26953] src=Prediction hit=56 miss=64 verifyFail=0 rung0=0 total=120
LogOGRelayProbe: Warning: [Warning][RelayProbe.Read] window=[26833,26953] src=Resim hit=418 miss=29 verifyFail=0 rung0=0 total=447
LogOGRelayProbe: Warning: [Warning][RelayProbe.Miss] window=[26833,26953] src=Prediction inSpan=0 aboveNewest=64 belowOldest=0 noProbeTick=0 miss=64
LogOGRelayProbe: Warning: [Warning][RelayProbe.Miss] window=[26833,26953] src=Resim inSpan=0 aboveNewest=29 belowOldest=0 noProbeTick=0 miss=29
LogOGRelayProbe: Warning: [Warning][RelayProbe.Delta] window=[26833,26953] src=Prediction n=120 p10=-1 p50=1 p90=2 min=-2 max=4 satLow=0 satHigh=0
LogOGRelayProbe: Warning: [Warning][RelayProbe.Delta] window=[26833,26953] src=Resim n=447 p10=-6 p50=-3 p90=0 min=-9 max=4 satLow=0 satHigh=0
LogOGRelayProbe: Warning: [Warning][RelayProbe.Stale] window=[26833,26953] maxConsecutiveFallbackRun=9 id=28415
LogOGResimProbe: Warning: [Warning][ResimProbe.Gate] checks=120 declined=61 requested=59 requestedPerMille=492 deepSkips=0 survivingAnchors=0
LogOGResimProbe: Warning: [Warning][ResimProbe.Chaos] requests=60 grants=60 refused=0 refusedPerMille=0 repeat=0 clamped=0 depthMin=5 depthMax=8
LogOGResimProbe: Warning: [Warning][ResimProbe.Apply] prepares=60 finishes=60 abandoned=0 stuck=0 replayTicks=464 replayOverruns=0 freshProtects=42 staleProtects=0
LogOGResimProbe: Warning: [Warning][ResimProbe.Landing] class=LocallyPredicted behind=60 atFrontier=0 discarded=0 atFrontierPerMille=0 windowSamples=120
LogOGResimProbe: Warning: [Warning][ResimProbe.Landing] class=RemoteProxy behind=60 atFrontier=0 discarded=0 atFrontierPerMille=0 windowSamples=120
LogOGDivergenceProbe: Warning: [Warning][DivergenceProbe.Window] class=LocallyPredicted corrections=60 disagreed=60 ratePerMille=1000 windowSamples=120
LogOGDivergenceProbe: Warning: [Warning][DivergenceProbe.Window] class=RemoteProxy corrections=60 disagreed=60 ratePerMille=1000 windowSamples=120
LogOGResimProbe: Warning: [Warning][ResimProbe.Frame] role=Client simTicks=120 frames=199 meanTicksPerFrameX100=60 p50=1 p99=1 max=1 meanFrameUs=9999
LogOGResimProbe: Warning: [Warning][ResimProbe.Frame] role=Client cadence dFrame1=41 dFrame0=0 dFrameGt1=79 discont=0 numSteps total=120 max=1 gt1=0
LogOGRelayProbe: Warning: [Warning][RelayProbe.Read] window=[26953,27073] src=Prediction hit=35 miss=85 verifyFail=0 rung0=0 total=120
LogOGRelayProbe: Warning: [Warning][RelayProbe.Read] window=[26953,27073] src=Resim hit=443 miss=73 verifyFail=0 rung0=0 total=516
LogOGRelayProbe: Warning: [Warning][RelayProbe.Miss] window=[26953,27073] src=Prediction inSpan=0 aboveNewest=85 belowOldest=0 noProbeTick=0 miss=85
LogOGRelayProbe: Warning: [Warning][RelayProbe.Miss] window=[26953,27073] src=Resim inSpan=4 aboveNewest=69 belowOldest=0 noProbeTick=0 miss=73
LogOGRelayProbe: Warning: [Warning][RelayProbe.Delta] window=[26953,27073] src=Prediction n=120 p10=-1 p50=1 p90=3 min=-3 max=4 satLow=0 satHigh=0
LogOGRelayProbe: Warning: [Warning][RelayProbe.Delta] window=[26953,27073] src=Resim n=516 p10=-6 p50=-2 p90=1 min=-8 max=3 satLow=0 satHigh=0
LogOGRelayProbe: Warning: [Warning][RelayProbe.Stale] window=[26953,27073] maxConsecutiveFallbackRun=13 id=28415
LogOGRelayProbe: Warning: [Warning][RelayProbe.Arrival] samples=120 gapCaptureTicks p50=2 p99=4 max=4 noAdvance=0 saturated=0 lostCaptureTicksX1000=4 lost=1 delivered=217 expected=218 discont=0 discontMax=0
LogOGResimProbe: Warning: [Warning][ResimProbe.Gate] checks=120 declined=51 requested=69 requestedPerMille=575 deepSkips=0 survivingAnchors=0
LogOGResimProbe: Warning: [Warning][ResimProbe.Chaos] requests=69 grants=69 refused=0 refusedPerMille=0 repeat=0 clamped=0 depthMin=5 depthMax=8
LogOGResimProbe: Warning: [Warning][ResimProbe.Apply] prepares=69 finishes=69 abandoned=0 stuck=0 replayTicks=541 replayOverruns=0 freshProtects=38 staleProtects=0
LogOGResimProbe: Warning: [Warning][ResimProbe.Landing] class=LocallyPredicted behind=60 atFrontier=0 discarded=0 atFrontierPerMille=0 windowSamples=120
LogOGResimProbe: Warning: [Warning][ResimProbe.Landing] class=RemoteProxy behind=60 atFrontier=0 discarded=0 atFrontierPerMille=0 windowSamples=120
LogOGDivergenceProbe: Warning: [Warning][DivergenceProbe.Window] class=LocallyPredicted corrections=60 disagreed=60 ratePerMille=1000 windowSamples=120
LogOGDivergenceProbe: Warning: [Warning][DivergenceProbe.Window] class=RemoteProxy corrections=60 disagreed=60 ratePerMille=1000 windowSamples=120
LogOGResimProbe: Warning: [Warning][ResimProbe.Frame] role=Client simTicks=120 frames=200 meanTicksPerFrameX100=60 p50=1 p99=1 max=1 meanFrameUs=9999
LogOGResimProbe: Warning: [Warning][ResimProbe.Frame] role=Client cadence dFrame1=40 dFrame0=0 dFrameGt1=80 discont=0 numSteps total=120 max=1 gt1=0
LogOGRelayProbe: Warning: [Warning][RelayProbe.Read] window=[27073,27193] src=Prediction hit=39 miss=81 verifyFail=0 rung0=0 total=120
LogOGRelayProbe: Warning: [Warning][RelayProbe.Read] window=[27073,27193] src=Resim hit=388 miss=67 verifyFail=0 rung0=0 total=455
LogOGRelayProbe: Warning: [Warning][RelayProbe.Miss] window=[27073,27193] src=Prediction inSpan=2 aboveNewest=79 belowOldest=0 noProbeTick=0 miss=81
LogOGRelayProbe: Warning: [Warning][RelayProbe.Miss] window=[27073,27193] src=Resim inSpan=19 aboveNewest=48 belowOldest=0 noProbeTick=0 miss=67
LogOGRelayProbe: Warning: [Warning][RelayProbe.Delta] window=[27073,27193] src=Prediction n=120 p10=-1 p50=1 p90=3 min=-3 max=4 satLow=0 satHigh=0
LogOGRelayProbe: Warning: [Warning][RelayProbe.Delta] window=[27073,27193] src=Resim n=455 p10=-6 p50=-3 p90=1 min=-8 max=3 satLow=0 satHigh=0
LogOGRelayProbe: Warning: [Warning][RelayProbe.Stale] window=[27073,27193] maxConsecutiveFallbackRun=16 id=28415
LogOGResimProbe: Warning: [Warning][ResimProbe.Gate] checks=120 declined=57 requested=63 requestedPerMille=525 deepSkips=0 survivingAnchors=0
LogOGResimProbe: Warning: [Warning][ResimProbe.Chaos] requests=62 grants=62 refused=0 refusedPerMille=0 repeat=0 clamped=0 depthMin=4 depthMax=9
LogOGResimProbe: Warning: [Warning][ResimProbe.Apply] prepares=62 finishes=62 abandoned=0 stuck=0 replayTicks=478 replayOverruns=0 freshProtects=40 staleProtects=0
LogOGResimProbe: Warning: [Warning][ResimProbe.Landing] class=LocallyPredicted behind=59 atFrontier=0 discarded=0 atFrontierPerMille=0 windowSamples=120
LogOGResimProbe: Warning: [Warning][ResimProbe.Landing] class=RemoteProxy behind=61 atFrontier=0 discarded=0 atFrontierPerMille=0 windowSamples=120
LogOGDivergenceProbe: Warning: [Warning][DivergenceProbe.Window] class=LocallyPredicted corrections=59 disagreed=59 ratePerMille=1000 windowSamples=120
LogOGDivergenceProbe: Warning: [Warning][DivergenceProbe.Window] class=RemoteProxy corrections=61 disagreed=61 ratePerMille=1000 windowSamples=120
LogOGResimProbe: Warning: [Warning][ResimProbe.Frame] role=Client simTicks=120 frames=201 meanTicksPerFrameX100=59 p50=1 p99=1 max=1 meanFrameUs=10000
LogOGResimProbe: Warning: [Warning][ResimProbe.Frame] role=Client cadence dFrame1=39 dFrame0=0 dFrameGt1=81 discont=0 numSteps total=120 max=1 gt1=0
LogOGRelayProbe: Warning: [Warning][RelayProbe.Arrival] samples=120 gapCaptureTicks p50=2 p99=4 max=6 noAdvance=0 saturated=0 lostCaptureTicksX1000=22 lost=5 delivered=214 expected=219 discont=0 discontMax=0
LogOGRelayProbe: Warning: [Warning][RelayProbe.Read] window=[27193,27313] src=Prediction hit=65 miss=55 verifyFail=0 rung0=0 total=120
LogOGRelayProbe: Warning: [Warning][RelayProbe.Read] window=[27193,27313] src=Resim hit=457 miss=29 verifyFail=0 rung0=0 total=486
LogOGRelayProbe: Warning: [Warning][RelayProbe.Miss] window=[27193,27313] src=Prediction inSpan=0 aboveNewest=55 belowOldest=0 noProbeTick=0 miss=55
LogOGRelayProbe: Warning: [Warning][RelayProbe.Miss] window=[27193,27313] src=Resim inSpan=0 aboveNewest=29 belowOldest=0 noProbeTick=0 miss=29
LogOGRelayProbe: Warning: [Warning][RelayProbe.Delta] window=[27193,27313] src=Prediction n=120 p10=-1 p50=0 p90=2 min=-3 max=4 satLow=0 satHigh=0
LogOGRelayProbe: Warning: [Warning][RelayProbe.Delta] window=[27193,27313] src=Resim n=486 p10=-6 p50=-3 p90=0 min=-8 max=2 satLow=0 satHigh=0
LogOGRelayProbe: Warning: [Warning][RelayProbe.Stale] window=[27193,27313] maxConsecutiveFallbackRun=8 id=28415
LogOGResimProbe: Warning: [Warning][ResimProbe.Gate] checks=120 declined=54 requested=66 requestedPerMille=550 deepSkips=0 survivingAnchors=0
LogOGResimProbe: Warning: [Warning][ResimProbe.Chaos] requests=67 grants=67 refused=0 refusedPerMille=0 repeat=0 clamped=0 depthMin=5 depthMax=8
LogOGResimProbe: Warning: [Warning][ResimProbe.Apply] prepares=67 finishes=67 abandoned=0 stuck=0 replayTicks=501 replayOverruns=0 freshProtects=37 staleProtects=0
LogOGResimProbe: Warning: [Warning][ResimProbe.Landing] class=LocallyPredicted behind=60 atFrontier=0 discarded=0 atFrontierPerMille=0 windowSamples=120
LogOGResimProbe: Warning: [Warning][ResimProbe.Landing] class=RemoteProxy behind=60 atFrontier=0 discarded=0 atFrontierPerMille=0 windowSamples=120
LogOGDivergenceProbe: Warning: [Warning][DivergenceProbe.Window] class=LocallyPredicted corrections=60 disagreed=60 ratePerMille=1000 windowSamples=120
LogOGDivergenceProbe: Warning: [Warning][DivergenceProbe.Window] class=RemoteProxy corrections=60 disagreed=60 ratePerMille=1000 windowSamples=120
LogOGResimProbe: Warning: [Warning][ResimProbe.Frame] role=Client simTicks=120 frames=199 meanTicksPerFrameX100=60 p50=1 p99=1 max=1 meanFrameUs=10000
LogOGResimProbe: Warning: [Warning][ResimProbe.Frame] role=Client cadence dFrame1=41 dFrame0=0 dFrameGt1=79 discont=0 numSteps total=120 max=1 gt1=0
LogOGRelayProbe: Warning: [Warning][RelayProbe.Read] window=[27313,27433] src=Prediction hit=22 miss=98 verifyFail=0 rung0=0 total=120
LogOGRelayProbe: Warning: [Warning][RelayProbe.Read] window=[27313,27433] src=Resim hit=401 miss=71 verifyFail=0 rung0=0 total=472
LogOGRelayProbe: Warning: [Warning][RelayProbe.Miss] window=[27313,27433] src=Prediction inSpan=0 aboveNewest=98 belowOldest=0 noProbeTick=0 miss=98
LogOGRelayProbe: Warning: [Warning][RelayProbe.Miss] window=[27313,27433] src=Resim inSpan=0 aboveNewest=71 belowOldest=0 noProbeTick=0 miss=71
LogOGRelayProbe: Warning: [Warning][RelayProbe.Delta] window=[27313,27433] src=Prediction n=120 p10=0 p50=2 p90=3 min=-2 max=4 satLow=0 satHigh=0
LogOGRelayProbe: Warning: [Warning][RelayProbe.Delta] window=[27313,27433] src=Resim n=472 p10=-6 p50=-2 p90=1 min=-8 max=3 satLow=0 satHigh=0
LogOGRelayProbe: Warning: [Warning][RelayProbe.Stale] window=[27313,27433] maxConsecutiveFallbackRun=15 id=28415
LogOGResimProbe: Warning: [Warning][ResimProbe.Gate] checks=120 declined=58 requested=62 requestedPerMille=517 deepSkips=0 survivingAnchors=0
LogOGResimProbe: Warning: [Warning][ResimProbe.Chaos] requests=61 grants=60 refused=1 refusedPerMille=16 repeat=1 clamped=0 depthMin=6 depthMax=9
LogOGResimProbe: Warning: [Warning][ResimProbe.Apply] prepares=60 finishes=60 abandoned=0 stuck=0 replayTicks=490 replayOverruns=0 freshProtects=35 staleProtects=0
LogOGResimProbe: Warning: [Warning][ResimProbe.Landing] class=LocallyPredicted behind=59 atFrontier=0 discarded=0 atFrontierPerMille=0 windowSamples=120
LogOGResimProbe: Warning: [Warning][ResimProbe.Landing] class=RemoteProxy behind=61 atFrontier=0 discarded=0 atFrontierPerMille=0 windowSamples=120
LogOGDivergenceProbe: Warning: [Warning][DivergenceProbe.Window] class=LocallyPredicted corrections=59 disagreed=59 ratePerMille=1000 windowSamples=120
LogOGDivergenceProbe: Warning: [Warning][DivergenceProbe.Window] class=RemoteProxy corrections=61 disagreed=61 ratePerMille=1000 windowSamples=120
LogOGResimProbe: Warning: [Warning][ResimProbe.Frame] role=Client simTicks=120 frames=201 meanTicksPerFrameX100=59 p50=1 p99=1 max=1 meanFrameUs=10000
LogOGResimProbe: Warning: [Warning][ResimProbe.Frame] role=Client cadence dFrame1=39 dFrame0=0 dFrameGt1=81 discont=0 numSteps total=120 max=1 gt1=0
LogOGRelayProbe: Warning: [Warning][RelayProbe.Arrival] samples=120 gapCaptureTicks p50=2 p99=4 max=4 noAdvance=0 saturated=0 lostCaptureTicksX1000=0 lost=0 delivered=222 expected=222 discont=0 discontMax=0
LogOGRelayProbe: Warning: [Warning][RelayProbe.Read] window=[27433,27553] src=Prediction hit=46 miss=74 verifyFail=0 rung0=0 total=120
LogOGRelayProbe: Warning: [Warning][RelayProbe.Read] window=[27433,27553] src=Resim hit=462 miss=58 verifyFail=0 rung0=0 total=520
LogOGRelayProbe: Warning: [Warning][RelayProbe.Miss] window=[27433,27553] src=Prediction inSpan=0 aboveNewest=74 belowOldest=0 noProbeTick=0 miss=74
LogOGRelayProbe: Warning: [Warning][RelayProbe.Miss] window=[27433,27553] src=Resim inSpan=0 aboveNewest=58 belowOldest=0 noProbeTick=0 miss=58
LogOGRelayProbe: Warning: [Warning][RelayProbe.Delta] window=[27433,27553] src=Prediction n=120 p10=-1 p50=1 p90=3 min=-2 max=5 satLow=0 satHigh=0
LogOGRelayProbe: Warning: [Warning][RelayProbe.Delta] window=[27433,27553] src=Resim n=520 p10=-6 p50=-3 p90=1 min=-8 max=5 satLow=0 satHigh=0
LogOGRelayProbe: Warning: [Warning][RelayProbe.Stale] window=[27433,27553] maxConsecutiveFallbackRun=11 id=28415
LogOGResimProbe: Warning: [Warning][ResimProbe.Gate] checks=120 declined=53 requested=67 requestedPerMille=558 deepSkips=0 survivingAnchors=0
LogOGResimProbe: Warning: [Warning][ResimProbe.Chaos] requests=68 grants=68 refused=0 refusedPerMille=0 repeat=0 clamped=0 depthMin=5 depthMax=8
LogOGResimProbe: Warning: [Warning][ResimProbe.Apply] prepares=68 finishes=68 abandoned=0 stuck=0 replayTicks=536 replayOverruns=0 freshProtects=40 staleProtects=0
LogOGResimProbe: Warning: [Warning][ResimProbe.Landing] class=LocallyPredicted behind=60 atFrontier=0 discarded=0 atFrontierPerMille=0 windowSamples=120
LogOGResimProbe: Warning: [Warning][ResimProbe.Landing] class=RemoteProxy behind=60 atFrontier=0 discarded=0 atFrontierPerMille=0 windowSamples=120
LogOGDivergenceProbe: Warning: [Warning][DivergenceProbe.Window] class=LocallyPredicted corrections=60 disagreed=60 ratePerMille=1000 windowSamples=120
LogOGDivergenceProbe: Warning: [Warning][DivergenceProbe.Window] class=RemoteProxy corrections=60 disagreed=60 ratePerMille=1000 windowSamples=120
LogOGResimProbe: Warning: [Warning][ResimProbe.Frame] role=Client simTicks=120 frames=199 meanTicksPerFrameX100=60 p50=1 p99=1 max=1 meanFrameUs=9999
LogOGResimProbe: Warning: [Warning][ResimProbe.Frame] role=Client cadence dFrame1=41 dFrame0=0 dFrameGt1=79 discont=0 numSteps total=120 max=1 gt1=0
LogOGRelayProbe: Warning: [Warning][RelayProbe.Read] window=[27553,27673] src=Prediction hit=22 miss=98 verifyFail=0 rung0=0 total=120
LogOGRelayProbe: Warning: [Warning][RelayProbe.Read] window=[27553,27673] src=Resim hit=430 miss=75 verifyFail=0 rung0=0 total=505
LogOGRelayProbe: Warning: [Warning][RelayProbe.Miss] window=[27553,27673] src=Prediction inSpan=0 aboveNewest=98 belowOldest=0 noProbeTick=0 miss=98
LogOGRelayProbe: Warning: [Warning][RelayProbe.Miss] window=[27553,27673] src=Resim inSpan=0 aboveNewest=75 belowOldest=0 noProbeTick=0 miss=75
LogOGRelayProbe: Warning: [Warning][RelayProbe.Delta] window=[27553,27673] src=Prediction n=120 p10=0 p50=1 p90=3 min=-1 max=4 satLow=0 satHigh=0
LogOGRelayProbe: Warning: [Warning][RelayProbe.Delta] window=[27553,27673] src=Resim n=505 p10=-5 p50=-2 p90=1 min=-8 max=4 satLow=0 satHigh=0
LogOGRelayProbe: Warning: [Warning][RelayProbe.Stale] window=[27553,27673] maxConsecutiveFallbackRun=14 id=28415
LogOGResimProbe: Warning: [Warning][ResimProbe.Gate] checks=120 declined=53 requested=67 requestedPerMille=558 deepSkips=0 survivingAnchors=0
LogOGResimProbe: Warning: [Warning][ResimProbe.Chaos] requests=66 grants=66 refused=0 refusedPerMille=0 repeat=0 clamped=0 depthMin=5 depthMax=8
LogOGResimProbe: Warning: [Warning][ResimProbe.Apply] prepares=66 finishes=66 abandoned=0 stuck=0 replayTicks=520 replayOverruns=0 freshProtects=38 staleProtects=0
LogOGResimProbe: Warning: [Warning][ResimProbe.Landing] class=LocallyPredicted behind=60 atFrontier=0 discarded=0 atFrontierPerMille=0 windowSamples=120
LogOGResimProbe: Warning: [Warning][ResimProbe.Landing] class=RemoteProxy behind=60 atFrontier=0 discarded=0 atFrontierPerMille=0 windowSamples=120
LogOGDivergenceProbe: Warning: [Warning][DivergenceProbe.Window] class=LocallyPredicted corrections=60 disagreed=60 ratePerMille=1000 windowSamples=120
LogOGDivergenceProbe: Warning: [Warning][DivergenceProbe.Window] class=RemoteProxy corrections=60 disagreed=60 ratePerMille=1000 windowSamples=120
LogOGResimProbe: Warning: [Warning][ResimProbe.Frame] role=Client simTicks=120 frames=200 meanTicksPerFrameX100=60 p50=1 p99=1 max=1 meanFrameUs=10000
LogOGResimProbe: Warning: [Warning][ResimProbe.Frame] role=Client cadence dFrame1=40 dFrame0=0 dFrameGt1=80 discont=0 numSteps total=120 max=1 gt1=0
LogOGRelayProbe: Warning: [Warning][RelayProbe.Arrival] samples=120 gapCaptureTicks p50=2 p99=4 max=4 noAdvance=0 saturated=0 lostCaptureTicksX1000=0 lost=0 delivered=215 expected=215 discont=0 discontMax=0
LogOGRelayProbe: Warning: [Warning][RelayProbe.Read] window=[27673,27793] src=Prediction hit=40 miss=80 verifyFail=0 rung0=0 total=120
LogOGRelayProbe: Warning: [Warning][RelayProbe.Read] window=[27673,27793] src=Resim hit=406 miss=52 verifyFail=0 rung0=0 total=458
LogOGRelayProbe: Warning: [Warning][RelayProbe.Miss] window=[27673,27793] src=Prediction inSpan=0 aboveNewest=80 belowOldest=0 noProbeTick=0 miss=80
LogOGRelayProbe: Warning: [Warning][RelayProbe.Miss] window=[27673,27793] src=Resim inSpan=7 aboveNewest=45 belowOldest=0 noProbeTick=0 miss=52
LogOGRelayProbe: Warning: [Warning][RelayProbe.Delta] window=[27673,27793] src=Prediction n=120 p10=-1 p50=1 p90=3 min=-2 max=4 satLow=0 satHigh=0
LogOGRelayProbe: Warning: [Warning][RelayProbe.Delta] window=[27673,27793] src=Resim n=458 p10=-6 p50=-3 p90=0 min=-8 max=3 satLow=0 satHigh=0
LogOGRelayProbe: Warning: [Warning][RelayProbe.Stale] window=[27673,27793] maxConsecutiveFallbackRun=17 id=28415
LogOGResimProbe: Warning: [Warning][ResimProbe.Gate] checks=120 declined=60 requested=60 requestedPerMille=500 deepSkips=0 survivingAnchors=0
LogOGResimProbe: Warning: [Warning][ResimProbe.Chaos] requests=60 grants=60 refused=0 refusedPerMille=0 repeat=0 clamped=0 depthMin=5 depthMax=9
LogOGResimProbe: Warning: [Warning][ResimProbe.Apply] prepares=60 finishes=60 abandoned=0 stuck=0 replayTicks=471 replayOverruns=0 freshProtects=37 staleProtects=1
LogOGResimProbe: Warning: [Warning][ResimProbe.Landing] class=LocallyPredicted behind=60 atFrontier=0 discarded=0 atFrontierPerMille=0 windowSamples=120
LogOGResimProbe: Warning: [Warning][ResimProbe.Landing] class=RemoteProxy behind=60 atFrontier=0 discarded=0 atFrontierPerMille=0 windowSamples=120
LogOGDivergenceProbe: Warning: [Warning][DivergenceProbe.Window] class=LocallyPredicted corrections=60 disagreed=60 ratePerMille=1000 windowSamples=120
LogOGDivergenceProbe: Warning: [Warning][DivergenceProbe.Window] class=RemoteProxy corrections=60 disagreed=60 ratePerMille=1000 windowSamples=120
LogOGResimProbe: Warning: [Warning][ResimProbe.Frame] role=Client simTicks=120 frames=201 meanTicksPerFrameX100=59 p50=1 p99=1 max=1 meanFrameUs=10000
LogOGResimProbe: Warning: [Warning][ResimProbe.Frame] role=Client cadence dFrame1=39 dFrame0=0 dFrameGt1=81 discont=0 numSteps total=120 max=1 gt1=0
LogOGRelayProbe: Warning: [Warning][RelayProbe.Read] window=[27793,27913] src=Prediction hit=41 miss=79 verifyFail=0 rung0=0 total=120
LogOGRelayProbe: Warning: [Warning][RelayProbe.Read] window=[27793,27913] src=Resim hit=460 miss=73 verifyFail=0 rung0=0 total=533
LogOGRelayProbe: Warning: [Warning][RelayProbe.Miss] window=[27793,27913] src=Prediction inSpan=0 aboveNewest=79 belowOldest=0 noProbeTick=0 miss=79
LogOGRelayProbe: Warning: [Warning][RelayProbe.Miss] window=[27793,27913] src=Resim inSpan=0 aboveNewest=73 belowOldest=0 noProbeTick=0 miss=73
LogOGRelayProbe: Warning: [Warning][RelayProbe.Delta] window=[27793,27913] src=Prediction n=120 p10=-1 p50=1 p90=3 min=-2 max=4 satLow=0 satHigh=0
LogOGRelayProbe: Warning: [Warning][RelayProbe.Delta] window=[27793,27913] src=Resim n=533 p10=-6 p50=-2 p90=1 min=-8 max=4 satLow=0 satHigh=0
LogOGRelayProbe: Warning: [Warning][RelayProbe.Stale] window=[27793,27913] maxConsecutiveFallbackRun=12 id=28415
LogOGResimProbe: Warning: [Warning][ResimProbe.Gate] checks=120 declined=51 requested=69 requestedPerMille=575 deepSkips=0 survivingAnchors=0
LogOGResimProbe: Warning: [Warning][ResimProbe.Chaos] requests=70 grants=70 refused=0 refusedPerMille=0 repeat=0 clamped=0 depthMin=5 depthMax=8
LogOGResimProbe: Warning: [Warning][ResimProbe.Apply] prepares=70 finishes=70 abandoned=0 stuck=0 replayTicks=548 replayOverruns=0 freshProtects=37 staleProtects=0
LogOGResimProbe: Warning: [Warning][ResimProbe.Landing] class=LocallyPredicted behind=60 atFrontier=0 discarded=0 atFrontierPerMille=0 windowSamples=120
LogOGResimProbe: Warning: [Warning][ResimProbe.Landing] class=RemoteProxy behind=60 atFrontier=0 discarded=0 atFrontierPerMille=0 windowSamples=120
LogOGDivergenceProbe: Warning: [Warning][DivergenceProbe.Window] class=LocallyPredicted corrections=60 disagreed=60 ratePerMille=1000 windowSamples=120
LogOGDivergenceProbe: Warning: [Warning][DivergenceProbe.Window] class=RemoteProxy corrections=60 disagreed=60 ratePerMille=1000 windowSamples=120
LogOGResimProbe: Warning: [Warning][ResimProbe.Frame] role=Client simTicks=120 frames=201 meanTicksPerFrameX100=59 p50=1 p99=1 max=1 meanFrameUs=10000
LogOGResimProbe: Warning: [Warning][ResimProbe.Frame] role=Client cadence dFrame1=39 dFrame0=0 dFrameGt1=81 discont=0 numSteps total=120 max=1 gt1=0
LogOGRelayProbe: Warning: [Warning][RelayProbe.Arrival] samples=120 gapCaptureTicks p50=2 p99=4 max=4 noAdvance=0 saturated=0 lostCaptureTicksX1000=13 lost=3 delivered=222 expected=225 discont=0 discontMax=0
LogOGRelayProbe: Warning: [Warning][RelayProbe.Read] window=[27913,28033] src=Prediction hit=32 miss=88 verifyFail=0 rung0=0 total=120
LogOGRelayProbe: Warning: [Warning][RelayProbe.Read] window=[27913,28033] src=Resim hit=389 miss=56 verifyFail=0 rung0=0 total=445
LogOGRelayProbe: Warning: [Warning][RelayProbe.Miss] window=[27913,28033] src=Prediction inSpan=0 aboveNewest=88 belowOldest=0 noProbeTick=0 miss=88
LogOGRelayProbe: Warning: [Warning][RelayProbe.Miss] window=[27913,28033] src=Resim inSpan=0 aboveNewest=56 belowOldest=0 noProbeTick=0 miss=56
LogOGRelayProbe: Warning: [Warning][RelayProbe.Delta] window=[27913,28033] src=Prediction n=120 p10=0 p50=1 p90=3 min=-1 max=5 satLow=0 satHigh=0
LogOGRelayProbe: Warning: [Warning][RelayProbe.Delta] window=[27913,28033] src=Resim n=445 p10=-5 p50=-2 p90=1 min=-8 max=4 satLow=0 satHigh=0
LogOGRelayProbe: Warning: [Warning][RelayProbe.Stale] window=[27913,28033] maxConsecutiveFallbackRun=15 id=28415
LogOGResimProbe: Warning: [Warning][ResimProbe.Gate] checks=120 declined=55 requested=65 requestedPerMille=542 deepSkips=0 survivingAnchors=0
LogOGResimProbe: Warning: [Warning][ResimProbe.Chaos] requests=64 grants=64 refused=0 refusedPerMille=0 repeat=0 clamped=0 depthMin=5 depthMax=8
LogOGResimProbe: Warning: [Warning][ResimProbe.Apply] prepares=64 finishes=64 abandoned=0 stuck=0 replayTicks=476 replayOverruns=0 freshProtects=36 staleProtects=0
LogOGResimProbe: Warning: [Warning][ResimProbe.Landing] class=LocallyPredicted behind=60 atFrontier=0 discarded=0 atFrontierPerMille=0 windowSamples=120
LogOGResimProbe: Warning: [Warning][ResimProbe.Landing] class=RemoteProxy behind=60 atFrontier=0 discarded=0 atFrontierPerMille=0 windowSamples=120
LogOGDivergenceProbe: Warning: [Warning][DivergenceProbe.Window] class=LocallyPredicted corrections=60 disagreed=60 ratePerMille=1000 windowSamples=120
LogOGDivergenceProbe: Warning: [Warning][DivergenceProbe.Window] class=RemoteProxy corrections=60 disagreed=60 ratePerMille=1000 windowSamples=120
LogOGResimProbe: Warning: [Warning][ResimProbe.Frame] role=Client simTicks=120 frames=199 meanTicksPerFrameX100=60 p50=1 p99=1 max=1 meanFrameUs=10000
LogOGResimProbe: Warning: [Warning][ResimProbe.Frame] role=Client cadence dFrame1=41 dFrame0=0 dFrameGt1=79 discont=0 numSteps total=120 max=1 gt1=0
LogOGRelayProbe: Warning: [Warning][RelayProbe.Read] window=[28033,28153] src=Prediction hit=59 miss=61 verifyFail=0 rung0=0 total=120
LogOGRelayProbe: Warning: [Warning][RelayProbe.Read] window=[28033,28153] src=Resim hit=350 miss=41 verifyFail=0 rung0=0 total=391
LogOGRelayProbe: Warning: [Warning][RelayProbe.Miss] window=[28033,28153] src=Prediction inSpan=0 aboveNewest=61 belowOldest=0 noProbeTick=0 miss=61
LogOGRelayProbe: Warning: [Warning][RelayProbe.Miss] window=[28033,28153] src=Resim inSpan=8 aboveNewest=33 belowOldest=0 noProbeTick=0 miss=41
LogOGRelayProbe: Warning: [Warning][RelayProbe.Delta] window=[28033,28153] src=Prediction n=120 p10=-1 p50=1 p90=2 min=-3 max=4 satLow=0 satHigh=0
LogOGRelayProbe: Warning: [Warning][RelayProbe.Delta] window=[28033,28153] src=Resim n=391 p10=-6 p50=-3 p90=0 min=-8 max=4 satLow=0 satHigh=0
LogOGRelayProbe: Warning: [Warning][RelayProbe.Stale] window=[28033,28153] maxConsecutiveFallbackRun=6 id=28415
LogOGResimProbe: Warning: [Warning][ResimProbe.Gate] checks=120 declined=63 requested=57 requestedPerMille=475 deepSkips=0 survivingAnchors=0
LogOGResimProbe: Warning: [Warning][ResimProbe.Chaos] requests=58 grants=58 refused=0 refusedPerMille=0 repeat=0 clamped=0 depthMin=4 depthMax=8
LogOGResimProbe: Warning: [Warning][ResimProbe.Apply] prepares=58 finishes=58 abandoned=0 stuck=0 replayTicks=410 replayOverruns=0 freshProtects=41 staleProtects=0
LogOGRelayProbe: Warning: [Warning][RelayProbe.Arrival] samples=120 gapCaptureTicks p50=2 p99=4 max=5 noAdvance=0 saturated=0 lostCaptureTicksX1000=22 lost=5 delivered=219 expected=224 discont=0 discontMax=0
LogOGResimProbe: Warning: [Warning][ResimProbe.Landing] class=LocallyPredicted behind=60 atFrontier=0 discarded=0 atFrontierPerMille=0 windowSamples=120
LogOGResimProbe: Warning: [Warning][ResimProbe.Landing] class=RemoteProxy behind=60 atFrontier=0 discarded=0 atFrontierPerMille=0 windowSamples=120
LogOGDivergenceProbe: Warning: [Warning][DivergenceProbe.Window] class=LocallyPredicted corrections=60 disagreed=60 ratePerMille=1000 windowSamples=120
LogOGDivergenceProbe: Warning: [Warning][DivergenceProbe.Window] class=RemoteProxy corrections=60 disagreed=60 ratePerMille=1000 windowSamples=120
LogOGResimProbe: Warning: [Warning][ResimProbe.Frame] role=Client simTicks=120 frames=199 meanTicksPerFrameX100=60 p50=1 p99=1 max=1 meanFrameUs=10000
LogOGResimProbe: Warning: [Warning][ResimProbe.Frame] role=Client cadence dFrame1=41 dFrame0=0 dFrameGt1=79 discont=0 numSteps total=120 max=1 gt1=0
LogOGRelayProbe: Warning: [Warning][RelayProbe.Read] window=[28153,28273] src=Prediction hit=32 miss=88 verifyFail=0 rung0=0 total=120
LogOGRelayProbe: Warning: [Warning][RelayProbe.Read] window=[28153,28273] src=Resim hit=449 miss=66 verifyFail=0 rung0=0 total=515
LogOGRelayProbe: Warning: [Warning][RelayProbe.Miss] window=[28153,28273] src=Prediction inSpan=0 aboveNewest=88 belowOldest=0 noProbeTick=0 miss=88
LogOGRelayProbe: Warning: [Warning][RelayProbe.Miss] window=[28153,28273] src=Resim inSpan=6 aboveNewest=60 belowOldest=0 noProbeTick=0 miss=66
LogOGRelayProbe: Warning: [Warning][RelayProbe.Delta] window=[28153,28273] src=Prediction n=120 p10=0 p50=1 p90=3 min=-2 max=4 satLow=0 satHigh=0
LogOGRelayProbe: Warning: [Warning][RelayProbe.Delta] window=[28153,28273] src=Resim n=515 p10=-6 p50=-3 p90=1 min=-7 max=3 satLow=0 satHigh=0
LogOGRelayProbe: Warning: [Warning][RelayProbe.Stale] window=[28153,28273] maxConsecutiveFallbackRun=17 id=28415
LogOGResimProbe: Warning: [Warning][ResimProbe.Gate] checks=120 declined=50 requested=70 requestedPerMille=583 deepSkips=0 survivingAnchors=0
LogOGResimProbe: Warning: [Warning][ResimProbe.Chaos] requests=70 grants=67 refused=3 refusedPerMille=43 repeat=3 clamped=0 depthMin=5 depthMax=10
LogOGResimProbe: Warning: [Warning][ResimProbe.Apply] prepares=67 finishes=67 abandoned=0 stuck=0 replayTicks=522 replayOverruns=0 freshProtects=35 staleProtects=0
LogOGResimProbe: Warning: [Warning][ResimProbe.Frame] role=Client simTicks=120 frames=201 meanTicksPerFrameX100=59 p50=1 p99=1 max=1 meanFrameUs=10000
LogOGResimProbe: Warning: [Warning][ResimProbe.Frame] role=Client cadence dFrame1=39 dFrame0=0 dFrameGt1=81 discont=0 numSteps total=120 max=1 gt1=0
LogOGResimProbe: Warning: [Warning][ResimProbe.Landing] class=LocallyPredicted behind=61 atFrontier=0 discarded=0 atFrontierPerMille=0 windowSamples=120
LogOGResimProbe: Warning: [Warning][ResimProbe.Landing] class=RemoteProxy behind=59 atFrontier=0 discarded=0 atFrontierPerMille=0 windowSamples=120
LogOGDivergenceProbe: Warning: [Warning][DivergenceProbe.Window] class=LocallyPredicted corrections=61 disagreed=61 ratePerMille=1000 windowSamples=120
LogOGDivergenceProbe: Warning: [Warning][DivergenceProbe.Window] class=RemoteProxy corrections=59 disagreed=59 ratePerMille=1000 windowSamples=120
LogOGRelayProbe: Warning: [Warning][RelayProbe.Read] window=[28273,28393] src=Prediction hit=23 miss=97 verifyFail=0 rung0=0 total=120
LogOGRelayProbe: Warning: [Warning][RelayProbe.Read] window=[28273,28393] src=Resim hit=401 miss=85 verifyFail=0 rung0=0 total=486
LogOGRelayProbe: Warning: [Warning][RelayProbe.Miss] window=[28273,28393] src=Prediction inSpan=0 aboveNewest=97 belowOldest=0 noProbeTick=0 miss=97
LogOGRelayProbe: Warning: [Warning][RelayProbe.Miss] window=[28273,28393] src=Resim inSpan=7 aboveNewest=78 belowOldest=0 noProbeTick=0 miss=85
LogOGRelayProbe: Warning: [Warning][RelayProbe.Delta] window=[28273,28393] src=Prediction n=120 p10=0 p50=1 p90=3 min=-1 max=7 satLow=0 satHigh=0
LogOGRelayProbe: Warning: [Warning][RelayProbe.Delta] window=[28273,28393] src=Resim n=486 p10=-5 p50=-2 p90=1 min=-8 max=5 satLow=0 satHigh=0
LogOGRelayProbe: Warning: [Warning][RelayProbe.Stale] window=[28273,28393] maxConsecutiveFallbackRun=22 id=28415
LogOGResimProbe: Warning: [Warning][ResimProbe.Gate] checks=120 declined=56 requested=64 requestedPerMille=533 deepSkips=0 survivingAnchors=0
LogOGResimProbe: Warning: [Warning][ResimProbe.Chaos] requests=63 grants=63 refused=0 refusedPerMille=0 repeat=0 clamped=0 depthMin=5 depthMax=9
LogOGResimProbe: Warning: [Warning][ResimProbe.Apply] prepares=63 finishes=63 abandoned=0 stuck=0 replayTicks=508 replayOverruns=0 freshProtects=37 staleProtects=0
LogOGRelayProbe: Warning: [Warning][RelayProbe.Arrival] samples=120 gapCaptureTicks p50=2 p99=4 max=7 noAdvance=0 saturated=0 lostCaptureTicksX1000=21 lost=5 delivered=226 expected=231 discont=0 discontMax=0
LogOGResimProbe: Warning: [Warning][ResimProbe.Landing] class=LocallyPredicted behind=60 atFrontier=0 discarded=0 atFrontierPerMille=0 windowSamples=120
LogOGResimProbe: Warning: [Warning][ResimProbe.Landing] class=RemoteProxy behind=60 atFrontier=0 discarded=0 atFrontierPerMille=0 windowSamples=120
LogOGDivergenceProbe: Warning: [Warning][DivergenceProbe.Window] class=LocallyPredicted corrections=60 disagreed=60 ratePerMille=1000 windowSamples=120
LogOGDivergenceProbe: Warning: [Warning][DivergenceProbe.Window] class=RemoteProxy corrections=60 disagreed=60 ratePerMille=1000 windowSamples=120
LogOGResimProbe: Warning: [Warning][ResimProbe.Frame] role=Client simTicks=120 frames=199 meanTicksPerFrameX100=60 p50=1 p99=1 max=1 meanFrameUs=9999
LogOGResimProbe: Warning: [Warning][ResimProbe.Frame] role=Client cadence dFrame1=41 dFrame0=0 dFrameGt1=79 discont=0 numSteps total=120 max=1 gt1=0
LogOGRelayProbe: Warning: [Warning][RelayProbe.Read] window=[28393,28513] src=Prediction hit=27 miss=93 verifyFail=0 rung0=0 total=120
LogOGRelayProbe: Warning: [Warning][RelayProbe.Read] window=[28393,28513] src=Resim hit=464 miss=103 verifyFail=0 rung0=0 total=567
LogOGRelayProbe: Warning: [Warning][RelayProbe.Miss] window=[28393,28513] src=Prediction inSpan=0 aboveNewest=93 belowOldest=0 noProbeTick=0 miss=93
LogOGRelayProbe: Warning: [Warning][RelayProbe.Miss] window=[28393,28513] src=Resim inSpan=0 aboveNewest=103 belowOldest=0 noProbeTick=0 miss=103
LogOGRelayProbe: Warning: [Warning][RelayProbe.Delta] window=[28393,28513] src=Prediction n=120 p10=0 p50=1 p90=4 min=-2 max=6 satLow=0 satHigh=0
LogOGRelayProbe: Warning: [Warning][RelayProbe.Delta] window=[28393,28513] src=Resim n=567 p10=-6 p50=-2 p90=1 min=-8 max=5 satLow=0 satHigh=0
LogOGRelayProbe: Warning: [Warning][RelayProbe.Stale] window=[28393,28513] maxConsecutiveFallbackRun=32 id=28415
LogOGResimProbe: Warning: [Warning][ResimProbe.Gate] checks=120 declined=47 requested=73 requestedPerMille=608 deepSkips=0 survivingAnchors=0
LogOGResimProbe: Warning: [Warning][ResimProbe.Chaos] requests=74 grants=72 refused=2 refusedPerMille=27 repeat=2 clamped=0 depthMin=5 depthMax=9
LogOGResimProbe: Warning: [Warning][ResimProbe.Apply] prepares=72 finishes=72 abandoned=0 stuck=0 replayTicks=580 replayOverruns=0 freshProtects=38 staleProtects=0
LogOGResimProbe: Warning: [Warning][ResimProbe.Frame] role=Client simTicks=120 frames=200 meanTicksPerFrameX100=60 p50=1 p99=1 max=1 meanFrameUs=10000
LogOGResimProbe: Warning: [Warning][ResimProbe.Frame] role=Client cadence dFrame1=40 dFrame0=0 dFrameGt1=80 discont=0 numSteps total=120 max=1 gt1=0
LogOGResimProbe: Warning: [Warning][ResimProbe.Landing] class=LocallyPredicted behind=61 atFrontier=0 discarded=0 atFrontierPerMille=0 windowSamples=120
LogOGResimProbe: Warning: [Warning][ResimProbe.Landing] class=RemoteProxy behind=59 atFrontier=0 discarded=0 atFrontierPerMille=0 windowSamples=120
LogOGDivergenceProbe: Warning: [Warning][DivergenceProbe.Window] class=LocallyPredicted corrections=61 disagreed=61 ratePerMille=1000 windowSamples=120
LogOGDivergenceProbe: Warning: [Warning][DivergenceProbe.Window] class=RemoteProxy corrections=59 disagreed=59 ratePerMille=1000 windowSamples=120
LogOGRelayProbe: Warning: [Warning][RelayProbe.Arrival] samples=120 gapCaptureTicks p50=2 p99=4 max=4 noAdvance=0 saturated=0 lostCaptureTicksX1000=14 lost=3 delivered=209 expected=212 discont=0 discontMax=0
LogOGRelayProbe: Warning: [Warning][RelayProbe.Read] window=[28513,28633] src=Prediction hit=23 miss=97 verifyFail=0 rung0=0 total=120
LogOGRelayProbe: Warning: [Warning][RelayProbe.Read] window=[28513,28633] src=Resim hit=395 miss=102 verifyFail=0 rung0=0 total=497
LogOGRelayProbe: Warning: [Warning][RelayProbe.Miss] window=[28513,28633] src=Prediction inSpan=0 aboveNewest=97 belowOldest=0 noProbeTick=0 miss=97
LogOGRelayProbe: Warning: [Warning][RelayProbe.Miss] window=[28513,28633] src=Resim inSpan=8 aboveNewest=94 belowOldest=0 noProbeTick=0 miss=102
LogOGRelayProbe: Warning: [Warning][RelayProbe.Delta] window=[28513,28633] src=Prediction n=120 p10=0 p50=2 p90=4 min=-1 max=5 satLow=0 satHigh=0
LogOGRelayProbe: Warning: [Warning][RelayProbe.Delta] window=[28513,28633] src=Resim n=497 p10=-5 p50=-2 p90=1 min=-8 max=4 satLow=0 satHigh=0
LogOGRelayProbe: Warning: [Warning][RelayProbe.Stale] window=[28513,28633] maxConsecutiveFallbackRun=24 id=28415
LogOGResimProbe: Warning: [Warning][ResimProbe.Gate] checks=120 declined=55 requested=65 requestedPerMille=542 deepSkips=0 survivingAnchors=0
LogOGResimProbe: Warning: [Warning][ResimProbe.Chaos] requests=65 grants=64 refused=1 refusedPerMille=15 repeat=1 clamped=0 depthMin=5 depthMax=8
LogOGResimProbe: Warning: [Warning][ResimProbe.Apply] prepares=64 finishes=64 abandoned=0 stuck=0 replayTicks=511 replayOverruns=0 freshProtects=34 staleProtects=0
LogOGResimProbe: Warning: [Warning][ResimProbe.Landing] class=LocallyPredicted behind=60 atFrontier=0 discarded=0 atFrontierPerMille=0 windowSamples=120
LogOGResimProbe: Warning: [Warning][ResimProbe.Landing] class=RemoteProxy behind=60 atFrontier=0 discarded=0 atFrontierPerMille=0 windowSamples=120
LogOGDivergenceProbe: Warning: [Warning][DivergenceProbe.Window] class=LocallyPredicted corrections=60 disagreed=60 ratePerMille=1000 windowSamples=120
LogOGDivergenceProbe: Warning: [Warning][DivergenceProbe.Window] class=RemoteProxy corrections=60 disagreed=60 ratePerMille=1000 windowSamples=120
LogOGResimProbe: Warning: [Warning][ResimProbe.Frame] role=Client simTicks=120 frames=202 meanTicksPerFrameX100=59 p50=1 p99=1 max=1 meanFrameUs=10003
LogOGResimProbe: Warning: [Warning][ResimProbe.Frame] role=Client cadence dFrame1=38 dFrame0=0 dFrameGt1=82 discont=0 numSteps total=120 max=1 gt1=0
LogOGRelayProbe: Warning: [Warning][RelayProbe.Read] window=[28633,28753] src=Prediction hit=53 miss=67 verifyFail=0 rung0=0 total=120
LogOGRelayProbe: Warning: [Warning][RelayProbe.Read] window=[28633,28753] src=Resim hit=440 miss=43 verifyFail=0 rung0=0 total=483
LogOGRelayProbe: Warning: [Warning][RelayProbe.Miss] window=[28633,28753] src=Prediction inSpan=0 aboveNewest=67 belowOldest=0 noProbeTick=0 miss=67
LogOGRelayProbe: Warning: [Warning][RelayProbe.Miss] window=[28633,28753] src=Resim inSpan=0 aboveNewest=43 belowOldest=0 noProbeTick=0 miss=43
LogOGRelayProbe: Warning: [Warning][RelayProbe.Delta] window=[28633,28753] src=Prediction n=120 p10=-1 p50=1 p90=2 min=-4 max=4 satLow=0 satHigh=0
LogOGRelayProbe: Warning: [Warning][RelayProbe.Delta] window=[28633,28753] src=Resim n=483 p10=-6 p50=-3 p90=0 min=-8 max=3 satLow=0 satHigh=0
LogOGRelayProbe: Warning: [Warning][RelayProbe.Stale] window=[28633,28753] maxConsecutiveFallbackRun=8 id=28415
LogOGResimProbe: Warning: [Warning][ResimProbe.Gate] checks=120 declined=50 requested=70 requestedPerMille=583 deepSkips=0 survivingAnchors=0
LogOGResimProbe: Warning: [Warning][ResimProbe.Chaos] requests=69 grants=69 refused=0 refusedPerMille=0 repeat=0 clamped=0 depthMin=4 depthMax=8
LogOGResimProbe: Warning: [Warning][ResimProbe.Apply] prepares=69 finishes=69 abandoned=0 stuck=0 replayTicks=512 replayOverruns=0 freshProtects=34 staleProtects=0
LogOGResimProbe: Warning: [Warning][ResimProbe.Landing] class=LocallyPredicted behind=60 atFrontier=0 discarded=0 atFrontierPerMille=0 windowSamples=120
LogOGResimProbe: Warning: [Warning][ResimProbe.Landing] class=RemoteProxy behind=60 atFrontier=0 discarded=0 atFrontierPerMille=0 windowSamples=120
LogOGDivergenceProbe: Warning: [Warning][DivergenceProbe.Window] class=LocallyPredicted corrections=60 disagreed=60 ratePerMille=1000 windowSamples=120
LogOGDivergenceProbe: Warning: [Warning][DivergenceProbe.Window] class=RemoteProxy corrections=60 disagreed=60 ratePerMille=1000 windowSamples=120
LogOGResimProbe: Warning: [Warning][ResimProbe.Frame] role=Client simTicks=120 frames=198 meanTicksPerFrameX100=60 p50=1 p99=1 max=1 meanFrameUs=9997
LogOGResimProbe: Warning: [Warning][ResimProbe.Frame] role=Client cadence dFrame1=42 dFrame0=0 dFrameGt1=78 discont=0 numSteps total=120 max=1 gt1=0
LogOGRelayProbe: Warning: [Warning][RelayProbe.Arrival] samples=120 gapCaptureTicks p50=2 p99=4 max=5 noAdvance=0 saturated=0 lostCaptureTicksX1000=4 lost=1 delivered=231 expected=232 discont=0 discontMax=0
LogOGRelayProbe: Warning: [Warning][RelayProbe.Read] window=[28753,28873] src=Prediction hit=40 miss=80 verifyFail=0 rung0=0 total=120
LogOGRelayProbe: Warning: [Warning][RelayProbe.Read] window=[28753,28873] src=Resim hit=440 miss=63 verifyFail=0 rung0=0 total=503
LogOGRelayProbe: Warning: [Warning][RelayProbe.Miss] window=[28753,28873] src=Prediction inSpan=0 aboveNewest=80 belowOldest=0 noProbeTick=0 miss=80
LogOGRelayProbe: Warning: [Warning][RelayProbe.Miss] window=[28753,28873] src=Resim inSpan=4 aboveNewest=59 belowOldest=0 noProbeTick=0 miss=63
LogOGRelayProbe: Warning: [Warning][RelayProbe.Delta] window=[28753,28873] src=Prediction n=120 p10=-1 p50=1 p90=3 min=-2 max=4 satLow=0 satHigh=0
LogOGRelayProbe: Warning: [Warning][RelayProbe.Delta] window=[28753,28873] src=Resim n=503 p10=-6 p50=-3 p90=1 min=-9 max=3 satLow=0 satHigh=0
LogOGRelayProbe: Warning: [Warning][RelayProbe.Stale] window=[28753,28873] maxConsecutiveFallbackRun=13 id=28415
LogOGResimProbe: Warning: [Warning][ResimProbe.Gate] checks=120 declined=55 requested=65 requestedPerMille=542 deepSkips=0 survivingAnchors=0
LogOGResimProbe: Warning: [Warning][ResimProbe.Chaos] requests=66 grants=66 refused=0 refusedPerMille=0 repeat=0 clamped=0 depthMin=5 depthMax=9
LogOGResimProbe: Warning: [Warning][ResimProbe.Apply] prepares=66 finishes=66 abandoned=0 stuck=0 replayTicks=516 replayOverruns=0 freshProtects=36 staleProtects=0
LogOGResimProbe: Warning: [Warning][ResimProbe.Frame] role=Client simTicks=120 frames=201 meanTicksPerFrameX100=59 p50=1 p99=1 max=1 meanFrameUs=9999
LogOGResimProbe: Warning: [Warning][ResimProbe.Frame] role=Client cadence dFrame1=39 dFrame0=0 dFrameGt1=81 discont=0 numSteps total=120 max=1 gt1=0
LogOGResimProbe: Warning: [Warning][ResimProbe.Landing] class=LocallyPredicted behind=58 atFrontier=0 discarded=0 atFrontierPerMille=0 windowSamples=120
LogOGResimProbe: Warning: [Warning][ResimProbe.Landing] class=RemoteProxy behind=62 atFrontier=0 discarded=0 atFrontierPerMille=0 windowSamples=120
LogOGDivergenceProbe: Warning: [Warning][DivergenceProbe.Window] class=LocallyPredicted corrections=58 disagreed=58 ratePerMille=1000 windowSamples=120
LogOGDivergenceProbe: Warning: [Warning][DivergenceProbe.Window] class=RemoteProxy corrections=62 disagreed=62 ratePerMille=1000 windowSamples=120
LogOGRelayProbe: Warning: [Warning][RelayProbe.Read] window=[28873,28993] src=Prediction hit=25 miss=95 verifyFail=0 rung0=0 total=120
LogOGRelayProbe: Warning: [Warning][RelayProbe.Read] window=[28873,28993] src=Resim hit=368 miss=75 verifyFail=0 rung0=0 total=443
LogOGRelayProbe: Warning: [Warning][RelayProbe.Miss] window=[28873,28993] src=Prediction inSpan=0 aboveNewest=95 belowOldest=0 noProbeTick=0 miss=95
LogOGRelayProbe: Warning: [Warning][RelayProbe.Miss] window=[28873,28993] src=Resim inSpan=9 aboveNewest=66 belowOldest=0 noProbeTick=0 miss=75
LogOGRelayProbe: Warning: [Warning][RelayProbe.Delta] window=[28873,28993] src=Prediction n=120 p10=0 p50=1 p90=3 min=-2 max=6 satLow=0 satHigh=0
LogOGRelayProbe: Warning: [Warning][RelayProbe.Delta] window=[28873,28993] src=Resim n=443 p10=-5 p50=-2 p90=1 min=-8 max=4 satLow=0 satHigh=0
LogOGRelayProbe: Warning: [Warning][RelayProbe.Stale] window=[28873,28993] maxConsecutiveFallbackRun=32 id=28415
LogOGResimProbe: Warning: [Warning][ResimProbe.Gate] checks=120 declined=59 requested=61 requestedPerMille=508 deepSkips=0 survivingAnchors=0
LogOGResimProbe: Warning: [Warning][ResimProbe.Chaos] requests=61 grants=61 refused=0 refusedPerMille=0 repeat=0 clamped=0 depthMin=5 depthMax=8
LogOGResimProbe: Warning: [Warning][ResimProbe.Apply] prepares=61 finishes=61 abandoned=0 stuck=0 replayTicks=458 replayOverruns=0 freshProtects=37 staleProtects=0
LogOGResimProbe: Warning: [Warning][ResimProbe.Frame] role=Client simTicks=120 frames=200 meanTicksPerFrameX100=60 p50=1 p99=1 max=1 meanFrameUs=10000
LogOGResimProbe: Warning: [Warning][ResimProbe.Frame] role=Client cadence dFrame1=40 dFrame0=0 dFrameGt1=80 discont=0 numSteps total=120 max=1 gt1=0
LogOGResimProbe: Warning: [Warning][ResimProbe.Landing] class=LocallyPredicted behind=60 atFrontier=0 discarded=0 atFrontierPerMille=0 windowSamples=120
LogOGResimProbe: Warning: [Warning][ResimProbe.Landing] class=RemoteProxy behind=60 atFrontier=0 discarded=0 atFrontierPerMille=0 windowSamples=120
LogOGDivergenceProbe: Warning: [Warning][DivergenceProbe.Window] class=LocallyPredicted corrections=60 disagreed=60 ratePerMille=1000 windowSamples=120
LogOGDivergenceProbe: Warning: [Warning][DivergenceProbe.Window] class=RemoteProxy corrections=60 disagreed=60 ratePerMille=1000 windowSamples=120
LogOGRelayProbe: Warning: [Warning][RelayProbe.Arrival] samples=120 gapCaptureTicks p50=2 p99=4 max=4 noAdvance=0 saturated=0 lostCaptureTicksX1000=23 lost=5 delivered=209 expected=214 discont=0 discontMax=0
LogOGRelayProbe: Warning: [Warning][RelayProbe.Read] window=[28993,29113] src=Prediction hit=36 miss=84 verifyFail=0 rung0=0 total=120
LogOGRelayProbe: Warning: [Warning][RelayProbe.Read] window=[28993,29113] src=Resim hit=381 miss=46 verifyFail=0 rung0=0 total=427
LogOGRelayProbe: Warning: [Warning][RelayProbe.Miss] window=[28993,29113] src=Prediction inSpan=0 aboveNewest=84 belowOldest=0 noProbeTick=0 miss=84
LogOGRelayProbe: Warning: [Warning][RelayProbe.Miss] window=[28993,29113] src=Resim inSpan=0 aboveNewest=46 belowOldest=0 noProbeTick=0 miss=46
LogOGRelayProbe: Warning: [Warning][RelayProbe.Delta] window=[28993,29113] src=Prediction n=120 p10=0 p50=1 p90=3 min=-2 max=5 satLow=0 satHigh=0
LogOGRelayProbe: Warning: [Warning][RelayProbe.Delta] window=[28993,29113] src=Resim n=427 p10=-6 p50=-2 p90=1 min=-8 max=3 satLow=0 satHigh=0
LogOGRelayProbe: Warning: [Warning][RelayProbe.Stale] window=[28993,29113] maxConsecutiveFallbackRun=15 id=28415
LogOGResimProbe: Warning: [Warning][ResimProbe.Gate] checks=120 declined=57 requested=63 requestedPerMille=525 deepSkips=0 survivingAnchors=0
LogOGResimProbe: Warning: [Warning][ResimProbe.Chaos] requests=62 grants=59 refused=3 refusedPerMille=48 repeat=3 clamped=0 depthMin=4 depthMax=9
LogOGResimProbe: Warning: [Warning][ResimProbe.Apply] prepares=59 finishes=59 abandoned=0 stuck=0 replayTicks=439 replayOverruns=0 freshProtects=35 staleProtects=0
LogOGResimProbe: Warning: [Warning][ResimProbe.Frame] role=Client simTicks=120 frames=200 meanTicksPerFrameX100=60 p50=1 p99=1 max=1 meanFrameUs=9999
LogOGResimProbe: Warning: [Warning][ResimProbe.Frame] role=Client cadence dFrame1=40 dFrame0=0 dFrameGt1=80 discont=0 numSteps total=120 max=1 gt1=0
LogOGResimProbe: Warning: [Warning][ResimProbe.Landing] class=LocallyPredicted behind=60 atFrontier=0 discarded=0 atFrontierPerMille=0 windowSamples=120
LogOGResimProbe: Warning: [Warning][ResimProbe.Landing] class=RemoteProxy behind=60 atFrontier=0 discarded=0 atFrontierPerMille=0 windowSamples=120
LogOGDivergenceProbe: Warning: [Warning][DivergenceProbe.Window] class=LocallyPredicted corrections=60 disagreed=60 ratePerMille=1000 windowSamples=120
LogOGDivergenceProbe: Warning: [Warning][DivergenceProbe.Window] class=RemoteProxy corrections=60 disagreed=60 ratePerMille=1000 windowSamples=120
LogOGRelayProbe: Warning: [Warning][RelayProbe.Read] window=[29113,29233] src=Prediction hit=20 miss=100 verifyFail=0 rung0=0 total=120
LogOGRelayProbe: Warning: [Warning][RelayProbe.Read] window=[29113,29233] src=Resim hit=386 miss=107 verifyFail=0 rung0=0 total=493
LogOGRelayProbe: Warning: [Warning][RelayProbe.Miss] window=[29113,29233] src=Prediction inSpan=0 aboveNewest=100 belowOldest=0 noProbeTick=0 miss=100
LogOGRelayProbe: Warning: [Warning][RelayProbe.Miss] window=[29113,29233] src=Resim inSpan=14 aboveNewest=93 belowOldest=0 noProbeTick=0 miss=107
LogOGRelayProbe: Warning: [Warning][RelayProbe.Delta] window=[29113,29233] src=Prediction n=120 p10=0 p50=2 p90=3 min=-2 max=5 satLow=0 satHigh=0
LogOGRelayProbe: Warning: [Warning][RelayProbe.Delta] window=[29113,29233] src=Resim n=493 p10=-5 p50=-2 p90=1 min=-8 max=4 satLow=0 satHigh=0
LogOGRelayProbe: Warning: [Warning][RelayProbe.Stale] window=[29113,29233] maxConsecutiveFallbackRun=23 id=28415
LogOGResimProbe: Warning: [Warning][ResimProbe.Gate] checks=120 declined=54 requested=66 requestedPerMille=550 deepSkips=0 survivingAnchors=0
LogOGResimProbe: Warning: [Warning][ResimProbe.Chaos] requests=66 grants=66 refused=0 refusedPerMille=0 repeat=0 clamped=0 depthMin=5 depthMax=8
LogOGResimProbe: Warning: [Warning][ResimProbe.Apply] prepares=66 finishes=66 abandoned=0 stuck=0 replayTicks=506 replayOverruns=0 freshProtects=36 staleProtects=0
LogOGResimProbe: Warning: [Warning][ResimProbe.Frame] role=Client simTicks=120 frames=199 meanTicksPerFrameX100=60 p50=1 p99=1 max=1 meanFrameUs=10001
LogOGResimProbe: Warning: [Warning][ResimProbe.Frame] role=Client cadence dFrame1=41 dFrame0=0 dFrameGt1=79 discont=0 numSteps total=120 max=1 gt1=0
LogOGResimProbe: Warning: [Warning][ResimProbe.Landing] class=LocallyPredicted behind=59 atFrontier=0 discarded=0 atFrontierPerMille=0 windowSamples=120
LogOGResimProbe: Warning: [Warning][ResimProbe.Landing] class=RemoteProxy behind=61 atFrontier=0 discarded=0 atFrontierPerMille=0 windowSamples=120
LogOGDivergenceProbe: Warning: [Warning][DivergenceProbe.Window] class=LocallyPredicted corrections=59 disagreed=59 ratePerMille=1000 windowSamples=120
LogOGDivergenceProbe: Warning: [Warning][DivergenceProbe.Window] class=RemoteProxy corrections=61 disagreed=61 ratePerMille=1000 windowSamples=120
LogOGRelayProbe: Warning: [Warning][RelayProbe.Arrival] samples=120 gapCaptureTicks p50=2 p99=4 max=4 noAdvance=0 saturated=0 lostCaptureTicksX1000=27 lost=6 delivered=209 expected=215 discont=0 discontMax=0
LogOGRelayProbe: Warning: [Warning][RelayProbe.Read] window=[29233,29353] src=Prediction hit=39 miss=81 verifyFail=0 rung0=0 total=120
LogOGRelayProbe: Warning: [Warning][RelayProbe.Read] window=[29233,29353] src=Resim hit=392 miss=51 verifyFail=0 rung0=0 total=443
LogOGRelayProbe: Warning: [Warning][RelayProbe.Miss] window=[29233,29353] src=Prediction inSpan=0 aboveNewest=81 belowOldest=0 noProbeTick=0 miss=81
LogOGRelayProbe: Warning: [Warning][RelayProbe.Miss] window=[29233,29353] src=Resim inSpan=0 aboveNewest=51 belowOldest=0 noProbeTick=0 miss=51
LogOGRelayProbe: Warning: [Warning][RelayProbe.Delta] window=[29233,29353] src=Prediction n=120 p10=-1 p50=1 p90=3 min=-2 max=4 satLow=0 satHigh=0
LogOGRelayProbe: Warning: [Warning][RelayProbe.Delta] window=[29233,29353] src=Resim n=443 p10=-6 p50=-3 p90=1 min=-9 max=3 satLow=0 satHigh=0
LogOGRelayProbe: Warning: [Warning][RelayProbe.Stale] window=[29233,29353] maxConsecutiveFallbackRun=15 id=28415
LogOGResimProbe: Warning: [Warning][ResimProbe.Gate] checks=120 declined=60 requested=60 requestedPerMille=500 deepSkips=0 survivingAnchors=0
LogOGResimProbe: Warning: [Warning][ResimProbe.Chaos] requests=61 grants=61 refused=0 refusedPerMille=0 repeat=0 clamped=0 depthMin=5 depthMax=8
LogOGResimProbe: Warning: [Warning][ResimProbe.Apply] prepares=61 finishes=61 abandoned=0 stuck=0 replayTicks=473 replayOverruns=0 freshProtects=40 staleProtects=0
LogOGResimProbe: Warning: [Warning][ResimProbe.Frame] role=Client simTicks=120 frames=201 meanTicksPerFrameX100=59 p50=1 p99=1 max=1 meanFrameUs=9999
LogOGResimProbe: Warning: [Warning][ResimProbe.Frame] role=Client cadence dFrame1=39 dFrame0=0 dFrameGt1=81 discont=0 numSteps total=120 max=1 gt1=0
LogOGResimProbe: Warning: [Warning][ResimProbe.Landing] class=LocallyPredicted behind=59 atFrontier=0 discarded=0 atFrontierPerMille=0 windowSamples=120
LogOGResimProbe: Warning: [Warning][ResimProbe.Landing] class=RemoteProxy behind=61 atFrontier=0 discarded=0 atFrontierPerMille=0 windowSamples=120
LogOGDivergenceProbe: Warning: [Warning][DivergenceProbe.Window] class=LocallyPredicted corrections=59 disagreed=59 ratePerMille=1000 windowSamples=120
LogOGDivergenceProbe: Warning: [Warning][DivergenceProbe.Window] class=RemoteProxy corrections=61 disagreed=61 ratePerMille=1000 windowSamples=120
LogOGRelayProbe: Warning: [Warning][RelayProbe.Read] window=[29353,29473] src=Prediction hit=56 miss=64 verifyFail=0 rung0=0 total=120
LogOGRelayProbe: Warning: [Warning][RelayProbe.Read] window=[29353,29473] src=Resim hit=434 miss=38 verifyFail=0 rung0=0 total=472
LogOGRelayProbe: Warning: [Warning][RelayProbe.Miss] window=[29353,29473] src=Prediction inSpan=0 aboveNewest=64 belowOldest=0 noProbeTick=0 miss=64
LogOGRelayProbe: Warning: [Warning][RelayProbe.Miss] window=[29353,29473] src=Resim inSpan=4 aboveNewest=34 belowOldest=0 noProbeTick=0 miss=38
LogOGRelayProbe: Warning: [Warning][RelayProbe.Delta] window=[29353,29473] src=Prediction n=120 p10=-1 p50=1 p90=2 min=-3 max=5 satLow=0 satHigh=0
LogOGRelayProbe: Warning: [Warning][RelayProbe.Delta] window=[29353,29473] src=Resim n=472 p10=-6 p50=-3 p90=0 min=-8 max=4 satLow=0 satHigh=0
LogOGRelayProbe: Warning: [Warning][RelayProbe.Stale] window=[29353,29473] maxConsecutiveFallbackRun=6 id=28415
LogOGResimProbe: Warning: [Warning][ResimProbe.Gate] checks=120 declined=54 requested=66 requestedPerMille=550 deepSkips=0 survivingAnchors=0
LogOGResimProbe: Warning: [Warning][ResimProbe.Chaos] requests=66 grants=66 refused=0 refusedPerMille=0 repeat=0 clamped=0 depthMin=5 depthMax=8
LogOGResimProbe: Warning: [Warning][ResimProbe.Apply] prepares=66 finishes=66 abandoned=0 stuck=0 replayTicks=476 replayOverruns=0 freshProtects=35 staleProtects=0
LogOGResimProbe: Warning: [Warning][ResimProbe.Frame] role=Client simTicks=120 frames=201 meanTicksPerFrameX100=59 p50=1 p99=1 max=1 meanFrameUs=10000
LogOGResimProbe: Warning: [Warning][ResimProbe.Frame] role=Client cadence dFrame1=39 dFrame0=0 dFrameGt1=81 discont=0 numSteps total=120 max=1 gt1=0
LogOGResimProbe: Warning: [Warning][ResimProbe.Landing] class=LocallyPredicted behind=61 atFrontier=0 discarded=0 atFrontierPerMille=0 windowSamples=120
LogOGResimProbe: Warning: [Warning][ResimProbe.Landing] class=RemoteProxy behind=59 atFrontier=0 discarded=0 atFrontierPerMille=0 windowSamples=120
LogOGDivergenceProbe: Warning: [Warning][DivergenceProbe.Window] class=LocallyPredicted corrections=61 disagreed=61 ratePerMille=1000 windowSamples=120
LogOGDivergenceProbe: Warning: [Warning][DivergenceProbe.Window] class=RemoteProxy corrections=59 disagreed=59 ratePerMille=1000 windowSamples=120
LogOGRelayProbe: Warning: [Warning][RelayProbe.Arrival] samples=120 gapCaptureTicks p50=2 p99=5 max=5 noAdvance=0 saturated=0 lostCaptureTicksX1000=21 lost=5 delivered=230 expected=235 discont=0 discontMax=0
LogOGRelayProbe: Warning: [Warning][RelayProbe.Read] window=[29473,29593] src=Prediction hit=66 miss=54 verifyFail=0 rung0=0 total=120
LogOGRelayProbe: Warning: [Warning][RelayProbe.Read] window=[29473,29593] src=Resim hit=376 miss=29 verifyFail=0 rung0=0 total=405
LogOGRelayProbe: Warning: [Warning][RelayProbe.Miss] window=[29473,29593] src=Prediction inSpan=2 aboveNewest=52 belowOldest=0 noProbeTick=0 miss=54
LogOGRelayProbe: Warning: [Warning][RelayProbe.Miss] window=[29473,29593] src=Resim inSpan=8 aboveNewest=21 belowOldest=0 noProbeTick=0 miss=29
LogOGRelayProbe: Warning: [Warning][RelayProbe.Delta] window=[29473,29593] src=Prediction n=120 p10=-2 p50=0 p90=2 min=-3 max=3 satLow=0 satHigh=0
LogOGRelayProbe: Warning: [Warning][RelayProbe.Delta] window=[29473,29593] src=Resim n=405 p10=-6 p50=-3 p90=0 min=-9 max=2 satLow=0 satHigh=0
LogOGRelayProbe: Warning: [Warning][RelayProbe.Stale] window=[29473,29593] maxConsecutiveFallbackRun=8 id=28415
LogOGResimProbe: Warning: [Warning][ResimProbe.Gate] checks=120 declined=60 requested=60 requestedPerMille=500 deepSkips=0 survivingAnchors=0
LogOGResimProbe: Warning: [Warning][ResimProbe.Chaos] requests=60 grants=60 refused=0 refusedPerMille=0 repeat=0 clamped=0 depthMin=4 depthMax=8
LogOGResimProbe: Warning: [Warning][ResimProbe.Apply] prepares=60 finishes=60 abandoned=0 stuck=0 replayTicks=429 replayOverruns=0 freshProtects=34 staleProtects=0
LogOGResimProbe: Warning: [Warning][ResimProbe.Frame] role=Client simTicks=120 frames=200 meanTicksPerFrameX100=60 p50=1 p99=1 max=1 meanFrameUs=10000
LogOGResimProbe: Warning: [Warning][ResimProbe.Frame] role=Client cadence dFrame1=40 dFrame0=0 dFrameGt1=80 discont=0 numSteps total=120 max=1 gt1=0
LogOGResimProbe: Warning: [Warning][ResimProbe.Landing] class=LocallyPredicted behind=61 atFrontier=0 discarded=0 atFrontierPerMille=0 windowSamples=120
LogOGResimProbe: Warning: [Warning][ResimProbe.Landing] class=RemoteProxy behind=59 atFrontier=0 discarded=0 atFrontierPerMille=0 windowSamples=120
LogOGDivergenceProbe: Warning: [Warning][DivergenceProbe.Window] class=LocallyPredicted corrections=61 disagreed=61 ratePerMille=1000 windowSamples=120
LogOGDivergenceProbe: Warning: [Warning][DivergenceProbe.Window] class=RemoteProxy corrections=59 disagreed=59 ratePerMille=1000 windowSamples=120
LogOGRelayProbe: Warning: [Warning][RelayProbe.Read] window=[29593,29713] src=Prediction hit=62 miss=58 verifyFail=0 rung0=0 total=120
LogOGRelayProbe: Warning: [Warning][RelayProbe.Read] window=[29593,29713] src=Resim hit=371 miss=19 verifyFail=0 rung0=0 total=390
LogOGRelayProbe: Warning: [Warning][RelayProbe.Miss] window=[29593,29713] src=Prediction inSpan=0 aboveNewest=58 belowOldest=0 noProbeTick=0 miss=58
LogOGRelayProbe: Warning: [Warning][RelayProbe.Miss] window=[29593,29713] src=Resim inSpan=2 aboveNewest=17 belowOldest=0 noProbeTick=0 miss=19
LogOGRelayProbe: Warning: [Warning][RelayProbe.Delta] window=[29593,29713] src=Prediction n=120 p10=-1 p50=0 p90=2 min=-2 max=4 satLow=0 satHigh=0
LogOGRelayProbe: Warning: [Warning][RelayProbe.Delta] window=[29593,29713] src=Resim n=390 p10=-6 p50=-3 p90=0 min=-8 max=3 satLow=0 satHigh=0
LogOGRelayProbe: Warning: [Warning][RelayProbe.Stale] window=[29593,29713] maxConsecutiveFallbackRun=4 id=28415
LogOGResimProbe: Warning: [Warning][ResimProbe.Gate] checks=120 declined=58 requested=62 requestedPerMille=517 deepSkips=0 survivingAnchors=0
LogOGResimProbe: Warning: [Warning][ResimProbe.Chaos] requests=62 grants=62 refused=0 refusedPerMille=0 repeat=0 clamped=0 depthMin=4 depthMax=7
LogOGResimProbe: Warning: [Warning][ResimProbe.Apply] prepares=62 finishes=62 abandoned=0 stuck=0 replayTicks=410 replayOverruns=0 freshProtects=38 staleProtects=0
LogOGRelayProbe: Warning: [Warning][RelayProbe.Arrival] samples=120 gapCaptureTicks p50=2 p99=4 max=6 noAdvance=0 saturated=0 lostCaptureTicksX1000=22 lost=5 delivered=214 expected=219 discont=0 discontMax=0
LogOGResimProbe: Warning: [Warning][ResimProbe.Frame] role=Client simTicks=120 frames=199 meanTicksPerFrameX100=60 p50=1 p99=1 max=1 meanFrameUs=10000
LogOGResimProbe: Warning: [Warning][ResimProbe.Frame] role=Client cadence dFrame1=41 dFrame0=0 dFrameGt1=79 discont=0 numSteps total=120 max=1 gt1=0
LogOGResimProbe: Warning: [Warning][ResimProbe.Landing] class=LocallyPredicted behind=59 atFrontier=0 discarded=0 atFrontierPerMille=0 windowSamples=120
LogOGResimProbe: Warning: [Warning][ResimProbe.Landing] class=RemoteProxy behind=61 atFrontier=0 discarded=0 atFrontierPerMille=0 windowSamples=120
LogOGDivergenceProbe: Warning: [Warning][DivergenceProbe.Window] class=LocallyPredicted corrections=59 disagreed=59 ratePerMille=1000 windowSamples=120
LogOGDivergenceProbe: Warning: [Warning][DivergenceProbe.Window] class=RemoteProxy corrections=61 disagreed=61 ratePerMille=1000 windowSamples=120
LogOGRelayProbe: Warning: [Warning][RelayProbe.Read] window=[29713,29833] src=Prediction hit=55 miss=65 verifyFail=0 rung0=0 total=120
LogOGRelayProbe: Warning: [Warning][RelayProbe.Read] window=[29713,29833] src=Resim hit=441 miss=49 verifyFail=0 rung0=0 total=490
LogOGRelayProbe: Warning: [Warning][RelayProbe.Miss] window=[29713,29833] src=Prediction inSpan=0 aboveNewest=65 belowOldest=0 noProbeTick=0 miss=65
LogOGRelayProbe: Warning: [Warning][RelayProbe.Miss] window=[29713,29833] src=Resim inSpan=4 aboveNewest=45 belowOldest=0 noProbeTick=0 miss=49
LogOGRelayProbe: Warning: [Warning][RelayProbe.Delta] window=[29713,29833] src=Prediction n=120 p10=-1 p50=1 p90=2 min=-3 max=7 satLow=0 satHigh=0
LogOGRelayProbe: Warning: [Warning][RelayProbe.Delta] window=[29713,29833] src=Resim n=490 p10=-6 p50=-3 p90=0 min=-9 max=4 satLow=0 satHigh=0
LogOGRelayProbe: Warning: [Warning][RelayProbe.Stale] window=[29713,29833] maxConsecutiveFallbackRun=10 id=28415
LogOGResimProbe: Warning: [Warning][ResimProbe.Gate] checks=120 declined=53 requested=67 requestedPerMille=558 deepSkips=0 survivingAnchors=0
LogOGResimProbe: Warning: [Warning][ResimProbe.Chaos] requests=66 grants=66 refused=0 refusedPerMille=0 repeat=0 clamped=0 depthMin=5 depthMax=8
LogOGResimProbe: Warning: [Warning][ResimProbe.Apply] prepares=66 finishes=66 abandoned=0 stuck=0 replayTicks=497 replayOverruns=0 freshProtects=32 staleProtects=0
LogOGResimProbe: Warning: [Warning][ResimProbe.Frame] role=Client simTicks=120 frames=200 meanTicksPerFrameX100=60 p50=1 p99=1 max=1 meanFrameUs=10000
LogOGResimProbe: Warning: [Warning][ResimProbe.Frame] role=Client cadence dFrame1=40 dFrame0=0 dFrameGt1=80 discont=0 numSteps total=120 max=1 gt1=0
LogOGResimProbe: Warning: [Warning][ResimProbe.Landing] class=LocallyPredicted behind=60 atFrontier=0 discarded=0 atFrontierPerMille=0 windowSamples=120
LogOGResimProbe: Warning: [Warning][ResimProbe.Landing] class=RemoteProxy behind=60 atFrontier=0 discarded=0 atFrontierPerMille=0 windowSamples=120
LogOGDivergenceProbe: Warning: [Warning][DivergenceProbe.Window] class=LocallyPredicted corrections=60 disagreed=60 ratePerMille=1000 windowSamples=120
LogOGDivergenceProbe: Warning: [Warning][DivergenceProbe.Window] class=RemoteProxy corrections=60 disagreed=60 ratePerMille=1000 windowSamples=120
LogOGRelayProbe: Warning: [Warning][RelayProbe.Read] window=[29833,29953] src=Prediction hit=50 miss=70 verifyFail=0 rung0=0 total=120
LogOGRelayProbe: Warning: [Warning][RelayProbe.Read] window=[29833,29953] src=Resim hit=398 miss=62 verifyFail=0 rung0=0 total=460
LogOGRelayProbe: Warning: [Warning][RelayProbe.Miss] window=[29833,29953] src=Prediction inSpan=0 aboveNewest=70 belowOldest=0 noProbeTick=0 miss=70
LogOGRelayProbe: Warning: [Warning][RelayProbe.Miss] window=[29833,29953] src=Resim inSpan=0 aboveNewest=62 belowOldest=0 noProbeTick=0 miss=62
LogOGRelayProbe: Warning: [Warning][RelayProbe.Delta] window=[29833,29953] src=Prediction n=120 p10=-1 p50=1 p90=3 min=-2 max=6 satLow=0 satHigh=0
LogOGRelayProbe: Warning: [Warning][RelayProbe.Delta] window=[29833,29953] src=Resim n=460 p10=-5 p50=-2 p90=1 min=-8 max=5 satLow=0 satHigh=0
LogOGRelayProbe: Warning: [Warning][RelayProbe.Stale] window=[29833,29953] maxConsecutiveFallbackRun=7 id=28415
LogOGResimProbe: Warning: [Warning][ResimProbe.Gate] checks=120 declined=54 requested=66 requestedPerMille=550 deepSkips=0 survivingAnchors=0
LogOGResimProbe: Warning: [Warning][ResimProbe.Chaos] requests=67 grants=67 refused=0 refusedPerMille=0 repeat=0 clamped=0 depthMin=4 depthMax=8
LogOGResimProbe: Warning: [Warning][ResimProbe.Apply] prepares=67 finishes=67 abandoned=0 stuck=0 replayTicks=486 replayOverruns=0 freshProtects=36 staleProtects=0
LogOGRelayProbe: Warning: [Warning][RelayProbe.Arrival] samples=120 gapCaptureTicks p50=2 p99=4 max=5 noAdvance=0 saturated=0 lostCaptureTicksX1000=0 lost=0 delivered=218 expected=218 discont=0 discontMax=0
LogOGResimProbe: Warning: [Warning][ResimProbe.Frame] role=Client simTicks=120 frames=201 meanTicksPerFrameX100=59 p50=1 p99=1 max=1 meanFrameUs=9999
LogOGResimProbe: Warning: [Warning][ResimProbe.Frame] role=Client cadence dFrame1=39 dFrame0=0 dFrameGt1=81 discont=0 numSteps total=120 max=1 gt1=0
LogOGResimProbe: Warning: [Warning][ResimProbe.Landing] class=LocallyPredicted behind=61 atFrontier=0 discarded=0 atFrontierPerMille=0 windowSamples=120
LogOGResimProbe: Warning: [Warning][ResimProbe.Landing] class=RemoteProxy behind=59 atFrontier=0 discarded=0 atFrontierPerMille=0 windowSamples=120
LogOGDivergenceProbe: Warning: [Warning][DivergenceProbe.Window] class=LocallyPredicted corrections=61 disagreed=61 ratePerMille=1000 windowSamples=120
LogOGDivergenceProbe: Warning: [Warning][DivergenceProbe.Window] class=RemoteProxy corrections=59 disagreed=59 ratePerMille=1000 windowSamples=120
LogOGRelayProbe: Warning: [Warning][RelayProbe.Read] window=[29953,30073] src=Prediction hit=28 miss=92 verifyFail=0 rung0=0 total=120
LogOGRelayProbe: Warning: [Warning][RelayProbe.Read] window=[29953,30073] src=Resim hit=405 miss=86 verifyFail=0 rung0=0 total=491
LogOGRelayProbe: Warning: [Warning][RelayProbe.Miss] window=[29953,30073] src=Prediction inSpan=0 aboveNewest=92 belowOldest=0 noProbeTick=0 miss=92
LogOGRelayProbe: Warning: [Warning][RelayProbe.Miss] window=[29953,30073] src=Resim inSpan=0 aboveNewest=86 belowOldest=0 noProbeTick=0 miss=86
LogOGRelayProbe: Warning: [Warning][RelayProbe.Delta] window=[29953,30073] src=Prediction n=120 p10=0 p50=2 p90=3 min=-2 max=5 satLow=0 satHigh=0
LogOGRelayProbe: Warning: [Warning][RelayProbe.Delta] window=[29953,30073] src=Resim n=491 p10=-5 p50=-2 p90=1 min=-7 max=4 satLow=0 satHigh=0
LogOGRelayProbe: Warning: [Warning][RelayProbe.Stale] window=[29953,30073] maxConsecutiveFallbackRun=35 id=28415
LogOGResimProbe: Warning: [Warning][ResimProbe.Gate] checks=120 declined=51 requested=69 requestedPerMille=575 deepSkips=0 survivingAnchors=0
LogOGResimProbe: Warning: [Warning][ResimProbe.Chaos] requests=68 grants=68 refused=0 refusedPerMille=0 repeat=0 clamped=0 depthMin=4 depthMax=8
LogOGResimProbe: Warning: [Warning][ResimProbe.Apply] prepares=68 finishes=68 abandoned=0 stuck=0 replayTicks=500 replayOverruns=0 freshProtects=34 staleProtects=0
LogOGResimProbe: Warning: [Warning][ResimProbe.Frame] role=Client simTicks=120 frames=199 meanTicksPerFrameX100=60 p50=1 p99=1 max=1 meanFrameUs=9999
LogOGResimProbe: Warning: [Warning][ResimProbe.Frame] role=Client cadence dFrame1=41 dFrame0=0 dFrameGt1=79 discont=0 numSteps total=120 max=1 gt1=0
LogOGResimProbe: Warning: [Warning][ResimProbe.Landing] class=LocallyPredicted behind=60 atFrontier=0 discarded=0 atFrontierPerMille=0 windowSamples=120
LogOGResimProbe: Warning: [Warning][ResimProbe.Landing] class=RemoteProxy behind=60 atFrontier=0 discarded=0 atFrontierPerMille=0 windowSamples=120
LogOGDivergenceProbe: Warning: [Warning][DivergenceProbe.Window] class=LocallyPredicted corrections=60 disagreed=60 ratePerMille=1000 windowSamples=120
LogOGDivergenceProbe: Warning: [Warning][DivergenceProbe.Window] class=RemoteProxy corrections=60 disagreed=60 ratePerMille=1000 windowSamples=120
LogOGRelayProbe: Warning: [Warning][RelayProbe.Arrival] samples=120 gapCaptureTicks p50=2 p99=4 max=5 noAdvance=0 saturated=0 lostCaptureTicksX1000=4 lost=1 delivered=216 expected=217 discont=0 discontMax=0
LogOGRelayProbe: Warning: [Warning][RelayProbe.Read] window=[30073,30193] src=Prediction hit=38 miss=82 verifyFail=0 rung0=0 total=120
LogOGRelayProbe: Warning: [Warning][RelayProbe.Read] window=[30073,30193] src=Resim hit=424 miss=58 verifyFail=0 rung0=0 total=482
LogOGRelayProbe: Warning: [Warning][RelayProbe.Miss] window=[30073,30193] src=Prediction inSpan=0 aboveNewest=82 belowOldest=0 noProbeTick=0 miss=82
LogOGRelayProbe: Warning: [Warning][RelayProbe.Miss] window=[30073,30193] src=Resim inSpan=3 aboveNewest=55 belowOldest=0 noProbeTick=0 miss=58
LogOGRelayProbe: Warning: [Warning][RelayProbe.Delta] window=[30073,30193] src=Prediction n=120 p10=-1 p50=1 p90=2 min=-3 max=4 satLow=0 satHigh=0
LogOGRelayProbe: Warning: [Warning][RelayProbe.Delta] window=[30073,30193] src=Resim n=482 p10=-6 p50=-3 p90=1 min=-8 max=3 satLow=0 satHigh=0
LogOGRelayProbe: Warning: [Warning][RelayProbe.Stale] window=[30073,30193] maxConsecutiveFallbackRun=16 id=28415
LogOGResimProbe: Warning: [Warning][ResimProbe.Gate] checks=120 declined=53 requested=67 requestedPerMille=558 deepSkips=0 survivingAnchors=0
LogOGResimProbe: Warning: [Warning][ResimProbe.Chaos] requests=67 grants=67 refused=0 refusedPerMille=0 repeat=0 clamped=0 depthMin=5 depthMax=8
LogOGResimProbe: Warning: [Warning][ResimProbe.Apply] prepares=67 finishes=67 abandoned=0 stuck=0 replayTicks=502 replayOverruns=0 freshProtects=38 staleProtects=0
LogOGResimProbe: Warning: [Warning][ResimProbe.Frame] role=Client simTicks=120 frames=200 meanTicksPerFrameX100=60 p50=1 p99=1 max=1 meanFrameUs=10000
LogOGResimProbe: Warning: [Warning][ResimProbe.Frame] role=Client cadence dFrame1=40 dFrame0=0 dFrameGt1=80 discont=0 numSteps total=120 max=1 gt1=0
LogOGResimProbe: Warning: [Warning][ResimProbe.Landing] class=LocallyPredicted behind=59 atFrontier=0 discarded=0 atFrontierPerMille=0 windowSamples=120
LogOGResimProbe: Warning: [Warning][ResimProbe.Landing] class=RemoteProxy behind=61 atFrontier=0 discarded=0 atFrontierPerMille=0 windowSamples=120
LogOGDivergenceProbe: Warning: [Warning][DivergenceProbe.Window] class=LocallyPredicted corrections=59 disagreed=59 ratePerMille=1000 windowSamples=120
LogOGDivergenceProbe: Warning: [Warning][DivergenceProbe.Window] class=RemoteProxy corrections=61 disagreed=61 ratePerMille=1000 windowSamples=120
LogOGRelayProbe: Warning: [Warning][RelayProbe.Read] window=[30193,30313] src=Prediction hit=60 miss=60 verifyFail=0 rung0=0 total=120
LogOGRelayProbe: Warning: [Warning][RelayProbe.Read] window=[30193,30313] src=Resim hit=410 miss=39 verifyFail=0 rung0=0 total=449
LogOGRelayProbe: Warning: [Warning][RelayProbe.Miss] window=[30193,30313] src=Prediction inSpan=0 aboveNewest=60 belowOldest=0 noProbeTick=0 miss=60
LogOGRelayProbe: Warning: [Warning][RelayProbe.Miss] window=[30193,30313] src=Resim inSpan=11 aboveNewest=28 belowOldest=0 noProbeTick=0 miss=39
LogOGRelayProbe: Warning: [Warning][RelayProbe.Delta] window=[30193,30313] src=Prediction n=120 p10=-1 p50=0 p90=2 min=-2 max=4 satLow=0 satHigh=0
LogOGRelayProbe: Warning: [Warning][RelayProbe.Delta] window=[30193,30313] src=Resim n=449 p10=-6 p50=-3 p90=0 min=-9 max=3 satLow=0 satHigh=0
LogOGRelayProbe: Warning: [Warning][RelayProbe.Stale] window=[30193,30313] maxConsecutiveFallbackRun=6 id=28415
LogOGResimProbe: Warning: [Warning][ResimProbe.Gate] checks=120 declined=54 requested=66 requestedPerMille=550 deepSkips=0 survivingAnchors=0
LogOGResimProbe: Warning: [Warning][ResimProbe.Chaos] requests=66 grants=65 refused=1 refusedPerMille=15 repeat=1 clamped=0 depthMin=5 depthMax=8
LogOGResimProbe: Warning: [Warning][ResimProbe.Apply] prepares=65 finishes=65 abandoned=0 stuck=0 replayTicks=479 replayOverruns=0 freshProtects=38 staleProtects=0
LogOGResimProbe: Warning: [Warning][ResimProbe.Frame] role=Client simTicks=120 frames=200 meanTicksPerFrameX100=60 p50=1 p99=1 max=1 meanFrameUs=10000
LogOGResimProbe: Warning: [Warning][ResimProbe.Frame] role=Client cadence dFrame1=40 dFrame0=0 dFrameGt1=80 discont=0 numSteps total=120 max=1 gt1=0
LogOGResimProbe: Warning: [Warning][ResimProbe.Landing] class=LocallyPredicted behind=59 atFrontier=0 discarded=0 atFrontierPerMille=0 windowSamples=120
LogOGResimProbe: Warning: [Warning][ResimProbe.Landing] class=RemoteProxy behind=61 atFrontier=0 discarded=0 atFrontierPerMille=0 windowSamples=120
LogOGDivergenceProbe: Warning: [Warning][DivergenceProbe.Window] class=LocallyPredicted corrections=59 disagreed=59 ratePerMille=1000 windowSamples=120
LogOGDivergenceProbe: Warning: [Warning][DivergenceProbe.Window] class=RemoteProxy corrections=61 disagreed=61 ratePerMille=1000 windowSamples=120
LogOGRelayProbe: Warning: [Warning][RelayProbe.Arrival] samples=120 gapCaptureTicks p50=2 p99=4 max=5 noAdvance=0 saturated=0 lostCaptureTicksX1000=21 lost=5 delivered=226 expected=231 discont=0 discontMax=0
LogOGRelayProbe: Warning: [Warning][RelayProbe.Read] window=[30313,30433] src=Prediction hit=74 miss=46 verifyFail=0 rung0=0 total=120
LogOGRelayProbe: Warning: [Warning][RelayProbe.Read] window=[30313,30433] src=Resim hit=486 miss=30 verifyFail=0 rung0=0 total=516
LogOGRelayProbe: Warning: [Warning][RelayProbe.Miss] window=[30313,30433] src=Prediction inSpan=0 aboveNewest=46 belowOldest=0 noProbeTick=0 miss=46
LogOGRelayProbe: Warning: [Warning][RelayProbe.Miss] window=[30313,30433] src=Resim inSpan=0 aboveNewest=30 belowOldest=0 noProbeTick=0 miss=30
LogOGRelayProbe: Warning: [Warning][RelayProbe.Delta] window=[30313,30433] src=Prediction n=120 p10=-2 p50=0 p90=2 min=-3 max=3 satLow=0 satHigh=0
LogOGRelayProbe: Warning: [Warning][RelayProbe.Delta] window=[30313,30433] src=Resim n=516 p10=-6 p50=-3 p90=0 min=-9 max=3 satLow=0 satHigh=0
LogOGRelayProbe: Warning: [Warning][RelayProbe.Stale] window=[30313,30433] maxConsecutiveFallbackRun=11 id=28415
LogOGResimProbe: Warning: [Warning][ResimProbe.Gate] checks=120 declined=51 requested=69 requestedPerMille=575 deepSkips=0 survivingAnchors=0
LogOGResimProbe: Warning: [Warning][ResimProbe.Chaos] requests=70 grants=70 refused=0 refusedPerMille=0 repeat=0 clamped=0 depthMin=5 depthMax=8
LogOGResimProbe: Warning: [Warning][ResimProbe.Apply] prepares=70 finishes=70 abandoned=0 stuck=0 replayTicks=520 replayOverruns=0 freshProtects=38 staleProtects=0
LogOGResimProbe: Warning: [Warning][ResimProbe.Frame] role=Client simTicks=120 frames=200 meanTicksPerFrameX100=60 p50=1 p99=1 max=1 meanFrameUs=9999
LogOGResimProbe: Warning: [Warning][ResimProbe.Frame] role=Client cadence dFrame1=40 dFrame0=0 dFrameGt1=80 discont=0 numSteps total=120 max=1 gt1=0
LogOGResimProbe: Warning: [Warning][ResimProbe.Landing] class=LocallyPredicted behind=60 atFrontier=0 discarded=0 atFrontierPerMille=0 windowSamples=120
LogOGResimProbe: Warning: [Warning][ResimProbe.Landing] class=RemoteProxy behind=60 atFrontier=0 discarded=0 atFrontierPerMille=0 windowSamples=120
LogOGDivergenceProbe: Warning: [Warning][DivergenceProbe.Window] class=LocallyPredicted corrections=60 disagreed=60 ratePerMille=1000 windowSamples=120
LogOGDivergenceProbe: Warning: [Warning][DivergenceProbe.Window] class=RemoteProxy corrections=60 disagreed=60 ratePerMille=1000 windowSamples=120
LogOGRelayProbe: Warning: [Warning][RelayProbe.Read] window=[30433,30553] src=Prediction hit=64 miss=56 verifyFail=0 rung0=0 total=120
LogOGRelayProbe: Warning: [Warning][RelayProbe.Read] window=[30433,30553] src=Resim hit=377 miss=28 verifyFail=0 rung0=0 total=405
LogOGRelayProbe: Warning: [Warning][RelayProbe.Miss] window=[30433,30553] src=Prediction inSpan=1 aboveNewest=55 belowOldest=0 noProbeTick=0 miss=56
LogOGRelayProbe: Warning: [Warning][RelayProbe.Miss] window=[30433,30553] src=Resim inSpan=4 aboveNewest=24 belowOldest=0 noProbeTick=0 miss=28
LogOGRelayProbe: Warning: [Warning][RelayProbe.Delta] window=[30433,30553] src=Prediction n=120 p10=-2 p50=0 p90=2 min=-3 max=4 satLow=0 satHigh=0
LogOGRelayProbe: Warning: [Warning][RelayProbe.Delta] window=[30433,30553] src=Resim n=405 p10=-6 p50=-3 p90=0 min=-8 max=2 satLow=0 satHigh=0
LogOGRelayProbe: Warning: [Warning][RelayProbe.Stale] window=[30433,30553] maxConsecutiveFallbackRun=12 id=28415
LogOGResimProbe: Warning: [Warning][ResimProbe.Gate] checks=120 declined=57 requested=63 requestedPerMille=525 deepSkips=0 survivingAnchors=0
LogOGResimProbe: Warning: [Warning][ResimProbe.Chaos] requests=62 grants=62 refused=0 refusedPerMille=0 repeat=0 clamped=0 depthMin=4 depthMax=8
LogOGResimProbe: Warning: [Warning][ResimProbe.Apply] prepares=62 finishes=62 abandoned=0 stuck=0 replayTicks=429 replayOverruns=0 freshProtects=35 staleProtects=0
LogOGResimProbe: Warning: [Warning][ResimProbe.Frame] role=Client simTicks=120 frames=200 meanTicksPerFrameX100=60 p50=1 p99=1 max=1 meanFrameUs=10000
LogOGResimProbe: Warning: [Warning][ResimProbe.Frame] role=Client cadence dFrame1=40 dFrame0=0 dFrameGt1=80 discont=0 numSteps total=120 max=1 gt1=0
LogOGResimProbe: Warning: [Warning][ResimProbe.Landing] class=LocallyPredicted behind=59 atFrontier=0 discarded=0 atFrontierPerMille=0 windowSamples=120
LogOGResimProbe: Warning: [Warning][ResimProbe.Landing] class=RemoteProxy behind=61 atFrontier=0 discarded=0 atFrontierPerMille=0 windowSamples=120
LogOGDivergenceProbe: Warning: [Warning][DivergenceProbe.Window] class=LocallyPredicted corrections=59 disagreed=59 ratePerMille=1000 windowSamples=120
LogOGDivergenceProbe: Warning: [Warning][DivergenceProbe.Window] class=RemoteProxy corrections=61 disagreed=61 ratePerMille=1000 windowSamples=120
LogOGRelayProbe: Warning: [Warning][RelayProbe.Arrival] samples=120 gapCaptureTicks p50=2 p99=4 max=4 noAdvance=0 saturated=0 lostCaptureTicksX1000=8 lost=2 delivered=221 expected=223 discont=0 discontMax=0
LogOGRelayProbe: Warning: [Warning][RelayProbe.Read] window=[30553,30673] src=Prediction hit=39 miss=81 verifyFail=0 rung0=0 total=120
LogOGRelayProbe: Warning: [Warning][RelayProbe.Read] window=[30553,30673] src=Resim hit=417 miss=66 verifyFail=0 rung0=0 total=483
LogOGRelayProbe: Warning: [Warning][RelayProbe.Miss] window=[30553,30673] src=Prediction inSpan=0 aboveNewest=81 belowOldest=0 noProbeTick=0 miss=81
LogOGRelayProbe: Warning: [Warning][RelayProbe.Miss] window=[30553,30673] src=Resim inSpan=0 aboveNewest=66 belowOldest=0 noProbeTick=0 miss=66
LogOGRelayProbe: Warning: [Warning][RelayProbe.Delta] window=[30553,30673] src=Prediction n=120 p10=-1 p50=1 p90=3 min=-2 max=4 satLow=0 satHigh=0
LogOGRelayProbe: Warning: [Warning][RelayProbe.Delta] window=[30553,30673] src=Resim n=483 p10=-6 p50=-2 p90=1 min=-8 max=4 satLow=0 satHigh=0
LogOGRelayProbe: Warning: [Warning][RelayProbe.Stale] window=[30553,30673] maxConsecutiveFallbackRun=16 id=28415
LogOGResimProbe: Warning: [Warning][ResimProbe.Gate] checks=120 declined=54 requested=66 requestedPerMille=550 deepSkips=0 survivingAnchors=0
LogOGResimProbe: Warning: [Warning][ResimProbe.Chaos] requests=66 grants=66 refused=0 refusedPerMille=0 repeat=0 clamped=0 depthMin=4 depthMax=8
LogOGResimProbe: Warning: [Warning][ResimProbe.Apply] prepares=66 finishes=66 abandoned=0 stuck=0 replayTicks=497 replayOverruns=0 freshProtects=37 staleProtects=0
LogOGResimProbe: Warning: [Warning][ResimProbe.Frame] role=Client simTicks=120 frames=201 meanTicksPerFrameX100=59 p50=1 p99=1 max=1 meanFrameUs=10000
LogOGResimProbe: Warning: [Warning][ResimProbe.Frame] role=Client cadence dFrame1=39 dFrame0=0 dFrameGt1=81 discont=0 numSteps total=120 max=1 gt1=0
LogOGResimProbe: Warning: [Warning][ResimProbe.Landing] class=LocallyPredicted behind=60 atFrontier=0 discarded=0 atFrontierPerMille=0 windowSamples=120
LogOGResimProbe: Warning: [Warning][ResimProbe.Landing] class=RemoteProxy behind=60 atFrontier=0 discarded=0 atFrontierPerMille=0 windowSamples=120
LogOGDivergenceProbe: Warning: [Warning][DivergenceProbe.Window] class=LocallyPredicted corrections=60 disagreed=60 ratePerMille=1000 windowSamples=120
LogOGDivergenceProbe: Warning: [Warning][DivergenceProbe.Window] class=RemoteProxy corrections=60 disagreed=60 ratePerMille=1000 windowSamples=120
LogOGRelayProbe: Warning: [Warning][RelayProbe.Read] window=[30673,30793] src=Prediction hit=40 miss=80 verifyFail=0 rung0=0 total=120
LogOGRelayProbe: Warning: [Warning][RelayProbe.Read] window=[30673,30793] src=Resim hit=425 miss=57 verifyFail=0 rung0=0 total=482
LogOGRelayProbe: Warning: [Warning][RelayProbe.Miss] window=[30673,30793] src=Prediction inSpan=0 aboveNewest=80 belowOldest=0 noProbeTick=0 miss=80
LogOGRelayProbe: Warning: [Warning][RelayProbe.Miss] window=[30673,30793] src=Resim inSpan=0 aboveNewest=57 belowOldest=0 noProbeTick=0 miss=57
LogOGRelayProbe: Warning: [Warning][RelayProbe.Delta] window=[30673,30793] src=Prediction n=120 p10=-1 p50=1 p90=2 min=-2 max=4 satLow=0 satHigh=0
LogOGRelayProbe: Warning: [Warning][RelayProbe.Delta] window=[30673,30793] src=Resim n=482 p10=-6 p50=-3 p90=1 min=-8 max=4 satLow=0 satHigh=0
LogOGRelayProbe: Warning: [Warning][RelayProbe.Stale] window=[30673,30793] maxConsecutiveFallbackRun=9 id=28415
LogOGResimProbe: Warning: [Warning][ResimProbe.Gate] checks=120 declined=57 requested=63 requestedPerMille=525 deepSkips=0 survivingAnchors=0
LogOGResimProbe: Warning: [Warning][ResimProbe.Chaos] requests=64 grants=64 refused=0 refusedPerMille=0 repeat=0 clamped=0 depthMin=5 depthMax=8
LogOGResimProbe: Warning: [Warning][ResimProbe.Apply] prepares=64 finishes=64 abandoned=0 stuck=0 replayTicks=492 replayOverruns=0 freshProtects=31 staleProtects=0
LogOGResimProbe: Warning: [Warning][ResimProbe.Frame] role=Client simTicks=120 frames=200 meanTicksPerFrameX100=60 p50=1 p99=1 max=1 meanFrameUs=10000
LogOGResimProbe: Warning: [Warning][ResimProbe.Frame] role=Client cadence dFrame1=40 dFrame0=0 dFrameGt1=80 discont=0 numSteps total=120 max=1 gt1=0
LogOGResimProbe: Warning: [Warning][ResimProbe.Landing] class=LocallyPredicted behind=60 atFrontier=0 discarded=0 atFrontierPerMille=0 windowSamples=120
LogOGResimProbe: Warning: [Warning][ResimProbe.Landing] class=RemoteProxy behind=60 atFrontier=0 discarded=0 atFrontierPerMille=0 windowSamples=120
LogOGDivergenceProbe: Warning: [Warning][DivergenceProbe.Window] class=LocallyPredicted corrections=60 disagreed=60 ratePerMille=1000 windowSamples=120
LogOGDivergenceProbe: Warning: [Warning][DivergenceProbe.Window] class=RemoteProxy corrections=60 disagreed=60 ratePerMille=1000 windowSamples=120
LogOGRelayProbe: Warning: [Warning][RelayProbe.Arrival] samples=120 gapCaptureTicks p50=2 p99=4 max=5 noAdvance=0 saturated=0 lostCaptureTicksX1000=0 lost=0 delivered=225 expected=225 discont=0 discontMax=0
LogOGRelayProbe: Warning: [Warning][RelayProbe.Read] window=[30793,30913] src=Prediction hit=44 miss=76 verifyFail=0 rung0=0 total=120
LogOGRelayProbe: Warning: [Warning][RelayProbe.Read] window=[30793,30913] src=Resim hit=373 miss=42 verifyFail=0 rung0=0 total=415
LogOGRelayProbe: Warning: [Warning][RelayProbe.Miss] window=[30793,30913] src=Prediction inSpan=0 aboveNewest=76 belowOldest=0 noProbeTick=0 miss=76
LogOGRelayProbe: Warning: [Warning][RelayProbe.Miss] window=[30793,30913] src=Resim inSpan=4 aboveNewest=38 belowOldest=0 noProbeTick=0 miss=42
LogOGRelayProbe: Warning: [Warning][RelayProbe.Delta] window=[30793,30913] src=Prediction n=120 p10=-1 p50=1 p90=3 min=-2 max=4 satLow=0 satHigh=0
LogOGRelayProbe: Warning: [Warning][RelayProbe.Delta] window=[30793,30913] src=Resim n=415 p10=-6 p50=-3 p90=0 min=-8 max=2 satLow=0 satHigh=0
LogOGRelayProbe: Warning: [Warning][RelayProbe.Stale] window=[30793,30913] maxConsecutiveFallbackRun=7 id=28415
LogOGResimProbe: Warning: [Warning][ResimProbe.Gate] checks=120 declined=58 requested=62 requestedPerMille=517 deepSkips=0 survivingAnchors=0
LogOGResimProbe: Warning: [Warning][ResimProbe.Chaos] requests=62 grants=60 refused=2 refusedPerMille=32 repeat=2 clamped=0 depthMin=5 depthMax=8
LogOGResimProbe: Warning: [Warning][ResimProbe.Apply] prepares=60 finishes=60 abandoned=0 stuck=0 replayTicks=432 replayOverruns=0 freshProtects=33 staleProtects=0
LogOGResimProbe: Warning: [Warning][ResimProbe.Frame] role=Client simTicks=120 frames=200 meanTicksPerFrameX100=60 p50=1 p99=1 max=1 meanFrameUs=10000
LogOGResimProbe: Warning: [Warning][ResimProbe.Frame] role=Client cadence dFrame1=40 dFrame0=0 dFrameGt1=80 discont=0 numSteps total=120 max=1 gt1=0
LogOGResimProbe: Warning: [Warning][ResimProbe.Landing] class=LocallyPredicted behind=58 atFrontier=0 discarded=0 atFrontierPerMille=0 windowSamples=120
LogOGResimProbe: Warning: [Warning][ResimProbe.Landing] class=RemoteProxy behind=62 atFrontier=0 discarded=0 atFrontierPerMille=0 windowSamples=120
LogOGDivergenceProbe: Warning: [Warning][DivergenceProbe.Window] class=LocallyPredicted corrections=58 disagreed=58 ratePerMille=1000 windowSamples=120
LogOGDivergenceProbe: Warning: [Warning][DivergenceProbe.Window] class=RemoteProxy corrections=62 disagreed=62 ratePerMille=1000 windowSamples=120
LogOGRelayProbe: Warning: [Warning][RelayProbe.Read] window=[30913,31033] src=Prediction hit=52 miss=68 verifyFail=0 rung0=0 total=120
LogOGRelayProbe: Warning: [Warning][RelayProbe.Read] window=[30913,31033] src=Resim hit=366 miss=33 verifyFail=0 rung0=0 total=399
LogOGRelayProbe: Warning: [Warning][RelayProbe.Miss] window=[30913,31033] src=Prediction inSpan=0 aboveNewest=68 belowOldest=0 noProbeTick=0 miss=68
LogOGRelayProbe: Warning: [Warning][RelayProbe.Miss] window=[30913,31033] src=Resim inSpan=0 aboveNewest=33 belowOldest=0 noProbeTick=0 miss=33
LogOGRelayProbe: Warning: [Warning][RelayProbe.Delta] window=[30913,31033] src=Prediction n=120 p10=-1 p50=1 p90=3 min=-3 max=4 satLow=0 satHigh=0
LogOGRelayProbe: Warning: [Warning][RelayProbe.Delta] window=[30913,31033] src=Resim n=399 p10=-6 p50=-3 p90=0 min=-8 max=3 satLow=0 satHigh=0
LogOGRelayProbe: Warning: [Warning][RelayProbe.Stale] window=[30913,31033] maxConsecutiveFallbackRun=7 id=28415
LogOGResimProbe: Warning: [Warning][ResimProbe.Gate] checks=120 declined=62 requested=58 requestedPerMille=483 deepSkips=0 survivingAnchors=0
LogOGResimProbe: Warning: [Warning][ResimProbe.Chaos] requests=57 grants=57 refused=0 refusedPerMille=0 repeat=0 clamped=0 depthMin=4 depthMax=7
LogOGResimProbe: Warning: [Warning][ResimProbe.Apply] prepares=57 finishes=57 abandoned=0 stuck=0 replayTicks=405 replayOverruns=0 freshProtects=36 staleProtects=0
LogOGResimProbe: Warning: [Warning][ResimProbe.Frame] role=Client simTicks=120 frames=198 meanTicksPerFrameX100=60 p50=1 p99=1 max=1 meanFrameUs=10000
LogOGResimProbe: Warning: [Warning][ResimProbe.Frame] role=Client cadence dFrame1=42 dFrame0=0 dFrameGt1=78 discont=0 numSteps total=120 max=1 gt1=0
LogOGRelayProbe: Warning: [Warning][RelayProbe.Arrival] samples=120 gapCaptureTicks p50=2 p99=4 max=5 noAdvance=0 saturated=0 lostCaptureTicksX1000=13 lost=3 delivered=217 expected=220 discont=0 discontMax=0
LogOGResimProbe: Warning: [Warning][ResimProbe.Landing] class=LocallyPredicted behind=60 atFrontier=0 discarded=0 atFrontierPerMille=0 windowSamples=120
LogOGResimProbe: Warning: [Warning][ResimProbe.Landing] class=RemoteProxy behind=60 atFrontier=0 discarded=0 atFrontierPerMille=0 windowSamples=120
LogOGDivergenceProbe: Warning: [Warning][DivergenceProbe.Window] class=LocallyPredicted corrections=60 disagreed=60 ratePerMille=1000 windowSamples=120
LogOGDivergenceProbe: Warning: [Warning][DivergenceProbe.Window] class=RemoteProxy corrections=60 disagreed=60 ratePerMille=1000 windowSamples=120
LogOGRelayProbe: Warning: [Warning][RelayProbe.Read] window=[31033,31153] src=Prediction hit=29 miss=91 verifyFail=0 rung0=0 total=120
LogOGRelayProbe: Warning: [Warning][RelayProbe.Read] window=[31033,31153] src=Resim hit=400 miss=102 verifyFail=0 rung0=0 total=502
LogOGRelayProbe: Warning: [Warning][RelayProbe.Miss] window=[31033,31153] src=Prediction inSpan=0 aboveNewest=91 belowOldest=0 noProbeTick=0 miss=91
LogOGRelayProbe: Warning: [Warning][RelayProbe.Miss] window=[31033,31153] src=Resim inSpan=15 aboveNewest=87 belowOldest=0 noProbeTick=0 miss=102
LogOGRelayProbe: Warning: [Warning][RelayProbe.Delta] window=[31033,31153] src=Prediction n=120 p10=0 p50=2 p90=4 min=-1 max=5 satLow=0 satHigh=0
LogOGRelayProbe: Warning: [Warning][RelayProbe.Delta] window=[31033,31153] src=Resim n=502 p10=-5 p50=-2 p90=1 min=-8 max=4 satLow=0 satHigh=0
LogOGRelayProbe: Warning: [Warning][RelayProbe.Stale] window=[31033,31153] maxConsecutiveFallbackRun=15 id=28415
LogOGResimProbe: Warning: [Warning][ResimProbe.Gate] checks=120 declined=51 requested=69 requestedPerMille=575 deepSkips=0 survivingAnchors=0
LogOGResimProbe: Warning: [Warning][ResimProbe.Chaos] requests=69 grants=69 refused=0 refusedPerMille=0 repeat=0 clamped=0 depthMin=5 depthMax=8
LogOGResimProbe: Warning: [Warning][ResimProbe.Apply] prepares=69 finishes=69 abandoned=0 stuck=0 replayTicks=527 replayOverruns=0 freshProtects=32 staleProtects=0
LogOGResimProbe: Warning: [Warning][ResimProbe.Frame] role=Client simTicks=120 frames=202 meanTicksPerFrameX100=59 p50=1 p99=1 max=1 meanFrameUs=10000
LogOGResimProbe: Warning: [Warning][ResimProbe.Frame] role=Client cadence dFrame1=38 dFrame0=0 dFrameGt1=82 discont=0 numSteps total=120 max=1 gt1=0
LogOGResimProbe: Warning: [Warning][ResimProbe.Landing] class=LocallyPredicted behind=61 atFrontier=0 discarded=0 atFrontierPerMille=0 windowSamples=120
LogOGResimProbe: Warning: [Warning][ResimProbe.Landing] class=RemoteProxy behind=59 atFrontier=0 discarded=0 atFrontierPerMille=0 windowSamples=120
LogOGDivergenceProbe: Warning: [Warning][DivergenceProbe.Window] class=LocallyPredicted corrections=61 disagreed=61 ratePerMille=1000 windowSamples=120
LogOGDivergenceProbe: Warning: [Warning][DivergenceProbe.Window] class=RemoteProxy corrections=59 disagreed=59 ratePerMille=1000 windowSamples=120
LogOGRelayProbe: Warning: [Warning][RelayProbe.Read] window=[31153,31273] src=Prediction hit=55 miss=65 verifyFail=0 rung0=0 total=120
LogOGRelayProbe: Warning: [Warning][RelayProbe.Read] window=[31153,31273] src=Resim hit=425 miss=42 verifyFail=0 rung0=0 total=467
LogOGRelayProbe: Warning: [Warning][RelayProbe.Miss] window=[31153,31273] src=Prediction inSpan=0 aboveNewest=65 belowOldest=0 noProbeTick=0 miss=65
LogOGRelayProbe: Warning: [Warning][RelayProbe.Miss] window=[31153,31273] src=Resim inSpan=0 aboveNewest=42 belowOldest=0 noProbeTick=0 miss=42
LogOGRelayProbe: Warning: [Warning][RelayProbe.Delta] window=[31153,31273] src=Prediction n=120 p10=-2 p50=1 p90=2 min=-3 max=3 satLow=0 satHigh=0
LogOGRelayProbe: Warning: [Warning][RelayProbe.Delta] window=[31153,31273] src=Resim n=467 p10=-6 p50=-3 p90=0 min=-8 max=3 satLow=0 satHigh=0
LogOGRelayProbe: Warning: [Warning][RelayProbe.Stale] window=[31153,31273] maxConsecutiveFallbackRun=8 id=28415
LogOGResimProbe: Warning: [Warning][ResimProbe.Gate] checks=120 declined=54 requested=66 requestedPerMille=550 deepSkips=0 survivingAnchors=0
LogOGResimProbe: Warning: [Warning][ResimProbe.Chaos] requests=67 grants=67 refused=0 refusedPerMille=0 repeat=0 clamped=0 depthMin=4 depthMax=8
LogOGResimProbe: Warning: [Warning][ResimProbe.Apply] prepares=67 finishes=67 abandoned=0 stuck=0 replayTicks=493 replayOverruns=0 freshProtects=36 staleProtects=0
LogOGRelayProbe: Warning: [Warning][RelayProbe.Arrival] samples=120 gapCaptureTicks p50=2 p99=4 max=5 noAdvance=0 saturated=0 lostCaptureTicksX1000=13 lost=3 delivered=217 expected=220 discont=0 discontMax=0
LogOGResimProbe: Warning: [Warning][ResimProbe.Frame] role=Client simTicks=120 frames=199 meanTicksPerFrameX100=60 p50=1 p99=1 max=1 meanFrameUs=10000
LogOGResimProbe: Warning: [Warning][ResimProbe.Frame] role=Client cadence dFrame1=41 dFrame0=0 dFrameGt1=79 discont=0 numSteps total=120 max=1 gt1=0
LogOGResimProbe: Warning: [Warning][ResimProbe.Landing] class=LocallyPredicted behind=60 atFrontier=0 discarded=0 atFrontierPerMille=0 windowSamples=120
LogOGResimProbe: Warning: [Warning][ResimProbe.Landing] class=RemoteProxy behind=60 atFrontier=0 discarded=0 atFrontierPerMille=0 windowSamples=120
LogOGDivergenceProbe: Warning: [Warning][DivergenceProbe.Window] class=LocallyPredicted corrections=60 disagreed=60 ratePerMille=1000 windowSamples=120
LogOGDivergenceProbe: Warning: [Warning][DivergenceProbe.Window] class=RemoteProxy corrections=60 disagreed=60 ratePerMille=1000 windowSamples=120
LogOGRelayProbe: Warning: [Warning][RelayProbe.Read] window=[31273,31393] src=Prediction hit=30 miss=90 verifyFail=0 rung0=0 total=120
LogOGRelayProbe: Warning: [Warning][RelayProbe.Read] window=[31273,31393] src=Resim hit=457 miss=72 verifyFail=0 rung0=0 total=529
LogOGRelayProbe: Warning: [Warning][RelayProbe.Miss] window=[31273,31393] src=Prediction inSpan=0 aboveNewest=90 belowOldest=0 noProbeTick=0 miss=90
LogOGRelayProbe: Warning: [Warning][RelayProbe.Miss] window=[31273,31393] src=Resim inSpan=5 aboveNewest=67 belowOldest=0 noProbeTick=0 miss=72
LogOGRelayProbe: Warning: [Warning][RelayProbe.Delta] window=[31273,31393] src=Prediction n=120 p10=0 p50=1 p90=3 min=-2 max=4 satLow=0 satHigh=0
LogOGRelayProbe: Warning: [Warning][RelayProbe.Delta] window=[31273,31393] src=Resim n=529 p10=-6 p50=-2 p90=1 min=-8 max=3 satLow=0 satHigh=0
LogOGRelayProbe: Warning: [Warning][RelayProbe.Stale] window=[31273,31393] maxConsecutiveFallbackRun=11 id=28415
LogOGResimProbe: Warning: [Warning][ResimProbe.Gate] checks=120 declined=51 requested=69 requestedPerMille=575 deepSkips=0 survivingAnchors=0
LogOGResimProbe: Warning: [Warning][ResimProbe.Chaos] requests=68 grants=68 refused=0 refusedPerMille=0 repeat=0 clamped=0 depthMin=5 depthMax=8
LogOGResimProbe: Warning: [Warning][ResimProbe.Apply] prepares=68 finishes=68 abandoned=0 stuck=0 replayTicks=534 replayOverruns=0 freshProtects=36 staleProtects=0
LogOGResimProbe: Warning: [Warning][ResimProbe.Frame] role=Client simTicks=120 frames=200 meanTicksPerFrameX100=60 p50=1 p99=1 max=1 meanFrameUs=10000
LogOGResimProbe: Warning: [Warning][ResimProbe.Frame] role=Client cadence dFrame1=40 dFrame0=0 dFrameGt1=80 discont=0 numSteps total=120 max=1 gt1=0
LogOGResimProbe: Warning: [Warning][ResimProbe.Landing] class=LocallyPredicted behind=61 atFrontier=0 discarded=0 atFrontierPerMille=0 windowSamples=120
LogOGResimProbe: Warning: [Warning][ResimProbe.Landing] class=RemoteProxy behind=59 atFrontier=0 discarded=0 atFrontierPerMille=0 windowSamples=120
LogOGDivergenceProbe: Warning: [Warning][DivergenceProbe.Window] class=LocallyPredicted corrections=61 disagreed=61 ratePerMille=1000 windowSamples=120
LogOGDivergenceProbe: Warning: [Warning][DivergenceProbe.Window] class=RemoteProxy corrections=59 disagreed=59 ratePerMille=1000 windowSamples=120
LogOGRelayProbe: Warning: [Warning][RelayProbe.Read] window=[31393,31513] src=Prediction hit=42 miss=78 verifyFail=0 rung0=0 total=120
LogOGRelayProbe: Warning: [Warning][RelayProbe.Read] window=[31393,31513] src=Resim hit=371 miss=49 verifyFail=0 rung0=0 total=420
LogOGRelayProbe: Warning: [Warning][RelayProbe.Miss] window=[31393,31513] src=Prediction inSpan=0 aboveNewest=78 belowOldest=0 noProbeTick=0 miss=78
LogOGRelayProbe: Warning: [Warning][RelayProbe.Miss] window=[31393,31513] src=Resim inSpan=0 aboveNewest=49 belowOldest=0 noProbeTick=0 miss=49
LogOGRelayProbe: Warning: [Warning][RelayProbe.Delta] window=[31393,31513] src=Prediction n=120 p10=-1 p50=1 p90=3 min=-3 max=4 satLow=0 satHigh=0
LogOGRelayProbe: Warning: [Warning][RelayProbe.Delta] window=[31393,31513] src=Resim n=420 p10=-5 p50=-2 p90=1 min=-8 max=3 satLow=0 satHigh=0
LogOGRelayProbe: Warning: [Warning][RelayProbe.Stale] window=[31393,31513] maxConsecutiveFallbackRun=12 id=28415
LogOGResimProbe: Warning: [Warning][ResimProbe.Gate] checks=120 declined=59 requested=61 requestedPerMille=508 deepSkips=0 survivingAnchors=0
LogOGResimProbe: Warning: [Warning][ResimProbe.Chaos] requests=62 grants=62 refused=0 refusedPerMille=0 repeat=0 clamped=0 depthMin=4 depthMax=8
LogOGResimProbe: Warning: [Warning][ResimProbe.Apply] prepares=62 finishes=62 abandoned=0 stuck=0 replayTicks=451 replayOverruns=0 freshProtects=38 staleProtects=0
LogOGRelayProbe: Warning: [Warning][RelayProbe.Arrival] samples=120 gapCaptureTicks p50=2 p99=4 max=5 noAdvance=0 saturated=0 lostCaptureTicksX1000=8 lost=2 delivered=221 expected=223 discont=0 discontMax=0
LogOGResimProbe: Warning: [Warning][ResimProbe.Frame] role=Client simTicks=120 frames=200 meanTicksPerFrameX100=60 p50=1 p99=1 max=1 meanFrameUs=9999
LogOGResimProbe: Warning: [Warning][ResimProbe.Frame] role=Client cadence dFrame1=40 dFrame0=0 dFrameGt1=80 discont=0 numSteps total=120 max=1 gt1=0
LogOGResimProbe: Warning: [Warning][ResimProbe.Landing] class=LocallyPredicted behind=60 atFrontier=0 discarded=0 atFrontierPerMille=0 windowSamples=120
LogOGResimProbe: Warning: [Warning][ResimProbe.Landing] class=RemoteProxy behind=60 atFrontier=0 discarded=0 atFrontierPerMille=0 windowSamples=120
LogOGDivergenceProbe: Warning: [Warning][DivergenceProbe.Window] class=LocallyPredicted corrections=60 disagreed=60 ratePerMille=1000 windowSamples=120
LogOGDivergenceProbe: Warning: [Warning][DivergenceProbe.Window] class=RemoteProxy corrections=60 disagreed=60 ratePerMille=1000 windowSamples=120
LogOGRelayProbe: Warning: [Warning][RelayProbe.Read] window=[31513,31633] src=Prediction hit=37 miss=83 verifyFail=0 rung0=0 total=120
LogOGRelayProbe: Warning: [Warning][RelayProbe.Read] window=[31513,31633] src=Resim hit=386 miss=54 verifyFail=0 rung0=0 total=440
LogOGRelayProbe: Warning: [Warning][RelayProbe.Miss] window=[31513,31633] src=Prediction inSpan=0 aboveNewest=83 belowOldest=0 noProbeTick=0 miss=83
LogOGRelayProbe: Warning: [Warning][RelayProbe.Miss] window=[31513,31633] src=Resim inSpan=0 aboveNewest=54 belowOldest=0 noProbeTick=0 miss=54
LogOGRelayProbe: Warning: [Warning][RelayProbe.Delta] window=[31513,31633] src=Prediction n=120 p10=-1 p50=1 p90=3 min=-2 max=4 satLow=0 satHigh=0
LogOGRelayProbe: Warning: [Warning][RelayProbe.Delta] window=[31513,31633] src=Resim n=440 p10=-5 p50=-2 p90=1 min=-7 max=3 satLow=0 satHigh=0
LogOGRelayProbe: Warning: [Warning][RelayProbe.Stale] window=[31513,31633] maxConsecutiveFallbackRun=10 id=28415
LogOGResimProbe: Warning: [Warning][ResimProbe.Gate] checks=120 declined=57 requested=63 requestedPerMille=525 deepSkips=0 survivingAnchors=0
LogOGResimProbe: Warning: [Warning][ResimProbe.Chaos] requests=62 grants=62 refused=0 refusedPerMille=0 repeat=0 clamped=0 depthMin=5 depthMax=8
LogOGResimProbe: Warning: [Warning][ResimProbe.Apply] prepares=62 finishes=62 abandoned=0 stuck=0 replayTicks=452 replayOverruns=0 freshProtects=39 staleProtects=0
LogOGResimProbe: Warning: [Warning][ResimProbe.Frame] role=Client simTicks=120 frames=200 meanTicksPerFrameX100=60 p50=1 p99=1 max=1 meanFrameUs=10000
LogOGResimProbe: Warning: [Warning][ResimProbe.Frame] role=Client cadence dFrame1=40 dFrame0=0 dFrameGt1=80 discont=0 numSteps total=120 max=1 gt1=0
LogOGResimProbe: Warning: [Warning][ResimProbe.Landing] class=LocallyPredicted behind=59 atFrontier=0 discarded=0 atFrontierPerMille=0 windowSamples=120
LogOGResimProbe: Warning: [Warning][ResimProbe.Landing] class=RemoteProxy behind=61 atFrontier=0 discarded=0 atFrontierPerMille=0 windowSamples=120
LogOGDivergenceProbe: Warning: [Warning][DivergenceProbe.Window] class=LocallyPredicted corrections=59 disagreed=59 ratePerMille=1000 windowSamples=120
LogOGDivergenceProbe: Warning: [Warning][DivergenceProbe.Window] class=RemoteProxy corrections=61 disagreed=61 ratePerMille=1000 windowSamples=120
LogOGRelayProbe: Warning: [Warning][RelayProbe.Arrival] samples=120 gapCaptureTicks p50=2 p99=4 max=4 noAdvance=0 saturated=0 lostCaptureTicksX1000=8 lost=2 delivered=226 expected=228 discont=0 discontMax=0
LogOGRelayProbe: Warning: [Warning][RelayProbe.Read] window=[31633,31753] src=Prediction hit=33 miss=87 verifyFail=0 rung0=0 total=120
LogOGRelayProbe: Warning: [Warning][RelayProbe.Read] window=[31633,31753] src=Resim hit=423 miss=79 verifyFail=0 rung0=0 total=502
LogOGRelayProbe: Warning: [Warning][RelayProbe.Miss] window=[31633,31753] src=Prediction inSpan=0 aboveNewest=87 belowOldest=0 noProbeTick=0 miss=87
LogOGRelayProbe: Warning: [Warning][RelayProbe.Miss] window=[31633,31753] src=Resim inSpan=3 aboveNewest=76 belowOldest=0 noProbeTick=0 miss=79
LogOGRelayProbe: Warning: [Warning][RelayProbe.Delta] window=[31633,31753] src=Prediction n=120 p10=-1 p50=1 p90=3 min=-2 max=5 satLow=0 satHigh=0
LogOGRelayProbe: Warning: [Warning][RelayProbe.Delta] window=[31633,31753] src=Resim n=502 p10=-5 p50=-2 p90=1 min=-8 max=3 satLow=0 satHigh=0
LogOGRelayProbe: Warning: [Warning][RelayProbe.Stale] window=[31633,31753] maxConsecutiveFallbackRun=20 id=28415
LogOGResimProbe: Warning: [Warning][ResimProbe.Gate] checks=120 declined=52 requested=68 requestedPerMille=567 deepSkips=0 survivingAnchors=0
LogOGResimProbe: Warning: [Warning][ResimProbe.Chaos] requests=69 grants=69 refused=0 refusedPerMille=0 repeat=0 clamped=0 depthMin=5 depthMax=8
LogOGResimProbe: Warning: [Warning][ResimProbe.Apply] prepares=69 finishes=69 abandoned=0 stuck=0 replayTicks=521 replayOverruns=0 freshProtects=34 staleProtects=0
LogOGResimProbe: Warning: [Warning][ResimProbe.Frame] role=Client simTicks=120 frames=199 meanTicksPerFrameX100=60 p50=1 p99=1 max=1 meanFrameUs=9999
LogOGResimProbe: Warning: [Warning][ResimProbe.Frame] role=Client cadence dFrame1=41 dFrame0=0 dFrameGt1=79 discont=0 numSteps total=120 max=1 gt1=0
LogOGResimProbe: Warning: [Warning][ResimProbe.Landing] class=LocallyPredicted behind=60 atFrontier=0 discarded=0 atFrontierPerMille=0 windowSamples=120
LogOGResimProbe: Warning: [Warning][ResimProbe.Landing] class=RemoteProxy behind=60 atFrontier=0 discarded=0 atFrontierPerMille=0 windowSamples=120
LogOGDivergenceProbe: Warning: [Warning][DivergenceProbe.Window] class=LocallyPredicted corrections=60 disagreed=60 ratePerMille=1000 windowSamples=120
LogOGDivergenceProbe: Warning: [Warning][DivergenceProbe.Window] class=RemoteProxy corrections=60 disagreed=60 ratePerMille=1000 windowSamples=120
LogOGRelayProbe: Warning: [Warning][RelayProbe.Read] window=[31753,31873] src=Prediction hit=31 miss=89 verifyFail=0 rung0=0 total=120
LogOGRelayProbe: Warning: [Warning][RelayProbe.Read] window=[31753,31873] src=Resim hit=420 miss=86 verifyFail=0 rung0=0 total=506
LogOGRelayProbe: Warning: [Warning][RelayProbe.Miss] window=[31753,31873] src=Prediction inSpan=0 aboveNewest=89 belowOldest=0 noProbeTick=0 miss=89
LogOGRelayProbe: Warning: [Warning][RelayProbe.Miss] window=[31753,31873] src=Resim inSpan=5 aboveNewest=81 belowOldest=0 noProbeTick=0 miss=86
LogOGRelayProbe: Warning: [Warning][RelayProbe.Delta] window=[31753,31873] src=Prediction n=120 p10=0 p50=1 p90=3 min=-3 max=5 satLow=0 satHigh=0
LogOGRelayProbe: Warning: [Warning][RelayProbe.Delta] window=[31753,31873] src=Resim n=506 p10=-6 p50=-2 p90=1 min=-9 max=5 satLow=0 satHigh=0
LogOGRelayProbe: Warning: [Warning][RelayProbe.Stale] window=[31753,31873] maxConsecutiveFallbackRun=11 id=28415
LogOGResimProbe: Warning: [Warning][ResimProbe.Gate] checks=120 declined=52 requested=68 requestedPerMille=567 deepSkips=0 survivingAnchors=0
LogOGResimProbe: Warning: [Warning][ResimProbe.Chaos] requests=67 grants=64 refused=3 refusedPerMille=45 repeat=3 clamped=0 depthMin=5 depthMax=9
LogOGResimProbe: Warning: [Warning][ResimProbe.Apply] prepares=64 finishes=64 abandoned=0 stuck=0 replayTicks=524 replayOverruns=0 freshProtects=35 staleProtects=0
LogOGResimProbe: Warning: [Warning][ResimProbe.Frame] role=Client simTicks=120 frames=201 meanTicksPerFrameX100=59 p50=1 p99=1 max=1 meanFrameUs=10000
LogOGResimProbe: Warning: [Warning][ResimProbe.Frame] role=Client cadence dFrame1=39 dFrame0=0 dFrameGt1=81 discont=0 numSteps total=120 max=1 gt1=0
LogOGResimProbe: Warning: [Warning][ResimProbe.Landing] class=LocallyPredicted behind=61 atFrontier=0 discarded=0 atFrontierPerMille=0 windowSamples=120
LogOGResimProbe: Warning: [Warning][ResimProbe.Landing] class=RemoteProxy behind=59 atFrontier=0 discarded=0 atFrontierPerMille=0 windowSamples=120
LogOGDivergenceProbe: Warning: [Warning][DivergenceProbe.Window] class=LocallyPredicted corrections=61 disagreed=61 ratePerMille=1000 windowSamples=120
LogOGDivergenceProbe: Warning: [Warning][DivergenceProbe.Window] class=RemoteProxy corrections=59 disagreed=59 ratePerMille=1000 windowSamples=120
LogOGRelayProbe: Warning: [Warning][RelayProbe.Arrival] samples=120 gapCaptureTicks p50=2 p99=5 max=6 noAdvance=0 saturated=0 lostCaptureTicksX1000=13 lost=3 delivered=218 expected=221 discont=0 discontMax=0
LogOGRelayProbe: Warning: [Warning][RelayProbe.Read] window=[31873,31993] src=Prediction hit=28 miss=92 verifyFail=0 rung0=0 total=120
LogOGRelayProbe: Warning: [Warning][RelayProbe.Read] window=[31873,31993] src=Resim hit=379 miss=84 verifyFail=0 rung0=0 total=463
LogOGRelayProbe: Warning: [Warning][RelayProbe.Miss] window=[31873,31993] src=Prediction inSpan=0 aboveNewest=92 belowOldest=0 noProbeTick=0 miss=92
LogOGRelayProbe: Warning: [Warning][RelayProbe.Miss] window=[31873,31993] src=Resim inSpan=6 aboveNewest=78 belowOldest=0 noProbeTick=0 miss=84
LogOGRelayProbe: Warning: [Warning][RelayProbe.Delta] window=[31873,31993] src=Prediction n=120 p10=0 p50=2 p90=3 min=-3 max=5 satLow=0 satHigh=0
LogOGRelayProbe: Warning: [Warning][RelayProbe.Delta] window=[31873,31993] src=Resim n=463 p10=-5 p50=-2 p90=1 min=-8 max=4 satLow=0 satHigh=0
LogOGRelayProbe: Warning: [Warning][RelayProbe.Stale] window=[31873,31993] maxConsecutiveFallbackRun=21 id=28415
LogOGResimProbe: Warning: [Warning][ResimProbe.Gate] checks=120 declined=59 requested=61 requestedPerMille=508 deepSkips=0 survivingAnchors=0
LogOGResimProbe: Warning: [Warning][ResimProbe.Chaos] requests=62 grants=62 refused=0 refusedPerMille=0 repeat=0 clamped=0 depthMin=5 depthMax=8
LogOGResimProbe: Warning: [Warning][ResimProbe.Apply] prepares=62 finishes=62 abandoned=0 stuck=0 replayTicks=486 replayOverruns=0 freshProtects=40 staleProtects=0
LogOGResimProbe: Warning: [Warning][ResimProbe.Frame] role=Client simTicks=120 frames=200 meanTicksPerFrameX100=60 p50=1 p99=1 max=1 meanFrameUs=10000
LogOGResimProbe: Warning: [Warning][ResimProbe.Frame] role=Client cadence dFrame1=40 dFrame0=0 dFrameGt1=80 discont=0 numSteps total=120 max=1 gt1=0
LogOGResimProbe: Warning: [Warning][ResimProbe.Landing] class=LocallyPredicted behind=60 atFrontier=0 discarded=0 atFrontierPerMille=0 windowSamples=120
LogOGResimProbe: Warning: [Warning][ResimProbe.Landing] class=RemoteProxy behind=60 atFrontier=0 discarded=0 atFrontierPerMille=0 windowSamples=120
LogOGDivergenceProbe: Warning: [Warning][DivergenceProbe.Window] class=LocallyPredicted corrections=60 disagreed=60 ratePerMille=1000 windowSamples=120
LogOGDivergenceProbe: Warning: [Warning][DivergenceProbe.Window] class=RemoteProxy corrections=60 disagreed=60 ratePerMille=1000 windowSamples=120
LogOGRelayProbe: Warning: [Warning][RelayProbe.Read] window=[31993,32113] src=Prediction hit=38 miss=82 verifyFail=0 rung0=0 total=120
LogOGRelayProbe: Warning: [Warning][RelayProbe.Read] window=[31993,32113] src=Resim hit=426 miss=57 verifyFail=0 rung0=0 total=483
LogOGRelayProbe: Warning: [Warning][RelayProbe.Miss] window=[31993,32113] src=Prediction inSpan=0 aboveNewest=82 belowOldest=0 noProbeTick=0 miss=82
LogOGRelayProbe: Warning: [Warning][RelayProbe.Miss] window=[31993,32113] src=Resim inSpan=0 aboveNewest=57 belowOldest=0 noProbeTick=0 miss=57
LogOGRelayProbe: Warning: [Warning][RelayProbe.Delta] window=[31993,32113] src=Prediction n=120 p10=-1 p50=1 p90=2 min=-2 max=4 satLow=0 satHigh=0
LogOGRelayProbe: Warning: [Warning][RelayProbe.Delta] window=[31993,32113] src=Resim n=483 p10=-6 p50=-2 p90=1 min=-8 max=3 satLow=0 satHigh=0
LogOGRelayProbe: Warning: [Warning][RelayProbe.Stale] window=[31993,32113] maxConsecutiveFallbackRun=18 id=28415
LogOGResimProbe: Warning: [Warning][ResimProbe.Gate] checks=120 declined=54 requested=66 requestedPerMille=550 deepSkips=0 survivingAnchors=0
LogOGResimProbe: Warning: [Warning][ResimProbe.Chaos] requests=66 grants=66 refused=0 refusedPerMille=0 repeat=0 clamped=0 depthMin=4 depthMax=9
LogOGResimProbe: Warning: [Warning][ResimProbe.Apply] prepares=66 finishes=66 abandoned=0 stuck=0 replayTicks=508 replayOverruns=0 freshProtects=40 staleProtects=0
LogOGResimProbe: Warning: [Warning][ResimProbe.Frame] role=Client simTicks=120 frames=201 meanTicksPerFrameX100=59 p50=1 p99=1 max=1 meanFrameUs=10000
LogOGResimProbe: Warning: [Warning][ResimProbe.Frame] role=Client cadence dFrame1=39 dFrame0=0 dFrameGt1=81 discont=0 numSteps total=120 max=1 gt1=0
LogOGRelayProbe: Warning: [Warning][RelayProbe.Arrival] samples=120 gapCaptureTicks p50=2 p99=3 max=4 noAdvance=0 saturated=0 lostCaptureTicksX1000=4 lost=1 delivered=211 expected=212 discont=0 discontMax=0
LogOGResimProbe: Warning: [Warning][ResimProbe.Landing] class=LocallyPredicted behind=60 atFrontier=0 discarded=0 atFrontierPerMille=0 windowSamples=120
LogOGResimProbe: Warning: [Warning][ResimProbe.Landing] class=RemoteProxy behind=60 atFrontier=0 discarded=0 atFrontierPerMille=0 windowSamples=120
LogOGDivergenceProbe: Warning: [Warning][DivergenceProbe.Window] class=LocallyPredicted corrections=60 disagreed=60 ratePerMille=1000 windowSamples=120
LogOGDivergenceProbe: Warning: [Warning][DivergenceProbe.Window] class=RemoteProxy corrections=60 disagreed=60 ratePerMille=1000 windowSamples=120
LogOGRelayProbe: Warning: [Warning][RelayProbe.Read] window=[32113,32233] src=Prediction hit=62 miss=58 verifyFail=0 rung0=0 total=120
LogOGRelayProbe: Warning: [Warning][RelayProbe.Read] window=[32113,32233] src=Resim hit=369 miss=31 verifyFail=0 rung0=0 total=400
LogOGRelayProbe: Warning: [Warning][RelayProbe.Miss] window=[32113,32233] src=Prediction inSpan=0 aboveNewest=58 belowOldest=0 noProbeTick=0 miss=58
LogOGRelayProbe: Warning: [Warning][RelayProbe.Miss] window=[32113,32233] src=Resim inSpan=7 aboveNewest=24 belowOldest=0 noProbeTick=0 miss=31
LogOGRelayProbe: Warning: [Warning][RelayProbe.Delta] window=[32113,32233] src=Prediction n=120 p10=-1 p50=0 p90=2 min=-3 max=4 satLow=0 satHigh=0
LogOGRelayProbe: Warning: [Warning][RelayProbe.Delta] window=[32113,32233] src=Resim n=400 p10=-6 p50=-3 p90=0 min=-8 max=3 satLow=0 satHigh=0
LogOGRelayProbe: Warning: [Warning][RelayProbe.Stale] window=[32113,32233] maxConsecutiveFallbackRun=7 id=28415
LogOGResimProbe: Warning: [Warning][ResimProbe.Gate] checks=120 declined=63 requested=57 requestedPerMille=475 deepSkips=0 survivingAnchors=0
LogOGResimProbe: Warning: [Warning][ResimProbe.Chaos] requests=57 grants=57 refused=0 refusedPerMille=0 repeat=0 clamped=0 depthMin=5 depthMax=8
LogOGResimProbe: Warning: [Warning][ResimProbe.Apply] prepares=57 finishes=57 abandoned=0 stuck=0 replayTicks=422 replayOverruns=0 freshProtects=37 staleProtects=0
LogOGResimProbe: Warning: [Warning][ResimProbe.Frame] role=Client simTicks=120 frames=200 meanTicksPerFrameX100=60 p50=1 p99=1 max=1 meanFrameUs=9999
LogOGResimProbe: Warning: [Warning][ResimProbe.Frame] role=Client cadence dFrame1=40 dFrame0=0 dFrameGt1=80 discont=0 numSteps total=120 max=1 gt1=0
LogOGResimProbe: Warning: [Warning][ResimProbe.Landing] class=LocallyPredicted behind=60 atFrontier=0 discarded=0 atFrontierPerMille=0 windowSamples=120
LogOGResimProbe: Warning: [Warning][ResimProbe.Landing] class=RemoteProxy behind=60 atFrontier=0 discarded=0 atFrontierPerMille=0 windowSamples=120
LogOGDivergenceProbe: Warning: [Warning][DivergenceProbe.Window] class=LocallyPredicted corrections=60 disagreed=60 ratePerMille=1000 windowSamples=120
LogOGDivergenceProbe: Warning: [Warning][DivergenceProbe.Window] class=RemoteProxy corrections=60 disagreed=60 ratePerMille=1000 windowSamples=120
LogOGRelayProbe: Warning: [Warning][RelayProbe.Read] window=[32233,32353] src=Prediction hit=46 miss=74 verifyFail=0 rung0=0 total=120
LogOGRelayProbe: Warning: [Warning][RelayProbe.Read] window=[32233,32353] src=Resim hit=331 miss=36 verifyFail=0 rung0=0 total=367
LogOGRelayProbe: Warning: [Warning][RelayProbe.Miss] window=[32233,32353] src=Prediction inSpan=0 aboveNewest=74 belowOldest=0 noProbeTick=0 miss=74
LogOGRelayProbe: Warning: [Warning][RelayProbe.Miss] window=[32233,32353] src=Resim inSpan=0 aboveNewest=36 belowOldest=0 noProbeTick=0 miss=36
LogOGRelayProbe: Warning: [Warning][RelayProbe.Delta] window=[32233,32353] src=Prediction n=120 p10=-1 p50=1 p90=2 min=-2 max=3 satLow=0 satHigh=0
LogOGRelayProbe: Warning: [Warning][RelayProbe.Delta] window=[32233,32353] src=Resim n=367 p10=-5 p50=-2 p90=0 min=-8 max=3 satLow=0 satHigh=0
LogOGRelayProbe: Warning: [Warning][RelayProbe.Stale] window=[32233,32353] maxConsecutiveFallbackRun=14 id=28415
LogOGResimProbe: Warning: [Warning][ResimProbe.Gate] checks=120 declined=63 requested=57 requestedPerMille=475 deepSkips=0 survivingAnchors=0
LogOGResimProbe: Warning: [Warning][ResimProbe.Chaos] requests=56 grants=56 refused=0 refusedPerMille=0 repeat=0 clamped=0 depthMin=5 depthMax=7
LogOGResimProbe: Warning: [Warning][ResimProbe.Apply] prepares=56 finishes=56 abandoned=0 stuck=0 replayTicks=393 replayOverruns=0 freshProtects=41 staleProtects=0
LogOGRelayProbe: Warning: [Warning][RelayProbe.Arrival] samples=120 gapCaptureTicks p50=2 p99=3 max=3 noAdvance=0 saturated=0 lostCaptureTicksX1000=9 lost=2 delivered=211 expected=213 discont=0 discontMax=0
LogOGResimProbe: Warning: [Warning][ResimProbe.Frame] role=Client simTicks=120 frames=199 meanTicksPerFrameX100=60 p50=1 p99=1 max=1 meanFrameUs=10000
LogOGResimProbe: Warning: [Warning][ResimProbe.Frame] role=Client cadence dFrame1=41 dFrame0=0 dFrameGt1=79 discont=0 numSteps total=120 max=1 gt1=0
LogOGResimProbe: Warning: [Warning][ResimProbe.Landing] class=LocallyPredicted behind=60 atFrontier=0 discarded=0 atFrontierPerMille=0 windowSamples=120
LogOGResimProbe: Warning: [Warning][ResimProbe.Landing] class=RemoteProxy behind=60 atFrontier=0 discarded=0 atFrontierPerMille=0 windowSamples=120
LogOGDivergenceProbe: Warning: [Warning][DivergenceProbe.Window] class=LocallyPredicted corrections=60 disagreed=60 ratePerMille=1000 windowSamples=120
LogOGDivergenceProbe: Warning: [Warning][DivergenceProbe.Window] class=RemoteProxy corrections=60 disagreed=60 ratePerMille=1000 windowSamples=120
LogOGRelayProbe: Warning: [Warning][RelayProbe.Read] window=[32353,32473] src=Prediction hit=39 miss=81 verifyFail=0 rung0=0 total=120
LogOGRelayProbe: Warning: [Warning][RelayProbe.Read] window=[32353,32473] src=Resim hit=427 miss=58 verifyFail=0 rung0=0 total=485
LogOGRelayProbe: Warning: [Warning][RelayProbe.Miss] window=[32353,32473] src=Prediction inSpan=0 aboveNewest=81 belowOldest=0 noProbeTick=0 miss=81
LogOGRelayProbe: Warning: [Warning][RelayProbe.Miss] window=[32353,32473] src=Resim inSpan=0 aboveNewest=58 belowOldest=0 noProbeTick=0 miss=58
LogOGRelayProbe: Warning: [Warning][RelayProbe.Delta] window=[32353,32473] src=Prediction n=120 p10=-1 p50=1 p90=3 min=-2 max=4 satLow=0 satHigh=0
LogOGRelayProbe: Warning: [Warning][RelayProbe.Delta] window=[32353,32473] src=Resim n=485 p10=-5 p50=-2 p90=1 min=-8 max=4 satLow=0 satHigh=0
LogOGRelayProbe: Warning: [Warning][RelayProbe.Stale] window=[32353,32473] maxConsecutiveFallbackRun=13 id=28415
LogOGResimProbe: Warning: [Warning][ResimProbe.Gate] checks=120 declined=54 requested=66 requestedPerMille=550 deepSkips=0 survivingAnchors=0
LogOGResimProbe: Warning: [Warning][ResimProbe.Chaos] requests=67 grants=67 refused=0 refusedPerMille=0 repeat=0 clamped=0 depthMin=4 depthMax=9
LogOGResimProbe: Warning: [Warning][ResimProbe.Apply] prepares=67 finishes=67 abandoned=0 stuck=0 replayTicks=500 replayOverruns=0 freshProtects=33 staleProtects=0
LogOGResimProbe: Warning: [Warning][ResimProbe.Frame] role=Client simTicks=120 frames=200 meanTicksPerFrameX100=60 p50=1 p99=1 max=1 meanFrameUs=10000
LogOGResimProbe: Warning: [Warning][ResimProbe.Frame] role=Client cadence dFrame1=40 dFrame0=0 dFrameGt1=80 discont=0 numSteps total=120 max=1 gt1=0
LogOGResimProbe: Warning: [Warning][ResimProbe.Landing] class=LocallyPredicted behind=60 atFrontier=0 discarded=0 atFrontierPerMille=0 windowSamples=120
LogOGResimProbe: Warning: [Warning][ResimProbe.Landing] class=RemoteProxy behind=60 atFrontier=0 discarded=0 atFrontierPerMille=0 windowSamples=120
LogOGDivergenceProbe: Warning: [Warning][DivergenceProbe.Window] class=LocallyPredicted corrections=60 disagreed=60 ratePerMille=1000 windowSamples=120
LogOGDivergenceProbe: Warning: [Warning][DivergenceProbe.Window] class=RemoteProxy corrections=60 disagreed=60 ratePerMille=1000 windowSamples=120
LogOGRelayProbe: Warning: [Warning][RelayProbe.Read] window=[32473,32593] src=Prediction hit=31 miss=89 verifyFail=0 rung0=0 total=120
LogOGRelayProbe: Warning: [Warning][RelayProbe.Read] window=[32473,32593] src=Resim hit=391 miss=60 verifyFail=0 rung0=0 total=451
LogOGRelayProbe: Warning: [Warning][RelayProbe.Miss] window=[32473,32593] src=Prediction inSpan=0 aboveNewest=89 belowOldest=0 noProbeTick=0 miss=89
LogOGRelayProbe: Warning: [Warning][RelayProbe.Miss] window=[32473,32593] src=Resim inSpan=4 aboveNewest=56 belowOldest=0 noProbeTick=0 miss=60
LogOGRelayProbe: Warning: [Warning][RelayProbe.Delta] window=[32473,32593] src=Prediction n=120 p10=0 p50=1 p90=3 min=-2 max=4 satLow=0 satHigh=0
LogOGRelayProbe: Warning: [Warning][RelayProbe.Delta] window=[32473,32593] src=Resim n=451 p10=-5 p50=-2 p90=1 min=-7 max=3 satLow=0 satHigh=0
LogOGRelayProbe: Warning: [Warning][RelayProbe.Stale] window=[32473,32593] maxConsecutiveFallbackRun=17 id=28415
LogOGResimProbe: Warning: [Warning][ResimProbe.Gate] checks=120 declined=53 requested=67 requestedPerMille=558 deepSkips=0 survivingAnchors=0
LogOGResimProbe: Warning: [Warning][ResimProbe.Chaos] requests=66 grants=63 refused=3 refusedPerMille=45 repeat=3 clamped=0 depthMin=4 depthMax=8
LogOGResimProbe: Warning: [Warning][ResimProbe.Apply] prepares=63 finishes=63 abandoned=0 stuck=0 replayTicks=463 replayOverruns=0 freshProtects=33 staleProtects=0
LogOGRelayProbe: Warning: [Warning][RelayProbe.Arrival] samples=120 gapCaptureTicks p50=2 p99=4 max=4 noAdvance=0 saturated=0 lostCaptureTicksX1000=4 lost=1 delivered=217 expected=218 discont=0 discontMax=0
LogOGResimProbe: Warning: [Warning][ResimProbe.Frame] role=Client simTicks=120 frames=200 meanTicksPerFrameX100=60 p50=1 p99=1 max=1 meanFrameUs=9999
LogOGResimProbe: Warning: [Warning][ResimProbe.Frame] role=Client cadence dFrame1=40 dFrame0=0 dFrameGt1=80 discont=0 numSteps total=120 max=1 gt1=0
LogOGResimProbe: Warning: [Warning][ResimProbe.Landing] class=LocallyPredicted behind=59 atFrontier=0 discarded=0 atFrontierPerMille=0 windowSamples=120
LogOGResimProbe: Warning: [Warning][ResimProbe.Landing] class=RemoteProxy behind=61 atFrontier=0 discarded=0 atFrontierPerMille=0 windowSamples=120
LogOGDivergenceProbe: Warning: [Warning][DivergenceProbe.Window] class=LocallyPredicted corrections=59 disagreed=59 ratePerMille=1000 windowSamples=120
LogOGDivergenceProbe: Warning: [Warning][DivergenceProbe.Window] class=RemoteProxy corrections=61 disagreed=61 ratePerMille=1000 windowSamples=120
LogOGRelayProbe: Warning: [Warning][RelayProbe.Read] window=[32593,32713] src=Prediction hit=35 miss=85 verifyFail=0 rung0=0 total=120
LogOGRelayProbe: Warning: [Warning][RelayProbe.Read] window=[32593,32713] src=Resim hit=372 miss=57 verifyFail=0 rung0=0 total=429
LogOGRelayProbe: Warning: [Warning][RelayProbe.Miss] window=[32593,32713] src=Prediction inSpan=0 aboveNewest=85 belowOldest=0 noProbeTick=0 miss=85
LogOGRelayProbe: Warning: [Warning][RelayProbe.Miss] window=[32593,32713] src=Resim inSpan=0 aboveNewest=57 belowOldest=0 noProbeTick=0 miss=57
LogOGRelayProbe: Warning: [Warning][RelayProbe.Delta] window=[32593,32713] src=Prediction n=120 p10=-1 p50=1 p90=3 min=-2 max=4 satLow=0 satHigh=0
LogOGRelayProbe: Warning: [Warning][RelayProbe.Delta] window=[32593,32713] src=Resim n=429 p10=-5 p50=-2 p90=1 min=-8 max=3 satLow=0 satHigh=0
LogOGRelayProbe: Warning: [Warning][RelayProbe.Stale] window=[32593,32713] maxConsecutiveFallbackRun=17 id=28415
LogOGResimProbe: Warning: [Warning][ResimProbe.Gate] checks=120 declined=58 requested=62 requestedPerMille=517 deepSkips=0 survivingAnchors=0
LogOGResimProbe: Warning: [Warning][ResimProbe.Chaos] requests=62 grants=62 refused=0 refusedPerMille=0 repeat=0 clamped=0 depthMin=4 depthMax=8
LogOGResimProbe: Warning: [Warning][ResimProbe.Apply] prepares=62 finishes=62 abandoned=0 stuck=0 replayTicks=453 replayOverruns=0 freshProtects=42 staleProtects=0
LogOGResimProbe: Warning: [Warning][ResimProbe.Frame] role=Client simTicks=120 frames=201 meanTicksPerFrameX100=59 p50=1 p99=1 max=1 meanFrameUs=10000
LogOGResimProbe: Warning: [Warning][ResimProbe.Frame] role=Client cadence dFrame1=39 dFrame0=0 dFrameGt1=81 discont=0 numSteps total=120 max=1 gt1=0
LogOGResimProbe: Warning: [Warning][ResimProbe.Landing] class=LocallyPredicted behind=60 atFrontier=0 discarded=0 atFrontierPerMille=0 windowSamples=120
LogOGResimProbe: Warning: [Warning][ResimProbe.Landing] class=RemoteProxy behind=60 atFrontier=0 discarded=0 atFrontierPerMille=0 windowSamples=120
LogOGDivergenceProbe: Warning: [Warning][DivergenceProbe.Window] class=LocallyPredicted corrections=60 disagreed=60 ratePerMille=1000 windowSamples=120
LogOGDivergenceProbe: Warning: [Warning][DivergenceProbe.Window] class=RemoteProxy corrections=60 disagreed=60 ratePerMille=1000 windowSamples=120
LogOGRelayProbe: Warning: [Warning][RelayProbe.Arrival] samples=120 gapCaptureTicks p50=2 p99=4 max=4 noAdvance=0 saturated=0 lostCaptureTicksX1000=0 lost=0 delivered=209 expected=209 discont=0 discontMax=0
LogOGRelayProbe: Warning: [Warning][RelayProbe.Read] window=[32713,32833] src=Prediction hit=58 miss=62 verifyFail=0 rung0=0 total=120
LogOGRelayProbe: Warning: [Warning][RelayProbe.Read] window=[32713,32833] src=Resim hit=407 miss=28 verifyFail=0 rung0=0 total=435
LogOGRelayProbe: Warning: [Warning][RelayProbe.Miss] window=[32713,32833] src=Prediction inSpan=0 aboveNewest=62 belowOldest=0 noProbeTick=0 miss=62
LogOGRelayProbe: Warning: [Warning][RelayProbe.Miss] window=[32713,32833] src=Resim inSpan=0 aboveNewest=28 belowOldest=0 noProbeTick=0 miss=28
LogOGRelayProbe: Warning: [Warning][RelayProbe.Delta] window=[32713,32833] src=Prediction n=120 p10=-1 p50=1 p90=2 min=-2 max=3 satLow=0 satHigh=0
LogOGRelayProbe: Warning: [Warning][RelayProbe.Delta] window=[32713,32833] src=Resim n=435 p10=-6 p50=-3 p90=0 min=-8 max=3 satLow=0 satHigh=0
LogOGRelayProbe: Warning: [Warning][RelayProbe.Stale] window=[32713,32833] maxConsecutiveFallbackRun=5 id=28415
LogOGResimProbe: Warning: [Warning][ResimProbe.Gate] checks=120 declined=57 requested=63 requestedPerMille=525 deepSkips=0 survivingAnchors=0
LogOGResimProbe: Warning: [Warning][ResimProbe.Chaos] requests=63 grants=60 refused=3 refusedPerMille=48 repeat=3 clamped=0 depthMin=4 depthMax=8
LogOGResimProbe: Warning: [Warning][ResimProbe.Apply] prepares=60 finishes=60 abandoned=0 stuck=0 replayTicks=445 replayOverruns=0 freshProtects=38 staleProtects=0
LogOGResimProbe: Warning: [Warning][ResimProbe.Frame] role=Client simTicks=120 frames=200 meanTicksPerFrameX100=60 p50=1 p99=1 max=1 meanFrameUs=10001
LogOGResimProbe: Warning: [Warning][ResimProbe.Frame] role=Client cadence dFrame1=40 dFrame0=0 dFrameGt1=80 discont=0 numSteps total=120 max=1 gt1=0
LogOGResimProbe: Warning: [Warning][ResimProbe.Landing] class=LocallyPredicted behind=61 atFrontier=0 discarded=0 atFrontierPerMille=0 windowSamples=120
LogOGResimProbe: Warning: [Warning][ResimProbe.Landing] class=RemoteProxy behind=59 atFrontier=0 discarded=0 atFrontierPerMille=0 windowSamples=120
LogOGDivergenceProbe: Warning: [Warning][DivergenceProbe.Window] class=LocallyPredicted corrections=61 disagreed=61 ratePerMille=1000 windowSamples=120
LogOGDivergenceProbe: Warning: [Warning][DivergenceProbe.Window] class=RemoteProxy corrections=59 disagreed=59 ratePerMille=1000 windowSamples=120
LogOGRelayProbe: Warning: [Warning][RelayProbe.Read] window=[32833,32953] src=Prediction hit=55 miss=65 verifyFail=0 rung0=0 total=120
LogOGRelayProbe: Warning: [Warning][RelayProbe.Read] window=[32833,32953] src=Resim hit=333 miss=32 verifyFail=0 rung0=0 total=365
LogOGRelayProbe: Warning: [Warning][RelayProbe.Miss] window=[32833,32953] src=Prediction inSpan=0 aboveNewest=65 belowOldest=0 noProbeTick=0 miss=65
LogOGRelayProbe: Warning: [Warning][RelayProbe.Miss] window=[32833,32953] src=Resim inSpan=5 aboveNewest=27 belowOldest=0 noProbeTick=0 miss=32
LogOGRelayProbe: Warning: [Warning][RelayProbe.Delta] window=[32833,32953] src=Prediction n=120 p10=-1 p50=1 p90=2 min=-3 max=4 satLow=0 satHigh=0
LogOGRelayProbe: Warning: [Warning][RelayProbe.Delta] window=[32833,32953] src=Resim n=365 p10=-6 p50=-3 p90=0 min=-8 max=3 satLow=0 satHigh=0
LogOGRelayProbe: Warning: [Warning][RelayProbe.Stale] window=[32833,32953] maxConsecutiveFallbackRun=6 id=28415
LogOGResimProbe: Warning: [Warning][ResimProbe.Gate] checks=120 declined=66 requested=54 requestedPerMille=450 deepSkips=0 survivingAnchors=0
LogOGResimProbe: Warning: [Warning][ResimProbe.Chaos] requests=55 grants=55 refused=0 refusedPerMille=0 repeat=0 clamped=0 depthMin=4 depthMax=8
LogOGResimProbe: Warning: [Warning][ResimProbe.Apply] prepares=55 finishes=55 abandoned=0 stuck=0 replayTicks=394 replayOverruns=0 freshProtects=37 staleProtects=0
LogOGResimProbe: Warning: [Warning][ResimProbe.Frame] role=Client simTicks=120 frames=200 meanTicksPerFrameX100=60 p50=1 p99=1 max=1 meanFrameUs=9999
LogOGResimProbe: Warning: [Warning][ResimProbe.Frame] role=Client cadence dFrame1=40 dFrame0=0 dFrameGt1=80 discont=0 numSteps total=120 max=1 gt1=0
LogOGResimProbe: Warning: [Warning][ResimProbe.Landing] class=LocallyPredicted behind=59 atFrontier=0 discarded=0 atFrontierPerMille=0 windowSamples=120
LogOGResimProbe: Warning: [Warning][ResimProbe.Landing] class=RemoteProxy behind=61 atFrontier=0 discarded=0 atFrontierPerMille=0 windowSamples=120
LogOGDivergenceProbe: Warning: [Warning][DivergenceProbe.Window] class=LocallyPredicted corrections=59 disagreed=59 ratePerMille=1000 windowSamples=120
LogOGDivergenceProbe: Warning: [Warning][DivergenceProbe.Window] class=RemoteProxy corrections=61 disagreed=61 ratePerMille=1000 windowSamples=120
LogOGRelayProbe: Warning: [Warning][RelayProbe.Arrival] samples=120 gapCaptureTicks p50=2 p99=4 max=5 noAdvance=0 saturated=0 lostCaptureTicksX1000=13 lost=3 delivered=214 expected=217 discont=0 discontMax=0
LogOGRelayProbe: Warning: [Warning][RelayProbe.Read] window=[32953,33073] src=Prediction hit=40 miss=80 verifyFail=0 rung0=0 total=120
LogOGRelayProbe: Warning: [Warning][RelayProbe.Read] window=[32953,33073] src=Resim hit=385 miss=46 verifyFail=0 rung0=0 total=431
LogOGRelayProbe: Warning: [Warning][RelayProbe.Miss] window=[32953,33073] src=Prediction inSpan=0 aboveNewest=80 belowOldest=0 noProbeTick=0 miss=80
LogOGRelayProbe: Warning: [Warning][RelayProbe.Miss] window=[32953,33073] src=Resim inSpan=0 aboveNewest=46 belowOldest=0 noProbeTick=0 miss=46
LogOGRelayProbe: Warning: [Warning][RelayProbe.Delta] window=[32953,33073] src=Prediction n=120 p10=-1 p50=1 p90=2 min=-2 max=4 satLow=0 satHigh=0
LogOGRelayProbe: Warning: [Warning][RelayProbe.Delta] window=[32953,33073] src=Resim n=431 p10=-5 p50=-2 p90=1 min=-7 max=3 satLow=0 satHigh=0
LogOGRelayProbe: Warning: [Warning][RelayProbe.Stale] window=[32953,33073] maxConsecutiveFallbackRun=13 id=28415
LogOGResimProbe: Warning: [Warning][ResimProbe.Gate] checks=120 declined=55 requested=65 requestedPerMille=542 deepSkips=0 survivingAnchors=0
LogOGResimProbe: Warning: [Warning][ResimProbe.Chaos] requests=65 grants=65 refused=0 refusedPerMille=0 repeat=0 clamped=0 depthMin=4 depthMax=8
LogOGResimProbe: Warning: [Warning][ResimProbe.Apply] prepares=65 finishes=65 abandoned=0 stuck=0 replayTicks=469 replayOverruns=0 freshProtects=39 staleProtects=0
LogOGResimProbe: Warning: [Warning][ResimProbe.Frame] role=Client simTicks=120 frames=199 meanTicksPerFrameX100=60 p50=1 p99=1 max=1 meanFrameUs=10000
LogOGResimProbe: Warning: [Warning][ResimProbe.Frame] role=Client cadence dFrame1=41 dFrame0=0 dFrameGt1=79 discont=0 numSteps total=120 max=1 gt1=0
LogOGResimProbe: Warning: [Warning][ResimProbe.Landing] class=LocallyPredicted behind=60 atFrontier=0 discarded=0 atFrontierPerMille=0 windowSamples=120
LogOGResimProbe: Warning: [Warning][ResimProbe.Landing] class=RemoteProxy behind=60 atFrontier=0 discarded=0 atFrontierPerMille=0 windowSamples=120
LogOGDivergenceProbe: Warning: [Warning][DivergenceProbe.Window] class=LocallyPredicted corrections=60 disagreed=60 ratePerMille=1000 windowSamples=120
LogOGDivergenceProbe: Warning: [Warning][DivergenceProbe.Window] class=RemoteProxy corrections=60 disagreed=60 ratePerMille=1000 windowSamples=120
LogOGRelayProbe: Warning: [Warning][RelayProbe.Read] window=[33073,33193] src=Prediction hit=56 miss=64 verifyFail=0 rung0=0 total=120
LogOGRelayProbe: Warning: [Warning][RelayProbe.Read] window=[33073,33193] src=Resim hit=391 miss=36 verifyFail=0 rung0=0 total=427
LogOGRelayProbe: Warning: [Warning][RelayProbe.Miss] window=[33073,33193] src=Prediction inSpan=0 aboveNewest=64 belowOldest=0 noProbeTick=0 miss=64
LogOGRelayProbe: Warning: [Warning][RelayProbe.Miss] window=[33073,33193] src=Resim inSpan=0 aboveNewest=36 belowOldest=0 noProbeTick=0 miss=36
LogOGRelayProbe: Warning: [Warning][RelayProbe.Delta] window=[33073,33193] src=Prediction n=120 p10=-1 p50=1 p90=2 min=-2 max=4 satLow=0 satHigh=0
LogOGRelayProbe: Warning: [Warning][RelayProbe.Delta] window=[33073,33193] src=Resim n=427 p10=-6 p50=-3 p90=0 min=-8 max=3 satLow=0 satHigh=0
LogOGRelayProbe: Warning: [Warning][RelayProbe.Stale] window=[33073,33193] maxConsecutiveFallbackRun=11 id=28415
LogOGResimProbe: Warning: [Warning][ResimProbe.Gate] checks=120 declined=58 requested=62 requestedPerMille=517 deepSkips=0 survivingAnchors=0
LogOGResimProbe: Warning: [Warning][ResimProbe.Chaos] requests=61 grants=61 refused=0 refusedPerMille=0 repeat=0 clamped=0 depthMin=4 depthMax=8
LogOGResimProbe: Warning: [Warning][ResimProbe.Apply] prepares=61 finishes=61 abandoned=0 stuck=0 replayTicks=435 replayOverruns=0 freshProtects=39 staleProtects=0
LogOGResimProbe: Warning: [Warning][ResimProbe.Frame] role=Client simTicks=120 frames=200 meanTicksPerFrameX100=60 p50=1 p99=1 max=1 meanFrameUs=10000
LogOGResimProbe: Warning: [Warning][ResimProbe.Frame] role=Client cadence dFrame1=40 dFrame0=0 dFrameGt1=80 discont=0 numSteps total=120 max=1 gt1=0
LogOGRelayProbe: Warning: [Warning][RelayProbe.Arrival] samples=120 gapCaptureTicks p50=2 p99=4 max=4 noAdvance=0 saturated=0 lostCaptureTicksX1000=0 lost=0 delivered=224 expected=224 discont=0 discontMax=0
LogOGResimProbe: Warning: [Warning][ResimProbe.Landing] class=LocallyPredicted behind=60 atFrontier=0 discarded=0 atFrontierPerMille=0 windowSamples=120
LogOGResimProbe: Warning: [Warning][ResimProbe.Landing] class=RemoteProxy behind=60 atFrontier=0 discarded=0 atFrontierPerMille=0 windowSamples=120
LogOGDivergenceProbe: Warning: [Warning][DivergenceProbe.Window] class=LocallyPredicted corrections=60 disagreed=60 ratePerMille=1000 windowSamples=120
LogOGDivergenceProbe: Warning: [Warning][DivergenceProbe.Window] class=RemoteProxy corrections=60 disagreed=60 ratePerMille=1000 windowSamples=120
LogOGRelayProbe: Warning: [Warning][RelayProbe.Read] window=[33193,33313] src=Prediction hit=53 miss=67 verifyFail=0 rung0=0 total=120
LogOGRelayProbe: Warning: [Warning][RelayProbe.Read] window=[33193,33313] src=Resim hit=410 miss=38 verifyFail=0 rung0=0 total=448
LogOGRelayProbe: Warning: [Warning][RelayProbe.Miss] window=[33193,33313] src=Prediction inSpan=0 aboveNewest=67 belowOldest=0 noProbeTick=0 miss=67
LogOGRelayProbe: Warning: [Warning][RelayProbe.Miss] window=[33193,33313] src=Resim inSpan=0 aboveNewest=38 belowOldest=0 noProbeTick=0 miss=38
LogOGRelayProbe: Warning: [Warning][RelayProbe.Delta] window=[33193,33313] src=Prediction n=120 p10=-1 p50=1 p90=2 min=-3 max=3 satLow=0 satHigh=0
LogOGRelayProbe: Warning: [Warning][RelayProbe.Delta] window=[33193,33313] src=Resim n=448 p10=-6 p50=-3 p90=0 min=-8 max=3 satLow=0 satHigh=0
LogOGRelayProbe: Warning: [Warning][RelayProbe.Stale] window=[33193,33313] maxConsecutiveFallbackRun=8 id=28415
LogOGResimProbe: Warning: [Warning][ResimProbe.Gate] checks=120 declined=55 requested=65 requestedPerMille=542 deepSkips=0 survivingAnchors=0
LogOGResimProbe: Warning: [Warning][ResimProbe.Chaos] requests=66 grants=66 refused=0 refusedPerMille=0 repeat=0 clamped=0 depthMin=5 depthMax=8
LogOGResimProbe: Warning: [Warning][ResimProbe.Apply] prepares=66 finishes=66 abandoned=0 stuck=0 replayTicks=487 replayOverruns=0 freshProtects=39 staleProtects=0
LogOGResimProbe: Warning: [Warning][ResimProbe.Frame] role=Client simTicks=120 frames=199 meanTicksPerFrameX100=60 p50=1 p99=1 max=1 meanFrameUs=10000
LogOGResimProbe: Warning: [Warning][ResimProbe.Frame] role=Client cadence dFrame1=41 dFrame0=0 dFrameGt1=79 discont=0 numSteps total=120 max=1 gt1=0
LogOGResimProbe: Warning: [Warning][ResimProbe.Landing] class=LocallyPredicted behind=61 atFrontier=0 discarded=0 atFrontierPerMille=0 windowSamples=120
LogOGResimProbe: Warning: [Warning][ResimProbe.Landing] class=RemoteProxy behind=59 atFrontier=0 discarded=0 atFrontierPerMille=0 windowSamples=120
LogOGDivergenceProbe: Warning: [Warning][DivergenceProbe.Window] class=LocallyPredicted corrections=61 disagreed=61 ratePerMille=1000 windowSamples=120
LogOGDivergenceProbe: Warning: [Warning][DivergenceProbe.Window] class=RemoteProxy corrections=59 disagreed=59 ratePerMille=1000 windowSamples=120
LogOGRelayProbe: Warning: [Warning][RelayProbe.Read] window=[33313,33433] src=Prediction hit=47 miss=73 verifyFail=0 rung0=0 total=120
LogOGRelayProbe: Warning: [Warning][RelayProbe.Read] window=[33313,33433] src=Resim hit=446 miss=64 verifyFail=0 rung0=0 total=510
LogOGRelayProbe: Warning: [Warning][RelayProbe.Miss] window=[33313,33433] src=Prediction inSpan=0 aboveNewest=73 belowOldest=0 noProbeTick=0 miss=73
LogOGRelayProbe: Warning: [Warning][RelayProbe.Miss] window=[33313,33433] src=Resim inSpan=9 aboveNewest=55 belowOldest=0 noProbeTick=0 miss=64
LogOGRelayProbe: Warning: [Warning][RelayProbe.Delta] window=[33313,33433] src=Prediction n=120 p10=-1 p50=1 p90=3 min=-2 max=4 satLow=0 satHigh=0
LogOGRelayProbe: Warning: [Warning][RelayProbe.Delta] window=[33313,33433] src=Resim n=510 p10=-6 p50=-3 p90=1 min=-8 max=4 satLow=0 satHigh=0
LogOGRelayProbe: Warning: [Warning][RelayProbe.Stale] window=[33313,33433] maxConsecutiveFallbackRun=14 id=28415
LogOGResimProbe: Warning: [Warning][ResimProbe.Gate] checks=120 declined=52 requested=68 requestedPerMille=567 deepSkips=0 survivingAnchors=0
LogOGResimProbe: Warning: [Warning][ResimProbe.Chaos] requests=68 grants=66 refused=2 refusedPerMille=29 repeat=2 clamped=0 depthMin=4 depthMax=9
LogOGResimProbe: Warning: [Warning][ResimProbe.Apply] prepares=66 finishes=66 abandoned=0 stuck=0 replayTicks=512 replayOverruns=0 freshProtects=35 staleProtects=0
LogOGResimProbe: Warning: [Warning][ResimProbe.Frame] role=Client simTicks=120 frames=202 meanTicksPerFrameX100=59 p50=1 p99=1 max=1 meanFrameUs=9999
LogOGResimProbe: Warning: [Warning][ResimProbe.Frame] role=Client cadence dFrame1=38 dFrame0=0 dFrameGt1=82 discont=0 numSteps total=120 max=1 gt1=0
LogOGRelayProbe: Warning: [Warning][RelayProbe.Arrival] samples=120 gapCaptureTicks p50=2 p99=4 max=4 noAdvance=0 saturated=0 lostCaptureTicksX1000=17 lost=4 delivered=230 expected=234 discont=0 discontMax=0
LogOGResimProbe: Warning: [Warning][ResimProbe.Landing] class=LocallyPredicted behind=59 atFrontier=0 discarded=0 atFrontierPerMille=0 windowSamples=120
LogOGResimProbe: Warning: [Warning][ResimProbe.Landing] class=RemoteProxy behind=61 atFrontier=0 discarded=0 atFrontierPerMille=0 windowSamples=120
LogOGDivergenceProbe: Warning: [Warning][DivergenceProbe.Window] class=LocallyPredicted corrections=59 disagreed=59 ratePerMille=1000 windowSamples=120
LogOGDivergenceProbe: Warning: [Warning][DivergenceProbe.Window] class=RemoteProxy corrections=61 disagreed=61 ratePerMille=1000 windowSamples=120
LogOGRelayProbe: Warning: [Warning][RelayProbe.Read] window=[33433,33553] src=Prediction hit=55 miss=65 verifyFail=0 rung0=0 total=120
LogOGRelayProbe: Warning: [Warning][RelayProbe.Read] window=[33433,33553] src=Resim hit=326 miss=37 verifyFail=0 rung0=0 total=363
LogOGRelayProbe: Warning: [Warning][RelayProbe.Miss] window=[33433,33553] src=Prediction inSpan=0 aboveNewest=65 belowOldest=0 noProbeTick=0 miss=65
LogOGRelayProbe: Warning: [Warning][RelayProbe.Miss] window=[33433,33553] src=Resim inSpan=2 aboveNewest=35 belowOldest=0 noProbeTick=0 miss=37
LogOGRelayProbe: Warning: [Warning][RelayProbe.Delta] window=[33433,33553] src=Prediction n=120 p10=-2 p50=1 p90=3 min=-3 max=5 satLow=0 satHigh=0
LogOGRelayProbe: Warning: [Warning][RelayProbe.Delta] window=[33433,33553] src=Resim n=363 p10=-5 p50=-3 p90=0 min=-8 max=3 satLow=0 satHigh=0
LogOGRelayProbe: Warning: [Warning][RelayProbe.Stale] window=[33433,33553] maxConsecutiveFallbackRun=12 id=28415
LogOGResimProbe: Warning: [Warning][ResimProbe.Gate] checks=120 declined=61 requested=59 requestedPerMille=492 deepSkips=0 survivingAnchors=0
LogOGResimProbe: Warning: [Warning][ResimProbe.Chaos] requests=59 grants=56 refused=3 refusedPerMille=51 repeat=3 clamped=0 depthMin=4 depthMax=8
LogOGResimProbe: Warning: [Warning][ResimProbe.Apply] prepares=56 finishes=56 abandoned=0 stuck=0 replayTicks=391 replayOverruns=0 freshProtects=36 staleProtects=0
LogOGResimProbe: Warning: [Warning][ResimProbe.Frame] role=Client simTicks=120 frames=199 meanTicksPerFrameX100=60 p50=1 p99=1 max=1 meanFrameUs=10000
LogOGResimProbe: Warning: [Warning][ResimProbe.Frame] role=Client cadence dFrame1=41 dFrame0=0 dFrameGt1=79 discont=0 numSteps total=120 max=1 gt1=0
LogOGResimProbe: Warning: [Warning][ResimProbe.Landing] class=LocallyPredicted behind=60 atFrontier=0 discarded=0 atFrontierPerMille=0 windowSamples=120
LogOGResimProbe: Warning: [Warning][ResimProbe.Landing] class=RemoteProxy behind=60 atFrontier=0 discarded=0 atFrontierPerMille=0 windowSamples=120
LogOGDivergenceProbe: Warning: [Warning][DivergenceProbe.Window] class=LocallyPredicted corrections=60 disagreed=60 ratePerMille=1000 windowSamples=120
LogOGDivergenceProbe: Warning: [Warning][DivergenceProbe.Window] class=RemoteProxy corrections=60 disagreed=60 ratePerMille=1000 windowSamples=120
LogOGRelayProbe: Warning: [Warning][RelayProbe.Read] window=[33553,33673] src=Prediction hit=39 miss=81 verifyFail=0 rung0=0 total=120
LogOGRelayProbe: Warning: [Warning][RelayProbe.Read] window=[33553,33673] src=Resim hit=400 miss=63 verifyFail=0 rung0=0 total=463
LogOGRelayProbe: Warning: [Warning][RelayProbe.Miss] window=[33553,33673] src=Prediction inSpan=0 aboveNewest=81 belowOldest=0 noProbeTick=0 miss=81
LogOGRelayProbe: Warning: [Warning][RelayProbe.Miss] window=[33553,33673] src=Resim inSpan=7 aboveNewest=56 belowOldest=0 noProbeTick=0 miss=63
LogOGRelayProbe: Warning: [Warning][RelayProbe.Delta] window=[33553,33673] src=Prediction n=120 p10=-1 p50=1 p90=3 min=-2 max=4 satLow=0 satHigh=0
LogOGRelayProbe: Warning: [Warning][RelayProbe.Delta] window=[33553,33673] src=Resim n=463 p10=-6 p50=-3 p90=1 min=-9 max=4 satLow=0 satHigh=0
LogOGRelayProbe: Warning: [Warning][RelayProbe.Stale] window=[33553,33673] maxConsecutiveFallbackRun=24 id=28415
LogOGResimProbe: Warning: [Warning][ResimProbe.Gate] checks=120 declined=57 requested=63 requestedPerMille=525 deepSkips=0 survivingAnchors=0
LogOGResimProbe: Warning: [Warning][ResimProbe.Chaos] requests=62 grants=62 refused=0 refusedPerMille=0 repeat=0 clamped=0 depthMin=5 depthMax=8
LogOGResimProbe: Warning: [Warning][ResimProbe.Apply] prepares=62 finishes=62 abandoned=0 stuck=0 replayTicks=469 replayOverruns=0 freshProtects=37 staleProtects=0
LogOGRelayProbe: Warning: [Warning][RelayProbe.Arrival] samples=120 gapCaptureTicks p50=2 p99=4 max=4 noAdvance=0 saturated=0 lostCaptureTicksX1000=9 lost=2 delivered=213 expected=215 discont=0 discontMax=0
LogOGResimProbe: Warning: [Warning][ResimProbe.Frame] role=Client simTicks=120 frames=201 meanTicksPerFrameX100=59 p50=1 p99=1 max=1 meanFrameUs=9999
LogOGResimProbe: Warning: [Warning][ResimProbe.Frame] role=Client cadence dFrame1=39 dFrame0=0 dFrameGt1=81 discont=0 numSteps total=120 max=1 gt1=0
LogOGResimProbe: Warning: [Warning][ResimProbe.Landing] class=LocallyPredicted behind=60 atFrontier=0 discarded=0 atFrontierPerMille=0 windowSamples=120
LogOGResimProbe: Warning: [Warning][ResimProbe.Landing] class=RemoteProxy behind=60 atFrontier=0 discarded=0 atFrontierPerMille=0 windowSamples=120
LogOGDivergenceProbe: Warning: [Warning][DivergenceProbe.Window] class=LocallyPredicted corrections=60 disagreed=60 ratePerMille=1000 windowSamples=120
LogOGDivergenceProbe: Warning: [Warning][DivergenceProbe.Window] class=RemoteProxy corrections=60 disagreed=60 ratePerMille=1000 windowSamples=120
LogOGRelayProbe: Warning: [Warning][RelayProbe.Read] window=[33673,33793] src=Prediction hit=41 miss=79 verifyFail=0 rung0=0 total=120
LogOGRelayProbe: Warning: [Warning][RelayProbe.Read] window=[33673,33793] src=Resim hit=355 miss=51 verifyFail=0 rung0=0 total=406
LogOGRelayProbe: Warning: [Warning][RelayProbe.Miss] window=[33673,33793] src=Prediction inSpan=0 aboveNewest=79 belowOldest=0 noProbeTick=0 miss=79
LogOGRelayProbe: Warning: [Warning][RelayProbe.Miss] window=[33673,33793] src=Resim inSpan=0 aboveNewest=51 belowOldest=0 noProbeTick=0 miss=51
LogOGRelayProbe: Warning: [Warning][RelayProbe.Delta] window=[33673,33793] src=Prediction n=120 p10=-1 p50=1 p90=3 min=-2 max=5 satLow=0 satHigh=0
LogOGRelayProbe: Warning: [Warning][RelayProbe.Delta] window=[33673,33793] src=Resim n=406 p10=-5 p50=-2 p90=1 min=-8 max=4 satLow=0 satHigh=0
LogOGRelayProbe: Warning: [Warning][RelayProbe.Stale] window=[33673,33793] maxConsecutiveFallbackRun=9 id=28415
LogOGResimProbe: Warning: [Warning][ResimProbe.Gate] checks=120 declined=61 requested=59 requestedPerMille=492 deepSkips=0 survivingAnchors=0
LogOGResimProbe: Warning: [Warning][ResimProbe.Chaos] requests=60 grants=60 refused=0 refusedPerMille=0 repeat=0 clamped=0 depthMin=5 depthMax=8
LogOGResimProbe: Warning: [Warning][ResimProbe.Apply] prepares=60 finishes=60 abandoned=0 stuck=0 replayTicks=438 replayOverruns=0 freshProtects=35 staleProtects=0
LogOGResimProbe: Warning: [Warning][ResimProbe.Frame] role=Client simTicks=120 frames=200 meanTicksPerFrameX100=60 p50=1 p99=1 max=1 meanFrameUs=10000
LogOGResimProbe: Warning: [Warning][ResimProbe.Frame] role=Client cadence dFrame1=40 dFrame0=0 dFrameGt1=80 discont=0 numSteps total=120 max=1 gt1=0
LogOGResimProbe: Warning: [Warning][ResimProbe.Landing] class=LocallyPredicted behind=60 atFrontier=0 discarded=0 atFrontierPerMille=0 windowSamples=120
LogOGResimProbe: Warning: [Warning][ResimProbe.Landing] class=RemoteProxy behind=60 atFrontier=0 discarded=0 atFrontierPerMille=0 windowSamples=120
LogOGDivergenceProbe: Warning: [Warning][DivergenceProbe.Window] class=LocallyPredicted corrections=60 disagreed=60 ratePerMille=1000 windowSamples=120
LogOGDivergenceProbe: Warning: [Warning][DivergenceProbe.Window] class=RemoteProxy corrections=60 disagreed=60 ratePerMille=1000 windowSamples=120
LogOGRelayProbe: Warning: [Warning][RelayProbe.Read] window=[33793,33913] src=Prediction hit=60 miss=60 verifyFail=0 rung0=0 total=120
LogOGRelayProbe: Warning: [Warning][RelayProbe.Read] window=[33793,33913] src=Resim hit=430 miss=39 verifyFail=0 rung0=0 total=469
LogOGRelayProbe: Warning: [Warning][RelayProbe.Miss] window=[33793,33913] src=Prediction inSpan=0 aboveNewest=60 belowOldest=0 noProbeTick=0 miss=60
LogOGRelayProbe: Warning: [Warning][RelayProbe.Miss] window=[33793,33913] src=Resim inSpan=0 aboveNewest=39 belowOldest=0 noProbeTick=0 miss=39
LogOGRelayProbe: Warning: [Warning][RelayProbe.Delta] window=[33793,33913] src=Prediction n=120 p10=-1 p50=0 p90=2 min=-4 max=4 satLow=0 satHigh=0
LogOGRelayProbe: Warning: [Warning][RelayProbe.Delta] window=[33793,33913] src=Resim n=469 p10=-6 p50=-3 p90=0 min=-9 max=3 satLow=0 satHigh=0
LogOGRelayProbe: Warning: [Warning][RelayProbe.Stale] window=[33793,33913] maxConsecutiveFallbackRun=11 id=28415
LogOGResimProbe: Warning: [Warning][ResimProbe.Gate] checks=120 declined=55 requested=65 requestedPerMille=542 deepSkips=0 survivingAnchors=0
LogOGResimProbe: Warning: [Warning][ResimProbe.Chaos] requests=65 grants=65 refused=0 refusedPerMille=0 repeat=0 clamped=0 depthMin=4 depthMax=8
LogOGResimProbe: Warning: [Warning][ResimProbe.Apply] prepares=65 finishes=65 abandoned=0 stuck=0 replayTicks=493 replayOverruns=0 freshProtects=37 staleProtects=0
LogOGRelayProbe: Warning: [Warning][RelayProbe.Arrival] samples=120 gapCaptureTicks p50=2 p99=4 max=4 noAdvance=0 saturated=0 lostCaptureTicksX1000=0 lost=0 delivered=229 expected=229 discont=0 discontMax=0
LogOGResimProbe: Warning: [Warning][ResimProbe.Frame] role=Client simTicks=120 frames=199 meanTicksPerFrameX100=60 p50=1 p99=1 max=1 meanFrameUs=10000
LogOGResimProbe: Warning: [Warning][ResimProbe.Frame] role=Client cadence dFrame1=41 dFrame0=0 dFrameGt1=79 discont=0 numSteps total=120 max=1 gt1=0
LogOGResimProbe: Warning: [Warning][ResimProbe.Landing] class=LocallyPredicted behind=60 atFrontier=0 discarded=0 atFrontierPerMille=0 windowSamples=120
LogOGResimProbe: Warning: [Warning][ResimProbe.Landing] class=RemoteProxy behind=60 atFrontier=0 discarded=0 atFrontierPerMille=0 windowSamples=120
LogOGDivergenceProbe: Warning: [Warning][DivergenceProbe.Window] class=LocallyPredicted corrections=60 disagreed=60 ratePerMille=1000 windowSamples=120
LogOGDivergenceProbe: Warning: [Warning][DivergenceProbe.Window] class=RemoteProxy corrections=60 disagreed=60 ratePerMille=1000 windowSamples=120
LogOGRelayProbe: Warning: [Warning][RelayProbe.Read] window=[33913,34033] src=Prediction hit=45 miss=75 verifyFail=0 rung0=0 total=120
LogOGRelayProbe: Warning: [Warning][RelayProbe.Read] window=[33913,34033] src=Resim hit=352 miss=47 verifyFail=0 rung0=0 total=399
LogOGRelayProbe: Warning: [Warning][RelayProbe.Miss] window=[33913,34033] src=Prediction inSpan=0 aboveNewest=75 belowOldest=0 noProbeTick=0 miss=75
LogOGRelayProbe: Warning: [Warning][RelayProbe.Miss] window=[33913,34033] src=Resim inSpan=0 aboveNewest=47 belowOldest=0 noProbeTick=0 miss=47
LogOGRelayProbe: Warning: [Warning][RelayProbe.Delta] window=[33913,34033] src=Prediction n=120 p10=-1 p50=1 p90=3 min=-3 max=5 satLow=0 satHigh=0
LogOGRelayProbe: Warning: [Warning][RelayProbe.Delta] window=[33913,34033] src=Resim n=399 p10=-5 p50=-2 p90=1 min=-8 max=4 satLow=0 satHigh=0
LogOGRelayProbe: Warning: [Warning][RelayProbe.Stale] window=[33913,34033] maxConsecutiveFallbackRun=15 id=28415
LogOGResimProbe: Warning: [Warning][ResimProbe.Gate] checks=120 declined=62 requested=58 requestedPerMille=483 deepSkips=0 survivingAnchors=0
LogOGResimProbe: Warning: [Warning][ResimProbe.Chaos] requests=57 grants=57 refused=0 refusedPerMille=0 repeat=0 clamped=0 depthMin=5 depthMax=8
LogOGResimProbe: Warning: [Warning][ResimProbe.Apply] prepares=57 finishes=57 abandoned=0 stuck=0 replayTicks=411 replayOverruns=0 freshProtects=37 staleProtects=0
LogOGResimProbe: Warning: [Warning][ResimProbe.Frame] role=Client simTicks=120 frames=200 meanTicksPerFrameX100=60 p50=1 p99=1 max=1 meanFrameUs=9999
LogOGResimProbe: Warning: [Warning][ResimProbe.Frame] role=Client cadence dFrame1=40 dFrame0=0 dFrameGt1=80 discont=0 numSteps total=120 max=1 gt1=0
LogOGResimProbe: Warning: [Warning][ResimProbe.Landing] class=LocallyPredicted behind=60 atFrontier=0 discarded=0 atFrontierPerMille=0 windowSamples=120
LogOGResimProbe: Warning: [Warning][ResimProbe.Landing] class=RemoteProxy behind=60 atFrontier=0 discarded=0 atFrontierPerMille=0 windowSamples=120
LogOGDivergenceProbe: Warning: [Warning][DivergenceProbe.Window] class=LocallyPredicted corrections=60 disagreed=60 ratePerMille=1000 windowSamples=120
LogOGDivergenceProbe: Warning: [Warning][DivergenceProbe.Window] class=RemoteProxy corrections=60 disagreed=60 ratePerMille=1000 windowSamples=120
LogOGRelayProbe: Warning: [Warning][RelayProbe.Read] window=[34033,34153] src=Prediction hit=65 miss=55 verifyFail=0 rung0=0 total=120
LogOGRelayProbe: Warning: [Warning][RelayProbe.Read] window=[34033,34153] src=Resim hit=381 miss=36 verifyFail=0 rung0=0 total=417
LogOGRelayProbe: Warning: [Warning][RelayProbe.Miss] window=[34033,34153] src=Prediction inSpan=0 aboveNewest=55 belowOldest=0 noProbeTick=0 miss=55
LogOGRelayProbe: Warning: [Warning][RelayProbe.Miss] window=[34033,34153] src=Resim inSpan=11 aboveNewest=25 belowOldest=0 noProbeTick=0 miss=36
LogOGRelayProbe: Warning: [Warning][RelayProbe.Delta] window=[34033,34153] src=Prediction n=120 p10=-1 p50=0 p90=2 min=-2 max=3 satLow=0 satHigh=0
LogOGRelayProbe: Warning: [Warning][RelayProbe.Delta] window=[34033,34153] src=Resim n=417 p10=-6 p50=-3 p90=0 min=-8 max=3 satLow=0 satHigh=0
LogOGRelayProbe: Warning: [Warning][RelayProbe.Stale] window=[34033,34153] maxConsecutiveFallbackRun=7 id=28415
LogOGResimProbe: Warning: [Warning][ResimProbe.Gate] checks=120 declined=59 requested=61 requestedPerMille=508 deepSkips=0 survivingAnchors=0
LogOGResimProbe: Warning: [Warning][ResimProbe.Chaos] requests=62 grants=62 refused=0 refusedPerMille=0 repeat=0 clamped=0 depthMin=4 depthMax=7
LogOGResimProbe: Warning: [Warning][ResimProbe.Apply] prepares=62 finishes=62 abandoned=0 stuck=0 replayTicks=439 replayOverruns=0 freshProtects=39 staleProtects=0
LogOGRelayProbe: Warning: [Warning][RelayProbe.Arrival] samples=120 gapCaptureTicks p50=2 p99=4 max=6 noAdvance=0 saturated=0 lostCaptureTicksX1000=12 lost=3 delivered=239 expected=242 discont=0 discontMax=0
LogOGResimProbe: Warning: [Warning][ResimProbe.Frame] role=Client simTicks=120 frames=200 meanTicksPerFrameX100=60 p50=1 p99=1 max=1 meanFrameUs=10000
LogOGResimProbe: Warning: [Warning][ResimProbe.Frame] role=Client cadence dFrame1=40 dFrame0=0 dFrameGt1=80 discont=0 numSteps total=120 max=1 gt1=0
LogOGResimProbe: Warning: [Warning][ResimProbe.Landing] class=LocallyPredicted behind=59 atFrontier=0 discarded=0 atFrontierPerMille=0 windowSamples=120
LogOGResimProbe: Warning: [Warning][ResimProbe.Landing] class=RemoteProxy behind=61 atFrontier=0 discarded=0 atFrontierPerMille=0 windowSamples=120
LogOGDivergenceProbe: Warning: [Warning][DivergenceProbe.Window] class=LocallyPredicted corrections=59 disagreed=59 ratePerMille=1000 windowSamples=120
LogOGDivergenceProbe: Warning: [Warning][DivergenceProbe.Window] class=RemoteProxy corrections=61 disagreed=61 ratePerMille=1000 windowSamples=120
LogOGRelayProbe: Warning: [Warning][RelayProbe.Read] window=[34153,34273] src=Prediction hit=46 miss=74 verifyFail=0 rung0=0 total=120
LogOGRelayProbe: Warning: [Warning][RelayProbe.Read] window=[34153,34273] src=Resim hit=498 miss=53 verifyFail=0 rung0=0 total=551
LogOGRelayProbe: Warning: [Warning][RelayProbe.Miss] window=[34153,34273] src=Prediction inSpan=0 aboveNewest=74 belowOldest=0 noProbeTick=0 miss=74
LogOGRelayProbe: Warning: [Warning][RelayProbe.Miss] window=[34153,34273] src=Resim inSpan=0 aboveNewest=53 belowOldest=0 noProbeTick=0 miss=53
LogOGRelayProbe: Warning: [Warning][RelayProbe.Delta] window=[34153,34273] src=Prediction n=120 p10=-1 p50=1 p90=2 min=-2 max=4 satLow=0 satHigh=0
LogOGRelayProbe: Warning: [Warning][RelayProbe.Delta] window=[34153,34273] src=Resim n=551 p10=-6 p50=-3 p90=0 min=-8 max=4 satLow=0 satHigh=0
LogOGRelayProbe: Warning: [Warning][RelayProbe.Stale] window=[34153,34273] maxConsecutiveFallbackRun=10 id=28415
LogOGResimProbe: Warning: [Warning][ResimProbe.Gate] checks=120 declined=45 requested=75 requestedPerMille=625 deepSkips=0 survivingAnchors=0
LogOGResimProbe: Warning: [Warning][ResimProbe.Chaos] requests=74 grants=74 refused=0 refusedPerMille=0 repeat=0 clamped=0 depthMin=5 depthMax=9
LogOGResimProbe: Warning: [Warning][ResimProbe.Apply] prepares=74 finishes=74 abandoned=0 stuck=0 replayTicks=583 replayOverruns=0 freshProtects=34 staleProtects=0
LogOGResimProbe: Warning: [Warning][ResimProbe.Frame] role=Client simTicks=120 frames=201 meanTicksPerFrameX100=59 p50=1 p99=1 max=1 meanFrameUs=10000
LogOGResimProbe: Warning: [Warning][ResimProbe.Frame] role=Client cadence dFrame1=39 dFrame0=0 dFrameGt1=81 discont=0 numSteps total=120 max=1 gt1=0
LogOGResimProbe: Warning: [Warning][ResimProbe.Landing] class=LocallyPredicted behind=60 atFrontier=0 discarded=0 atFrontierPerMille=0 windowSamples=120
LogOGResimProbe: Warning: [Warning][ResimProbe.Landing] class=RemoteProxy behind=60 atFrontier=0 discarded=0 atFrontierPerMille=0 windowSamples=120
LogOGDivergenceProbe: Warning: [Warning][DivergenceProbe.Window] class=LocallyPredicted corrections=60 disagreed=60 ratePerMille=1000 windowSamples=120
LogOGDivergenceProbe: Warning: [Warning][DivergenceProbe.Window] class=RemoteProxy corrections=60 disagreed=60 ratePerMille=1000 windowSamples=120
LogOGRelayProbe: Warning: [Warning][RelayProbe.Read] window=[34273,34393] src=Prediction hit=39 miss=81 verifyFail=0 rung0=0 total=120
LogOGRelayProbe: Warning: [Warning][RelayProbe.Read] window=[34273,34393] src=Resim hit=434 miss=56 verifyFail=0 rung0=0 total=490
LogOGRelayProbe: Warning: [Warning][RelayProbe.Miss] window=[34273,34393] src=Prediction inSpan=0 aboveNewest=81 belowOldest=0 noProbeTick=0 miss=81
LogOGRelayProbe: Warning: [Warning][RelayProbe.Miss] window=[34273,34393] src=Resim inSpan=0 aboveNewest=56 belowOldest=0 noProbeTick=0 miss=56
LogOGRelayProbe: Warning: [Warning][RelayProbe.Delta] window=[34273,34393] src=Prediction n=120 p10=-1 p50=1 p90=3 min=-3 max=4 satLow=0 satHigh=0
LogOGRelayProbe: Warning: [Warning][RelayProbe.Delta] window=[34273,34393] src=Resim n=490 p10=-6 p50=-3 p90=1 min=-8 max=3 satLow=0 satHigh=0
LogOGRelayProbe: Warning: [Warning][RelayProbe.Stale] window=[34273,34393] maxConsecutiveFallbackRun=15 id=28415
LogOGResimProbe: Warning: [Warning][ResimProbe.Gate] checks=120 declined=56 requested=64 requestedPerMille=533 deepSkips=0 survivingAnchors=0
LogOGResimProbe: Warning: [Warning][ResimProbe.Chaos] requests=64 grants=64 refused=0 refusedPerMille=0 repeat=0 clamped=0 depthMin=5 depthMax=8
LogOGResimProbe: Warning: [Warning][ResimProbe.Apply] prepares=64 finishes=64 abandoned=0 stuck=0 replayTicks=491 replayOverruns=0 freshProtects=37 staleProtects=0
LogOGRelayProbe: Warning: [Warning][RelayProbe.Arrival] samples=120 gapCaptureTicks p50=2 p99=4 max=5 noAdvance=0 saturated=0 lostCaptureTicksX1000=0 lost=0 delivered=232 expected=232 discont=0 discontMax=0
LogOGResimProbe: Warning: [Warning][ResimProbe.Frame] role=Client simTicks=120 frames=200 meanTicksPerFrameX100=60 p50=1 p99=1 max=1 meanFrameUs=10000
LogOGResimProbe: Warning: [Warning][ResimProbe.Frame] role=Client cadence dFrame1=40 dFrame0=0 dFrameGt1=80 discont=0 numSteps total=120 max=1 gt1=0
LogOGResimProbe: Warning: [Warning][ResimProbe.Landing] class=LocallyPredicted behind=60 atFrontier=0 discarded=0 atFrontierPerMille=0 windowSamples=120
LogOGResimProbe: Warning: [Warning][ResimProbe.Landing] class=RemoteProxy behind=60 atFrontier=0 discarded=0 atFrontierPerMille=0 windowSamples=120
LogOGDivergenceProbe: Warning: [Warning][DivergenceProbe.Window] class=LocallyPredicted corrections=60 disagreed=60 ratePerMille=1000 windowSamples=120
LogOGDivergenceProbe: Warning: [Warning][DivergenceProbe.Window] class=RemoteProxy corrections=60 disagreed=60 ratePerMille=1000 windowSamples=120
LogOGRelayProbe: Warning: [Warning][RelayProbe.Read] window=[34393,34513] src=Prediction hit=45 miss=75 verifyFail=0 rung0=0 total=120
LogOGRelayProbe: Warning: [Warning][RelayProbe.Read] window=[34393,34513] src=Resim hit=389 miss=52 verifyFail=0 rung0=0 total=441
LogOGRelayProbe: Warning: [Warning][RelayProbe.Miss] window=[34393,34513] src=Prediction inSpan=0 aboveNewest=75 belowOldest=0 noProbeTick=0 miss=75
LogOGRelayProbe: Warning: [Warning][RelayProbe.Miss] window=[34393,34513] src=Resim inSpan=0 aboveNewest=52 belowOldest=0 noProbeTick=0 miss=52
LogOGRelayProbe: Warning: [Warning][RelayProbe.Delta] window=[34393,34513] src=Prediction n=120 p10=-1 p50=1 p90=2 min=-2 max=4 satLow=0 satHigh=0
LogOGRelayProbe: Warning: [Warning][RelayProbe.Delta] window=[34393,34513] src=Resim n=441 p10=-5 p50=-2 p90=1 min=-9 max=3 satLow=0 satHigh=0
LogOGRelayProbe: Warning: [Warning][RelayProbe.Stale] window=[34393,34513] maxConsecutiveFallbackRun=16 id=28415
LogOGResimProbe: Warning: [Warning][ResimProbe.Gate] checks=120 declined=56 requested=64 requestedPerMille=533 deepSkips=0 survivingAnchors=0
LogOGResimProbe: Warning: [Warning][ResimProbe.Chaos] requests=64 grants=64 refused=0 refusedPerMille=0 repeat=0 clamped=0 depthMin=4 depthMax=8
LogOGResimProbe: Warning: [Warning][ResimProbe.Apply] prepares=64 finishes=64 abandoned=0 stuck=0 replayTicks=465 replayOverruns=0 freshProtects=39 staleProtects=1
LogOGResimProbe: Warning: [Warning][ResimProbe.Frame] role=Client simTicks=120 frames=200 meanTicksPerFrameX100=60 p50=1 p99=1 max=1 meanFrameUs=10000
LogOGResimProbe: Warning: [Warning][ResimProbe.Frame] role=Client cadence dFrame1=40 dFrame0=0 dFrameGt1=80 discont=0 numSteps total=120 max=1 gt1=0
LogOGResimProbe: Warning: [Warning][ResimProbe.Landing] class=LocallyPredicted behind=60 atFrontier=0 discarded=0 atFrontierPerMille=0 windowSamples=120
LogOGResimProbe: Warning: [Warning][ResimProbe.Landing] class=RemoteProxy behind=60 atFrontier=0 discarded=0 atFrontierPerMille=0 windowSamples=120
LogOGDivergenceProbe: Warning: [Warning][DivergenceProbe.Window] class=LocallyPredicted corrections=60 disagreed=60 ratePerMille=1000 windowSamples=120
LogOGDivergenceProbe: Warning: [Warning][DivergenceProbe.Window] class=RemoteProxy corrections=60 disagreed=60 ratePerMille=1000 windowSamples=120
LogOGRelayProbe: Warning: [Warning][RelayProbe.Read] window=[34513,34633] src=Prediction hit=41 miss=79 verifyFail=0 rung0=0 total=120
LogOGRelayProbe: Warning: [Warning][RelayProbe.Read] window=[34513,34633] src=Resim hit=397 miss=75 verifyFail=0 rung0=0 total=472
LogOGRelayProbe: Warning: [Warning][RelayProbe.Miss] window=[34513,34633] src=Prediction inSpan=0 aboveNewest=79 belowOldest=0 noProbeTick=0 miss=79
LogOGRelayProbe: Warning: [Warning][RelayProbe.Miss] window=[34513,34633] src=Resim inSpan=7 aboveNewest=68 belowOldest=0 noProbeTick=0 miss=75
LogOGRelayProbe: Warning: [Warning][RelayProbe.Delta] window=[34513,34633] src=Prediction n=120 p10=-1 p50=1 p90=3 min=-2 max=5 satLow=0 satHigh=0
LogOGRelayProbe: Warning: [Warning][RelayProbe.Delta] window=[34513,34633] src=Resim n=472 p10=-5 p50=-2 p90=1 min=-7 max=5 satLow=0 satHigh=0
LogOGRelayProbe: Warning: [Warning][RelayProbe.Stale] window=[34513,34633] maxConsecutiveFallbackRun=11 id=28415
LogOGResimProbe: Warning: [Warning][ResimProbe.Gate] checks=120 declined=51 requested=69 requestedPerMille=575 deepSkips=0 survivingAnchors=0
LogOGResimProbe: Warning: [Warning][ResimProbe.Chaos] requests=69 grants=68 refused=1 refusedPerMille=14 repeat=1 clamped=0 depthMin=5 depthMax=8
LogOGResimProbe: Warning: [Warning][ResimProbe.Apply] prepares=68 finishes=68 abandoned=0 stuck=0 replayTicks=503 replayOverruns=0 freshProtects=34 staleProtects=0
LogOGRelayProbe: Warning: [Warning][RelayProbe.Arrival] samples=120 gapCaptureTicks p50=2 p99=5 max=5 noAdvance=0 saturated=0 lostCaptureTicksX1000=8 lost=2 delivered=222 expected=224 discont=0 discontMax=0
LogOGResimProbe: Warning: [Warning][ResimProbe.Frame] role=Client simTicks=120 frames=200 meanTicksPerFrameX100=60 p50=1 p99=1 max=1 meanFrameUs=10000
LogOGResimProbe: Warning: [Warning][ResimProbe.Frame] role=Client cadence dFrame1=40 dFrame0=0 dFrameGt1=80 discont=0 numSteps total=120 max=1 gt1=0
LogOGResimProbe: Warning: [Warning][ResimProbe.Landing] class=LocallyPredicted behind=60 atFrontier=0 discarded=0 atFrontierPerMille=0 windowSamples=120
LogOGResimProbe: Warning: [Warning][ResimProbe.Landing] class=RemoteProxy behind=60 atFrontier=0 discarded=0 atFrontierPerMille=0 windowSamples=120
LogOGDivergenceProbe: Warning: [Warning][DivergenceProbe.Window] class=LocallyPredicted corrections=60 disagreed=60 ratePerMille=1000 windowSamples=120
LogOGDivergenceProbe: Warning: [Warning][DivergenceProbe.Window] class=RemoteProxy corrections=60 disagreed=60 ratePerMille=1000 windowSamples=120
LogOGRelayProbe: Warning: [Warning][RelayProbe.Read] window=[34633,34753] src=Prediction hit=58 miss=62 verifyFail=0 rung0=0 total=120
LogOGRelayProbe: Warning: [Warning][RelayProbe.Read] window=[34633,34753] src=Resim hit=460 miss=49 verifyFail=0 rung0=0 total=509
LogOGRelayProbe: Warning: [Warning][RelayProbe.Miss] window=[34633,34753] src=Prediction inSpan=0 aboveNewest=62 belowOldest=0 noProbeTick=0 miss=62
LogOGRelayProbe: Warning: [Warning][RelayProbe.Miss] window=[34633,34753] src=Resim inSpan=0 aboveNewest=49 belowOldest=0 noProbeTick=0 miss=49
LogOGRelayProbe: Warning: [Warning][RelayProbe.Delta] window=[34633,34753] src=Prediction n=120 p10=-1 p50=1 p90=3 min=-3 max=5 satLow=0 satHigh=0
LogOGRelayProbe: Warning: [Warning][RelayProbe.Delta] window=[34633,34753] src=Resim n=509 p10=-6 p50=-3 p90=0 min=-9 max=4 satLow=0 satHigh=0
LogOGRelayProbe: Warning: [Warning][RelayProbe.Stale] window=[34633,34753] maxConsecutiveFallbackRun=16 id=28415
LogOGResimProbe: Warning: [Warning][ResimProbe.Gate] checks=120 declined=50 requested=70 requestedPerMille=583 deepSkips=0 survivingAnchors=0
LogOGResimProbe: Warning: [Warning][ResimProbe.Chaos] requests=71 grants=71 refused=0 refusedPerMille=0 repeat=0 clamped=0 depthMin=4 depthMax=8
LogOGResimProbe: Warning: [Warning][ResimProbe.Apply] prepares=71 finishes=71 abandoned=0 stuck=0 replayTicks=509 replayOverruns=0 freshProtects=38 staleProtects=0
LogOGResimProbe: Warning: [Warning][ResimProbe.Frame] role=Client simTicks=120 frames=200 meanTicksPerFrameX100=60 p50=1 p99=1 max=1 meanFrameUs=9999
LogOGResimProbe: Warning: [Warning][ResimProbe.Frame] role=Client cadence dFrame1=40 dFrame0=0 dFrameGt1=80 discont=0 numSteps total=120 max=1 gt1=0
LogOGResimProbe: Warning: [Warning][ResimProbe.Landing] class=LocallyPredicted behind=59 atFrontier=0 discarded=0 atFrontierPerMille=0 windowSamples=120
LogOGResimProbe: Warning: [Warning][ResimProbe.Landing] class=RemoteProxy behind=61 atFrontier=0 discarded=0 atFrontierPerMille=0 windowSamples=120
LogOGDivergenceProbe: Warning: [Warning][DivergenceProbe.Window] class=LocallyPredicted corrections=59 disagreed=59 ratePerMille=1000 windowSamples=120
LogOGDivergenceProbe: Warning: [Warning][DivergenceProbe.Window] class=RemoteProxy corrections=61 disagreed=61 ratePerMille=1000 windowSamples=120
LogOGRelayProbe: Warning: [Warning][RelayProbe.Arrival] samples=120 gapCaptureTicks p50=2 p99=4 max=4 noAdvance=0 saturated=0 lostCaptureTicksX1000=0 lost=0 delivered=216 expected=216 discont=0 discontMax=0
LogOGRelayProbe: Warning: [Warning][RelayProbe.Read] window=[34753,34873] src=Prediction hit=41 miss=79 verifyFail=0 rung0=0 total=120
LogOGRelayProbe: Warning: [Warning][RelayProbe.Read] window=[34753,34873] src=Resim hit=419 miss=50 verifyFail=0 rung0=0 total=469
LogOGRelayProbe: Warning: [Warning][RelayProbe.Miss] window=[34753,34873] src=Prediction inSpan=0 aboveNewest=79 belowOldest=0 noProbeTick=0 miss=79
LogOGRelayProbe: Warning: [Warning][RelayProbe.Miss] window=[34753,34873] src=Resim inSpan=0 aboveNewest=50 belowOldest=0 noProbeTick=0 miss=50
LogOGRelayProbe: Warning: [Warning][RelayProbe.Delta] window=[34753,34873] src=Prediction n=120 p10=-1 p50=1 p90=3 min=-2 max=4 satLow=0 satHigh=0
LogOGRelayProbe: Warning: [Warning][RelayProbe.Delta] window=[34753,34873] src=Resim n=469 p10=-6 p50=-3 p90=1 min=-7 max=3 satLow=0 satHigh=0
LogOGRelayProbe: Warning: [Warning][RelayProbe.Stale] window=[34753,34873] maxConsecutiveFallbackRun=16 id=28415
LogOGResimProbe: Warning: [Warning][ResimProbe.Gate] checks=120 declined=53 requested=67 requestedPerMille=558 deepSkips=0 survivingAnchors=0
LogOGResimProbe: Warning: [Warning][ResimProbe.Chaos] requests=66 grants=66 refused=0 refusedPerMille=0 repeat=0 clamped=0 depthMin=5 depthMax=8
LogOGResimProbe: Warning: [Warning][ResimProbe.Apply] prepares=66 finishes=66 abandoned=0 stuck=0 replayTicks=491 replayOverruns=0 freshProtects=32 staleProtects=0
LogOGResimProbe: Warning: [Warning][ResimProbe.Frame] role=Client simTicks=120 frames=199 meanTicksPerFrameX100=60 p50=1 p99=1 max=1 meanFrameUs=9999
LogOGResimProbe: Warning: [Warning][ResimProbe.Frame] role=Client cadence dFrame1=41 dFrame0=0 dFrameGt1=79 discont=0 numSteps total=120 max=1 gt1=0
LogOGResimProbe: Warning: [Warning][ResimProbe.Landing] class=LocallyPredicted behind=60 atFrontier=0 discarded=0 atFrontierPerMille=0 windowSamples=120
LogOGResimProbe: Warning: [Warning][ResimProbe.Landing] class=RemoteProxy behind=60 atFrontier=0 discarded=0 atFrontierPerMille=0 windowSamples=120
LogOGDivergenceProbe: Warning: [Warning][DivergenceProbe.Window] class=LocallyPredicted corrections=60 disagreed=60 ratePerMille=1000 windowSamples=120
LogOGDivergenceProbe: Warning: [Warning][DivergenceProbe.Window] class=RemoteProxy corrections=60 disagreed=60 ratePerMille=1000 windowSamples=120
LogOGRelayProbe: Warning: [Warning][RelayProbe.Read] window=[34873,34993] src=Prediction hit=35 miss=85 verifyFail=0 rung0=0 total=120
LogOGRelayProbe: Warning: [Warning][RelayProbe.Read] window=[34873,34993] src=Resim hit=444 miss=73 verifyFail=0 rung0=0 total=517
LogOGRelayProbe: Warning: [Warning][RelayProbe.Miss] window=[34873,34993] src=Prediction inSpan=0 aboveNewest=85 belowOldest=0 noProbeTick=0 miss=85
LogOGRelayProbe: Warning: [Warning][RelayProbe.Miss] window=[34873,34993] src=Resim inSpan=0 aboveNewest=73 belowOldest=0 noProbeTick=0 miss=73
LogOGRelayProbe: Warning: [Warning][RelayProbe.Delta] window=[34873,34993] src=Prediction n=120 p10=0 p50=1 p90=3 min=-2 max=5 satLow=0 satHigh=0
LogOGRelayProbe: Warning: [Warning][RelayProbe.Delta] window=[34873,34993] src=Resim n=517 p10=-5 p50=-2 p90=1 min=-8 max=5 satLow=0 satHigh=0
LogOGRelayProbe: Warning: [Warning][RelayProbe.Stale] window=[34873,34993] maxConsecutiveFallbackRun=12 id=28415
LogOGResimProbe: Warning: [Warning][ResimProbe.Gate] checks=120 declined=51 requested=69 requestedPerMille=575 deepSkips=0 survivingAnchors=0
LogOGResimProbe: Warning: [Warning][ResimProbe.Chaos] requests=69 grants=69 refused=0 refusedPerMille=0 repeat=0 clamped=0 depthMin=5 depthMax=8
LogOGResimProbe: Warning: [Warning][ResimProbe.Apply] prepares=69 finishes=69 abandoned=0 stuck=0 replayTicks=526 replayOverruns=0 freshProtects=30 staleProtects=0
LogOGResimProbe: Warning: [Warning][ResimProbe.Frame] role=Client simTicks=120 frames=201 meanTicksPerFrameX100=59 p50=1 p99=1 max=1 meanFrameUs=10000
LogOGResimProbe: Warning: [Warning][ResimProbe.Frame] role=Client cadence dFrame1=39 dFrame0=0 dFrameGt1=81 discont=0 numSteps total=120 max=1 gt1=0
LogOGRelayProbe: Warning: [Warning][RelayProbe.Arrival] samples=120 gapCaptureTicks p50=2 p99=4 max=5 noAdvance=0 saturated=0 lostCaptureTicksX1000=0 lost=0 delivered=220 expected=220 discont=0 discontMax=0
LogOGResimProbe: Warning: [Warning][ResimProbe.Landing] class=LocallyPredicted behind=60 atFrontier=0 discarded=0 atFrontierPerMille=0 windowSamples=120
LogOGResimProbe: Warning: [Warning][ResimProbe.Landing] class=RemoteProxy behind=60 atFrontier=0 discarded=0 atFrontierPerMille=0 windowSamples=120
LogOGDivergenceProbe: Warning: [Warning][DivergenceProbe.Window] class=LocallyPredicted corrections=60 disagreed=60 ratePerMille=1000 windowSamples=120
LogOGDivergenceProbe: Warning: [Warning][DivergenceProbe.Window] class=RemoteProxy corrections=60 disagreed=60 ratePerMille=1000 windowSamples=120
LogOGRelayProbe: Warning: [Warning][RelayProbe.Read] window=[34993,35113] src=Prediction hit=49 miss=71 verifyFail=0 rung0=0 total=120
LogOGRelayProbe: Warning: [Warning][RelayProbe.Read] window=[34993,35113] src=Resim hit=402 miss=41 verifyFail=0 rung0=0 total=443
LogOGRelayProbe: Warning: [Warning][RelayProbe.Miss] window=[34993,35113] src=Prediction inSpan=0 aboveNewest=71 belowOldest=0 noProbeTick=0 miss=71
LogOGRelayProbe: Warning: [Warning][RelayProbe.Miss] window=[34993,35113] src=Resim inSpan=0 aboveNewest=41 belowOldest=0 noProbeTick=0 miss=41
LogOGRelayProbe: Warning: [Warning][RelayProbe.Delta] window=[34993,35113] src=Prediction n=120 p10=-1 p50=1 p90=2 min=-2 max=4 satLow=0 satHigh=0
LogOGRelayProbe: Warning: [Warning][RelayProbe.Delta] window=[34993,35113] src=Resim n=443 p10=-5 p50=-3 p90=0 min=-8 max=4 satLow=0 satHigh=0
LogOGRelayProbe: Warning: [Warning][RelayProbe.Stale] window=[34993,35113] maxConsecutiveFallbackRun=9 id=28415
LogOGResimProbe: Warning: [Warning][ResimProbe.Gate] checks=120 declined=54 requested=66 requestedPerMille=550 deepSkips=0 survivingAnchors=0
LogOGResimProbe: Warning: [Warning][ResimProbe.Chaos] requests=66 grants=66 refused=0 refusedPerMille=0 repeat=0 clamped=0 depthMin=4 depthMax=8
LogOGResimProbe: Warning: [Warning][ResimProbe.Apply] prepares=66 finishes=66 abandoned=0 stuck=0 replayTicks=480 replayOverruns=0 freshProtects=33 staleProtects=0
LogOGResimProbe: Warning: [Warning][ResimProbe.Frame] role=Client simTicks=120 frames=200 meanTicksPerFrameX100=60 p50=1 p99=1 max=1 meanFrameUs=10000
LogOGResimProbe: Warning: [Warning][ResimProbe.Frame] role=Client cadence dFrame1=40 dFrame0=0 dFrameGt1=80 discont=0 numSteps total=120 max=1 gt1=0
LogOGResimProbe: Warning: [Warning][ResimProbe.Landing] class=LocallyPredicted behind=60 atFrontier=0 discarded=0 atFrontierPerMille=0 windowSamples=120
LogOGResimProbe: Warning: [Warning][ResimProbe.Landing] class=RemoteProxy behind=60 atFrontier=0 discarded=0 atFrontierPerMille=0 windowSamples=120
LogOGDivergenceProbe: Warning: [Warning][DivergenceProbe.Window] class=LocallyPredicted corrections=60 disagreed=60 ratePerMille=1000 windowSamples=120
LogOGDivergenceProbe: Warning: [Warning][DivergenceProbe.Window] class=RemoteProxy corrections=60 disagreed=60 ratePerMille=1000 windowSamples=120
LogOGRelayProbe: Warning: [Warning][RelayProbe.Read] window=[35113,35233] src=Prediction hit=62 miss=58 verifyFail=0 rung0=0 total=120
LogOGRelayProbe: Warning: [Warning][RelayProbe.Read] window=[35113,35233] src=Resim hit=395 miss=28 verifyFail=0 rung0=0 total=423
LogOGRelayProbe: Warning: [Warning][RelayProbe.Miss] window=[35113,35233] src=Prediction inSpan=0 aboveNewest=58 belowOldest=0 noProbeTick=0 miss=58
LogOGRelayProbe: Warning: [Warning][RelayProbe.Miss] window=[35113,35233] src=Resim inSpan=0 aboveNewest=28 belowOldest=0 noProbeTick=0 miss=28
LogOGRelayProbe: Warning: [Warning][RelayProbe.Delta] window=[35113,35233] src=Prediction n=120 p10=-1 p50=0 p90=2 min=-2 max=4 satLow=0 satHigh=0
LogOGRelayProbe: Warning: [Warning][RelayProbe.Delta] window=[35113,35233] src=Resim n=423 p10=-6 p50=-3 p90=0 min=-8 max=3 satLow=0 satHigh=0
LogOGRelayProbe: Warning: [Warning][RelayProbe.Stale] window=[35113,35233] maxConsecutiveFallbackRun=11 id=28415
LogOGResimProbe: Warning: [Warning][ResimProbe.Gate] checks=120 declined=59 requested=61 requestedPerMille=508 deepSkips=0 survivingAnchors=0
LogOGResimProbe: Warning: [Warning][ResimProbe.Chaos] requests=61 grants=61 refused=0 refusedPerMille=0 repeat=0 clamped=0 depthMin=5 depthMax=8
LogOGResimProbe: Warning: [Warning][ResimProbe.Apply] prepares=61 finishes=61 abandoned=0 stuck=0 replayTicks=426 replayOverruns=0 freshProtects=36 staleProtects=0
LogOGResimProbe: Warning: [Warning][ResimProbe.Frame] role=Client simTicks=120 frames=199 meanTicksPerFrameX100=60 p50=1 p99=1 max=1 meanFrameUs=9999
LogOGResimProbe: Warning: [Warning][ResimProbe.Frame] role=Client cadence dFrame1=41 dFrame0=0 dFrameGt1=79 discont=0 numSteps total=120 max=1 gt1=0
LogOGRelayProbe: Warning: [Warning][RelayProbe.Arrival] samples=120 gapCaptureTicks p50=2 p99=4 max=4 noAdvance=0 saturated=0 lostCaptureTicksX1000=0 lost=0 delivered=204 expected=204 discont=0 discontMax=0
LogOGResimProbe: Warning: [Warning][ResimProbe.Landing] class=LocallyPredicted behind=60 atFrontier=0 discarded=0 atFrontierPerMille=0 windowSamples=120
LogOGResimProbe: Warning: [Warning][ResimProbe.Landing] class=RemoteProxy behind=60 atFrontier=0 discarded=0 atFrontierPerMille=0 windowSamples=120
LogOGDivergenceProbe: Warning: [Warning][DivergenceProbe.Window] class=LocallyPredicted corrections=60 disagreed=60 ratePerMille=1000 windowSamples=120
LogOGDivergenceProbe: Warning: [Warning][DivergenceProbe.Window] class=RemoteProxy corrections=60 disagreed=60 ratePerMille=1000 windowSamples=120
LogOGRelayProbe: Warning: [Warning][RelayProbe.Read] window=[35233,35353] src=Prediction hit=28 miss=92 verifyFail=0 rung0=0 total=120
LogOGRelayProbe: Warning: [Warning][RelayProbe.Read] window=[35233,35353] src=Resim hit=455 miss=80 verifyFail=0 rung0=0 total=535
LogOGRelayProbe: Warning: [Warning][RelayProbe.Miss] window=[35233,35353] src=Prediction inSpan=0 aboveNewest=92 belowOldest=0 noProbeTick=0 miss=92
LogOGRelayProbe: Warning: [Warning][RelayProbe.Miss] window=[35233,35353] src=Resim inSpan=0 aboveNewest=80 belowOldest=0 noProbeTick=0 miss=80
LogOGRelayProbe: Warning: [Warning][RelayProbe.Delta] window=[35233,35353] src=Prediction n=120 p10=0 p50=1 p90=3 min=-1 max=4 satLow=0 satHigh=0
LogOGRelayProbe: Warning: [Warning][RelayProbe.Delta] window=[35233,35353] src=Resim n=535 p10=-6 p50=-2 p90=1 min=-8 max=4 satLow=0 satHigh=0
LogOGRelayProbe: Warning: [Warning][RelayProbe.Stale] window=[35233,35353] maxConsecutiveFallbackRun=12 id=28415
LogOGResimProbe: Warning: [Warning][ResimProbe.Gate] checks=120 declined=52 requested=68 requestedPerMille=567 deepSkips=0 survivingAnchors=0
LogOGResimProbe: Warning: [Warning][ResimProbe.Chaos] requests=68 grants=68 refused=0 refusedPerMille=0 repeat=0 clamped=0 depthMin=6 depthMax=9
LogOGResimProbe: Warning: [Warning][ResimProbe.Apply] prepares=68 finishes=68 abandoned=0 stuck=0 replayTicks=553 replayOverruns=0 freshProtects=38 staleProtects=0
LogOGResimProbe: Warning: [Warning][ResimProbe.Frame] role=Client simTicks=120 frames=201 meanTicksPerFrameX100=59 p50=1 p99=1 max=1 meanFrameUs=10000
LogOGResimProbe: Warning: [Warning][ResimProbe.Frame] role=Client cadence dFrame1=39 dFrame0=0 dFrameGt1=81 discont=0 numSteps total=120 max=1 gt1=0
LogOGResimProbe: Warning: [Warning][ResimProbe.Landing] class=LocallyPredicted behind=59 atFrontier=0 discarded=0 atFrontierPerMille=0 windowSamples=120
LogOGResimProbe: Warning: [Warning][ResimProbe.Landing] class=RemoteProxy behind=61 atFrontier=0 discarded=0 atFrontierPerMille=0 windowSamples=120
LogOGDivergenceProbe: Warning: [Warning][DivergenceProbe.Window] class=LocallyPredicted corrections=59 disagreed=59 ratePerMille=1000 windowSamples=120
LogOGDivergenceProbe: Warning: [Warning][DivergenceProbe.Window] class=RemoteProxy corrections=61 disagreed=61 ratePerMille=1000 windowSamples=120
LogOGRelayProbe: Warning: [Warning][RelayProbe.Read] window=[35353,35473] src=Prediction hit=30 miss=90 verifyFail=0 rung0=0 total=120
LogOGRelayProbe: Warning: [Warning][RelayProbe.Read] window=[35353,35473] src=Resim hit=433 miss=81 verifyFail=0 rung0=0 total=514
LogOGRelayProbe: Warning: [Warning][RelayProbe.Miss] window=[35353,35473] src=Prediction inSpan=0 aboveNewest=90 belowOldest=0 noProbeTick=0 miss=90
LogOGRelayProbe: Warning: [Warning][RelayProbe.Miss] window=[35353,35473] src=Resim inSpan=0 aboveNewest=81 belowOldest=0 noProbeTick=0 miss=81
LogOGRelayProbe: Warning: [Warning][RelayProbe.Delta] window=[35353,35473] src=Prediction n=120 p10=0 p50=1 p90=3 min=-2 max=5 satLow=0 satHigh=0
LogOGRelayProbe: Warning: [Warning][RelayProbe.Delta] window=[35353,35473] src=Resim n=514 p10=-5 p50=-2 p90=1 min=-7 max=4 satLow=0 satHigh=0
LogOGRelayProbe: Warning: [Warning][RelayProbe.Stale] window=[35353,35473] maxConsecutiveFallbackRun=15 id=28415
LogOGResimProbe: Warning: [Warning][ResimProbe.Gate] checks=120 declined=51 requested=69 requestedPerMille=575 deepSkips=0 survivingAnchors=0
LogOGResimProbe: Warning: [Warning][ResimProbe.Chaos] requests=70 grants=70 refused=0 refusedPerMille=0 repeat=0 clamped=0 depthMin=4 depthMax=8
LogOGResimProbe: Warning: [Warning][ResimProbe.Apply] prepares=70 finishes=70 abandoned=0 stuck=0 replayTicks=535 replayOverruns=0 freshProtects=36 staleProtects=0
LogOGResimProbe: Warning: [Warning][ResimProbe.Frame] role=Client simTicks=120 frames=199 meanTicksPerFrameX100=60 p50=1 p99=1 max=1 meanFrameUs=10000
LogOGResimProbe: Warning: [Warning][ResimProbe.Frame] role=Client cadence dFrame1=41 dFrame0=0 dFrameGt1=79 discont=0 numSteps total=120 max=1 gt1=0
LogOGRelayProbe: Warning: [Warning][RelayProbe.Arrival] samples=120 gapCaptureTicks p50=2 p99=5 max=6 noAdvance=0 saturated=0 lostCaptureTicksX1000=16 lost=4 delivered=237 expected=241 discont=0 discontMax=0
LogOGResimProbe: Warning: [Warning][ResimProbe.Landing] class=LocallyPredicted behind=59 atFrontier=0 discarded=0 atFrontierPerMille=0 windowSamples=120
LogOGResimProbe: Warning: [Warning][ResimProbe.Landing] class=RemoteProxy behind=61 atFrontier=0 discarded=0 atFrontierPerMille=0 windowSamples=120
LogOGDivergenceProbe: Warning: [Warning][DivergenceProbe.Window] class=LocallyPredicted corrections=59 disagreed=59 ratePerMille=1000 windowSamples=120
LogOGDivergenceProbe: Warning: [Warning][DivergenceProbe.Window] class=RemoteProxy corrections=61 disagreed=61 ratePerMille=1000 windowSamples=120
LogOGRelayProbe: Warning: [Warning][RelayProbe.Read] window=[35473,35593] src=Prediction hit=50 miss=70 verifyFail=0 rung0=0 total=120
LogOGRelayProbe: Warning: [Warning][RelayProbe.Read] window=[35473,35593] src=Resim hit=355 miss=44 verifyFail=0 rung0=0 total=399
LogOGRelayProbe: Warning: [Warning][RelayProbe.Miss] window=[35473,35593] src=Prediction inSpan=1 aboveNewest=69 belowOldest=0 noProbeTick=0 miss=70
LogOGRelayProbe: Warning: [Warning][RelayProbe.Miss] window=[35473,35593] src=Resim inSpan=10 aboveNewest=34 belowOldest=0 noProbeTick=0 miss=44
LogOGRelayProbe: Warning: [Warning][RelayProbe.Delta] window=[35473,35593] src=Prediction n=120 p10=-1 p50=1 p90=3 min=-3 max=5 satLow=0 satHigh=0
LogOGRelayProbe: Warning: [Warning][RelayProbe.Delta] window=[35473,35593] src=Resim n=399 p10=-6 p50=-3 p90=0 min=-8 max=3 satLow=0 satHigh=0
LogOGRelayProbe: Warning: [Warning][RelayProbe.Stale] window=[35473,35593] maxConsecutiveFallbackRun=7 id=28415
LogOGResimProbe: Warning: [Warning][ResimProbe.Gate] checks=120 declined=59 requested=61 requestedPerMille=508 deepSkips=0 survivingAnchors=0
LogOGResimProbe: Warning: [Warning][ResimProbe.Chaos] requests=60 grants=60 refused=0 refusedPerMille=0 repeat=0 clamped=0 depthMin=5 depthMax=8
LogOGResimProbe: Warning: [Warning][ResimProbe.Apply] prepares=60 finishes=60 abandoned=0 stuck=0 replayTicks=438 replayOverruns=0 freshProtects=36 staleProtects=0
LogOGResimProbe: Warning: [Warning][ResimProbe.Frame] role=Client simTicks=120 frames=201 meanTicksPerFrameX100=59 p50=1 p99=1 max=1 meanFrameUs=9999
LogOGResimProbe: Warning: [Warning][ResimProbe.Frame] role=Client cadence dFrame1=39 dFrame0=0 dFrameGt1=81 discont=0 numSteps total=120 max=1 gt1=0
LogOGResimProbe: Warning: [Warning][ResimProbe.Landing] class=LocallyPredicted behind=60 atFrontier=0 discarded=0 atFrontierPerMille=0 windowSamples=120
LogOGResimProbe: Warning: [Warning][ResimProbe.Landing] class=RemoteProxy behind=60 atFrontier=0 discarded=0 atFrontierPerMille=0 windowSamples=120
LogOGDivergenceProbe: Warning: [Warning][DivergenceProbe.Window] class=LocallyPredicted corrections=60 disagreed=60 ratePerMille=1000 windowSamples=120
LogOGDivergenceProbe: Warning: [Warning][DivergenceProbe.Window] class=RemoteProxy corrections=60 disagreed=60 ratePerMille=1000 windowSamples=120
LogOGRelayProbe: Warning: [Warning][RelayProbe.Read] window=[35593,35713] src=Prediction hit=43 miss=77 verifyFail=0 rung0=0 total=120
LogOGRelayProbe: Warning: [Warning][RelayProbe.Read] window=[35593,35713] src=Resim hit=393 miss=55 verifyFail=0 rung0=0 total=448
LogOGRelayProbe: Warning: [Warning][RelayProbe.Miss] window=[35593,35713] src=Prediction inSpan=0 aboveNewest=77 belowOldest=0 noProbeTick=0 miss=77
LogOGRelayProbe: Warning: [Warning][RelayProbe.Miss] window=[35593,35713] src=Resim inSpan=4 aboveNewest=51 belowOldest=0 noProbeTick=0 miss=55
LogOGRelayProbe: Warning: [Warning][RelayProbe.Delta] window=[35593,35713] src=Prediction n=120 p10=-1 p50=1 p90=3 min=-2 max=5 satLow=0 satHigh=0
LogOGRelayProbe: Warning: [Warning][RelayProbe.Delta] window=[35593,35713] src=Resim n=448 p10=-5 p50=-2 p90=1 min=-8 max=4 satLow=0 satHigh=0
LogOGRelayProbe: Warning: [Warning][RelayProbe.Stale] window=[35593,35713] maxConsecutiveFallbackRun=18 id=28415
LogOGResimProbe: Warning: [Warning][ResimProbe.Gate] checks=120 declined=57 requested=63 requestedPerMille=525 deepSkips=0 survivingAnchors=0
LogOGResimProbe: Warning: [Warning][ResimProbe.Chaos] requests=64 grants=63 refused=1 refusedPerMille=16 repeat=1 clamped=0 depthMin=5 depthMax=8
LogOGResimProbe: Warning: [Warning][ResimProbe.Apply] prepares=63 finishes=63 abandoned=0 stuck=0 replayTicks=447 replayOverruns=0 freshProtects=37 staleProtects=0
LogOGRelayProbe: Warning: [Warning][RelayProbe.Arrival] samples=120 gapCaptureTicks p50=2 p99=4 max=4 noAdvance=0 saturated=0 lostCaptureTicksX1000=9 lost=2 delivered=217 expected=219 discont=0 discontMax=0
LogOGResimProbe: Warning: [Warning][ResimProbe.Frame] role=Client simTicks=120 frames=200 meanTicksPerFrameX100=60 p50=1 p99=1 max=1 meanFrameUs=10000
LogOGResimProbe: Warning: [Warning][ResimProbe.Frame] role=Client cadence dFrame1=40 dFrame0=0 dFrameGt1=80 discont=0 numSteps total=120 max=1 gt1=0
LogOGResimProbe: Warning: [Warning][ResimProbe.Landing] class=LocallyPredicted behind=60 atFrontier=0 discarded=0 atFrontierPerMille=0 windowSamples=120
LogOGResimProbe: Warning: [Warning][ResimProbe.Landing] class=RemoteProxy behind=60 atFrontier=0 discarded=0 atFrontierPerMille=0 windowSamples=120
LogOGDivergenceProbe: Warning: [Warning][DivergenceProbe.Window] class=LocallyPredicted corrections=60 disagreed=60 ratePerMille=1000 windowSamples=120
LogOGDivergenceProbe: Warning: [Warning][DivergenceProbe.Window] class=RemoteProxy corrections=60 disagreed=60 ratePerMille=1000 windowSamples=120
LogOGRelayProbe: Warning: [Warning][RelayProbe.Read] window=[35713,35833] src=Prediction hit=39 miss=81 verifyFail=0 rung0=0 total=120
LogOGRelayProbe: Warning: [Warning][RelayProbe.Read] window=[35713,35833] src=Resim hit=398 miss=72 verifyFail=0 rung0=0 total=470
LogOGRelayProbe: Warning: [Warning][RelayProbe.Miss] window=[35713,35833] src=Prediction inSpan=0 aboveNewest=81 belowOldest=0 noProbeTick=0 miss=81
LogOGRelayProbe: Warning: [Warning][RelayProbe.Miss] window=[35713,35833] src=Resim inSpan=13 aboveNewest=59 belowOldest=0 noProbeTick=0 miss=72
LogOGRelayProbe: Warning: [Warning][RelayProbe.Delta] window=[35713,35833] src=Prediction n=120 p10=-1 p50=1 p90=3 min=-2 max=4 satLow=0 satHigh=0
LogOGRelayProbe: Warning: [Warning][RelayProbe.Delta] window=[35713,35833] src=Resim n=470 p10=-6 p50=-3 p90=1 min=-8 max=3 satLow=0 satHigh=0
LogOGRelayProbe: Warning: [Warning][RelayProbe.Stale] window=[35713,35833] maxConsecutiveFallbackRun=16 id=28415
LogOGResimProbe: Warning: [Warning][ResimProbe.Gate] checks=120 declined=53 requested=67 requestedPerMille=558 deepSkips=0 survivingAnchors=0
LogOGResimProbe: Warning: [Warning][ResimProbe.Chaos] requests=66 grants=63 refused=3 refusedPerMille=45 repeat=3 clamped=0 depthMin=5 depthMax=9
LogOGResimProbe: Warning: [Warning][ResimProbe.Apply] prepares=63 finishes=63 abandoned=0 stuck=0 replayTicks=489 replayOverruns=0 freshProtects=36 staleProtects=0
LogOGResimProbe: Warning: [Warning][ResimProbe.Frame] role=Client simTicks=120 frames=200 meanTicksPerFrameX100=60 p50=1 p99=1 max=1 meanFrameUs=9999
LogOGResimProbe: Warning: [Warning][ResimProbe.Frame] role=Client cadence dFrame1=40 dFrame0=0 dFrameGt1=80 discont=0 numSteps total=120 max=1 gt1=0
LogOGResimProbe: Warning: [Warning][ResimProbe.Landing] class=LocallyPredicted behind=60 atFrontier=0 discarded=0 atFrontierPerMille=0 windowSamples=120
LogOGResimProbe: Warning: [Warning][ResimProbe.Landing] class=RemoteProxy behind=60 atFrontier=0 discarded=0 atFrontierPerMille=0 windowSamples=120
LogOGDivergenceProbe: Warning: [Warning][DivergenceProbe.Window] class=LocallyPredicted corrections=60 disagreed=60 ratePerMille=1000 windowSamples=120
LogOGDivergenceProbe: Warning: [Warning][DivergenceProbe.Window] class=RemoteProxy corrections=60 disagreed=60 ratePerMille=1000 windowSamples=120
LogOGRelayProbe: Warning: [Warning][RelayProbe.Arrival] samples=120 gapCaptureTicks p50=2 p99=5 max=5 noAdvance=0 saturated=0 lostCaptureTicksX1000=19 lost=4 delivered=206 expected=210 discont=0 discontMax=0
LogOGRelayProbe: Warning: [Warning][RelayProbe.Read] window=[35833,35953] src=Prediction hit=55 miss=65 verifyFail=0 rung0=0 total=120
LogOGRelayProbe: Warning: [Warning][RelayProbe.Read] window=[35833,35953] src=Resim hit=369 miss=36 verifyFail=0 rung0=0 total=405
LogOGRelayProbe: Warning: [Warning][RelayProbe.Miss] window=[35833,35953] src=Prediction inSpan=0 aboveNewest=65 belowOldest=0 noProbeTick=0 miss=65
LogOGRelayProbe: Warning: [Warning][RelayProbe.Miss] window=[35833,35953] src=Resim inSpan=0 aboveNewest=36 belowOldest=0 noProbeTick=0 miss=36
LogOGRelayProbe: Warning: [Warning][RelayProbe.Delta] window=[35833,35953] src=Prediction n=120 p10=-1 p50=1 p90=2 min=-2 max=3 satLow=0 satHigh=0
LogOGRelayProbe: Warning: [Warning][RelayProbe.Delta] window=[35833,35953] src=Resim n=405 p10=-6 p50=-3 p90=0 min=-7 max=3 satLow=0 satHigh=0
LogOGRelayProbe: Warning: [Warning][RelayProbe.Stale] window=[35833,35953] maxConsecutiveFallbackRun=7 id=28415
LogOGResimProbe: Warning: [Warning][ResimProbe.Gate] checks=120 declined=60 requested=60 requestedPerMille=500 deepSkips=0 survivingAnchors=0
LogOGResimProbe: Warning: [Warning][ResimProbe.Chaos] requests=60 grants=60 refused=0 refusedPerMille=0 repeat=0 clamped=0 depthMin=5 depthMax=8
LogOGResimProbe: Warning: [Warning][ResimProbe.Apply] prepares=60 finishes=60 abandoned=0 stuck=0 replayTicks=428 replayOverruns=0 freshProtects=42 staleProtects=0
LogOGResimProbe: Warning: [Warning][ResimProbe.Frame] role=Client simTicks=120 frames=199 meanTicksPerFrameX100=60 p50=1 p99=1 max=1 meanFrameUs=9999
LogOGResimProbe: Warning: [Warning][ResimProbe.Frame] role=Client cadence dFrame1=41 dFrame0=0 dFrameGt1=79 discont=0 numSteps total=120 max=1 gt1=0
LogOGResimProbe: Warning: [Warning][ResimProbe.Landing] class=LocallyPredicted behind=60 atFrontier=0 discarded=0 atFrontierPerMille=0 windowSamples=120
LogOGResimProbe: Warning: [Warning][ResimProbe.Landing] class=RemoteProxy behind=60 atFrontier=0 discarded=0 atFrontierPerMille=0 windowSamples=120
LogOGDivergenceProbe: Warning: [Warning][DivergenceProbe.Window] class=LocallyPredicted corrections=60 disagreed=60 ratePerMille=1000 windowSamples=120
LogOGDivergenceProbe: Warning: [Warning][DivergenceProbe.Window] class=RemoteProxy corrections=60 disagreed=60 ratePerMille=1000 windowSamples=120
LogOGRelayProbe: Warning: [Warning][RelayProbe.Read] window=[35953,36073] src=Prediction hit=52 miss=68 verifyFail=0 rung0=0 total=120
LogOGRelayProbe: Warning: [Warning][RelayProbe.Read] window=[35953,36073] src=Resim hit=432 miss=46 verifyFail=0 rung0=0 total=478
LogOGRelayProbe: Warning: [Warning][RelayProbe.Miss] window=[35953,36073] src=Prediction inSpan=0 aboveNewest=68 belowOldest=0 noProbeTick=0 miss=68
LogOGRelayProbe: Warning: [Warning][RelayProbe.Miss] window=[35953,36073] src=Resim inSpan=0 aboveNewest=46 belowOldest=0 noProbeTick=0 miss=46
LogOGRelayProbe: Warning: [Warning][RelayProbe.Delta] window=[35953,36073] src=Prediction n=120 p10=-1 p50=1 p90=2 min=-3 max=3 satLow=0 satHigh=0
LogOGRelayProbe: Warning: [Warning][RelayProbe.Delta] window=[35953,36073] src=Resim n=478 p10=-6 p50=-3 p90=0 min=-9 max=3 satLow=0 satHigh=0
LogOGRelayProbe: Warning: [Warning][RelayProbe.Stale] window=[35953,36073] maxConsecutiveFallbackRun=7 id=28415
LogOGResimProbe: Warning: [Warning][ResimProbe.Gate] checks=120 declined=52 requested=68 requestedPerMille=567 deepSkips=0 survivingAnchors=0
LogOGResimProbe: Warning: [Warning][ResimProbe.Chaos] requests=69 grants=67 refused=2 refusedPerMille=29 repeat=2 clamped=0 depthMin=5 depthMax=8
LogOGResimProbe: Warning: [Warning][ResimProbe.Apply] prepares=67 finishes=67 abandoned=0 stuck=0 replayTicks=495 replayOverruns=0 freshProtects=37 staleProtects=0
LogOGResimProbe: Warning: [Warning][ResimProbe.Frame] role=Client simTicks=120 frames=200 meanTicksPerFrameX100=60 p50=1 p99=1 max=1 meanFrameUs=10000
LogOGResimProbe: Warning: [Warning][ResimProbe.Frame] role=Client cadence dFrame1=40 dFrame0=0 dFrameGt1=80 discont=0 numSteps total=120 max=1 gt1=0
LogOGResimProbe: Warning: [Warning][ResimProbe.Landing] class=LocallyPredicted behind=60 atFrontier=0 discarded=0 atFrontierPerMille=0 windowSamples=120
LogOGResimProbe: Warning: [Warning][ResimProbe.Landing] class=RemoteProxy behind=60 atFrontier=0 discarded=0 atFrontierPerMille=0 windowSamples=120
LogOGDivergenceProbe: Warning: [Warning][DivergenceProbe.Window] class=LocallyPredicted corrections=60 disagreed=60 ratePerMille=1000 windowSamples=120
LogOGDivergenceProbe: Warning: [Warning][DivergenceProbe.Window] class=RemoteProxy corrections=60 disagreed=60 ratePerMille=1000 windowSamples=120
LogOGRelayProbe: Warning: [Warning][RelayProbe.Arrival] samples=120 gapCaptureTicks p50=2 p99=4 max=4 noAdvance=0 saturated=0 lostCaptureTicksX1000=0 lost=0 delivered=226 expected=226 discont=0 discontMax=0
LogOGRelayProbe: Warning: [Warning][RelayProbe.Read] window=[36073,36193] src=Prediction hit=61 miss=59 verifyFail=0 rung0=0 total=120
LogOGRelayProbe: Warning: [Warning][RelayProbe.Read] window=[36073,36193] src=Resim hit=422 miss=36 verifyFail=0 rung0=0 total=458
LogOGRelayProbe: Warning: [Warning][RelayProbe.Miss] window=[36073,36193] src=Prediction inSpan=0 aboveNewest=59 belowOldest=0 noProbeTick=0 miss=59
LogOGRelayProbe: Warning: [Warning][RelayProbe.Miss] window=[36073,36193] src=Resim inSpan=4 aboveNewest=32 belowOldest=0 noProbeTick=0 miss=36
LogOGRelayProbe: Warning: [Warning][RelayProbe.Delta] window=[36073,36193] src=Prediction n=120 p10=-1 p50=0 p90=2 min=-3 max=4 satLow=0 satHigh=0
LogOGRelayProbe: Warning: [Warning][RelayProbe.Delta] window=[36073,36193] src=Resim n=458 p10=-6 p50=-3 p90=0 min=-8 max=2 satLow=0 satHigh=0
LogOGRelayProbe: Warning: [Warning][RelayProbe.Stale] window=[36073,36193] maxConsecutiveFallbackRun=9 id=28415
LogOGResimProbe: Warning: [Warning][ResimProbe.Gate] checks=120 declined=52 requested=68 requestedPerMille=567 deepSkips=0 survivingAnchors=0
LogOGResimProbe: Warning: [Warning][ResimProbe.Chaos] requests=67 grants=67 refused=0 refusedPerMille=0 repeat=0 clamped=0 depthMin=4 depthMax=8
LogOGResimProbe: Warning: [Warning][ResimProbe.Apply] prepares=67 finishes=67 abandoned=0 stuck=0 replayTicks=475 replayOverruns=0 freshProtects=35 staleProtects=0
LogOGResimProbe: Warning: [Warning][ResimProbe.Frame] role=Client simTicks=120 frames=200 meanTicksPerFrameX100=60 p50=1 p99=1 max=1 meanFrameUs=9999
LogOGResimProbe: Warning: [Warning][ResimProbe.Frame] role=Client cadence dFrame1=40 dFrame0=0 dFrameGt1=80 discont=0 numSteps total=120 max=1 gt1=0
LogOGResimProbe: Warning: [Warning][ResimProbe.Landing] class=LocallyPredicted behind=60 atFrontier=0 discarded=0 atFrontierPerMille=0 windowSamples=120
LogOGResimProbe: Warning: [Warning][ResimProbe.Landing] class=RemoteProxy behind=60 atFrontier=0 discarded=0 atFrontierPerMille=0 windowSamples=120
LogOGDivergenceProbe: Warning: [Warning][DivergenceProbe.Window] class=LocallyPredicted corrections=60 disagreed=60 ratePerMille=1000 windowSamples=120
LogOGDivergenceProbe: Warning: [Warning][DivergenceProbe.Window] class=RemoteProxy corrections=60 disagreed=60 ratePerMille=1000 windowSamples=120
LogOGRelayProbe: Warning: [Warning][RelayProbe.Read] window=[36193,36313] src=Prediction hit=45 miss=75 verifyFail=0 rung0=0 total=120
LogOGRelayProbe: Warning: [Warning][RelayProbe.Read] window=[36193,36313] src=Resim hit=411 miss=58 verifyFail=0 rung0=0 total=469
LogOGRelayProbe: Warning: [Warning][RelayProbe.Miss] window=[36193,36313] src=Prediction inSpan=0 aboveNewest=75 belowOldest=0 noProbeTick=0 miss=75
LogOGRelayProbe: Warning: [Warning][RelayProbe.Miss] window=[36193,36313] src=Resim inSpan=2 aboveNewest=56 belowOldest=0 noProbeTick=0 miss=58
LogOGRelayProbe: Warning: [Warning][RelayProbe.Delta] window=[36193,36313] src=Prediction n=120 p10=-1 p50=1 p90=3 min=-3 max=4 satLow=0 satHigh=0
LogOGRelayProbe: Warning: [Warning][RelayProbe.Delta] window=[36193,36313] src=Resim n=469 p10=-6 p50=-3 p90=1 min=-8 max=3 satLow=0 satHigh=0
LogOGRelayProbe: Warning: [Warning][RelayProbe.Stale] window=[36193,36313] maxConsecutiveFallbackRun=9 id=28415
LogOGResimProbe: Warning: [Warning][ResimProbe.Gate] checks=120 declined=52 requested=68 requestedPerMille=567 deepSkips=0 survivingAnchors=0
LogOGResimProbe: Warning: [Warning][ResimProbe.Chaos] requests=68 grants=64 refused=4 refusedPerMille=59 repeat=4 clamped=0 depthMin=5 depthMax=9
LogOGResimProbe: Warning: [Warning][ResimProbe.Apply] prepares=64 finishes=64 abandoned=0 stuck=0 replayTicks=480 replayOverruns=0 freshProtects=34 staleProtects=0
LogOGResimProbe: Warning: [Warning][ResimProbe.Frame] role=Client simTicks=120 frames=200 meanTicksPerFrameX100=60 p50=1 p99=1 max=1 meanFrameUs=10000
LogOGResimProbe: Warning: [Warning][ResimProbe.Frame] role=Client cadence dFrame1=40 dFrame0=0 dFrameGt1=80 discont=0 numSteps total=120 max=1 gt1=0
LogOGResimProbe: Warning: [Warning][ResimProbe.Landing] class=LocallyPredicted behind=59 atFrontier=0 discarded=0 atFrontierPerMille=0 windowSamples=120
LogOGResimProbe: Warning: [Warning][ResimProbe.Landing] class=RemoteProxy behind=61 atFrontier=0 discarded=0 atFrontierPerMille=0 windowSamples=120
LogOGDivergenceProbe: Warning: [Warning][DivergenceProbe.Window] class=LocallyPredicted corrections=59 disagreed=59 ratePerMille=1000 windowSamples=120
LogOGDivergenceProbe: Warning: [Warning][DivergenceProbe.Window] class=RemoteProxy corrections=61 disagreed=61 ratePerMille=1000 windowSamples=120
LogOGRelayProbe: Warning: [Warning][RelayProbe.Arrival] samples=120 gapCaptureTicks p50=2 p99=5 max=6 noAdvance=0 saturated=0 lostCaptureTicksX1000=39 lost=9 delivered=221 expected=230 discont=0 discontMax=0
LogOGRelayProbe: Warning: [Warning][RelayProbe.Read] window=[36313,36433] src=Prediction hit=29 miss=91 verifyFail=0 rung0=0 total=120
LogOGRelayProbe: Warning: [Warning][RelayProbe.Read] window=[36313,36433] src=Resim hit=394 miss=96 verifyFail=0 rung0=0 total=490
LogOGRelayProbe: Warning: [Warning][RelayProbe.Miss] window=[36313,36433] src=Prediction inSpan=0 aboveNewest=91 belowOldest=0 noProbeTick=0 miss=91
LogOGRelayProbe: Warning: [Warning][RelayProbe.Miss] window=[36313,36433] src=Resim inSpan=17 aboveNewest=79 belowOldest=0 noProbeTick=0 miss=96
LogOGRelayProbe: Warning: [Warning][RelayProbe.Delta] window=[36313,36433] src=Prediction n=120 p10=0 p50=1 p90=3 min=-1 max=5 satLow=0 satHigh=0
LogOGRelayProbe: Warning: [Warning][RelayProbe.Delta] window=[36313,36433] src=Resim n=490 p10=-5 p50=-2 p90=1 min=-8 max=4 satLow=0 satHigh=0
LogOGRelayProbe: Warning: [Warning][RelayProbe.Stale] window=[36313,36433] maxConsecutiveFallbackRun=14 id=28415
LogOGResimProbe: Warning: [Warning][ResimProbe.Gate] checks=120 declined=54 requested=66 requestedPerMille=550 deepSkips=0 survivingAnchors=0
LogOGResimProbe: Warning: [Warning][ResimProbe.Chaos] requests=67 grants=67 refused=0 refusedPerMille=0 repeat=0 clamped=0 depthMin=5 depthMax=8
LogOGResimProbe: Warning: [Warning][ResimProbe.Apply] prepares=67 finishes=67 abandoned=0 stuck=0 replayTicks=512 replayOverruns=0 freshProtects=39 staleProtects=0
LogOGResimProbe: Warning: [Warning][ResimProbe.Frame] role=Client simTicks=120 frames=200 meanTicksPerFrameX100=60 p50=1 p99=1 max=1 meanFrameUs=10000
LogOGResimProbe: Warning: [Warning][ResimProbe.Frame] role=Client cadence dFrame1=40 dFrame0=0 dFrameGt1=80 discont=0 numSteps total=120 max=1 gt1=0
LogOGResimProbe: Warning: [Warning][ResimProbe.Landing] class=LocallyPredicted behind=61 atFrontier=0 discarded=0 atFrontierPerMille=0 windowSamples=120
LogOGResimProbe: Warning: [Warning][ResimProbe.Landing] class=RemoteProxy behind=59 atFrontier=0 discarded=0 atFrontierPerMille=0 windowSamples=120
LogOGDivergenceProbe: Warning: [Warning][DivergenceProbe.Window] class=LocallyPredicted corrections=61 disagreed=61 ratePerMille=1000 windowSamples=120
LogOGDivergenceProbe: Warning: [Warning][DivergenceProbe.Window] class=RemoteProxy corrections=59 disagreed=59 ratePerMille=1000 windowSamples=120
LogOGRelayProbe: Warning: [Warning][RelayProbe.Read] window=[36433,36553] src=Prediction hit=38 miss=82 verifyFail=0 rung0=0 total=120
LogOGRelayProbe: Warning: [Warning][RelayProbe.Read] window=[36433,36553] src=Resim hit=457 miss=72 verifyFail=0 rung0=0 total=529
LogOGRelayProbe: Warning: [Warning][RelayProbe.Miss] window=[36433,36553] src=Prediction inSpan=0 aboveNewest=82 belowOldest=0 noProbeTick=0 miss=82
LogOGRelayProbe: Warning: [Warning][RelayProbe.Miss] window=[36433,36553] src=Resim inSpan=7 aboveNewest=65 belowOldest=0 noProbeTick=0 miss=72
LogOGRelayProbe: Warning: [Warning][RelayProbe.Delta] window=[36433,36553] src=Prediction n=120 p10=-1 p50=1 p90=3 min=-3 max=4 satLow=0 satHigh=0
LogOGRelayProbe: Warning: [Warning][RelayProbe.Delta] window=[36433,36553] src=Resim n=529 p10=-6 p50=-3 p90=1 min=-9 max=4 satLow=0 satHigh=0
LogOGRelayProbe: Warning: [Warning][RelayProbe.Stale] window=[36433,36553] maxConsecutiveFallbackRun=15 id=28415
LogOGResimProbe: Warning: [Warning][ResimProbe.Gate] checks=120 declined=51 requested=69 requestedPerMille=575 deepSkips=0 survivingAnchors=0
LogOGResimProbe: Warning: [Warning][ResimProbe.Chaos] requests=69 grants=69 refused=0 refusedPerMille=0 repeat=0 clamped=0 depthMin=5 depthMax=8
LogOGResimProbe: Warning: [Warning][ResimProbe.Apply] prepares=69 finishes=69 abandoned=0 stuck=0 replayTicks=546 replayOverruns=0 freshProtects=37 staleProtects=0
LogOGResimProbe: Warning: [Warning][ResimProbe.Frame] role=Client simTicks=120 frames=199 meanTicksPerFrameX100=60 p50=1 p99=1 max=1 meanFrameUs=10000
LogOGResimProbe: Warning: [Warning][ResimProbe.Frame] role=Client cadence dFrame1=41 dFrame0=0 dFrameGt1=79 discont=0 numSteps total=120 max=1 gt1=0
LogOGRelayProbe: Warning: [Warning][RelayProbe.Arrival] samples=120 gapCaptureTicks p50=2 p99=4 max=5 noAdvance=0 saturated=0 lostCaptureTicksX1000=8 lost=2 delivered=228 expected=230 discont=0 discontMax=0
LogOGResimProbe: Warning: [Warning][ResimProbe.Landing] class=LocallyPredicted behind=60 atFrontier=0 discarded=0 atFrontierPerMille=0 windowSamples=120
LogOGResimProbe: Warning: [Warning][ResimProbe.Landing] class=RemoteProxy behind=60 atFrontier=0 discarded=0 atFrontierPerMille=0 windowSamples=120
LogOGDivergenceProbe: Warning: [Warning][DivergenceProbe.Window] class=LocallyPredicted corrections=60 disagreed=60 ratePerMille=1000 windowSamples=120
LogOGDivergenceProbe: Warning: [Warning][DivergenceProbe.Window] class=RemoteProxy corrections=60 disagreed=60 ratePerMille=1000 windowSamples=120
LogOGRelayProbe: Warning: [Warning][RelayProbe.Read] window=[36553,36673] src=Prediction hit=31 miss=89 verifyFail=0 rung0=0 total=120
LogOGRelayProbe: Warning: [Warning][RelayProbe.Read] window=[36553,36673] src=Resim hit=461 miss=73 verifyFail=0 rung0=0 total=534
LogOGRelayProbe: Warning: [Warning][RelayProbe.Miss] window=[36553,36673] src=Prediction inSpan=0 aboveNewest=89 belowOldest=0 noProbeTick=0 miss=89
LogOGRelayProbe: Warning: [Warning][RelayProbe.Miss] window=[36553,36673] src=Resim inSpan=0 aboveNewest=73 belowOldest=0 noProbeTick=0 miss=73
LogOGRelayProbe: Warning: [Warning][RelayProbe.Delta] window=[36553,36673] src=Prediction n=120 p10=0 p50=1 p90=3 min=-2 max=5 satLow=0 satHigh=0
LogOGRelayProbe: Warning: [Warning][RelayProbe.Delta] window=[36553,36673] src=Resim n=534 p10=-6 p50=-3 p90=1 min=-8 max=5 satLow=0 satHigh=0
LogOGRelayProbe: Warning: [Warning][RelayProbe.Stale] window=[36553,36673] maxConsecutiveFallbackRun=13 id=28415
LogOGResimProbe: Warning: [Warning][ResimProbe.Gate] checks=120 declined=53 requested=67 requestedPerMille=558 deepSkips=0 survivingAnchors=0
LogOGResimProbe: Warning: [Warning][ResimProbe.Chaos] requests=66 grants=66 refused=0 refusedPerMille=0 repeat=0 clamped=0 depthMin=6 depthMax=9
LogOGResimProbe: Warning: [Warning][ResimProbe.Apply] prepares=66 finishes=66 abandoned=0 stuck=0 replayTicks=555 replayOverruns=0 freshProtects=42 staleProtects=0
LogOGResimProbe: Warning: [Warning][ResimProbe.Frame] role=Client simTicks=120 frames=200 meanTicksPerFrameX100=60 p50=1 p99=1 max=1 meanFrameUs=10000
LogOGResimProbe: Warning: [Warning][ResimProbe.Frame] role=Client cadence dFrame1=40 dFrame0=0 dFrameGt1=80 discont=0 numSteps total=120 max=1 gt1=0
