LogInit: Display: No sandbox specified, assuming ../../Saved/Cooked/WindowsServer/
LogCsvProfiler: Display: Metadata set : systemresolution.resx="1280"
LogCsvProfiler: Display: Metadata set : systemresolution.resy="720"
LogAudio: Display: Audio Device Manager not initializing due to all audio being disabled. If this is not intentional, please check command line arguments for "-nosound".
RenderDocPlugin: Display: RenderDoc plugin will not be loaded. Use '-AttachRenderDoc' on the cmd line or enable 'renderdoc.AutoAttach' in the plugin settings.
LogHAL: Display: Platform has ~ 32 GB [33510694912 / 34359738368 / 32], which maps to Largest [LargestMinGB=32, LargerMinGB=12, DefaultMinGB=8, SmallerMinGB=6, SmallestMinGB=0)
LogCsvProfiler: Display: Metadata set : extradevelopmentmemorymb="0"
LogObj: Display: Attempting to load config data for Default__SlateThemeManager before the Class has been constructed/registered/linked (likely during module loading or early startup). This will result in the load silently failing and should be fixed.
LogCsvProfiler: Display: Metadata set : verbatimrhiname="Null"
LogCsvProfiler: Display: Metadata set : rhiname="Null"
LogCsvProfiler: Display: Metadata set : rhifeaturelevel="SM6"
LogCsvProfiler: Display: Metadata set : shaderplatform="PCD3D_SM6"
LogStreaming: Display: FlushAsyncLoading(1): 1 QueuedPackages, 0 AsyncPackages
LogConfig: Display: Read in platform Android ini files took 0.03 seconds
LogConfig: Display: Read in platform IOS ini files took 0.03 seconds
LogConfig: Display: Read in platform Linux ini files took 0.04 seconds
LogConfig: Display: Read in platform LinuxArm64 ini files took 0.04 seconds
LogConfig: Display: Read in platform Mac ini files took 0.02 seconds
LogConfig: Display: Read in platform TVOS ini files took 0.03 seconds
LogConfig: Display: Read in platform VisionOS ini files took 0.03 seconds
LogDeviceProfileManager: Display: Deviceprofile LinuxArm64Editor not found.
LogDeviceProfileManager: Display: Deviceprofile LinuxArm64 not found.
LogCsvProfiler: Display: Metadata set : deviceprofile="WindowsServer"
LogAudioCaptureCore: Display: No Audio Capture implementations found. Audio input will be silent.
LogMetaSound: Display: MetaSound Page Target Initialized to 'Default'
LogAudioCaptureCore: Display: No Audio Capture implementations found. Audio input will be silent.
LogAudio: Display: Registering Engine Module Parameter Interfaces...
LogCsvProfiler: Display: Metadata set : largeworldcoordinates="1"
LogInit: Display: Game Engine Initialized.
LogInit: Display: Starting Game.
LogWorldPartition: Display: WorldPartition initialize started...
LogWorldPartition: Display: WorldPartition initialize took 218 us
LogCsvProfiler: Display: Metadata set : iris="1"
LogIris: Display: Iris ReplicationSystem[0]: ReplicationSystem_2147482492 (0x000001751E71FD00) is created
LogIris: Display: FInternalNetSerializerDelegates::BroadcastLoadedModulesUpdated() called while there are 0 active ReplicationSystems. This is good. Total loaded modules: 32.
LogOGNet: Warning: [StateRotation] session K = 1 (compiled default)
LogOGNet: Warning: [ResimGate] session policy = OnDisagreement (ini override), depthPolicy = skip beyond 12 ticks, rateLimit = none (structural: one resim in flight, one pending)
LogInit: Display: Engine is initialized. Leaving FEngineLoop::Init()
LogTrace: Display: Control listening on port 1985
LogIris: Warning: FInternalNetSerializerDelegates::BroadcastLoadedModulesUpdated() called while there are 1 active ReplicationSystems. If polymorphic types are registered we may have corrupt data. A restart of the ReplicationSystem or NetDriver is recommended. Total loaded modules: 35.
LogOGRelayProbe: Warning: [Warning][RelayProbe.Frame] role=Server simTicks=122 frames=120 meanTicksPerFrameX100=101 p50=1 p99=2 max=2 meanFrameUs=16850
LogOGRelayProbe: Warning: [Warning][RelayProbe.Frame] role=Server cadence dFrame1=120 dFrame0=0 dFrameGt1=0 discont=0 numSteps total=123 max=2 gt1=2
LogOGRelayProbe: Warning: [Warning][RelayProbe.Frame] role=Server simTicks=121 frames=120 meanTicksPerFrameX100=100 p50=1 p99=1 max=2 meanFrameUs=16833
LogOGRelayProbe: Warning: [Warning][RelayProbe.Frame] role=Server cadence dFrame1=120 dFrame0=0 dFrameGt1=0 discont=0 numSteps total=121 max=2 gt1=1
LogOGRelayProbe: Warning: [Warning][RelayProbe.Frame] role=Server simTicks=121 frames=120 meanTicksPerFrameX100=100 p50=1 p99=1 max=2 meanFrameUs=16743
LogOGRelayProbe: Warning: [Warning][RelayProbe.Frame] role=Server cadence dFrame1=120 dFrame0=0 dFrameGt1=0 discont=0 numSteps total=121 max=2 gt1=1
LogOGRelayProbe: Warning: [Warning][RelayProbe.Frame] role=Server simTicks=121 frames=120 meanTicksPerFrameX100=100 p50=1 p99=1 max=2 meanFrameUs=16847
LogOGRelayProbe: Warning: [Warning][RelayProbe.Frame] role=Server cadence dFrame1=120 dFrame0=0 dFrameGt1=0 discont=0 numSteps total=121 max=2 gt1=1
LogOGRelayProbe: Warning: [Warning][RelayProbe.Frame] role=Server simTicks=121 frames=120 meanTicksPerFrameX100=100 p50=1 p99=1 max=2 meanFrameUs=16840
LogOGRelayProbe: Warning: [Warning][RelayProbe.Frame] role=Server cadence dFrame1=120 dFrame0=0 dFrameGt1=0 discont=0 numSteps total=121 max=2 gt1=1
LogOGNet: Warning: [PacketBudget] usableSingleBunchBytes = 952, handlerBits = 7 (maxPacket=1024, usableBits=7620)
LogIris: Warning: Generating descriptor for struct UpdateLevelVisibilityLevelInfo that has custom serialization.
LogIrisFiltering: Display: FReplicationFiltering::NotifyAddedDependentObject: Object doesn't have a dynamic filter set so having a dependency on it won't change when it's replicated. RootObject OGBrawlerUECharacter_2147482398 (InternalIndex: 8) (NetRefHandle (Id=10):(RepSystemId=0))
LogViewport: Display: Player bShowMouseCursor Changed, False -> True
LogIrisFiltering: Display: FReplicationFiltering::NotifyAddedDependentObject: Object doesn't have a dynamic filter set so having a dependency on it won't change when it's replicated. RootObject SimulationInputRelay_2147482389 (InternalIndex: 10) (NetRefHandle (Id=14):(RepSystemId=0))
LogOGIrisNet: Display: [IrisSerializerProof] struct=SimulationStateSyncBuffer dir=Save state=live NetSerialize IS BEING CALLED ON A REAL PAYLOAD. payloadBytes=311 arrayElements=384 | wire bits: memberWise(pre-T29)=3089 lastResort(post-T29)=2508 delta=-581 bits (-72.6 B)
LogOGIrisNet: Display: [IrisSerializerProof] struct=RelayedInputRing dir=Save state=live NetSerialize IS BEING CALLED ON A REAL PAYLOAD. payloadBytes=85 arrayElements=83 | wire bits: memberWise(pre-T29)=681 lastResort(post-T29)=700 delta=+19 bits (+2.4 B)
LogOGNet: Warning: [Warning][InputGap] id=28281 lastDelivered=683 now=685 dropped=1
LogOGNet: Warning: [Warning][InputStats] dropped 1 / 37 remote inputs = 2%
LogOGNet: Warning: [Warning][RelaySkip] 2 out-of-order-older capture ticks applied but not relayed this window; lifetime 2
LogOGRelayProbe: Warning: [Warning][RelayProbe.Frame] role=Server simTicks=122 frames=121 meanTicksPerFrameX100=100 p50=1 p99=2 max=2 meanFrameUs=16718
LogOGRelayProbe: Warning: [Warning][RelayProbe.Frame] role=Server cadence dFrame1=119 dFrame0=0 dFrameGt1=1 discont=0 numSteps total=122 max=2 gt1=2
LogOGRelayProbe: Warning: [Warning][RelayProbe.Budget] conn=28258 frames=120 elapsedMs=2019 netSpeedBps=250000 allowanceBytesPerTick=4166 outBytes=42150 bytesPerTick=351 occupancyPctX10=84
LogOGRelayProbe: Warning: [Warning][RelayProbe.Budget] conn=28258 queuedBits min=-266666 max=0 mean=-83368 notReadyFrames=3 outPackets=104 bytesPerPacket=405 lost=2
LogOGNet: Warning: [Warning][InputGap] id=28281 lastDelivered=767 now=769 dropped=1
LogOGInputRelay: Warning: [RelayFlush] window owner=OGBrawlerUECharacter_2147482398 flushedRounds=60 entries=114 entriesPerRoundX100=190 suppressed=60 stageOverflowDrops=0
LogOGNet: Warning: [Warning][InputStats] dropped 1 / 120 remote inputs = 0%
LogViewport: Display: Player bShowMouseCursor Changed, False -> True
LogOGRelayProbe: Warning: [Warning][RelayProbe.Frame] role=Server simTicks=120 frames=120 meanTicksPerFrameX100=100 p50=1 p99=1 max=1 meanFrameUs=16708
LogOGRelayProbe: Warning: [Warning][RelayProbe.Frame] role=Server cadence dFrame1=120 dFrame0=0 dFrameGt1=0 discont=0 numSteps total=120 max=1 gt1=0
LogOGNet: Warning: [Warning][InputGap] id=28281 lastDelivered=863 now=865 dropped=1
LogOGNet: Warning: [Warning][InputGap] id=28322 lastDelivered=863 now=865 dropped=1
LogOGNet: Warning: [Warning][InputGap] id=28281 lastDelivered=865 now=867 dropped=1
LogOGNet: Warning: [Warning][InputGap] id=28322 lastDelivered=865 now=867 dropped=1
LogOGRelayProbe: Warning: [Warning][RelayProbe.Budget] conn=28258 frames=120 elapsedMs=1998 netSpeedBps=250000 allowanceBytesPerTick=4166 outBytes=53763 bytesPerTick=448 occupancyPctX10=107
LogOGRelayProbe: Warning: [Warning][RelayProbe.Budget] conn=28258 queuedBits min=-66666 max=-63350 mean=-65942 notReadyFrames=0 outPackets=120 bytesPerPacket=448 lost=0
LogOGRelayProbe: Warning: [Warning][RelayProbe.Write] id=28281 runs=120 writes=222 observableWrites=222 captureSpan=226 receivedX1000=982 observableX1000=1000 deliverableX1000=982 replaceLatestObservableX1000=540
LogOGRelayProbe: Warning: [Warning][RelayProbe.Write] id=28281 writesPerFrame p50=2 p99=4 max=5 emptyFrames=101 nonConsecutive=4 missedCaptureTicks=4 captures=[674,899] discont=0
LogOGInputRelay: Warning: [RelayFlush] window owner=OGBrawlerUECharacter_2147482398 flushedRounds=127 entries=233 entriesPerRoundX100=183 suppressed=113 stageOverflowDrops=0
LogOGNet: Warning: [Warning][InputGap] id=28322 lastDelivered=933 now=939 dropped=5
LogOGRelayProbe: Warning: [Warning][RelayProbe.Budget] conn=28300 frames=120 elapsedMs=2013 netSpeedBps=250000 allowanceBytesPerTick=4166 outBytes=51550 bytesPerTick=429 occupancyPctX10=102
LogOGRelayProbe: Warning: [Warning][RelayProbe.Budget] conn=28300 queuedBits min=-266666 max=0 mean=-80058 notReadyFrames=3 outPackets=109 bytesPerPacket=472 lost=0
LogOGNet: Warning: [Warning][InputStats] dropped 9 / 217 remote inputs = 4%
LogOGNet: Warning: [Warning][RelaySkip] 4 out-of-order-older capture ticks applied but not relayed this window; lifetime 6
LogOGNet: Warning: [Warning][InputGap] id=28322 lastDelivered=955 now=957 dropped=1
LogOGInputRelay: Warning: [RelayFlush] window owner=OGBrawlerUECharacter_2147482375 flushedRounds=55 entries=107 entriesPerRoundX100=194 suppressed=65 stageOverflowDrops=0
LogOGRelayProbe: Warning: [Warning][RelayProbe.Frame] role=Server simTicks=121 frames=121 meanTicksPerFrameX100=100 p50=1 p99=1 max=2 meanFrameUs=16662
LogOGRelayProbe: Warning: [Warning][RelayProbe.Frame] role=Server cadence dFrame1=119 dFrame0=0 dFrameGt1=1 discont=0 numSteps total=121 max=2 gt1=1
LogOGNet: Warning: [Warning][InputGap] id=28322 lastDelivered=980 now=983 dropped=2
LogOGNet: Warning: [Warning][InputGap] id=28281 lastDelivered=993 now=998 dropped=4
LogOGRelayProbe: Warning: [Warning][RelayProbe.Budget] conn=28258 frames=120 elapsedMs=2048 netSpeedBps=250000 allowanceBytesPerTick=4166 outBytes=62945 bytesPerTick=524 occupancyPctX10=125
LogOGRelayProbe: Warning: [Warning][RelayProbe.Budget] conn=28258 queuedBits min=-66666 max=-63722 mean=-65945 notReadyFrames=0 outPackets=123 bytesPerPacket=511 lost=2
LogOGInputRelay: Warning: [RelayFlush] window owner=OGBrawlerUECharacter_2147482398 flushedRounds=194 entries=348 entriesPerRoundX100=179 suppressed=166 stageOverflowDrops=0
LogOGNet: Warning: [Warning][InputStats] dropped 7 / 238 remote inputs = 2%
LogOGRelayProbe: Warning: [Warning][RelayProbe.Budget] conn=28300 frames=120 elapsedMs=2080 netSpeedBps=250000 allowanceBytesPerTick=4166 outBytes=64161 bytesPerTick=534 occupancyPctX10=128
LogOGRelayProbe: Warning: [Warning][RelayProbe.Budget] conn=28300 queuedBits min=-66666 max=-63508 mean=-65931 notReadyFrames=0 outPackets=125 bytesPerPacket=513 lost=1
LogOGInputRelay: Warning: [RelayFlush] window owner=OGBrawlerUECharacter_2147482375 flushedRounds=115 entries=226 entriesPerRoundX100=196 suppressed=125 stageOverflowDrops=0
LogOGRelayProbe: Warning: [Warning][RelayProbe.Frame] role=Server simTicks=124 frames=125 meanTicksPerFrameX100=99 p50=1 p99=2 max=2 meanFrameUs=16611
LogOGRelayProbe: Warning: [Warning][RelayProbe.Frame] role=Server cadence dFrame1=115 dFrame0=0 dFrameGt1=5 discont=0 numSteps total=124 max=2 gt1=4
LogOGRelayProbe: Warning: [Warning][RelayProbe.Write] id=28322 runs=120 writes=233 observableWrites=233 captureSpan=243 receivedX1000=958 observableX1000=1000 deliverableX1000=958 replaceLatestObservableX1000=515
LogOGRelayProbe: Warning: [Warning][RelayProbe.Write] id=28322 writesPerFrame p50=2 p99=4 max=4 emptyFrames=119 nonConsecutive=5 missedCaptureTicks=10 captures=[854,1096] discont=0
LogOGRelayProbe: Warning: [Warning][RelayProbe.Write] id=28281 runs=120 writes=211 observableWrites=211 captureSpan=215 receivedX1000=981 observableX1000=1000 deliverableX1000=981 replaceLatestObservableX1000=568
LogOGRelayProbe: Warning: [Warning][RelayProbe.Write] id=28281 writesPerFrame p50=2 p99=3 max=4 emptyFrames=95 nonConsecutive=1 missedCaptureTicks=4 captures=[900,1114] discont=0
LogOGRelayProbe: Warning: [Warning][RelayProbe.Budget] conn=28258 frames=120 elapsedMs=2044 netSpeedBps=250000 allowanceBytesPerTick=4166 outBytes=63258 bytesPerTick=527 occupancyPctX10=126
LogOGRelayProbe: Warning: [Warning][RelayProbe.Budget] conn=28258 queuedBits min=-66666 max=-62920 mean=-65888 notReadyFrames=0 outPackets=123 bytesPerPacket=514 lost=2
LogOGInputRelay: Warning: [RelayFlush] window owner=OGBrawlerUECharacter_2147482398 flushedRounds=261 entries=468 entriesPerRoundX100=179 suppressed=219 stageOverflowDrops=0
LogOGNet: Warning: [Warning][InputGap] id=28322 lastDelivered=1141 now=1143 dropped=1
LogOGNet: Warning: [Warning][InputStats] dropped 1 / 238 remote inputs = 0%
LogOGRelayProbe: Warning: [Warning][RelayProbe.Budget] conn=28300 frames=120 elapsedMs=1990 netSpeedBps=250000 allowanceBytesPerTick=4166 outBytes=62049 bytesPerTick=517 occupancyPctX10=124
LogOGRelayProbe: Warning: [Warning][RelayProbe.Budget] conn=28300 queuedBits min=-66666 max=-62920 mean=-65782 notReadyFrames=0 outPackets=120 bytesPerPacket=517 lost=0
LogOGInputRelay: Warning: [RelayFlush] window owner=OGBrawlerUECharacter_2147482375 flushedRounds=180 entries=344 entriesPerRoundX100=191 suppressed=180 stageOverflowDrops=0
LogOGRelayProbe: Warning: [Warning][RelayProbe.Frame] role=Server simTicks=120 frames=120 meanTicksPerFrameX100=100 p50=1 p99=1 max=1 meanFrameUs=16591
LogOGRelayProbe: Warning: [Warning][RelayProbe.Frame] role=Server cadence dFrame1=120 dFrame0=0 dFrameGt1=0 discont=0 numSteps total=120 max=1 gt1=0
LogOGRelayProbe: Warning: [Warning][RelayProbe.Budget] conn=28258 frames=120 elapsedMs=1997 netSpeedBps=250000 allowanceBytesPerTick=4166 outBytes=62085 bytesPerTick=517 occupancyPctX10=124
LogOGRelayProbe: Warning: [Warning][RelayProbe.Budget] conn=28258 queuedBits min=-66666 max=-63526 mean=-65937 notReadyFrames=0 outPackets=120 bytesPerPacket=517 lost=0
LogOGInputRelay: Warning: [RelayFlush] window owner=OGBrawlerUECharacter_2147482398 flushedRounds=324 entries=588 entriesPerRoundX100=181 suppressed=276 stageOverflowDrops=0
LogOGRelayProbe: Warning: [Warning][RelayProbe.Write] id=28322 runs=120 writes=211 observableWrites=211 captureSpan=212 receivedX1000=995 observableX1000=1000 deliverableX1000=995 replaceLatestObservableX1000=568
LogOGRelayProbe: Warning: [Warning][RelayProbe.Write] id=28322 writesPerFrame p50=2 p99=4 max=4 emptyFrames=92 nonConsecutive=1 missedCaptureTicks=1 captures=[1097,1308] discont=0
LogOGNet: Warning: [Warning][InputStats] dropped 0 / 238 remote inputs = 0%
LogOGRelayProbe: Warning: [Warning][RelayProbe.Budget] conn=28300 frames=120 elapsedMs=2005 netSpeedBps=250000 allowanceBytesPerTick=4166 outBytes=61974 bytesPerTick=516 occupancyPctX10=123
LogOGRelayProbe: Warning: [Warning][RelayProbe.Budget] conn=28300 queuedBits min=-66666 max=-63308 mean=-66078 notReadyFrames=0 outPackets=120 bytesPerPacket=516 lost=1
LogOGInputRelay: Warning: [RelayFlush] window owner=OGBrawlerUECharacter_2147482375 flushedRounds=250 entries=464 entriesPerRoundX100=185 suppressed=230 stageOverflowDrops=0
LogOGRelayProbe: Warning: [Warning][RelayProbe.Frame] role=Server simTicks=120 frames=120 meanTicksPerFrameX100=100 p50=1 p99=1 max=1 meanFrameUs=16725
LogOGRelayProbe: Warning: [Warning][RelayProbe.Frame] role=Server cadence dFrame1=120 dFrame0=0 dFrameGt1=0 discont=0 numSteps total=120 max=1 gt1=0
LogOGRelayProbe: Warning: [Warning][RelayProbe.Write] id=28281 runs=120 writes=220 observableWrites=220 captureSpan=220 receivedX1000=1000 observableX1000=1000 deliverableX1000=1000 replaceLatestObservableX1000=545
LogOGRelayProbe: Warning: [Warning][RelayProbe.Write] id=28281 writesPerFrame p50=2 p99=4 max=4 emptyFrames=101 nonConsecutive=0 missedCaptureTicks=0 captures=[1115,1334] discont=0
LogOGRelayProbe: Warning: [Warning][RelayProbe.Budget] conn=28258 frames=120 elapsedMs=1997 netSpeedBps=250000 allowanceBytesPerTick=4166 outBytes=61997 bytesPerTick=516 occupancyPctX10=123
LogOGRelayProbe: Warning: [Warning][RelayProbe.Budget] conn=28258 queuedBits min=-66666 max=-63140 mean=-65991 notReadyFrames=0 outPackets=120 bytesPerPacket=516 lost=0
LogOGInputRelay: Warning: [RelayFlush] window owner=OGBrawlerUECharacter_2147482398 flushedRounds=388 entries=707 entriesPerRoundX100=182 suppressed=332 stageOverflowDrops=0
LogOGNet: Warning: [Warning][InputStats] dropped 0 / 238 remote inputs = 0%
LogOGRelayProbe: Warning: [Warning][RelayProbe.Budget] conn=28300 frames=120 elapsedMs=1995 netSpeedBps=250000 allowanceBytesPerTick=4166 outBytes=62168 bytesPerTick=518 occupancyPctX10=124
LogOGRelayProbe: Warning: [Warning][RelayProbe.Budget] conn=28300 queuedBits min=-66666 max=-63140 mean=-65929 notReadyFrames=0 outPackets=120 bytesPerPacket=518 lost=5
LogOGInputRelay: Warning: [RelayFlush] window owner=OGBrawlerUECharacter_2147482375 flushedRounds=316 entries=584 entriesPerRoundX100=184 suppressed=284 stageOverflowDrops=0
LogOGRelayProbe: Warning: [Warning][RelayProbe.Frame] role=Server simTicks=120 frames=120 meanTicksPerFrameX100=100 p50=1 p99=1 max=1 meanFrameUs=16625
LogOGRelayProbe: Warning: [Warning][RelayProbe.Frame] role=Server cadence dFrame1=120 dFrame0=0 dFrameGt1=0 discont=0 numSteps total=120 max=1 gt1=0
LogOGRelayProbe: Warning: [Warning][RelayProbe.Budget] conn=28258 frames=120 elapsedMs=2004 netSpeedBps=250000 allowanceBytesPerTick=4166 outBytes=62205 bytesPerTick=518 occupancyPctX10=124
LogOGRelayProbe: Warning: [Warning][RelayProbe.Budget] conn=28258 queuedBits min=-66666 max=-63158 mean=-65976 notReadyFrames=0 outPackets=120 bytesPerPacket=518 lost=0
LogOGInputRelay: Warning: [RelayFlush] window owner=OGBrawlerUECharacter_2147482398 flushedRounds=454 entries=827 entriesPerRoundX100=182 suppressed=386 stageOverflowDrops=0
LogOGRelayProbe: Warning: [Warning][RelayProbe.Write] id=28322 runs=120 writes=223 observableWrites=223 captureSpan=223 receivedX1000=1000 observableX1000=1000 deliverableX1000=1000 replaceLatestObservableX1000=538
LogOGRelayProbe: Warning: [Warning][RelayProbe.Write] id=28322 writesPerFrame p50=2 p99=3 max=4 emptyFrames=102 nonConsecutive=0 missedCaptureTicks=0 captures=[1309,1531] discont=0
LogOGNet: Warning: [Warning][InputStats] dropped 0 / 238 remote inputs = 0%
LogOGRelayProbe: Warning: [Warning][RelayProbe.Write] id=28281 runs=120 writes=219 observableWrites=219 captureSpan=219 receivedX1000=1000 observableX1000=1000 deliverableX1000=1000 replaceLatestObservableX1000=547
LogOGRelayProbe: Warning: [Warning][RelayProbe.Write] id=28281 writesPerFrame p50=2 p99=4 max=5 emptyFrames=101 nonConsecutive=0 missedCaptureTicks=0 captures=[1335,1553] discont=0
LogOGRelayProbe: Warning: [Warning][RelayProbe.Budget] conn=28300 frames=120 elapsedMs=1998 netSpeedBps=250000 allowanceBytesPerTick=4166 outBytes=62082 bytesPerTick=517 occupancyPctX10=124
LogOGRelayProbe: Warning: [Warning][RelayProbe.Budget] conn=28300 queuedBits min=-66666 max=-63366 mean=-65902 notReadyFrames=0 outPackets=120 bytesPerPacket=517 lost=1
LogOGInputRelay: Warning: [RelayFlush] window owner=OGBrawlerUECharacter_2147482375 flushedRounds=379 entries=703 entriesPerRoundX100=185 suppressed=341 stageOverflowDrops=0
LogOGRelayProbe: Warning: [Warning][RelayProbe.Frame] role=Server simTicks=120 frames=120 meanTicksPerFrameX100=100 p50=1 p99=1 max=1 meanFrameUs=16614
LogOGRelayProbe: Warning: [Warning][RelayProbe.Frame] role=Server cadence dFrame1=120 dFrame0=0 dFrameGt1=0 discont=0 numSteps total=120 max=1 gt1=0
LogOGRelayProbe: Warning: [Warning][RelayProbe.Budget] conn=28258 frames=120 elapsedMs=2021 netSpeedBps=250000 allowanceBytesPerTick=4166 outBytes=62909 bytesPerTick=524 occupancyPctX10=125
LogOGRelayProbe: Warning: [Warning][RelayProbe.Budget] conn=28258 queuedBits min=-66666 max=-63746 mean=-65759 notReadyFrames=0 outPackets=122 bytesPerPacket=515 lost=0
LogOGInputRelay: Warning: [RelayFlush] window owner=OGBrawlerUECharacter_2147482398 flushedRounds=518 entries=949 entriesPerRoundX100=183 suppressed=442 stageOverflowDrops=0
LogOGNet: Warning: [Warning][InputStats] dropped 0 / 238 remote inputs = 0%
LogOGRelayProbe: Warning: [Warning][RelayProbe.Budget] conn=28300 frames=120 elapsedMs=2045 netSpeedBps=250000 allowanceBytesPerTick=4166 outBytes=63272 bytesPerTick=527 occupancyPctX10=126
LogOGRelayProbe: Warning: [Warning][RelayProbe.Budget] conn=28300 queuedBits min=-66666 max=-63746 mean=-65915 notReadyFrames=0 outPackets=123 bytesPerPacket=514 lost=1
LogOGInputRelay: Warning: [RelayFlush] window owner=OGBrawlerUECharacter_2147482375 flushedRounds=443 entries=824 entriesPerRoundX100=186 suppressed=397 stageOverflowDrops=0
LogOGRelayProbe: Warning: [Warning][RelayProbe.Frame] role=Server simTicks=123 frames=123 meanTicksPerFrameX100=100 p50=1 p99=2 max=2 meanFrameUs=16685
LogOGRelayProbe: Warning: [Warning][RelayProbe.Frame] role=Server cadence dFrame1=117 dFrame0=0 dFrameGt1=3 discont=0 numSteps total=123 max=2 gt1=3
LogOGRelayProbe: Warning: [Warning][RelayProbe.Budget] conn=28258 frames=120 elapsedMs=2037 netSpeedBps=250000 allowanceBytesPerTick=4166 outBytes=62927 bytesPerTick=524 occupancyPctX10=125
LogOGRelayProbe: Warning: [Warning][RelayProbe.Budget] conn=28258 queuedBits min=-66666 max=-63414 mean=-66017 notReadyFrames=0 outPackets=122 bytesPerPacket=515 lost=1
LogOGInputRelay: Warning: [RelayFlush] window owner=OGBrawlerUECharacter_2147482398 flushedRounds=582 entries=1067 entriesPerRoundX100=183 suppressed=498 stageOverflowDrops=0
LogOGRelayProbe: Warning: [Warning][RelayProbe.Write] id=28322 runs=120 writes=221 observableWrites=221 captureSpan=221 receivedX1000=1000 observableX1000=1000 deliverableX1000=1000 replaceLatestObservableX1000=542
LogOGRelayProbe: Warning: [Warning][RelayProbe.Write] id=28322 writesPerFrame p50=2 p99=4 max=4 emptyFrames=101 nonConsecutive=0 missedCaptureTicks=0 captures=[1532,1752] discont=0
LogOGRelayProbe: Warning: [Warning][RelayProbe.Write] id=28281 runs=120 writes=230 observableWrites=230 captureSpan=230 receivedX1000=1000 observableX1000=1000 deliverableX1000=1000 replaceLatestObservableX1000=521
LogOGRelayProbe: Warning: [Warning][RelayProbe.Write] id=28281 writesPerFrame p50=2 p99=4 max=5 emptyFrames=108 nonConsecutive=0 missedCaptureTicks=0 captures=[1554,1783] discont=0
LogOGNet: Warning: [Warning][InputStats] dropped 0 / 238 remote inputs = 0%
LogOGRelayProbe: Warning: [Warning][RelayProbe.Budget] conn=28300 frames=120 elapsedMs=2025 netSpeedBps=250000 allowanceBytesPerTick=4166 outBytes=62602 bytesPerTick=521 occupancyPctX10=125
LogOGRelayProbe: Warning: [Warning][RelayProbe.Budget] conn=28300 queuedBits min=-66666 max=-63414 mean=-66046 notReadyFrames=0 outPackets=121 bytesPerPacket=517 lost=2
LogOGInputRelay: Warning: [RelayFlush] window owner=OGBrawlerUECharacter_2147482375 flushedRounds=514 entries=944 entriesPerRoundX100=183 suppressed=446 stageOverflowDrops=0
LogOGRelayProbe: Warning: [Warning][RelayProbe.Frame] role=Server simTicks=121 frames=121 meanTicksPerFrameX100=100 p50=1 p99=1 max=2 meanFrameUs=16718
LogOGRelayProbe: Warning: [Warning][RelayProbe.Frame] role=Server cadence dFrame1=119 dFrame0=0 dFrameGt1=1 discont=0 numSteps total=121 max=2 gt1=1
LogOGRelayProbe: Warning: [Warning][RelayProbe.Budget] conn=28258 frames=120 elapsedMs=2007 netSpeedBps=250000 allowanceBytesPerTick=4166 outBytes=62278 bytesPerTick=518 occupancyPctX10=124
LogOGRelayProbe: Warning: [Warning][RelayProbe.Budget] conn=28258 queuedBits min=-66666 max=-64100 mean=-66046 notReadyFrames=0 outPackets=120 bytesPerPacket=518 lost=1
LogOGInputRelay: Warning: [RelayFlush] window owner=OGBrawlerUECharacter_2147482398 flushedRounds=645 entries=1188 entriesPerRoundX100=184 suppressed=555 stageOverflowDrops=0
LogOGNet: Warning: [Warning][InputStats] dropped 0 / 238 remote inputs = 0%
LogOGRelayProbe: Warning: [Warning][RelayProbe.Budget] conn=28300 frames=120 elapsedMs=2007 netSpeedBps=250000 allowanceBytesPerTick=4166 outBytes=62024 bytesPerTick=516 occupancyPctX10=123
LogOGRelayProbe: Warning: [Warning][RelayProbe.Budget] conn=28300 queuedBits min=-66666 max=-64100 mean=-66020 notReadyFrames=0 outPackets=120 bytesPerPacket=516 lost=2
LogOGInputRelay: Warning: [RelayFlush] window owner=OGBrawlerUECharacter_2147482375 flushedRounds=576 entries=1065 entriesPerRoundX100=184 suppressed=504 stageOverflowDrops=0
LogOGRelayProbe: Warning: [Warning][RelayProbe.Frame] role=Server simTicks=121 frames=120 meanTicksPerFrameX100=100 p50=1 p99=1 max=2 meanFrameUs=16734
LogOGRelayProbe: Warning: [Warning][RelayProbe.Frame] role=Server cadence dFrame1=120 dFrame0=0 dFrameGt1=0 discont=0 numSteps total=121 max=2 gt1=1
LogOGRelayProbe: Warning: [Warning][RelayProbe.Write] id=28322 runs=120 writes=223 observableWrites=223 captureSpan=223 receivedX1000=1000 observableX1000=1000 deliverableX1000=1000 replaceLatestObservableX1000=538
LogOGRelayProbe: Warning: [Warning][RelayProbe.Write] id=28322 writesPerFrame p50=2 p99=4 max=4 emptyFrames=103 nonConsecutive=0 missedCaptureTicks=0 captures=[1753,1975] discont=0
LogOGRelayProbe: Warning: [Warning][RelayProbe.Budget] conn=28258 frames=120 elapsedMs=2072 netSpeedBps=250000 allowanceBytesPerTick=4166 outBytes=63703 bytesPerTick=530 occupancyPctX10=127
LogOGRelayProbe: Warning: [Warning][RelayProbe.Budget] conn=28258 queuedBits min=-66666 max=-64122 mean=-66038 notReadyFrames=0 outPackets=124 bytesPerPacket=513 lost=1
LogOGInputRelay: Warning: [RelayFlush] window owner=OGBrawlerUECharacter_2147482398 flushedRounds=711 entries=1308 entriesPerRoundX100=183 suppressed=609 stageOverflowDrops=0
LogOGRelayProbe: Warning: [Warning][RelayProbe.Write] id=28281 runs=120 writes=220 observableWrites=220 captureSpan=220 receivedX1000=1000 observableX1000=1000 deliverableX1000=1000 replaceLatestObservableX1000=545
LogOGRelayProbe: Warning: [Warning][RelayProbe.Write] id=28281 writesPerFrame p50=2 p99=4 max=5 emptyFrames=99 nonConsecutive=0 missedCaptureTicks=0 captures=[1784,2003] discont=0
LogOGNet: Warning: [Warning][InputStats] dropped 0 / 238 remote inputs = 0%
LogOGRelayProbe: Warning: [Warning][RelayProbe.Budget] conn=28300 frames=120 elapsedMs=2081 netSpeedBps=250000 allowanceBytesPerTick=4166 outBytes=64492 bytesPerTick=537 occupancyPctX10=128
LogOGRelayProbe: Warning: [Warning][RelayProbe.Budget] conn=28300 queuedBits min=-66666 max=-64122 mean=-65970 notReadyFrames=0 outPackets=125 bytesPerPacket=515 lost=1
LogOGInputRelay: Warning: [RelayFlush] window owner=OGBrawlerUECharacter_2147482375 flushedRounds=640 entries=1186 entriesPerRoundX100=185 suppressed=560 stageOverflowDrops=0
LogOGRelayProbe: Warning: [Warning][RelayProbe.Frame] role=Server simTicks=124 frames=125 meanTicksPerFrameX100=99 p50=1 p99=2 max=2 meanFrameUs=16638
LogOGRelayProbe: Warning: [Warning][RelayProbe.Frame] role=Server cadence dFrame1=115 dFrame0=0 dFrameGt1=5 discont=0 numSteps total=124 max=2 gt1=4
LogOGRelayProbe: Warning: [Warning][RelayProbe.Budget] conn=28258 frames=120 elapsedMs=2015 netSpeedBps=250000 allowanceBytesPerTick=4166 outBytes=62408 bytesPerTick=520 occupancyPctX10=124
LogOGRelayProbe: Warning: [Warning][RelayProbe.Budget] conn=28258 queuedBits min=-66666 max=-64186 mean=-66010 notReadyFrames=0 outPackets=121 bytesPerPacket=515 lost=0
LogOGInputRelay: Warning: [RelayFlush] window owner=OGBrawlerUECharacter_2147482398 flushedRounds=777 entries=1426 entriesPerRoundX100=183 suppressed=663 stageOverflowDrops=0
LogOGNet: Warning: [Warning][InputStats] dropped 0 / 238 remote inputs = 0%
LogOGRelayProbe: Warning: [Warning][RelayProbe.Budget] conn=28300 frames=120 elapsedMs=2005 netSpeedBps=250000 allowanceBytesPerTick=4166 outBytes=62036 bytesPerTick=516 occupancyPctX10=123
LogOGRelayProbe: Warning: [Warning][RelayProbe.Budget] conn=28300 queuedBits min=-66666 max=-63998 mean=-66121 notReadyFrames=0 outPackets=120 bytesPerPacket=516 lost=1
LogOGInputRelay: Warning: [RelayFlush] window owner=OGBrawlerUECharacter_2147482375 flushedRounds=704 entries=1304 entriesPerRoundX100=185 suppressed=616 stageOverflowDrops=0
LogOGRelayProbe: Warning: [Warning][RelayProbe.Frame] role=Server simTicks=121 frames=120 meanTicksPerFrameX100=100 p50=1 p99=1 max=2 meanFrameUs=16733
LogOGRelayProbe: Warning: [Warning][RelayProbe.Frame] role=Server cadence dFrame1=120 dFrame0=0 dFrameGt1=0 discont=0 numSteps total=121 max=2 gt1=1
LogOGRelayProbe: Warning: [Warning][RelayProbe.Write] id=28322 runs=120 writes=226 observableWrites=226 captureSpan=226 receivedX1000=1000 observableX1000=1000 deliverableX1000=1000 replaceLatestObservableX1000=530
LogOGRelayProbe: Warning: [Warning][RelayProbe.Write] id=28322 writesPerFrame p50=2 p99=5 max=5 emptyFrames=106 nonConsecutive=0 missedCaptureTicks=0 captures=[1976,2201] discont=0
LogOGRelayProbe: Warning: [Warning][RelayProbe.Budget] conn=28258 frames=120 elapsedMs=2009 netSpeedBps=250000 allowanceBytesPerTick=4166 outBytes=62232 bytesPerTick=518 occupancyPctX10=124
LogOGRelayProbe: Warning: [Warning][RelayProbe.Budget] conn=28258 queuedBits min=-66666 max=-63074 mean=-66090 notReadyFrames=0 outPackets=120 bytesPerPacket=518 lost=2
LogOGRelayProbe: Warning: [Warning][RelayProbe.Write] id=28281 runs=120 writes=225 observableWrites=225 captureSpan=225 receivedX1000=1000 observableX1000=1000 deliverableX1000=1000 replaceLatestObservableX1000=533
LogOGRelayProbe: Warning: [Warning][RelayProbe.Write] id=28281 writesPerFrame p50=2 p99=4 max=5 emptyFrames=105 nonConsecutive=0 missedCaptureTicks=0 captures=[2004,2228] discont=0
LogOGInputRelay: Warning: [RelayFlush] window owner=OGBrawlerUECharacter_2147482398 flushedRounds=841 entries=1548 entriesPerRoundX100=184 suppressed=719 stageOverflowDrops=0
LogOGNet: Warning: [Warning][InputStats] dropped 0 / 238 remote inputs = 0%
LogOGRelayProbe: Warning: [Warning][RelayProbe.Budget] conn=28300 frames=120 elapsedMs=1999 netSpeedBps=250000 allowanceBytesPerTick=4166 outBytes=61860 bytesPerTick=515 occupancyPctX10=123
LogOGRelayProbe: Warning: [Warning][RelayProbe.Budget] conn=28300 queuedBits min=-66666 max=-63074 mean=-65927 notReadyFrames=0 outPackets=120 bytesPerPacket=515 lost=0
LogOGInputRelay: Warning: [RelayFlush] window owner=OGBrawlerUECharacter_2147482375 flushedRounds=767 entries=1424 entriesPerRoundX100=185 suppressed=673 stageOverflowDrops=0
LogOGRelayProbe: Warning: [Warning][RelayProbe.Frame] role=Server simTicks=120 frames=120 meanTicksPerFrameX100=100 p50=1 p99=1 max=1 meanFrameUs=16642
LogOGRelayProbe: Warning: [Warning][RelayProbe.Frame] role=Server cadence dFrame1=120 dFrame0=0 dFrameGt1=0 discont=0 numSteps total=120 max=1 gt1=0
LogOGRelayProbe: Warning: [Warning][RelayProbe.Budget] conn=28258 frames=120 elapsedMs=2008 netSpeedBps=250000 allowanceBytesPerTick=4166 outBytes=62482 bytesPerTick=520 occupancyPctX10=124
LogOGRelayProbe: Warning: [Warning][RelayProbe.Budget] conn=28258 queuedBits min=-66666 max=-63142 mean=-65826 notReadyFrames=0 outPackets=121 bytesPerPacket=516 lost=2
LogOGInputRelay: Warning: [RelayFlush] window owner=OGBrawlerUECharacter_2147482398 flushedRounds=905 entries=1668 entriesPerRoundX100=184 suppressed=775 stageOverflowDrops=0
LogOGNet: Warning: [Warning][InputStats] dropped 0 / 238 remote inputs = 0%
LogOGInputRelay: Warning: [RelayFlush] window owner=OGBrawlerUECharacter_2147482375 flushedRounds=830 entries=1546 entriesPerRoundX100=186 suppressed=730 stageOverflowDrops=0
LogOGRelayProbe: Warning: [Warning][RelayProbe.Budget] conn=28300 frames=120 elapsedMs=2097 netSpeedBps=250000 allowanceBytesPerTick=4166 outBytes=64938 bytesPerTick=541 occupancyPctX10=129
LogOGRelayProbe: Warning: [Warning][RelayProbe.Budget] conn=28300 queuedBits min=-66666 max=-63808 mean=-65927 notReadyFrames=0 outPackets=126 bytesPerPacket=515 lost=0
LogOGRelayProbe: Warning: [Warning][RelayProbe.Write] id=28322 runs=120 writes=225 observableWrites=225 captureSpan=225 receivedX1000=1000 observableX1000=1000 deliverableX1000=1000 replaceLatestObservableX1000=533
LogOGRelayProbe: Warning: [Warning][RelayProbe.Write] id=28322 writesPerFrame p50=2 p99=4 max=4 emptyFrames=104 nonConsecutive=0 missedCaptureTicks=0 captures=[2202,2426] discont=0
LogOGRelayProbe: Warning: [Warning][RelayProbe.Frame] role=Server simTicks=126 frames=127 meanTicksPerFrameX100=99 p50=1 p99=2 max=2 meanFrameUs=16644
LogOGRelayProbe: Warning: [Warning][RelayProbe.Frame] role=Server cadence dFrame1=113 dFrame0=0 dFrameGt1=7 discont=0 numSteps total=126 max=2 gt1=6
LogOGRelayProbe: Warning: [Warning][RelayProbe.Write] id=28281 runs=120 writes=218 observableWrites=218 captureSpan=218 receivedX1000=1000 observableX1000=1000 deliverableX1000=1000 replaceLatestObservableX1000=550
LogOGRelayProbe: Warning: [Warning][RelayProbe.Write] id=28281 writesPerFrame p50=2 p99=4 max=4 emptyFrames=99 nonConsecutive=0 missedCaptureTicks=0 captures=[2229,2446] discont=0
LogOGInputRelay: Warning: [RelayFlush] window owner=OGBrawlerUECharacter_2147482398 flushedRounds=973 entries=1787 entriesPerRoundX100=183 suppressed=827 stageOverflowDrops=0
LogOGRelayProbe: Warning: [Warning][RelayProbe.Budget] conn=28258 frames=120 elapsedMs=2114 netSpeedBps=250000 allowanceBytesPerTick=4166 outBytes=65037 bytesPerTick=541 occupancyPctX10=129
LogOGRelayProbe: Warning: [Warning][RelayProbe.Budget] conn=28258 queuedBits min=-66666 max=-63468 mean=-65945 notReadyFrames=0 outPackets=127 bytesPerPacket=512 lost=1
LogOGNet: Warning: [Warning][InputStats] dropped 0 / 238 remote inputs = 0%
LogOGInputRelay: Warning: [RelayFlush] window owner=OGBrawlerUECharacter_2147482375 flushedRounds=890 entries=1666 entriesPerRoundX100=187 suppressed=790 stageOverflowDrops=0
LogOGRelayProbe: Warning: [Warning][RelayProbe.Budget] conn=28300 frames=120 elapsedMs=2031 netSpeedBps=250000 allowanceBytesPerTick=4166 outBytes=62966 bytesPerTick=524 occupancyPctX10=125
LogOGRelayProbe: Warning: [Warning][RelayProbe.Budget] conn=28300 queuedBits min=-66666 max=-63172 mean=-65978 notReadyFrames=0 outPackets=122 bytesPerPacket=516 lost=0
LogOGRelayProbe: Warning: [Warning][RelayProbe.Frame] role=Server simTicks=124 frames=123 meanTicksPerFrameX100=100 p50=1 p99=2 max=2 meanFrameUs=16670
LogOGRelayProbe: Warning: [Warning][RelayProbe.Frame] role=Server cadence dFrame1=117 dFrame0=0 dFrameGt1=3 discont=0 numSteps total=124 max=2 gt1=4
LogOGInputRelay: Warning: [RelayFlush] window owner=OGBrawlerUECharacter_2147482398 flushedRounds=1037 entries=1907 entriesPerRoundX100=183 suppressed=883 stageOverflowDrops=0
LogOGRelayProbe: Warning: [Warning][RelayProbe.Budget] conn=28258 frames=120 elapsedMs=2050 netSpeedBps=250000 allowanceBytesPerTick=4166 outBytes=63492 bytesPerTick=529 occupancyPctX10=126
LogOGRelayProbe: Warning: [Warning][RelayProbe.Budget] conn=28258 queuedBits min=-66666 max=-63120 mean=-65923 notReadyFrames=0 outPackets=123 bytesPerPacket=516 lost=1
LogOGNet: Warning: [Warning][InputStats] dropped 0 / 238 remote inputs = 0%
LogOGInputRelay: Warning: [RelayFlush] window owner=OGBrawlerUECharacter_2147482375 flushedRounds=953 entries=1787 entriesPerRoundX100=187 suppressed=847 stageOverflowDrops=0
LogOGRelayProbe: Warning: [Warning][RelayProbe.Budget] conn=28300 frames=120 elapsedMs=2048 netSpeedBps=250000 allowanceBytesPerTick=4166 outBytes=63512 bytesPerTick=529 occupancyPctX10=126
LogOGRelayProbe: Warning: [Warning][RelayProbe.Budget] conn=28300 queuedBits min=-66666 max=-63120 mean=-65907 notReadyFrames=0 outPackets=123 bytesPerPacket=516 lost=0
LogOGRelayProbe: Warning: [Warning][RelayProbe.Write] id=28322 runs=120 writes=240 observableWrites=240 captureSpan=240 receivedX1000=1000 observableX1000=1000 deliverableX1000=1000 replaceLatestObservableX1000=500
LogOGRelayProbe: Warning: [Warning][RelayProbe.Write] id=28322 writesPerFrame p50=2 p99=4 max=4 emptyFrames=121 nonConsecutive=0 missedCaptureTicks=0 captures=[2427,2666] discont=0
LogOGRelayProbe: Warning: [Warning][RelayProbe.Write] id=28281 runs=120 writes=223 observableWrites=223 captureSpan=223 receivedX1000=1000 observableX1000=1000 deliverableX1000=1000 replaceLatestObservableX1000=538
LogOGRelayProbe: Warning: [Warning][RelayProbe.Write] id=28281 writesPerFrame p50=2 p99=5 max=5 emptyFrames=104 nonConsecutive=0 missedCaptureTicks=0 captures=[2447,2669] discont=0
LogOGRelayProbe: Warning: [Warning][RelayProbe.Frame] role=Server simTicks=120 frames=121 meanTicksPerFrameX100=99 p50=1 p99=1 max=1 meanFrameUs=16621
LogOGRelayProbe: Warning: [Warning][RelayProbe.Frame] role=Server cadence dFrame1=119 dFrame0=0 dFrameGt1=1 discont=0 numSteps total=120 max=1 gt1=0
LogOGInputRelay: Warning: [RelayFlush] window owner=OGBrawlerUECharacter_2147482398 flushedRounds=1100 entries=2028 entriesPerRoundX100=184 suppressed=940 stageOverflowDrops=0
LogOGRelayProbe: Warning: [Warning][RelayProbe.Budget] conn=28258 frames=120 elapsedMs=1995 netSpeedBps=250000 allowanceBytesPerTick=4166 outBytes=61999 bytesPerTick=516 occupancyPctX10=123
LogOGRelayProbe: Warning: [Warning][RelayProbe.Budget] conn=28258 queuedBits min=-66666 max=-63604 mean=-65941 notReadyFrames=0 outPackets=120 bytesPerPacket=516 lost=1
LogOGNet: Warning: [Warning][InputStats] dropped 0 / 238 remote inputs = 0%
LogOGInputRelay: Warning: [RelayFlush] window owner=OGBrawlerUECharacter_2147482375 flushedRounds=1013 entries=1904 entriesPerRoundX100=187 suppressed=907 stageOverflowDrops=0
LogOGRelayProbe: Warning: [Warning][RelayProbe.Budget] conn=28300 frames=120 elapsedMs=1995 netSpeedBps=250000 allowanceBytesPerTick=4166 outBytes=61835 bytesPerTick=515 occupancyPctX10=123
LogOGRelayProbe: Warning: [Warning][RelayProbe.Budget] conn=28300 queuedBits min=-66666 max=-63604 mean=-65874 notReadyFrames=0 outPackets=120 bytesPerPacket=515 lost=1
LogOGRelayProbe: Warning: [Warning][RelayProbe.Frame] role=Server simTicks=120 frames=120 meanTicksPerFrameX100=100 p50=1 p99=1 max=1 meanFrameUs=16636
LogOGRelayProbe: Warning: [Warning][RelayProbe.Frame] role=Server cadence dFrame1=120 dFrame0=0 dFrameGt1=0 discont=0 numSteps total=120 max=1 gt1=0
LogOGInputRelay: Warning: [RelayFlush] window owner=OGBrawlerUECharacter_2147482398 flushedRounds=1165 entries=2148 entriesPerRoundX100=184 suppressed=995 stageOverflowDrops=0
LogOGRelayProbe: Warning: [Warning][RelayProbe.Budget] conn=28258 frames=120 elapsedMs=1995 netSpeedBps=250000 allowanceBytesPerTick=4166 outBytes=62168 bytesPerTick=518 occupancyPctX10=124
LogOGRelayProbe: Warning: [Warning][RelayProbe.Budget] conn=28258 queuedBits min=-66666 max=-63750 mean=-65935 notReadyFrames=0 outPackets=120 bytesPerPacket=518 lost=1
LogOGNet: Warning: [Warning][InputStats] dropped 0 / 238 remote inputs = 0%
LogOGInputRelay: Warning: [RelayFlush] window owner=OGBrawlerUECharacter_2147482375 flushedRounds=1078 entries=2023 entriesPerRoundX100=187 suppressed=962 stageOverflowDrops=0
LogOGRelayProbe: Warning: [Warning][RelayProbe.Write] id=28322 runs=120 writes=224 observableWrites=224 captureSpan=224 receivedX1000=1000 observableX1000=1000 deliverableX1000=1000 replaceLatestObservableX1000=535
LogOGRelayProbe: Warning: [Warning][RelayProbe.Write] id=28322 writesPerFrame p50=2 p99=4 max=5 emptyFrames=105 nonConsecutive=0 missedCaptureTicks=0 captures=[2667,2890] discont=0
LogOGRelayProbe: Warning: [Warning][RelayProbe.Write] id=28281 runs=120 writes=226 observableWrites=226 captureSpan=226 receivedX1000=1000 observableX1000=1000 deliverableX1000=1000 replaceLatestObservableX1000=530
LogOGRelayProbe: Warning: [Warning][RelayProbe.Write] id=28281 writesPerFrame p50=2 p99=4 max=5 emptyFrames=106 nonConsecutive=0 missedCaptureTicks=0 captures=[2670,2895] discont=0
LogOGRelayProbe: Warning: [Warning][RelayProbe.Budget] conn=28300 frames=120 elapsedMs=2023 netSpeedBps=250000 allowanceBytesPerTick=4166 outBytes=62931 bytesPerTick=524 occupancyPctX10=125
LogOGRelayProbe: Warning: [Warning][RelayProbe.Budget] conn=28300 queuedBits min=-66666 max=-63490 mean=-65857 notReadyFrames=0 outPackets=122 bytesPerPacket=515 lost=1
LogOGRelayProbe: Warning: [Warning][RelayProbe.Frame] role=Server simTicks=121 frames=122 meanTicksPerFrameX100=99 p50=1 p99=1 max=1 meanFrameUs=16578
LogOGRelayProbe: Warning: [Warning][RelayProbe.Frame] role=Server cadence dFrame1=118 dFrame0=0 dFrameGt1=2 discont=0 numSteps total=121 max=2 gt1=1
LogOGInputRelay: Warning: [RelayFlush] window owner=OGBrawlerUECharacter_2147482398 flushedRounds=1228 entries=2265 entriesPerRoundX100=184 suppressed=1052 stageOverflowDrops=0
LogOGRelayProbe: Warning: [Warning][RelayProbe.Budget] conn=28258 frames=120 elapsedMs=2021 netSpeedBps=250000 allowanceBytesPerTick=4166 outBytes=62631 bytesPerTick=521 occupancyPctX10=125
LogOGRelayProbe: Warning: [Warning][RelayProbe.Budget] conn=28258 queuedBits min=-66666 max=-63490 mean=-65829 notReadyFrames=0 outPackets=122 bytesPerPacket=513 lost=1
LogOGNet: Warning: [Warning][InputStats] dropped 0 / 238 remote inputs = 0%
LogOGInputRelay: Warning: [RelayFlush] window owner=OGBrawlerUECharacter_2147482375 flushedRounds=1143 entries=2143 entriesPerRoundX100=187 suppressed=1017 stageOverflowDrops=0
LogOGRelayProbe: Warning: [Warning][RelayProbe.Budget] conn=28300 frames=120 elapsedMs=1986 netSpeedBps=250000 allowanceBytesPerTick=4166 outBytes=61953 bytesPerTick=516 occupancyPctX10=123
LogOGRelayProbe: Warning: [Warning][RelayProbe.Budget] conn=28300 queuedBits min=-66666 max=-63718 mean=-65787 notReadyFrames=0 outPackets=120 bytesPerPacket=516 lost=1
LogOGRelayProbe: Warning: [Warning][RelayProbe.Frame] role=Server simTicks=121 frames=122 meanTicksPerFrameX100=99 p50=1 p99=1 max=1 meanFrameUs=16549
LogOGRelayProbe: Warning: [Warning][RelayProbe.Frame] role=Server cadence dFrame1=118 dFrame0=0 dFrameGt1=2 discont=0 numSteps total=121 max=2 gt1=1
LogOGInputRelay: Warning: [RelayFlush] window owner=OGBrawlerUECharacter_2147482398 flushedRounds=1292 entries=2387 entriesPerRoundX100=184 suppressed=1108 stageOverflowDrops=0
LogOGRelayProbe: Warning: [Warning][RelayProbe.Budget] conn=28258 frames=120 elapsedMs=2109 netSpeedBps=250000 allowanceBytesPerTick=4166 outBytes=65476 bytesPerTick=545 occupancyPctX10=130
LogOGRelayProbe: Warning: [Warning][RelayProbe.Budget] conn=28258 queuedBits min=-66666 max=-62920 mean=-65787 notReadyFrames=0 outPackets=127 bytesPerPacket=515 lost=0
LogOGNet: Warning: [Warning][InputStats] dropped 0 / 238 remote inputs = 0%
LogOGRelayProbe: Warning: [Warning][RelayProbe.Write] id=28322 runs=120 writes=213 observableWrites=213 captureSpan=213 receivedX1000=1000 observableX1000=1000 deliverableX1000=1000 replaceLatestObservableX1000=563
LogOGRelayProbe: Warning: [Warning][RelayProbe.Write] id=28322 writesPerFrame p50=2 p99=3 max=4 emptyFrames=93 nonConsecutive=0 missedCaptureTicks=0 captures=[2891,3103] discont=0
LogOGRelayProbe: Warning: [Warning][RelayProbe.Write] id=28281 runs=120 writes=220 observableWrites=220 captureSpan=220 receivedX1000=1000 observableX1000=1000 deliverableX1000=1000 replaceLatestObservableX1000=545
LogOGRelayProbe: Warning: [Warning][RelayProbe.Write] id=28281 writesPerFrame p50=2 p99=4 max=4 emptyFrames=101 nonConsecutive=0 missedCaptureTicks=0 captures=[2896,3115] discont=0
LogOGInputRelay: Warning: [RelayFlush] window owner=OGBrawlerUECharacter_2147482375 flushedRounds=1214 entries=2263 entriesPerRoundX100=186 suppressed=1066 stageOverflowDrops=0
LogOGRelayProbe: Warning: [Warning][RelayProbe.Budget] conn=28300 frames=120 elapsedMs=2182 netSpeedBps=250000 allowanceBytesPerTick=4166 outBytes=67032 bytesPerTick=558 occupancyPctX10=133
LogOGRelayProbe: Warning: [Warning][RelayProbe.Budget] conn=28300 queuedBits min=-66666 max=-62920 mean=-65946 notReadyFrames=0 outPackets=131 bytesPerPacket=511 lost=0
LogOGRelayProbe: Warning: [Warning][RelayProbe.Frame] role=Server simTicks=130 frames=129 meanTicksPerFrameX100=100 p50=1 p99=2 max=2 meanFrameUs=16703
LogOGRelayProbe: Warning: [Warning][RelayProbe.Frame] role=Server cadence dFrame1=111 dFrame0=0 dFrameGt1=9 discont=0 numSteps total=130 max=2 gt1=10
LogOGInputRelay: Warning: [RelayFlush] window owner=OGBrawlerUECharacter_2147482398 flushedRounds=1360 entries=2507 entriesPerRoundX100=184 suppressed=1160 stageOverflowDrops=0
LogOGRelayProbe: Warning: [Warning][RelayProbe.Budget] conn=28258 frames=120 elapsedMs=2065 netSpeedBps=250000 allowanceBytesPerTick=4166 outBytes=63935 bytesPerTick=532 occupancyPctX10=127
LogOGRelayProbe: Warning: [Warning][RelayProbe.Budget] conn=28258 queuedBits min=-66666 max=-63934 mean=-65984 notReadyFrames=0 outPackets=124 bytesPerPacket=515 lost=0
LogOGNet: Warning: [Warning][InputStats] dropped 0 / 238 remote inputs = 0%
LogOGInputRelay: Warning: [RelayFlush] window owner=OGBrawlerUECharacter_2147482375 flushedRounds=1279 entries=2382 entriesPerRoundX100=186 suppressed=1121 stageOverflowDrops=0
LogOGRelayProbe: Warning: [Warning][RelayProbe.Budget] conn=28300 frames=120 elapsedMs=2010 netSpeedBps=250000 allowanceBytesPerTick=4166 outBytes=62593 bytesPerTick=521 occupancyPctX10=125
LogOGRelayProbe: Warning: [Warning][RelayProbe.Budget] conn=28300 queuedBits min=-66666 max=-63728 mean=-65884 notReadyFrames=0 outPackets=121 bytesPerPacket=517 lost=2
LogOGRelayProbe: Warning: [Warning][RelayProbe.Frame] role=Server simTicks=120 frames=121 meanTicksPerFrameX100=99 p50=1 p99=1 max=1 meanFrameUs=16608
LogOGRelayProbe: Warning: [Warning][RelayProbe.Frame] role=Server cadence dFrame1=119 dFrame0=0 dFrameGt1=1 discont=0 numSteps total=120 max=1 gt1=0
LogOGInputRelay: Warning: [RelayFlush] window owner=OGBrawlerUECharacter_2147482398 flushedRounds=1419 entries=2626 entriesPerRoundX100=185 suppressed=1221 stageOverflowDrops=0
LogOGRelayProbe: Warning: [Warning][RelayProbe.Write] id=28322 runs=120 writes=222 observableWrites=222 captureSpan=222 receivedX1000=1000 observableX1000=1000 deliverableX1000=1000 replaceLatestObservableX1000=540
LogOGRelayProbe: Warning: [Warning][RelayProbe.Write] id=28322 writesPerFrame p50=2 p99=4 max=5 emptyFrames=103 nonConsecutive=0 missedCaptureTicks=0 captures=[3104,3325] discont=0
LogOGRelayProbe: Warning: [Warning][RelayProbe.Budget] conn=28258 frames=120 elapsedMs=2008 netSpeedBps=250000 allowanceBytesPerTick=4166 outBytes=62369 bytesPerTick=519 occupancyPctX10=124
LogOGRelayProbe: Warning: [Warning][RelayProbe.Budget] conn=28258 queuedBits min=-66666 max=-63280 mean=-65898 notReadyFrames=0 outPackets=121 bytesPerPacket=515 lost=2
LogOGNet: Warning: [Warning][InputStats] dropped 0 / 238 remote inputs = 0%
LogOGRelayProbe: Warning: [Warning][RelayProbe.Write] id=28281 runs=120 writes=232 observableWrites=232 captureSpan=232 receivedX1000=1000 observableX1000=1000 deliverableX1000=1000 replaceLatestObservableX1000=517
LogOGRelayProbe: Warning: [Warning][RelayProbe.Write] id=28281 writesPerFrame p50=2 p99=4 max=6 emptyFrames=112 nonConsecutive=0 missedCaptureTicks=0 captures=[3116,3347] discont=0
LogOGInputRelay: Warning: [RelayFlush] window owner=OGBrawlerUECharacter_2147482375 flushedRounds=1344 entries=2503 entriesPerRoundX100=186 suppressed=1176 stageOverflowDrops=0
LogOGRelayProbe: Warning: [Warning][RelayProbe.Budget] conn=28300 frames=120 elapsedMs=1997 netSpeedBps=250000 allowanceBytesPerTick=4166 outBytes=61944 bytesPerTick=516 occupancyPctX10=123
LogOGRelayProbe: Warning: [Warning][RelayProbe.Budget] conn=28300 queuedBits min=-66666 max=-63280 mean=-65989 notReadyFrames=0 outPackets=120 bytesPerPacket=516 lost=2
LogOGRelayProbe: Warning: [Warning][RelayProbe.Frame] role=Server simTicks=120 frames=120 meanTicksPerFrameX100=100 p50=1 p99=1 max=1 meanFrameUs=16637
LogOGRelayProbe: Warning: [Warning][RelayProbe.Frame] role=Server cadence dFrame1=120 dFrame0=0 dFrameGt1=0 discont=0 numSteps total=120 max=1 gt1=0
LogOGInputRelay: Warning: [RelayFlush] window owner=OGBrawlerUECharacter_2147482398 flushedRounds=1484 entries=2746 entriesPerRoundX100=185 suppressed=1276 stageOverflowDrops=0
LogOGRelayProbe: Warning: [Warning][RelayProbe.Budget] conn=28258 frames=120 elapsedMs=1999 netSpeedBps=250000 allowanceBytesPerTick=4166 outBytes=61913 bytesPerTick=515 occupancyPctX10=123
LogOGRelayProbe: Warning: [Warning][RelayProbe.Budget] conn=28258 queuedBits min=-66666 max=-63300 mean=-65969 notReadyFrames=0 outPackets=120 bytesPerPacket=515 lost=1
LogOGNet: Warning: [Warning][InputStats] dropped 0 / 238 remote inputs = 0%
LogOGInputRelay: Warning: [RelayFlush] window owner=OGBrawlerUECharacter_2147482375 flushedRounds=1405 entries=2622 entriesPerRoundX100=186 suppressed=1235 stageOverflowDrops=0
LogOGRelayProbe: Warning: [Warning][RelayProbe.Budget] conn=28300 frames=120 elapsedMs=1993 netSpeedBps=250000 allowanceBytesPerTick=4166 outBytes=62089 bytesPerTick=517 occupancyPctX10=124
LogOGRelayProbe: Warning: [Warning][RelayProbe.Budget] conn=28300 queuedBits min=-66666 max=-63300 mean=-65889 notReadyFrames=0 outPackets=120 bytesPerPacket=517 lost=1
LogOGRelayProbe: Warning: [Warning][RelayProbe.Frame] role=Server simTicks=120 frames=120 meanTicksPerFrameX100=100 p50=1 p99=1 max=1 meanFrameUs=16616
LogOGRelayProbe: Warning: [Warning][RelayProbe.Frame] role=Server cadence dFrame1=120 dFrame0=0 dFrameGt1=0 discont=0 numSteps total=120 max=1 gt1=0
LogOGInputRelay: Warning: [RelayFlush] window owner=OGBrawlerUECharacter_2147482398 flushedRounds=1546 entries=2866 entriesPerRoundX100=185 suppressed=1334 stageOverflowDrops=0
LogOGRelayProbe: Warning: [Warning][RelayProbe.Write] id=28322 runs=120 writes=225 observableWrites=225 captureSpan=225 receivedX1000=1000 observableX1000=1000 deliverableX1000=1000 replaceLatestObservableX1000=533
LogOGRelayProbe: Warning: [Warning][RelayProbe.Write] id=28322 writesPerFrame p50=2 p99=4 max=4 emptyFrames=107 nonConsecutive=0 missedCaptureTicks=0 captures=[3326,3550] discont=0
LogOGRelayProbe: Warning: [Warning][RelayProbe.Budget] conn=28258 frames=120 elapsedMs=1995 netSpeedBps=250000 allowanceBytesPerTick=4166 outBytes=62154 bytesPerTick=517 occupancyPctX10=124
LogOGRelayProbe: Warning: [Warning][RelayProbe.Budget] conn=28258 queuedBits min=-66666 max=-63412 mean=-65933 notReadyFrames=0 outPackets=120 bytesPerPacket=517 lost=1
LogOGNet: Warning: [Warning][InputStats] dropped 0 / 238 remote inputs = 0%
LogOGRelayProbe: Warning: [Warning][RelayProbe.Write] id=28281 runs=120 writes=231 observableWrites=231 captureSpan=231 receivedX1000=1000 observableX1000=1000 deliverableX1000=1000 replaceLatestObservableX1000=519
LogOGRelayProbe: Warning: [Warning][RelayProbe.Write] id=28281 writesPerFrame p50=2 p99=4 max=4 emptyFrames=111 nonConsecutive=0 missedCaptureTicks=0 captures=[3348,3578] discont=0
LogOGInputRelay: Warning: [RelayFlush] window owner=OGBrawlerUECharacter_2147482375 flushedRounds=1469 entries=2743 entriesPerRoundX100=186 suppressed=1291 stageOverflowDrops=0
LogOGRelayProbe: Warning: [Warning][RelayProbe.Budget] conn=28300 frames=120 elapsedMs=2001 netSpeedBps=250000 allowanceBytesPerTick=4166 outBytes=61925 bytesPerTick=516 occupancyPctX10=123
LogOGRelayProbe: Warning: [Warning][RelayProbe.Budget] conn=28300 queuedBits min=-66666 max=-64034 mean=-66046 notReadyFrames=0 outPackets=120 bytesPerPacket=516 lost=0
LogOGRelayProbe: Warning: [Warning][RelayProbe.Frame] role=Server simTicks=120 frames=120 meanTicksPerFrameX100=100 p50=1 p99=1 max=1 meanFrameUs=16702
LogOGRelayProbe: Warning: [Warning][RelayProbe.Frame] role=Server cadence dFrame1=120 dFrame0=0 dFrameGt1=0 discont=0 numSteps total=120 max=1 gt1=0
LogOGInputRelay: Warning: [RelayFlush] window owner=OGBrawlerUECharacter_2147482398 flushedRounds=1604 entries=2984 entriesPerRoundX100=186 suppressed=1396 stageOverflowDrops=0
LogOGRelayProbe: Warning: [Warning][RelayProbe.Budget] conn=28258 frames=120 elapsedMs=2004 netSpeedBps=250000 allowanceBytesPerTick=4166 outBytes=62101 bytesPerTick=517 occupancyPctX10=124
LogOGRelayProbe: Warning: [Warning][RelayProbe.Budget] conn=28258 queuedBits min=-66666 max=-63850 mean=-66054 notReadyFrames=0 outPackets=120 bytesPerPacket=517 lost=1
LogOGNet: Warning: [Warning][InputStats] dropped 0 / 238 remote inputs = 0%
LogOGInputRelay: Warning: [RelayFlush] window owner=OGBrawlerUECharacter_2147482375 flushedRounds=1537 entries=2863 entriesPerRoundX100=186 suppressed=1343 stageOverflowDrops=0
LogOGRelayProbe: Warning: [Warning][RelayProbe.Budget] conn=28300 frames=120 elapsedMs=2004 netSpeedBps=250000 allowanceBytesPerTick=4166 outBytes=61974 bytesPerTick=516 occupancyPctX10=123
LogOGRelayProbe: Warning: [Warning][RelayProbe.Budget] conn=28300 queuedBits min=-66666 max=-63556 mean=-65968 notReadyFrames=0 outPackets=120 bytesPerPacket=516 lost=1
LogOGRelayProbe: Warning: [Warning][RelayProbe.Frame] role=Server simTicks=120 frames=120 meanTicksPerFrameX100=100 p50=1 p99=1 max=1 meanFrameUs=16670
LogOGRelayProbe: Warning: [Warning][RelayProbe.Frame] role=Server cadence dFrame1=120 dFrame0=0 dFrameGt1=0 discont=0 numSteps total=120 max=1 gt1=0
LogOGRelayProbe: Warning: [Warning][RelayProbe.Write] id=28322 runs=120 writes=218 observableWrites=218 captureSpan=218 receivedX1000=1000 observableX1000=1000 deliverableX1000=1000 replaceLatestObservableX1000=550
LogOGRelayProbe: Warning: [Warning][RelayProbe.Write] id=28322 writesPerFrame p50=2 p99=4 max=4 emptyFrames=95 nonConsecutive=0 missedCaptureTicks=0 captures=[3551,3768] discont=0
LogOGInputRelay: Warning: [RelayFlush] window owner=OGBrawlerUECharacter_2147482398 flushedRounds=1666 entries=3105 entriesPerRoundX100=186 suppressed=1454 stageOverflowDrops=0
LogOGNet: Warning: [Warning][InputStats] dropped 0 / 238 remote inputs = 0%
LogOGRelayProbe: Warning: [Warning][RelayProbe.Budget] conn=28258 frames=120 elapsedMs=2000 netSpeedBps=250000 allowanceBytesPerTick=4166 outBytes=61940 bytesPerTick=516 occupancyPctX10=123
LogOGRelayProbe: Warning: [Warning][RelayProbe.Budget] conn=28258 queuedBits min=-66666 max=-63556 mean=-65953 notReadyFrames=0 outPackets=120 bytesPerPacket=516 lost=1
LogOGRelayProbe: Warning: [Warning][RelayProbe.Write] id=28281 runs=120 writes=233 observableWrites=233 captureSpan=233 receivedX1000=1000 observableX1000=1000 deliverableX1000=1000 replaceLatestObservableX1000=515
LogOGRelayProbe: Warning: [Warning][RelayProbe.Write] id=28281 writesPerFrame p50=2 p99=5 max=5 emptyFrames=114 nonConsecutive=0 missedCaptureTicks=0 captures=[3579,3811] discont=0
LogOGInputRelay: Warning: [RelayFlush] window owner=OGBrawlerUECharacter_2147482375 flushedRounds=1603 entries=2980 entriesPerRoundX100=185 suppressed=1397 stageOverflowDrops=0
LogOGRelayProbe: Warning: [Warning][RelayProbe.Budget] conn=28300 frames=120 elapsedMs=1992 netSpeedBps=250000 allowanceBytesPerTick=4166 outBytes=62005 bytesPerTick=516 occupancyPctX10=123
LogOGRelayProbe: Warning: [Warning][RelayProbe.Budget] conn=28300 queuedBits min=-66666 max=-63394 mean=-65865 notReadyFrames=0 outPackets=120 bytesPerPacket=516 lost=2
LogOGRelayProbe: Warning: [Warning][RelayProbe.Frame] role=Server simTicks=120 frames=121 meanTicksPerFrameX100=99 p50=1 p99=1 max=1 meanFrameUs=16587
LogOGRelayProbe: Warning: [Warning][RelayProbe.Frame] role=Server cadence dFrame1=119 dFrame0=0 dFrameGt1=1 discont=0 numSteps total=120 max=1 gt1=0
LogOGInputRelay: Warning: [RelayFlush] window owner=OGBrawlerUECharacter_2147482398 flushedRounds=1730 entries=3225 entriesPerRoundX100=186 suppressed=1510 stageOverflowDrops=0
LogOGNet: Warning: [Warning][InputStats] dropped 0 / 238 remote inputs = 0%
LogOGRelayProbe: Warning: [Warning][RelayProbe.Budget] conn=28258 frames=120 elapsedMs=1997 netSpeedBps=250000 allowanceBytesPerTick=4166 outBytes=62575 bytesPerTick=521 occupancyPctX10=125
LogOGRelayProbe: Warning: [Warning][RelayProbe.Budget] conn=28258 queuedBits min=-66666 max=-63234 mean=-65615 notReadyFrames=0 outPackets=121 bytesPerPacket=517 lost=3
LogOGInputRelay: Warning: [RelayFlush] window owner=OGBrawlerUECharacter_2147482375 flushedRounds=1672 entries=3103 entriesPerRoundX100=185 suppressed=1448 stageOverflowDrops=0
LogOGRelayProbe: Warning: [Warning][RelayProbe.Write] id=28322 runs=120 writes=214 observableWrites=214 captureSpan=214 receivedX1000=1000 observableX1000=1000 deliverableX1000=1000 replaceLatestObservableX1000=560
LogOGRelayProbe: Warning: [Warning][RelayProbe.Write] id=28322 writesPerFrame p50=2 p99=4 max=4 emptyFrames=96 nonConsecutive=0 missedCaptureTicks=0 captures=[3769,3982] discont=0
LogOGRelayProbe: Warning: [Warning][RelayProbe.Budget] conn=28300 frames=120 elapsedMs=2002 netSpeedBps=250000 allowanceBytesPerTick=4166 outBytes=62469 bytesPerTick=520 occupancyPctX10=124
LogOGRelayProbe: Warning: [Warning][RelayProbe.Budget] conn=28300 queuedBits min=-66666 max=-63234 mean=-65734 notReadyFrames=0 outPackets=121 bytesPerPacket=516 lost=0
LogOGRelayProbe: Warning: [Warning][RelayProbe.Frame] role=Server simTicks=120 frames=120 meanTicksPerFrameX100=100 p50=1 p99=1 max=1 meanFrameUs=16557
LogOGRelayProbe: Warning: [Warning][RelayProbe.Frame] role=Server cadence dFrame1=120 dFrame0=0 dFrameGt1=0 discont=0 numSteps total=120 max=1 gt1=0
LogOGInputRelay: Warning: [RelayFlush] window owner=OGBrawlerUECharacter_2147482398 flushedRounds=1793 entries=3343 entriesPerRoundX100=186 suppressed=1567 stageOverflowDrops=0
LogOGRelayProbe: Warning: [Warning][RelayProbe.Write] id=28281 runs=120 writes=227 observableWrites=227 captureSpan=227 receivedX1000=1000 observableX1000=1000 deliverableX1000=1000 replaceLatestObservableX1000=528
LogOGRelayProbe: Warning: [Warning][RelayProbe.Write] id=28281 writesPerFrame p50=2 p99=4 max=4 emptyFrames=106 nonConsecutive=0 missedCaptureTicks=0 captures=[3812,4038] discont=0
LogOGNet: Warning: [Warning][InputStats] dropped 0 / 238 remote inputs = 0%
LogOGRelayProbe: Warning: [Warning][RelayProbe.Budget] conn=28258 frames=120 elapsedMs=1995 netSpeedBps=250000 allowanceBytesPerTick=4166 outBytes=61941 bytesPerTick=516 occupancyPctX10=123
LogOGRelayProbe: Warning: [Warning][RelayProbe.Budget] conn=28258 queuedBits min=-66666 max=-63858 mean=-65979 notReadyFrames=0 outPackets=120 bytesPerPacket=516 lost=1
LogOGInputRelay: Warning: [RelayFlush] window owner=OGBrawlerUECharacter_2147482375 flushedRounds=1741 entries=3222 entriesPerRoundX100=185 suppressed=1499 stageOverflowDrops=0
LogOGRelayProbe: Warning: [Warning][RelayProbe.Budget] conn=28300 frames=120 elapsedMs=1998 netSpeedBps=250000 allowanceBytesPerTick=4166 outBytes=62091 bytesPerTick=517 occupancyPctX10=124
LogOGRelayProbe: Warning: [Warning][RelayProbe.Budget] conn=28300 queuedBits min=-66666 max=-63836 mean=-66005 notReadyFrames=0 outPackets=120 bytesPerPacket=517 lost=1
LogOGRelayProbe: Warning: [Warning][RelayProbe.Frame] role=Server simTicks=120 frames=120 meanTicksPerFrameX100=100 p50=1 p99=1 max=1 meanFrameUs=16677
LogOGRelayProbe: Warning: [Warning][RelayProbe.Frame] role=Server cadence dFrame1=120 dFrame0=0 dFrameGt1=0 discont=0 numSteps total=120 max=1 gt1=0
LogOGInputRelay: Warning: [RelayFlush] window owner=OGBrawlerUECharacter_2147482398 flushedRounds=1864 entries=3466 entriesPerRoundX100=185 suppressed=1616 stageOverflowDrops=0
LogOGNet: Warning: [Warning][InputStats] dropped 0 / 238 remote inputs = 0%
LogOGRelayProbe: Warning: [Warning][RelayProbe.Budget] conn=28258 frames=120 elapsedMs=2002 netSpeedBps=250000 allowanceBytesPerTick=4166 outBytes=62048 bytesPerTick=517 occupancyPctX10=124
LogOGRelayProbe: Warning: [Warning][RelayProbe.Budget] conn=28258 queuedBits min=-66666 max=-63434 mean=-66009 notReadyFrames=0 outPackets=120 bytesPerPacket=517 lost=1
LogOGRelayProbe: Warning: [Warning][RelayProbe.Write] id=28322 runs=120 writes=219 observableWrites=219 captureSpan=219 receivedX1000=1000 observableX1000=1000 deliverableX1000=1000 replaceLatestObservableX1000=547
LogOGRelayProbe: Warning: [Warning][RelayProbe.Write] id=28322 writesPerFrame p50=2 p99=4 max=4 emptyFrames=100 nonConsecutive=0 missedCaptureTicks=0 captures=[3983,4201] discont=0
LogOGInputRelay: Warning: [RelayFlush] window owner=OGBrawlerUECharacter_2147482375 flushedRounds=1801 entries=3340 entriesPerRoundX100=185 suppressed=1559 stageOverflowDrops=0
LogOGRelayProbe: Warning: [Warning][RelayProbe.Budget] conn=28300 frames=120 elapsedMs=2063 netSpeedBps=250000 allowanceBytesPerTick=4166 outBytes=63805 bytesPerTick=531 occupancyPctX10=127
LogOGRelayProbe: Warning: [Warning][RelayProbe.Budget] conn=28300 queuedBits min=-66666 max=-63434 mean=-65917 notReadyFrames=0 outPackets=124 bytesPerPacket=514 lost=0
LogOGRelayProbe: Warning: [Warning][RelayProbe.Frame] role=Server simTicks=123 frames=124 meanTicksPerFrameX100=99 p50=1 p99=2 max=2 meanFrameUs=16622
LogOGRelayProbe: Warning: [Warning][RelayProbe.Frame] role=Server cadence dFrame1=116 dFrame0=0 dFrameGt1=4 discont=0 numSteps total=123 max=2 gt1=3
LogOGRelayProbe: Warning: [Warning][RelayProbe.Write] id=28281 runs=120 writes=217 observableWrites=217 captureSpan=217 receivedX1000=1000 observableX1000=1000 deliverableX1000=1000 replaceLatestObservableX1000=552
LogOGRelayProbe: Warning: [Warning][RelayProbe.Write] id=28281 writesPerFrame p50=2 p99=4 max=4 emptyFrames=98 nonConsecutive=0 missedCaptureTicks=0 captures=[4039,4255] discont=0
LogOGInputRelay: Warning: [RelayFlush] window owner=OGBrawlerUECharacter_2147482398 flushedRounds=1925 entries=3584 entriesPerRoundX100=186 suppressed=1675 stageOverflowDrops=0
LogOGNet: Warning: [Warning][InputStats] dropped 0 / 238 remote inputs = 0%
LogOGRelayProbe: Warning: [Warning][RelayProbe.Budget] conn=28258 frames=120 elapsedMs=2075 netSpeedBps=250000 allowanceBytesPerTick=4166 outBytes=64334 bytesPerTick=536 occupancyPctX10=128
LogOGRelayProbe: Warning: [Warning][RelayProbe.Budget] conn=28258 queuedBits min=-66666 max=-63766 mean=-65838 notReadyFrames=0 outPackets=125 bytesPerPacket=514 lost=1
LogOGInputRelay: Warning: [RelayFlush] window owner=OGBrawlerUECharacter_2147482375 flushedRounds=1870 entries=3461 entriesPerRoundX100=185 suppressed=1610 stageOverflowDrops=0
LogOGRelayProbe: Warning: [Warning][RelayProbe.Budget] conn=28300 frames=120 elapsedMs=2011 netSpeedBps=250000 allowanceBytesPerTick=4166 outBytes=62254 bytesPerTick=518 occupancyPctX10=124
LogOGRelayProbe: Warning: [Warning][RelayProbe.Budget] conn=28300 queuedBits min=-66666 max=-63766 mean=-65869 notReadyFrames=0 outPackets=121 bytesPerPacket=514 lost=1
LogOGRelayProbe: Warning: [Warning][RelayProbe.Frame] role=Server simTicks=121 frames=121 meanTicksPerFrameX100=100 p50=1 p99=1 max=2 meanFrameUs=16586
LogOGRelayProbe: Warning: [Warning][RelayProbe.Frame] role=Server cadence dFrame1=119 dFrame0=0 dFrameGt1=1 discont=0 numSteps total=121 max=2 gt1=1
LogOGInputRelay: Warning: [RelayFlush] window owner=OGBrawlerUECharacter_2147482398 flushedRounds=1986 entries=3703 entriesPerRoundX100=186 suppressed=1734 stageOverflowDrops=0
LogOGNet: Warning: [Warning][InputStats] dropped 0 / 238 remote inputs = 0%
LogOGRelayProbe: Warning: [Warning][RelayProbe.Budget] conn=28258 frames=120 elapsedMs=1989 netSpeedBps=250000 allowanceBytesPerTick=4166 outBytes=62008 bytesPerTick=516 occupancyPctX10=123
LogOGRelayProbe: Warning: [Warning][RelayProbe.Budget] conn=28258 queuedBits min=-66666 max=-63110 mean=-65756 notReadyFrames=0 outPackets=120 bytesPerPacket=516 lost=1
LogOGRelayProbe: Warning: [Warning][RelayProbe.Write] id=28322 runs=120 writes=229 observableWrites=229 captureSpan=229 receivedX1000=1000 observableX1000=1000 deliverableX1000=1000 replaceLatestObservableX1000=524
LogOGRelayProbe: Warning: [Warning][RelayProbe.Write] id=28322 writesPerFrame p50=2 p99=4 max=4 emptyFrames=110 nonConsecutive=0 missedCaptureTicks=0 captures=[4202,4430] discont=0
LogOGInputRelay: Warning: [RelayFlush] window owner=OGBrawlerUECharacter_2147482375 flushedRounds=1929 entries=3580 entriesPerRoundX100=185 suppressed=1671 stageOverflowDrops=0
LogOGRelayProbe: Warning: [Warning][RelayProbe.Budget] conn=28300 frames=120 elapsedMs=2009 netSpeedBps=250000 allowanceBytesPerTick=4166 outBytes=62719 bytesPerTick=522 occupancyPctX10=125
LogOGRelayProbe: Warning: [Warning][RelayProbe.Budget] conn=28300 queuedBits min=-66666 max=-63110 mean=-65789 notReadyFrames=0 outPackets=121 bytesPerPacket=518 lost=0
LogOGRelayProbe: Warning: [Warning][RelayProbe.Write] id=28281 runs=120 writes=224 observableWrites=224 captureSpan=224 receivedX1000=1000 observableX1000=1000 deliverableX1000=1000 replaceLatestObservableX1000=535
LogOGRelayProbe: Warning: [Warning][RelayProbe.Write] id=28281 writesPerFrame p50=2 p99=4 max=4 emptyFrames=105 nonConsecutive=0 missedCaptureTicks=0 captures=[4256,4479] discont=0
LogOGRelayProbe: Warning: [Warning][RelayProbe.Frame] role=Server simTicks=121 frames=121 meanTicksPerFrameX100=100 p50=1 p99=1 max=2 meanFrameUs=16633
LogOGRelayProbe: Warning: [Warning][RelayProbe.Frame] role=Server cadence dFrame1=119 dFrame0=0 dFrameGt1=1 discont=0 numSteps total=121 max=2 gt1=1
LogOGInputRelay: Warning: [RelayFlush] window owner=OGBrawlerUECharacter_2147482398 flushedRounds=2051 entries=3824 entriesPerRoundX100=186 suppressed=1789 stageOverflowDrops=0
LogOGNet: Warning: [Warning][InputStats] dropped 0 / 238 remote inputs = 0%
LogOGRelayProbe: Warning: [Warning][RelayProbe.Budget] conn=28258 frames=120 elapsedMs=2026 netSpeedBps=250000 allowanceBytesPerTick=4166 outBytes=62760 bytesPerTick=523 occupancyPctX10=125
LogOGRelayProbe: Warning: [Warning][RelayProbe.Budget] conn=28258 queuedBits min=-66666 max=-63630 mean=-65753 notReadyFrames=0 outPackets=122 bytesPerPacket=514 lost=1
LogOGInputRelay: Warning: [RelayFlush] window owner=OGBrawlerUECharacter_2147482375 flushedRounds=1993 entries=3699 entriesPerRoundX100=185 suppressed=1727 stageOverflowDrops=0
LogOGRelayProbe: Warning: [Warning][RelayProbe.Budget] conn=28300 frames=120 elapsedMs=2065 netSpeedBps=250000 allowanceBytesPerTick=4166 outBytes=63770 bytesPerTick=531 occupancyPctX10=127
LogOGRelayProbe: Warning: [Warning][RelayProbe.Budget] conn=28300 queuedBits min=-66666 max=-63630 mean=-65917 notReadyFrames=0 outPackets=124 bytesPerPacket=514 lost=1
LogOGRelayProbe: Warning: [Warning][RelayProbe.Frame] role=Server simTicks=124 frames=124 meanTicksPerFrameX100=100 p50=1 p99=2 max=2 meanFrameUs=16681
LogOGRelayProbe: Warning: [Warning][RelayProbe.Frame] role=Server cadence dFrame1=116 dFrame0=0 dFrameGt1=4 discont=0 numSteps total=124 max=2 gt1=4
LogOGInputRelay: Warning: [RelayFlush] window owner=OGBrawlerUECharacter_2147482398 flushedRounds=2117 entries=3943 entriesPerRoundX100=186 suppressed=1843 stageOverflowDrops=0
LogOGNet: Warning: [Warning][InputStats] dropped 0 / 238 remote inputs = 0%
LogOGRelayProbe: Warning: [Warning][RelayProbe.Write] id=28322 runs=120 writes=223 observableWrites=223 captureSpan=223 receivedX1000=1000 observableX1000=1000 deliverableX1000=1000 replaceLatestObservableX1000=538
LogOGRelayProbe: Warning: [Warning][RelayProbe.Write] id=28322 writesPerFrame p50=2 p99=4 max=4 emptyFrames=102 nonConsecutive=0 missedCaptureTicks=0 captures=[4431,4653] discont=0
LogOGRelayProbe: Warning: [Warning][RelayProbe.Budget] conn=28258 frames=120 elapsedMs=2055 netSpeedBps=250000 allowanceBytesPerTick=4166 outBytes=63662 bytesPerTick=530 occupancyPctX10=127
LogOGRelayProbe: Warning: [Warning][RelayProbe.Budget] conn=28258 queuedBits min=-66666 max=-63974 mean=-66131 notReadyFrames=0 outPackets=123 bytesPerPacket=517 lost=0
LogOGInputRelay: Warning: [RelayFlush] window owner=OGBrawlerUECharacter_2147482375 flushedRounds=2054 entries=3820 entriesPerRoundX100=185 suppressed=1786 stageOverflowDrops=0
LogOGRelayProbe: Warning: [Warning][RelayProbe.Write] id=28281 runs=120 writes=224 observableWrites=224 captureSpan=224 receivedX1000=1000 observableX1000=1000 deliverableX1000=1000 replaceLatestObservableX1000=535
LogOGRelayProbe: Warning: [Warning][RelayProbe.Write] id=28281 writesPerFrame p50=2 p99=4 max=5 emptyFrames=103 nonConsecutive=0 missedCaptureTicks=0 captures=[4480,4703] discont=0
LogOGRelayProbe: Warning: [Warning][RelayProbe.Budget] conn=28300 frames=120 elapsedMs=1999 netSpeedBps=250000 allowanceBytesPerTick=4166 outBytes=62128 bytesPerTick=517 occupancyPctX10=124
LogOGRelayProbe: Warning: [Warning][RelayProbe.Budget] conn=28300 queuedBits min=-66666 max=-63974 mean=-65974 notReadyFrames=0 outPackets=120 bytesPerPacket=517 lost=5
LogOGRelayProbe: Warning: [Warning][RelayProbe.Frame] role=Server simTicks=120 frames=120 meanTicksPerFrameX100=100 p50=1 p99=1 max=1 meanFrameUs=16678
LogOGRelayProbe: Warning: [Warning][RelayProbe.Frame] role=Server cadence dFrame1=120 dFrame0=0 dFrameGt1=0 discont=0 numSteps total=120 max=1 gt1=0
LogOGInputRelay: Warning: [RelayFlush] window owner=OGBrawlerUECharacter_2147482398 flushedRounds=2182 entries=4064 entriesPerRoundX100=186 suppressed=1898 stageOverflowDrops=0
LogOGNet: Warning: [Warning][InputStats] dropped 0 / 238 remote inputs = 0%
LogOGRelayProbe: Warning: [Warning][RelayProbe.Budget] conn=28258 frames=120 elapsedMs=2003 netSpeedBps=250000 allowanceBytesPerTick=4166 outBytes=61961 bytesPerTick=516 occupancyPctX10=123
LogOGRelayProbe: Warning: [Warning][RelayProbe.Budget] conn=28258 queuedBits min=-66666 max=-63794 mean=-66029 notReadyFrames=0 outPackets=120 bytesPerPacket=516 lost=3
LogOGInputRelay: Warning: [RelayFlush] window owner=OGBrawlerUECharacter_2147482375 flushedRounds=2119 entries=3940 entriesPerRoundX100=185 suppressed=1841 stageOverflowDrops=0
LogOGRelayProbe: Warning: [Warning][RelayProbe.Budget] conn=28300 frames=120 elapsedMs=2000 netSpeedBps=250000 allowanceBytesPerTick=4166 outBytes=61848 bytesPerTick=515 occupancyPctX10=123
LogOGRelayProbe: Warning: [Warning][RelayProbe.Budget] conn=28300 queuedBits min=-66666 max=-63696 mean=-66029 notReadyFrames=0 outPackets=120 bytesPerPacket=515 lost=1
LogOGRelayProbe: Warning: [Warning][RelayProbe.Frame] role=Server simTicks=120 frames=120 meanTicksPerFrameX100=100 p50=1 p99=1 max=1 meanFrameUs=16659
LogOGRelayProbe: Warning: [Warning][RelayProbe.Frame] role=Server cadence dFrame1=120 dFrame0=0 dFrameGt1=0 discont=0 numSteps total=120 max=1 gt1=0
LogOGInputRelay: Warning: [RelayFlush] window owner=OGBrawlerUECharacter_2147482398 flushedRounds=2244 entries=4184 entriesPerRoundX100=186 suppressed=1956 stageOverflowDrops=0
LogOGNet: Warning: [Warning][InputStats] dropped 0 / 238 remote inputs = 0%
LogOGRelayProbe: Warning: [Warning][RelayProbe.Write] id=28322 runs=120 writes=225 observableWrites=225 captureSpan=225 receivedX1000=1000 observableX1000=1000 deliverableX1000=1000 replaceLatestObservableX1000=533
LogOGRelayProbe: Warning: [Warning][RelayProbe.Write] id=28322 writesPerFrame p50=2 p99=4 max=5 emptyFrames=107 nonConsecutive=0 missedCaptureTicks=0 captures=[4654,4878] discont=0
LogOGRelayProbe: Warning: [Warning][RelayProbe.Budget] conn=28258 frames=120 elapsedMs=2010 netSpeedBps=250000 allowanceBytesPerTick=4166 outBytes=62384 bytesPerTick=519 occupancyPctX10=124
LogOGRelayProbe: Warning: [Warning][RelayProbe.Budget] conn=28258 queuedBits min=-66666 max=-63250 mean=-65923 notReadyFrames=0 outPackets=121 bytesPerPacket=515 lost=2
LogOGInputRelay: Warning: [RelayFlush] window owner=OGBrawlerUECharacter_2147482375 flushedRounds=2187 entries=4060 entriesPerRoundX100=185 suppressed=1893 stageOverflowDrops=0
LogOGRelayProbe: Warning: [Warning][RelayProbe.Write] id=28281 runs=120 writes=233 observableWrites=233 captureSpan=233 receivedX1000=1000 observableX1000=1000 deliverableX1000=1000 replaceLatestObservableX1000=515
LogOGRelayProbe: Warning: [Warning][RelayProbe.Write] id=28281 writesPerFrame p50=2 p99=4 max=4 emptyFrames=114 nonConsecutive=0 missedCaptureTicks=0 captures=[4704,4936] discont=0
LogOGRelayProbe: Warning: [Warning][RelayProbe.Budget] conn=28300 frames=120 elapsedMs=2015 netSpeedBps=250000 allowanceBytesPerTick=4166 outBytes=62587 bytesPerTick=521 occupancyPctX10=125
LogOGRelayProbe: Warning: [Warning][RelayProbe.Budget] conn=28300 queuedBits min=-66666 max=-63250 mean=-65936 notReadyFrames=0 outPackets=121 bytesPerPacket=517 lost=0
LogOGRelayProbe: Warning: [Warning][RelayProbe.Frame] role=Server simTicks=121 frames=122 meanTicksPerFrameX100=99 p50=1 p99=1 max=2 meanFrameUs=16642
LogOGRelayProbe: Warning: [Warning][RelayProbe.Frame] role=Server cadence dFrame1=118 dFrame0=0 dFrameGt1=2 discont=0 numSteps total=121 max=2 gt1=1
LogOGInputRelay: Warning: [RelayFlush] window owner=OGBrawlerUECharacter_2147482398 flushedRounds=2303 entries=4302 entriesPerRoundX100=186 suppressed=2017 stageOverflowDrops=0
LogOGNet: Warning: [Warning][InputStats] dropped 0 / 238 remote inputs = 0%
LogOGRelayProbe: Warning: [Warning][RelayProbe.Budget] conn=28258 frames=120 elapsedMs=2018 netSpeedBps=250000 allowanceBytesPerTick=4166 outBytes=62546 bytesPerTick=521 occupancyPctX10=125
LogOGRelayProbe: Warning: [Warning][RelayProbe.Budget] conn=28258 queuedBits min=-66666 max=-63696 mean=-65935 notReadyFrames=0 outPackets=121 bytesPerPacket=516 lost=0
LogOGInputRelay: Warning: [RelayFlush] window owner=OGBrawlerUECharacter_2147482375 flushedRounds=2254 entries=4179 entriesPerRoundX100=185 suppressed=1946 stageOverflowDrops=0
LogOGRelayProbe: Warning: [Warning][RelayProbe.Budget] conn=28300 frames=120 elapsedMs=2029 netSpeedBps=250000 allowanceBytesPerTick=4166 outBytes=62824 bytesPerTick=523 occupancyPctX10=125
LogOGRelayProbe: Warning: [Warning][RelayProbe.Budget] conn=28300 queuedBits min=-66666 max=-63696 mean=-65932 notReadyFrames=0 outPackets=122 bytesPerPacket=514 lost=0
LogOGRelayProbe: Warning: [Warning][RelayProbe.Write] id=28322 runs=120 writes=209 observableWrites=209 captureSpan=209 receivedX1000=1000 observableX1000=1000 deliverableX1000=1000 replaceLatestObservableX1000=574
LogOGRelayProbe: Warning: [Warning][RelayProbe.Write] id=28322 writesPerFrame p50=2 p99=3 max=3 emptyFrames=89 nonConsecutive=0 missedCaptureTicks=0 captures=[4879,5087] discont=0
LogOGRelayProbe: Warning: [Warning][RelayProbe.Frame] role=Server simTicks=121 frames=121 meanTicksPerFrameX100=100 p50=1 p99=1 max=2 meanFrameUs=16619
LogOGRelayProbe: Warning: [Warning][RelayProbe.Frame] role=Server cadence dFrame1=119 dFrame0=0 dFrameGt1=1 discont=0 numSteps total=121 max=2 gt1=1
LogOGInputRelay: Warning: [RelayFlush] window owner=OGBrawlerUECharacter_2147482398 flushedRounds=2369 entries=4422 entriesPerRoundX100=186 suppressed=2071 stageOverflowDrops=0
LogOGNet: Warning: [Warning][InputStats] dropped 0 / 238 remote inputs = 0%
LogOGRelayProbe: Warning: [Warning][RelayProbe.Budget] conn=28258 frames=120 elapsedMs=2005 netSpeedBps=250000 allowanceBytesPerTick=4166 outBytes=62317 bytesPerTick=519 occupancyPctX10=124
LogOGRelayProbe: Warning: [Warning][RelayProbe.Budget] conn=28258 queuedBits min=-66666 max=-63606 mean=-65813 notReadyFrames=0 outPackets=121 bytesPerPacket=515 lost=0
LogOGRelayProbe: Warning: [Warning][RelayProbe.Write] id=28281 runs=120 writes=224 observableWrites=224 captureSpan=224 receivedX1000=1000 observableX1000=1000 deliverableX1000=1000 replaceLatestObservableX1000=535
LogOGRelayProbe: Warning: [Warning][RelayProbe.Write] id=28281 writesPerFrame p50=2 p99=4 max=5 emptyFrames=106 nonConsecutive=0 missedCaptureTicks=0 captures=[4937,5160] discont=0
LogOGInputRelay: Warning: [RelayFlush] window owner=OGBrawlerUECharacter_2147482375 flushedRounds=2317 entries=4298 entriesPerRoundX100=185 suppressed=2003 stageOverflowDrops=0
LogOGRelayProbe: Warning: [Warning][RelayProbe.Budget] conn=28300 frames=120 elapsedMs=2034 netSpeedBps=250000 allowanceBytesPerTick=4166 outBytes=63282 bytesPerTick=527 occupancyPctX10=126
LogOGRelayProbe: Warning: [Warning][RelayProbe.Budget] conn=28300 queuedBits min=-66666 max=-63414 mean=-65705 notReadyFrames=0 outPackets=123 bytesPerPacket=514 lost=2
LogOGRelayProbe: Warning: [Warning][RelayProbe.Frame] role=Server simTicks=123 frames=124 meanTicksPerFrameX100=99 p50=1 p99=2 max=2 meanFrameUs=16555
LogOGRelayProbe: Warning: [Warning][RelayProbe.Frame] role=Server cadence dFrame1=116 dFrame0=0 dFrameGt1=4 discont=0 numSteps total=123 max=2 gt1=3
LogOGInputRelay: Warning: [RelayFlush] window owner=OGBrawlerUECharacter_2147482398 flushedRounds=2431 entries=4543 entriesPerRoundX100=186 suppressed=2129 stageOverflowDrops=0
LogOGNet: Warning: [Warning][InputStats] dropped 0 / 238 remote inputs = 0%
LogOGRelayProbe: Warning: [Warning][RelayProbe.Budget] conn=28258 frames=120 elapsedMs=2055 netSpeedBps=250000 allowanceBytesPerTick=4166 outBytes=63823 bytesPerTick=531 occupancyPctX10=127
LogOGRelayProbe: Warning: [Warning][RelayProbe.Budget] conn=28258 queuedBits min=-66666 max=-63414 mean=-65784 notReadyFrames=0 outPackets=124 bytesPerPacket=514 lost=2
LogOGInputRelay: Warning: [RelayFlush] window owner=OGBrawlerUECharacter_2147482375 flushedRounds=2379 entries=4418 entriesPerRoundX100=185 suppressed=2061 stageOverflowDrops=0
LogOGRelayProbe: Warning: [Warning][RelayProbe.Write] id=28322 runs=120 writes=232 observableWrites=232 captureSpan=232 receivedX1000=1000 observableX1000=1000 deliverableX1000=1000 replaceLatestObservableX1000=517
LogOGRelayProbe: Warning: [Warning][RelayProbe.Write] id=28322 writesPerFrame p50=2 p99=5 max=5 emptyFrames=113 nonConsecutive=0 missedCaptureTicks=0 captures=[5088,5319] discont=0
LogOGRelayProbe: Warning: [Warning][RelayProbe.Budget] conn=28300 frames=120 elapsedMs=2009 netSpeedBps=250000 allowanceBytesPerTick=4166 outBytes=62364 bytesPerTick=519 occupancyPctX10=124
LogOGRelayProbe: Warning: [Warning][RelayProbe.Budget] conn=28300 queuedBits min=-66666 max=-63444 mean=-65813 notReadyFrames=0 outPackets=121 bytesPerPacket=515 lost=0
LogOGRelayProbe: Warning: [Warning][RelayProbe.Frame] role=Server simTicks=120 frames=120 meanTicksPerFrameX100=100 p50=1 p99=1 max=1 meanFrameUs=16626
LogOGRelayProbe: Warning: [Warning][RelayProbe.Frame] role=Server cadence dFrame1=120 dFrame0=0 dFrameGt1=0 discont=0 numSteps total=120 max=1 gt1=0
LogOGInputRelay: Warning: [RelayFlush] window owner=OGBrawlerUECharacter_2147482398 flushedRounds=2494 entries=4661 entriesPerRoundX100=186 suppressed=2186 stageOverflowDrops=0
LogOGNet: Warning: [Warning][InputStats] dropped 0 / 238 remote inputs = 0%
LogOGRelayProbe: Warning: [Warning][RelayProbe.Budget] conn=28258 frames=120 elapsedMs=1998 netSpeedBps=250000 allowanceBytesPerTick=4166 outBytes=62085 bytesPerTick=517 occupancyPctX10=124
LogOGRelayProbe: Warning: [Warning][RelayProbe.Budget] conn=28258 queuedBits min=-66666 max=-63444 mean=-65903 notReadyFrames=0 outPackets=120 bytesPerPacket=517 lost=1
LogOGRelayProbe: Warning: [Warning][RelayProbe.Write] id=28281 runs=120 writes=230 observableWrites=230 captureSpan=230 receivedX1000=1000 observableX1000=1000 deliverableX1000=1000 replaceLatestObservableX1000=521
LogOGRelayProbe: Warning: [Warning][RelayProbe.Write] id=28281 writesPerFrame p50=2 p99=4 max=5 emptyFrames=112 nonConsecutive=0 missedCaptureTicks=0 captures=[5161,5390] discont=0
LogOGInputRelay: Warning: [RelayFlush] window owner=OGBrawlerUECharacter_2147482375 flushedRounds=2441 entries=4538 entriesPerRoundX100=185 suppressed=2119 stageOverflowDrops=0
LogOGRelayProbe: Warning: [Warning][RelayProbe.Budget] conn=28300 frames=120 elapsedMs=1994 netSpeedBps=250000 allowanceBytesPerTick=4166 outBytes=62071 bytesPerTick=517 occupancyPctX10=124
LogOGRelayProbe: Warning: [Warning][RelayProbe.Budget] conn=28300 queuedBits min=-66666 max=-63328 mean=-65825 notReadyFrames=0 outPackets=120 bytesPerPacket=517 lost=1
LogOGRelayProbe: Warning: [Warning][RelayProbe.Frame] role=Server simTicks=120 frames=120 meanTicksPerFrameX100=100 p50=1 p99=1 max=1 meanFrameUs=16612
LogOGRelayProbe: Warning: [Warning][RelayProbe.Frame] role=Server cadence dFrame1=120 dFrame0=0 dFrameGt1=0 discont=0 numSteps total=120 max=1 gt1=0
LogOGInputRelay: Warning: [RelayFlush] window owner=OGBrawlerUECharacter_2147482398 flushedRounds=2556 entries=4780 entriesPerRoundX100=187 suppressed=2244 stageOverflowDrops=0
LogOGNet: Warning: [Warning][InputStats] dropped 0 / 238 remote inputs = 0%
LogOGRelayProbe: Warning: [Warning][RelayProbe.Budget] conn=28258 frames=120 elapsedMs=2005 netSpeedBps=250000 allowanceBytesPerTick=4166 outBytes=62198 bytesPerTick=518 occupancyPctX10=124
LogOGRelayProbe: Warning: [Warning][RelayProbe.Budget] conn=28258 queuedBits min=-66666 max=-63328 mean=-65781 notReadyFrames=0 outPackets=121 bytesPerPacket=514 lost=2
LogOGInputRelay: Warning: [RelayFlush] window owner=OGBrawlerUECharacter_2147482375 flushedRounds=2505 entries=4659 entriesPerRoundX100=185 suppressed=2175 stageOverflowDrops=0
LogOGRelayProbe: Warning: [Warning][RelayProbe.Write] id=28322 runs=120 writes=230 observableWrites=230 captureSpan=230 receivedX1000=1000 observableX1000=1000 deliverableX1000=1000 replaceLatestObservableX1000=521
LogOGRelayProbe: Warning: [Warning][RelayProbe.Write] id=28322 writesPerFrame p50=2 p99=5 max=5 emptyFrames=110 nonConsecutive=0 missedCaptureTicks=0 captures=[5320,5549] discont=0
LogOGRelayProbe: Warning: [Warning][RelayProbe.Budget] conn=28300 frames=120 elapsedMs=2008 netSpeedBps=250000 allowanceBytesPerTick=4166 outBytes=62487 bytesPerTick=520 occupancyPctX10=124
LogOGRelayProbe: Warning: [Warning][RelayProbe.Budget] conn=28300 queuedBits min=-66666 max=-62888 mean=-65846 notReadyFrames=0 outPackets=121 bytesPerPacket=516 lost=3
LogOGRelayProbe: Warning: [Warning][RelayProbe.Frame] role=Server simTicks=120 frames=121 meanTicksPerFrameX100=99 p50=1 p99=1 max=1 meanFrameUs=16604
LogOGRelayProbe: Warning: [Warning][RelayProbe.Frame] role=Server cadence dFrame1=119 dFrame0=0 dFrameGt1=1 discont=0 numSteps total=120 max=1 gt1=0
LogOGInputRelay: Warning: [RelayFlush] window owner=OGBrawlerUECharacter_2147482398 flushedRounds=2619 entries=4901 entriesPerRoundX100=187 suppressed=2301 stageOverflowDrops=0
LogOGNet: Warning: [Warning][InputStats] dropped 0 / 238 remote inputs = 0%
LogOGRelayProbe: Warning: [Warning][RelayProbe.Write] id=28281 runs=120 writes=227 observableWrites=227 captureSpan=227 receivedX1000=1000 observableX1000=1000 deliverableX1000=1000 replaceLatestObservableX1000=528
LogOGRelayProbe: Warning: [Warning][RelayProbe.Write] id=28281 writesPerFrame p50=2 p99=4 max=4 emptyFrames=105 nonConsecutive=0 missedCaptureTicks=0 captures=[5391,5617] discont=0
LogOGRelayProbe: Warning: [Warning][RelayProbe.Budget] conn=28258 frames=120 elapsedMs=1996 netSpeedBps=250000 allowanceBytesPerTick=4166 outBytes=62163 bytesPerTick=518 occupancyPctX10=124
LogOGRelayProbe: Warning: [Warning][RelayProbe.Budget] conn=28258 queuedBits min=-66666 max=-62888 mean=-65833 notReadyFrames=0 outPackets=120 bytesPerPacket=518 lost=1
LogOGInputRelay: Warning: [RelayFlush] window owner=OGBrawlerUECharacter_2147482375 flushedRounds=2572 entries=4776 entriesPerRoundX100=185 suppressed=2228 stageOverflowDrops=0
LogOGRelayProbe: Warning: [Warning][RelayProbe.Budget] conn=28300 frames=120 elapsedMs=1995 netSpeedBps=250000 allowanceBytesPerTick=4166 outBytes=61872 bytesPerTick=515 occupancyPctX10=123
LogOGRelayProbe: Warning: [Warning][RelayProbe.Budget] conn=28300 queuedBits min=-66666 max=-63504 mean=-65820 notReadyFrames=0 outPackets=120 bytesPerPacket=515 lost=0
LogOGRelayProbe: Warning: [Warning][RelayProbe.Frame] role=Server simTicks=120 frames=120 meanTicksPerFrameX100=100 p50=1 p99=1 max=1 meanFrameUs=16596
LogOGRelayProbe: Warning: [Warning][RelayProbe.Frame] role=Server cadence dFrame1=120 dFrame0=0 dFrameGt1=0 discont=0 numSteps total=120 max=1 gt1=0
LogOGInputRelay: Warning: [RelayFlush] window owner=OGBrawlerUECharacter_2147482398 flushedRounds=2683 entries=5019 entriesPerRoundX100=187 suppressed=2357 stageOverflowDrops=0
LogOGNet: Warning: [Warning][InputStats] dropped 0 / 238 remote inputs = 0%
LogOGRelayProbe: Warning: [Warning][RelayProbe.Budget] conn=28258 frames=120 elapsedMs=1992 netSpeedBps=250000 allowanceBytesPerTick=4166 outBytes=62061 bytesPerTick=517 occupancyPctX10=124
LogOGRelayProbe: Warning: [Warning][RelayProbe.Budget] conn=28258 queuedBits min=-66666 max=-63812 mean=-65859 notReadyFrames=0 outPackets=120 bytesPerPacket=517 lost=2
LogOGInputRelay: Warning: [RelayFlush] window owner=OGBrawlerUECharacter_2147482375 flushedRounds=2640 entries=4897 entriesPerRoundX100=185 suppressed=2280 stageOverflowDrops=0
LogOGRelayProbe: Warning: [Warning][RelayProbe.Write] id=28322 runs=120 writes=212 observableWrites=212 captureSpan=212 receivedX1000=1000 observableX1000=1000 deliverableX1000=1000 replaceLatestObservableX1000=566
LogOGRelayProbe: Warning: [Warning][RelayProbe.Write] id=28322 writesPerFrame p50=2 p99=3 max=4 emptyFrames=94 nonConsecutive=0 missedCaptureTicks=0 captures=[5550,5761] discont=0
LogOGRelayProbe: Warning: [Warning][RelayProbe.Budget] conn=28300 frames=120 elapsedMs=2043 netSpeedBps=250000 allowanceBytesPerTick=4166 outBytes=63393 bytesPerTick=528 occupancyPctX10=126
LogOGRelayProbe: Warning: [Warning][RelayProbe.Budget] conn=28300 queuedBits min=-66666 max=-63812 mean=-65802 notReadyFrames=0 outPackets=123 bytesPerPacket=515 lost=0
LogOGInputRelay: Warning: [RelayFlush] window owner=OGBrawlerUECharacter_2147482398 flushedRounds=2747 entries=5139 entriesPerRoundX100=187 suppressed=2413 stageOverflowDrops=0
LogOGRelayProbe: Warning: [Warning][RelayProbe.Frame] role=Server simTicks=124 frames=125 meanTicksPerFrameX100=99 p50=1 p99=1 max=2 meanFrameUs=16621
LogOGRelayProbe: Warning: [Warning][RelayProbe.Frame] role=Server cadence dFrame1=115 dFrame0=0 dFrameGt1=5 discont=0 numSteps total=124 max=2 gt1=4
LogOGNet: Warning: [Warning][InputStats] dropped 0 / 238 remote inputs = 0%
LogOGRelayProbe: Warning: [Warning][RelayProbe.Write] id=28281 runs=120 writes=232 observableWrites=232 captureSpan=232 receivedX1000=1000 observableX1000=1000 deliverableX1000=1000 replaceLatestObservableX1000=517
LogOGRelayProbe: Warning: [Warning][RelayProbe.Write] id=28281 writesPerFrame p50=2 p99=4 max=5 emptyFrames=114 nonConsecutive=0 missedCaptureTicks=0 captures=[5618,5849] discont=0
LogOGRelayProbe: Warning: [Warning][RelayProbe.Budget] conn=28258 frames=120 elapsedMs=2069 netSpeedBps=250000 allowanceBytesPerTick=4166 outBytes=64262 bytesPerTick=535 occupancyPctX10=128
LogOGRelayProbe: Warning: [Warning][RelayProbe.Budget] conn=28258 queuedBits min=-66666 max=-63260 mean=-65650 notReadyFrames=0 outPackets=125 bytesPerPacket=514 lost=3
LogOGInputRelay: Warning: [RelayFlush] window owner=OGBrawlerUECharacter_2147482375 flushedRounds=2703 entries=5015 entriesPerRoundX100=185 suppressed=2337 stageOverflowDrops=0
LogOGRelayProbe: Warning: [Warning][RelayProbe.Budget] conn=28300 frames=120 elapsedMs=2021 netSpeedBps=250000 allowanceBytesPerTick=4166 outBytes=62838 bytesPerTick=523 occupancyPctX10=125
LogOGRelayProbe: Warning: [Warning][RelayProbe.Budget] conn=28300 queuedBits min=-66666 max=-63260 mean=-65755 notReadyFrames=0 outPackets=122 bytesPerPacket=515 lost=1
LogOGInputRelay: Warning: [RelayFlush] window owner=OGBrawlerUECharacter_2147482398 flushedRounds=2809 entries=5260 entriesPerRoundX100=187 suppressed=2471 stageOverflowDrops=0
LogOGRelayProbe: Warning: [Warning][RelayProbe.Frame] role=Server simTicks=120 frames=121 meanTicksPerFrameX100=99 p50=1 p99=1 max=1 meanFrameUs=16547
LogOGRelayProbe: Warning: [Warning][RelayProbe.Frame] role=Server cadence dFrame1=119 dFrame0=0 dFrameGt1=1 discont=0 numSteps total=120 max=1 gt1=0
LogOGNet: Warning: [Warning][InputStats] dropped 0 / 238 remote inputs = 0%
LogOGRelayProbe: Warning: [Warning][RelayProbe.Write] id=28322 runs=120 writes=229 observableWrites=229 captureSpan=229 receivedX1000=1000 observableX1000=1000 deliverableX1000=1000 replaceLatestObservableX1000=524
LogOGRelayProbe: Warning: [Warning][RelayProbe.Write] id=28322 writesPerFrame p50=2 p99=5 max=5 emptyFrames=108 nonConsecutive=0 missedCaptureTicks=0 captures=[5762,5990] discont=0
LogOGRelayProbe: Warning: [Warning][RelayProbe.Budget] conn=28258 frames=120 elapsedMs=2055 netSpeedBps=250000 allowanceBytesPerTick=4166 outBytes=63909 bytesPerTick=532 occupancyPctX10=127
LogOGRelayProbe: Warning: [Warning][RelayProbe.Budget] conn=28258 queuedBits min=-66666 max=-63418 mean=-65782 notReadyFrames=0 outPackets=124 bytesPerPacket=515 lost=4
LogOGInputRelay: Warning: [RelayFlush] window owner=OGBrawlerUECharacter_2147482375 flushedRounds=2767 entries=5136 entriesPerRoundX100=185 suppressed=2393 stageOverflowDrops=0
LogOGRelayProbe: Warning: [Warning][RelayProbe.Budget] conn=28300 frames=120 elapsedMs=2055 netSpeedBps=250000 allowanceBytesPerTick=4166 outBytes=63615 bytesPerTick=530 occupancyPctX10=127
LogOGRelayProbe: Warning: [Warning][RelayProbe.Budget] conn=28300 queuedBits min=-66666 max=-63468 mean=-65793 notReadyFrames=0 outPackets=124 bytesPerPacket=513 lost=1
LogOGInputRelay: Warning: [RelayFlush] window owner=OGBrawlerUECharacter_2147482398 flushedRounds=2871 entries=5378 entriesPerRoundX100=187 suppressed=2529 stageOverflowDrops=0
LogOGRelayProbe: Warning: [Warning][RelayProbe.Frame] role=Server simTicks=123 frames=123 meanTicksPerFrameX100=100 p50=1 p99=2 max=2 meanFrameUs=16597
LogOGRelayProbe: Warning: [Warning][RelayProbe.Frame] role=Server cadence dFrame1=117 dFrame0=0 dFrameGt1=3 discont=0 numSteps total=123 max=2 gt1=3
LogOGNet: Warning: [Warning][InputStats] dropped 0 / 238 remote inputs = 0%
LogOGRelayProbe: Warning: [Warning][RelayProbe.Write] id=28281 runs=120 writes=228 observableWrites=228 captureSpan=228 receivedX1000=1000 observableX1000=1000 deliverableX1000=1000 replaceLatestObservableX1000=526
LogOGRelayProbe: Warning: [Warning][RelayProbe.Write] id=28281 writesPerFrame p50=2 p99=4 max=5 emptyFrames=108 nonConsecutive=0 missedCaptureTicks=0 captures=[5850,6077] discont=0
LogOGRelayProbe: Warning: [Warning][RelayProbe.Budget] conn=28258 frames=120 elapsedMs=1998 netSpeedBps=250000 allowanceBytesPerTick=4166 outBytes=61744 bytesPerTick=514 occupancyPctX10=123
LogOGRelayProbe: Warning: [Warning][RelayProbe.Budget] conn=28258 queuedBits min=-66666 max=-63506 mean=-65987 notReadyFrames=0 outPackets=120 bytesPerPacket=514 lost=0
LogOGInputRelay: Warning: [RelayFlush] window owner=OGBrawlerUECharacter_2147482375 flushedRounds=2826 entries=5255 entriesPerRoundX100=185 suppressed=2454 stageOverflowDrops=0
LogOGRelayProbe: Warning: [Warning][RelayProbe.Budget] conn=28300 frames=120 elapsedMs=2026 netSpeedBps=250000 allowanceBytesPerTick=4166 outBytes=62676 bytesPerTick=522 occupancyPctX10=125
LogOGRelayProbe: Warning: [Warning][RelayProbe.Budget] conn=28300 queuedBits min=-66666 max=-63740 mean=-66148 notReadyFrames=0 outPackets=121 bytesPerPacket=517 lost=1
LogOGInputRelay: Warning: [RelayFlush] window owner=OGBrawlerUECharacter_2147482398 flushedRounds=2939 entries=5499 entriesPerRoundX100=187 suppressed=2581 stageOverflowDrops=0
LogOGRelayProbe: Warning: [Warning][RelayProbe.Frame] role=Server simTicks=122 frames=121 meanTicksPerFrameX100=100 p50=1 p99=1 max=2 meanFrameUs=16779
LogOGRelayProbe: Warning: [Warning][RelayProbe.Frame] role=Server cadence dFrame1=119 dFrame0=0 dFrameGt1=1 discont=0 numSteps total=122 max=2 gt1=2
LogOGNet: Warning: [Warning][InputStats] dropped 0 / 238 remote inputs = 0%
LogOGRelayProbe: Warning: [Warning][RelayProbe.Write] id=28322 runs=120 writes=234 observableWrites=234 captureSpan=234 receivedX1000=1000 observableX1000=1000 deliverableX1000=1000 replaceLatestObservableX1000=512
LogOGRelayProbe: Warning: [Warning][RelayProbe.Write] id=28322 writesPerFrame p50=2 p99=5 max=5 emptyFrames=113 nonConsecutive=0 missedCaptureTicks=0 captures=[5991,6224] discont=0
LogOGRelayProbe: Warning: [Warning][RelayProbe.Budget] conn=28258 frames=120 elapsedMs=2036 netSpeedBps=250000 allowanceBytesPerTick=4166 outBytes=63095 bytesPerTick=525 occupancyPctX10=126
LogOGRelayProbe: Warning: [Warning][RelayProbe.Budget] conn=28258 queuedBits min=-66666 max=-63490 mean=-66023 notReadyFrames=0 outPackets=122 bytesPerPacket=517 lost=1
LogOGInputRelay: Warning: [RelayFlush] window owner=OGBrawlerUECharacter_2147482375 flushedRounds=2891 entries=5376 entriesPerRoundX100=185 suppressed=2509 stageOverflowDrops=0
LogOGRelayProbe: Warning: [Warning][RelayProbe.Write] id=28281 runs=120 writes=215 observableWrites=215 captureSpan=215 receivedX1000=1000 observableX1000=1000 deliverableX1000=1000 replaceLatestObservableX1000=558
LogOGRelayProbe: Warning: [Warning][RelayProbe.Write] id=28281 writesPerFrame p50=2 p99=4 max=5 emptyFrames=95 nonConsecutive=0 missedCaptureTicks=0 captures=[6078,6292] discont=0
LogOGRelayProbe: Warning: [Warning][RelayProbe.Budget] conn=28300 frames=120 elapsedMs=2008 netSpeedBps=250000 allowanceBytesPerTick=4166 outBytes=62601 bytesPerTick=521 occupancyPctX10=125
LogOGRelayProbe: Warning: [Warning][RelayProbe.Budget] conn=28300 queuedBits min=-66666 max=-62936 mean=-65833 notReadyFrames=0 outPackets=121 bytesPerPacket=517 lost=1
LogOGInputRelay: Warning: [RelayFlush] window owner=OGBrawlerUECharacter_2147482398 flushedRounds=3005 entries=5618 entriesPerRoundX100=186 suppressed=2635 stageOverflowDrops=0
LogOGNet: Warning: [Warning][InputStats] dropped 0 / 238 remote inputs = 0%
LogOGRelayProbe: Warning: [Warning][RelayProbe.Frame] role=Server simTicks=120 frames=121 meanTicksPerFrameX100=99 p50=1 p99=1 max=1 meanFrameUs=16553
LogOGRelayProbe: Warning: [Warning][RelayProbe.Frame] role=Server cadence dFrame1=119 dFrame0=0 dFrameGt1=1 discont=0 numSteps total=120 max=1 gt1=0
LogOGRelayProbe: Warning: [Warning][RelayProbe.Budget] conn=28258 frames=120 elapsedMs=1987 netSpeedBps=250000 allowanceBytesPerTick=4166 outBytes=61954 bytesPerTick=516 occupancyPctX10=123
LogOGRelayProbe: Warning: [Warning][RelayProbe.Budget] conn=28258 queuedBits min=-66666 max=-62936 mean=-65748 notReadyFrames=0 outPackets=120 bytesPerPacket=516 lost=3
LogOGInputRelay: Warning: [RelayFlush] window owner=OGBrawlerUECharacter_2147482375 flushedRounds=2956 entries=5495 entriesPerRoundX100=185 suppressed=2564 stageOverflowDrops=0
LogOGRelayProbe: Warning: [Warning][RelayProbe.Budget] conn=28300 frames=120 elapsedMs=1989 netSpeedBps=250000 allowanceBytesPerTick=4166 outBytes=62131 bytesPerTick=517 occupancyPctX10=124
LogOGRelayProbe: Warning: [Warning][RelayProbe.Budget] conn=28300 queuedBits min=-66666 max=-63046 mean=-65784 notReadyFrames=0 outPackets=120 bytesPerPacket=517 lost=2
LogOGInputRelay: Warning: [RelayFlush] window owner=OGBrawlerUECharacter_2147482398 flushedRounds=3067 entries=5739 entriesPerRoundX100=187 suppressed=2693 stageOverflowDrops=0
LogOGNet: Warning: [Warning][InputStats] dropped 0 / 238 remote inputs = 0%
LogOGRelayProbe: Warning: [Warning][RelayProbe.Frame] role=Server simTicks=120 frames=121 meanTicksPerFrameX100=99 p50=1 p99=1 max=1 meanFrameUs=16569
LogOGRelayProbe: Warning: [Warning][RelayProbe.Frame] role=Server cadence dFrame1=119 dFrame0=0 dFrameGt1=1 discont=0 numSteps total=120 max=1 gt1=0
LogOGRelayProbe: Warning: [Warning][RelayProbe.Write] id=28322 runs=120 writes=217 observableWrites=217 captureSpan=217 receivedX1000=1000 observableX1000=1000 deliverableX1000=1000 replaceLatestObservableX1000=552
LogOGRelayProbe: Warning: [Warning][RelayProbe.Write] id=28322 writesPerFrame p50=2 p99=4 max=4 emptyFrames=100 nonConsecutive=0 missedCaptureTicks=0 captures=[6225,6441] discont=0
LogOGRelayProbe: Warning: [Warning][RelayProbe.Budget] conn=28258 frames=120 elapsedMs=2006 netSpeedBps=250000 allowanceBytesPerTick=4166 outBytes=62604 bytesPerTick=521 occupancyPctX10=125
LogOGRelayProbe: Warning: [Warning][RelayProbe.Budget] conn=28258 queuedBits min=-66666 max=-62950 mean=-65845 notReadyFrames=0 outPackets=121 bytesPerPacket=517 lost=1
LogOGInputRelay: Warning: [RelayFlush] window owner=OGBrawlerUECharacter_2147482375 flushedRounds=3022 entries=5616 entriesPerRoundX100=185 suppressed=2618 stageOverflowDrops=0
LogOGRelayProbe: Warning: [Warning][RelayProbe.Write] id=28281 runs=120 writes=231 observableWrites=231 captureSpan=231 receivedX1000=1000 observableX1000=1000 deliverableX1000=1000 replaceLatestObservableX1000=519
LogOGRelayProbe: Warning: [Warning][RelayProbe.Write] id=28281 writesPerFrame p50=2 p99=4 max=5 emptyFrames=113 nonConsecutive=0 missedCaptureTicks=0 captures=[6293,6523] discont=0
LogOGRelayProbe: Warning: [Warning][RelayProbe.Budget] conn=28300 frames=120 elapsedMs=2003 netSpeedBps=250000 allowanceBytesPerTick=4166 outBytes=62145 bytesPerTick=517 occupancyPctX10=124
LogOGRelayProbe: Warning: [Warning][RelayProbe.Budget] conn=28300 queuedBits min=-66666 max=-62950 mean=-65853 notReadyFrames=0 outPackets=121 bytesPerPacket=513 lost=1
LogOGInputRelay: Warning: [RelayFlush] window owner=OGBrawlerUECharacter_2147482398 flushedRounds=3129 entries=5857 entriesPerRoundX100=187 suppressed=2751 stageOverflowDrops=0
LogOGNet: Warning: [Warning][InputStats] dropped 0 / 238 remote inputs = 0%
LogOGRelayProbe: Warning: [Warning][RelayProbe.Frame] role=Server simTicks=120 frames=120 meanTicksPerFrameX100=100 p50=1 p99=1 max=1 meanFrameUs=16593
LogOGRelayProbe: Warning: [Warning][RelayProbe.Frame] role=Server cadence dFrame1=120 dFrame0=0 dFrameGt1=0 discont=0 numSteps total=120 max=1 gt1=0
LogOGRelayProbe: Warning: [Warning][RelayProbe.Budget] conn=28258 frames=120 elapsedMs=2004 netSpeedBps=250000 allowanceBytesPerTick=4166 outBytes=62343 bytesPerTick=519 occupancyPctX10=124
LogOGRelayProbe: Warning: [Warning][RelayProbe.Budget] conn=28258 queuedBits min=-66666 max=-63012 mean=-65762 notReadyFrames=0 outPackets=121 bytesPerPacket=515 lost=0
LogOGInputRelay: Warning: [RelayFlush] window owner=OGBrawlerUECharacter_2147482375 flushedRounds=3081 entries=5736 entriesPerRoundX100=186 suppressed=2679 stageOverflowDrops=0
LogOGRelayProbe: Warning: [Warning][RelayProbe.Budget] conn=28300 frames=120 elapsedMs=2003 netSpeedBps=250000 allowanceBytesPerTick=4166 outBytes=62600 bytesPerTick=521 occupancyPctX10=125
LogOGRelayProbe: Warning: [Warning][RelayProbe.Budget] conn=28300 queuedBits min=-66666 max=-63012 mean=-65740 notReadyFrames=0 outPackets=121 bytesPerPacket=517 lost=1
LogOGInputRelay: Warning: [RelayFlush] window owner=OGBrawlerUECharacter_2147482398 flushedRounds=3197 entries=5976 entriesPerRoundX100=186 suppressed=2803 stageOverflowDrops=0
LogOGNet: Warning: [Warning][InputStats] dropped 0 / 238 remote inputs = 0%
LogOGRelayProbe: Warning: [Warning][RelayProbe.Frame] role=Server simTicks=120 frames=121 meanTicksPerFrameX100=99 p50=1 p99=1 max=1 meanFrameUs=16553
LogOGRelayProbe: Warning: [Warning][RelayProbe.Frame] role=Server cadence dFrame1=119 dFrame0=0 dFrameGt1=1 discont=0 numSteps total=120 max=1 gt1=0
LogOGRelayProbe: Warning: [Warning][RelayProbe.Write] id=28322 runs=120 writes=237 observableWrites=237 captureSpan=237 receivedX1000=1000 observableX1000=1000 deliverableX1000=1000 replaceLatestObservableX1000=506
LogOGRelayProbe: Warning: [Warning][RelayProbe.Write] id=28322 writesPerFrame p50=2 p99=4 max=4 emptyFrames=119 nonConsecutive=0 missedCaptureTicks=0 captures=[6442,6678] discont=0
LogOGRelayProbe: Warning: [Warning][RelayProbe.Budget] conn=28258 frames=120 elapsedMs=1986 netSpeedBps=250000 allowanceBytesPerTick=4166 outBytes=61783 bytesPerTick=514 occupancyPctX10=123
LogOGRelayProbe: Warning: [Warning][RelayProbe.Budget] conn=28258 queuedBits min=-66666 max=-63496 mean=-65748 notReadyFrames=0 outPackets=120 bytesPerPacket=514 lost=1
LogOGInputRelay: Warning: [RelayFlush] window owner=OGBrawlerUECharacter_2147482375 flushedRounds=3142 entries=5853 entriesPerRoundX100=186 suppressed=2738 stageOverflowDrops=0
LogOGRelayProbe: Warning: [Warning][RelayProbe.Write] id=28281 runs=120 writes=216 observableWrites=216 captureSpan=216 receivedX1000=1000 observableX1000=1000 deliverableX1000=1000 replaceLatestObservableX1000=555
LogOGRelayProbe: Warning: [Warning][RelayProbe.Write] id=28281 writesPerFrame p50=2 p99=4 max=4 emptyFrames=97 nonConsecutive=0 missedCaptureTicks=0 captures=[6524,6739] discont=0
LogOGRelayProbe: Warning: [Warning][RelayProbe.Budget] conn=28300 frames=120 elapsedMs=2057 netSpeedBps=250000 allowanceBytesPerTick=4166 outBytes=63816 bytesPerTick=531 occupancyPctX10=127
LogOGRelayProbe: Warning: [Warning][RelayProbe.Budget] conn=28300 queuedBits min=-66666 max=-63438 mean=-65790 notReadyFrames=0 outPackets=124 bytesPerPacket=514 lost=1
LogOGInputRelay: Warning: [RelayFlush] window owner=OGBrawlerUECharacter_2147482398 flushedRounds=3265 entries=6095 entriesPerRoundX100=186 suppressed=2855 stageOverflowDrops=0
LogOGNet: Warning: [Warning][InputStats] dropped 0 / 238 remote inputs = 0%
LogOGRelayProbe: Warning: [Warning][RelayProbe.Frame] role=Server simTicks=123 frames=124 meanTicksPerFrameX100=99 p50=1 p99=2 max=2 meanFrameUs=16580
LogOGRelayProbe: Warning: [Warning][RelayProbe.Frame] role=Server cadence dFrame1=116 dFrame0=0 dFrameGt1=4 discont=0 numSteps total=123 max=2 gt1=3
LogOGRelayProbe: Warning: [Warning][RelayProbe.Budget] conn=28258 frames=120 elapsedMs=2060 netSpeedBps=250000 allowanceBytesPerTick=4166 outBytes=63816 bytesPerTick=531 occupancyPctX10=127
LogOGRelayProbe: Warning: [Warning][RelayProbe.Budget] conn=28258 queuedBits min=-66666 max=-63186 mean=-65866 notReadyFrames=0 outPackets=124 bytesPerPacket=514 lost=2
LogOGInputRelay: Warning: [RelayFlush] window owner=OGBrawlerUECharacter_2147482375 flushedRounds=3207 entries=5971 entriesPerRoundX100=186 suppressed=2793 stageOverflowDrops=0
LogOGRelayProbe: Warning: [Warning][RelayProbe.Budget] conn=28300 frames=120 elapsedMs=1996 netSpeedBps=250000 allowanceBytesPerTick=4166 outBytes=62037 bytesPerTick=516 occupancyPctX10=123
LogOGRelayProbe: Warning: [Warning][RelayProbe.Budget] conn=28300 queuedBits min=-66666 max=-63186 mean=-65921 notReadyFrames=0 outPackets=120 bytesPerPacket=516 lost=0
LogOGRelayProbe: Warning: [Warning][RelayProbe.Write] id=28322 runs=120 writes=217 observableWrites=217 captureSpan=217 receivedX1000=1000 observableX1000=1000 deliverableX1000=1000 replaceLatestObservableX1000=552
LogOGRelayProbe: Warning: [Warning][RelayProbe.Write] id=28322 writesPerFrame p50=2 p99=3 max=4 emptyFrames=97 nonConsecutive=0 missedCaptureTicks=0 captures=[6679,6895] discont=0
LogOGInputRelay: Warning: [RelayFlush] window owner=OGBrawlerUECharacter_2147482398 flushedRounds=3330 entries=6215 entriesPerRoundX100=186 suppressed=2910 stageOverflowDrops=0
LogOGNet: Warning: [Warning][InputStats] dropped 0 / 238 remote inputs = 0%
LogOGRelayProbe: Warning: [Warning][RelayProbe.Frame] role=Server simTicks=120 frames=120 meanTicksPerFrameX100=100 p50=1 p99=1 max=1 meanFrameUs=16647
LogOGRelayProbe: Warning: [Warning][RelayProbe.Frame] role=Server cadence dFrame1=120 dFrame0=0 dFrameGt1=0 discont=0 numSteps total=120 max=1 gt1=0
LogOGRelayProbe: Warning: [Warning][RelayProbe.Budget] conn=28258 frames=120 elapsedMs=1993 netSpeedBps=250000 allowanceBytesPerTick=4166 outBytes=62099 bytesPerTick=517 occupancyPctX10=124
LogOGRelayProbe: Warning: [Warning][RelayProbe.Budget] conn=28258 queuedBits min=-66666 max=-63670 mean=-65887 notReadyFrames=0 outPackets=120 bytesPerPacket=517 lost=0
LogOGInputRelay: Warning: [RelayFlush] window owner=OGBrawlerUECharacter_2147482375 flushedRounds=3276 entries=6091 entriesPerRoundX100=185 suppressed=2844 stageOverflowDrops=0
LogOGRelayProbe: Warning: [Warning][RelayProbe.Write] id=28281 runs=120 writes=215 observableWrites=215 captureSpan=215 receivedX1000=1000 observableX1000=1000 deliverableX1000=1000 replaceLatestObservableX1000=558
LogOGRelayProbe: Warning: [Warning][RelayProbe.Write] id=28281 writesPerFrame p50=2 p99=4 max=5 emptyFrames=98 nonConsecutive=0 missedCaptureTicks=0 captures=[6740,6954] discont=0
LogOGRelayProbe: Warning: [Warning][RelayProbe.Budget] conn=28300 frames=120 elapsedMs=1993 netSpeedBps=250000 allowanceBytesPerTick=4166 outBytes=61875 bytesPerTick=515 occupancyPctX10=123
LogOGRelayProbe: Warning: [Warning][RelayProbe.Budget] conn=28300 queuedBits min=-66666 max=-63670 mean=-65876 notReadyFrames=0 outPackets=120 bytesPerPacket=515 lost=2
LogOGInputRelay: Warning: [RelayFlush] window owner=OGBrawlerUECharacter_2147482398 flushedRounds=3394 entries=6335 entriesPerRoundX100=186 suppressed=2966 stageOverflowDrops=0
LogOGNet: Warning: [Warning][InputStats] dropped 0 / 238 remote inputs = 0%
LogOGRelayProbe: Warning: [Warning][RelayProbe.Frame] role=Server simTicks=120 frames=120 meanTicksPerFrameX100=100 p50=1 p99=1 max=1 meanFrameUs=16648
LogOGRelayProbe: Warning: [Warning][RelayProbe.Frame] role=Server cadence dFrame1=120 dFrame0=0 dFrameGt1=0 discont=0 numSteps total=120 max=1 gt1=0
LogOGRelayProbe: Warning: [Warning][RelayProbe.Budget] conn=28258 frames=120 elapsedMs=2003 netSpeedBps=250000 allowanceBytesPerTick=4166 outBytes=62043 bytesPerTick=517 occupancyPctX10=124
LogOGRelayProbe: Warning: [Warning][RelayProbe.Budget] conn=28258 queuedBits min=-66666 max=-63250 mean=-66024 notReadyFrames=0 outPackets=120 bytesPerPacket=517 lost=1
LogOGInputRelay: Warning: [RelayFlush] window owner=OGBrawlerUECharacter_2147482375 flushedRounds=3342 entries=6213 entriesPerRoundX100=185 suppressed=2898 stageOverflowDrops=0
LogOGRelayProbe: Warning: [Warning][RelayProbe.Write] id=28322 runs=120 writes=216 observableWrites=216 captureSpan=216 receivedX1000=1000 observableX1000=1000 deliverableX1000=1000 replaceLatestObservableX1000=555
LogOGRelayProbe: Warning: [Warning][RelayProbe.Write] id=28322 writesPerFrame p50=2 p99=3 max=4 emptyFrames=95 nonConsecutive=0 missedCaptureTicks=0 captures=[6896,7111] discont=0
LogOGRelayProbe: Warning: [Warning][RelayProbe.Budget] conn=28300 frames=120 elapsedMs=1995 netSpeedBps=250000 allowanceBytesPerTick=4166 outBytes=62031 bytesPerTick=516 occupancyPctX10=123
LogOGRelayProbe: Warning: [Warning][RelayProbe.Budget] conn=28300 queuedBits min=-66666 max=-63250 mean=-65864 notReadyFrames=0 outPackets=120 bytesPerPacket=516 lost=2
LogOGInputRelay: Warning: [RelayFlush] window owner=OGBrawlerUECharacter_2147482398 flushedRounds=3459 entries=6455 entriesPerRoundX100=186 suppressed=3021 stageOverflowDrops=0
LogOGNet: Warning: [Warning][InputStats] dropped 0 / 238 remote inputs = 0%
LogOGRelayProbe: Warning: [Warning][RelayProbe.Frame] role=Server simTicks=120 frames=120 meanTicksPerFrameX100=100 p50=1 p99=1 max=1 meanFrameUs=16632
LogOGRelayProbe: Warning: [Warning][RelayProbe.Frame] role=Server cadence dFrame1=120 dFrame0=0 dFrameGt1=0 discont=0 numSteps total=120 max=1 gt1=0
LogOGRelayProbe: Warning: [Warning][RelayProbe.Write] id=28281 runs=120 writes=223 observableWrites=223 captureSpan=223 receivedX1000=1000 observableX1000=1000 deliverableX1000=1000 replaceLatestObservableX1000=538
LogOGRelayProbe: Warning: [Warning][RelayProbe.Write] id=28281 writesPerFrame p50=2 p99=4 max=4 emptyFrames=101 nonConsecutive=0 missedCaptureTicks=0 captures=[6955,7177] discont=0
LogOGInputRelay: Warning: [RelayFlush] window owner=OGBrawlerUECharacter_2147482375 flushedRounds=3406 entries=6331 entriesPerRoundX100=185 suppressed=2954 stageOverflowDrops=0
LogOGRelayProbe: Warning: [Warning][RelayProbe.Budget] conn=28258 frames=120 elapsedMs=2026 netSpeedBps=250000 allowanceBytesPerTick=4166 outBytes=63082 bytesPerTick=525 occupancyPctX10=126
LogOGRelayProbe: Warning: [Warning][RelayProbe.Budget] conn=28258 queuedBits min=-66666 max=-63302 mean=-65849 notReadyFrames=0 outPackets=122 bytesPerPacket=517 lost=1
LogOGInputRelay: Warning: [RelayFlush] window owner=OGBrawlerUECharacter_2147482398 flushedRounds=3524 entries=6575 entriesPerRoundX100=186 suppressed=3076 stageOverflowDrops=0
LogOGRelayProbe: Warning: [Warning][RelayProbe.Budget] conn=28300 frames=120 elapsedMs=2067 netSpeedBps=250000 allowanceBytesPerTick=4166 outBytes=63991 bytesPerTick=533 occupancyPctX10=127
LogOGRelayProbe: Warning: [Warning][RelayProbe.Budget] conn=28300 queuedBits min=-66666 max=-63180 mean=-65982 notReadyFrames=0 outPackets=124 bytesPerPacket=516 lost=1
LogOGNet: Warning: [Warning][InputStats] dropped 0 / 238 remote inputs = 0%
LogOGRelayProbe: Warning: [Warning][RelayProbe.Frame] role=Server simTicks=124 frames=124 meanTicksPerFrameX100=100 p50=1 p99=2 max=2 meanFrameUs=16648
LogOGRelayProbe: Warning: [Warning][RelayProbe.Frame] role=Server cadence dFrame1=116 dFrame0=0 dFrameGt1=4 discont=0 numSteps total=124 max=2 gt1=4
LogOGInputRelay: Warning: [RelayFlush] window owner=OGBrawlerUECharacter_2147482375 flushedRounds=3470 entries=6453 entriesPerRoundX100=185 suppressed=3010 stageOverflowDrops=0
LogOGRelayProbe: Warning: [Warning][RelayProbe.Budget] conn=28258 frames=120 elapsedMs=2034 netSpeedBps=250000 allowanceBytesPerTick=4166 outBytes=62881 bytesPerTick=524 occupancyPctX10=125
LogOGRelayProbe: Warning: [Warning][RelayProbe.Budget] conn=28258 queuedBits min=-66666 max=-63180 mean=-66056 notReadyFrames=0 outPackets=122 bytesPerPacket=515 lost=0
LogOGRelayProbe: Warning: [Warning][RelayProbe.Write] id=28322 runs=120 writes=223 observableWrites=223 captureSpan=223 receivedX1000=1000 observableX1000=1000 deliverableX1000=1000 replaceLatestObservableX1000=538
LogOGRelayProbe: Warning: [Warning][RelayProbe.Write] id=28322 writesPerFrame p50=2 p99=4 max=4 emptyFrames=104 nonConsecutive=0 missedCaptureTicks=0 captures=[7112,7334] discont=0
LogOGInputRelay: Warning: [RelayFlush] window owner=OGBrawlerUECharacter_2147482398 flushedRounds=3597 entries=6695 entriesPerRoundX100=186 suppressed=3123 stageOverflowDrops=0
LogOGNet: Warning: [Warning][InputStats] dropped 0 / 238 remote inputs = 0%
LogOGRelayProbe: Warning: [Warning][RelayProbe.Budget] conn=28300 frames=120 elapsedMs=2029 netSpeedBps=250000 allowanceBytesPerTick=4166 outBytes=63045 bytesPerTick=525 occupancyPctX10=126
LogOGRelayProbe: Warning: [Warning][RelayProbe.Budget] conn=28300 queuedBits min=-66666 max=-63830 mean=-65981 notReadyFrames=0 outPackets=122 bytesPerPacket=516 lost=0
LogOGRelayProbe: Warning: [Warning][RelayProbe.Write] id=28281 runs=120 writes=205 observableWrites=205 captureSpan=205 receivedX1000=1000 observableX1000=1000 deliverableX1000=1000 replaceLatestObservableX1000=585
LogOGRelayProbe: Warning: [Warning][RelayProbe.Write] id=28281 writesPerFrame p50=2 p99=4 max=4 emptyFrames=85 nonConsecutive=0 missedCaptureTicks=0 captures=[7178,7382] discont=0
LogOGRelayProbe: Warning: [Warning][RelayProbe.Frame] role=Server simTicks=121 frames=122 meanTicksPerFrameX100=99 p50=1 p99=1 max=2 meanFrameUs=16618
LogOGRelayProbe: Warning: [Warning][RelayProbe.Frame] role=Server cadence dFrame1=118 dFrame0=0 dFrameGt1=2 discont=0 numSteps total=121 max=2 gt1=1
LogOGInputRelay: Warning: [RelayFlush] window owner=OGBrawlerUECharacter_2147482375 flushedRounds=3536 entries=6571 entriesPerRoundX100=185 suppressed=3064 stageOverflowDrops=0
LogOGRelayProbe: Warning: [Warning][RelayProbe.Budget] conn=28258 frames=120 elapsedMs=2026 netSpeedBps=250000 allowanceBytesPerTick=4166 outBytes=62906 bytesPerTick=524 occupancyPctX10=125
LogOGRelayProbe: Warning: [Warning][RelayProbe.Budget] conn=28258 queuedBits min=-66666 max=-63620 mean=-65830 notReadyFrames=0 outPackets=122 bytesPerPacket=515 lost=3
LogOGInputRelay: Warning: [RelayFlush] window owner=OGBrawlerUECharacter_2147482398 flushedRounds=3659 entries=6814 entriesPerRoundX100=186 suppressed=3181 stageOverflowDrops=0
LogOGNet: Warning: [Warning][InputStats] dropped 0 / 238 remote inputs = 0%
LogOGRelayProbe: Warning: [Warning][RelayProbe.Budget] conn=28300 frames=120 elapsedMs=2016 netSpeedBps=250000 allowanceBytesPerTick=4166 outBytes=62582 bytesPerTick=521 occupancyPctX10=125
LogOGRelayProbe: Warning: [Warning][RelayProbe.Budget] conn=28300 queuedBits min=-66666 max=-62992 mean=-66006 notReadyFrames=0 outPackets=121 bytesPerPacket=517 lost=1
LogOGRelayProbe: Warning: [Warning][RelayProbe.Frame] role=Server simTicks=122 frames=122 meanTicksPerFrameX100=100 p50=1 p99=2 max=2 meanFrameUs=16693
LogOGRelayProbe: Warning: [Warning][RelayProbe.Frame] role=Server cadence dFrame1=118 dFrame0=0 dFrameGt1=2 discont=0 numSteps total=122 max=2 gt1=2
LogOGRelayProbe: Warning: [Warning][RelayProbe.Write] id=28322 runs=120 writes=216 observableWrites=216 captureSpan=216 receivedX1000=1000 observableX1000=1000 deliverableX1000=1000 replaceLatestObservableX1000=555
LogOGRelayProbe: Warning: [Warning][RelayProbe.Write] id=28322 writesPerFrame p50=2 p99=4 max=4 emptyFrames=95 nonConsecutive=0 missedCaptureTicks=0 captures=[7335,7550] discont=0
LogOGInputRelay: Warning: [RelayFlush] window owner=OGBrawlerUECharacter_2147482375 flushedRounds=3604 entries=6693 entriesPerRoundX100=185 suppressed=3116 stageOverflowDrops=0
LogOGRelayProbe: Warning: [Warning][RelayProbe.Budget] conn=28258 frames=120 elapsedMs=2077 netSpeedBps=250000 allowanceBytesPerTick=4166 outBytes=64039 bytesPerTick=533 occupancyPctX10=127
LogOGRelayProbe: Warning: [Warning][RelayProbe.Budget] conn=28258 queuedBits min=-66666 max=-62992 mean=-66207 notReadyFrames=0 outPackets=124 bytesPerPacket=516 lost=1
LogOGRelayProbe: Warning: [Warning][RelayProbe.Write] id=28281 runs=120 writes=226 observableWrites=226 captureSpan=226 receivedX1000=1000 observableX1000=1000 deliverableX1000=1000 replaceLatestObservableX1000=530
LogOGRelayProbe: Warning: [Warning][RelayProbe.Write] id=28281 writesPerFrame p50=2 p99=4 max=5 emptyFrames=106 nonConsecutive=0 missedCaptureTicks=0 captures=[7383,7608] discont=0
LogOGInputRelay: Warning: [RelayFlush] window owner=OGBrawlerUECharacter_2147482398 flushedRounds=3725 entries=6935 entriesPerRoundX100=186 suppressed=3235 stageOverflowDrops=0
LogOGNet: Warning: [Warning][InputStats] dropped 0 / 238 remote inputs = 0%
LogOGRelayProbe: Warning: [Warning][RelayProbe.Budget] conn=28300 frames=120 elapsedMs=2057 netSpeedBps=250000 allowanceBytesPerTick=4166 outBytes=63315 bytesPerTick=527 occupancyPctX10=126
LogOGRelayProbe: Warning: [Warning][RelayProbe.Budget] conn=28300 queuedBits min=-66666 max=-63328 mean=-66113 notReadyFrames=0 outPackets=123 bytesPerPacket=514 lost=2
LogOGRelayProbe: Warning: [Warning][RelayProbe.Frame] role=Server simTicks=123 frames=122 meanTicksPerFrameX100=100 p50=1 p99=2 max=2 meanFrameUs=16724
LogOGRelayProbe: Warning: [Warning][RelayProbe.Frame] role=Server cadence dFrame1=118 dFrame0=0 dFrameGt1=2 discont=0 numSteps total=123 max=2 gt1=3
LogOGInputRelay: Warning: [RelayFlush] window owner=OGBrawlerUECharacter_2147482375 flushedRounds=3666 entries=6812 entriesPerRoundX100=185 suppressed=3174 stageOverflowDrops=0
LogOGRelayProbe: Warning: [Warning][RelayProbe.Budget] conn=28258 frames=120 elapsedMs=1996 netSpeedBps=250000 allowanceBytesPerTick=4166 outBytes=61909 bytesPerTick=515 occupancyPctX10=123
LogOGRelayProbe: Warning: [Warning][RelayProbe.Budget] conn=28258 queuedBits min=-66666 max=-63328 mean=-65956 notReadyFrames=0 outPackets=120 bytesPerPacket=515 lost=1
LogOGNet: Warning: [Warning][InputStats] dropped 0 / 238 remote inputs = 0%
LogOGInputRelay: Warning: [RelayFlush] window owner=OGBrawlerUECharacter_2147482398 flushedRounds=3794 entries=7056 entriesPerRoundX100=185 suppressed=3286 stageOverflowDrops=0
LogOGRelayProbe: Warning: [Warning][RelayProbe.Budget] conn=28300 frames=120 elapsedMs=2010 netSpeedBps=250000 allowanceBytesPerTick=4166 outBytes=62701 bytesPerTick=522 occupancyPctX10=125
LogOGRelayProbe: Warning: [Warning][RelayProbe.Budget] conn=28300 queuedBits min=-66666 max=-63394 mean=-65869 notReadyFrames=0 outPackets=121 bytesPerPacket=518 lost=1
LogOGRelayProbe: Warning: [Warning][RelayProbe.Frame] role=Server simTicks=120 frames=121 meanTicksPerFrameX100=99 p50=1 p99=1 max=1 meanFrameUs=16599
LogOGRelayProbe: Warning: [Warning][RelayProbe.Frame] role=Server cadence dFrame1=119 dFrame0=0 dFrameGt1=1 discont=0 numSteps total=120 max=1 gt1=0
LogOGRelayProbe: Warning: [Warning][RelayProbe.Write] id=28322 runs=120 writes=233 observableWrites=233 captureSpan=233 receivedX1000=1000 observableX1000=1000 deliverableX1000=1000 replaceLatestObservableX1000=515
LogOGRelayProbe: Warning: [Warning][RelayProbe.Write] id=28322 writesPerFrame p50=2 p99=4 max=4 emptyFrames=115 nonConsecutive=0 missedCaptureTicks=0 captures=[7551,7783] discont=0
LogOGInputRelay: Warning: [RelayFlush] window owner=OGBrawlerUECharacter_2147482375 flushedRounds=3727 entries=6931 entriesPerRoundX100=185 suppressed=3233 stageOverflowDrops=0
LogOGRelayProbe: Warning: [Warning][RelayProbe.Budget] conn=28258 frames=120 elapsedMs=2007 netSpeedBps=250000 allowanceBytesPerTick=4166 outBytes=62201 bytesPerTick=518 occupancyPctX10=124
LogOGRelayProbe: Warning: [Warning][RelayProbe.Budget] conn=28258 queuedBits min=-66666 max=-62966 mean=-65814 notReadyFrames=0 outPackets=121 bytesPerPacket=514 lost=1
LogOGRelayProbe: Warning: [Warning][RelayProbe.Write] id=28281 runs=120 writes=216 observableWrites=216 captureSpan=216 receivedX1000=1000 observableX1000=1000 deliverableX1000=1000 replaceLatestObservableX1000=555
LogOGRelayProbe: Warning: [Warning][RelayProbe.Write] id=28281 writesPerFrame p50=2 p99=4 max=5 emptyFrames=96 nonConsecutive=0 missedCaptureTicks=0 captures=[7609,7824] discont=0
LogOGNet: Warning: [Warning][InputStats] dropped 0 / 238 remote inputs = 0%
LogOGInputRelay: Warning: [RelayFlush] window owner=OGBrawlerUECharacter_2147482398 flushedRounds=3858 entries=7174 entriesPerRoundX100=185 suppressed=3342 stageOverflowDrops=0
LogOGRelayProbe: Warning: [Warning][RelayProbe.Budget] conn=28300 frames=120 elapsedMs=1992 netSpeedBps=250000 allowanceBytesPerTick=4166 outBytes=61800 bytesPerTick=515 occupancyPctX10=123
LogOGRelayProbe: Warning: [Warning][RelayProbe.Budget] conn=28300 queuedBits min=-66666 max=-62966 mean=-65834 notReadyFrames=0 outPackets=120 bytesPerPacket=515 lost=2
LogOGRelayProbe: Warning: [Warning][RelayProbe.Frame] role=Server simTicks=120 frames=120 meanTicksPerFrameX100=100 p50=1 p99=1 max=1 meanFrameUs=16609
LogOGRelayProbe: Warning: [Warning][RelayProbe.Frame] role=Server cadence dFrame1=120 dFrame0=0 dFrameGt1=0 discont=0 numSteps total=120 max=1 gt1=0
LogOGInputRelay: Warning: [RelayFlush] window owner=OGBrawlerUECharacter_2147482375 flushedRounds=3792 entries=7052 entriesPerRoundX100=185 suppressed=3288 stageOverflowDrops=0
LogOGRelayProbe: Warning: [Warning][RelayProbe.Budget] conn=28258 frames=120 elapsedMs=2006 netSpeedBps=250000 allowanceBytesPerTick=4166 outBytes=62647 bytesPerTick=522 occupancyPctX10=125
LogOGRelayProbe: Warning: [Warning][RelayProbe.Budget] conn=28258 queuedBits min=-66666 max=-63192 mean=-65763 notReadyFrames=0 outPackets=121 bytesPerPacket=517 lost=1
LogOGNet: Warning: [Warning][InputStats] dropped 0 / 238 remote inputs = 0%
LogOGInputRelay: Warning: [RelayFlush] window owner=OGBrawlerUECharacter_2147482398 flushedRounds=3926 entries=7294 entriesPerRoundX100=185 suppressed=3394 stageOverflowDrops=0
LogOGRelayProbe: Warning: [Warning][RelayProbe.Budget] conn=28300 frames=120 elapsedMs=2023 netSpeedBps=250000 allowanceBytesPerTick=4166 outBytes=63194 bytesPerTick=526 occupancyPctX10=126
LogOGRelayProbe: Warning: [Warning][RelayProbe.Budget] conn=28300 queuedBits min=-66666 max=-63192 mean=-65797 notReadyFrames=0 outPackets=122 bytesPerPacket=517 lost=1
LogOGRelayProbe: Warning: [Warning][RelayProbe.Frame] role=Server simTicks=121 frames=122 meanTicksPerFrameX100=99 p50=1 p99=1 max=2 meanFrameUs=16574
LogOGRelayProbe: Warning: [Warning][RelayProbe.Frame] role=Server cadence dFrame1=118 dFrame0=0 dFrameGt1=2 discont=0 numSteps total=121 max=2 gt1=1
LogOGRelayProbe: Warning: [Warning][RelayProbe.Write] id=28322 runs=120 writes=223 observableWrites=223 captureSpan=223 receivedX1000=1000 observableX1000=1000 deliverableX1000=1000 replaceLatestObservableX1000=538
LogOGRelayProbe: Warning: [Warning][RelayProbe.Write] id=28322 writesPerFrame p50=2 p99=4 max=4 emptyFrames=105 nonConsecutive=0 missedCaptureTicks=0 captures=[7784,8006] discont=0
LogOGInputRelay: Warning: [RelayFlush] window owner=OGBrawlerUECharacter_2147482375 flushedRounds=3853 entries=7171 entriesPerRoundX100=186 suppressed=3347 stageOverflowDrops=0
LogOGRelayProbe: Warning: [Warning][RelayProbe.Write] id=28281 runs=120 writes=217 observableWrites=217 captureSpan=217 receivedX1000=1000 observableX1000=1000 deliverableX1000=1000 replaceLatestObservableX1000=552
LogOGRelayProbe: Warning: [Warning][RelayProbe.Write] id=28281 writesPerFrame p50=2 p99=4 max=4 emptyFrames=100 nonConsecutive=0 missedCaptureTicks=0 captures=[7825,8041] discont=0
LogOGRelayProbe: Warning: [Warning][RelayProbe.Budget] conn=28258 frames=120 elapsedMs=2010 netSpeedBps=250000 allowanceBytesPerTick=4166 outBytes=62336 bytesPerTick=519 occupancyPctX10=124
LogOGRelayProbe: Warning: [Warning][RelayProbe.Budget] conn=28258 queuedBits min=-66666 max=-63664 mean=-65870 notReadyFrames=0 outPackets=121 bytesPerPacket=515 lost=0
LogOGNet: Warning: [Warning][InputStats] dropped 0 / 238 remote inputs = 0%
LogOGInputRelay: Warning: [RelayFlush] window owner=OGBrawlerUECharacter_2147482398 flushedRounds=3985 entries=7415 entriesPerRoundX100=186 suppressed=3455 stageOverflowDrops=0
LogOGRelayProbe: Warning: [Warning][RelayProbe.Budget] conn=28300 frames=120 elapsedMs=1991 netSpeedBps=250000 allowanceBytesPerTick=4166 outBytes=61897 bytesPerTick=515 occupancyPctX10=123
LogOGRelayProbe: Warning: [Warning][RelayProbe.Budget] conn=28300 queuedBits min=-66666 max=-63678 mean=-65881 notReadyFrames=0 outPackets=120 bytesPerPacket=515 lost=3
LogOGRelayProbe: Warning: [Warning][RelayProbe.Frame] role=Server simTicks=120 frames=120 meanTicksPerFrameX100=100 p50=1 p99=1 max=1 meanFrameUs=16625
LogOGRelayProbe: Warning: [Warning][RelayProbe.Frame] role=Server cadence dFrame1=120 dFrame0=0 dFrameGt1=0 discont=0 numSteps total=120 max=1 gt1=0
LogOGInputRelay: Warning: [RelayFlush] window owner=OGBrawlerUECharacter_2147482375 flushedRounds=3911 entries=7288 entriesPerRoundX100=186 suppressed=3409 stageOverflowDrops=0
LogOGRelayProbe: Warning: [Warning][RelayProbe.Budget] conn=28258 frames=120 elapsedMs=1993 netSpeedBps=250000 allowanceBytesPerTick=4166 outBytes=61935 bytesPerTick=516 occupancyPctX10=123
LogOGRelayProbe: Warning: [Warning][RelayProbe.Budget] conn=28258 queuedBits min=-66666 max=-63134 mean=-65822 notReadyFrames=0 outPackets=120 bytesPerPacket=516 lost=2
LogOGNet: Warning: [Warning][InputStats] dropped 0 / 238 remote inputs = 0%
LogOGInputRelay: Warning: [RelayFlush] window owner=OGBrawlerUECharacter_2147482398 flushedRounds=4049 entries=7533 entriesPerRoundX100=186 suppressed=3511 stageOverflowDrops=0
LogOGRelayProbe: Warning: [Warning][RelayProbe.Budget] conn=28300 frames=120 elapsedMs=2012 netSpeedBps=250000 allowanceBytesPerTick=4166 outBytes=62570 bytesPerTick=521 occupancyPctX10=125
LogOGRelayProbe: Warning: [Warning][RelayProbe.Budget] conn=28300 queuedBits min=-66666 max=-63134 mean=-65812 notReadyFrames=0 outPackets=121 bytesPerPacket=517 lost=2
LogOGRelayProbe: Warning: [Warning][RelayProbe.Write] id=28322 runs=120 writes=234 observableWrites=234 captureSpan=234 receivedX1000=1000 observableX1000=1000 deliverableX1000=1000 replaceLatestObservableX1000=512
LogOGRelayProbe: Warning: [Warning][RelayProbe.Write] id=28322 writesPerFrame p50=2 p99=4 max=4 emptyFrames=113 nonConsecutive=0 missedCaptureTicks=0 captures=[8007,8240] discont=0
LogOGRelayProbe: Warning: [Warning][RelayProbe.Frame] role=Server simTicks=121 frames=121 meanTicksPerFrameX100=100 p50=1 p99=1 max=2 meanFrameUs=16618
LogOGRelayProbe: Warning: [Warning][RelayProbe.Frame] role=Server cadence dFrame1=119 dFrame0=0 dFrameGt1=1 discont=0 numSteps total=121 max=2 gt1=1
LogOGInputRelay: Warning: [RelayFlush] window owner=OGBrawlerUECharacter_2147482375 flushedRounds=3982 entries=7410 entriesPerRoundX100=186 suppressed=3458 stageOverflowDrops=0
LogOGRelayProbe: Warning: [Warning][RelayProbe.Write] id=28281 runs=120 writes=235 observableWrites=235 captureSpan=235 receivedX1000=1000 observableX1000=1000 deliverableX1000=1000 replaceLatestObservableX1000=510
LogOGRelayProbe: Warning: [Warning][RelayProbe.Write] id=28281 writesPerFrame p50=2 p99=5 max=5 emptyFrames=112 nonConsecutive=0 missedCaptureTicks=0 captures=[8042,8276] discont=0
LogOGRelayProbe: Warning: [Warning][RelayProbe.Budget] conn=28258 frames=120 elapsedMs=2027 netSpeedBps=250000 allowanceBytesPerTick=4166 outBytes=63056 bytesPerTick=525 occupancyPctX10=126
LogOGRelayProbe: Warning: [Warning][RelayProbe.Budget] conn=28258 queuedBits min=-66666 max=-63472 mean=-65893 notReadyFrames=0 outPackets=122 bytesPerPacket=516 lost=2
LogOGNet: Warning: [Warning][InputStats] dropped 0 / 238 remote inputs = 0%
LogOGInputRelay: Warning: [RelayFlush] window owner=OGBrawlerUECharacter_2147482398 flushedRounds=4110 entries=7652 entriesPerRoundX100=186 suppressed=3570 stageOverflowDrops=0
LogOGRelayProbe: Warning: [Warning][RelayProbe.Budget] conn=28300 frames=120 elapsedMs=2005 netSpeedBps=250000 allowanceBytesPerTick=4166 outBytes=62301 bytesPerTick=519 occupancyPctX10=124
LogOGRelayProbe: Warning: [Warning][RelayProbe.Budget] conn=28300 queuedBits min=-66666 max=-63420 mean=-65860 notReadyFrames=0 outPackets=121 bytesPerPacket=514 lost=0
LogOGRelayProbe: Warning: [Warning][RelayProbe.Frame] role=Server simTicks=120 frames=121 meanTicksPerFrameX100=99 p50=1 p99=1 max=1 meanFrameUs=16568
LogOGRelayProbe: Warning: [Warning][RelayProbe.Frame] role=Server cadence dFrame1=119 dFrame0=0 dFrameGt1=1 discont=0 numSteps total=120 max=1 gt1=0
LogOGInputRelay: Warning: [RelayFlush] window owner=OGBrawlerUECharacter_2147482375 flushedRounds=4051 entries=7530 entriesPerRoundX100=185 suppressed=3509 stageOverflowDrops=0
LogOGRelayProbe: Warning: [Warning][RelayProbe.Budget] conn=28258 frames=120 elapsedMs=1990 netSpeedBps=250000 allowanceBytesPerTick=4166 outBytes=62094 bytesPerTick=517 occupancyPctX10=124
LogOGRelayProbe: Warning: [Warning][RelayProbe.Budget] conn=28258 queuedBits min=-66666 max=-63420 mean=-65879 notReadyFrames=0 outPackets=120 bytesPerPacket=517 lost=0
LogOGRelayProbe: Warning: [Warning][RelayProbe.Write] id=28322 runs=120 writes=207 observableWrites=207 captureSpan=207 receivedX1000=1000 observableX1000=1000 deliverableX1000=1000 replaceLatestObservableX1000=579
LogOGRelayProbe: Warning: [Warning][RelayProbe.Write] id=28322 writesPerFrame p50=2 p99=4 max=5 emptyFrames=89 nonConsecutive=0 missedCaptureTicks=0 captures=[8241,8447] discont=0
LogOGNet: Warning: [Warning][InputStats] dropped 0 / 238 remote inputs = 0%
LogOGInputRelay: Warning: [RelayFlush] window owner=OGBrawlerUECharacter_2147482398 flushedRounds=4170 entries=7773 entriesPerRoundX100=186 suppressed=3630 stageOverflowDrops=0
LogOGRelayProbe: Warning: [Warning][RelayProbe.Budget] conn=28300 frames=120 elapsedMs=2042 netSpeedBps=250000 allowanceBytesPerTick=4166 outBytes=63266 bytesPerTick=527 occupancyPctX10=126
LogOGRelayProbe: Warning: [Warning][RelayProbe.Budget] conn=28300 queuedBits min=-66666 max=-63604 mean=-65842 notReadyFrames=0 outPackets=123 bytesPerPacket=514 lost=2
LogOGRelayProbe: Warning: [Warning][RelayProbe.Frame] role=Server simTicks=123 frames=123 meanTicksPerFrameX100=100 p50=1 p99=2 max=2 meanFrameUs=16624
LogOGRelayProbe: Warning: [Warning][RelayProbe.Frame] role=Server cadence dFrame1=117 dFrame0=0 dFrameGt1=3 discont=0 numSteps total=123 max=2 gt1=3
LogOGRelayProbe: Warning: [Warning][RelayProbe.Write] id=28281 runs=120 writes=234 observableWrites=234 captureSpan=234 receivedX1000=1000 observableX1000=1000 deliverableX1000=1000 replaceLatestObservableX1000=512
LogOGRelayProbe: Warning: [Warning][RelayProbe.Write] id=28281 writesPerFrame p50=2 p99=5 max=5 emptyFrames=118 nonConsecutive=0 missedCaptureTicks=0 captures=[8277,8510] discont=0
LogOGInputRelay: Warning: [RelayFlush] window owner=OGBrawlerUECharacter_2147482375 flushedRounds=4116 entries=7648 entriesPerRoundX100=185 suppressed=3564 stageOverflowDrops=0
LogOGRelayProbe: Warning: [Warning][RelayProbe.Budget] conn=28258 frames=120 elapsedMs=2059 netSpeedBps=250000 allowanceBytesPerTick=4166 outBytes=63801 bytesPerTick=531 occupancyPctX10=127
LogOGRelayProbe: Warning: [Warning][RelayProbe.Budget] conn=28258 queuedBits min=-66666 max=-62848 mean=-65876 notReadyFrames=0 outPackets=124 bytesPerPacket=514 lost=2
LogOGNet: Warning: [Warning][InputStats] dropped 0 / 238 remote inputs = 0%
LogOGInputRelay: Warning: [RelayFlush] window owner=OGBrawlerUECharacter_2147482398 flushedRounds=4232 entries=7890 entriesPerRoundX100=186 suppressed=3688 stageOverflowDrops=0
LogOGRelayProbe: Warning: [Warning][RelayProbe.Budget] conn=28300 frames=120 elapsedMs=2009 netSpeedBps=250000 allowanceBytesPerTick=4166 outBytes=62566 bytesPerTick=521 occupancyPctX10=125
LogOGRelayProbe: Warning: [Warning][RelayProbe.Budget] conn=28300 queuedBits min=-66666 max=-62848 mean=-65895 notReadyFrames=0 outPackets=121 bytesPerPacket=517 lost=1
LogOGRelayProbe: Warning: [Warning][RelayProbe.Frame] role=Server simTicks=120 frames=121 meanTicksPerFrameX100=99 p50=1 p99=1 max=1 meanFrameUs=16568
LogOGRelayProbe: Warning: [Warning][RelayProbe.Frame] role=Server cadence dFrame1=119 dFrame0=0 dFrameGt1=1 discont=0 numSteps total=120 max=1 gt1=0
LogOGInputRelay: Warning: [RelayFlush] window owner=OGBrawlerUECharacter_2147482375 flushedRounds=4179 entries=7768 entriesPerRoundX100=185 suppressed=3621 stageOverflowDrops=0
LogOGRelayProbe: Warning: [Warning][RelayProbe.Budget] conn=28258 frames=120 elapsedMs=1993 netSpeedBps=250000 allowanceBytesPerTick=4166 outBytes=61878 bytesPerTick=515 occupancyPctX10=123
LogOGRelayProbe: Warning: [Warning][RelayProbe.Budget] conn=28258 queuedBits min=-66666 max=-63040 mean=-65833 notReadyFrames=0 outPackets=120 bytesPerPacket=515 lost=3
LogOGRelayProbe: Warning: [Warning][RelayProbe.Write] id=28322 runs=120 writes=220 observableWrites=220 captureSpan=220 receivedX1000=1000 observableX1000=1000 deliverableX1000=1000 replaceLatestObservableX1000=545
LogOGRelayProbe: Warning: [Warning][RelayProbe.Write] id=28322 writesPerFrame p50=2 p99=4 max=4 emptyFrames=100 nonConsecutive=0 missedCaptureTicks=0 captures=[8448,8667] discont=0
LogOGNet: Warning: [Warning][InputStats] dropped 0 / 238 remote inputs = 0%
LogOGInputRelay: Warning: [RelayFlush] window owner=OGBrawlerUECharacter_2147482398 flushedRounds=4306 entries=8011 entriesPerRoundX100=186 suppressed=3734 stageOverflowDrops=0
LogOGRelayProbe: Warning: [Warning][RelayProbe.Budget] conn=28300 frames=120 elapsedMs=1994 netSpeedBps=250000 allowanceBytesPerTick=4166 outBytes=62046 bytesPerTick=517 occupancyPctX10=124
LogOGRelayProbe: Warning: [Warning][RelayProbe.Budget] conn=28300 queuedBits min=-66666 max=-63118 mean=-65827 notReadyFrames=0 outPackets=120 bytesPerPacket=517 lost=0
LogOGRelayProbe: Warning: [Warning][RelayProbe.Write] id=28281 runs=120 writes=209 observableWrites=209 captureSpan=209 receivedX1000=1000 observableX1000=1000 deliverableX1000=1000 replaceLatestObservableX1000=574
LogOGRelayProbe: Warning: [Warning][RelayProbe.Write] id=28281 writesPerFrame p50=2 p99=4 max=4 emptyFrames=88 nonConsecutive=0 missedCaptureTicks=0 captures=[8511,8719] discont=0
LogOGRelayProbe: Warning: [Warning][RelayProbe.Frame] role=Server simTicks=120 frames=120 meanTicksPerFrameX100=100 p50=1 p99=1 max=1 meanFrameUs=16647
LogOGRelayProbe: Warning: [Warning][RelayProbe.Frame] role=Server cadence dFrame1=120 dFrame0=0 dFrameGt1=0 discont=0 numSteps total=120 max=1 gt1=0
LogOGInputRelay: Warning: [RelayFlush] window owner=OGBrawlerUECharacter_2147482375 flushedRounds=4246 entries=7888 entriesPerRoundX100=185 suppressed=3674 stageOverflowDrops=0
LogOGRelayProbe: Warning: [Warning][RelayProbe.Budget] conn=28258 frames=120 elapsedMs=1998 netSpeedBps=250000 allowanceBytesPerTick=4166 outBytes=62045 bytesPerTick=517 occupancyPctX10=124
LogOGRelayProbe: Warning: [Warning][RelayProbe.Budget] conn=28258 queuedBits min=-66666 max=-63118 mean=-65924 notReadyFrames=0 outPackets=120 bytesPerPacket=517 lost=1
LogOGNet: Warning: [Warning][InputStats] dropped 0 / 238 remote inputs = 0%
LogOGInputRelay: Warning: [RelayFlush] window owner=OGBrawlerUECharacter_2147482398 flushedRounds=4369 entries=8131 entriesPerRoundX100=186 suppressed=3791 stageOverflowDrops=0
LogOGRelayProbe: Warning: [Warning][RelayProbe.Budget] conn=28300 frames=120 elapsedMs=1998 netSpeedBps=250000 allowanceBytesPerTick=4166 outBytes=62024 bytesPerTick=516 occupancyPctX10=123
LogOGRelayProbe: Warning: [Warning][RelayProbe.Budget] conn=28300 queuedBits min=-66666 max=-63038 mean=-65936 notReadyFrames=0 outPackets=120 bytesPerPacket=516 lost=1
LogOGRelayProbe: Warning: [Warning][RelayProbe.Frame] role=Server simTicks=120 frames=121 meanTicksPerFrameX100=99 p50=1 p99=1 max=1 meanFrameUs=16623
LogOGRelayProbe: Warning: [Warning][RelayProbe.Frame] role=Server cadence dFrame1=119 dFrame0=0 dFrameGt1=1 discont=0 numSteps total=120 max=1 gt1=0
LogOGInputRelay: Warning: [RelayFlush] window owner=OGBrawlerUECharacter_2147482375 flushedRounds=4306 entries=8007 entriesPerRoundX100=185 suppressed=3734 stageOverflowDrops=0
LogOGRelayProbe: Warning: [Warning][RelayProbe.Budget] conn=28258 frames=120 elapsedMs=1998 netSpeedBps=250000 allowanceBytesPerTick=4166 outBytes=62441 bytesPerTick=520 occupancyPctX10=124
LogOGRelayProbe: Warning: [Warning][RelayProbe.Budget] conn=28258 queuedBits min=-66666 max=-63038 mean=-65615 notReadyFrames=0 outPackets=121 bytesPerPacket=516 lost=1
LogOGRelayProbe: Warning: [Warning][RelayProbe.Write] id=28322 runs=120 writes=229 observableWrites=229 captureSpan=229 receivedX1000=1000 observableX1000=1000 deliverableX1000=1000 replaceLatestObservableX1000=524
LogOGRelayProbe: Warning: [Warning][RelayProbe.Write] id=28322 writesPerFrame p50=2 p99=4 max=4 emptyFrames=110 nonConsecutive=0 missedCaptureTicks=0 captures=[8668,8896] discont=0
LogOGNet: Warning: [Warning][InputStats] dropped 0 / 238 remote inputs = 0%
LogOGInputRelay: Warning: [RelayFlush] window owner=OGBrawlerUECharacter_2147482398 flushedRounds=4433 entries=8250 entriesPerRoundX100=186 suppressed=3847 stageOverflowDrops=0
LogOGRelayProbe: Warning: [Warning][RelayProbe.Write] id=28281 runs=120 writes=224 observableWrites=224 captureSpan=224 receivedX1000=1000 observableX1000=1000 deliverableX1000=1000 replaceLatestObservableX1000=535
LogOGRelayProbe: Warning: [Warning][RelayProbe.Write] id=28281 writesPerFrame p50=2 p99=4 max=4 emptyFrames=106 nonConsecutive=0 missedCaptureTicks=0 captures=[8720,8943] discont=0
LogOGRelayProbe: Warning: [Warning][RelayProbe.Budget] conn=28300 frames=120 elapsedMs=2003 netSpeedBps=250000 allowanceBytesPerTick=4166 outBytes=62294 bytesPerTick=519 occupancyPctX10=124
LogOGRelayProbe: Warning: [Warning][RelayProbe.Budget] conn=28300 queuedBits min=-66666 max=-63450 mean=-65776 notReadyFrames=0 outPackets=121 bytesPerPacket=514 lost=2
LogOGRelayProbe: Warning: [Warning][RelayProbe.Frame] role=Server simTicks=120 frames=120 meanTicksPerFrameX100=100 p50=1 p99=1 max=1 meanFrameUs=16600
LogOGRelayProbe: Warning: [Warning][RelayProbe.Frame] role=Server cadence dFrame1=120 dFrame0=0 dFrameGt1=0 discont=0 numSteps total=120 max=1 gt1=0
LogOGInputRelay: Warning: [RelayFlush] window owner=OGBrawlerUECharacter_2147482375 flushedRounds=4373 entries=8127 entriesPerRoundX100=185 suppressed=3787 stageOverflowDrops=0
LogOGRelayProbe: Warning: [Warning][RelayProbe.Budget] conn=28258 frames=120 elapsedMs=1998 netSpeedBps=250000 allowanceBytesPerTick=4166 outBytes=62119 bytesPerTick=517 occupancyPctX10=124
LogOGRelayProbe: Warning: [Warning][RelayProbe.Budget] conn=28258 queuedBits min=-66666 max=-63680 mean=-66016 notReadyFrames=0 outPackets=120 bytesPerPacket=517 lost=2
LogOGNet: Warning: [Warning][InputStats] dropped 0 / 238 remote inputs = 0%
LogOGInputRelay: Warning: [RelayFlush] window owner=OGBrawlerUECharacter_2147482398 flushedRounds=4495 entries=8370 entriesPerRoundX100=186 suppressed=3905 stageOverflowDrops=0
LogOGRelayProbe: Warning: [Warning][RelayProbe.Budget] conn=28300 frames=120 elapsedMs=2020 netSpeedBps=250000 allowanceBytesPerTick=4166 outBytes=62891 bytesPerTick=524 occupancyPctX10=125
LogOGRelayProbe: Warning: [Warning][RelayProbe.Budget] conn=28300 queuedBits min=-66666 max=-63630 mean=-65738 notReadyFrames=0 outPackets=122 bytesPerPacket=515 lost=2
LogOGRelayProbe: Warning: [Warning][RelayProbe.Frame] role=Server simTicks=121 frames=122 meanTicksPerFrameX100=99 p50=1 p99=1 max=1 meanFrameUs=16554
LogOGRelayProbe: Warning: [Warning][RelayProbe.Frame] role=Server cadence dFrame1=118 dFrame0=0 dFrameGt1=2 discont=0 numSteps total=121 max=2 gt1=1
LogOGInputRelay: Warning: [RelayFlush] window owner=OGBrawlerUECharacter_2147482375 flushedRounds=4440 entries=8247 entriesPerRoundX100=185 suppressed=3840 stageOverflowDrops=0
LogOGRelayProbe: Warning: [Warning][RelayProbe.Write] id=28322 runs=120 writes=215 observableWrites=215 captureSpan=215 receivedX1000=1000 observableX1000=1000 deliverableX1000=1000 replaceLatestObservableX1000=558
LogOGRelayProbe: Warning: [Warning][RelayProbe.Write] id=28322 writesPerFrame p50=2 p99=4 max=4 emptyFrames=97 nonConsecutive=0 missedCaptureTicks=0 captures=[8897,9111] discont=0
LogOGRelayProbe: Warning: [Warning][RelayProbe.Budget] conn=28258 frames=120 elapsedMs=2023 netSpeedBps=250000 allowanceBytesPerTick=4166 outBytes=62952 bytesPerTick=524 occupancyPctX10=125
LogOGRelayProbe: Warning: [Warning][RelayProbe.Budget] conn=28258 queuedBits min=-66666 max=-63630 mean=-65811 notReadyFrames=0 outPackets=122 bytesPerPacket=516 lost=2
LogOGNet: Warning: [Warning][InputStats] dropped 0 / 238 remote inputs = 0%
LogOGInputRelay: Warning: [RelayFlush] window owner=OGBrawlerUECharacter_2147482398 flushedRounds=4559 entries=8490 entriesPerRoundX100=186 suppressed=3961 stageOverflowDrops=0
LogOGRelayProbe: Warning: [Warning][RelayProbe.Write] id=28281 runs=120 writes=231 observableWrites=231 captureSpan=231 receivedX1000=1000 observableX1000=1000 deliverableX1000=1000 replaceLatestObservableX1000=519
LogOGRelayProbe: Warning: [Warning][RelayProbe.Write] id=28281 writesPerFrame p50=2 p99=4 max=5 emptyFrames=113 nonConsecutive=0 missedCaptureTicks=0 captures=[8944,9174] discont=0
LogOGRelayProbe: Warning: [Warning][RelayProbe.Budget] conn=28300 frames=120 elapsedMs=1992 netSpeedBps=250000 allowanceBytesPerTick=4166 outBytes=62017 bytesPerTick=516 occupancyPctX10=123
LogOGRelayProbe: Warning: [Warning][RelayProbe.Budget] conn=28300 queuedBits min=-66666 max=-63070 mean=-65854 notReadyFrames=0 outPackets=120 bytesPerPacket=516 lost=1
LogOGRelayProbe: Warning: [Warning][RelayProbe.Frame] role=Server simTicks=120 frames=120 meanTicksPerFrameX100=100 p50=1 p99=1 max=1 meanFrameUs=16587
LogOGRelayProbe: Warning: [Warning][RelayProbe.Frame] role=Server cadence dFrame1=120 dFrame0=0 dFrameGt1=0 discont=0 numSteps total=120 max=1 gt1=0
LogOGInputRelay: Warning: [RelayFlush] window owner=OGBrawlerUECharacter_2147482375 flushedRounds=4502 entries=8366 entriesPerRoundX100=185 suppressed=3898 stageOverflowDrops=0
LogOGRelayProbe: Warning: [Warning][RelayProbe.Budget] conn=28258 frames=120 elapsedMs=1997 netSpeedBps=250000 allowanceBytesPerTick=4166 outBytes=62346 bytesPerTick=519 occupancyPctX10=124
LogOGRelayProbe: Warning: [Warning][RelayProbe.Budget] conn=28258 queuedBits min=-66666 max=-63070 mean=-65638 notReadyFrames=0 outPackets=121 bytesPerPacket=515 lost=0
LogOGNet: Warning: [Warning][InputStats] dropped 0 / 238 remote inputs = 0%
LogOGInputRelay: Warning: [RelayFlush] window owner=OGBrawlerUECharacter_2147482398 flushedRounds=4624 entries=8609 entriesPerRoundX100=186 suppressed=4016 stageOverflowDrops=0
LogOGRelayProbe: Warning: [Warning][RelayProbe.Budget] conn=28300 frames=120 elapsedMs=2005 netSpeedBps=250000 allowanceBytesPerTick=4166 outBytes=62285 bytesPerTick=519 occupancyPctX10=124
LogOGRelayProbe: Warning: [Warning][RelayProbe.Budget] conn=28300 queuedBits min=-66666 max=-63352 mean=-65816 notReadyFrames=0 outPackets=121 bytesPerPacket=514 lost=0
LogOGRelayProbe: Warning: [Warning][RelayProbe.Frame] role=Server simTicks=120 frames=121 meanTicksPerFrameX100=99 p50=1 p99=1 max=1 meanFrameUs=16588
LogOGRelayProbe: Warning: [Warning][RelayProbe.Frame] role=Server cadence dFrame1=119 dFrame0=0 dFrameGt1=1 discont=0 numSteps total=120 max=1 gt1=0
LogOGRelayProbe: Warning: [Warning][RelayProbe.Write] id=28322 runs=120 writes=228 observableWrites=228 captureSpan=228 receivedX1000=1000 observableX1000=1000 deliverableX1000=1000 replaceLatestObservableX1000=526
LogOGRelayProbe: Warning: [Warning][RelayProbe.Write] id=28322 writesPerFrame p50=2 p99=4 max=4 emptyFrames=108 nonConsecutive=0 missedCaptureTicks=0 captures=[9112,9339] discont=0
LogOGInputRelay: Warning: [RelayFlush] window owner=OGBrawlerUECharacter_2147482375 flushedRounds=4566 entries=8484 entriesPerRoundX100=185 suppressed=3954 stageOverflowDrops=0
LogOGRelayProbe: Warning: [Warning][RelayProbe.Budget] conn=28258 frames=120 elapsedMs=1993 netSpeedBps=250000 allowanceBytesPerTick=4166 outBytes=62018 bytesPerTick=516 occupancyPctX10=123
LogOGRelayProbe: Warning: [Warning][RelayProbe.Budget] conn=28258 queuedBits min=-66666 max=-63454 mean=-65865 notReadyFrames=0 outPackets=120 bytesPerPacket=516 lost=1
LogOGRelayProbe: Warning: [Warning][RelayProbe.Write] id=28281 runs=120 writes=219 observableWrites=219 captureSpan=219 receivedX1000=1000 observableX1000=1000 deliverableX1000=1000 replaceLatestObservableX1000=547
LogOGRelayProbe: Warning: [Warning][RelayProbe.Write] id=28281 writesPerFrame p50=2 p99=4 max=5 emptyFrames=98 nonConsecutive=0 missedCaptureTicks=0 captures=[9175,9393] discont=0
LogOGNet: Warning: [Warning][InputStats] dropped 0 / 238 remote inputs = 0%
LogOGInputRelay: Warning: [RelayFlush] window owner=OGBrawlerUECharacter_2147482398 flushedRounds=4689 entries=8727 entriesPerRoundX100=186 suppressed=4071 stageOverflowDrops=0
LogOGRelayProbe: Warning: [Warning][RelayProbe.Budget] conn=28300 frames=120 elapsedMs=2007 netSpeedBps=250000 allowanceBytesPerTick=4166 outBytes=62738 bytesPerTick=522 occupancyPctX10=125
LogOGRelayProbe: Warning: [Warning][RelayProbe.Budget] conn=28300 queuedBits min=-66666 max=-63420 mean=-65817 notReadyFrames=0 outPackets=121 bytesPerPacket=518 lost=2
LogOGRelayProbe: Warning: [Warning][RelayProbe.Frame] role=Server simTicks=120 frames=121 meanTicksPerFrameX100=99 p50=1 p99=1 max=1 meanFrameUs=16599
LogOGRelayProbe: Warning: [Warning][RelayProbe.Frame] role=Server cadence dFrame1=119 dFrame0=0 dFrameGt1=1 discont=0 numSteps total=120 max=1 gt1=0
LogOGInputRelay: Warning: [RelayFlush] window owner=OGBrawlerUECharacter_2147482375 flushedRounds=4634 entries=8604 entriesPerRoundX100=185 suppressed=4006 stageOverflowDrops=0
LogOGRelayProbe: Warning: [Warning][RelayProbe.Budget] conn=28258 frames=120 elapsedMs=2010 netSpeedBps=250000 allowanceBytesPerTick=4166 outBytes=62453 bytesPerTick=520 occupancyPctX10=124
LogOGRelayProbe: Warning: [Warning][RelayProbe.Budget] conn=28258 queuedBits min=-66666 max=-63420 mean=-65899 notReadyFrames=0 outPackets=121 bytesPerPacket=516 lost=2
LogOGNet: Warning: [Warning][InputStats] dropped 0 / 238 remote inputs = 0%
LogOGInputRelay: Warning: [RelayFlush] window owner=OGBrawlerUECharacter_2147482398 flushedRounds=4751 entries=8847 entriesPerRoundX100=186 suppressed=4129 stageOverflowDrops=0
LogOGRelayProbe: Warning: [Warning][RelayProbe.Budget] conn=28300 frames=120 elapsedMs=1989 netSpeedBps=250000 allowanceBytesPerTick=4166 outBytes=61764 bytesPerTick=514 occupancyPctX10=123
LogOGRelayProbe: Warning: [Warning][RelayProbe.Budget] conn=28300 queuedBits min=-66666 max=-63022 mean=-65790 notReadyFrames=0 outPackets=120 bytesPerPacket=514 lost=1
LogOGRelayProbe: Warning: [Warning][RelayProbe.Write] id=28322 runs=120 writes=212 observableWrites=212 captureSpan=212 receivedX1000=1000 observableX1000=1000 deliverableX1000=1000 replaceLatestObservableX1000=566
LogOGRelayProbe: Warning: [Warning][RelayProbe.Write] id=28322 writesPerFrame p50=2 p99=4 max=4 emptyFrames=93 nonConsecutive=0 missedCaptureTicks=0 captures=[9340,9551] discont=0
LogOGRelayProbe: Warning: [Warning][RelayProbe.Frame] role=Server simTicks=120 frames=120 meanTicksPerFrameX100=100 p50=1 p99=1 max=1 meanFrameUs=16542
LogOGRelayProbe: Warning: [Warning][RelayProbe.Frame] role=Server cadence dFrame1=120 dFrame0=0 dFrameGt1=0 discont=0 numSteps total=120 max=1 gt1=0
LogOGInputRelay: Warning: [RelayFlush] window owner=OGBrawlerUECharacter_2147482375 flushedRounds=4704 entries=8723 entriesPerRoundX100=185 suppressed=4056 stageOverflowDrops=0
LogOGRelayProbe: Warning: [Warning][RelayProbe.Budget] conn=28258 frames=120 elapsedMs=2031 netSpeedBps=250000 allowanceBytesPerTick=4166 outBytes=63284 bytesPerTick=527 occupancyPctX10=126
LogOGRelayProbe: Warning: [Warning][RelayProbe.Budget] conn=28258 queuedBits min=-66666 max=-63022 mean=-65677 notReadyFrames=0 outPackets=123 bytesPerPacket=514 lost=2
LogOGRelayProbe: Warning: [Warning][RelayProbe.Write] id=28281 runs=120 writes=226 observableWrites=226 captureSpan=226 receivedX1000=1000 observableX1000=1000 deliverableX1000=1000 replaceLatestObservableX1000=530
LogOGRelayProbe: Warning: [Warning][RelayProbe.Write] id=28281 writesPerFrame p50=2 p99=4 max=4 emptyFrames=107 nonConsecutive=0 missedCaptureTicks=0 captures=[9394,9619] discont=0
LogOGNet: Warning: [Warning][InputStats] dropped 0 / 238 remote inputs = 0%
LogOGInputRelay: Warning: [RelayFlush] window owner=OGBrawlerUECharacter_2147482398 flushedRounds=4815 entries=8967 entriesPerRoundX100=186 suppressed=4185 stageOverflowDrops=0
LogOGRelayProbe: Warning: [Warning][RelayProbe.Budget] conn=28300 frames=120 elapsedMs=2038 netSpeedBps=250000 allowanceBytesPerTick=4166 outBytes=63510 bytesPerTick=529 occupancyPctX10=126
LogOGRelayProbe: Warning: [Warning][RelayProbe.Budget] conn=28300 queuedBits min=-66666 max=-62944 mean=-65795 notReadyFrames=0 outPackets=123 bytesPerPacket=516 lost=0
LogOGRelayProbe: Warning: [Warning][RelayProbe.Frame] role=Server simTicks=122 frames=123 meanTicksPerFrameX100=99 p50=1 p99=1 max=2 meanFrameUs=16624
LogOGRelayProbe: Warning: [Warning][RelayProbe.Frame] role=Server cadence dFrame1=117 dFrame0=0 dFrameGt1=3 discont=0 numSteps total=122 max=2 gt1=2
LogOGInputRelay: Warning: [RelayFlush] window owner=OGBrawlerUECharacter_2147482375 flushedRounds=4771 entries=8843 entriesPerRoundX100=185 suppressed=4109 stageOverflowDrops=0
LogOGRelayProbe: Warning: [Warning][RelayProbe.Budget] conn=28258 frames=120 elapsedMs=1999 netSpeedBps=250000 allowanceBytesPerTick=4166 outBytes=62228 bytesPerTick=518 occupancyPctX10=124
LogOGRelayProbe: Warning: [Warning][RelayProbe.Budget] conn=28258 queuedBits min=-66666 max=-62944 mean=-65993 notReadyFrames=0 outPackets=120 bytesPerPacket=518 lost=2
LogOGNet: Warning: [Warning][InputStats] dropped 0 / 238 remote inputs = 0%
LogOGRelayProbe: Warning: [Warning][RelayProbe.Write] id=28322 runs=120 writes=213 observableWrites=213 captureSpan=213 receivedX1000=1000 observableX1000=1000 deliverableX1000=1000 replaceLatestObservableX1000=563
LogOGRelayProbe: Warning: [Warning][RelayProbe.Write] id=28322 writesPerFrame p50=2 p99=4 max=4 emptyFrames=94 nonConsecutive=0 missedCaptureTicks=0 captures=[9552,9764] discont=0
LogOGInputRelay: Warning: [RelayFlush] window owner=OGBrawlerUECharacter_2147482398 flushedRounds=4886 entries=9087 entriesPerRoundX100=185 suppressed=4234 stageOverflowDrops=0
LogOGRelayProbe: Warning: [Warning][RelayProbe.Budget] conn=28300 frames=120 elapsedMs=1996 netSpeedBps=250000 allowanceBytesPerTick=4166 outBytes=61978 bytesPerTick=516 occupancyPctX10=123
LogOGRelayProbe: Warning: [Warning][RelayProbe.Budget] conn=28300 queuedBits min=-66666 max=-63636 mean=-65907 notReadyFrames=0 outPackets=120 bytesPerPacket=516 lost=1
LogOGRelayProbe: Warning: [Warning][RelayProbe.Frame] role=Server simTicks=120 frames=120 meanTicksPerFrameX100=100 p50=1 p99=1 max=1 meanFrameUs=16624
LogOGRelayProbe: Warning: [Warning][RelayProbe.Frame] role=Server cadence dFrame1=120 dFrame0=0 dFrameGt1=0 discont=0 numSteps total=120 max=1 gt1=0
LogOGRelayProbe: Warning: [Warning][RelayProbe.Write] id=28281 runs=120 writes=206 observableWrites=206 captureSpan=206 receivedX1000=1000 observableX1000=1000 deliverableX1000=1000 replaceLatestObservableX1000=582
LogOGRelayProbe: Warning: [Warning][RelayProbe.Write] id=28281 writesPerFrame p50=2 p99=4 max=4 emptyFrames=89 nonConsecutive=0 missedCaptureTicks=0 captures=[9620,9825] discont=0
LogOGInputRelay: Warning: [RelayFlush] window owner=OGBrawlerUECharacter_2147482375 flushedRounds=4832 entries=8965 entriesPerRoundX100=185 suppressed=4168 stageOverflowDrops=0
LogOGRelayProbe: Warning: [Warning][RelayProbe.Budget] conn=28258 frames=120 elapsedMs=1991 netSpeedBps=250000 allowanceBytesPerTick=4166 outBytes=61833 bytesPerTick=515 occupancyPctX10=123
LogOGRelayProbe: Warning: [Warning][RelayProbe.Budget] conn=28258 queuedBits min=-66666 max=-63322 mean=-65751 notReadyFrames=0 outPackets=120 bytesPerPacket=515 lost=3
LogOGNet: Warning: [Warning][InputStats] dropped 0 / 238 remote inputs = 0%
LogOGInputRelay: Warning: [RelayFlush] window owner=OGBrawlerUECharacter_2147482398 flushedRounds=4954 entries=9206 entriesPerRoundX100=185 suppressed=4286 stageOverflowDrops=0
LogOGRelayProbe: Warning: [Warning][RelayProbe.Budget] conn=28300 frames=120 elapsedMs=2007 netSpeedBps=250000 allowanceBytesPerTick=4166 outBytes=62471 bytesPerTick=520 occupancyPctX10=124
LogOGRelayProbe: Warning: [Warning][RelayProbe.Budget] conn=28300 queuedBits min=-66666 max=-63322 mean=-65790 notReadyFrames=0 outPackets=121 bytesPerPacket=516 lost=0
LogOGRelayProbe: Warning: [Warning][RelayProbe.Frame] role=Server simTicks=120 frames=121 meanTicksPerFrameX100=99 p50=1 p99=1 max=1 meanFrameUs=16575
LogOGRelayProbe: Warning: [Warning][RelayProbe.Frame] role=Server cadence dFrame1=119 dFrame0=0 dFrameGt1=1 discont=0 numSteps total=120 max=1 gt1=0
LogOGInputRelay: Warning: [RelayFlush] window owner=OGBrawlerUECharacter_2147482375 flushedRounds=4895 entries=9083 entriesPerRoundX100=185 suppressed=4225 stageOverflowDrops=0
LogOGRelayProbe: Warning: [Warning][RelayProbe.Budget] conn=28258 frames=120 elapsedMs=2008 netSpeedBps=250000 allowanceBytesPerTick=4166 outBytes=62491 bytesPerTick=520 occupancyPctX10=124
LogOGRelayProbe: Warning: [Warning][RelayProbe.Budget] conn=28258 queuedBits min=-66666 max=-63386 mean=-65866 notReadyFrames=0 outPackets=121 bytesPerPacket=516 lost=2
LogOGRelayProbe: Warning: [Warning][RelayProbe.Write] id=28322 runs=120 writes=228 observableWrites=228 captureSpan=228 receivedX1000=1000 observableX1000=1000 deliverableX1000=1000 replaceLatestObservableX1000=526
LogOGRelayProbe: Warning: [Warning][RelayProbe.Write] id=28322 writesPerFrame p50=2 p99=4 max=4 emptyFrames=110 nonConsecutive=0 missedCaptureTicks=0 captures=[9765,9992] discont=0
LogOGNet: Warning: [Warning][InputStats] dropped 0 / 238 remote inputs = 0%
LogOGInputRelay: Warning: [RelayFlush] window owner=OGBrawlerUECharacter_2147482398 flushedRounds=5024 entries=9326 entriesPerRoundX100=185 suppressed=4336 stageOverflowDrops=0
LogOGRelayProbe: Warning: [Warning][RelayProbe.Budget] conn=28300 frames=120 elapsedMs=1994 netSpeedBps=250000 allowanceBytesPerTick=4166 outBytes=62181 bytesPerTick=518 occupancyPctX10=124
LogOGRelayProbe: Warning: [Warning][RelayProbe.Budget] conn=28300 queuedBits min=-66666 max=-63386 mean=-65916 notReadyFrames=0 outPackets=120 bytesPerPacket=518 lost=0
LogOGRelayProbe: Warning: [Warning][RelayProbe.Write] id=28281 runs=120 writes=210 observableWrites=210 captureSpan=210 receivedX1000=1000 observableX1000=1000 deliverableX1000=1000 replaceLatestObservableX1000=571
LogOGRelayProbe: Warning: [Warning][RelayProbe.Write] id=28281 writesPerFrame p50=2 p99=4 max=5 emptyFrames=90 nonConsecutive=0 missedCaptureTicks=0 captures=[9826,10035] discont=0
LogOGRelayProbe: Warning: [Warning][RelayProbe.Frame] role=Server simTicks=120 frames=120 meanTicksPerFrameX100=100 p50=1 p99=1 max=1 meanFrameUs=16606
LogOGRelayProbe: Warning: [Warning][RelayProbe.Frame] role=Server cadence dFrame1=120 dFrame0=0 dFrameGt1=0 discont=0 numSteps total=120 max=1 gt1=0
LogOGInputRelay: Warning: [RelayFlush] window owner=OGBrawlerUECharacter_2147482375 flushedRounds=4959 entries=9203 entriesPerRoundX100=185 suppressed=4281 stageOverflowDrops=0
LogOGRelayProbe: Warning: [Warning][RelayProbe.Budget] conn=28258 frames=120 elapsedMs=1993 netSpeedBps=250000 allowanceBytesPerTick=4166 outBytes=61898 bytesPerTick=515 occupancyPctX10=123
LogOGRelayProbe: Warning: [Warning][RelayProbe.Budget] conn=28258 queuedBits min=-66666 max=-63536 mean=-65918 notReadyFrames=0 outPackets=120 bytesPerPacket=515 lost=0
LogOGNet: Warning: [Warning][InputStats] dropped 0 / 238 remote inputs = 0%
LogOGInputRelay: Warning: [RelayFlush] window owner=OGBrawlerUECharacter_2147482398 flushedRounds=5088 entries=9445 entriesPerRoundX100=185 suppressed=4392 stageOverflowDrops=0
LogOGRelayProbe: Warning: [Warning][RelayProbe.Budget] conn=28300 frames=120 elapsedMs=2002 netSpeedBps=250000 allowanceBytesPerTick=4166 outBytes=62281 bytesPerTick=519 occupancyPctX10=124
LogOGRelayProbe: Warning: [Warning][RelayProbe.Budget] conn=28300 queuedBits min=-66666 max=-63002 mean=-65703 notReadyFrames=0 outPackets=121 bytesPerPacket=514 lost=2
LogOGRelayProbe: Warning: [Warning][RelayProbe.Frame] role=Server simTicks=120 frames=121 meanTicksPerFrameX100=99 p50=1 p99=1 max=1 meanFrameUs=16571
LogOGRelayProbe: Warning: [Warning][RelayProbe.Frame] role=Server cadence dFrame1=119 dFrame0=0 dFrameGt1=1 discont=0 numSteps total=120 max=1 gt1=0
LogOGInputRelay: Warning: [RelayFlush] window owner=OGBrawlerUECharacter_2147482375 flushedRounds=5022 entries=9322 entriesPerRoundX100=185 suppressed=4338 stageOverflowDrops=0
LogOGRelayProbe: Warning: [Warning][RelayProbe.Budget] conn=28258 frames=120 elapsedMs=2002 netSpeedBps=250000 allowanceBytesPerTick=4166 outBytes=62172 bytesPerTick=518 occupancyPctX10=124
LogOGRelayProbe: Warning: [Warning][RelayProbe.Budget] conn=28258 queuedBits min=-66666 max=-63002 mean=-65707 notReadyFrames=0 outPackets=121 bytesPerPacket=513 lost=3
LogOGRelayProbe: Warning: [Warning][RelayProbe.Write] id=28322 runs=120 writes=230 observableWrites=230 captureSpan=230 receivedX1000=1000 observableX1000=1000 deliverableX1000=1000 replaceLatestObservableX1000=521
LogOGRelayProbe: Warning: [Warning][RelayProbe.Write] id=28322 writesPerFrame p50=2 p99=4 max=5 emptyFrames=109 nonConsecutive=0 missedCaptureTicks=0 captures=[9993,10222] discont=0
LogOGNet: Warning: [Warning][InputStats] dropped 0 / 238 remote inputs = 0%
LogOGInputRelay: Warning: [RelayFlush] window owner=OGBrawlerUECharacter_2147482398 flushedRounds=5148 entries=9564 entriesPerRoundX100=185 suppressed=4452 stageOverflowDrops=0
LogOGRelayProbe: Warning: [Warning][RelayProbe.Write] id=28281 runs=120 writes=233 observableWrites=233 captureSpan=233 receivedX1000=1000 observableX1000=1000 deliverableX1000=1000 replaceLatestObservableX1000=515
LogOGRelayProbe: Warning: [Warning][RelayProbe.Write] id=28281 writesPerFrame p50=2 p99=4 max=4 emptyFrames=115 nonConsecutive=0 missedCaptureTicks=0 captures=[10036,10268] discont=0
LogOGRelayProbe: Warning: [Warning][RelayProbe.Budget] conn=28300 frames=120 elapsedMs=2002 netSpeedBps=250000 allowanceBytesPerTick=4166 outBytes=62401 bytesPerTick=520 occupancyPctX10=124
LogOGRelayProbe: Warning: [Warning][RelayProbe.Budget] conn=28300 queuedBits min=-66666 max=-63538 mean=-65735 notReadyFrames=0 outPackets=121 bytesPerPacket=515 lost=1
LogOGRelayProbe: Warning: [Warning][RelayProbe.Frame] role=Server simTicks=120 frames=121 meanTicksPerFrameX100=99 p50=1 p99=1 max=1 meanFrameUs=16528
LogOGRelayProbe: Warning: [Warning][RelayProbe.Frame] role=Server cadence dFrame1=119 dFrame0=0 dFrameGt1=1 discont=0 numSteps total=120 max=1 gt1=0
LogOGInputRelay: Warning: [RelayFlush] window owner=OGBrawlerUECharacter_2147482375 flushedRounds=5085 entries=9441 entriesPerRoundX100=185 suppressed=4395 stageOverflowDrops=0
LogOGRelayProbe: Warning: [Warning][RelayProbe.Budget] conn=28258 frames=120 elapsedMs=1999 netSpeedBps=250000 allowanceBytesPerTick=4166 outBytes=62658 bytesPerTick=522 occupancyPctX10=125
LogOGRelayProbe: Warning: [Warning][RelayProbe.Budget] conn=28258 queuedBits min=-66666 max=-63518 mean=-65654 notReadyFrames=0 outPackets=121 bytesPerPacket=517 lost=1
LogOGNet: Warning: [Warning][InputStats] dropped 0 / 238 remote inputs = 0%
LogOGInputRelay: Warning: [RelayFlush] window owner=OGBrawlerUECharacter_2147482398 flushedRounds=5209 entries=9682 entriesPerRoundX100=185 suppressed=4511 stageOverflowDrops=0
LogOGRelayProbe: Warning: [Warning][RelayProbe.Budget] conn=28300 frames=120 elapsedMs=1989 netSpeedBps=250000 allowanceBytesPerTick=4166 outBytes=62007 bytesPerTick=516 occupancyPctX10=123
LogOGRelayProbe: Warning: [Warning][RelayProbe.Budget] conn=28300 queuedBits min=-66666 max=-63518 mean=-65793 notReadyFrames=0 outPackets=120 bytesPerPacket=516 lost=4
LogOGRelayProbe: Warning: [Warning][RelayProbe.Frame] role=Server simTicks=120 frames=120 meanTicksPerFrameX100=100 p50=1 p99=1 max=1 meanFrameUs=16582
LogOGRelayProbe: Warning: [Warning][RelayProbe.Frame] role=Server cadence dFrame1=120 dFrame0=0 dFrameGt1=0 discont=0 numSteps total=120 max=1 gt1=0
LogOGInputRelay: Warning: [RelayFlush] window owner=OGBrawlerUECharacter_2147482375 flushedRounds=5145 entries=9560 entriesPerRoundX100=185 suppressed=4455 stageOverflowDrops=0
LogOGRelayProbe: Warning: [Warning][RelayProbe.Write] id=28322 runs=120 writes=227 observableWrites=227 captureSpan=227 receivedX1000=1000 observableX1000=1000 deliverableX1000=1000 replaceLatestObservableX1000=528
LogOGRelayProbe: Warning: [Warning][RelayProbe.Write] id=28322 writesPerFrame p50=2 p99=4 max=5 emptyFrames=110 nonConsecutive=0 missedCaptureTicks=0 captures=[10223,10449] discont=0
LogOGRelayProbe: Warning: [Warning][RelayProbe.Budget] conn=28258 frames=120 elapsedMs=2038 netSpeedBps=250000 allowanceBytesPerTick=4166 outBytes=63379 bytesPerTick=528 occupancyPctX10=126
LogOGRelayProbe: Warning: [Warning][RelayProbe.Budget] conn=28258 queuedBits min=-66666 max=-62934 mean=-65747 notReadyFrames=0 outPackets=123 bytesPerPacket=515 lost=0
LogOGNet: Warning: [Warning][InputStats] dropped 0 / 238 remote inputs = 0%
LogOGInputRelay: Warning: [RelayFlush] window owner=OGBrawlerUECharacter_2147482398 flushedRounds=5272 entries=9802 entriesPerRoundX100=185 suppressed=4568 stageOverflowDrops=0
LogOGRelayProbe: Warning: [Warning][RelayProbe.Write] id=28281 runs=120 writes=231 observableWrites=231 captureSpan=231 receivedX1000=1000 observableX1000=1000 deliverableX1000=1000 replaceLatestObservableX1000=519
LogOGRelayProbe: Warning: [Warning][RelayProbe.Write] id=28281 writesPerFrame p50=2 p99=4 max=5 emptyFrames=113 nonConsecutive=0 missedCaptureTicks=0 captures=[10269,10499] discont=0
LogOGRelayProbe: Warning: [Warning][RelayProbe.Budget] conn=28300 frames=120 elapsedMs=2037 netSpeedBps=250000 allowanceBytesPerTick=4166 outBytes=63202 bytesPerTick=526 occupancyPctX10=126
LogOGRelayProbe: Warning: [Warning][RelayProbe.Budget] conn=28300 queuedBits min=-66666 max=-62934 mean=-65721 notReadyFrames=0 outPackets=123 bytesPerPacket=513 lost=2
LogOGRelayProbe: Warning: [Warning][RelayProbe.Frame] role=Server simTicks=122 frames=123 meanTicksPerFrameX100=99 p50=1 p99=1 max=2 meanFrameUs=16587
LogOGRelayProbe: Warning: [Warning][RelayProbe.Frame] role=Server cadence dFrame1=117 dFrame0=0 dFrameGt1=3 discont=0 numSteps total=122 max=2 gt1=2
LogOGInputRelay: Warning: [RelayFlush] window owner=OGBrawlerUECharacter_2147482375 flushedRounds=5211 entries=9678 entriesPerRoundX100=185 suppressed=4509 stageOverflowDrops=0
LogOGRelayProbe: Warning: [Warning][RelayProbe.Budget] conn=28258 frames=120 elapsedMs=1996 netSpeedBps=250000 allowanceBytesPerTick=4166 outBytes=61899 bytesPerTick=515 occupancyPctX10=123
LogOGRelayProbe: Warning: [Warning][RelayProbe.Budget] conn=28258 queuedBits min=-66666 max=-63412 mean=-65898 notReadyFrames=0 outPackets=120 bytesPerPacket=515 lost=1
LogOGNet: Warning: [Warning][InputStats] dropped 0 / 238 remote inputs = 0%
LogOGInputRelay: Warning: [RelayFlush] window owner=OGBrawlerUECharacter_2147482398 flushedRounds=5332 entries=9923 entriesPerRoundX100=186 suppressed=4628 stageOverflowDrops=0
LogOGRelayProbe: Warning: [Warning][RelayProbe.Budget] conn=28300 frames=120 elapsedMs=1995 netSpeedBps=250000 allowanceBytesPerTick=4166 outBytes=61999 bytesPerTick=516 occupancyPctX10=123
LogOGRelayProbe: Warning: [Warning][RelayProbe.Budget] conn=28300 queuedBits min=-66666 max=-63158 mean=-65899 notReadyFrames=0 outPackets=120 bytesPerPacket=516 lost=0
LogOGRelayProbe: Warning: [Warning][RelayProbe.Frame] role=Server simTicks=120 frames=120 meanTicksPerFrameX100=100 p50=1 p99=1 max=1 meanFrameUs=16632
LogOGRelayProbe: Warning: [Warning][RelayProbe.Frame] role=Server cadence dFrame1=120 dFrame0=0 dFrameGt1=0 discont=0 numSteps total=120 max=1 gt1=0
LogOGInputRelay: Warning: [RelayFlush] window owner=OGBrawlerUECharacter_2147482375 flushedRounds=5274 entries=9798 entriesPerRoundX100=185 suppressed=4566 stageOverflowDrops=0
LogOGRelayProbe: Warning: [Warning][RelayProbe.Write] id=28322 runs=120 writes=226 observableWrites=226 captureSpan=226 receivedX1000=1000 observableX1000=1000 deliverableX1000=1000 replaceLatestObservableX1000=530
LogOGRelayProbe: Warning: [Warning][RelayProbe.Write] id=28322 writesPerFrame p50=2 p99=4 max=4 emptyFrames=106 nonConsecutive=0 missedCaptureTicks=0 captures=[10450,10675] discont=0
LogOGRelayProbe: Warning: [Warning][RelayProbe.Budget] conn=28258 frames=120 elapsedMs=2006 netSpeedBps=250000 allowanceBytesPerTick=4166 outBytes=62516 bytesPerTick=520 occupancyPctX10=124
LogOGRelayProbe: Warning: [Warning][RelayProbe.Budget] conn=28258 queuedBits min=-66666 max=-63158 mean=-65776 notReadyFrames=0 outPackets=121 bytesPerPacket=516 lost=0
LogOGNet: Warning: [Warning][InputStats] dropped 0 / 238 remote inputs = 0%
LogOGRelayProbe: Warning: [Warning][RelayProbe.Write] id=28281 runs=120 writes=222 observableWrites=222 captureSpan=222 receivedX1000=1000 observableX1000=1000 deliverableX1000=1000 replaceLatestObservableX1000=540
LogOGRelayProbe: Warning: [Warning][RelayProbe.Write] id=28281 writesPerFrame p50=2 p99=4 max=5 emptyFrames=102 nonConsecutive=0 missedCaptureTicks=0 captures=[10500,10721] discont=0
LogOGInputRelay: Warning: [RelayFlush] window owner=OGBrawlerUECharacter_2147482398 flushedRounds=5401 entries=10042 entriesPerRoundX100=185 suppressed=4679 stageOverflowDrops=0
LogOGRelayProbe: Warning: [Warning][RelayProbe.Budget] conn=28300 frames=120 elapsedMs=2004 netSpeedBps=250000 allowanceBytesPerTick=4166 outBytes=62571 bytesPerTick=521 occupancyPctX10=125
LogOGRelayProbe: Warning: [Warning][RelayProbe.Budget] conn=28300 queuedBits min=-66666 max=-63642 mean=-65758 notReadyFrames=0 outPackets=121 bytesPerPacket=517 lost=0
LogOGRelayProbe: Warning: [Warning][RelayProbe.Frame] role=Server simTicks=120 frames=121 meanTicksPerFrameX100=99 p50=1 p99=1 max=1 meanFrameUs=16574
LogOGRelayProbe: Warning: [Warning][RelayProbe.Frame] role=Server cadence dFrame1=119 dFrame0=0 dFrameGt1=1 discont=0 numSteps total=120 max=1 gt1=0
LogOGInputRelay: Warning: [RelayFlush] window owner=OGBrawlerUECharacter_2147482375 flushedRounds=5338 entries=9919 entriesPerRoundX100=185 suppressed=4622 stageOverflowDrops=0
LogOGRelayProbe: Warning: [Warning][RelayProbe.Budget] conn=28258 frames=120 elapsedMs=1992 netSpeedBps=250000 allowanceBytesPerTick=4166 outBytes=61695 bytesPerTick=514 occupancyPctX10=123
LogOGRelayProbe: Warning: [Warning][RelayProbe.Budget] conn=28258 queuedBits min=-66666 max=-63642 mean=-65878 notReadyFrames=0 outPackets=120 bytesPerPacket=514 lost=0
LogOGNet: Warning: [Warning][InputStats] dropped 0 / 238 remote inputs = 0%
LogOGInputRelay: Warning: [RelayFlush] window owner=OGBrawlerUECharacter_2147482398 flushedRounds=5464 entries=10160 entriesPerRoundX100=185 suppressed=4736 stageOverflowDrops=0
LogOGRelayProbe: Warning: [Warning][RelayProbe.Budget] conn=28300 frames=120 elapsedMs=1995 netSpeedBps=250000 allowanceBytesPerTick=4166 outBytes=61947 bytesPerTick=516 occupancyPctX10=123
LogOGRelayProbe: Warning: [Warning][RelayProbe.Budget] conn=28300 queuedBits min=-66666 max=-63356 mean=-65908 notReadyFrames=0 outPackets=120 bytesPerPacket=516 lost=2
LogOGRelayProbe: Warning: [Warning][RelayProbe.Frame] role=Server simTicks=120 frames=120 meanTicksPerFrameX100=100 p50=1 p99=1 max=1 meanFrameUs=16620
LogOGRelayProbe: Warning: [Warning][RelayProbe.Frame] role=Server cadence dFrame1=120 dFrame0=0 dFrameGt1=0 discont=0 numSteps total=120 max=1 gt1=0
LogOGRelayProbe: Warning: [Warning][RelayProbe.Write] id=28322 runs=120 writes=223 observableWrites=223 captureSpan=223 receivedX1000=1000 observableX1000=1000 deliverableX1000=1000 replaceLatestObservableX1000=538
LogOGRelayProbe: Warning: [Warning][RelayProbe.Write] id=28322 writesPerFrame p50=2 p99=4 max=4 emptyFrames=104 nonConsecutive=0 missedCaptureTicks=0 captures=[10676,10898] discont=0
LogOGInputRelay: Warning: [RelayFlush] window owner=OGBrawlerUECharacter_2147482375 flushedRounds=5402 entries=10039 entriesPerRoundX100=185 suppressed=4678 stageOverflowDrops=0
LogOGRelayProbe: Warning: [Warning][RelayProbe.Budget] conn=28258 frames=120 elapsedMs=1997 netSpeedBps=250000 allowanceBytesPerTick=4166 outBytes=62394 bytesPerTick=519 occupancyPctX10=124
LogOGRelayProbe: Warning: [Warning][RelayProbe.Budget] conn=28258 queuedBits min=-66666 max=-63356 mean=-65891 notReadyFrames=0 outPackets=120 bytesPerPacket=519 lost=3
LogOGRelayProbe: Warning: [Warning][RelayProbe.Write] id=28281 runs=120 writes=224 observableWrites=224 captureSpan=224 receivedX1000=1000 observableX1000=1000 deliverableX1000=1000 replaceLatestObservableX1000=535
LogOGRelayProbe: Warning: [Warning][RelayProbe.Write] id=28281 writesPerFrame p50=2 p99=4 max=5 emptyFrames=104 nonConsecutive=0 missedCaptureTicks=0 captures=[10722,10945] discont=0
LogOGNet: Warning: [Warning][InputStats] dropped 0 / 238 remote inputs = 0%
LogOGInputRelay: Warning: [RelayFlush] window owner=OGBrawlerUECharacter_2147482398 flushedRounds=5529 entries=10281 entriesPerRoundX100=185 suppressed=4791 stageOverflowDrops=0
LogOGRelayProbe: Warning: [Warning][RelayProbe.Budget] conn=28300 frames=120 elapsedMs=1997 netSpeedBps=250000 allowanceBytesPerTick=4166 outBytes=62188 bytesPerTick=518 occupancyPctX10=124
LogOGRelayProbe: Warning: [Warning][RelayProbe.Budget] conn=28300 queuedBits min=-66666 max=-63518 mean=-65932 notReadyFrames=0 outPackets=120 bytesPerPacket=518 lost=0
LogOGRelayProbe: Warning: [Warning][RelayProbe.Frame] role=Server simTicks=122 frames=122 meanTicksPerFrameX100=100 p50=1 p99=1 max=2 meanFrameUs=16644
LogOGRelayProbe: Warning: [Warning][RelayProbe.Frame] role=Server cadence dFrame1=118 dFrame0=0 dFrameGt1=2 discont=0 numSteps total=122 max=2 gt1=2
LogOGInputRelay: Warning: [RelayFlush] window owner=OGBrawlerUECharacter_2147482375 flushedRounds=5465 entries=10160 entriesPerRoundX100=185 suppressed=4735 stageOverflowDrops=0
LogOGRelayProbe: Warning: [Warning][RelayProbe.Budget] conn=28258 frames=120 elapsedMs=2097 netSpeedBps=250000 allowanceBytesPerTick=4166 outBytes=64694 bytesPerTick=539 occupancyPctX10=129
LogOGRelayProbe: Warning: [Warning][RelayProbe.Budget] conn=28258 queuedBits min=-66666 max=-63290 mean=-65947 notReadyFrames=0 outPackets=126 bytesPerPacket=513 lost=4
LogOGNet: Warning: [Warning][InputStats] dropped 0 / 238 remote inputs = 0%
LogOGInputRelay: Warning: [RelayFlush] window owner=OGBrawlerUECharacter_2147482398 flushedRounds=5593 entries=10402 entriesPerRoundX100=185 suppressed=4847 stageOverflowDrops=0
LogOGRelayProbe: Warning: [Warning][RelayProbe.Budget] conn=28300 frames=120 elapsedMs=2116 netSpeedBps=250000 allowanceBytesPerTick=4166 outBytes=64956 bytesPerTick=541 occupancyPctX10=129
LogOGRelayProbe: Warning: [Warning][RelayProbe.Budget] conn=28300 queuedBits min=-66666 max=-63164 mean=-65924 notReadyFrames=0 outPackets=127 bytesPerPacket=511 lost=2
LogOGRelayProbe: Warning: [Warning][RelayProbe.Write] id=28322 runs=120 writes=227 observableWrites=227 captureSpan=227 receivedX1000=1000 observableX1000=1000 deliverableX1000=1000 replaceLatestObservableX1000=528
LogOGRelayProbe: Warning: [Warning][RelayProbe.Write] id=28322 writesPerFrame p50=2 p99=5 max=5 emptyFrames=107 nonConsecutive=0 missedCaptureTicks=0 captures=[10899,11125] discont=0
LogOGRelayProbe: Warning: [Warning][RelayProbe.Frame] role=Server simTicks=125 frames=125 meanTicksPerFrameX100=100 p50=1 p99=2 max=2 meanFrameUs=16679
LogOGRelayProbe: Warning: [Warning][RelayProbe.Frame] role=Server cadence dFrame1=115 dFrame0=0 dFrameGt1=5 discont=0 numSteps total=125 max=2 gt1=5
LogOGInputRelay: Warning: [RelayFlush] window owner=OGBrawlerUECharacter_2147482375 flushedRounds=5529 entries=10279 entriesPerRoundX100=185 suppressed=4791 stageOverflowDrops=0
LogOGRelayProbe: Warning: [Warning][RelayProbe.Write] id=28281 runs=120 writes=230 observableWrites=230 captureSpan=230 receivedX1000=1000 observableX1000=1000 deliverableX1000=1000 replaceLatestObservableX1000=521
LogOGRelayProbe: Warning: [Warning][RelayProbe.Write] id=28281 writesPerFrame p50=2 p99=4 max=4 emptyFrames=113 nonConsecutive=0 missedCaptureTicks=0 captures=[10946,11175] discont=0
LogOGRelayProbe: Warning: [Warning][RelayProbe.Budget] conn=28258 frames=120 elapsedMs=2045 netSpeedBps=250000 allowanceBytesPerTick=4166 outBytes=63220 bytesPerTick=526 occupancyPctX10=126
LogOGRelayProbe: Warning: [Warning][RelayProbe.Budget] conn=28258 queuedBits min=-66666 max=-63164 mean=-65910 notReadyFrames=0 outPackets=123 bytesPerPacket=513 lost=0
LogOGNet: Warning: [Warning][InputStats] dropped 0 / 238 remote inputs = 0%
LogOGInputRelay: Warning: [RelayFlush] window owner=OGBrawlerUECharacter_2147482398 flushedRounds=5651 entries=10520 entriesPerRoundX100=186 suppressed=4909 stageOverflowDrops=0
LogOGRelayProbe: Warning: [Warning][RelayProbe.Budget] conn=28300 frames=120 elapsedMs=2026 netSpeedBps=250000 allowanceBytesPerTick=4166 outBytes=62905 bytesPerTick=524 occupancyPctX10=125
LogOGRelayProbe: Warning: [Warning][RelayProbe.Budget] conn=28300 queuedBits min=-66666 max=-63302 mean=-65857 notReadyFrames=0 outPackets=122 bytesPerPacket=515 lost=1
LogOGRelayProbe: Warning: [Warning][RelayProbe.Frame] role=Server simTicks=121 frames=122 meanTicksPerFrameX100=99 p50=1 p99=1 max=2 meanFrameUs=16573
LogOGRelayProbe: Warning: [Warning][RelayProbe.Frame] role=Server cadence dFrame1=118 dFrame0=0 dFrameGt1=2 discont=0 numSteps total=121 max=2 gt1=1
LogOGInputRelay: Warning: [RelayFlush] window owner=OGBrawlerUECharacter_2147482375 flushedRounds=5594 entries=10396 entriesPerRoundX100=185 suppressed=4846 stageOverflowDrops=0
LogOGRelayProbe: Warning: [Warning][RelayProbe.Budget] conn=28258 frames=120 elapsedMs=2003 netSpeedBps=250000 allowanceBytesPerTick=4166 outBytes=62338 bytesPerTick=519 occupancyPctX10=124
LogOGRelayProbe: Warning: [Warning][RelayProbe.Budget] conn=28258 queuedBits min=-66666 max=-63302 mean=-65667 notReadyFrames=0 outPackets=121 bytesPerPacket=515 lost=1
LogOGNet: Warning: [Warning][InputStats] dropped 0 / 238 remote inputs = 0%
LogOGInputRelay: Warning: [RelayFlush] window owner=OGBrawlerUECharacter_2147482398 flushedRounds=5715 entries=10640 entriesPerRoundX100=186 suppressed=4965 stageOverflowDrops=0
LogOGRelayProbe: Warning: [Warning][RelayProbe.Write] id=28322 runs=120 writes=224 observableWrites=224 captureSpan=224 receivedX1000=1000 observableX1000=1000 deliverableX1000=1000 replaceLatestObservableX1000=535
LogOGRelayProbe: Warning: [Warning][RelayProbe.Write] id=28322 writesPerFrame p50=2 p99=4 max=5 emptyFrames=105 nonConsecutive=0 missedCaptureTicks=0 captures=[11126,11349] discont=0
LogOGRelayProbe: Warning: [Warning][RelayProbe.Budget] conn=28300 frames=120 elapsedMs=2012 netSpeedBps=250000 allowanceBytesPerTick=4166 outBytes=62873 bytesPerTick=523 occupancyPctX10=125
LogOGRelayProbe: Warning: [Warning][RelayProbe.Budget] conn=28300 queuedBits min=-66666 max=-63216 mean=-65547 notReadyFrames=0 outPackets=122 bytesPerPacket=515 lost=2
LogOGInputRelay: Warning: [RelayFlush] window owner=OGBrawlerUECharacter_2147482375 flushedRounds=5656 entries=10516 entriesPerRoundX100=185 suppressed=4904 stageOverflowDrops=0
LogOGRelayProbe: Warning: [Warning][RelayProbe.Frame] role=Server simTicks=121 frames=122 meanTicksPerFrameX100=99 p50=1 p99=1 max=2 meanFrameUs=16499
LogOGRelayProbe: Warning: [Warning][RelayProbe.Frame] role=Server cadence dFrame1=118 dFrame0=0 dFrameGt1=2 discont=0 numSteps total=121 max=2 gt1=1
LogOGRelayProbe: Warning: [Warning][RelayProbe.Write] id=28281 runs=120 writes=238 observableWrites=238 captureSpan=238 receivedX1000=1000 observableX1000=1000 deliverableX1000=1000 replaceLatestObservableX1000=504
LogOGRelayProbe: Warning: [Warning][RelayProbe.Write] id=28281 writesPerFrame p50=2 p99=5 max=5 emptyFrames=117 nonConsecutive=0 missedCaptureTicks=0 captures=[11176,11413] discont=0
LogOGNet: Warning: [Warning][InputStats] dropped 0 / 238 remote inputs = 0%
LogOGRelayProbe: Warning: [Warning][RelayProbe.Budget] conn=28258 frames=120 elapsedMs=2049 netSpeedBps=250000 allowanceBytesPerTick=4166 outBytes=64000 bytesPerTick=533 occupancyPctX10=127
LogOGRelayProbe: Warning: [Warning][RelayProbe.Budget] conn=28258 queuedBits min=-66666 max=-63216 mean=-65650 notReadyFrames=0 outPackets=124 bytesPerPacket=516 lost=1
LogOGInputRelay: Warning: [RelayFlush] window owner=OGBrawlerUECharacter_2147482398 flushedRounds=5776 entries=10759 entriesPerRoundX100=186 suppressed=5024 stageOverflowDrops=0
LogOGRelayProbe: Warning: [Warning][RelayProbe.Budget] conn=28300 frames=120 elapsedMs=2031 netSpeedBps=250000 allowanceBytesPerTick=4166 outBytes=63251 bytesPerTick=527 occupancyPctX10=126
LogOGRelayProbe: Warning: [Warning][RelayProbe.Budget] conn=28300 queuedBits min=-66666 max=-63148 mean=-65672 notReadyFrames=0 outPackets=123 bytesPerPacket=514 lost=1
LogOGInputRelay: Warning: [RelayFlush] window owner=OGBrawlerUECharacter_2147482375 flushedRounds=5718 entries=10634 entriesPerRoundX100=185 suppressed=4962 stageOverflowDrops=0
LogOGRelayProbe: Warning: [Warning][RelayProbe.Frame] role=Server simTicks=122 frames=123 meanTicksPerFrameX100=99 p50=1 p99=2 max=2 meanFrameUs=16537
LogOGRelayProbe: Warning: [Warning][RelayProbe.Frame] role=Server cadence dFrame1=117 dFrame0=0 dFrameGt1=3 discont=0 numSteps total=122 max=2 gt1=2
LogOGNet: Warning: [Warning][InputStats] dropped 0 / 238 remote inputs = 0%
LogOGRelayProbe: Warning: [Warning][RelayProbe.Budget] conn=28258 frames=120 elapsedMs=2014 netSpeedBps=250000 allowanceBytesPerTick=4166 outBytes=62657 bytesPerTick=522 occupancyPctX10=125
LogOGRelayProbe: Warning: [Warning][RelayProbe.Budget] conn=28258 queuedBits min=-66666 max=-62946 mean=-65614 notReadyFrames=0 outPackets=122 bytesPerPacket=513 lost=1
LogOGInputRelay: Warning: [RelayFlush] window owner=OGBrawlerUECharacter_2147482398 flushedRounds=5839 entries=10878 entriesPerRoundX100=186 suppressed=5081 stageOverflowDrops=0
LogOGRelayProbe: Warning: [Warning][RelayProbe.Write] id=28322 runs=120 writes=235 observableWrites=235 captureSpan=235 receivedX1000=1000 observableX1000=1000 deliverableX1000=1000 replaceLatestObservableX1000=510
LogOGRelayProbe: Warning: [Warning][RelayProbe.Write] id=28322 writesPerFrame p50=2 p99=4 max=4 emptyFrames=117 nonConsecutive=0 missedCaptureTicks=0 captures=[11350,11584] discont=0
LogOGRelayProbe: Warning: [Warning][RelayProbe.Budget] conn=28300 frames=120 elapsedMs=2013 netSpeedBps=250000 allowanceBytesPerTick=4166 outBytes=63022 bytesPerTick=525 occupancyPctX10=126
LogOGRelayProbe: Warning: [Warning][RelayProbe.Budget] conn=28300 queuedBits min=-66666 max=-62946 mean=-65605 notReadyFrames=0 outPackets=122 bytesPerPacket=516 lost=1
LogOGInputRelay: Warning: [RelayFlush] window owner=OGBrawlerUECharacter_2147482375 flushedRounds=5782 entries=10754 entriesPerRoundX100=185 suppressed=5018 stageOverflowDrops=0
LogOGRelayProbe: Warning: [Warning][RelayProbe.Frame] role=Server simTicks=121 frames=122 meanTicksPerFrameX100=99 p50=1 p99=1 max=1 meanFrameUs=16510
LogOGRelayProbe: Warning: [Warning][RelayProbe.Frame] role=Server cadence dFrame1=118 dFrame0=0 dFrameGt1=2 discont=0 numSteps total=121 max=2 gt1=1
LogOGRelayProbe: Warning: [Warning][RelayProbe.Write] id=28281 runs=120 writes=217 observableWrites=217 captureSpan=217 receivedX1000=1000 observableX1000=1000 deliverableX1000=1000 replaceLatestObservableX1000=552
LogOGRelayProbe: Warning: [Warning][RelayProbe.Write] id=28281 writesPerFrame p50=2 p99=4 max=4 emptyFrames=99 nonConsecutive=0 missedCaptureTicks=0 captures=[11414,11630] discont=0
LogOGNet: Warning: [Warning][InputStats] dropped 0 / 238 remote inputs = 0%
LogOGRelayProbe: Warning: [Warning][RelayProbe.Budget] conn=28258 frames=120 elapsedMs=1992 netSpeedBps=250000 allowanceBytesPerTick=4166 outBytes=62312 bytesPerTick=519 occupancyPctX10=124
LogOGRelayProbe: Warning: [Warning][RelayProbe.Budget] conn=28258 queuedBits min=-66666 max=-63140 mean=-65849 notReadyFrames=0 outPackets=120 bytesPerPacket=519 lost=0
LogOGInputRelay: Warning: [RelayFlush] window owner=OGBrawlerUECharacter_2147482398 flushedRounds=5904 entries=10996 entriesPerRoundX100=186 suppressed=5136 stageOverflowDrops=0
LogOGRelayProbe: Warning: [Warning][RelayProbe.Budget] conn=28300 frames=120 elapsedMs=1999 netSpeedBps=250000 allowanceBytesPerTick=4166 outBytes=62139 bytesPerTick=517 occupancyPctX10=124
LogOGRelayProbe: Warning: [Warning][RelayProbe.Budget] conn=28300 queuedBits min=-66666 max=-63320 mean=-66073 notReadyFrames=0 outPackets=120 bytesPerPacket=517 lost=0
LogOGInputRelay: Warning: [RelayFlush] window owner=OGBrawlerUECharacter_2147482375 flushedRounds=5843 entries=10876 entriesPerRoundX100=186 suppressed=5077 stageOverflowDrops=0
LogOGRelayProbe: Warning: [Warning][RelayProbe.Frame] role=Server simTicks=120 frames=120 meanTicksPerFrameX100=100 p50=1 p99=1 max=1 meanFrameUs=16650
LogOGRelayProbe: Warning: [Warning][RelayProbe.Frame] role=Server cadence dFrame1=120 dFrame0=0 dFrameGt1=0 discont=0 numSteps total=120 max=1 gt1=0
LogOGNet: Warning: [Warning][InputStats] dropped 0 / 238 remote inputs = 0%
LogOGRelayProbe: Warning: [Warning][RelayProbe.Budget] conn=28258 frames=120 elapsedMs=2003 netSpeedBps=250000 allowanceBytesPerTick=4166 outBytes=62100 bytesPerTick=517 occupancyPctX10=124
LogOGRelayProbe: Warning: [Warning][RelayProbe.Budget] conn=28258 queuedBits min=-66666 max=-62862 mean=-65820 notReadyFrames=0 outPackets=121 bytesPerPacket=513 lost=0
LogOGInputRelay: Warning: [RelayFlush] window owner=OGBrawlerUECharacter_2147482398 flushedRounds=5971 entries=11116 entriesPerRoundX100=186 suppressed=5189 stageOverflowDrops=0
LogOGRelayProbe: Warning: [Warning][RelayProbe.Write] id=28322 runs=120 writes=217 observableWrites=217 captureSpan=217 receivedX1000=1000 observableX1000=1000 deliverableX1000=1000 replaceLatestObservableX1000=552
LogOGRelayProbe: Warning: [Warning][RelayProbe.Write] id=28322 writesPerFrame p50=2 p99=4 max=4 emptyFrames=98 nonConsecutive=0 missedCaptureTicks=0 captures=[11585,11801] discont=0
LogOGRelayProbe: Warning: [Warning][RelayProbe.Budget] conn=28300 frames=120 elapsedMs=2009 netSpeedBps=250000 allowanceBytesPerTick=4166 outBytes=62319 bytesPerTick=519 occupancyPctX10=124
LogOGRelayProbe: Warning: [Warning][RelayProbe.Budget] conn=28300 queuedBits min=-66666 max=-62862 mean=-65870 notReadyFrames=0 outPackets=121 bytesPerPacket=515 lost=0
LogOGRelayProbe: Warning: [Warning][RelayProbe.Write] id=28281 runs=120 writes=218 observableWrites=218 captureSpan=218 receivedX1000=1000 observableX1000=1000 deliverableX1000=1000 replaceLatestObservableX1000=550
LogOGRelayProbe: Warning: [Warning][RelayProbe.Write] id=28281 writesPerFrame p50=2 p99=4 max=4 emptyFrames=98 nonConsecutive=0 missedCaptureTicks=0 captures=[11631,11848] discont=0
LogOGInputRelay: Warning: [RelayFlush] window owner=OGBrawlerUECharacter_2147482375 flushedRounds=5907 entries=10993 entriesPerRoundX100=186 suppressed=5133 stageOverflowDrops=0
LogOGRelayProbe: Warning: [Warning][RelayProbe.Frame] role=Server simTicks=120 frames=121 meanTicksPerFrameX100=99 p50=1 p99=1 max=1 meanFrameUs=16606
LogOGRelayProbe: Warning: [Warning][RelayProbe.Frame] role=Server cadence dFrame1=119 dFrame0=0 dFrameGt1=1 discont=0 numSteps total=120 max=1 gt1=0
LogOGNet: Warning: [Warning][InputStats] dropped 0 / 238 remote inputs = 0%
LogOGRelayProbe: Warning: [Warning][RelayProbe.Budget] conn=28258 frames=120 elapsedMs=1998 netSpeedBps=250000 allowanceBytesPerTick=4166 outBytes=62208 bytesPerTick=518 occupancyPctX10=124
LogOGRelayProbe: Warning: [Warning][RelayProbe.Budget] conn=28258 queuedBits min=-66666 max=-63274 mean=-65948 notReadyFrames=0 outPackets=120 bytesPerPacket=518 lost=0
LogOGInputRelay: Warning: [RelayFlush] window owner=OGBrawlerUECharacter_2147482398 flushedRounds=6038 entries=11236 entriesPerRoundX100=186 suppressed=5242 stageOverflowDrops=0
LogOGRelayProbe: Warning: [Warning][RelayProbe.Budget] conn=28300 frames=120 elapsedMs=1990 netSpeedBps=250000 allowanceBytesPerTick=4166 outBytes=61846 bytesPerTick=515 occupancyPctX10=123
LogOGRelayProbe: Warning: [Warning][RelayProbe.Budget] conn=28300 queuedBits min=-66666 max=-63274 mean=-65745 notReadyFrames=0 outPackets=120 bytesPerPacket=515 lost=0
LogOGInputRelay: Warning: [RelayFlush] window owner=OGBrawlerUECharacter_2147482375 flushedRounds=5969 entries=11114 entriesPerRoundX100=186 suppressed=5191 stageOverflowDrops=0
LogOGRelayProbe: Warning: [Warning][RelayProbe.Frame] role=Server simTicks=120 frames=120 meanTicksPerFrameX100=100 p50=1 p99=1 max=1 meanFrameUs=16631
LogOGRelayProbe: Warning: [Warning][RelayProbe.Frame] role=Server cadence dFrame1=120 dFrame0=0 dFrameGt1=0 discont=0 numSteps total=120 max=1 gt1=0
LogOGNet: Warning: [Warning][InputStats] dropped 0 / 238 remote inputs = 0%
LogOGRelayProbe: Warning: [Warning][RelayProbe.Budget] conn=28258 frames=120 elapsedMs=1996 netSpeedBps=250000 allowanceBytesPerTick=4166 outBytes=62079 bytesPerTick=517 occupancyPctX10=124
LogOGRelayProbe: Warning: [Warning][RelayProbe.Budget] conn=28258 queuedBits min=-66666 max=-63546 mean=-65886 notReadyFrames=0 outPackets=120 bytesPerPacket=517 lost=2
LogOGRelayProbe: Warning: [Warning][RelayProbe.Write] id=28322 runs=120 writes=230 observableWrites=230 captureSpan=230 receivedX1000=1000 observableX1000=1000 deliverableX1000=1000 replaceLatestObservableX1000=521
LogOGRelayProbe: Warning: [Warning][RelayProbe.Write] id=28322 writesPerFrame p50=2 p99=4 max=5 emptyFrames=112 nonConsecutive=0 missedCaptureTicks=0 captures=[11802,12031] discont=0
LogOGInputRelay: Warning: [RelayFlush] window owner=OGBrawlerUECharacter_2147482398 flushedRounds=6103 entries=11356 entriesPerRoundX100=186 suppressed=5297 stageOverflowDrops=0
LogOGRelayProbe: Warning: [Warning][RelayProbe.Write] id=28281 runs=120 writes=224 observableWrites=224 captureSpan=224 receivedX1000=1000 observableX1000=1000 deliverableX1000=1000 replaceLatestObservableX1000=535
LogOGRelayProbe: Warning: [Warning][RelayProbe.Write] id=28281 writesPerFrame p50=2 p99=4 max=4 emptyFrames=106 nonConsecutive=0 missedCaptureTicks=0 captures=[11849,12072] discont=0
LogOGRelayProbe: Warning: [Warning][RelayProbe.Budget] conn=28300 frames=120 elapsedMs=2046 netSpeedBps=250000 allowanceBytesPerTick=4166 outBytes=63466 bytesPerTick=528 occupancyPctX10=126
LogOGRelayProbe: Warning: [Warning][RelayProbe.Budget] conn=28300 queuedBits min=-66666 max=-63154 mean=-65851 notReadyFrames=0 outPackets=123 bytesPerPacket=515 lost=1
LogOGInputRelay: Warning: [RelayFlush] window owner=OGBrawlerUECharacter_2147482375 flushedRounds=6036 entries=11232 entriesPerRoundX100=186 suppressed=5244 stageOverflowDrops=0
LogOGRelayProbe: Warning: [Warning][RelayProbe.Frame] role=Server simTicks=122 frames=123 meanTicksPerFrameX100=99 p50=1 p99=1 max=2 meanFrameUs=16593
LogOGRelayProbe: Warning: [Warning][RelayProbe.Frame] role=Server cadence dFrame1=117 dFrame0=0 dFrameGt1=3 discont=0 numSteps total=122 max=2 gt1=2
LogOGNet: Warning: [Warning][InputStats] dropped 0 / 238 remote inputs = 0%
LogOGRelayProbe: Warning: [Warning][RelayProbe.Budget] conn=28258 frames=120 elapsedMs=2034 netSpeedBps=250000 allowanceBytesPerTick=4166 outBytes=63225 bytesPerTick=526 occupancyPctX10=126
LogOGRelayProbe: Warning: [Warning][RelayProbe.Budget] conn=28258 queuedBits min=-66666 max=-63154 mean=-65675 notReadyFrames=0 outPackets=123 bytesPerPacket=514 lost=1
LogOGInputRelay: Warning: [RelayFlush] window owner=OGBrawlerUECharacter_2147482398 flushedRounds=6166 entries=11477 entriesPerRoundX100=186 suppressed=5354 stageOverflowDrops=0
LogOGRelayProbe: Warning: [Warning][RelayProbe.Budget] conn=28300 frames=120 elapsedMs=1988 netSpeedBps=250000 allowanceBytesPerTick=4166 outBytes=62021 bytesPerTick=516 occupancyPctX10=123
LogOGRelayProbe: Warning: [Warning][RelayProbe.Budget] conn=28300 queuedBits min=-66666 max=-63860 mean=-65767 notReadyFrames=0 outPackets=120 bytesPerPacket=516 lost=4
LogOGInputRelay: Warning: [RelayFlush] window owner=OGBrawlerUECharacter_2147482375 flushedRounds=6098 entries=11352 entriesPerRoundX100=186 suppressed=5302 stageOverflowDrops=0
LogOGRelayProbe: Warning: [Warning][RelayProbe.Frame] role=Server simTicks=120 frames=120 meanTicksPerFrameX100=100 p50=1 p99=1 max=1 meanFrameUs=16586
LogOGRelayProbe: Warning: [Warning][RelayProbe.Frame] role=Server cadence dFrame1=120 dFrame0=0 dFrameGt1=0 discont=0 numSteps total=120 max=1 gt1=0
LogOGRelayProbe: Warning: [Warning][RelayProbe.Write] id=28322 runs=120 writes=223 observableWrites=223 captureSpan=223 receivedX1000=1000 observableX1000=1000 deliverableX1000=1000 replaceLatestObservableX1000=538
LogOGRelayProbe: Warning: [Warning][RelayProbe.Write] id=28322 writesPerFrame p50=2 p99=4 max=4 emptyFrames=102 nonConsecutive=0 missedCaptureTicks=0 captures=[12032,12254] discont=0
LogOGNet: Warning: [Warning][InputStats] dropped 0 / 238 remote inputs = 0%
LogOGRelayProbe: Warning: [Warning][RelayProbe.Budget] conn=28258 frames=120 elapsedMs=1999 netSpeedBps=250000 allowanceBytesPerTick=4166 outBytes=62066 bytesPerTick=517 occupancyPctX10=124
LogOGRelayProbe: Warning: [Warning][RelayProbe.Budget] conn=28258 queuedBits min=-66666 max=-63496 mean=-65939 notReadyFrames=0 outPackets=120 bytesPerPacket=517 lost=1
LogOGInputRelay: Warning: [RelayFlush] window owner=OGBrawlerUECharacter_2147482398 flushedRounds=6229 entries=11595 entriesPerRoundX100=186 suppressed=5411 stageOverflowDrops=0
LogOGRelayProbe: Warning: [Warning][RelayProbe.Write] id=28281 runs=120 writes=225 observableWrites=225 captureSpan=225 receivedX1000=1000 observableX1000=1000 deliverableX1000=1000 replaceLatestObservableX1000=533
LogOGRelayProbe: Warning: [Warning][RelayProbe.Write] id=28281 writesPerFrame p50=2 p99=4 max=5 emptyFrames=105 nonConsecutive=0 missedCaptureTicks=0 captures=[12073,12297] discont=0
LogOGRelayProbe: Warning: [Warning][RelayProbe.Budget] conn=28300 frames=120 elapsedMs=2042 netSpeedBps=250000 allowanceBytesPerTick=4166 outBytes=63290 bytesPerTick=527 occupancyPctX10=126
LogOGRelayProbe: Warning: [Warning][RelayProbe.Budget] conn=28300 queuedBits min=-66666 max=-63316 mean=-65816 notReadyFrames=0 outPackets=123 bytesPerPacket=514 lost=1
LogOGInputRelay: Warning: [RelayFlush] window owner=OGBrawlerUECharacter_2147482375 flushedRounds=6166 entries=11473 entriesPerRoundX100=186 suppressed=5354 stageOverflowDrops=0
LogOGRelayProbe: Warning: [Warning][RelayProbe.Frame] role=Server simTicks=122 frames=123 meanTicksPerFrameX100=99 p50=1 p99=1 max=1 meanFrameUs=16592
LogOGRelayProbe: Warning: [Warning][RelayProbe.Frame] role=Server cadence dFrame1=117 dFrame0=0 dFrameGt1=3 discont=0 numSteps total=122 max=2 gt1=2
LogOGNet: Warning: [Warning][InputStats] dropped 0 / 238 remote inputs = 0%
LogOGRelayProbe: Warning: [Warning][RelayProbe.Budget] conn=28258 frames=120 elapsedMs=2036 netSpeedBps=250000 allowanceBytesPerTick=4166 outBytes=63175 bytesPerTick=526 occupancyPctX10=126
LogOGRelayProbe: Warning: [Warning][RelayProbe.Budget] conn=28258 queuedBits min=-66666 max=-63014 mean=-65716 notReadyFrames=0 outPackets=123 bytesPerPacket=513 lost=2
LogOGInputRelay: Warning: [RelayFlush] window owner=OGBrawlerUECharacter_2147482398 flushedRounds=6298 entries=11715 entriesPerRoundX100=186 suppressed=5462 stageOverflowDrops=0
LogOGRelayProbe: Warning: [Warning][RelayProbe.Budget] conn=28300 frames=120 elapsedMs=1992 netSpeedBps=250000 allowanceBytesPerTick=4166 outBytes=62096 bytesPerTick=517 occupancyPctX10=124
LogOGRelayProbe: Warning: [Warning][RelayProbe.Budget] conn=28300 queuedBits min=-66666 max=-63014 mean=-65895 notReadyFrames=0 outPackets=120 bytesPerPacket=517 lost=2
LogOGInputRelay: Warning: [RelayFlush] window owner=OGBrawlerUECharacter_2147482375 flushedRounds=6229 entries=11592 entriesPerRoundX100=186 suppressed=5411 stageOverflowDrops=0
LogOGRelayProbe: Warning: [Warning][RelayProbe.Frame] role=Server simTicks=120 frames=120 meanTicksPerFrameX100=100 p50=1 p99=1 max=1 meanFrameUs=16639
LogOGRelayProbe: Warning: [Warning][RelayProbe.Frame] role=Server cadence dFrame1=120 dFrame0=0 dFrameGt1=0 discont=0 numSteps total=120 max=1 gt1=0
LogOGRelayProbe: Warning: [Warning][RelayProbe.Write] id=28322 runs=120 writes=226 observableWrites=226 captureSpan=226 receivedX1000=1000 observableX1000=1000 deliverableX1000=1000 replaceLatestObservableX1000=530
LogOGRelayProbe: Warning: [Warning][RelayProbe.Write] id=28322 writesPerFrame p50=2 p99=4 max=4 emptyFrames=108 nonConsecutive=0 missedCaptureTicks=0 captures=[12255,12480] discont=0
LogOGNet: Warning: [Warning][InputStats] dropped 0 / 238 remote inputs = 0%
LogOGRelayProbe: Warning: [Warning][RelayProbe.Write] id=28281 runs=120 writes=209 observableWrites=209 captureSpan=209 receivedX1000=1000 observableX1000=1000 deliverableX1000=1000 replaceLatestObservableX1000=574
LogOGRelayProbe: Warning: [Warning][RelayProbe.Write] id=28281 writesPerFrame p50=2 p99=3 max=4 emptyFrames=90 nonConsecutive=0 missedCaptureTicks=0 captures=[12298,12506] discont=0
LogOGRelayProbe: Warning: [Warning][RelayProbe.Budget] conn=28258 frames=120 elapsedMs=1996 netSpeedBps=250000 allowanceBytesPerTick=4166 outBytes=62079 bytesPerTick=517 occupancyPctX10=124
LogOGRelayProbe: Warning: [Warning][RelayProbe.Budget] conn=28258 queuedBits min=-66666 max=-63144 mean=-65965 notReadyFrames=0 outPackets=120 bytesPerPacket=517 lost=2
LogOGInputRelay: Warning: [RelayFlush] window owner=OGBrawlerUECharacter_2147482398 flushedRounds=6366 entries=11833 entriesPerRoundX100=185 suppressed=5514 stageOverflowDrops=0
LogOGRelayProbe: Warning: [Warning][RelayProbe.Budget] conn=28300 frames=120 elapsedMs=2007 netSpeedBps=250000 allowanceBytesPerTick=4166 outBytes=62481 bytesPerTick=520 occupancyPctX10=124
LogOGRelayProbe: Warning: [Warning][RelayProbe.Budget] conn=28300 queuedBits min=-66666 max=-62874 mean=-65780 notReadyFrames=0 outPackets=121 bytesPerPacket=516 lost=1
LogOGInputRelay: Warning: [RelayFlush] window owner=OGBrawlerUECharacter_2147482375 flushedRounds=6292 entries=11711 entriesPerRoundX100=186 suppressed=5468 stageOverflowDrops=0
LogOGRelayProbe: Warning: [Warning][RelayProbe.Frame] role=Server simTicks=120 frames=121 meanTicksPerFrameX100=99 p50=1 p99=1 max=1 meanFrameUs=16578
LogOGRelayProbe: Warning: [Warning][RelayProbe.Frame] role=Server cadence dFrame1=119 dFrame0=0 dFrameGt1=1 discont=0 numSteps total=120 max=1 gt1=0
LogOGNet: Warning: [Warning][InputStats] dropped 0 / 238 remote inputs = 0%
LogOGRelayProbe: Warning: [Warning][RelayProbe.Budget] conn=28258 frames=120 elapsedMs=2003 netSpeedBps=250000 allowanceBytesPerTick=4166 outBytes=62425 bytesPerTick=520 occupancyPctX10=124
LogOGRelayProbe: Warning: [Warning][RelayProbe.Budget] conn=28258 queuedBits min=-66666 max=-62874 mean=-65711 notReadyFrames=0 outPackets=121 bytesPerPacket=515 lost=1
LogOGInputRelay: Warning: [RelayFlush] window owner=OGBrawlerUECharacter_2147482398 flushedRounds=6426 entries=11953 entriesPerRoundX100=186 suppressed=5574 stageOverflowDrops=0
LogOGRelayProbe: Warning: [Warning][RelayProbe.Budget] conn=28300 frames=120 elapsedMs=1995 netSpeedBps=250000 allowanceBytesPerTick=4166 outBytes=61921 bytesPerTick=516 occupancyPctX10=123
LogOGRelayProbe: Warning: [Warning][RelayProbe.Budget] conn=28300 queuedBits min=-66666 max=-63676 mean=-65885 notReadyFrames=0 outPackets=120 bytesPerPacket=516 lost=4
LogOGInputRelay: Warning: [RelayFlush] window owner=OGBrawlerUECharacter_2147482375 flushedRounds=6352 entries=11828 entriesPerRoundX100=186 suppressed=5528 stageOverflowDrops=0
LogOGRelayProbe: Warning: [Warning][RelayProbe.Write] id=28322 runs=120 writes=226 observableWrites=226 captureSpan=226 receivedX1000=1000 observableX1000=1000 deliverableX1000=1000 replaceLatestObservableX1000=530
LogOGRelayProbe: Warning: [Warning][RelayProbe.Write] id=28322 writesPerFrame p50=2 p99=4 max=4 emptyFrames=107 nonConsecutive=0 missedCaptureTicks=0 captures=[12481,12706] discont=0
LogOGRelayProbe: Warning: [Warning][RelayProbe.Frame] role=Server simTicks=120 frames=120 meanTicksPerFrameX100=100 p50=1 p99=1 max=1 meanFrameUs=16626
LogOGRelayProbe: Warning: [Warning][RelayProbe.Frame] role=Server cadence dFrame1=120 dFrame0=0 dFrameGt1=0 discont=0 numSteps total=120 max=1 gt1=0
LogOGNet: Warning: [Warning][InputStats] dropped 0 / 238 remote inputs = 0%
LogOGRelayProbe: Warning: [Warning][RelayProbe.Write] id=28281 runs=120 writes=236 observableWrites=236 captureSpan=236 receivedX1000=1000 observableX1000=1000 deliverableX1000=1000 replaceLatestObservableX1000=508
LogOGRelayProbe: Warning: [Warning][RelayProbe.Write] id=28281 writesPerFrame p50=2 p99=4 max=5 emptyFrames=117 nonConsecutive=0 missedCaptureTicks=0 captures=[12507,12742] discont=0
LogOGRelayProbe: Warning: [Warning][RelayProbe.Budget] conn=28258 frames=120 elapsedMs=2006 netSpeedBps=250000 allowanceBytesPerTick=4166 outBytes=62305 bytesPerTick=519 occupancyPctX10=124
LogOGRelayProbe: Warning: [Warning][RelayProbe.Budget] conn=28258 queuedBits min=-66666 max=-63624 mean=-65818 notReadyFrames=0 outPackets=121 bytesPerPacket=514 lost=1
LogOGInputRelay: Warning: [RelayFlush] window owner=OGBrawlerUECharacter_2147482398 flushedRounds=6486 entries=12073 entriesPerRoundX100=186 suppressed=5634 stageOverflowDrops=0
LogOGRelayProbe: Warning: [Warning][RelayProbe.Budget] conn=28300 frames=120 elapsedMs=2026 netSpeedBps=250000 allowanceBytesPerTick=4166 outBytes=62872 bytesPerTick=523 occupancyPctX10=125
LogOGRelayProbe: Warning: [Warning][RelayProbe.Budget] conn=28300 queuedBits min=-66666 max=-63624 mean=-65922 notReadyFrames=0 outPackets=122 bytesPerPacket=515 lost=2
LogOGInputRelay: Warning: [RelayFlush] window owner=OGBrawlerUECharacter_2147482375 flushedRounds=6422 entries=11951 entriesPerRoundX100=186 suppressed=5578 stageOverflowDrops=0
LogOGRelayProbe: Warning: [Warning][RelayProbe.Frame] role=Server simTicks=123 frames=123 meanTicksPerFrameX100=100 p50=1 p99=2 max=2 meanFrameUs=16596
LogOGRelayProbe: Warning: [Warning][RelayProbe.Frame] role=Server cadence dFrame1=117 dFrame0=0 dFrameGt1=3 discont=0 numSteps total=123 max=2 gt1=3
LogOGNet: Warning: [Warning][InputStats] dropped 0 / 238 remote inputs = 0%
LogOGInputRelay: Warning: [RelayFlush] window owner=OGBrawlerUECharacter_2147482398 flushedRounds=6548 entries=12193 entriesPerRoundX100=186 suppressed=5692 stageOverflowDrops=0
LogOGRelayProbe: Warning: [Warning][RelayProbe.Budget] conn=28258 frames=120 elapsedMs=2046 netSpeedBps=250000 allowanceBytesPerTick=4166 outBytes=63642 bytesPerTick=530 occupancyPctX10=127
LogOGRelayProbe: Warning: [Warning][RelayProbe.Budget] conn=28258 queuedBits min=-66666 max=-63816 mean=-65988 notReadyFrames=0 outPackets=123 bytesPerPacket=517 lost=3
LogOGRelayProbe: Warning: [Warning][RelayProbe.Write] id=28322 runs=120 writes=216 observableWrites=216 captureSpan=216 receivedX1000=1000 observableX1000=1000 deliverableX1000=1000 replaceLatestObservableX1000=555
LogOGRelayProbe: Warning: [Warning][RelayProbe.Write] id=28322 writesPerFrame p50=2 p99=4 max=5 emptyFrames=95 nonConsecutive=0 missedCaptureTicks=0 captures=[12707,12922] discont=0
LogOGInputRelay: Warning: [RelayFlush] window owner=OGBrawlerUECharacter_2147482375 flushedRounds=6486 entries=12070 entriesPerRoundX100=186 suppressed=5634 stageOverflowDrops=0
LogOGRelayProbe: Warning: [Warning][RelayProbe.Budget] conn=28300 frames=120 elapsedMs=2024 netSpeedBps=250000 allowanceBytesPerTick=4166 outBytes=63016 bytesPerTick=525 occupancyPctX10=126
LogOGRelayProbe: Warning: [Warning][RelayProbe.Budget] conn=28300 queuedBits min=-66666 max=-63984 mean=-65902 notReadyFrames=0 outPackets=122 bytesPerPacket=516 lost=1
LogOGRelayProbe: Warning: [Warning][RelayProbe.Frame] role=Server simTicks=120 frames=121 meanTicksPerFrameX100=99 p50=1 p99=1 max=1 meanFrameUs=16622
LogOGRelayProbe: Warning: [Warning][RelayProbe.Frame] role=Server cadence dFrame1=119 dFrame0=0 dFrameGt1=1 discont=0 numSteps total=120 max=1 gt1=0
LogOGRelayProbe: Warning: [Warning][RelayProbe.Write] id=28281 runs=120 writes=214 observableWrites=214 captureSpan=214 receivedX1000=1000 observableX1000=1000 deliverableX1000=1000 replaceLatestObservableX1000=560
LogOGRelayProbe: Warning: [Warning][RelayProbe.Write] id=28281 writesPerFrame p50=2 p99=4 max=5 emptyFrames=96 nonConsecutive=0 missedCaptureTicks=0 captures=[12743,12956] discont=0
LogOGNet: Warning: [Warning][InputStats] dropped 0 / 238 remote inputs = 0%
LogOGInputRelay: Warning: [RelayFlush] window owner=OGBrawlerUECharacter_2147482398 flushedRounds=6618 entries=12312 entriesPerRoundX100=186 suppressed=5742 stageOverflowDrops=0
LogOGRelayProbe: Warning: [Warning][RelayProbe.Budget] conn=28258 frames=120 elapsedMs=1996 netSpeedBps=250000 allowanceBytesPerTick=4166 outBytes=61716 bytesPerTick=514 occupancyPctX10=123
LogOGRelayProbe: Warning: [Warning][RelayProbe.Budget] conn=28258 queuedBits min=-66666 max=-63630 mean=-65892 notReadyFrames=0 outPackets=120 bytesPerPacket=514 lost=3
LogOGInputRelay: Warning: [RelayFlush] window owner=OGBrawlerUECharacter_2147482375 flushedRounds=6550 entries=12190 entriesPerRoundX100=186 suppressed=5690 stageOverflowDrops=0
LogOGRelayProbe: Warning: [Warning][RelayProbe.Budget] conn=28300 frames=120 elapsedMs=1999 netSpeedBps=250000 allowanceBytesPerTick=4166 outBytes=61984 bytesPerTick=516 occupancyPctX10=123
LogOGRelayProbe: Warning: [Warning][RelayProbe.Budget] conn=28300 queuedBits min=-66666 max=-63630 mean=-65915 notReadyFrames=0 outPackets=120 bytesPerPacket=516 lost=3
LogOGRelayProbe: Warning: [Warning][RelayProbe.Frame] role=Server simTicks=120 frames=120 meanTicksPerFrameX100=100 p50=1 p99=1 max=1 meanFrameUs=16632
LogOGRelayProbe: Warning: [Warning][RelayProbe.Frame] role=Server cadence dFrame1=120 dFrame0=0 dFrameGt1=0 discont=0 numSteps total=120 max=1 gt1=0
LogOGNet: Warning: [Warning][InputStats] dropped 0 / 238 remote inputs = 0%
LogOGInputRelay: Warning: [RelayFlush] window owner=OGBrawlerUECharacter_2147482398 flushedRounds=6685 entries=12433 entriesPerRoundX100=185 suppressed=5795 stageOverflowDrops=0
LogOGRelayProbe: Warning: [Warning][RelayProbe.Budget] conn=28258 frames=120 elapsedMs=1994 netSpeedBps=250000 allowanceBytesPerTick=4166 outBytes=62310 bytesPerTick=519 occupancyPctX10=124
LogOGRelayProbe: Warning: [Warning][RelayProbe.Budget] conn=28258 queuedBits min=-66666 max=-63310 mean=-65837 notReadyFrames=0 outPackets=120 bytesPerPacket=519 lost=0
LogOGRelayProbe: Warning: [Warning][RelayProbe.Write] id=28322 runs=120 writes=221 observableWrites=221 captureSpan=221 receivedX1000=1000 observableX1000=1000 deliverableX1000=1000 replaceLatestObservableX1000=542
LogOGRelayProbe: Warning: [Warning][RelayProbe.Write] id=28322 writesPerFrame p50=2 p99=3 max=4 emptyFrames=103 nonConsecutive=0 missedCaptureTicks=0 captures=[12923,13143] discont=0
LogOGInputRelay: Warning: [RelayFlush] window owner=OGBrawlerUECharacter_2147482375 flushedRounds=6615 entries=12309 entriesPerRoundX100=186 suppressed=5745 stageOverflowDrops=0
LogOGRelayProbe: Warning: [Warning][RelayProbe.Write] id=28281 runs=120 writes=218 observableWrites=218 captureSpan=218 receivedX1000=1000 observableX1000=1000 deliverableX1000=1000 replaceLatestObservableX1000=550
LogOGRelayProbe: Warning: [Warning][RelayProbe.Write] id=28281 writesPerFrame p50=2 p99=4 max=4 emptyFrames=97 nonConsecutive=0 missedCaptureTicks=0 captures=[12957,13174] discont=0
LogOGRelayProbe: Warning: [Warning][RelayProbe.Budget] conn=28300 frames=120 elapsedMs=2007 netSpeedBps=250000 allowanceBytesPerTick=4166 outBytes=62488 bytesPerTick=520 occupancyPctX10=124
LogOGRelayProbe: Warning: [Warning][RelayProbe.Budget] conn=28300 queuedBits min=-66666 max=-63310 mean=-65815 notReadyFrames=0 outPackets=121 bytesPerPacket=516 lost=0
LogOGRelayProbe: Warning: [Warning][RelayProbe.Frame] role=Server simTicks=121 frames=122 meanTicksPerFrameX100=99 p50=1 p99=1 max=1 meanFrameUs=16582
LogOGRelayProbe: Warning: [Warning][RelayProbe.Frame] role=Server cadence dFrame1=118 dFrame0=0 dFrameGt1=2 discont=0 numSteps total=121 max=2 gt1=1
LogOGNet: Warning: [Warning][InputStats] dropped 0 / 238 remote inputs = 0%
LogOGInputRelay: Warning: [RelayFlush] window owner=OGBrawlerUECharacter_2147482398 flushedRounds=6752 entries=12553 entriesPerRoundX100=185 suppressed=5848 stageOverflowDrops=0
LogOGRelayProbe: Warning: [Warning][RelayProbe.Budget] conn=28258 frames=120 elapsedMs=2020 netSpeedBps=250000 allowanceBytesPerTick=4166 outBytes=62683 bytesPerTick=522 occupancyPctX10=125
LogOGRelayProbe: Warning: [Warning][RelayProbe.Budget] conn=28258 queuedBits min=-66666 max=-63806 mean=-65782 notReadyFrames=0 outPackets=122 bytesPerPacket=513 lost=0
LogOGInputRelay: Warning: [RelayFlush] window owner=OGBrawlerUECharacter_2147482375 flushedRounds=6681 entries=12428 entriesPerRoundX100=186 suppressed=5799 stageOverflowDrops=0
LogOGRelayProbe: Warning: [Warning][RelayProbe.Budget] conn=28300 frames=120 elapsedMs=2001 netSpeedBps=250000 allowanceBytesPerTick=4166 outBytes=62358 bytesPerTick=519 occupancyPctX10=124
LogOGRelayProbe: Warning: [Warning][RelayProbe.Budget] conn=28300 queuedBits min=-66666 max=-63184 mean=-65672 notReadyFrames=0 outPackets=121 bytesPerPacket=515 lost=4
LogOGRelayProbe: Warning: [Warning][RelayProbe.Frame] role=Server simTicks=120 frames=120 meanTicksPerFrameX100=100 p50=1 p99=1 max=1 meanFrameUs=16569
LogOGRelayProbe: Warning: [Warning][RelayProbe.Frame] role=Server cadence dFrame1=120 dFrame0=0 dFrameGt1=0 discont=0 numSteps total=120 max=1 gt1=0
LogOGNet: Warning: [Warning][InputStats] dropped 0 / 238 remote inputs = 0%
LogOGInputRelay: Warning: [RelayFlush] window owner=OGBrawlerUECharacter_2147482398 flushedRounds=6813 entries=12671 entriesPerRoundX100=185 suppressed=5907 stageOverflowDrops=0
LogOGRelayProbe: Warning: [Warning][RelayProbe.Write] id=28322 runs=120 writes=215 observableWrites=215 captureSpan=215 receivedX1000=1000 observableX1000=1000 deliverableX1000=1000 replaceLatestObservableX1000=558
LogOGRelayProbe: Warning: [Warning][RelayProbe.Write] id=28322 writesPerFrame p50=2 p99=4 max=5 emptyFrames=95 nonConsecutive=0 missedCaptureTicks=0 captures=[13144,13358] discont=0
LogOGRelayProbe: Warning: [Warning][RelayProbe.Budget] conn=28258 frames=120 elapsedMs=2043 netSpeedBps=250000 allowanceBytesPerTick=4166 outBytes=63638 bytesPerTick=530 occupancyPctX10=127
LogOGRelayProbe: Warning: [Warning][RelayProbe.Budget] conn=28258 queuedBits min=-66666 max=-63184 mean=-65832 notReadyFrames=0 outPackets=123 bytesPerPacket=517 lost=1
LogOGRelayProbe: Warning: [Warning][RelayProbe.Write] id=28281 runs=120 writes=229 observableWrites=229 captureSpan=229 receivedX1000=1000 observableX1000=1000 deliverableX1000=1000 replaceLatestObservableX1000=524
LogOGRelayProbe: Warning: [Warning][RelayProbe.Write] id=28281 writesPerFrame p50=2 p99=4 max=5 emptyFrames=111 nonConsecutive=0 missedCaptureTicks=0 captures=[13175,13403] discont=0
LogOGInputRelay: Warning: [RelayFlush] window owner=OGBrawlerUECharacter_2147482375 flushedRounds=6754 entries=12548 entriesPerRoundX100=185 suppressed=5846 stageOverflowDrops=0
LogOGRelayProbe: Warning: [Warning][RelayProbe.Budget] conn=28300 frames=120 elapsedMs=2041 netSpeedBps=250000 allowanceBytesPerTick=4166 outBytes=63347 bytesPerTick=527 occupancyPctX10=126
LogOGRelayProbe: Warning: [Warning][RelayProbe.Budget] conn=28300 queuedBits min=-66666 max=-63188 mean=-65844 notReadyFrames=0 outPackets=123 bytesPerPacket=515 lost=0
LogOGRelayProbe: Warning: [Warning][RelayProbe.Frame] role=Server simTicks=122 frames=123 meanTicksPerFrameX100=99 p50=1 p99=1 max=1 meanFrameUs=16577
LogOGRelayProbe: Warning: [Warning][RelayProbe.Frame] role=Server cadence dFrame1=117 dFrame0=0 dFrameGt1=3 discont=0 numSteps total=122 max=2 gt1=2
LogOGNet: Warning: [Warning][InputStats] dropped 0 / 238 remote inputs = 0%
LogOGInputRelay: Warning: [RelayFlush] window owner=OGBrawlerUECharacter_2147482398 flushedRounds=6877 entries=12790 entriesPerRoundX100=185 suppressed=5963 stageOverflowDrops=0
LogOGRelayProbe: Warning: [Warning][RelayProbe.Budget] conn=28258 frames=120 elapsedMs=1998 netSpeedBps=250000 allowanceBytesPerTick=4166 outBytes=62090 bytesPerTick=517 occupancyPctX10=124
LogOGRelayProbe: Warning: [Warning][RelayProbe.Budget] conn=28258 queuedBits min=-66666 max=-63188 mean=-65947 notReadyFrames=0 outPackets=120 bytesPerPacket=517 lost=2
LogOGInputRelay: Warning: [RelayFlush] window owner=OGBrawlerUECharacter_2147482375 flushedRounds=6819 entries=12667 entriesPerRoundX100=185 suppressed=5901 stageOverflowDrops=0
LogOGRelayProbe: Warning: [Warning][RelayProbe.Budget] conn=28300 frames=120 elapsedMs=2002 netSpeedBps=250000 allowanceBytesPerTick=4166 outBytes=62128 bytesPerTick=517 occupancyPctX10=124
LogOGRelayProbe: Warning: [Warning][RelayProbe.Budget] conn=28300 queuedBits min=-66666 max=-63566 mean=-65993 notReadyFrames=0 outPackets=120 bytesPerPacket=517 lost=0
LogOGRelayProbe: Warning: [Warning][RelayProbe.Frame] role=Server simTicks=120 frames=120 meanTicksPerFrameX100=100 p50=1 p99=1 max=1 meanFrameUs=16676
LogOGRelayProbe: Warning: [Warning][RelayProbe.Frame] role=Server cadence dFrame1=120 dFrame0=0 dFrameGt1=0 discont=0 numSteps total=120 max=1 gt1=0
LogOGNet: Warning: [Warning][InputStats] dropped 0 / 238 remote inputs = 0%
LogOGRelayProbe: Warning: [Warning][RelayProbe.Write] id=28322 runs=120 writes=211 observableWrites=211 captureSpan=211 receivedX1000=1000 observableX1000=1000 deliverableX1000=1000 replaceLatestObservableX1000=568
LogOGRelayProbe: Warning: [Warning][RelayProbe.Write] id=28322 writesPerFrame p50=2 p99=3 max=4 emptyFrames=94 nonConsecutive=0 missedCaptureTicks=0 captures=[13359,13569] discont=0
LogOGInputRelay: Warning: [RelayFlush] window owner=OGBrawlerUECharacter_2147482398 flushedRounds=6944 entries=12910 entriesPerRoundX100=185 suppressed=6016 stageOverflowDrops=0
LogOGRelayProbe: Warning: [Warning][RelayProbe.Budget] conn=28258 frames=120 elapsedMs=1992 netSpeedBps=250000 allowanceBytesPerTick=4166 outBytes=62072 bytesPerTick=517 occupancyPctX10=124
LogOGRelayProbe: Warning: [Warning][RelayProbe.Budget] conn=28258 queuedBits min=-66666 max=-63506 mean=-65767 notReadyFrames=0 outPackets=120 bytesPerPacket=517 lost=0
LogOGRelayProbe: Warning: [Warning][RelayProbe.Write] id=28281 runs=120 writes=221 observableWrites=221 captureSpan=221 receivedX1000=1000 observableX1000=1000 deliverableX1000=1000 replaceLatestObservableX1000=542
LogOGRelayProbe: Warning: [Warning][RelayProbe.Write] id=28281 writesPerFrame p50=2 p99=5 max=5 emptyFrames=102 nonConsecutive=0 missedCaptureTicks=0 captures=[13404,13624] discont=0
LogOGInputRelay: Warning: [RelayFlush] window owner=OGBrawlerUECharacter_2147482375 flushedRounds=6887 entries=12788 entriesPerRoundX100=185 suppressed=5953 stageOverflowDrops=0
LogOGRelayProbe: Warning: [Warning][RelayProbe.Budget] conn=28300 frames=120 elapsedMs=1995 netSpeedBps=250000 allowanceBytesPerTick=4166 outBytes=61999 bytesPerTick=516 occupancyPctX10=123
LogOGRelayProbe: Warning: [Warning][RelayProbe.Budget] conn=28300 queuedBits min=-66666 max=-63506 mean=-65842 notReadyFrames=0 outPackets=120 bytesPerPacket=516 lost=0
LogOGRelayProbe: Warning: [Warning][RelayProbe.Frame] role=Server simTicks=120 frames=120 meanTicksPerFrameX100=100 p50=1 p99=1 max=1 meanFrameUs=16665
LogOGRelayProbe: Warning: [Warning][RelayProbe.Frame] role=Server cadence dFrame1=120 dFrame0=0 dFrameGt1=0 discont=0 numSteps total=120 max=1 gt1=0
LogOGNet: Warning: [Warning][InputStats] dropped 0 / 238 remote inputs = 0%
LogOGNet: Warning: [Warning][RelaySkip] 1 out-of-order-older capture ticks applied but not relayed this window; lifetime 7
LogOGNet: Warning: [Warning][InputGap] id=28322 lastDelivered=13696 now=13702 dropped=5
LogOGInputRelay: Warning: [RelayFlush] window owner=OGBrawlerUECharacter_2147482398 flushedRounds=7010 entries=13034 entriesPerRoundX100=185 suppressed=6070 stageOverflowDrops=0
LogOGRelayProbe: Warning: [Warning][RelayProbe.Budget] conn=28258 frames=120 elapsedMs=2091 netSpeedBps=250000 allowanceBytesPerTick=4166 outBytes=61836 bytesPerTick=515 occupancyPctX10=123
LogOGRelayProbe: Warning: [Warning][RelayProbe.Budget] conn=28258 queuedBits min=-66666 max=-63570 mean=-66030 notReadyFrames=0 outPackets=120 bytesPerPacket=515 lost=3
LogOGNet: Warning: [Warning][InputGap] id=28281 lastDelivered=13762 now=13766 dropped=3
LogOGInputRelay: Warning: [RelayFlush] window owner=OGBrawlerUECharacter_2147482375 flushedRounds=6952 entries=12907 entriesPerRoundX100=185 suppressed=6008 stageOverflowDrops=0
LogOGRelayProbe: Warning: [Warning][RelayProbe.Budget] conn=28300 frames=120 elapsedMs=2191 netSpeedBps=250000 allowanceBytesPerTick=4166 outBytes=65038 bytesPerTick=541 occupancyPctX10=129
LogOGRelayProbe: Warning: [Warning][RelayProbe.Budget] conn=28300 queuedBits min=-66666 max=-63116 mean=-66009 notReadyFrames=0 outPackets=126 bytesPerPacket=516 lost=1
LogOGRelayProbe: Warning: [Warning][RelayProbe.Write] id=28322 runs=120 writes=217 observableWrites=217 captureSpan=222 receivedX1000=977 observableX1000=1000 deliverableX1000=977 replaceLatestObservableX1000=552
LogOGRelayProbe: Warning: [Warning][RelayProbe.Write] id=28322 writesPerFrame p50=2 p99=4 max=4 emptyFrames=96 nonConsecutive=1 missedCaptureTicks=5 captures=[13570,13791] discont=0
LogOGNet: Warning: [Warning][InputStats] dropped 8 / 241 remote inputs = 3%
LogOGNet: Warning: [Warning][RelaySkip] 2 out-of-order-older capture ticks applied but not relayed this window; lifetime 9
LogOGRelayProbe: Warning: [Warning][RelayProbe.Frame] role=Server simTicks=132 frames=127 meanTicksPerFrameX100=103 p50=1 p99=2 max=6 meanFrameUs=17369
LogOGRelayProbe: Warning: [Warning][RelayProbe.Frame] role=Server cadence dFrame1=113 dFrame0=0 dFrameGt1=7 discont=0 numSteps total=132 max=6 gt1=8
LogOGInputRelay: Warning: [RelayFlush] window owner=OGBrawlerUECharacter_2147482398 flushedRounds=7080 entries=13153 entriesPerRoundX100=185 suppressed=6120 stageOverflowDrops=0
LogOGRelayProbe: Warning: [Warning][RelayProbe.Write] id=28281 runs=120 writes=210 observableWrites=210 captureSpan=213 receivedX1000=985 observableX1000=1000 deliverableX1000=985 replaceLatestObservableX1000=571
LogOGRelayProbe: Warning: [Warning][RelayProbe.Write] id=28281 writesPerFrame p50=2 p99=4 max=5 emptyFrames=88 nonConsecutive=1 missedCaptureTicks=3 captures=[13625,13837] discont=0
LogOGRelayProbe: Warning: [Warning][RelayProbe.Budget] conn=28258 frames=120 elapsedMs=2115 netSpeedBps=250000 allowanceBytesPerTick=4166 outBytes=65324 bytesPerTick=544 occupancyPctX10=130
LogOGRelayProbe: Warning: [Warning][RelayProbe.Budget] conn=28258 queuedBits min=-66666 max=-63116 mean=-65912 notReadyFrames=0 outPackets=127 bytesPerPacket=514 lost=2
LogOGInputRelay: Warning: [RelayFlush] window owner=OGBrawlerUECharacter_2147482375 flushedRounds=7015 entries=13028 entriesPerRoundX100=185 suppressed=6065 stageOverflowDrops=0
LogOGRelayProbe: Warning: [Warning][RelayProbe.Budget] conn=28300 frames=120 elapsedMs=2021 netSpeedBps=250000 allowanceBytesPerTick=4166 outBytes=62643 bytesPerTick=522 occupancyPctX10=125
LogOGRelayProbe: Warning: [Warning][RelayProbe.Budget] conn=28300 queuedBits min=-66666 max=-63142 mean=-66069 notReadyFrames=0 outPackets=121 bytesPerPacket=517 lost=1
LogOGNet: Warning: [Warning][InputStats] dropped 0 / 238 remote inputs = 0%
LogOGRelayProbe: Warning: [Warning][RelayProbe.Frame] role=Server simTicks=121 frames=120 meanTicksPerFrameX100=100 p50=1 p99=1 max=2 meanFrameUs=16702
LogOGRelayProbe: Warning: [Warning][RelayProbe.Frame] role=Server cadence dFrame1=120 dFrame0=0 dFrameGt1=0 discont=0 numSteps total=121 max=2 gt1=1
LogOGInputRelay: Warning: [RelayFlush] window owner=OGBrawlerUECharacter_2147482398 flushedRounds=7146 entries=13272 entriesPerRoundX100=185 suppressed=6174 stageOverflowDrops=0
LogOGNet: Warning: [Warning][InputGap] id=28322 lastDelivered=13950 now=13952 dropped=1
LogOGRelayProbe: Warning: [Warning][RelayProbe.Budget] conn=28258 frames=120 elapsedMs=2118 netSpeedBps=250000 allowanceBytesPerTick=4166 outBytes=65240 bytesPerTick=543 occupancyPctX10=130
LogOGRelayProbe: Warning: [Warning][RelayProbe.Budget] conn=28258 queuedBits min=-66666 max=-63444 mean=-66002 notReadyFrames=0 outPackets=127 bytesPerPacket=513 lost=1
LogOGInputRelay: Warning: [RelayFlush] window owner=OGBrawlerUECharacter_2147482375 flushedRounds=7078 entries=13146 entriesPerRoundX100=185 suppressed=6122 stageOverflowDrops=0
LogOGRelayProbe: Warning: [Warning][RelayProbe.Write] id=28322 runs=120 writes=227 observableWrites=227 captureSpan=228 receivedX1000=995 observableX1000=1000 deliverableX1000=995 replaceLatestObservableX1000=528
LogOGRelayProbe: Warning: [Warning][RelayProbe.Write] id=28322 writesPerFrame p50=2 p99=4 max=4 emptyFrames=108 nonConsecutive=1 missedCaptureTicks=1 captures=[13792,14019] discont=0
LogOGRelayProbe: Warning: [Warning][RelayProbe.Budget] conn=28300 frames=120 elapsedMs=2166 netSpeedBps=250000 allowanceBytesPerTick=4166 outBytes=66660 bytesPerTick=555 occupancyPctX10=133
LogOGRelayProbe: Warning: [Warning][RelayProbe.Budget] conn=28300 queuedBits min=-66666 max=-63148 mean=-65929 notReadyFrames=0 outPackets=130 bytesPerPacket=512 lost=4
LogOGNet: Warning: [Warning][InputStats] dropped 1 / 238 remote inputs = 0%
LogOGRelayProbe: Warning: [Warning][RelayProbe.Frame] role=Server simTicks=131 frames=131 meanTicksPerFrameX100=100 p50=1 p99=2 max=2 meanFrameUs=16666
LogOGRelayProbe: Warning: [Warning][RelayProbe.Frame] role=Server cadence dFrame1=109 dFrame0=0 dFrameGt1=11 discont=0 numSteps total=131 max=2 gt1=11
LogOGRelayProbe: Warning: [Warning][RelayProbe.Write] id=28281 runs=120 writes=222 observableWrites=222 captureSpan=222 receivedX1000=1000 observableX1000=1000 deliverableX1000=1000 replaceLatestObservableX1000=540
LogOGRelayProbe: Warning: [Warning][RelayProbe.Write] id=28281 writesPerFrame p50=2 p99=4 max=5 emptyFrames=101 nonConsecutive=0 missedCaptureTicks=0 captures=[13838,14059] discont=0
LogOGInputRelay: Warning: [RelayFlush] window owner=OGBrawlerUECharacter_2147482398 flushedRounds=7211 entries=13392 entriesPerRoundX100=185 suppressed=6229 stageOverflowDrops=0
LogOGRelayProbe: Warning: [Warning][RelayProbe.Budget] conn=28258 frames=120 elapsedMs=2072 netSpeedBps=250000 allowanceBytesPerTick=4166 outBytes=63969 bytesPerTick=533 occupancyPctX10=127
LogOGRelayProbe: Warning: [Warning][RelayProbe.Budget] conn=28258 queuedBits min=-66666 max=-63148 mean=-66029 notReadyFrames=0 outPackets=124 bytesPerPacket=515 lost=0
LogOGInputRelay: Warning: [RelayFlush] window owner=OGBrawlerUECharacter_2147482375 flushedRounds=7144 entries=13268 entriesPerRoundX100=185 suppressed=6176 stageOverflowDrops=0
LogOGRelayProbe: Warning: [Warning][RelayProbe.Budget] conn=28300 frames=120 elapsedMs=2025 netSpeedBps=250000 allowanceBytesPerTick=4166 outBytes=62509 bytesPerTick=520 occupancyPctX10=124
LogOGRelayProbe: Warning: [Warning][RelayProbe.Budget] conn=28300 queuedBits min=-66666 max=-63292 mean=-66070 notReadyFrames=0 outPackets=121 bytesPerPacket=516 lost=0
LogOGNet: Warning: [Warning][InputStats] dropped 0 / 238 remote inputs = 0%
LogOGRelayProbe: Warning: [Warning][RelayProbe.Frame] role=Server simTicks=120 frames=120 meanTicksPerFrameX100=100 p50=1 p99=1 max=1 meanFrameUs=16735
LogOGRelayProbe: Warning: [Warning][RelayProbe.Frame] role=Server cadence dFrame1=120 dFrame0=0 dFrameGt1=0 discont=0 numSteps total=120 max=1 gt1=0
LogOGInputRelay: Warning: [RelayFlush] window owner=OGBrawlerUECharacter_2147482398 flushedRounds=7283 entries=13515 entriesPerRoundX100=185 suppressed=6277 stageOverflowDrops=0
LogOGRelayProbe: Warning: [Warning][RelayProbe.Budget] conn=28258 frames=120 elapsedMs=2007 netSpeedBps=250000 allowanceBytesPerTick=4166 outBytes=61943 bytesPerTick=516 occupancyPctX10=123
LogOGRelayProbe: Warning: [Warning][RelayProbe.Budget] conn=28258 queuedBits min=-66666 max=-63246 mean=-66117 notReadyFrames=0 outPackets=120 bytesPerPacket=516 lost=1
LogOGRelayProbe: Warning: [Warning][RelayProbe.Write] id=28322 runs=120 writes=218 observableWrites=218 captureSpan=218 receivedX1000=1000 observableX1000=1000 deliverableX1000=1000 replaceLatestObservableX1000=550
LogOGRelayProbe: Warning: [Warning][RelayProbe.Write] id=28322 writesPerFrame p50=2 p99=5 max=5 emptyFrames=97 nonConsecutive=0 missedCaptureTicks=0 captures=[14020,14237] discont=0
LogOGRelayProbe: Warning: [Warning][RelayProbe.Write] id=28281 runs=120 writes=195 observableWrites=195 captureSpan=195 receivedX1000=1000 observableX1000=1000 deliverableX1000=1000 replaceLatestObservableX1000=615
LogOGRelayProbe: Warning: [Warning][RelayProbe.Write] id=28281 writesPerFrame p50=1 p99=4 max=4 emptyFrames=74 nonConsecutive=0 missedCaptureTicks=0 captures=[14060,14254] discont=0
LogOGInputRelay: Warning: [RelayFlush] window owner=OGBrawlerUECharacter_2147482375 flushedRounds=7211 entries=13387 entriesPerRoundX100=185 suppressed=6229 stageOverflowDrops=0
LogOGNet: Warning: [Warning][InputStats] dropped 0 / 238 remote inputs = 0%
LogOGRelayProbe: Warning: [Warning][RelayProbe.Budget] conn=28300 frames=120 elapsedMs=2024 netSpeedBps=250000 allowanceBytesPerTick=4166 outBytes=62878 bytesPerTick=523 occupancyPctX10=125
LogOGRelayProbe: Warning: [Warning][RelayProbe.Budget] conn=28300 queuedBits min=-66666 max=-63246 mean=-66077 notReadyFrames=0 outPackets=121 bytesPerPacket=519 lost=1
LogOGRelayProbe: Warning: [Warning][RelayProbe.Frame] role=Server simTicks=122 frames=121 meanTicksPerFrameX100=100 p50=1 p99=1 max=2 meanFrameUs=16748
LogOGRelayProbe: Warning: [Warning][RelayProbe.Frame] role=Server cadence dFrame1=119 dFrame0=0 dFrameGt1=1 discont=0 numSteps total=122 max=2 gt1=2
LogOGInputRelay: Warning: [RelayFlush] window owner=OGBrawlerUECharacter_2147482398 flushedRounds=7353 entries=13634 entriesPerRoundX100=185 suppressed=6327 stageOverflowDrops=0
LogOGRelayProbe: Warning: [Warning][RelayProbe.Budget] conn=28258 frames=120 elapsedMs=2025 netSpeedBps=250000 allowanceBytesPerTick=4166 outBytes=62674 bytesPerTick=522 occupancyPctX10=125
LogOGRelayProbe: Warning: [Warning][RelayProbe.Budget] conn=28258 queuedBits min=-66666 max=-63518 mean=-66040 notReadyFrames=0 outPackets=121 bytesPerPacket=517 lost=0
LogOGInputRelay: Warning: [RelayFlush] window owner=OGBrawlerUECharacter_2147482375 flushedRounds=7276 entries=13508 entriesPerRoundX100=185 suppressed=6284 stageOverflowDrops=0
LogOGNet: Warning: [Warning][InputStats] dropped 0 / 238 remote inputs = 0%
LogOGRelayProbe: Warning: [Warning][RelayProbe.Budget] conn=28300 frames=120 elapsedMs=2011 netSpeedBps=250000 allowanceBytesPerTick=4166 outBytes=62384 bytesPerTick=519 occupancyPctX10=124
LogOGRelayProbe: Warning: [Warning][RelayProbe.Budget] conn=28300 queuedBits min=-66666 max=-63500 mean=-65850 notReadyFrames=0 outPackets=121 bytesPerPacket=515 lost=2
LogOGRelayProbe: Warning: [Warning][RelayProbe.Frame] role=Server simTicks=121 frames=122 meanTicksPerFrameX100=99 p50=1 p99=1 max=2 meanFrameUs=16635
LogOGRelayProbe: Warning: [Warning][RelayProbe.Frame] role=Server cadence dFrame1=118 dFrame0=0 dFrameGt1=2 discont=0 numSteps total=121 max=2 gt1=1
LogOGInputRelay: Warning: [RelayFlush] window owner=OGBrawlerUECharacter_2147482398 flushedRounds=7414 entries=13753 entriesPerRoundX100=185 suppressed=6386 stageOverflowDrops=0
LogOGRelayProbe: Warning: [Warning][RelayProbe.Write] id=28322 runs=120 writes=219 observableWrites=219 captureSpan=219 receivedX1000=1000 observableX1000=1000 deliverableX1000=1000 replaceLatestObservableX1000=547
LogOGRelayProbe: Warning: [Warning][RelayProbe.Write] id=28322 writesPerFrame p50=2 p99=4 max=4 emptyFrames=99 nonConsecutive=0 missedCaptureTicks=0 captures=[14238,14456] discont=0
LogOGRelayProbe: Warning: [Warning][RelayProbe.Budget] conn=28258 frames=120 elapsedMs=2073 netSpeedBps=250000 allowanceBytesPerTick=4166 outBytes=64440 bytesPerTick=537 occupancyPctX10=128
LogOGRelayProbe: Warning: [Warning][RelayProbe.Budget] conn=28258 queuedBits min=-66666 max=-62782 mean=-65778 notReadyFrames=0 outPackets=125 bytesPerPacket=515 lost=2
LogOGRelayProbe: Warning: [Warning][RelayProbe.Write] id=28281 runs=120 writes=230 observableWrites=230 captureSpan=230 receivedX1000=1000 observableX1000=1000 deliverableX1000=1000 replaceLatestObservableX1000=521
LogOGRelayProbe: Warning: [Warning][RelayProbe.Write] id=28281 writesPerFrame p50=2 p99=4 max=6 emptyFrames=110 nonConsecutive=0 missedCaptureTicks=0 captures=[14255,14484] discont=0
LogOGInputRelay: Warning: [RelayFlush] window owner=OGBrawlerUECharacter_2147482375 flushedRounds=7341 entries=13625 entriesPerRoundX100=185 suppressed=6339 stageOverflowDrops=0
LogOGNet: Warning: [Warning][InputStats] dropped 0 / 238 remote inputs = 0%
LogOGRelayProbe: Warning: [Warning][RelayProbe.Budget] conn=28300 frames=120 elapsedMs=2071 netSpeedBps=250000 allowanceBytesPerTick=4166 outBytes=64006 bytesPerTick=533 occupancyPctX10=127
LogOGRelayProbe: Warning: [Warning][RelayProbe.Budget] conn=28300 queuedBits min=-66666 max=-62782 mean=-65995 notReadyFrames=0 outPackets=124 bytesPerPacket=516 lost=1
LogOGRelayProbe: Warning: [Warning][RelayProbe.Frame] role=Server simTicks=124 frames=123 meanTicksPerFrameX100=100 p50=1 p99=2 max=2 meanFrameUs=16720
LogOGRelayProbe: Warning: [Warning][RelayProbe.Frame] role=Server cadence dFrame1=117 dFrame0=0 dFrameGt1=3 discont=0 numSteps total=124 max=2 gt1=4
LogOGInputRelay: Warning: [RelayFlush] window owner=OGBrawlerUECharacter_2147482398 flushedRounds=7479 entries=13874 entriesPerRoundX100=185 suppressed=6441 stageOverflowDrops=0
LogOGRelayProbe: Warning: [Warning][RelayProbe.Budget] conn=28258 frames=120 elapsedMs=2010 netSpeedBps=250000 allowanceBytesPerTick=4166 outBytes=62119 bytesPerTick=517 occupancyPctX10=124
LogOGRelayProbe: Warning: [Warning][RelayProbe.Budget] conn=28258 queuedBits min=-66666 max=-63092 mean=-66112 notReadyFrames=0 outPackets=120 bytesPerPacket=517 lost=3
LogOGInputRelay: Warning: [RelayFlush] window owner=OGBrawlerUECharacter_2147482375 flushedRounds=7408 entries=13748 entriesPerRoundX100=185 suppressed=6392 stageOverflowDrops=0
LogOGNet: Warning: [Warning][InputStats] dropped 0 / 238 remote inputs = 0%
LogOGRelayProbe: Warning: [Warning][RelayProbe.Budget] conn=28300 frames=120 elapsedMs=1997 netSpeedBps=250000 allowanceBytesPerTick=4166 outBytes=61923 bytesPerTick=516 occupancyPctX10=123
LogOGRelayProbe: Warning: [Warning][RelayProbe.Budget] conn=28300 queuedBits min=-66666 max=-62960 mean=-65902 notReadyFrames=0 outPackets=120 bytesPerPacket=516 lost=0
LogOGRelayProbe: Warning: [Warning][RelayProbe.Frame] role=Server simTicks=121 frames=122 meanTicksPerFrameX100=99 p50=1 p99=1 max=1 meanFrameUs=16611
LogOGRelayProbe: Warning: [Warning][RelayProbe.Frame] role=Server cadence dFrame1=118 dFrame0=0 dFrameGt1=2 discont=0 numSteps total=121 max=2 gt1=1
LogOGRelayProbe: Warning: [Warning][RelayProbe.Write] id=28322 runs=120 writes=219 observableWrites=219 captureSpan=219 receivedX1000=1000 observableX1000=1000 deliverableX1000=1000 replaceLatestObservableX1000=547
LogOGRelayProbe: Warning: [Warning][RelayProbe.Write] id=28322 writesPerFrame p50=2 p99=3 max=4 emptyFrames=98 nonConsecutive=0 missedCaptureTicks=0 captures=[14457,14675] discont=0
LogOGInputRelay: Warning: [RelayFlush] window owner=OGBrawlerUECharacter_2147482398 flushedRounds=7542 entries=13993 entriesPerRoundX100=185 suppressed=6498 stageOverflowDrops=0
LogOGRelayProbe: Warning: [Warning][RelayProbe.Budget] conn=28258 frames=120 elapsedMs=2022 netSpeedBps=250000 allowanceBytesPerTick=4166 outBytes=62813 bytesPerTick=523 occupancyPctX10=125
LogOGRelayProbe: Warning: [Warning][RelayProbe.Budget] conn=28258 queuedBits min=-66666 max=-62960 mean=-65754 notReadyFrames=0 outPackets=122 bytesPerPacket=514 lost=0
LogOGRelayProbe: Warning: [Warning][RelayProbe.Write] id=28281 runs=120 writes=229 observableWrites=229 captureSpan=229 receivedX1000=1000 observableX1000=1000 deliverableX1000=1000 replaceLatestObservableX1000=524
LogOGRelayProbe: Warning: [Warning][RelayProbe.Write] id=28281 writesPerFrame p50=2 p99=4 max=4 emptyFrames=108 nonConsecutive=0 missedCaptureTicks=0 captures=[14485,14713] discont=0
LogOGInputRelay: Warning: [RelayFlush] window owner=OGBrawlerUECharacter_2147482375 flushedRounds=7473 entries=13868 entriesPerRoundX100=185 suppressed=6447 stageOverflowDrops=0
LogOGNet: Warning: [Warning][InputStats] dropped 0 / 238 remote inputs = 0%
LogOGRelayProbe: Warning: [Warning][RelayProbe.Budget] conn=28300 frames=120 elapsedMs=2025 netSpeedBps=250000 allowanceBytesPerTick=4166 outBytes=62852 bytesPerTick=523 occupancyPctX10=125
LogOGRelayProbe: Warning: [Warning][RelayProbe.Budget] conn=28300 queuedBits min=-66666 max=-63064 mean=-65759 notReadyFrames=0 outPackets=122 bytesPerPacket=515 lost=0
LogOGRelayProbe: Warning: [Warning][RelayProbe.Frame] role=Server simTicks=120 frames=120 meanTicksPerFrameX100=100 p50=1 p99=1 max=1 meanFrameUs=16621
LogOGRelayProbe: Warning: [Warning][RelayProbe.Frame] role=Server cadence dFrame1=120 dFrame0=0 dFrameGt1=0 discont=0 numSteps total=120 max=1 gt1=0
LogOGInputRelay: Warning: [RelayFlush] window owner=OGBrawlerUECharacter_2147482398 flushedRounds=7606 entries=14113 entriesPerRoundX100=185 suppressed=6554 stageOverflowDrops=0
LogOGNet: Warning: [Warning][InputGap] id=28281 lastDelivered=14799 now=14802 dropped=2
LogOGRelayProbe: Warning: [Warning][RelayProbe.Budget] conn=28258 frames=120 elapsedMs=1994 netSpeedBps=250000 allowanceBytesPerTick=4166 outBytes=62017 bytesPerTick=516 occupancyPctX10=123
LogOGRelayProbe: Warning: [Warning][RelayProbe.Budget] conn=28258 queuedBits min=-66666 max=-63064 mean=-65761 notReadyFrames=0 outPackets=120 bytesPerPacket=516 lost=1
LogOGInputRelay: Warning: [RelayFlush] window owner=OGBrawlerUECharacter_2147482375 flushedRounds=7539 entries=13987 entriesPerRoundX100=185 suppressed=6501 stageOverflowDrops=0
LogOGNet: Warning: [Warning][InputStats] dropped 2 / 238 remote inputs = 0%
LogOGRelayProbe: Warning: [Warning][RelayProbe.Budget] conn=28300 frames=120 elapsedMs=2006 netSpeedBps=250000 allowanceBytesPerTick=4166 outBytes=62389 bytesPerTick=519 occupancyPctX10=124
LogOGRelayProbe: Warning: [Warning][RelayProbe.Budget] conn=28300 queuedBits min=-66666 max=-63124 mean=-65776 notReadyFrames=0 outPackets=121 bytesPerPacket=515 lost=1
LogOGRelayProbe: Warning: [Warning][RelayProbe.Write] id=28322 runs=120 writes=221 observableWrites=221 captureSpan=221 receivedX1000=1000 observableX1000=1000 deliverableX1000=1000 replaceLatestObservableX1000=542
LogOGRelayProbe: Warning: [Warning][RelayProbe.Write] id=28322 writesPerFrame p50=2 p99=4 max=4 emptyFrames=104 nonConsecutive=0 missedCaptureTicks=0 captures=[14676,14896] discont=0
LogOGRelayProbe: Warning: [Warning][RelayProbe.Frame] role=Server simTicks=120 frames=121 meanTicksPerFrameX100=99 p50=1 p99=1 max=1 meanFrameUs=16545
LogOGRelayProbe: Warning: [Warning][RelayProbe.Frame] role=Server cadence dFrame1=119 dFrame0=0 dFrameGt1=1 discont=0 numSteps total=120 max=1 gt1=0
LogOGInputRelay: Warning: [RelayFlush] window owner=OGBrawlerUECharacter_2147482398 flushedRounds=7677 entries=14230 entriesPerRoundX100=185 suppressed=6603 stageOverflowDrops=0
LogOGRelayProbe: Warning: [Warning][RelayProbe.Write] id=28281 runs=120 writes=206 observableWrites=206 captureSpan=208 receivedX1000=990 observableX1000=1000 deliverableX1000=990 replaceLatestObservableX1000=582
LogOGRelayProbe: Warning: [Warning][RelayProbe.Write] id=28281 writesPerFrame p50=2 p99=5 max=5 emptyFrames=89 nonConsecutive=1 missedCaptureTicks=2 captures=[14714,14921] discont=0
LogOGRelayProbe: Warning: [Warning][RelayProbe.Budget] conn=28258 frames=120 elapsedMs=2027 netSpeedBps=250000 allowanceBytesPerTick=4166 outBytes=62772 bytesPerTick=523 occupancyPctX10=125
LogOGRelayProbe: Warning: [Warning][RelayProbe.Budget] conn=28258 queuedBits min=-66666 max=-63124 mean=-65906 notReadyFrames=0 outPackets=122 bytesPerPacket=514 lost=2
LogOGInputRelay: Warning: [RelayFlush] window owner=OGBrawlerUECharacter_2147482375 flushedRounds=7603 entries=14108 entriesPerRoundX100=185 suppressed=6557 stageOverflowDrops=0
LogOGNet: Warning: [Warning][InputStats] dropped 0 / 238 remote inputs = 0%
LogOGRelayProbe: Warning: [Warning][RelayProbe.Budget] conn=28300 frames=120 elapsedMs=2026 netSpeedBps=250000 allowanceBytesPerTick=4166 outBytes=62780 bytesPerTick=523 occupancyPctX10=125
LogOGRelayProbe: Warning: [Warning][RelayProbe.Budget] conn=28300 queuedBits min=-66666 max=-63548 mean=-66140 notReadyFrames=0 outPackets=121 bytesPerPacket=518 lost=0
LogOGRelayProbe: Warning: [Warning][RelayProbe.Frame] role=Server simTicks=122 frames=121 meanTicksPerFrameX100=100 p50=1 p99=2 max=2 meanFrameUs=16756
LogOGRelayProbe: Warning: [Warning][RelayProbe.Frame] role=Server cadence dFrame1=119 dFrame0=0 dFrameGt1=1 discont=0 numSteps total=122 max=2 gt1=2
LogOGInputRelay: Warning: [RelayFlush] window owner=OGBrawlerUECharacter_2147482398 flushedRounds=7747 entries=14350 entriesPerRoundX100=185 suppressed=6653 stageOverflowDrops=0
LogOGRelayProbe: Warning: [Warning][RelayProbe.Budget] conn=28258 frames=120 elapsedMs=2010 netSpeedBps=250000 allowanceBytesPerTick=4166 outBytes=62157 bytesPerTick=517 occupancyPctX10=124
LogOGRelayProbe: Warning: [Warning][RelayProbe.Budget] conn=28258 queuedBits min=-66666 max=-63548 mean=-66162 notReadyFrames=0 outPackets=120 bytesPerPacket=517 lost=2
LogOGInputRelay: Warning: [RelayFlush] window owner=OGBrawlerUECharacter_2147482375 flushedRounds=7671 entries=14228 entriesPerRoundX100=185 suppressed=6609 stageOverflowDrops=0
LogOGRelayProbe: Warning: [Warning][RelayProbe.Write] id=28322 runs=120 writes=217 observableWrites=217 captureSpan=217 receivedX1000=1000 observableX1000=1000 deliverableX1000=1000 replaceLatestObservableX1000=552
LogOGRelayProbe: Warning: [Warning][RelayProbe.Write] id=28322 writesPerFrame p50=2 p99=4 max=5 emptyFrames=94 nonConsecutive=0 missedCaptureTicks=0 captures=[14897,15113] discont=0
LogOGNet: Warning: [Warning][InputStats] dropped 0 / 238 remote inputs = 0%
LogOGRelayProbe: Warning: [Warning][RelayProbe.Budget] conn=28300 frames=120 elapsedMs=2002 netSpeedBps=250000 allowanceBytesPerTick=4166 outBytes=61943 bytesPerTick=516 occupancyPctX10=123
LogOGRelayProbe: Warning: [Warning][RelayProbe.Budget] conn=28300 queuedBits min=-66666 max=-63148 mean=-65996 notReadyFrames=0 outPackets=120 bytesPerPacket=516 lost=2
LogOGRelayProbe: Warning: [Warning][RelayProbe.Write] id=28281 runs=120 writes=216 observableWrites=216 captureSpan=216 receivedX1000=1000 observableX1000=1000 deliverableX1000=1000 replaceLatestObservableX1000=555
LogOGRelayProbe: Warning: [Warning][RelayProbe.Write] id=28281 writesPerFrame p50=2 p99=4 max=5 emptyFrames=95 nonConsecutive=0 missedCaptureTicks=0 captures=[14922,15137] discont=0
LogOGRelayProbe: Warning: [Warning][RelayProbe.Frame] role=Server simTicks=120 frames=120 meanTicksPerFrameX100=100 p50=1 p99=1 max=1 meanFrameUs=16709
LogOGRelayProbe: Warning: [Warning][RelayProbe.Frame] role=Server cadence dFrame1=120 dFrame0=0 dFrameGt1=0 discont=0 numSteps total=120 max=1 gt1=0
LogOGInputRelay: Warning: [RelayFlush] window owner=OGBrawlerUECharacter_2147482398 flushedRounds=7812 entries=14471 entriesPerRoundX100=185 suppressed=6708 stageOverflowDrops=0
LogOGRelayProbe: Warning: [Warning][RelayProbe.Budget] conn=28258 frames=120 elapsedMs=2022 netSpeedBps=250000 allowanceBytesPerTick=4166 outBytes=62379 bytesPerTick=519 occupancyPctX10=124
LogOGRelayProbe: Warning: [Warning][RelayProbe.Budget] conn=28258 queuedBits min=-66666 max=-62842 mean=-66071 notReadyFrames=0 outPackets=121 bytesPerPacket=515 lost=0
LogOGInputRelay: Warning: [RelayFlush] window owner=OGBrawlerUECharacter_2147482375 flushedRounds=7734 entries=14349 entriesPerRoundX100=185 suppressed=6666 stageOverflowDrops=0
LogOGNet: Warning: [Warning][InputStats] dropped 0 / 238 remote inputs = 0%
LogOGRelayProbe: Warning: [Warning][RelayProbe.Budget] conn=28300 frames=120 elapsedMs=2018 netSpeedBps=250000 allowanceBytesPerTick=4166 outBytes=62517 bytesPerTick=520 occupancyPctX10=124
LogOGRelayProbe: Warning: [Warning][RelayProbe.Budget] conn=28300 queuedBits min=-66666 max=-62842 mean=-66019 notReadyFrames=0 outPackets=121 bytesPerPacket=516 lost=4
LogOGRelayProbe: Warning: [Warning][RelayProbe.Frame] role=Server simTicks=123 frames=122 meanTicksPerFrameX100=100 p50=1 p99=2 max=2 meanFrameUs=16713
LogOGRelayProbe: Warning: [Warning][RelayProbe.Frame] role=Server cadence dFrame1=118 dFrame0=0 dFrameGt1=2 discont=0 numSteps total=123 max=2 gt1=3
LogOGInputRelay: Warning: [RelayFlush] window owner=OGBrawlerUECharacter_2147482398 flushedRounds=7877 entries=14592 entriesPerRoundX100=185 suppressed=6763 stageOverflowDrops=0
LogOGRelayProbe: Warning: [Warning][RelayProbe.Budget] conn=28258 frames=120 elapsedMs=2061 netSpeedBps=250000 allowanceBytesPerTick=4166 outBytes=64060 bytesPerTick=533 occupancyPctX10=127
LogOGRelayProbe: Warning: [Warning][RelayProbe.Budget] conn=28258 queuedBits min=-66666 max=-63232 mean=-65851 notReadyFrames=0 outPackets=124 bytesPerPacket=516 lost=1
LogOGInputRelay: Warning: [RelayFlush] window owner=OGBrawlerUECharacter_2147482375 flushedRounds=7799 entries=14468 entriesPerRoundX100=185 suppressed=6721 stageOverflowDrops=0
LogOGRelayProbe: Warning: [Warning][RelayProbe.Write] id=28322 runs=120 writes=226 observableWrites=226 captureSpan=226 receivedX1000=1000 observableX1000=1000 deliverableX1000=1000 replaceLatestObservableX1000=530
LogOGRelayProbe: Warning: [Warning][RelayProbe.Write] id=28322 writesPerFrame p50=2 p99=4 max=5 emptyFrames=107 nonConsecutive=0 missedCaptureTicks=0 captures=[15114,15339] discont=0
LogOGNet: Warning: [Warning][InputStats] dropped 0 / 238 remote inputs = 0%
LogOGRelayProbe: Warning: [Warning][RelayProbe.Write] id=28281 runs=120 writes=220 observableWrites=220 captureSpan=220 receivedX1000=1000 observableX1000=1000 deliverableX1000=1000 replaceLatestObservableX1000=545
LogOGRelayProbe: Warning: [Warning][RelayProbe.Write] id=28281 writesPerFrame p50=2 p99=4 max=4 emptyFrames=101 nonConsecutive=0 missedCaptureTicks=0 captures=[15138,15357] discont=0
LogOGRelayProbe: Warning: [Warning][RelayProbe.Budget] conn=28300 frames=120 elapsedMs=2060 netSpeedBps=250000 allowanceBytesPerTick=4166 outBytes=63804 bytesPerTick=531 occupancyPctX10=127
LogOGRelayProbe: Warning: [Warning][RelayProbe.Budget] conn=28300 queuedBits min=-66666 max=-63384 mean=-65873 notReadyFrames=0 outPackets=124 bytesPerPacket=514 lost=0
LogOGRelayProbe: Warning: [Warning][RelayProbe.Frame] role=Server simTicks=122 frames=123 meanTicksPerFrameX100=99 p50=1 p99=1 max=2 meanFrameUs=16541
LogOGRelayProbe: Warning: [Warning][RelayProbe.Frame] role=Server cadence dFrame1=117 dFrame0=0 dFrameGt1=3 discont=0 numSteps total=122 max=2 gt1=2
LogOGInputRelay: Warning: [RelayFlush] window owner=OGBrawlerUECharacter_2147482398 flushedRounds=7945 entries=14713 entriesPerRoundX100=185 suppressed=6815 stageOverflowDrops=0
LogOGRelayProbe: Warning: [Warning][RelayProbe.Budget] conn=28258 frames=120 elapsedMs=2004 netSpeedBps=250000 allowanceBytesPerTick=4166 outBytes=62408 bytesPerTick=520 occupancyPctX10=124
LogOGRelayProbe: Warning: [Warning][RelayProbe.Budget] conn=28258 queuedBits min=-66666 max=-63318 mean=-65736 notReadyFrames=0 outPackets=121 bytesPerPacket=515 lost=0
LogOGInputRelay: Warning: [RelayFlush] window owner=OGBrawlerUECharacter_2147482375 flushedRounds=7858 entries=14587 entriesPerRoundX100=185 suppressed=6782 stageOverflowDrops=0
LogOGNet: Warning: [Warning][InputStats] dropped 0 / 238 remote inputs = 0%
LogOGRelayProbe: Warning: [Warning][RelayProbe.Budget] conn=28300 frames=120 elapsedMs=2005 netSpeedBps=250000 allowanceBytesPerTick=4166 outBytes=62346 bytesPerTick=519 occupancyPctX10=124
LogOGRelayProbe: Warning: [Warning][RelayProbe.Budget] conn=28300 queuedBits min=-66666 max=-63318 mean=-65721 notReadyFrames=0 outPackets=121 bytesPerPacket=515 lost=2
LogOGRelayProbe: Warning: [Warning][RelayProbe.Frame] role=Server simTicks=120 frames=121 meanTicksPerFrameX100=99 p50=1 p99=1 max=1 meanFrameUs=16630
LogOGRelayProbe: Warning: [Warning][RelayProbe.Frame] role=Server cadence dFrame1=119 dFrame0=0 dFrameGt1=1 discont=0 numSteps total=120 max=1 gt1=0
LogOGInputRelay: Warning: [RelayFlush] window owner=OGBrawlerUECharacter_2147482398 flushedRounds=8007 entries=14829 entriesPerRoundX100=185 suppressed=6873 stageOverflowDrops=0
LogOGRelayProbe: Warning: [Warning][RelayProbe.Budget] conn=28258 frames=120 elapsedMs=1994 netSpeedBps=250000 allowanceBytesPerTick=4166 outBytes=61966 bytesPerTick=516 occupancyPctX10=123
LogOGRelayProbe: Warning: [Warning][RelayProbe.Budget] conn=28258 queuedBits min=-66666 max=-63234 mean=-65798 notReadyFrames=0 outPackets=120 bytesPerPacket=516 lost=0
LogOGRelayProbe: Warning: [Warning][RelayProbe.Write] id=28322 runs=120 writes=231 observableWrites=231 captureSpan=231 receivedX1000=1000 observableX1000=1000 deliverableX1000=1000 replaceLatestObservableX1000=519
LogOGRelayProbe: Warning: [Warning][RelayProbe.Write] id=28322 writesPerFrame p50=2 p99=4 max=5 emptyFrames=112 nonConsecutive=0 missedCaptureTicks=0 captures=[15340,15570] discont=0
LogOGInputRelay: Warning: [RelayFlush] window owner=OGBrawlerUECharacter_2147482375 flushedRounds=7924 entries=14707 entriesPerRoundX100=185 suppressed=6836 stageOverflowDrops=0
LogOGRelayProbe: Warning: [Warning][RelayProbe.Write] id=28281 runs=120 writes=224 observableWrites=224 captureSpan=224 receivedX1000=1000 observableX1000=1000 deliverableX1000=1000 replaceLatestObservableX1000=535
LogOGRelayProbe: Warning: [Warning][RelayProbe.Write] id=28281 writesPerFrame p50=2 p99=4 max=4 emptyFrames=104 nonConsecutive=0 missedCaptureTicks=0 captures=[15358,15581] discont=0
LogOGNet: Warning: [Warning][InputStats] dropped 0 / 238 remote inputs = 0%
LogOGRelayProbe: Warning: [Warning][RelayProbe.Budget] conn=28300 frames=120 elapsedMs=1990 netSpeedBps=250000 allowanceBytesPerTick=4166 outBytes=62268 bytesPerTick=518 occupancyPctX10=124
LogOGRelayProbe: Warning: [Warning][RelayProbe.Budget] conn=28300 queuedBits min=-66666 max=-62804 mean=-65705 notReadyFrames=0 outPackets=120 bytesPerPacket=518 lost=1
LogOGRelayProbe: Warning: [Warning][RelayProbe.Frame] role=Server simTicks=120 frames=120 meanTicksPerFrameX100=100 p50=1 p99=1 max=1 meanFrameUs=16558
LogOGRelayProbe: Warning: [Warning][RelayProbe.Frame] role=Server cadence dFrame1=120 dFrame0=0 dFrameGt1=0 discont=0 numSteps total=120 max=1 gt1=0
LogOGInputRelay: Warning: [RelayFlush] window owner=OGBrawlerUECharacter_2147482398 flushedRounds=8071 entries=14951 entriesPerRoundX100=185 suppressed=6929 stageOverflowDrops=0
LogOGRelayProbe: Warning: [Warning][RelayProbe.Budget] conn=28258 frames=120 elapsedMs=1991 netSpeedBps=250000 allowanceBytesPerTick=4166 outBytes=61991 bytesPerTick=516 occupancyPctX10=123
LogOGRelayProbe: Warning: [Warning][RelayProbe.Budget] conn=28258 queuedBits min=-66666 max=-62804 mean=-65806 notReadyFrames=0 outPackets=120 bytesPerPacket=516 lost=0
LogOGInputRelay: Warning: [RelayFlush] window owner=OGBrawlerUECharacter_2147482375 flushedRounds=7984 entries=14826 entriesPerRoundX100=185 suppressed=6896 stageOverflowDrops=0
LogOGNet: Warning: [Warning][InputStats] dropped 0 / 238 remote inputs = 0%
LogOGRelayProbe: Warning: [Warning][RelayProbe.Budget] conn=28300 frames=120 elapsedMs=2003 netSpeedBps=250000 allowanceBytesPerTick=4166 outBytes=62367 bytesPerTick=519 occupancyPctX10=124
LogOGRelayProbe: Warning: [Warning][RelayProbe.Budget] conn=28300 queuedBits min=-66666 max=-63266 mean=-65696 notReadyFrames=0 outPackets=121 bytesPerPacket=515 lost=0
LogOGRelayProbe: Warning: [Warning][RelayProbe.Frame] role=Server simTicks=120 frames=121 meanTicksPerFrameX100=99 p50=1 p99=1 max=1 meanFrameUs=16553
LogOGRelayProbe: Warning: [Warning][RelayProbe.Frame] role=Server cadence dFrame1=119 dFrame0=0 dFrameGt1=1 discont=0 numSteps total=120 max=1 gt1=0
LogOGInputRelay: Warning: [RelayFlush] window owner=OGBrawlerUECharacter_2147482398 flushedRounds=8140 entries=15069 entriesPerRoundX100=185 suppressed=6980 stageOverflowDrops=0
LogOGRelayProbe: Warning: [Warning][RelayProbe.Write] id=28281 runs=120 writes=211 observableWrites=211 captureSpan=211 receivedX1000=1000 observableX1000=1000 deliverableX1000=1000 replaceLatestObservableX1000=568
LogOGRelayProbe: Warning: [Warning][RelayProbe.Write] id=28281 writesPerFrame p50=2 p99=4 max=4 emptyFrames=93 nonConsecutive=0 missedCaptureTicks=0 captures=[15582,15792] discont=0
LogOGRelayProbe: Warning: [Warning][RelayProbe.Budget] conn=28258 frames=120 elapsedMs=1999 netSpeedBps=250000 allowanceBytesPerTick=4166 outBytes=62510 bytesPerTick=520 occupancyPctX10=124
LogOGRelayProbe: Warning: [Warning][RelayProbe.Budget] conn=28258 queuedBits min=-66666 max=-63316 mean=-65603 notReadyFrames=0 outPackets=121 bytesPerPacket=516 lost=0
LogOGRelayProbe: Warning: [Warning][RelayProbe.Write] id=28322 runs=120 writes=227 observableWrites=227 captureSpan=227 receivedX1000=1000 observableX1000=1000 deliverableX1000=1000 replaceLatestObservableX1000=528
LogOGRelayProbe: Warning: [Warning][RelayProbe.Write] id=28322 writesPerFrame p50=2 p99=4 max=4 emptyFrames=108 nonConsecutive=0 missedCaptureTicks=0 captures=[15571,15797] discont=0
LogOGInputRelay: Warning: [RelayFlush] window owner=OGBrawlerUECharacter_2147482375 flushedRounds=8050 entries=14945 entriesPerRoundX100=185 suppressed=6950 stageOverflowDrops=0
LogOGNet: Warning: [Warning][InputStats] dropped 0 / 238 remote inputs = 0%
LogOGRelayProbe: Warning: [Warning][RelayProbe.Budget] conn=28300 frames=120 elapsedMs=2002 netSpeedBps=250000 allowanceBytesPerTick=4166 outBytes=62323 bytesPerTick=519 occupancyPctX10=124
LogOGRelayProbe: Warning: [Warning][RelayProbe.Budget] conn=28300 queuedBits min=-66666 max=-63018 mean=-65734 notReadyFrames=0 outPackets=121 bytesPerPacket=515 lost=2
LogOGRelayProbe: Warning: [Warning][RelayProbe.Frame] role=Server simTicks=120 frames=121 meanTicksPerFrameX100=99 p50=1 p99=1 max=1 meanFrameUs=16568
LogOGRelayProbe: Warning: [Warning][RelayProbe.Frame] role=Server cadence dFrame1=119 dFrame0=0 dFrameGt1=1 discont=0 numSteps total=120 max=1 gt1=0
LogOGInputRelay: Warning: [RelayFlush] window owner=OGBrawlerUECharacter_2147482398 flushedRounds=8206 entries=15189 entriesPerRoundX100=185 suppressed=7034 stageOverflowDrops=0
LogOGRelayProbe: Warning: [Warning][RelayProbe.Budget] conn=28258 frames=120 elapsedMs=2011 netSpeedBps=250000 allowanceBytesPerTick=4166 outBytes=62070 bytesPerTick=517 occupancyPctX10=124
LogOGRelayProbe: Warning: [Warning][RelayProbe.Budget] conn=28258 queuedBits min=-66666 max=-63018 mean=-65855 notReadyFrames=0 outPackets=121 bytesPerPacket=512 lost=1
LogOGNet: Warning: [Warning][InputGap] id=28281 lastDelivered=15914 now=15917 dropped=2
LogOGInputRelay: Warning: [RelayFlush] window owner=OGBrawlerUECharacter_2147482375 flushedRounds=8114 entries=15063 entriesPerRoundX100=185 suppressed=7006 stageOverflowDrops=0
LogOGNet: Warning: [Warning][InputStats] dropped 2 / 238 remote inputs = 0%
LogOGRelayProbe: Warning: [Warning][RelayProbe.Budget] conn=28300 frames=120 elapsedMs=2020 netSpeedBps=250000 allowanceBytesPerTick=4166 outBytes=60994 bytesPerTick=508 occupancyPctX10=121
LogOGRelayProbe: Warning: [Warning][RelayProbe.Budget] conn=28300 queuedBits min=-66666 max=-63104 mean=-65947 notReadyFrames=0 outPackets=121 bytesPerPacket=504 lost=3
LogOGRelayProbe: Warning: [Warning][RelayProbe.Frame] role=Server simTicks=122 frames=120 meanTicksPerFrameX100=101 p50=1 p99=2 max=2 meanFrameUs=16867
LogOGRelayProbe: Warning: [Warning][RelayProbe.Frame] role=Server cadence dFrame1=120 dFrame0=0 dFrameGt1=0 discont=0 numSteps total=122 max=2 gt1=2
LogOGInputRelay: Warning: [RelayFlush] window owner=OGBrawlerUECharacter_2147482398 flushedRounds=8262 entries=15306 entriesPerRoundX100=185 suppressed=7098 stageOverflowDrops=1
LogOGRelayProbe: Warning: [Warning][RelayProbe.Write] id=28322 runs=120 writes=221 observableWrites=221 captureSpan=221 receivedX1000=1000 observableX1000=1000 deliverableX1000=1000 replaceLatestObservableX1000=542
LogOGRelayProbe: Warning: [Warning][RelayProbe.Write] id=28322 writesPerFrame p50=2 p99=5 max=6 emptyFrames=100 nonConsecutive=0 missedCaptureTicks=0 captures=[15798,16018] discont=0
LogOGRelayProbe: Warning: [Warning][RelayProbe.Write] id=28281 runs=120 writes=237 observableWrites=236 captureSpan=239 receivedX1000=991 observableX1000=995 deliverableX1000=987 replaceLatestObservableX1000=506
LogOGRelayProbe: Warning: [Warning][RelayProbe.Write] id=28281 writesPerFrame p50=2 p99=4 max=9 emptyFrames=119 nonConsecutive=1 missedCaptureTicks=2 captures=[15793,16031] discont=0
LogOGRelayProbe: Warning: [Warning][RelayProbe.Budget] conn=28258 frames=120 elapsedMs=2055 netSpeedBps=250000 allowanceBytesPerTick=4166 outBytes=63469 bytesPerTick=528 occupancyPctX10=126
LogOGRelayProbe: Warning: [Warning][RelayProbe.Budget] conn=28258 queuedBits min=-66666 max=-63002 mean=-65994 notReadyFrames=0 outPackets=122 bytesPerPacket=520 lost=0
LogOGInputRelay: Warning: [RelayFlush] window owner=OGBrawlerUECharacter_2147482375 flushedRounds=8181 entries=15188 entriesPerRoundX100=185 suppressed=7059 stageOverflowDrops=0
LogOGNet: Warning: [Warning][InputGap] id=28281 lastDelivered=16055 now=16059 dropped=3
LogOGNet: Warning: [Warning][InputStats] dropped 3 / 238 remote inputs = 1%
LogOGRelayProbe: Warning: [Warning][RelayProbe.Budget] conn=28300 frames=120 elapsedMs=2226 netSpeedBps=250000 allowanceBytesPerTick=4166 outBytes=63767 bytesPerTick=531 occupancyPctX10=127
LogOGRelayProbe: Warning: [Warning][RelayProbe.Budget] conn=28300 queuedBits min=-66666 max=-63002 mean=-66249 notReadyFrames=0 outPackets=122 bytesPerPacket=522 lost=0
LogOGInputRelay: Warning: [RelayFlush] window owner=OGBrawlerUECharacter_2147482398 flushedRounds=8326 entries=15433 entriesPerRoundX100=185 suppressed=7154 stageOverflowDrops=1
LogOGRelayProbe: Warning: [Warning][RelayProbe.Frame] role=Server simTicks=133 frames=122 meanTicksPerFrameX100=109 p50=1 p99=2 max=4 meanFrameUs=18246
LogOGRelayProbe: Warning: [Warning][RelayProbe.Frame] role=Server cadence dFrame1=118 dFrame0=0 dFrameGt1=2 discont=0 numSteps total=133 max=4 gt1=11
LogOGNet: Warning: [Warning][InputGap] id=28281 lastDelivered=16160 now=16162 dropped=1
LogOGNet: Warning: [Warning][InputGap] id=28322 lastDelivered=16161 now=16163 dropped=1
LogOGRelayProbe: Warning: [Warning][RelayProbe.Budget] conn=28258 frames=120 elapsedMs=2404 netSpeedBps=250000 allowanceBytesPerTick=4166 outBytes=63424 bytesPerTick=528 occupancyPctX10=126
LogOGRelayProbe: Warning: [Warning][RelayProbe.Budget] conn=28258 queuedBits min=-66666 max=-64192 mean=-66392 notReadyFrames=0 outPackets=120 bytesPerPacket=528 lost=1
LogOGNet: Warning: [Warning][InputStats] dropped 2 / 237 remote inputs = 0%
LogOGNet: Warning: [Warning][RelaySkip] 1 out-of-order-older capture ticks applied but not relayed this window; lifetime 10
LogOGNet: Warning: [Warning][InputGap] id=28281 lastDelivered=16180 now=16182 dropped=1
LogOGNet: Warning: [Warning][InputGap] id=28322 lastDelivered=16181 now=16183 dropped=1
LogOGInputRelay: Warning: [RelayFlush] window owner=OGBrawlerUECharacter_2147482375 flushedRounds=8246 entries=15331 entriesPerRoundX100=185 suppressed=7114 stageOverflowDrops=0
LogOGRelayProbe: Warning: [Warning][RelayProbe.Budget] conn=28300 frames=120 elapsedMs=2332 netSpeedBps=250000 allowanceBytesPerTick=4166 outBytes=63390 bytesPerTick=528 occupancyPctX10=126
LogOGRelayProbe: Warning: [Warning][RelayProbe.Budget] conn=28300 queuedBits min=-66666 max=-64192 mean=-66494 notReadyFrames=0 outPackets=120 bytesPerPacket=528 lost=0
LogOGInputRelay: Warning: [RelayFlush] window owner=OGBrawlerUECharacter_2147482398 flushedRounds=8393 entries=15573 entriesPerRoundX100=185 suppressed=7207 stageOverflowDrops=1
LogOGRelayProbe: Warning: [Warning][RelayProbe.Frame] role=Server simTicks=143 frames=120 meanTicksPerFrameX100=119 p50=1 p99=3 max=4 meanFrameUs=19934
LogOGRelayProbe: Warning: [Warning][RelayProbe.Frame] role=Server cadence dFrame1=120 dFrame0=0 dFrameGt1=0 discont=0 numSteps total=144 max=4 gt1=21
LogOGRelayProbe: Warning: [Warning][RelayProbe.Write] id=28322 runs=120 writes=253 observableWrites=253 captureSpan=255 receivedX1000=992 observableX1000=1000 deliverableX1000=992 replaceLatestObservableX1000=474
LogOGRelayProbe: Warning: [Warning][RelayProbe.Write] id=28322 writesPerFrame p50=2 p99=5 max=6 emptyFrames=99 nonConsecutive=2 missedCaptureTicks=2 captures=[16019,16273] discont=0
LogOGRelayProbe: Warning: [Warning][RelayProbe.Write] id=28281 runs=120 writes=245 observableWrites=245 captureSpan=250 receivedX1000=980 observableX1000=1000 deliverableX1000=980 replaceLatestObservableX1000=489
LogOGRelayProbe: Warning: [Warning][RelayProbe.Write] id=28281 writesPerFrame p50=2 p99=5 max=5 emptyFrames=95 nonConsecutive=3 missedCaptureTicks=5 captures=[16032,16281] discont=0
LogOGNet: Warning: [Warning][InputGap] id=28281 lastDelivered=16290 now=16294 dropped=3
LogOGNet: Warning: [Warning][InputStats] dropped 5 / 240 remote inputs = 2%
LogOGRelayProbe: Warning: [Warning][RelayProbe.Budget] conn=28258 frames=120 elapsedMs=2249 netSpeedBps=250000 allowanceBytesPerTick=4166 outBytes=63790 bytesPerTick=531 occupancyPctX10=127
LogOGRelayProbe: Warning: [Warning][RelayProbe.Budget] conn=28258 queuedBits min=-66666 max=-65274 mean=-66615 notReadyFrames=0 outPackets=120 bytesPerPacket=531 lost=1
LogOGInputRelay: Warning: [RelayFlush] window owner=OGBrawlerUECharacter_2147482375 flushedRounds=8317 entries=15466 entriesPerRoundX100=185 suppressed=7163 stageOverflowDrops=0
LogOGNet: Warning: [Warning][InputGap] id=28322 lastDelivered=16362 now=16364 dropped=1
LogOGNet: Warning: [Warning][InputGap] id=28322 lastDelivered=16364 now=16368 dropped=3
LogOGRelayProbe: Warning: [Warning][RelayProbe.Budget] conn=28300 frames=120 elapsedMs=2279 netSpeedBps=250000 allowanceBytesPerTick=4166 outBytes=63211 bytesPerTick=526 occupancyPctX10=126
LogOGRelayProbe: Warning: [Warning][RelayProbe.Budget] conn=28300 queuedBits min=-66666 max=-63636 mean=-66545 notReadyFrames=0 outPackets=120 bytesPerPacket=526 lost=1
LogOGInputRelay: Warning: [RelayFlush] window owner=OGBrawlerUECharacter_2147482398 flushedRounds=8463 entries=15708 entriesPerRoundX100=185 suppressed=7257 stageOverflowDrops=1
LogOGRelayProbe: Warning: [Warning][RelayProbe.Frame] role=Server simTicks=136 frames=120 meanTicksPerFrameX100=113 p50=1 p99=2 max=2 meanFrameUs=18840
LogOGRelayProbe: Warning: [Warning][RelayProbe.Frame] role=Server cadence dFrame1=120 dFrame0=0 dFrameGt1=0 discont=0 numSteps total=135 max=2 gt1=15
LogOGNet: Warning: [Warning][InputStats] dropped 4 / 238 remote inputs = 1%
LogOGRelayProbe: Warning: [Warning][RelayProbe.Budget] conn=28258 frames=120 elapsedMs=2200 netSpeedBps=250000 allowanceBytesPerTick=4166 outBytes=62798 bytesPerTick=523 occupancyPctX10=125
LogOGRelayProbe: Warning: [Warning][RelayProbe.Budget] conn=28258 queuedBits min=-66666 max=-63636 mean=-66460 notReadyFrames=0 outPackets=120 bytesPerPacket=523 lost=0
LogOGInputRelay: Warning: [RelayFlush] window owner=OGBrawlerUECharacter_2147482375 flushedRounds=8382 entries=15592 entriesPerRoundX100=186 suppressed=7218 stageOverflowDrops=0
LogOGRelayProbe: Warning: [Warning][RelayProbe.Write] id=28322 runs=120 writes=229 observableWrites=229 captureSpan=233 receivedX1000=982 observableX1000=1000 deliverableX1000=982 replaceLatestObservableX1000=524
LogOGRelayProbe: Warning: [Warning][RelayProbe.Write] id=28322 writesPerFrame p50=2 p99=4 max=4 emptyFrames=98 nonConsecutive=2 missedCaptureTicks=4 captures=[16274,16506] discont=0
LogOGRelayProbe: Warning: [Warning][RelayProbe.Write] id=28281 runs=120 writes=225 observableWrites=225 captureSpan=228 receivedX1000=986 observableX1000=1000 deliverableX1000=986 replaceLatestObservableX1000=533
LogOGRelayProbe: Warning: [Warning][RelayProbe.Write] id=28281 writesPerFrame p50=2 p99=4 max=4 emptyFrames=92 nonConsecutive=1 missedCaptureTicks=3 captures=[16282,16509] discont=0
LogOGRelayProbe: Warning: [Warning][RelayProbe.Budget] conn=28300 frames=120 elapsedMs=2060 netSpeedBps=250000 allowanceBytesPerTick=4166 outBytes=62420 bytesPerTick=520 occupancyPctX10=124
LogOGRelayProbe: Warning: [Warning][RelayProbe.Budget] conn=28300 queuedBits min=-66666 max=-63256 mean=-66358 notReadyFrames=0 outPackets=120 bytesPerPacket=520 lost=1
LogOGInputRelay: Warning: [RelayFlush] window owner=OGBrawlerUECharacter_2147482398 flushedRounds=8531 entries=15829 entriesPerRoundX100=185 suppressed=7309 stageOverflowDrops=1
LogOGRelayProbe: Warning: [Warning][RelayProbe.Frame] role=Server simTicks=121 frames=120 meanTicksPerFrameX100=100 p50=1 p99=1 max=2 meanFrameUs=16817
LogOGRelayProbe: Warning: [Warning][RelayProbe.Frame] role=Server cadence dFrame1=120 dFrame0=0 dFrameGt1=0 discont=0 numSteps total=121 max=2 gt1=1
LogOGNet: Warning: [Warning][InputStats] dropped 0 / 238 remote inputs = 0%
LogOGRelayProbe: Warning: [Warning][RelayProbe.Budget] conn=28258 frames=120 elapsedMs=2017 netSpeedBps=250000 allowanceBytesPerTick=4166 outBytes=62197 bytesPerTick=518 occupancyPctX10=124
LogOGRelayProbe: Warning: [Warning][RelayProbe.Budget] conn=28258 queuedBits min=-66666 max=-62850 mean=-66276 notReadyFrames=0 outPackets=120 bytesPerPacket=518 lost=1
LogOGInputRelay: Warning: [RelayFlush] window owner=OGBrawlerUECharacter_2147482375 flushedRounds=8444 entries=15712 entriesPerRoundX100=186 suppressed=7276 stageOverflowDrops=0
LogOGRelayProbe: Warning: [Warning][RelayProbe.Budget] conn=28300 frames=120 elapsedMs=2025 netSpeedBps=250000 allowanceBytesPerTick=4166 outBytes=62268 bytesPerTick=518 occupancyPctX10=124
LogOGRelayProbe: Warning: [Warning][RelayProbe.Budget] conn=28300 queuedBits min=-66666 max=-62850 mean=-66406 notReadyFrames=0 outPackets=120 bytesPerPacket=518 lost=0
LogOGInputRelay: Warning: [RelayFlush] window owner=OGBrawlerUECharacter_2147482398 flushedRounds=8597 entries=15953 entriesPerRoundX100=185 suppressed=7363 stageOverflowDrops=1
LogOGRelayProbe: Warning: [Warning][RelayProbe.Frame] role=Server simTicks=122 frames=120 meanTicksPerFrameX100=101 p50=1 p99=2 max=2 meanFrameUs=16897
LogOGRelayProbe: Warning: [Warning][RelayProbe.Frame] role=Server cadence dFrame1=120 dFrame0=0 dFrameGt1=0 discont=0 numSteps total=122 max=2 gt1=2
LogOGNet: Warning: [Warning][InputStats] dropped 0 / 238 remote inputs = 0%
LogOGRelayProbe: Warning: [Warning][RelayProbe.Budget] conn=28258 frames=120 elapsedMs=2044 netSpeedBps=250000 allowanceBytesPerTick=4166 outBytes=62508 bytesPerTick=520 occupancyPctX10=124
LogOGRelayProbe: Warning: [Warning][RelayProbe.Budget] conn=28258 queuedBits min=-66666 max=-63172 mean=-66421 notReadyFrames=0 outPackets=121 bytesPerPacket=516 lost=2
LogOGInputRelay: Warning: [RelayFlush] window owner=OGBrawlerUECharacter_2147482375 flushedRounds=8512 entries=15835 entriesPerRoundX100=186 suppressed=7328 stageOverflowDrops=0
LogOGRelayProbe: Warning: [Warning][RelayProbe.Write] id=28322 runs=120 writes=218 observableWrites=218 captureSpan=218 receivedX1000=1000 observableX1000=1000 deliverableX1000=1000 replaceLatestObservableX1000=550
LogOGRelayProbe: Warning: [Warning][RelayProbe.Write] id=28322 writesPerFrame p50=2 p99=4 max=5 emptyFrames=96 nonConsecutive=0 missedCaptureTicks=0 captures=[16507,16724] discont=0
LogOGRelayProbe: Warning: [Warning][RelayProbe.Write] id=28281 runs=120 writes=217 observableWrites=217 captureSpan=217 receivedX1000=1000 observableX1000=1000 deliverableX1000=1000 replaceLatestObservableX1000=552
LogOGRelayProbe: Warning: [Warning][RelayProbe.Write] id=28281 writesPerFrame p50=2 p99=4 max=4 emptyFrames=94 nonConsecutive=0 missedCaptureTicks=0 captures=[16510,16726] discont=0
LogOGRelayProbe: Warning: [Warning][RelayProbe.Budget] conn=28300 frames=120 elapsedMs=2035 netSpeedBps=250000 allowanceBytesPerTick=4166 outBytes=62744 bytesPerTick=522 occupancyPctX10=125
LogOGRelayProbe: Warning: [Warning][RelayProbe.Budget] conn=28300 queuedBits min=-66666 max=-63172 mean=-66198 notReadyFrames=0 outPackets=121 bytesPerPacket=518 lost=0
LogOGInputRelay: Warning: [RelayFlush] window owner=OGBrawlerUECharacter_2147482398 flushedRounds=8665 entries=16072 entriesPerRoundX100=185 suppressed=7415 stageOverflowDrops=1
LogOGRelayProbe: Warning: [Warning][RelayProbe.Frame] role=Server simTicks=122 frames=121 meanTicksPerFrameX100=100 p50=1 p99=1 max=2 meanFrameUs=16842
LogOGRelayProbe: Warning: [Warning][RelayProbe.Frame] role=Server cadence dFrame1=119 dFrame0=0 dFrameGt1=1 discont=0 numSteps total=122 max=2 gt1=2
LogOGNet: Warning: [Warning][InputStats] dropped 0 / 238 remote inputs = 0%
LogOGRelayProbe: Warning: [Warning][RelayProbe.Budget] conn=28258 frames=120 elapsedMs=2031 netSpeedBps=250000 allowanceBytesPerTick=4166 outBytes=62770 bytesPerTick=523 occupancyPctX10=125
LogOGRelayProbe: Warning: [Warning][RelayProbe.Budget] conn=28258 queuedBits min=-66666 max=-63486 mean=-66191 notReadyFrames=0 outPackets=121 bytesPerPacket=518 lost=1
LogOGInputRelay: Warning: [RelayFlush] window owner=OGBrawlerUECharacter_2147482375 flushedRounds=8576 entries=15956 entriesPerRoundX100=186 suppressed=7384 stageOverflowDrops=0
LogOGRelayProbe: Warning: [Warning][RelayProbe.Budget] conn=28300 frames=120 elapsedMs=2046 netSpeedBps=250000 allowanceBytesPerTick=4166 outBytes=63046 bytesPerTick=525 occupancyPctX10=126
LogOGRelayProbe: Warning: [Warning][RelayProbe.Budget] conn=28300 queuedBits min=-66666 max=-63072 mean=-66207 notReadyFrames=0 outPackets=122 bytesPerPacket=516 lost=2
LogOGInputRelay: Warning: [RelayFlush] window owner=OGBrawlerUECharacter_2147482398 flushedRounds=8734 entries=16194 entriesPerRoundX100=185 suppressed=7466 stageOverflowDrops=1
LogOGRelayProbe: Warning: [Warning][RelayProbe.Frame] role=Server simTicks=123 frames=122 meanTicksPerFrameX100=100 p50=1 p99=2 max=2 meanFrameUs=16740
LogOGRelayProbe: Warning: [Warning][RelayProbe.Frame] role=Server cadence dFrame1=118 dFrame0=0 dFrameGt1=2 discont=0 numSteps total=123 max=2 gt1=3
LogOGNet: Warning: [Warning][InputStats] dropped 0 / 238 remote inputs = 0%
LogOGRelayProbe: Warning: [Warning][RelayProbe.Budget] conn=28258 frames=120 elapsedMs=2029 netSpeedBps=250000 allowanceBytesPerTick=4166 outBytes=62436 bytesPerTick=520 occupancyPctX10=124
LogOGRelayProbe: Warning: [Warning][RelayProbe.Budget] conn=28258 queuedBits min=-66666 max=-63072 mean=-66168 notReadyFrames=0 outPackets=121 bytesPerPacket=516 lost=1
LogOGRelayProbe: Warning: [Warning][RelayProbe.Write] id=28281 runs=120 writes=215 observableWrites=215 captureSpan=215 receivedX1000=1000 observableX1000=1000 deliverableX1000=1000 replaceLatestObservableX1000=558
LogOGRelayProbe: Warning: [Warning][RelayProbe.Write] id=28281 writesPerFrame p50=2 p99=4 max=5 emptyFrames=94 nonConsecutive=0 missedCaptureTicks=0 captures=[16727,16941] discont=0
LogOGRelayProbe: Warning: [Warning][RelayProbe.Write] id=28322 runs=120 writes=226 observableWrites=226 captureSpan=226 receivedX1000=1000 observableX1000=1000 deliverableX1000=1000 replaceLatestObservableX1000=530
LogOGRelayProbe: Warning: [Warning][RelayProbe.Write] id=28322 writesPerFrame p50=2 p99=4 max=4 emptyFrames=104 nonConsecutive=0 missedCaptureTicks=0 captures=[16725,16950] discont=0
LogOGInputRelay: Warning: [RelayFlush] window owner=OGBrawlerUECharacter_2147482375 flushedRounds=8641 entries=16075 entriesPerRoundX100=186 suppressed=7439 stageOverflowDrops=0
LogOGNet: Warning: [Warning][InputGap] id=28281 lastDelivered=16967 now=16972 dropped=4
LogOGRelayProbe: Warning: [Warning][RelayProbe.Budget] conn=28300 frames=120 elapsedMs=2018 netSpeedBps=250000 allowanceBytesPerTick=4166 outBytes=61833 bytesPerTick=515 occupancyPctX10=123
LogOGRelayProbe: Warning: [Warning][RelayProbe.Budget] conn=28300 queuedBits min=-66666 max=-63130 mean=-66273 notReadyFrames=0 outPackets=120 bytesPerPacket=515 lost=2
LogOGInputRelay: Warning: [RelayFlush] window owner=OGBrawlerUECharacter_2147482398 flushedRounds=8797 entries=16313 entriesPerRoundX100=185 suppressed=7523 stageOverflowDrops=1
LogOGRelayProbe: Warning: [Warning][RelayProbe.Frame] role=Server simTicks=121 frames=120 meanTicksPerFrameX100=100 p50=1 p99=1 max=2 meanFrameUs=16808
LogOGRelayProbe: Warning: [Warning][RelayProbe.Frame] role=Server cadence dFrame1=120 dFrame0=0 dFrameGt1=0 discont=0 numSteps total=121 max=2 gt1=1
LogOGNet: Warning: [Warning][InputStats] dropped 4 / 238 remote inputs = 1%
LogOGRelayProbe: Warning: [Warning][RelayProbe.Budget] conn=28258 frames=120 elapsedMs=2014 netSpeedBps=250000 allowanceBytesPerTick=4166 outBytes=62066 bytesPerTick=517 occupancyPctX10=124
LogOGRelayProbe: Warning: [Warning][RelayProbe.Budget] conn=28258 queuedBits min=-66666 max=-63864 mean=-66184 notReadyFrames=0 outPackets=120 bytesPerPacket=517 lost=0
LogOGInputRelay: Warning: [RelayFlush] window owner=OGBrawlerUECharacter_2147482375 flushedRounds=8708 entries=16198 entriesPerRoundX100=186 suppressed=7492 stageOverflowDrops=0
LogOGRelayProbe: Warning: [Warning][RelayProbe.Budget] conn=28300 frames=120 elapsedMs=2054 netSpeedBps=250000 allowanceBytesPerTick=4166 outBytes=63206 bytesPerTick=526 occupancyPctX10=126
LogOGRelayProbe: Warning: [Warning][RelayProbe.Budget] conn=28300 queuedBits min=-66666 max=-63864 mean=-66221 notReadyFrames=0 outPackets=122 bytesPerPacket=518 lost=1
LogOGInputRelay: Warning: [RelayFlush] window owner=OGBrawlerUECharacter_2147482398 flushedRounds=8867 entries=16432 entriesPerRoundX100=185 suppressed=7573 stageOverflowDrops=1
LogOGNet: Warning: [Warning][InputStats] dropped 0 / 238 remote inputs = 0%
LogOGRelayProbe: Warning: [Warning][RelayProbe.Frame] role=Server simTicks=123 frames=122 meanTicksPerFrameX100=100 p50=1 p99=2 max=2 meanFrameUs=16850
LogOGRelayProbe: Warning: [Warning][RelayProbe.Frame] role=Server cadence dFrame1=118 dFrame0=0 dFrameGt1=2 discont=0 numSteps total=123 max=2 gt1=3
LogOGRelayProbe: Warning: [Warning][RelayProbe.Write] id=28281 runs=120 writes=211 observableWrites=211 captureSpan=215 receivedX1000=981 observableX1000=1000 deliverableX1000=981 replaceLatestObservableX1000=568
LogOGRelayProbe: Warning: [Warning][RelayProbe.Write] id=28281 writesPerFrame p50=2 p99=3 max=4 emptyFrames=92 nonConsecutive=1 missedCaptureTicks=4 captures=[16942,17156] discont=0
LogOGRelayProbe: Warning: [Warning][RelayProbe.Write] id=28322 runs=120 writes=227 observableWrites=227 captureSpan=227 receivedX1000=1000 observableX1000=1000 deliverableX1000=1000 replaceLatestObservableX1000=528
LogOGRelayProbe: Warning: [Warning][RelayProbe.Write] id=28322 writesPerFrame p50=2 p99=4 max=4 emptyFrames=105 nonConsecutive=0 missedCaptureTicks=0 captures=[16951,17177] discont=0
LogOGRelayProbe: Warning: [Warning][RelayProbe.Budget] conn=28258 frames=120 elapsedMs=2078 netSpeedBps=250000 allowanceBytesPerTick=4166 outBytes=63621 bytesPerTick=530 occupancyPctX10=127
LogOGRelayProbe: Warning: [Warning][RelayProbe.Budget] conn=28258 queuedBits min=-66666 max=-64056 mean=-66351 notReadyFrames=0 outPackets=123 bytesPerPacket=517 lost=2
LogOGInputRelay: Warning: [RelayFlush] window owner=OGBrawlerUECharacter_2147482375 flushedRounds=8767 entries=16318 entriesPerRoundX100=186 suppressed=7553 stageOverflowDrops=0
LogOGRelayProbe: Warning: [Warning][RelayProbe.Budget] conn=28300 frames=120 elapsedMs=2034 netSpeedBps=250000 allowanceBytesPerTick=4166 outBytes=62519 bytesPerTick=520 occupancyPctX10=124
LogOGRelayProbe: Warning: [Warning][RelayProbe.Budget] conn=28300 queuedBits min=-66666 max=-62798 mean=-66155 notReadyFrames=0 outPackets=121 bytesPerPacket=516 lost=2
LogOGInputRelay: Warning: [RelayFlush] window owner=OGBrawlerUECharacter_2147482398 flushedRounds=8932 entries=16554 entriesPerRoundX100=185 suppressed=7628 stageOverflowDrops=1
LogOGNet: Warning: [Warning][InputStats] dropped 0 / 238 remote inputs = 0%
LogOGRelayProbe: Warning: [Warning][RelayProbe.Frame] role=Server simTicks=122 frames=121 meanTicksPerFrameX100=100 p50=1 p99=2 max=2 meanFrameUs=16816
LogOGRelayProbe: Warning: [Warning][RelayProbe.Frame] role=Server cadence dFrame1=119 dFrame0=0 dFrameGt1=1 discont=0 numSteps total=122 max=2 gt1=2
LogOGRelayProbe: Warning: [Warning][RelayProbe.Budget] conn=28258 frames=120 elapsedMs=2010 netSpeedBps=250000 allowanceBytesPerTick=4166 outBytes=62247 bytesPerTick=518 occupancyPctX10=124
LogOGRelayProbe: Warning: [Warning][RelayProbe.Budget] conn=28258 queuedBits min=-66666 max=-62798 mean=-66042 notReadyFrames=0 outPackets=120 bytesPerPacket=518 lost=1
LogOGInputRelay: Warning: [RelayFlush] window owner=OGBrawlerUECharacter_2147482375 flushedRounds=8829 entries=16438 entriesPerRoundX100=186 suppressed=7611 stageOverflowDrops=0
LogOGRelayProbe: Warning: [Warning][RelayProbe.Budget] conn=28300 frames=120 elapsedMs=2038 netSpeedBps=250000 allowanceBytesPerTick=4166 outBytes=63172 bytesPerTick=526 occupancyPctX10=126
LogOGRelayProbe: Warning: [Warning][RelayProbe.Budget] conn=28300 queuedBits min=-66666 max=-62974 mean=-65983 notReadyFrames=0 outPackets=122 bytesPerPacket=517 lost=1
LogOGNet: Warning: [Warning][InputStats] dropped 0 / 238 remote inputs = 0%
LogOGInputRelay: Warning: [RelayFlush] window owner=OGBrawlerUECharacter_2147482398 flushedRounds=8997 entries=16672 entriesPerRoundX100=185 suppressed=7683 stageOverflowDrops=1
LogOGRelayProbe: Warning: [Warning][RelayProbe.Write] id=28281 runs=120 writes=224 observableWrites=224 captureSpan=224 receivedX1000=1000 observableX1000=1000 deliverableX1000=1000 replaceLatestObservableX1000=535
LogOGRelayProbe: Warning: [Warning][RelayProbe.Write] id=28281 writesPerFrame p50=2 p99=4 max=4 emptyFrames=104 nonConsecutive=0 missedCaptureTicks=0 captures=[17157,17380] discont=0
LogOGRelayProbe: Warning: [Warning][RelayProbe.Frame] role=Server simTicks=123 frames=122 meanTicksPerFrameX100=100 p50=1 p99=2 max=2 meanFrameUs=16729
LogOGRelayProbe: Warning: [Warning][RelayProbe.Frame] role=Server cadence dFrame1=118 dFrame0=0 dFrameGt1=2 discont=0 numSteps total=123 max=2 gt1=3
LogOGRelayProbe: Warning: [Warning][RelayProbe.Write] id=28322 runs=120 writes=222 observableWrites=222 captureSpan=222 receivedX1000=1000 observableX1000=1000 deliverableX1000=1000 replaceLatestObservableX1000=540
LogOGRelayProbe: Warning: [Warning][RelayProbe.Write] id=28322 writesPerFrame p50=2 p99=4 max=4 emptyFrames=100 nonConsecutive=0 missedCaptureTicks=0 captures=[17178,17399] discont=0
LogOGRelayProbe: Warning: [Warning][RelayProbe.Budget] conn=28258 frames=120 elapsedMs=2036 netSpeedBps=250000 allowanceBytesPerTick=4166 outBytes=62769 bytesPerTick=523 occupancyPctX10=125
LogOGRelayProbe: Warning: [Warning][RelayProbe.Budget] conn=28258 queuedBits min=-66666 max=-62974 mean=-65921 notReadyFrames=0 outPackets=122 bytesPerPacket=514 lost=0
LogOGInputRelay: Warning: [RelayFlush] window owner=OGBrawlerUECharacter_2147482375 flushedRounds=8900 entries=16559 entriesPerRoundX100=186 suppressed=7660 stageOverflowDrops=0
LogOGRelayProbe: Warning: [Warning][RelayProbe.Budget] conn=28300 frames=120 elapsedMs=2011 netSpeedBps=250000 allowanceBytesPerTick=4166 outBytes=61922 bytesPerTick=516 occupancyPctX10=123
LogOGRelayProbe: Warning: [Warning][RelayProbe.Budget] conn=28300 queuedBits min=-66666 max=-63424 mean=-66073 notReadyFrames=0 outPackets=120 bytesPerPacket=516 lost=1
LogOGNet: Warning: [Warning][InputStats] dropped 0 / 238 remote inputs = 0%
LogOGInputRelay: Warning: [RelayFlush] window owner=OGBrawlerUECharacter_2147482398 flushedRounds=9062 entries=16795 entriesPerRoundX100=185 suppressed=7738 stageOverflowDrops=1
LogOGRelayProbe: Warning: [Warning][RelayProbe.Frame] role=Server simTicks=120 frames=120 meanTicksPerFrameX100=100 p50=1 p99=1 max=1 meanFrameUs=16763
LogOGRelayProbe: Warning: [Warning][RelayProbe.Frame] role=Server cadence dFrame1=120 dFrame0=0 dFrameGt1=0 discont=0 numSteps total=120 max=1 gt1=0
LogOGRelayProbe: Warning: [Warning][RelayProbe.Budget] conn=28258 frames=120 elapsedMs=2066 netSpeedBps=250000 allowanceBytesPerTick=4166 outBytes=63834 bytesPerTick=531 occupancyPctX10=127
LogOGRelayProbe: Warning: [Warning][RelayProbe.Budget] conn=28258 queuedBits min=-66666 max=-64050 mean=-66205 notReadyFrames=0 outPackets=123 bytesPerPacket=518 lost=0
LogOGInputRelay: Warning: [RelayFlush] window owner=OGBrawlerUECharacter_2147482375 flushedRounds=8967 entries=16680 entriesPerRoundX100=186 suppressed=7713 stageOverflowDrops=0
LogOGRelayProbe: Warning: [Warning][RelayProbe.Write] id=28281 runs=120 writes=216 observableWrites=216 captureSpan=216 receivedX1000=1000 observableX1000=1000 deliverableX1000=1000 replaceLatestObservableX1000=555
LogOGRelayProbe: Warning: [Warning][RelayProbe.Write] id=28281 writesPerFrame p50=2 p99=4 max=4 emptyFrames=91 nonConsecutive=0 missedCaptureTicks=0 captures=[17381,17596] discont=0
LogOGRelayProbe: Warning: [Warning][RelayProbe.Budget] conn=28300 frames=120 elapsedMs=2068 netSpeedBps=250000 allowanceBytesPerTick=4166 outBytes=63616 bytesPerTick=530 occupancyPctX10=127
LogOGRelayProbe: Warning: [Warning][RelayProbe.Budget] conn=28300 queuedBits min=-66666 max=-63238 mean=-66313 notReadyFrames=0 outPackets=123 bytesPerPacket=517 lost=1
LogOGNet: Warning: [Warning][InputStats] dropped 0 / 238 remote inputs = 0%
LogOGInputRelay: Warning: [RelayFlush] window owner=OGBrawlerUECharacter_2147482398 flushedRounds=9131 entries=16915 entriesPerRoundX100=185 suppressed=7789 stageOverflowDrops=1
LogOGRelayProbe: Warning: [Warning][RelayProbe.Write] id=28322 runs=120 writes=216 observableWrites=216 captureSpan=216 receivedX1000=1000 observableX1000=1000 deliverableX1000=1000 replaceLatestObservableX1000=555
LogOGRelayProbe: Warning: [Warning][RelayProbe.Write] id=28322 writesPerFrame p50=2 p99=4 max=4 emptyFrames=96 nonConsecutive=0 missedCaptureTicks=0 captures=[17400,17615] discont=0
LogOGRelayProbe: Warning: [Warning][RelayProbe.Frame] role=Server simTicks=124 frames=123 meanTicksPerFrameX100=100 p50=1 p99=2 max=2 meanFrameUs=16797
LogOGRelayProbe: Warning: [Warning][RelayProbe.Frame] role=Server cadence dFrame1=117 dFrame0=0 dFrameGt1=3 discont=0 numSteps total=124 max=2 gt1=4
LogOGRelayProbe: Warning: [Warning][RelayProbe.Budget] conn=28258 frames=120 elapsedMs=2017 netSpeedBps=250000 allowanceBytesPerTick=4166 outBytes=61941 bytesPerTick=516 occupancyPctX10=123
LogOGRelayProbe: Warning: [Warning][RelayProbe.Budget] conn=28258 queuedBits min=-66666 max=-63238 mean=-66316 notReadyFrames=0 outPackets=120 bytesPerPacket=516 lost=2
LogOGInputRelay: Warning: [RelayFlush] window owner=OGBrawlerUECharacter_2147482375 flushedRounds=9029 entries=16800 entriesPerRoundX100=186 suppressed=7771 stageOverflowDrops=0
LogOGRelayProbe: Warning: [Warning][RelayProbe.Budget] conn=28300 frames=120 elapsedMs=2013 netSpeedBps=250000 allowanceBytesPerTick=4166 outBytes=62079 bytesPerTick=517 occupancyPctX10=124
LogOGRelayProbe: Warning: [Warning][RelayProbe.Budget] conn=28300 queuedBits min=-66666 max=-63836 mean=-66212 notReadyFrames=0 outPackets=120 bytesPerPacket=517 lost=0
LogOGNet: Warning: [Warning][InputStats] dropped 0 / 238 remote inputs = 0%
LogOGInputRelay: Warning: [RelayFlush] window owner=OGBrawlerUECharacter_2147482398 flushedRounds=9198 entries=17037 entriesPerRoundX100=185 suppressed=7842 stageOverflowDrops=1
LogOGRelayProbe: Warning: [Warning][RelayProbe.Frame] role=Server simTicks=121 frames=120 meanTicksPerFrameX100=100 p50=1 p99=1 max=2 meanFrameUs=16796
LogOGRelayProbe: Warning: [Warning][RelayProbe.Frame] role=Server cadence dFrame1=120 dFrame0=0 dFrameGt1=0 discont=0 numSteps total=121 max=2 gt1=1
LogOGRelayProbe: Warning: [Warning][RelayProbe.Budget] conn=28258 frames=120 elapsedMs=2037 netSpeedBps=250000 allowanceBytesPerTick=4166 outBytes=62750 bytesPerTick=522 occupancyPctX10=125
LogOGRelayProbe: Warning: [Warning][RelayProbe.Budget] conn=28258 queuedBits min=-66666 max=-62948 mean=-66230 notReadyFrames=0 outPackets=121 bytesPerPacket=518 lost=0
LogOGInputRelay: Warning: [RelayFlush] window owner=OGBrawlerUECharacter_2147482375 flushedRounds=9098 entries=16922 entriesPerRoundX100=185 suppressed=7822 stageOverflowDrops=0
LogOGRelayProbe: Warning: [Warning][RelayProbe.Write] id=28281 runs=120 writes=211 observableWrites=211 captureSpan=211 receivedX1000=1000 observableX1000=1000 deliverableX1000=1000 replaceLatestObservableX1000=568
LogOGRelayProbe: Warning: [Warning][RelayProbe.Write] id=28281 writesPerFrame p50=2 p99=4 max=4 emptyFrames=89 nonConsecutive=0 missedCaptureTicks=0 captures=[17597,17807] discont=0
LogOGRelayProbe: Warning: [Warning][RelayProbe.Write] id=28322 runs=120 writes=217 observableWrites=217 captureSpan=217 receivedX1000=1000 observableX1000=1000 deliverableX1000=1000 replaceLatestObservableX1000=552
LogOGRelayProbe: Warning: [Warning][RelayProbe.Write] id=28322 writesPerFrame p50=2 p99=4 max=4 emptyFrames=93 nonConsecutive=0 missedCaptureTicks=0 captures=[17616,17832] discont=0
LogOGNet: Warning: [Warning][InputStats] dropped 0 / 242 remote inputs = 0%
LogOGRelayProbe: Warning: [Warning][RelayProbe.Budget] conn=28300 frames=120 elapsedMs=2073 netSpeedBps=250000 allowanceBytesPerTick=4166 outBytes=63812 bytesPerTick=531 occupancyPctX10=127
LogOGRelayProbe: Warning: [Warning][RelayProbe.Budget] conn=28300 queuedBits min=-66666 max=-62948 mean=-66246 notReadyFrames=0 outPackets=123 bytesPerPacket=518 lost=3
LogOGInputRelay: Warning: [RelayFlush] window owner=OGBrawlerUECharacter_2147482398 flushedRounds=9268 entries=17156 entriesPerRoundX100=185 suppressed=7892 stageOverflowDrops=1
LogOGRelayProbe: Warning: [Warning][RelayProbe.Frame] role=Server simTicks=124 frames=123 meanTicksPerFrameX100=100 p50=1 p99=2 max=2 meanFrameUs=16834
LogOGRelayProbe: Warning: [Warning][RelayProbe.Frame] role=Server cadence dFrame1=117 dFrame0=0 dFrameGt1=3 discont=0 numSteps total=125 max=2 gt1=5
LogOGRelayProbe: Warning: [Warning][RelayProbe.Budget] conn=28258 frames=120 elapsedMs=2052 netSpeedBps=250000 allowanceBytesPerTick=4166 outBytes=63370 bytesPerTick=528 occupancyPctX10=126
LogOGRelayProbe: Warning: [Warning][RelayProbe.Budget] conn=28258 queuedBits min=-66666 max=-62978 mean=-66248 notReadyFrames=0 outPackets=122 bytesPerPacket=519 lost=0
LogOGInputRelay: Warning: [RelayFlush] window owner=OGBrawlerUECharacter_2147482375 flushedRounds=9167 entries=17044 entriesPerRoundX100=185 suppressed=7873 stageOverflowDrops=0
LogOGNet: Warning: [Warning][InputStats] dropped 0 / 236 remote inputs = 0%
LogOGRelayProbe: Warning: [Warning][RelayProbe.Budget] conn=28300 frames=120 elapsedMs=2040 netSpeedBps=250000 allowanceBytesPerTick=4166 outBytes=62740 bytesPerTick=522 occupancyPctX10=125
LogOGRelayProbe: Warning: [Warning][RelayProbe.Budget] conn=28300 queuedBits min=-66666 max=-62978 mean=-66257 notReadyFrames=0 outPackets=121 bytesPerPacket=518 lost=1
LogOGInputRelay: Warning: [RelayFlush] window owner=OGBrawlerUECharacter_2147482398 flushedRounds=9340 entries=17280 entriesPerRoundX100=185 suppressed=7940 stageOverflowDrops=1
LogOGRelayProbe: Warning: [Warning][RelayProbe.Frame] role=Server simTicks=123 frames=121 meanTicksPerFrameX100=101 p50=1 p99=2 max=2 meanFrameUs=16874
LogOGRelayProbe: Warning: [Warning][RelayProbe.Frame] role=Server cadence dFrame1=119 dFrame0=0 dFrameGt1=1 discont=0 numSteps total=122 max=2 gt1=2
LogOGRelayProbe: Warning: [Warning][RelayProbe.Write] id=28281 runs=120 writes=214 observableWrites=214 captureSpan=214 receivedX1000=1000 observableX1000=1000 deliverableX1000=1000 replaceLatestObservableX1000=560
LogOGRelayProbe: Warning: [Warning][RelayProbe.Write] id=28281 writesPerFrame p50=2 p99=4 max=4 emptyFrames=92 nonConsecutive=0 missedCaptureTicks=0 captures=[17808,18021] discont=0
LogOGRelayProbe: Warning: [Warning][RelayProbe.Budget] conn=28258 frames=120 elapsedMs=2041 netSpeedBps=250000 allowanceBytesPerTick=4166 outBytes=62352 bytesPerTick=519 occupancyPctX10=124
LogOGRelayProbe: Warning: [Warning][RelayProbe.Budget] conn=28258 queuedBits min=-66666 max=-63216 mean=-66223 notReadyFrames=0 outPackets=121 bytesPerPacket=515 lost=0
LogOGInputRelay: Warning: [RelayFlush] window owner=OGBrawlerUECharacter_2147482375 flushedRounds=9231 entries=17165 entriesPerRoundX100=185 suppressed=7929 stageOverflowDrops=0
LogOGRelayProbe: Warning: [Warning][RelayProbe.Write] id=28322 runs=120 writes=222 observableWrites=222 captureSpan=222 receivedX1000=1000 observableX1000=1000 deliverableX1000=1000 replaceLatestObservableX1000=540
LogOGRelayProbe: Warning: [Warning][RelayProbe.Write] id=28322 writesPerFrame p50=2 p99=4 max=4 emptyFrames=100 nonConsecutive=0 missedCaptureTicks=0 captures=[17833,18054] discont=0
LogOGNet: Warning: [Warning][InputStats] dropped 0 / 238 remote inputs = 0%
LogOGRelayProbe: Warning: [Warning][RelayProbe.Budget] conn=28300 frames=120 elapsedMs=2019 netSpeedBps=250000 allowanceBytesPerTick=4166 outBytes=62202 bytesPerTick=518 occupancyPctX10=124
LogOGRelayProbe: Warning: [Warning][RelayProbe.Budget] conn=28300 queuedBits min=-66666 max=-63346 mean=-66215 notReadyFrames=0 outPackets=120 bytesPerPacket=518 lost=1
LogOGInputRelay: Warning: [RelayFlush] window owner=OGBrawlerUECharacter_2147482398 flushedRounds=9401 entries=17401 entriesPerRoundX100=185 suppressed=7999 stageOverflowDrops=1
LogOGRelayProbe: Warning: [Warning][RelayProbe.Frame] role=Server simTicks=121 frames=120 meanTicksPerFrameX100=100 p50=1 p99=1 max=2 meanFrameUs=16849
LogOGRelayProbe: Warning: [Warning][RelayProbe.Frame] role=Server cadence dFrame1=120 dFrame0=0 dFrameGt1=0 discont=0 numSteps total=121 max=2 gt1=1
LogOGRelayProbe: Warning: [Warning][RelayProbe.Budget] conn=28258 frames=120 elapsedMs=2022 netSpeedBps=250000 allowanceBytesPerTick=4166 outBytes=62331 bytesPerTick=519 occupancyPctX10=124
LogOGRelayProbe: Warning: [Warning][RelayProbe.Budget] conn=28258 queuedBits min=-66666 max=-63346 mean=-66318 notReadyFrames=0 outPackets=120 bytesPerPacket=519 lost=3
LogOGInputRelay: Warning: [RelayFlush] window owner=OGBrawlerUECharacter_2147482375 flushedRounds=9299 entries=17288 entriesPerRoundX100=185 suppressed=7981 stageOverflowDrops=0
LogOGNet: Warning: [Warning][InputStats] dropped 0 / 238 remote inputs = 0%
LogOGRelayProbe: Warning: [Warning][RelayProbe.Budget] conn=28300 frames=120 elapsedMs=2012 netSpeedBps=250000 allowanceBytesPerTick=4166 outBytes=61881 bytesPerTick=515 occupancyPctX10=123
LogOGRelayProbe: Warning: [Warning][RelayProbe.Budget] conn=28300 queuedBits min=-66666 max=-63728 mean=-66204 notReadyFrames=0 outPackets=120 bytesPerPacket=515 lost=2
LogOGInputRelay: Warning: [RelayFlush] window owner=OGBrawlerUECharacter_2147482398 flushedRounds=9466 entries=17521 entriesPerRoundX100=185 suppressed=8054 stageOverflowDrops=1
LogOGRelayProbe: Warning: [Warning][RelayProbe.Frame] role=Server simTicks=121 frames=120 meanTicksPerFrameX100=100 p50=1 p99=1 max=2 meanFrameUs=16730
LogOGRelayProbe: Warning: [Warning][RelayProbe.Frame] role=Server cadence dFrame1=120 dFrame0=0 dFrameGt1=0 discont=0 numSteps total=121 max=2 gt1=1
LogOGRelayProbe: Warning: [Warning][RelayProbe.Write] id=28281 runs=120 writes=228 observableWrites=228 captureSpan=228 receivedX1000=1000 observableX1000=1000 deliverableX1000=1000 replaceLatestObservableX1000=526
LogOGRelayProbe: Warning: [Warning][RelayProbe.Write] id=28281 writesPerFrame p50=2 p99=4 max=5 emptyFrames=110 nonConsecutive=0 missedCaptureTicks=0 captures=[18022,18249] discont=0
LogOGRelayProbe: Warning: [Warning][RelayProbe.Write] id=28322 runs=120 writes=220 observableWrites=220 captureSpan=220 receivedX1000=1000 observableX1000=1000 deliverableX1000=1000 replaceLatestObservableX1000=545
LogOGRelayProbe: Warning: [Warning][RelayProbe.Write] id=28322 writesPerFrame p50=2 p99=4 max=4 emptyFrames=99 nonConsecutive=0 missedCaptureTicks=0 captures=[18055,18274] discont=0
LogOGRelayProbe: Warning: [Warning][RelayProbe.Budget] conn=28258 frames=120 elapsedMs=2005 netSpeedBps=250000 allowanceBytesPerTick=4166 outBytes=61989 bytesPerTick=516 occupancyPctX10=123
LogOGRelayProbe: Warning: [Warning][RelayProbe.Budget] conn=28258 queuedBits min=-66666 max=-63296 mean=-66088 notReadyFrames=0 outPackets=120 bytesPerPacket=516 lost=0
LogOGInputRelay: Warning: [RelayFlush] window owner=OGBrawlerUECharacter_2147482375 flushedRounds=9366 entries=17407 entriesPerRoundX100=185 suppressed=8034 stageOverflowDrops=0
LogOGNet: Warning: [Warning][InputStats] dropped 0 / 238 remote inputs = 0%
LogOGRelayProbe: Warning: [Warning][RelayProbe.Budget] conn=28300 frames=120 elapsedMs=2011 netSpeedBps=250000 allowanceBytesPerTick=4166 outBytes=62180 bytesPerTick=518 occupancyPctX10=124
LogOGRelayProbe: Warning: [Warning][RelayProbe.Budget] conn=28300 queuedBits min=-66666 max=-63296 mean=-66174 notReadyFrames=0 outPackets=120 bytesPerPacket=518 lost=0
LogOGInputRelay: Warning: [RelayFlush] window owner=OGBrawlerUECharacter_2147482398 flushedRounds=9526 entries=17642 entriesPerRoundX100=185 suppressed=8114 stageOverflowDrops=1
LogOGRelayProbe: Warning: [Warning][RelayProbe.Frame] role=Server simTicks=120 frames=120 meanTicksPerFrameX100=100 p50=1 p99=1 max=1 meanFrameUs=16741
LogOGRelayProbe: Warning: [Warning][RelayProbe.Frame] role=Server cadence dFrame1=120 dFrame0=0 dFrameGt1=0 discont=0 numSteps total=120 max=1 gt1=0
LogOGRelayProbe: Warning: [Warning][RelayProbe.Budget] conn=28258 frames=120 elapsedMs=2001 netSpeedBps=250000 allowanceBytesPerTick=4166 outBytes=62236 bytesPerTick=518 occupancyPctX10=124
LogOGRelayProbe: Warning: [Warning][RelayProbe.Budget] conn=28258 queuedBits min=-66666 max=-62990 mean=-66014 notReadyFrames=0 outPackets=120 bytesPerPacket=518 lost=1
LogOGInputRelay: Warning: [RelayFlush] window owner=OGBrawlerUECharacter_2147482375 flushedRounds=9437 entries=17526 entriesPerRoundX100=185 suppressed=8083 stageOverflowDrops=0
LogOGNet: Warning: [Warning][InputStats] dropped 0 / 238 remote inputs = 0%
LogOGRelayProbe: Warning: [Warning][RelayProbe.Budget] conn=28300 frames=120 elapsedMs=2021 netSpeedBps=250000 allowanceBytesPerTick=4166 outBytes=62628 bytesPerTick=521 occupancyPctX10=125
LogOGRelayProbe: Warning: [Warning][RelayProbe.Budget] conn=28300 queuedBits min=-66666 max=-62990 mean=-66087 notReadyFrames=0 outPackets=121 bytesPerPacket=517 lost=0
LogOGInputRelay: Warning: [RelayFlush] window owner=OGBrawlerUECharacter_2147482398 flushedRounds=9591 entries=17762 entriesPerRoundX100=185 suppressed=8169 stageOverflowDrops=1
LogOGRelayProbe: Warning: [Warning][RelayProbe.Write] id=28281 runs=120 writes=229 observableWrites=229 captureSpan=229 receivedX1000=1000 observableX1000=1000 deliverableX1000=1000 replaceLatestObservableX1000=524
LogOGRelayProbe: Warning: [Warning][RelayProbe.Write] id=28281 writesPerFrame p50=2 p99=5 max=5 emptyFrames=106 nonConsecutive=0 missedCaptureTicks=0 captures=[18250,18478] discont=0
LogOGRelayProbe: Warning: [Warning][RelayProbe.Write] id=28322 runs=120 writes=205 observableWrites=205 captureSpan=205 receivedX1000=1000 observableX1000=1000 deliverableX1000=1000 replaceLatestObservableX1000=585
LogOGRelayProbe: Warning: [Warning][RelayProbe.Write] id=28322 writesPerFrame p50=1 p99=4 max=4 emptyFrames=84 nonConsecutive=0 missedCaptureTicks=0 captures=[18275,18479] discont=0
LogOGRelayProbe: Warning: [Warning][RelayProbe.Frame] role=Server simTicks=122 frames=121 meanTicksPerFrameX100=100 p50=1 p99=2 max=2 meanFrameUs=16764
LogOGRelayProbe: Warning: [Warning][RelayProbe.Frame] role=Server cadence dFrame1=119 dFrame0=0 dFrameGt1=1 discont=0 numSteps total=122 max=2 gt1=2
LogOGInputRelay: Warning: [RelayFlush] window owner=OGBrawlerUECharacter_2147482375 flushedRounds=9503 entries=17648 entriesPerRoundX100=185 suppressed=8137 stageOverflowDrops=0
LogOGRelayProbe: Warning: [Warning][RelayProbe.Budget] conn=28258 frames=120 elapsedMs=2035 netSpeedBps=250000 allowanceBytesPerTick=4166 outBytes=62587 bytesPerTick=521 occupancyPctX10=125
LogOGRelayProbe: Warning: [Warning][RelayProbe.Budget] conn=28258 queuedBits min=-66666 max=-63238 mean=-66210 notReadyFrames=0 outPackets=121 bytesPerPacket=517 lost=2
LogOGNet: Warning: [Warning][InputStats] dropped 0 / 238 remote inputs = 0%
LogOGRelayProbe: Warning: [Warning][RelayProbe.Budget] conn=28300 frames=120 elapsedMs=2024 netSpeedBps=250000 allowanceBytesPerTick=4166 outBytes=62286 bytesPerTick=519 occupancyPctX10=124
LogOGRelayProbe: Warning: [Warning][RelayProbe.Budget] conn=28300 queuedBits min=-66666 max=-63238 mean=-66183 notReadyFrames=0 outPackets=120 bytesPerPacket=519 lost=1
LogOGInputRelay: Warning: [RelayFlush] window owner=OGBrawlerUECharacter_2147482398 flushedRounds=9655 entries=17885 entriesPerRoundX100=185 suppressed=8225 stageOverflowDrops=1
LogOGRelayProbe: Warning: [Warning][RelayProbe.Frame] role=Server simTicks=121 frames=120 meanTicksPerFrameX100=100 p50=1 p99=1 max=2 meanFrameUs=16870
LogOGRelayProbe: Warning: [Warning][RelayProbe.Frame] role=Server cadence dFrame1=120 dFrame0=0 dFrameGt1=0 discont=0 numSteps total=121 max=2 gt1=1
LogOGInputRelay: Warning: [RelayFlush] window owner=OGBrawlerUECharacter_2147482375 flushedRounds=9573 entries=17770 entriesPerRoundX100=185 suppressed=8187 stageOverflowDrops=0
LogOGRelayProbe: Warning: [Warning][RelayProbe.Budget] conn=28258 frames=120 elapsedMs=2043 netSpeedBps=250000 allowanceBytesPerTick=4166 outBytes=62656 bytesPerTick=522 occupancyPctX10=125
LogOGRelayProbe: Warning: [Warning][RelayProbe.Budget] conn=28258 queuedBits min=-66666 max=-63356 mean=-66335 notReadyFrames=0 outPackets=121 bytesPerPacket=517 lost=1
LogOGNet: Warning: [Warning][InputStats] dropped 0 / 238 remote inputs = 0%
LogOGRelayProbe: Warning: [Warning][RelayProbe.Write] id=28322 runs=120 writes=212 observableWrites=212 captureSpan=212 receivedX1000=1000 observableX1000=1000 deliverableX1000=1000 replaceLatestObservableX1000=566
LogOGRelayProbe: Warning: [Warning][RelayProbe.Write] id=28322 writesPerFrame p50=2 p99=4 max=5 emptyFrames=89 nonConsecutive=0 missedCaptureTicks=0 captures=[18480,18691] discont=0
LogOGRelayProbe: Warning: [Warning][RelayProbe.Write] id=28281 runs=120 writes=226 observableWrites=226 captureSpan=226 receivedX1000=1000 observableX1000=1000 deliverableX1000=1000 replaceLatestObservableX1000=530
LogOGRelayProbe: Warning: [Warning][RelayProbe.Write] id=28281 writesPerFrame p50=2 p99=4 max=4 emptyFrames=104 nonConsecutive=0 missedCaptureTicks=0 captures=[18479,18704] discont=0
LogOGInputRelay: Warning: [RelayFlush] window owner=OGBrawlerUECharacter_2147482398 flushedRounds=9721 entries=18005 entriesPerRoundX100=185 suppressed=8279 stageOverflowDrops=1
LogOGRelayProbe: Warning: [Warning][RelayProbe.Budget] conn=28300 frames=120 elapsedMs=2031 netSpeedBps=250000 allowanceBytesPerTick=4166 outBytes=62431 bytesPerTick=520 occupancyPctX10=124
LogOGRelayProbe: Warning: [Warning][RelayProbe.Budget] conn=28300 queuedBits min=-66666 max=-63320 mean=-66256 notReadyFrames=0 outPackets=121 bytesPerPacket=515 lost=1
LogOGRelayProbe: Warning: [Warning][RelayProbe.Frame] role=Server simTicks=122 frames=121 meanTicksPerFrameX100=100 p50=1 p99=2 max=2 meanFrameUs=16718
LogOGRelayProbe: Warning: [Warning][RelayProbe.Frame] role=Server cadence dFrame1=119 dFrame0=0 dFrameGt1=1 discont=0 numSteps total=122 max=2 gt1=2
LogOGInputRelay: Warning: [RelayFlush] window owner=OGBrawlerUECharacter_2147482375 flushedRounds=9644 entries=17889 entriesPerRoundX100=185 suppressed=8236 stageOverflowDrops=0
LogOGRelayProbe: Warning: [Warning][RelayProbe.Budget] conn=28258 frames=120 elapsedMs=2000 netSpeedBps=250000 allowanceBytesPerTick=4166 outBytes=62040 bytesPerTick=517 occupancyPctX10=124
LogOGRelayProbe: Warning: [Warning][RelayProbe.Budget] conn=28258 queuedBits min=-66666 max=-63320 mean=-66053 notReadyFrames=0 outPackets=120 bytesPerPacket=517 lost=0
LogOGNet: Warning: [Warning][InputStats] dropped 0 / 238 remote inputs = 0%
LogOGInputRelay: Warning: [RelayFlush] window owner=OGBrawlerUECharacter_2147482398 flushedRounds=9785 entries=18124 entriesPerRoundX100=185 suppressed=8335 stageOverflowDrops=1
LogOGRelayProbe: Warning: [Warning][RelayProbe.Budget] conn=28300 frames=120 elapsedMs=2003 netSpeedBps=250000 allowanceBytesPerTick=4166 outBytes=61945 bytesPerTick=516 occupancyPctX10=123
LogOGRelayProbe: Warning: [Warning][RelayProbe.Budget] conn=28300 queuedBits min=-66666 max=-63396 mean=-66061 notReadyFrames=0 outPackets=120 bytesPerPacket=516 lost=0
LogOGRelayProbe: Warning: [Warning][RelayProbe.Frame] role=Server simTicks=120 frames=120 meanTicksPerFrameX100=100 p50=1 p99=1 max=1 meanFrameUs=16711
LogOGRelayProbe: Warning: [Warning][RelayProbe.Frame] role=Server cadence dFrame1=120 dFrame0=0 dFrameGt1=0 discont=0 numSteps total=120 max=1 gt1=0
LogOGInputRelay: Warning: [RelayFlush] window owner=OGBrawlerUECharacter_2147482375 flushedRounds=9706 entries=18008 entriesPerRoundX100=185 suppressed=8294 stageOverflowDrops=0
LogOGRelayProbe: Warning: [Warning][RelayProbe.Budget] conn=28258 frames=120 elapsedMs=2001 netSpeedBps=250000 allowanceBytesPerTick=4166 outBytes=62188 bytesPerTick=518 occupancyPctX10=124
LogOGRelayProbe: Warning: [Warning][RelayProbe.Budget] conn=28258 queuedBits min=-66666 max=-63366 mean=-66061 notReadyFrames=0 outPackets=120 bytesPerPacket=518 lost=2
LogOGRelayProbe: Warning: [Warning][RelayProbe.Write] id=28322 runs=120 writes=221 observableWrites=221 captureSpan=221 receivedX1000=1000 observableX1000=1000 deliverableX1000=1000 replaceLatestObservableX1000=542
LogOGRelayProbe: Warning: [Warning][RelayProbe.Write] id=28322 writesPerFrame p50=2 p99=4 max=5 emptyFrames=103 nonConsecutive=0 missedCaptureTicks=0 captures=[18692,18912] discont=0
LogOGNet: Warning: [Warning][InputStats] dropped 0 / 238 remote inputs = 0%
LogOGRelayProbe: Warning: [Warning][RelayProbe.Write] id=28281 runs=120 writes=222 observableWrites=222 captureSpan=222 receivedX1000=1000 observableX1000=1000 deliverableX1000=1000 replaceLatestObservableX1000=540
LogOGRelayProbe: Warning: [Warning][RelayProbe.Write] id=28281 writesPerFrame p50=2 p99=4 max=4 emptyFrames=102 nonConsecutive=0 missedCaptureTicks=0 captures=[18705,18926] discont=0
LogOGInputRelay: Warning: [RelayFlush] window owner=OGBrawlerUECharacter_2147482398 flushedRounds=9852 entries=18245 entriesPerRoundX100=185 suppressed=8388 stageOverflowDrops=1
LogOGRelayProbe: Warning: [Warning][RelayProbe.Budget] conn=28300 frames=120 elapsedMs=2006 netSpeedBps=250000 allowanceBytesPerTick=4166 outBytes=62110 bytesPerTick=517 occupancyPctX10=124
LogOGRelayProbe: Warning: [Warning][RelayProbe.Budget] conn=28300 queuedBits min=-66666 max=-63366 mean=-66163 notReadyFrames=0 outPackets=120 bytesPerPacket=517 lost=2
LogOGRelayProbe: Warning: [Warning][RelayProbe.Frame] role=Server simTicks=121 frames=120 meanTicksPerFrameX100=100 p50=1 p99=1 max=2 meanFrameUs=16719
LogOGRelayProbe: Warning: [Warning][RelayProbe.Frame] role=Server cadence dFrame1=120 dFrame0=0 dFrameGt1=0 discont=0 numSteps total=121 max=2 gt1=1
LogOGInputRelay: Warning: [RelayFlush] window owner=OGBrawlerUECharacter_2147482375 flushedRounds=9770 entries=18129 entriesPerRoundX100=185 suppressed=8350 stageOverflowDrops=0
LogOGRelayProbe: Warning: [Warning][RelayProbe.Budget] conn=28258 frames=120 elapsedMs=2019 netSpeedBps=250000 allowanceBytesPerTick=4166 outBytes=62590 bytesPerTick=521 occupancyPctX10=125
LogOGRelayProbe: Warning: [Warning][RelayProbe.Budget] conn=28258 queuedBits min=-66666 max=-62820 mean=-66050 notReadyFrames=0 outPackets=121 bytesPerPacket=517 lost=1
LogOGNet: Warning: [Warning][InputStats] dropped 0 / 238 remote inputs = 0%
LogOGInputRelay: Warning: [RelayFlush] window owner=OGBrawlerUECharacter_2147482398 flushedRounds=9918 entries=18363 entriesPerRoundX100=185 suppressed=8442 stageOverflowDrops=1
LogOGRelayProbe: Warning: [Warning][RelayProbe.Budget] conn=28300 frames=120 elapsedMs=2004 netSpeedBps=250000 allowanceBytesPerTick=4166 outBytes=62427 bytesPerTick=520 occupancyPctX10=124
LogOGRelayProbe: Warning: [Warning][RelayProbe.Budget] conn=28300 queuedBits min=-66666 max=-62820 mean=-65723 notReadyFrames=0 outPackets=121 bytesPerPacket=515 lost=0
LogOGRelayProbe: Warning: [Warning][RelayProbe.Frame] role=Server simTicks=120 frames=121 meanTicksPerFrameX100=99 p50=1 p99=1 max=1 meanFrameUs=16546
LogOGRelayProbe: Warning: [Warning][RelayProbe.Frame] role=Server cadence dFrame1=119 dFrame0=0 dFrameGt1=1 discont=0 numSteps total=120 max=1 gt1=0
LogOGInputRelay: Warning: [RelayFlush] window owner=OGBrawlerUECharacter_2147482375 flushedRounds=9836 entries=18249 entriesPerRoundX100=185 suppressed=8404 stageOverflowDrops=0
LogOGRelayProbe: Warning: [Warning][RelayProbe.Budget] conn=28258 frames=120 elapsedMs=1991 netSpeedBps=250000 allowanceBytesPerTick=4166 outBytes=62033 bytesPerTick=516 occupancyPctX10=123
LogOGRelayProbe: Warning: [Warning][RelayProbe.Budget] conn=28258 queuedBits min=-66666 max=-63124 mean=-65725 notReadyFrames=0 outPackets=120 bytesPerPacket=516 lost=0
LogOGRelayProbe: Warning: [Warning][RelayProbe.Write] id=28322 runs=120 writes=220 observableWrites=220 captureSpan=220 receivedX1000=1000 observableX1000=1000 deliverableX1000=1000 replaceLatestObservableX1000=545
LogOGRelayProbe: Warning: [Warning][RelayProbe.Write] id=28322 writesPerFrame p50=2 p99=4 max=4 emptyFrames=98 nonConsecutive=0 missedCaptureTicks=0 captures=[18913,19132] discont=0
LogOGRelayProbe: Warning: [Warning][RelayProbe.Write] id=28281 runs=120 writes=230 observableWrites=230 captureSpan=230 receivedX1000=1000 observableX1000=1000 deliverableX1000=1000 replaceLatestObservableX1000=521
LogOGRelayProbe: Warning: [Warning][RelayProbe.Write] id=28281 writesPerFrame p50=2 p99=4 max=4 emptyFrames=110 nonConsecutive=0 missedCaptureTicks=0 captures=[18927,19156] discont=0
LogOGNet: Warning: [Warning][InputStats] dropped 0 / 238 remote inputs = 0%
LogOGInputRelay: Warning: [RelayFlush] window owner=OGBrawlerUECharacter_2147482398 flushedRounds=9977 entries=18486 entriesPerRoundX100=185 suppressed=8503 stageOverflowDrops=1
LogOGRelayProbe: Warning: [Warning][RelayProbe.Budget] conn=28300 frames=120 elapsedMs=1998 netSpeedBps=250000 allowanceBytesPerTick=4166 outBytes=62031 bytesPerTick=516 occupancyPctX10=123
LogOGRelayProbe: Warning: [Warning][RelayProbe.Budget] conn=28300 queuedBits min=-66666 max=-63366 mean=-65815 notReadyFrames=0 outPackets=120 bytesPerPacket=516 lost=2
LogOGRelayProbe: Warning: [Warning][RelayProbe.Frame] role=Server simTicks=120 frames=120 meanTicksPerFrameX100=100 p50=1 p99=1 max=1 meanFrameUs=16646
LogOGRelayProbe: Warning: [Warning][RelayProbe.Frame] role=Server cadence dFrame1=120 dFrame0=0 dFrameGt1=0 discont=0 numSteps total=120 max=1 gt1=0
LogOGInputRelay: Warning: [RelayFlush] window owner=OGBrawlerUECharacter_2147482375 flushedRounds=9900 entries=18369 entriesPerRoundX100=185 suppressed=8460 stageOverflowDrops=0
LogOGRelayProbe: Warning: [Warning][RelayProbe.Budget] conn=28258 frames=120 elapsedMs=2023 netSpeedBps=250000 allowanceBytesPerTick=4166 outBytes=62770 bytesPerTick=523 occupancyPctX10=125
LogOGRelayProbe: Warning: [Warning][RelayProbe.Budget] conn=28258 queuedBits min=-66666 max=-62928 mean=-65712 notReadyFrames=0 outPackets=122 bytesPerPacket=514 lost=3
LogOGNet: Warning: [Warning][InputStats] dropped 0 / 238 remote inputs = 0%
LogOGInputRelay: Warning: [RelayFlush] window owner=OGBrawlerUECharacter_2147482398 flushedRounds=10037 entries=18603 entriesPerRoundX100=185 suppressed=8563 stageOverflowDrops=1
LogOGRelayProbe: Warning: [Warning][RelayProbe.Budget] conn=28300 frames=120 elapsedMs=2016 netSpeedBps=250000 allowanceBytesPerTick=4166 outBytes=62762 bytesPerTick=523 occupancyPctX10=125
LogOGRelayProbe: Warning: [Warning][RelayProbe.Budget] conn=28300 queuedBits min=-66666 max=-62928 mean=-65643 notReadyFrames=0 outPackets=122 bytesPerPacket=514 lost=1
LogOGRelayProbe: Warning: [Warning][RelayProbe.Frame] role=Server simTicks=121 frames=122 meanTicksPerFrameX100=99 p50=1 p99=1 max=1 meanFrameUs=16523
LogOGRelayProbe: Warning: [Warning][RelayProbe.Frame] role=Server cadence dFrame1=118 dFrame0=0 dFrameGt1=2 discont=0 numSteps total=121 max=2 gt1=1
LogOGRelayProbe: Warning: [Warning][RelayProbe.Write] id=28322 runs=120 writes=223 observableWrites=223 captureSpan=223 receivedX1000=1000 observableX1000=1000 deliverableX1000=1000 replaceLatestObservableX1000=538
LogOGRelayProbe: Warning: [Warning][RelayProbe.Write] id=28322 writesPerFrame p50=2 p99=4 max=4 emptyFrames=106 nonConsecutive=0 missedCaptureTicks=0 captures=[19133,19355] discont=0
LogOGInputRelay: Warning: [RelayFlush] window owner=OGBrawlerUECharacter_2147482375 flushedRounds=9965 entries=18488 entriesPerRoundX100=185 suppressed=8515 stageOverflowDrops=0
LogOGRelayProbe: Warning: [Warning][RelayProbe.Budget] conn=28258 frames=120 elapsedMs=2012 netSpeedBps=250000 allowanceBytesPerTick=4166 outBytes=62871 bytesPerTick=523 occupancyPctX10=125
LogOGRelayProbe: Warning: [Warning][RelayProbe.Budget] conn=28258 queuedBits min=-66666 max=-63130 mean=-65623 notReadyFrames=0 outPackets=122 bytesPerPacket=515 lost=1
LogOGRelayProbe: Warning: [Warning][RelayProbe.Write] id=28281 runs=120 writes=227 observableWrites=227 captureSpan=227 receivedX1000=1000 observableX1000=1000 deliverableX1000=1000 replaceLatestObservableX1000=528
LogOGRelayProbe: Warning: [Warning][RelayProbe.Write] id=28281 writesPerFrame p50=2 p99=4 max=4 emptyFrames=109 nonConsecutive=0 missedCaptureTicks=0 captures=[19157,19383] discont=0
LogOGNet: Warning: [Warning][InputStats] dropped 0 / 238 remote inputs = 0%
LogOGInputRelay: Warning: [RelayFlush] window owner=OGBrawlerUECharacter_2147482398 flushedRounds=10104 entries=18722 entriesPerRoundX100=185 suppressed=8616 stageOverflowDrops=1
LogOGRelayProbe: Warning: [Warning][RelayProbe.Budget] conn=28300 frames=120 elapsedMs=2012 netSpeedBps=250000 allowanceBytesPerTick=4166 outBytes=62896 bytesPerTick=524 occupancyPctX10=125
LogOGRelayProbe: Warning: [Warning][RelayProbe.Budget] conn=28300 queuedBits min=-66666 max=-63220 mean=-65557 notReadyFrames=0 outPackets=122 bytesPerPacket=515 lost=0
LogOGRelayProbe: Warning: [Warning][RelayProbe.Frame] role=Server simTicks=122 frames=124 meanTicksPerFrameX100=98 p50=1 p99=1 max=2 meanFrameUs=16514
LogOGRelayProbe: Warning: [Warning][RelayProbe.Frame] role=Server cadence dFrame1=116 dFrame0=0 dFrameGt1=4 discont=0 numSteps total=122 max=2 gt1=2
LogOGInputRelay: Warning: [RelayFlush] window owner=OGBrawlerUECharacter_2147482375 flushedRounds=10030 entries=18608 entriesPerRoundX100=185 suppressed=8570 stageOverflowDrops=0
LogOGRelayProbe: Warning: [Warning][RelayProbe.Budget] conn=28258 frames=120 elapsedMs=2023 netSpeedBps=250000 allowanceBytesPerTick=4166 outBytes=62689 bytesPerTick=522 occupancyPctX10=125
LogOGRelayProbe: Warning: [Warning][RelayProbe.Budget] conn=28258 queuedBits min=-66666 max=-63160 mean=-65717 notReadyFrames=0 outPackets=122 bytesPerPacket=513 lost=1
LogOGNet: Warning: [Warning][InputStats] dropped 0 / 238 remote inputs = 0%
LogOGInputRelay: Warning: [RelayFlush] window owner=OGBrawlerUECharacter_2147482398 flushedRounds=10174 entries=18842 entriesPerRoundX100=185 suppressed=8666 stageOverflowDrops=1
LogOGRelayProbe: Warning: [Warning][RelayProbe.Budget] conn=28300 frames=120 elapsedMs=2027 netSpeedBps=250000 allowanceBytesPerTick=4166 outBytes=62921 bytesPerTick=524 occupancyPctX10=125
LogOGRelayProbe: Warning: [Warning][RelayProbe.Budget] conn=28300 queuedBits min=-66666 max=-63160 mean=-65882 notReadyFrames=0 outPackets=122 bytesPerPacket=515 lost=1
LogOGRelayProbe: Warning: [Warning][RelayProbe.Frame] role=Server simTicks=120 frames=120 meanTicksPerFrameX100=100 p50=1 p99=1 max=1 meanFrameUs=16614
LogOGRelayProbe: Warning: [Warning][RelayProbe.Frame] role=Server cadence dFrame1=120 dFrame0=0 dFrameGt1=0 discont=0 numSteps total=120 max=1 gt1=0
LogOGRelayProbe: Warning: [Warning][RelayProbe.Write] id=28322 runs=120 writes=225 observableWrites=225 captureSpan=225 receivedX1000=1000 observableX1000=1000 deliverableX1000=1000 replaceLatestObservableX1000=533
LogOGRelayProbe: Warning: [Warning][RelayProbe.Write] id=28322 writesPerFrame p50=2 p99=4 max=5 emptyFrames=106 nonConsecutive=0 missedCaptureTicks=0 captures=[19356,19580] discont=0
LogOGRelayProbe: Warning: [Warning][RelayProbe.Write] id=28281 runs=120 writes=209 observableWrites=209 captureSpan=209 receivedX1000=1000 observableX1000=1000 deliverableX1000=1000 replaceLatestObservableX1000=574
LogOGRelayProbe: Warning: [Warning][RelayProbe.Write] id=28281 writesPerFrame p50=2 p99=4 max=5 emptyFrames=90 nonConsecutive=0 missedCaptureTicks=0 captures=[19384,19592] discont=0
LogOGInputRelay: Warning: [RelayFlush] window owner=OGBrawlerUECharacter_2147482375 flushedRounds=10092 entries=18728 entriesPerRoundX100=185 suppressed=8628 stageOverflowDrops=0
LogOGRelayProbe: Warning: [Warning][RelayProbe.Budget] conn=28258 frames=120 elapsedMs=1991 netSpeedBps=250000 allowanceBytesPerTick=4166 outBytes=62083 bytesPerTick=517 occupancyPctX10=124
LogOGRelayProbe: Warning: [Warning][RelayProbe.Budget] conn=28258 queuedBits min=-66666 max=-62872 mean=-65782 notReadyFrames=0 outPackets=120 bytesPerPacket=517 lost=0
LogOGNet: Warning: [Warning][InputStats] dropped 0 / 238 remote inputs = 0%
LogOGInputRelay: Warning: [RelayFlush] window owner=OGBrawlerUECharacter_2147482398 flushedRounds=10236 entries=18961 entriesPerRoundX100=185 suppressed=8724 stageOverflowDrops=1
LogOGRelayProbe: Warning: [Warning][RelayProbe.Budget] conn=28300 frames=120 elapsedMs=1994 netSpeedBps=250000 allowanceBytesPerTick=4166 outBytes=62079 bytesPerTick=517 occupancyPctX10=124
LogOGRelayProbe: Warning: [Warning][RelayProbe.Budget] conn=28300 queuedBits min=-66666 max=-62872 mean=-65794 notReadyFrames=0 outPackets=120 bytesPerPacket=517 lost=1
LogOGRelayProbe: Warning: [Warning][RelayProbe.Frame] role=Server simTicks=120 frames=120 meanTicksPerFrameX100=100 p50=1 p99=1 max=1 meanFrameUs=16601
LogOGRelayProbe: Warning: [Warning][RelayProbe.Frame] role=Server cadence dFrame1=120 dFrame0=0 dFrameGt1=0 discont=0 numSteps total=120 max=1 gt1=0
LogOGInputRelay: Warning: [RelayFlush] window owner=OGBrawlerUECharacter_2147482375 flushedRounds=10155 entries=18847 entriesPerRoundX100=185 suppressed=8685 stageOverflowDrops=0
LogOGRelayProbe: Warning: [Warning][RelayProbe.Budget] conn=28258 frames=120 elapsedMs=2012 netSpeedBps=250000 allowanceBytesPerTick=4166 outBytes=62358 bytesPerTick=519 occupancyPctX10=124
LogOGRelayProbe: Warning: [Warning][RelayProbe.Budget] conn=28258 queuedBits min=-66666 max=-62962 mean=-65849 notReadyFrames=0 outPackets=121 bytesPerPacket=515 lost=1
LogOGNet: Warning: [Warning][InputStats] dropped 0 / 238 remote inputs = 0%
LogOGInputRelay: Warning: [RelayFlush] window owner=OGBrawlerUECharacter_2147482398 flushedRounds=10297 entries=19081 entriesPerRoundX100=185 suppressed=8783 stageOverflowDrops=1
LogOGRelayProbe: Warning: [Warning][RelayProbe.Budget] conn=28300 frames=120 elapsedMs=2041 netSpeedBps=250000 allowanceBytesPerTick=4166 outBytes=63214 bytesPerTick=526 occupancyPctX10=126
LogOGRelayProbe: Warning: [Warning][RelayProbe.Budget] conn=28300 queuedBits min=-66666 max=-62962 mean=-65816 notReadyFrames=0 outPackets=123 bytesPerPacket=513 lost=6
LogOGRelayProbe: Warning: [Warning][RelayProbe.Frame] role=Server simTicks=122 frames=123 meanTicksPerFrameX100=99 p50=1 p99=2 max=2 meanFrameUs=16633
LogOGRelayProbe: Warning: [Warning][RelayProbe.Frame] role=Server cadence dFrame1=117 dFrame0=0 dFrameGt1=3 discont=0 numSteps total=122 max=2 gt1=2
LogOGRelayProbe: Warning: [Warning][RelayProbe.Write] id=28322 runs=120 writes=238 observableWrites=238 captureSpan=238 receivedX1000=1000 observableX1000=1000 deliverableX1000=1000 replaceLatestObservableX1000=504
LogOGRelayProbe: Warning: [Warning][RelayProbe.Write] id=28322 writesPerFrame p50=2 p99=4 max=5 emptyFrames=119 nonConsecutive=0 missedCaptureTicks=0 captures=[19581,19818] discont=0
LogOGRelayProbe: Warning: [Warning][RelayProbe.Write] id=28281 runs=120 writes=235 observableWrites=235 captureSpan=235 receivedX1000=1000 observableX1000=1000 deliverableX1000=1000 replaceLatestObservableX1000=510
LogOGRelayProbe: Warning: [Warning][RelayProbe.Write] id=28281 writesPerFrame p50=2 p99=4 max=4 emptyFrames=117 nonConsecutive=0 missedCaptureTicks=0 captures=[19593,19827] discont=0
LogOGInputRelay: Warning: [RelayFlush] window owner=OGBrawlerUECharacter_2147482375 flushedRounds=10213 entries=18966 entriesPerRoundX100=185 suppressed=8747 stageOverflowDrops=0
LogOGRelayProbe: Warning: [Warning][RelayProbe.Budget] conn=28258 frames=120 elapsedMs=2020 netSpeedBps=250000 allowanceBytesPerTick=4166 outBytes=62862 bytesPerTick=523 occupancyPctX10=125
LogOGRelayProbe: Warning: [Warning][RelayProbe.Budget] conn=28258 queuedBits min=-66666 max=-62968 mean=-65718 notReadyFrames=0 outPackets=122 bytesPerPacket=515 lost=1
LogOGNet: Warning: [Warning][InputStats] dropped 0 / 238 remote inputs = 0%
LogOGInputRelay: Warning: [RelayFlush] window owner=OGBrawlerUECharacter_2147482398 flushedRounds=10357 entries=19201 entriesPerRoundX100=185 suppressed=8843 stageOverflowDrops=1
LogOGRelayProbe: Warning: [Warning][RelayProbe.Budget] conn=28300 frames=120 elapsedMs=1998 netSpeedBps=250000 allowanceBytesPerTick=4166 outBytes=62358 bytesPerTick=519 occupancyPctX10=124
LogOGRelayProbe: Warning: [Warning][RelayProbe.Budget] conn=28300 queuedBits min=-66666 max=-62968 mean=-65592 notReadyFrames=0 outPackets=121 bytesPerPacket=515 lost=1
LogOGRelayProbe: Warning: [Warning][RelayProbe.Frame] role=Server simTicks=120 frames=121 meanTicksPerFrameX100=99 p50=1 p99=1 max=1 meanFrameUs=16514
LogOGRelayProbe: Warning: [Warning][RelayProbe.Frame] role=Server cadence dFrame1=119 dFrame0=0 dFrameGt1=1 discont=0 numSteps total=120 max=1 gt1=0
LogOGInputRelay: Warning: [RelayFlush] window owner=OGBrawlerUECharacter_2147482375 flushedRounds=10273 entries=19084 entriesPerRoundX100=185 suppressed=8807 stageOverflowDrops=0
LogOGRelayProbe: Warning: [Warning][RelayProbe.Budget] conn=28258 frames=120 elapsedMs=2007 netSpeedBps=250000 allowanceBytesPerTick=4166 outBytes=62344 bytesPerTick=519 occupancyPctX10=124
LogOGRelayProbe: Warning: [Warning][RelayProbe.Budget] conn=28258 queuedBits min=-66666 max=-63114 mean=-65862 notReadyFrames=0 outPackets=121 bytesPerPacket=515 lost=2
LogOGNet: Warning: [Warning][InputStats] dropped 0 / 238 remote inputs = 0%
LogOGInputRelay: Warning: [RelayFlush] window owner=OGBrawlerUECharacter_2147482398 flushedRounds=10426 entries=19320 entriesPerRoundX100=185 suppressed=8894 stageOverflowDrops=1
LogOGRelayProbe: Warning: [Warning][RelayProbe.Budget] conn=28300 frames=120 elapsedMs=1997 netSpeedBps=250000 allowanceBytesPerTick=4166 outBytes=62250 bytesPerTick=518 occupancyPctX10=124
LogOGRelayProbe: Warning: [Warning][RelayProbe.Budget] conn=28300 queuedBits min=-66666 max=-63298 mean=-65972 notReadyFrames=0 outPackets=120 bytesPerPacket=518 lost=2
LogOGRelayProbe: Warning: [Warning][RelayProbe.Write] id=28281 runs=120 writes=220 observableWrites=220 captureSpan=220 receivedX1000=1000 observableX1000=1000 deliverableX1000=1000 replaceLatestObservableX1000=545
LogOGRelayProbe: Warning: [Warning][RelayProbe.Write] id=28281 writesPerFrame p50=2 p99=4 max=5 emptyFrames=101 nonConsecutive=0 missedCaptureTicks=0 captures=[19828,20047] discont=0
LogOGRelayProbe: Warning: [Warning][RelayProbe.Frame] role=Server simTicks=120 frames=120 meanTicksPerFrameX100=100 p50=1 p99=1 max=1 meanFrameUs=16642
LogOGRelayProbe: Warning: [Warning][RelayProbe.Frame] role=Server cadence dFrame1=120 dFrame0=0 dFrameGt1=0 discont=0 numSteps total=120 max=1 gt1=0
LogOGRelayProbe: Warning: [Warning][RelayProbe.Write] id=28322 runs=120 writes=232 observableWrites=232 captureSpan=232 receivedX1000=1000 observableX1000=1000 deliverableX1000=1000 replaceLatestObservableX1000=517
LogOGRelayProbe: Warning: [Warning][RelayProbe.Write] id=28322 writesPerFrame p50=2 p99=4 max=4 emptyFrames=114 nonConsecutive=0 missedCaptureTicks=0 captures=[19819,20050] discont=0
LogOGInputRelay: Warning: [RelayFlush] window owner=OGBrawlerUECharacter_2147482375 flushedRounds=10338 entries=19205 entriesPerRoundX100=185 suppressed=8862 stageOverflowDrops=0
LogOGRelayProbe: Warning: [Warning][RelayProbe.Budget] conn=28258 frames=120 elapsedMs=1993 netSpeedBps=250000 allowanceBytesPerTick=4166 outBytes=62120 bytesPerTick=517 occupancyPctX10=124
LogOGRelayProbe: Warning: [Warning][RelayProbe.Budget] conn=28258 queuedBits min=-66666 max=-63298 mean=-65828 notReadyFrames=0 outPackets=120 bytesPerPacket=517 lost=0
LogOGNet: Warning: [Warning][InputStats] dropped 0 / 238 remote inputs = 0%
LogOGInputRelay: Warning: [RelayFlush] window owner=OGBrawlerUECharacter_2147482398 flushedRounds=10487 entries=19438 entriesPerRoundX100=185 suppressed=8953 stageOverflowDrops=1
LogOGRelayProbe: Warning: [Warning][RelayProbe.Budget] conn=28300 frames=120 elapsedMs=1994 netSpeedBps=250000 allowanceBytesPerTick=4166 outBytes=61821 bytesPerTick=515 occupancyPctX10=123
LogOGRelayProbe: Warning: [Warning][RelayProbe.Budget] conn=28300 queuedBits min=-66666 max=-63734 mean=-65854 notReadyFrames=0 outPackets=120 bytesPerPacket=515 lost=1
LogOGRelayProbe: Warning: [Warning][RelayProbe.Frame] role=Server simTicks=120 frames=120 meanTicksPerFrameX100=100 p50=1 p99=1 max=1 meanFrameUs=16662
LogOGRelayProbe: Warning: [Warning][RelayProbe.Frame] role=Server cadence dFrame1=120 dFrame0=0 dFrameGt1=0 discont=0 numSteps total=120 max=1 gt1=0
LogOGInputRelay: Warning: [RelayFlush] window owner=OGBrawlerUECharacter_2147482375 flushedRounds=10395 entries=19324 entriesPerRoundX100=185 suppressed=8925 stageOverflowDrops=0
LogOGRelayProbe: Warning: [Warning][RelayProbe.Budget] conn=28258 frames=120 elapsedMs=1998 netSpeedBps=250000 allowanceBytesPerTick=4166 outBytes=61959 bytesPerTick=516 occupancyPctX10=123
LogOGRelayProbe: Warning: [Warning][RelayProbe.Budget] conn=28258 queuedBits min=-66666 max=-63796 mean=-65897 notReadyFrames=0 outPackets=120 bytesPerPacket=516 lost=1
LogOGNet: Warning: [Warning][InputStats] dropped 0 / 238 remote inputs = 0%
LogOGInputRelay: Warning: [RelayFlush] window owner=OGBrawlerUECharacter_2147482398 flushedRounds=10555 entries=19560 entriesPerRoundX100=185 suppressed=9005 stageOverflowDrops=1
LogOGRelayProbe: Warning: [Warning][RelayProbe.Write] id=28281 runs=120 writes=222 observableWrites=222 captureSpan=222 receivedX1000=1000 observableX1000=1000 deliverableX1000=1000 replaceLatestObservableX1000=540
LogOGRelayProbe: Warning: [Warning][RelayProbe.Write] id=28281 writesPerFrame p50=2 p99=4 max=4 emptyFrames=101 nonConsecutive=0 missedCaptureTicks=0 captures=[20048,20269] discont=0
LogOGRelayProbe: Warning: [Warning][RelayProbe.Budget] conn=28300 frames=120 elapsedMs=2012 netSpeedBps=250000 allowanceBytesPerTick=4166 outBytes=62531 bytesPerTick=521 occupancyPctX10=125
LogOGRelayProbe: Warning: [Warning][RelayProbe.Budget] conn=28300 queuedBits min=-66666 max=-63912 mean=-65875 notReadyFrames=0 outPackets=121 bytesPerPacket=516 lost=0
LogOGRelayProbe: Warning: [Warning][RelayProbe.Write] id=28322 runs=120 writes=236 observableWrites=236 captureSpan=236 receivedX1000=1000 observableX1000=1000 deliverableX1000=1000 replaceLatestObservableX1000=508
LogOGRelayProbe: Warning: [Warning][RelayProbe.Write] id=28322 writesPerFrame p50=2 p99=5 max=5 emptyFrames=116 nonConsecutive=0 missedCaptureTicks=0 captures=[20051,20286] discont=0
LogOGRelayProbe: Warning: [Warning][RelayProbe.Frame] role=Server simTicks=122 frames=122 meanTicksPerFrameX100=100 p50=1 p99=2 max=2 meanFrameUs=16617
LogOGRelayProbe: Warning: [Warning][RelayProbe.Frame] role=Server cadence dFrame1=118 dFrame0=0 dFrameGt1=2 discont=0 numSteps total=122 max=2 gt1=2
LogOGInputRelay: Warning: [RelayFlush] window owner=OGBrawlerUECharacter_2147482375 flushedRounds=10459 entries=19445 entriesPerRoundX100=185 suppressed=8981 stageOverflowDrops=0
LogOGRelayProbe: Warning: [Warning][RelayProbe.Budget] conn=28258 frames=120 elapsedMs=2044 netSpeedBps=250000 allowanceBytesPerTick=4166 outBytes=63367 bytesPerTick=528 occupancyPctX10=126
LogOGRelayProbe: Warning: [Warning][RelayProbe.Budget] conn=28258 queuedBits min=-66666 max=-62730 mean=-65865 notReadyFrames=0 outPackets=123 bytesPerPacket=515 lost=3
LogOGNet: Warning: [Warning][InputStats] dropped 0 / 238 remote inputs = 0%
LogOGInputRelay: Warning: [RelayFlush] window owner=OGBrawlerUECharacter_2147482398 flushedRounds=10619 entries=19679 entriesPerRoundX100=185 suppressed=9061 stageOverflowDrops=1
LogOGRelayProbe: Warning: [Warning][RelayProbe.Budget] conn=28300 frames=120 elapsedMs=2028 netSpeedBps=250000 allowanceBytesPerTick=4166 outBytes=62887 bytesPerTick=524 occupancyPctX10=125
LogOGRelayProbe: Warning: [Warning][RelayProbe.Budget] conn=28300 queuedBits min=-66666 max=-62730 mean=-65963 notReadyFrames=0 outPackets=122 bytesPerPacket=515 lost=1
LogOGRelayProbe: Warning: [Warning][RelayProbe.Frame] role=Server simTicks=120 frames=121 meanTicksPerFrameX100=99 p50=1 p99=1 max=1 meanFrameUs=16603
LogOGRelayProbe: Warning: [Warning][RelayProbe.Frame] role=Server cadence dFrame1=119 dFrame0=0 dFrameGt1=1 discont=0 numSteps total=120 max=1 gt1=0
LogOGInputRelay: Warning: [RelayFlush] window owner=OGBrawlerUECharacter_2147482375 flushedRounds=10519 entries=19563 entriesPerRoundX100=185 suppressed=9041 stageOverflowDrops=0
LogOGRelayProbe: Warning: [Warning][RelayProbe.Budget] conn=28258 frames=120 elapsedMs=2000 netSpeedBps=250000 allowanceBytesPerTick=4166 outBytes=62089 bytesPerTick=517 occupancyPctX10=124
LogOGRelayProbe: Warning: [Warning][RelayProbe.Budget] conn=28258 queuedBits min=-66666 max=-63762 mean=-66100 notReadyFrames=0 outPackets=120 bytesPerPacket=517 lost=1
LogOGNet: Warning: [Warning][InputStats] dropped 0 / 238 remote inputs = 0%
LogOGRelayProbe: Warning: [Warning][RelayProbe.Write] id=28281 runs=120 writes=225 observableWrites=225 captureSpan=225 receivedX1000=1000 observableX1000=1000 deliverableX1000=1000 replaceLatestObservableX1000=533
LogOGRelayProbe: Warning: [Warning][RelayProbe.Write] id=28281 writesPerFrame p50=2 p99=4 max=4 emptyFrames=105 nonConsecutive=0 missedCaptureTicks=0 captures=[20270,20494] discont=0
LogOGInputRelay: Warning: [RelayFlush] window owner=OGBrawlerUECharacter_2147482398 flushedRounds=10683 entries=19797 entriesPerRoundX100=185 suppressed=9117 stageOverflowDrops=1
LogOGRelayProbe: Warning: [Warning][RelayProbe.Write] id=28322 runs=120 writes=226 observableWrites=226 captureSpan=226 receivedX1000=1000 observableX1000=1000 deliverableX1000=1000 replaceLatestObservableX1000=530
LogOGRelayProbe: Warning: [Warning][RelayProbe.Write] id=28322 writesPerFrame p50=2 p99=4 max=4 emptyFrames=105 nonConsecutive=0 missedCaptureTicks=0 captures=[20287,20512] discont=0
LogOGRelayProbe: Warning: [Warning][RelayProbe.Budget] conn=28300 frames=120 elapsedMs=1991 netSpeedBps=250000 allowanceBytesPerTick=4166 outBytes=62093 bytesPerTick=517 occupancyPctX10=124
LogOGRelayProbe: Warning: [Warning][RelayProbe.Budget] conn=28300 queuedBits min=-66666 max=-63156 mean=-65857 notReadyFrames=0 outPackets=120 bytesPerPacket=517 lost=1
LogOGRelayProbe: Warning: [Warning][RelayProbe.Frame] role=Server simTicks=120 frames=120 meanTicksPerFrameX100=100 p50=1 p99=1 max=1 meanFrameUs=16589
LogOGRelayProbe: Warning: [Warning][RelayProbe.Frame] role=Server cadence dFrame1=120 dFrame0=0 dFrameGt1=0 discont=0 numSteps total=120 max=1 gt1=0
LogOGInputRelay: Warning: [RelayFlush] window owner=OGBrawlerUECharacter_2147482375 flushedRounds=10586 entries=19681 entriesPerRoundX100=185 suppressed=9094 stageOverflowDrops=0
LogOGRelayProbe: Warning: [Warning][RelayProbe.Budget] conn=28258 frames=120 elapsedMs=1989 netSpeedBps=250000 allowanceBytesPerTick=4166 outBytes=61825 bytesPerTick=515 occupancyPctX10=123
LogOGRelayProbe: Warning: [Warning][RelayProbe.Budget] conn=28258 queuedBits min=-66666 max=-63156 mean=-65719 notReadyFrames=0 outPackets=120 bytesPerPacket=515 lost=1
LogOGNet: Warning: [Warning][InputStats] dropped 0 / 238 remote inputs = 0%
LogOGInputRelay: Warning: [RelayFlush] window owner=OGBrawlerUECharacter_2147482398 flushedRounds=10743 entries=19918 entriesPerRoundX100=185 suppressed=9177 stageOverflowDrops=1
LogOGRelayProbe: Warning: [Warning][RelayProbe.Budget] conn=28300 frames=120 elapsedMs=2000 netSpeedBps=250000 allowanceBytesPerTick=4166 outBytes=61918 bytesPerTick=515 occupancyPctX10=123
LogOGRelayProbe: Warning: [Warning][RelayProbe.Budget] conn=28300 queuedBits min=-66666 max=-63134 mean=-65868 notReadyFrames=0 outPackets=120 bytesPerPacket=515 lost=2
LogOGRelayProbe: Warning: [Warning][RelayProbe.Frame] role=Server simTicks=120 frames=120 meanTicksPerFrameX100=100 p50=1 p99=1 max=1 meanFrameUs=16664
LogOGRelayProbe: Warning: [Warning][RelayProbe.Frame] role=Server cadence dFrame1=120 dFrame0=0 dFrameGt1=0 discont=0 numSteps total=120 max=1 gt1=0
LogOGInputRelay: Warning: [RelayFlush] window owner=OGBrawlerUECharacter_2147482375 flushedRounds=10650 entries=19804 entriesPerRoundX100=185 suppressed=9150 stageOverflowDrops=0
LogOGRelayProbe: Warning: [Warning][RelayProbe.Budget] conn=28258 frames=120 elapsedMs=2011 netSpeedBps=250000 allowanceBytesPerTick=4166 outBytes=62423 bytesPerTick=520 occupancyPctX10=124
LogOGRelayProbe: Warning: [Warning][RelayProbe.Budget] conn=28258 queuedBits min=-66666 max=-63134 mean=-65855 notReadyFrames=0 outPackets=121 bytesPerPacket=515 lost=0
LogOGNet: Warning: [Warning][InputStats] dropped 0 / 238 remote inputs = 0%
LogOGRelayProbe: Warning: [Warning][RelayProbe.Write] id=28281 runs=120 writes=233 observableWrites=233 captureSpan=233 receivedX1000=1000 observableX1000=1000 deliverableX1000=1000 replaceLatestObservableX1000=515
LogOGRelayProbe: Warning: [Warning][RelayProbe.Write] id=28281 writesPerFrame p50=2 p99=4 max=5 emptyFrames=116 nonConsecutive=0 missedCaptureTicks=0 captures=[20495,20727] discont=0
LogOGRelayProbe: Warning: [Warning][RelayProbe.Write] id=28322 runs=120 writes=219 observableWrites=219 captureSpan=219 receivedX1000=1000 observableX1000=1000 deliverableX1000=1000 replaceLatestObservableX1000=547
LogOGRelayProbe: Warning: [Warning][RelayProbe.Write] id=28322 writesPerFrame p50=2 p99=4 max=5 emptyFrames=100 nonConsecutive=0 missedCaptureTicks=0 captures=[20513,20731] discont=0
LogOGInputRelay: Warning: [RelayFlush] window owner=OGBrawlerUECharacter_2147482398 flushedRounds=10805 entries=20037 entriesPerRoundX100=185 suppressed=9235 stageOverflowDrops=1
LogOGRelayProbe: Warning: [Warning][RelayProbe.Budget] conn=28300 frames=120 elapsedMs=2011 netSpeedBps=250000 allowanceBytesPerTick=4166 outBytes=62406 bytesPerTick=520 occupancyPctX10=124
LogOGRelayProbe: Warning: [Warning][RelayProbe.Budget] conn=28300 queuedBits min=-66666 max=-62826 mean=-65906 notReadyFrames=0 outPackets=121 bytesPerPacket=515 lost=2
LogOGRelayProbe: Warning: [Warning][RelayProbe.Frame] role=Server simTicks=120 frames=121 meanTicksPerFrameX100=99 p50=1 p99=1 max=1 meanFrameUs=16648
LogOGRelayProbe: Warning: [Warning][RelayProbe.Frame] role=Server cadence dFrame1=119 dFrame0=0 dFrameGt1=1 discont=0 numSteps total=120 max=1 gt1=0
LogOGInputRelay: Warning: [RelayFlush] window owner=OGBrawlerUECharacter_2147482375 flushedRounds=10716 entries=19922 entriesPerRoundX100=185 suppressed=9204 stageOverflowDrops=0
LogOGRelayProbe: Warning: [Warning][RelayProbe.Budget] conn=28258 frames=120 elapsedMs=1995 netSpeedBps=250000 allowanceBytesPerTick=4166 outBytes=62187 bytesPerTick=518 occupancyPctX10=124
LogOGRelayProbe: Warning: [Warning][RelayProbe.Budget] conn=28258 queuedBits min=-66666 max=-62826 mean=-65865 notReadyFrames=0 outPackets=120 bytesPerPacket=518 lost=0
LogOGNet: Warning: [Warning][InputStats] dropped 0 / 238 remote inputs = 0%
LogOGInputRelay: Warning: [RelayFlush] window owner=OGBrawlerUECharacter_2147482398 flushedRounds=10877 entries=20158 entriesPerRoundX100=185 suppressed=9283 stageOverflowDrops=1
LogOGRelayProbe: Warning: [Warning][RelayProbe.Budget] conn=28300 frames=120 elapsedMs=1990 netSpeedBps=250000 allowanceBytesPerTick=4166 outBytes=62223 bytesPerTick=518 occupancyPctX10=124
LogOGRelayProbe: Warning: [Warning][RelayProbe.Budget] conn=28300 queuedBits min=-66666 max=-63010 mean=-65690 notReadyFrames=0 outPackets=120 bytesPerPacket=518 lost=3
LogOGRelayProbe: Warning: [Warning][RelayProbe.Frame] role=Server simTicks=120 frames=120 meanTicksPerFrameX100=100 p50=1 p99=1 max=1 meanFrameUs=16563
LogOGRelayProbe: Warning: [Warning][RelayProbe.Frame] role=Server cadence dFrame1=120 dFrame0=0 dFrameGt1=0 discont=0 numSteps total=120 max=1 gt1=0
LogOGInputRelay: Warning: [RelayFlush] window owner=OGBrawlerUECharacter_2147482375 flushedRounds=10786 entries=20041 entriesPerRoundX100=185 suppressed=9254 stageOverflowDrops=0
LogOGRelayProbe: Warning: [Warning][RelayProbe.Budget] conn=28258 frames=120 elapsedMs=2017 netSpeedBps=250000 allowanceBytesPerTick=4166 outBytes=62716 bytesPerTick=522 occupancyPctX10=125
LogOGRelayProbe: Warning: [Warning][RelayProbe.Budget] conn=28258 queuedBits min=-66666 max=-63010 mean=-65597 notReadyFrames=0 outPackets=122 bytesPerPacket=514 lost=2
LogOGRelayProbe: Warning: [Warning][RelayProbe.Write] id=28322 runs=120 writes=211 observableWrites=211 captureSpan=211 receivedX1000=1000 observableX1000=1000 deliverableX1000=1000 replaceLatestObservableX1000=568
LogOGRelayProbe: Warning: [Warning][RelayProbe.Write] id=28322 writesPerFrame p50=2 p99=4 max=4 emptyFrames=92 nonConsecutive=0 missedCaptureTicks=0 captures=[20732,20942] discont=0
LogOGRelayProbe: Warning: [Warning][RelayProbe.Write] id=28281 runs=120 writes=217 observableWrites=217 captureSpan=217 receivedX1000=1000 observableX1000=1000 deliverableX1000=1000 replaceLatestObservableX1000=552
LogOGRelayProbe: Warning: [Warning][RelayProbe.Write] id=28281 writesPerFrame p50=2 p99=4 max=4 emptyFrames=97 nonConsecutive=0 missedCaptureTicks=0 captures=[20728,20944] discont=0
LogOGNet: Warning: [Warning][InputStats] dropped 0 / 238 remote inputs = 0%
LogOGInputRelay: Warning: [RelayFlush] window owner=OGBrawlerUECharacter_2147482398 flushedRounds=10938 entries=20278 entriesPerRoundX100=185 suppressed=9342 stageOverflowDrops=1
LogOGRelayProbe: Warning: [Warning][RelayProbe.Budget] conn=28300 frames=120 elapsedMs=2021 netSpeedBps=250000 allowanceBytesPerTick=4166 outBytes=62819 bytesPerTick=523 occupancyPctX10=125
LogOGRelayProbe: Warning: [Warning][RelayProbe.Budget] conn=28300 queuedBits min=-66666 max=-63114 mean=-65708 notReadyFrames=0 outPackets=122 bytesPerPacket=514 lost=3
LogOGRelayProbe: Warning: [Warning][RelayProbe.Frame] role=Server simTicks=121 frames=122 meanTicksPerFrameX100=99 p50=1 p99=1 max=2 meanFrameUs=16614
LogOGRelayProbe: Warning: [Warning][RelayProbe.Frame] role=Server cadence dFrame1=118 dFrame0=0 dFrameGt1=2 discont=0 numSteps total=121 max=2 gt1=1
LogOGInputRelay: Warning: [RelayFlush] window owner=OGBrawlerUECharacter_2147482375 flushedRounds=10854 entries=20161 entriesPerRoundX100=185 suppressed=9306 stageOverflowDrops=0
LogOGRelayProbe: Warning: [Warning][RelayProbe.Budget] conn=28258 frames=120 elapsedMs=2016 netSpeedBps=250000 allowanceBytesPerTick=4166 outBytes=62712 bytesPerTick=522 occupancyPctX10=125
LogOGRelayProbe: Warning: [Warning][RelayProbe.Budget] conn=28258 queuedBits min=-66666 max=-63636 mean=-65868 notReadyFrames=0 outPackets=121 bytesPerPacket=518 lost=0
LogOGNet: Warning: [Warning][InputStats] dropped 0 / 238 remote inputs = 0%
LogOGInputRelay: Warning: [RelayFlush] window owner=OGBrawlerUECharacter_2147482398 flushedRounds=11004 entries=20397 entriesPerRoundX100=185 suppressed=9396 stageOverflowDrops=1
LogOGRelayProbe: Warning: [Warning][RelayProbe.Budget] conn=28300 frames=120 elapsedMs=2012 netSpeedBps=250000 allowanceBytesPerTick=4166 outBytes=62316 bytesPerTick=519 occupancyPctX10=124
LogOGRelayProbe: Warning: [Warning][RelayProbe.Budget] conn=28300 queuedBits min=-66666 max=-63636 mean=-65861 notReadyFrames=0 outPackets=121 bytesPerPacket=515 lost=1
LogOGRelayProbe: Warning: [Warning][RelayProbe.Frame] role=Server simTicks=121 frames=121 meanTicksPerFrameX100=100 p50=1 p99=1 max=2 meanFrameUs=16586
LogOGRelayProbe: Warning: [Warning][RelayProbe.Frame] role=Server cadence dFrame1=119 dFrame0=0 dFrameGt1=1 discont=0 numSteps total=121 max=2 gt1=1
LogOGInputRelay: Warning: [RelayFlush] window owner=OGBrawlerUECharacter_2147482375 flushedRounds=10916 entries=20281 entriesPerRoundX100=185 suppressed=9364 stageOverflowDrops=0
LogOGRelayProbe: Warning: [Warning][RelayProbe.Write] id=28322 runs=120 writes=223 observableWrites=223 captureSpan=223 receivedX1000=1000 observableX1000=1000 deliverableX1000=1000 replaceLatestObservableX1000=538
LogOGRelayProbe: Warning: [Warning][RelayProbe.Write] id=28322 writesPerFrame p50=2 p99=4 max=5 emptyFrames=104 nonConsecutive=0 missedCaptureTicks=0 captures=[20943,21165] discont=0
LogOGRelayProbe: Warning: [Warning][RelayProbe.Write] id=28281 runs=120 writes=224 observableWrites=224 captureSpan=224 receivedX1000=1000 observableX1000=1000 deliverableX1000=1000 replaceLatestObservableX1000=535
LogOGRelayProbe: Warning: [Warning][RelayProbe.Write] id=28281 writesPerFrame p50=2 p99=4 max=5 emptyFrames=104 nonConsecutive=0 missedCaptureTicks=0 captures=[20945,21168] discont=0
LogOGRelayProbe: Warning: [Warning][RelayProbe.Budget] conn=28258 frames=120 elapsedMs=2003 netSpeedBps=250000 allowanceBytesPerTick=4166 outBytes=62282 bytesPerTick=519 occupancyPctX10=124
LogOGRelayProbe: Warning: [Warning][RelayProbe.Budget] conn=28258 queuedBits min=-66666 max=-63246 mean=-65758 notReadyFrames=0 outPackets=121 bytesPerPacket=514 lost=1
LogOGNet: Warning: [Warning][InputStats] dropped 0 / 238 remote inputs = 0%
LogOGInputRelay: Warning: [RelayFlush] window owner=OGBrawlerUECharacter_2147482398 flushedRounds=11066 entries=20516 entriesPerRoundX100=185 suppressed=9454 stageOverflowDrops=1
LogOGRelayProbe: Warning: [Warning][RelayProbe.Budget] conn=28300 frames=120 elapsedMs=2045 netSpeedBps=250000 allowanceBytesPerTick=4166 outBytes=63506 bytesPerTick=529 occupancyPctX10=126
LogOGRelayProbe: Warning: [Warning][RelayProbe.Budget] conn=28300 queuedBits min=-66666 max=-63246 mean=-65868 notReadyFrames=0 outPackets=123 bytesPerPacket=516 lost=0
LogOGRelayProbe: Warning: [Warning][RelayProbe.Frame] role=Server simTicks=123 frames=123 meanTicksPerFrameX100=100 p50=1 p99=2 max=2 meanFrameUs=16652
LogOGRelayProbe: Warning: [Warning][RelayProbe.Frame] role=Server cadence dFrame1=117 dFrame0=0 dFrameGt1=3 discont=0 numSteps total=123 max=2 gt1=3
LogOGInputRelay: Warning: [RelayFlush] window owner=OGBrawlerUECharacter_2147482375 flushedRounds=10977 entries=20401 entriesPerRoundX100=185 suppressed=9423 stageOverflowDrops=0
LogOGRelayProbe: Warning: [Warning][RelayProbe.Budget] conn=28258 frames=120 elapsedMs=2053 netSpeedBps=250000 allowanceBytesPerTick=4166 outBytes=63492 bytesPerTick=529 occupancyPctX10=126
LogOGRelayProbe: Warning: [Warning][RelayProbe.Budget] conn=28258 queuedBits min=-66666 max=-63346 mean=-65997 notReadyFrames=0 outPackets=123 bytesPerPacket=516 lost=1
LogOGNet: Warning: [Warning][InputStats] dropped 0 / 238 remote inputs = 0%
LogOGInputRelay: Warning: [RelayFlush] window owner=OGBrawlerUECharacter_2147482398 flushedRounds=11129 entries=20636 entriesPerRoundX100=185 suppressed=9511 stageOverflowDrops=1
LogOGRelayProbe: Warning: [Warning][RelayProbe.Budget] conn=28300 frames=120 elapsedMs=2066 netSpeedBps=250000 allowanceBytesPerTick=4166 outBytes=63922 bytesPerTick=532 occupancyPctX10=127
LogOGRelayProbe: Warning: [Warning][RelayProbe.Budget] conn=28300 queuedBits min=-66666 max=-63458 mean=-65954 notReadyFrames=0 outPackets=124 bytesPerPacket=515 lost=3
LogOGRelayProbe: Warning: [Warning][RelayProbe.Frame] role=Server simTicks=127 frames=127 meanTicksPerFrameX100=100 p50=1 p99=2 max=2 meanFrameUs=16664
LogOGRelayProbe: Warning: [Warning][RelayProbe.Frame] role=Server cadence dFrame1=113 dFrame0=0 dFrameGt1=7 discont=0 numSteps total=127 max=2 gt1=7
LogOGRelayProbe: Warning: [Warning][RelayProbe.Write] id=28281 runs=120 writes=220 observableWrites=220 captureSpan=220 receivedX1000=1000 observableX1000=1000 deliverableX1000=1000 replaceLatestObservableX1000=545
LogOGRelayProbe: Warning: [Warning][RelayProbe.Write] id=28281 writesPerFrame p50=2 p99=4 max=5 emptyFrames=102 nonConsecutive=0 missedCaptureTicks=0 captures=[21169,21388] discont=0
LogOGRelayProbe: Warning: [Warning][RelayProbe.Write] id=28322 runs=120 writes=229 observableWrites=229 captureSpan=229 receivedX1000=1000 observableX1000=1000 deliverableX1000=1000 replaceLatestObservableX1000=524
LogOGRelayProbe: Warning: [Warning][RelayProbe.Write] id=28322 writesPerFrame p50=2 p99=3 max=4 emptyFrames=109 nonConsecutive=0 missedCaptureTicks=0 captures=[21166,21394] discont=0
LogOGInputRelay: Warning: [RelayFlush] window owner=OGBrawlerUECharacter_2147482375 flushedRounds=11042 entries=20521 entriesPerRoundX100=185 suppressed=9478 stageOverflowDrops=0
LogOGNet: Warning: [Warning][InputStats] dropped 0 / 238 remote inputs = 0%
LogOGRelayProbe: Warning: [Warning][RelayProbe.Budget] conn=28258 frames=120 elapsedMs=2102 netSpeedBps=250000 allowanceBytesPerTick=4166 outBytes=64861 bytesPerTick=540 occupancyPctX10=129
LogOGRelayProbe: Warning: [Warning][RelayProbe.Budget] conn=28258 queuedBits min=-66666 max=-63424 mean=-65940 notReadyFrames=0 outPackets=126 bytesPerPacket=514 lost=2
LogOGInputRelay: Warning: [RelayFlush] window owner=OGBrawlerUECharacter_2147482398 flushedRounds=11199 entries=20757 entriesPerRoundX100=185 suppressed=9561 stageOverflowDrops=1
LogOGRelayProbe: Warning: [Warning][RelayProbe.Budget] conn=28300 frames=120 elapsedMs=2077 netSpeedBps=250000 allowanceBytesPerTick=4166 outBytes=64372 bytesPerTick=536 occupancyPctX10=128
LogOGRelayProbe: Warning: [Warning][RelayProbe.Budget] conn=28300 queuedBits min=-66666 max=-63140 mean=-65786 notReadyFrames=0 outPackets=125 bytesPerPacket=514 lost=3
LogOGRelayProbe: Warning: [Warning][RelayProbe.Frame] role=Server simTicks=121 frames=122 meanTicksPerFrameX100=99 p50=1 p99=1 max=2 meanFrameUs=16620
LogOGRelayProbe: Warning: [Warning][RelayProbe.Frame] role=Server cadence dFrame1=118 dFrame0=0 dFrameGt1=2 discont=0 numSteps total=121 max=2 gt1=1
LogOGInputRelay: Warning: [RelayFlush] window owner=OGBrawlerUECharacter_2147482375 flushedRounds=11105 entries=20641 entriesPerRoundX100=185 suppressed=9535 stageOverflowDrops=0
LogOGNet: Warning: [Warning][InputStats] dropped 0 / 238 remote inputs = 0%
LogOGRelayProbe: Warning: [Warning][RelayProbe.Budget] conn=28258 frames=120 elapsedMs=2018 netSpeedBps=250000 allowanceBytesPerTick=4166 outBytes=62831 bytesPerTick=523 occupancyPctX10=125
LogOGRelayProbe: Warning: [Warning][RelayProbe.Budget] conn=28258 queuedBits min=-66666 max=-63140 mean=-65669 notReadyFrames=0 outPackets=122 bytesPerPacket=515 lost=2
LogOGInputRelay: Warning: [RelayFlush] window owner=OGBrawlerUECharacter_2147482398 flushedRounds=11264 entries=20876 entriesPerRoundX100=185 suppressed=9616 stageOverflowDrops=1
LogOGRelayProbe: Warning: [Warning][RelayProbe.Write] id=28281 runs=120 writes=219 observableWrites=219 captureSpan=219 receivedX1000=1000 observableX1000=1000 deliverableX1000=1000 replaceLatestObservableX1000=547
LogOGRelayProbe: Warning: [Warning][RelayProbe.Write] id=28281 writesPerFrame p50=2 p99=3 max=4 emptyFrames=97 nonConsecutive=0 missedCaptureTicks=0 captures=[21389,21607] discont=0
LogOGRelayProbe: Warning: [Warning][RelayProbe.Budget] conn=28300 frames=120 elapsedMs=1995 netSpeedBps=250000 allowanceBytesPerTick=4166 outBytes=62047 bytesPerTick=517 occupancyPctX10=124
LogOGRelayProbe: Warning: [Warning][RelayProbe.Budget] conn=28300 queuedBits min=-66666 max=-63400 mean=-65874 notReadyFrames=0 outPackets=120 bytesPerPacket=517 lost=0
LogOGRelayProbe: Warning: [Warning][RelayProbe.Write] id=28322 runs=120 writes=222 observableWrites=222 captureSpan=222 receivedX1000=1000 observableX1000=1000 deliverableX1000=1000 replaceLatestObservableX1000=540
LogOGRelayProbe: Warning: [Warning][RelayProbe.Write] id=28322 writesPerFrame p50=2 p99=5 max=5 emptyFrames=100 nonConsecutive=0 missedCaptureTicks=0 captures=[21395,21616] discont=0
LogOGRelayProbe: Warning: [Warning][RelayProbe.Frame] role=Server simTicks=120 frames=120 meanTicksPerFrameX100=100 p50=1 p99=1 max=1 meanFrameUs=16617
LogOGRelayProbe: Warning: [Warning][RelayProbe.Frame] role=Server cadence dFrame1=120 dFrame0=0 dFrameGt1=0 discont=0 numSteps total=120 max=1 gt1=0
LogOGInputRelay: Warning: [RelayFlush] window owner=OGBrawlerUECharacter_2147482375 flushedRounds=11170 entries=20759 entriesPerRoundX100=185 suppressed=9590 stageOverflowDrops=0
LogOGNet: Warning: [Warning][InputStats] dropped 0 / 238 remote inputs = 0%
LogOGRelayProbe: Warning: [Warning][RelayProbe.Budget] conn=28258 frames=120 elapsedMs=1998 netSpeedBps=250000 allowanceBytesPerTick=4166 outBytes=61974 bytesPerTick=516 occupancyPctX10=123
LogOGRelayProbe: Warning: [Warning][RelayProbe.Budget] conn=28258 queuedBits min=-66666 max=-63796 mean=-65995 notReadyFrames=0 outPackets=120 bytesPerPacket=516 lost=1
LogOGInputRelay: Warning: [RelayFlush] window owner=OGBrawlerUECharacter_2147482398 flushedRounds=11331 entries=20996 entriesPerRoundX100=185 suppressed=9669 stageOverflowDrops=1
LogOGRelayProbe: Warning: [Warning][RelayProbe.Budget] conn=28300 frames=120 elapsedMs=1997 netSpeedBps=250000 allowanceBytesPerTick=4166 outBytes=61983 bytesPerTick=516 occupancyPctX10=123
LogOGRelayProbe: Warning: [Warning][RelayProbe.Budget] conn=28300 queuedBits min=-66666 max=-63796 mean=-65972 notReadyFrames=0 outPackets=120 bytesPerPacket=516 lost=1
LogOGRelayProbe: Warning: [Warning][RelayProbe.Frame] role=Server simTicks=120 frames=120 meanTicksPerFrameX100=100 p50=1 p99=1 max=1 meanFrameUs=16653
LogOGRelayProbe: Warning: [Warning][RelayProbe.Frame] role=Server cadence dFrame1=120 dFrame0=0 dFrameGt1=0 discont=0 numSteps total=120 max=1 gt1=0
LogOGInputRelay: Warning: [RelayFlush] window owner=OGBrawlerUECharacter_2147482375 flushedRounds=11233 entries=20880 entriesPerRoundX100=185 suppressed=9647 stageOverflowDrops=0
LogOGNet: Warning: [Warning][InputStats] dropped 0 / 238 remote inputs = 0%
LogOGRelayProbe: Warning: [Warning][RelayProbe.Budget] conn=28258 frames=120 elapsedMs=1995 netSpeedBps=250000 allowanceBytesPerTick=4166 outBytes=62138 bytesPerTick=517 occupancyPctX10=124
LogOGRelayProbe: Warning: [Warning][RelayProbe.Budget] conn=28258 queuedBits min=-66666 max=-63390 mean=-65984 notReadyFrames=0 outPackets=120 bytesPerPacket=517 lost=0
LogOGInputRelay: Warning: [RelayFlush] window owner=OGBrawlerUECharacter_2147482398 flushedRounds=11397 entries=21115 entriesPerRoundX100=185 suppressed=9723 stageOverflowDrops=1
LogOGRelayProbe: Warning: [Warning][RelayProbe.Write] id=28281 runs=120 writes=215 observableWrites=215 captureSpan=215 receivedX1000=1000 observableX1000=1000 deliverableX1000=1000 replaceLatestObservableX1000=558
LogOGRelayProbe: Warning: [Warning][RelayProbe.Write] id=28281 writesPerFrame p50=2 p99=3 max=4 emptyFrames=96 nonConsecutive=0 missedCaptureTicks=0 captures=[21608,21822] discont=0
LogOGRelayProbe: Warning: [Warning][RelayProbe.Write] id=28322 runs=120 writes=226 observableWrites=226 captureSpan=226 receivedX1000=1000 observableX1000=1000 deliverableX1000=1000 replaceLatestObservableX1000=530
LogOGRelayProbe: Warning: [Warning][RelayProbe.Write] id=28322 writesPerFrame p50=2 p99=4 max=5 emptyFrames=109 nonConsecutive=0 missedCaptureTicks=0 captures=[21617,21842] discont=0
LogOGRelayProbe: Warning: [Warning][RelayProbe.Budget] conn=28300 frames=120 elapsedMs=2022 netSpeedBps=250000 allowanceBytesPerTick=4166 outBytes=62967 bytesPerTick=524 occupancyPctX10=125
LogOGRelayProbe: Warning: [Warning][RelayProbe.Budget] conn=28300 queuedBits min=-66666 max=-63326 mean=-65825 notReadyFrames=0 outPackets=122 bytesPerPacket=516 lost=0
LogOGRelayProbe: Warning: [Warning][RelayProbe.Frame] role=Server simTicks=121 frames=122 meanTicksPerFrameX100=99 p50=1 p99=1 max=2 meanFrameUs=16574
LogOGRelayProbe: Warning: [Warning][RelayProbe.Frame] role=Server cadence dFrame1=118 dFrame0=0 dFrameGt1=2 discont=0 numSteps total=121 max=2 gt1=1
LogOGInputRelay: Warning: [RelayFlush] window owner=OGBrawlerUECharacter_2147482375 flushedRounds=11296 entries=21000 entriesPerRoundX100=185 suppressed=9704 stageOverflowDrops=0
LogOGNet: Warning: [Warning][InputStats] dropped 0 / 238 remote inputs = 0%
LogOGRelayProbe: Warning: [Warning][RelayProbe.Budget] conn=28258 frames=120 elapsedMs=2025 netSpeedBps=250000 allowanceBytesPerTick=4166 outBytes=62589 bytesPerTick=521 occupancyPctX10=125
LogOGRelayProbe: Warning: [Warning][RelayProbe.Budget] conn=28258 queuedBits min=-66666 max=-63326 mean=-65795 notReadyFrames=0 outPackets=122 bytesPerPacket=513 lost=0
LogOGInputRelay: Warning: [RelayFlush] window owner=OGBrawlerUECharacter_2147482398 flushedRounds=11460 entries=21236 entriesPerRoundX100=185 suppressed=9780 stageOverflowDrops=1
LogOGRelayProbe: Warning: [Warning][RelayProbe.Budget] conn=28300 frames=120 elapsedMs=1994 netSpeedBps=250000 allowanceBytesPerTick=4166 outBytes=61914 bytesPerTick=515 occupancyPctX10=123
LogOGRelayProbe: Warning: [Warning][RelayProbe.Budget] conn=28300 queuedBits min=-66666 max=-63774 mean=-65943 notReadyFrames=0 outPackets=120 bytesPerPacket=515 lost=1
LogOGRelayProbe: Warning: [Warning][RelayProbe.Frame] role=Server simTicks=120 frames=120 meanTicksPerFrameX100=100 p50=1 p99=1 max=1 meanFrameUs=16628
LogOGRelayProbe: Warning: [Warning][RelayProbe.Frame] role=Server cadence dFrame1=120 dFrame0=0 dFrameGt1=0 discont=0 numSteps total=120 max=1 gt1=0
LogOGInputRelay: Warning: [RelayFlush] window owner=OGBrawlerUECharacter_2147482375 flushedRounds=11357 entries=21119 entriesPerRoundX100=185 suppressed=9763 stageOverflowDrops=0
LogOGNet: Warning: [Warning][InputStats] dropped 0 / 238 remote inputs = 0%
LogOGRelayProbe: Warning: [Warning][RelayProbe.Budget] conn=28258 frames=120 elapsedMs=1995 netSpeedBps=250000 allowanceBytesPerTick=4166 outBytes=62286 bytesPerTick=519 occupancyPctX10=124
LogOGRelayProbe: Warning: [Warning][RelayProbe.Budget] conn=28258 queuedBits min=-66666 max=-63696 mean=-65967 notReadyFrames=0 outPackets=120 bytesPerPacket=519 lost=0
LogOGRelayProbe: Warning: [Warning][RelayProbe.Write] id=28281 runs=120 writes=223 observableWrites=223 captureSpan=223 receivedX1000=1000 observableX1000=1000 deliverableX1000=1000 replaceLatestObservableX1000=538
LogOGRelayProbe: Warning: [Warning][RelayProbe.Write] id=28281 writesPerFrame p50=2 p99=4 max=5 emptyFrames=104 nonConsecutive=0 missedCaptureTicks=0 captures=[21823,22045] discont=0
LogOGInputRelay: Warning: [RelayFlush] window owner=OGBrawlerUECharacter_2147482398 flushedRounds=11527 entries=21354 entriesPerRoundX100=185 suppressed=9833 stageOverflowDrops=1
LogOGRelayProbe: Warning: [Warning][RelayProbe.Write] id=28322 runs=120 writes=229 observableWrites=229 captureSpan=229 receivedX1000=1000 observableX1000=1000 deliverableX1000=1000 replaceLatestObservableX1000=524
LogOGRelayProbe: Warning: [Warning][RelayProbe.Write] id=28322 writesPerFrame p50=2 p99=4 max=5 emptyFrames=111 nonConsecutive=0 missedCaptureTicks=0 captures=[21843,22071] discont=0
LogOGRelayProbe: Warning: [Warning][RelayProbe.Budget] conn=28300 frames=120 elapsedMs=2041 netSpeedBps=250000 allowanceBytesPerTick=4166 outBytes=63347 bytesPerTick=527 occupancyPctX10=126
LogOGRelayProbe: Warning: [Warning][RelayProbe.Budget] conn=28300 queuedBits min=-66666 max=-63378 mean=-65905 notReadyFrames=0 outPackets=123 bytesPerPacket=515 lost=1
LogOGRelayProbe: Warning: [Warning][RelayProbe.Frame] role=Server simTicks=122 frames=123 meanTicksPerFrameX100=99 p50=1 p99=2 max=2 meanFrameUs=16600
LogOGRelayProbe: Warning: [Warning][RelayProbe.Frame] role=Server cadence dFrame1=117 dFrame0=0 dFrameGt1=3 discont=0 numSteps total=122 max=2 gt1=2
LogOGInputRelay: Warning: [RelayFlush] window owner=OGBrawlerUECharacter_2147482375 flushedRounds=11418 entries=21238 entriesPerRoundX100=186 suppressed=9822 stageOverflowDrops=0
LogOGNet: Warning: [Warning][InputStats] dropped 0 / 238 remote inputs = 0%
LogOGRelayProbe: Warning: [Warning][RelayProbe.Budget] conn=28258 frames=120 elapsedMs=2039 netSpeedBps=250000 allowanceBytesPerTick=4166 outBytes=63241 bytesPerTick=527 occupancyPctX10=126
LogOGRelayProbe: Warning: [Warning][RelayProbe.Budget] conn=28258 queuedBits min=-66666 max=-63378 mean=-65842 notReadyFrames=0 outPackets=123 bytesPerPacket=514 lost=1
LogOGInputRelay: Warning: [RelayFlush] window owner=OGBrawlerUECharacter_2147482398 flushedRounds=11585 entries=21474 entriesPerRoundX100=185 suppressed=9895 stageOverflowDrops=1
LogOGRelayProbe: Warning: [Warning][RelayProbe.Budget] conn=28300 frames=120 elapsedMs=1993 netSpeedBps=250000 allowanceBytesPerTick=4166 outBytes=61837 bytesPerTick=515 occupancyPctX10=123
LogOGRelayProbe: Warning: [Warning][RelayProbe.Budget] conn=28300 queuedBits min=-66666 max=-62850 mean=-65818 notReadyFrames=0 outPackets=120 bytesPerPacket=515 lost=1
LogOGRelayProbe: Warning: [Warning][RelayProbe.Frame] role=Server simTicks=120 frames=120 meanTicksPerFrameX100=100 p50=1 p99=1 max=1 meanFrameUs=16630
LogOGRelayProbe: Warning: [Warning][RelayProbe.Frame] role=Server cadence dFrame1=120 dFrame0=0 dFrameGt1=0 discont=0 numSteps total=120 max=1 gt1=0
LogOGInputRelay: Warning: [RelayFlush] window owner=OGBrawlerUECharacter_2147482375 flushedRounds=11485 entries=21357 entriesPerRoundX100=185 suppressed=9875 stageOverflowDrops=0
LogOGNet: Warning: [Warning][InputStats] dropped 0 / 238 remote inputs = 0%
LogOGRelayProbe: Warning: [Warning][RelayProbe.Budget] conn=28258 frames=120 elapsedMs=1991 netSpeedBps=250000 allowanceBytesPerTick=4166 outBytes=61845 bytesPerTick=515 occupancyPctX10=123
LogOGRelayProbe: Warning: [Warning][RelayProbe.Budget] conn=28258 queuedBits min=-66666 max=-62850 mean=-65788 notReadyFrames=0 outPackets=120 bytesPerPacket=515 lost=0
LogOGRelayProbe: Warning: [Warning][RelayProbe.Write] id=28281 runs=120 writes=237 observableWrites=237 captureSpan=237 receivedX1000=1000 observableX1000=1000 deliverableX1000=1000 replaceLatestObservableX1000=506
LogOGRelayProbe: Warning: [Warning][RelayProbe.Write] id=28281 writesPerFrame p50=2 p99=4 max=4 emptyFrames=119 nonConsecutive=0 missedCaptureTicks=0 captures=[22046,22282] discont=0
LogOGInputRelay: Warning: [RelayFlush] window owner=OGBrawlerUECharacter_2147482398 flushedRounds=11646 entries=21592 entriesPerRoundX100=185 suppressed=9954 stageOverflowDrops=1
LogOGRelayProbe: Warning: [Warning][RelayProbe.Write] id=28322 runs=120 writes=229 observableWrites=229 captureSpan=229 receivedX1000=1000 observableX1000=1000 deliverableX1000=1000 replaceLatestObservableX1000=524
LogOGRelayProbe: Warning: [Warning][RelayProbe.Write] id=28322 writesPerFrame p50=2 p99=4 max=5 emptyFrames=108 nonConsecutive=0 missedCaptureTicks=0 captures=[22072,22300] discont=0
LogOGRelayProbe: Warning: [Warning][RelayProbe.Budget] conn=28300 frames=120 elapsedMs=2005 netSpeedBps=250000 allowanceBytesPerTick=4166 outBytes=62489 bytesPerTick=520 occupancyPctX10=124
LogOGRelayProbe: Warning: [Warning][RelayProbe.Budget] conn=28300 queuedBits min=-66666 max=-63232 mean=-65734 notReadyFrames=0 outPackets=121 bytesPerPacket=516 lost=0
LogOGRelayProbe: Warning: [Warning][RelayProbe.Frame] role=Server simTicks=120 frames=121 meanTicksPerFrameX100=99 p50=1 p99=1 max=1 meanFrameUs=16549
LogOGRelayProbe: Warning: [Warning][RelayProbe.Frame] role=Server cadence dFrame1=119 dFrame0=0 dFrameGt1=1 discont=0 numSteps total=120 max=1 gt1=0
LogOGInputRelay: Warning: [RelayFlush] window owner=OGBrawlerUECharacter_2147482375 flushedRounds=11551 entries=21478 entriesPerRoundX100=185 suppressed=9929 stageOverflowDrops=0
LogOGNet: Warning: [Warning][InputStats] dropped 0 / 238 remote inputs = 0%
LogOGRelayProbe: Warning: [Warning][RelayProbe.Budget] conn=28258 frames=120 elapsedMs=2002 netSpeedBps=250000 allowanceBytesPerTick=4166 outBytes=62261 bytesPerTick=518 occupancyPctX10=124
LogOGRelayProbe: Warning: [Warning][RelayProbe.Budget] conn=28258 queuedBits min=-66666 max=-63232 mean=-65767 notReadyFrames=0 outPackets=121 bytesPerPacket=514 lost=0
LogOGInputRelay: Warning: [RelayFlush] window owner=OGBrawlerUECharacter_2147482398 flushedRounds=11713 entries=21711 entriesPerRoundX100=185 suppressed=10007 stageOverflowDrops=1
LogOGRelayProbe: Warning: [Warning][RelayProbe.Budget] conn=28300 frames=120 elapsedMs=2035 netSpeedBps=250000 allowanceBytesPerTick=4166 outBytes=63438 bytesPerTick=528 occupancyPctX10=126
LogOGRelayProbe: Warning: [Warning][RelayProbe.Budget] conn=28300 queuedBits min=-66666 max=-63146 mean=-65735 notReadyFrames=0 outPackets=123 bytesPerPacket=515 lost=2
LogOGRelayProbe: Warning: [Warning][RelayProbe.Frame] role=Server simTicks=122 frames=123 meanTicksPerFrameX100=99 p50=1 p99=1 max=2 meanFrameUs=16555
LogOGRelayProbe: Warning: [Warning][RelayProbe.Frame] role=Server cadence dFrame1=117 dFrame0=0 dFrameGt1=3 discont=0 numSteps total=122 max=2 gt1=2
LogOGInputRelay: Warning: [RelayFlush] window owner=OGBrawlerUECharacter_2147482375 flushedRounds=11613 entries=21598 entriesPerRoundX100=185 suppressed=9987 stageOverflowDrops=0
LogOGNet: Warning: [Warning][InputStats] dropped 0 / 238 remote inputs = 0%
LogOGRelayProbe: Warning: [Warning][RelayProbe.Write] id=28281 runs=120 writes=214 observableWrites=214 captureSpan=214 receivedX1000=1000 observableX1000=1000 deliverableX1000=1000 replaceLatestObservableX1000=560
LogOGRelayProbe: Warning: [Warning][RelayProbe.Write] id=28281 writesPerFrame p50=2 p99=3 max=3 emptyFrames=94 nonConsecutive=0 missedCaptureTicks=0 captures=[22283,22496] discont=0
LogOGRelayProbe: Warning: [Warning][RelayProbe.Budget] conn=28258 frames=120 elapsedMs=2040 netSpeedBps=250000 allowanceBytesPerTick=4166 outBytes=63479 bytesPerTick=528 occupancyPctX10=126
LogOGRelayProbe: Warning: [Warning][RelayProbe.Budget] conn=28258 queuedBits min=-66666 max=-63146 mean=-65730 notReadyFrames=0 outPackets=123 bytesPerPacket=516 lost=1
LogOGRelayProbe: Warning: [Warning][RelayProbe.Write] id=28322 runs=120 writes=223 observableWrites=223 captureSpan=223 receivedX1000=1000 observableX1000=1000 deliverableX1000=1000 replaceLatestObservableX1000=538
LogOGRelayProbe: Warning: [Warning][RelayProbe.Write] id=28322 writesPerFrame p50=2 p99=4 max=4 emptyFrames=105 nonConsecutive=0 missedCaptureTicks=0 captures=[22301,22523] discont=0
LogOGInputRelay: Warning: [RelayFlush] window owner=OGBrawlerUECharacter_2147482398 flushedRounds=11781 entries=21830 entriesPerRoundX100=185 suppressed=10059 stageOverflowDrops=1
LogOGRelayProbe: Warning: [Warning][RelayProbe.Budget] conn=28300 frames=120 elapsedMs=1998 netSpeedBps=250000 allowanceBytesPerTick=4166 outBytes=61925 bytesPerTick=516 occupancyPctX10=123
LogOGRelayProbe: Warning: [Warning][RelayProbe.Budget] conn=28300 queuedBits min=-66666 max=-62994 mean=-65922 notReadyFrames=0 outPackets=120 bytesPerPacket=516 lost=0
LogOGRelayProbe: Warning: [Warning][RelayProbe.Frame] role=Server simTicks=120 frames=120 meanTicksPerFrameX100=100 p50=1 p99=1 max=1 meanFrameUs=16656
LogOGRelayProbe: Warning: [Warning][RelayProbe.Frame] role=Server cadence dFrame1=120 dFrame0=0 dFrameGt1=0 discont=0 numSteps total=120 max=1 gt1=0
LogOGInputRelay: Warning: [RelayFlush] window owner=OGBrawlerUECharacter_2147482375 flushedRounds=11679 entries=21716 entriesPerRoundX100=185 suppressed=10041 stageOverflowDrops=0
LogOGNet: Warning: [Warning][InputStats] dropped 0 / 238 remote inputs = 0%
LogOGRelayProbe: Warning: [Warning][RelayProbe.Budget] conn=28258 frames=120 elapsedMs=2000 netSpeedBps=250000 allowanceBytesPerTick=4166 outBytes=62028 bytesPerTick=516 occupancyPctX10=123
LogOGRelayProbe: Warning: [Warning][RelayProbe.Budget] conn=28258 queuedBits min=-66666 max=-62994 mean=-66041 notReadyFrames=0 outPackets=120 bytesPerPacket=516 lost=1
LogOGInputRelay: Warning: [RelayFlush] window owner=OGBrawlerUECharacter_2147482398 flushedRounds=11847 entries=21951 entriesPerRoundX100=185 suppressed=10113 stageOverflowDrops=1
LogOGRelayProbe: Warning: [Warning][RelayProbe.Budget] conn=28300 frames=120 elapsedMs=2006 netSpeedBps=250000 allowanceBytesPerTick=4166 outBytes=62175 bytesPerTick=518 occupancyPctX10=124
LogOGRelayProbe: Warning: [Warning][RelayProbe.Budget] conn=28300 queuedBits min=-66666 max=-64292 mean=-66191 notReadyFrames=0 outPackets=120 bytesPerPacket=518 lost=3
LogOGRelayProbe: Warning: [Warning][RelayProbe.Frame] role=Server simTicks=121 frames=120 meanTicksPerFrameX100=100 p50=1 p99=1 max=2 meanFrameUs=16713
LogOGRelayProbe: Warning: [Warning][RelayProbe.Frame] role=Server cadence dFrame1=120 dFrame0=0 dFrameGt1=0 discont=0 numSteps total=121 max=2 gt1=1
LogOGInputRelay: Warning: [RelayFlush] window owner=OGBrawlerUECharacter_2147482375 flushedRounds=11745 entries=21838 entriesPerRoundX100=185 suppressed=10095 stageOverflowDrops=0
LogOGRelayProbe: Warning: [Warning][RelayProbe.Write] id=28281 runs=120 writes=223 observableWrites=223 captureSpan=223 receivedX1000=1000 observableX1000=1000 deliverableX1000=1000 replaceLatestObservableX1000=538
LogOGRelayProbe: Warning: [Warning][RelayProbe.Write] id=28281 writesPerFrame p50=2 p99=4 max=4 emptyFrames=103 nonConsecutive=0 missedCaptureTicks=0 captures=[22497,22719] discont=0
LogOGNet: Warning: [Warning][InputStats] dropped 0 / 238 remote inputs = 0%
LogOGRelayProbe: Warning: [Warning][RelayProbe.Write] id=28322 runs=120 writes=221 observableWrites=221 captureSpan=221 receivedX1000=1000 observableX1000=1000 deliverableX1000=1000 replaceLatestObservableX1000=542
LogOGRelayProbe: Warning: [Warning][RelayProbe.Write] id=28322 writesPerFrame p50=2 p99=4 max=4 emptyFrames=101 nonConsecutive=0 missedCaptureTicks=0 captures=[22524,22744] discont=0
LogOGRelayProbe: Warning: [Warning][RelayProbe.Budget] conn=28258 frames=120 elapsedMs=2010 netSpeedBps=250000 allowanceBytesPerTick=4166 outBytes=62150 bytesPerTick=517 occupancyPctX10=124
LogOGRelayProbe: Warning: [Warning][RelayProbe.Budget] conn=28258 queuedBits min=-66666 max=-63996 mean=-66282 notReadyFrames=0 outPackets=120 bytesPerPacket=517 lost=0
LogOGInputRelay: Warning: [RelayFlush] window owner=OGBrawlerUECharacter_2147482398 flushedRounds=11906 entries=22073 entriesPerRoundX100=185 suppressed=10174 stageOverflowDrops=1
LogOGRelayProbe: Warning: [Warning][RelayProbe.Budget] conn=28300 frames=120 elapsedMs=2012 netSpeedBps=250000 allowanceBytesPerTick=4166 outBytes=62489 bytesPerTick=520 occupancyPctX10=124
LogOGRelayProbe: Warning: [Warning][RelayProbe.Budget] conn=28300 queuedBits min=-66666 max=-63580 mean=-65935 notReadyFrames=0 outPackets=121 bytesPerPacket=516 lost=0
LogOGRelayProbe: Warning: [Warning][RelayProbe.Frame] role=Server simTicks=120 frames=121 meanTicksPerFrameX100=99 p50=1 p99=1 max=1 meanFrameUs=16644
LogOGRelayProbe: Warning: [Warning][RelayProbe.Frame] role=Server cadence dFrame1=119 dFrame0=0 dFrameGt1=1 discont=0 numSteps total=121 max=2 gt1=1
LogOGInputRelay: Warning: [RelayFlush] window owner=OGBrawlerUECharacter_2147482375 flushedRounds=11807 entries=21958 entriesPerRoundX100=185 suppressed=10153 stageOverflowDrops=0
LogOGNet: Warning: [Warning][InputStats] dropped 0 / 238 remote inputs = 0%
LogOGRelayProbe: Warning: [Warning][RelayProbe.Budget] conn=28258 frames=120 elapsedMs=2018 netSpeedBps=250000 allowanceBytesPerTick=4166 outBytes=62862 bytesPerTick=523 occupancyPctX10=125
LogOGRelayProbe: Warning: [Warning][RelayProbe.Budget] conn=28258 queuedBits min=-66666 max=-63580 mean=-65715 notReadyFrames=0 outPackets=122 bytesPerPacket=515 lost=1
LogOGInputRelay: Warning: [RelayFlush] window owner=OGBrawlerUECharacter_2147482398 flushedRounds=11973 entries=22192 entriesPerRoundX100=185 suppressed=10227 stageOverflowDrops=1
LogOGRelayProbe: Warning: [Warning][RelayProbe.Budget] conn=28300 frames=120 elapsedMs=2007 netSpeedBps=250000 allowanceBytesPerTick=4166 outBytes=62517 bytesPerTick=520 occupancyPctX10=124
LogOGRelayProbe: Warning: [Warning][RelayProbe.Budget] conn=28300 queuedBits min=-66666 max=-63600 mean=-65820 notReadyFrames=0 outPackets=121 bytesPerPacket=516 lost=3
LogOGRelayProbe: Warning: [Warning][RelayProbe.Write] id=28281 runs=120 writes=222 observableWrites=222 captureSpan=222 receivedX1000=1000 observableX1000=1000 deliverableX1000=1000 replaceLatestObservableX1000=540
LogOGRelayProbe: Warning: [Warning][RelayProbe.Write] id=28281 writesPerFrame p50=2 p99=4 max=5 emptyFrames=104 nonConsecutive=0 missedCaptureTicks=0 captures=[22720,22941] discont=0
LogOGRelayProbe: Warning: [Warning][RelayProbe.Frame] role=Server simTicks=121 frames=121 meanTicksPerFrameX100=100 p50=1 p99=1 max=2 meanFrameUs=16545
LogOGRelayProbe: Warning: [Warning][RelayProbe.Frame] role=Server cadence dFrame1=119 dFrame0=0 dFrameGt1=1 discont=0 numSteps total=120 max=1 gt1=0
LogOGInputRelay: Warning: [RelayFlush] window owner=OGBrawlerUECharacter_2147482375 flushedRounds=11868 entries=22075 entriesPerRoundX100=186 suppressed=10212 stageOverflowDrops=0
LogOGNet: Warning: [Warning][InputStats] dropped 0 / 240 remote inputs = 0%
LogOGRelayProbe: Warning: [Warning][RelayProbe.Write] id=28322 runs=120 writes=232 observableWrites=232 captureSpan=232 receivedX1000=1000 observableX1000=1000 deliverableX1000=1000 replaceLatestObservableX1000=517
LogOGRelayProbe: Warning: [Warning][RelayProbe.Write] id=28322 writesPerFrame p50=2 p99=5 max=5 emptyFrames=114 nonConsecutive=0 missedCaptureTicks=0 captures=[22745,22976] discont=0
LogOGRelayProbe: Warning: [Warning][RelayProbe.Budget] conn=28258 frames=120 elapsedMs=2038 netSpeedBps=250000 allowanceBytesPerTick=4166 outBytes=63432 bytesPerTick=528 occupancyPctX10=126
LogOGRelayProbe: Warning: [Warning][RelayProbe.Budget] conn=28258 queuedBits min=-66666 max=-63140 mean=-65715 notReadyFrames=0 outPackets=123 bytesPerPacket=515 lost=0
LogOGInputRelay: Warning: [RelayFlush] window owner=OGBrawlerUECharacter_2147482398 flushedRounds=12037 entries=22311 entriesPerRoundX100=185 suppressed=10283 stageOverflowDrops=1
LogOGRelayProbe: Warning: [Warning][RelayProbe.Budget] conn=28300 frames=120 elapsedMs=2032 netSpeedBps=250000 allowanceBytesPerTick=4166 outBytes=63104 bytesPerTick=525 occupancyPctX10=126
LogOGRelayProbe: Warning: [Warning][RelayProbe.Budget] conn=28300 queuedBits min=-66666 max=-63140 mean=-65634 notReadyFrames=0 outPackets=123 bytesPerPacket=513 lost=0
LogOGInputRelay: Warning: [RelayFlush] window owner=OGBrawlerUECharacter_2147482375 flushedRounds=11928 entries=22194 entriesPerRoundX100=186 suppressed=10272 stageOverflowDrops=0
LogOGRelayProbe: Warning: [Warning][RelayProbe.Frame] role=Server simTicks=122 frames=124 meanTicksPerFrameX100=98 p50=1 p99=1 max=2 meanFrameUs=16505
LogOGRelayProbe: Warning: [Warning][RelayProbe.Frame] role=Server cadence dFrame1=116 dFrame0=0 dFrameGt1=4 discont=0 numSteps total=122 max=2 gt1=2
LogOGNet: Warning: [Warning][InputStats] dropped 0 / 236 remote inputs = 0%
LogOGRelayProbe: Warning: [Warning][RelayProbe.Budget] conn=28258 frames=120 elapsedMs=1996 netSpeedBps=250000 allowanceBytesPerTick=4166 outBytes=62314 bytesPerTick=519 occupancyPctX10=124
LogOGRelayProbe: Warning: [Warning][RelayProbe.Budget] conn=28258 queuedBits min=-66666 max=-63142 mean=-65604 notReadyFrames=0 outPackets=121 bytesPerPacket=514 lost=0
LogOGInputRelay: Warning: [RelayFlush] window owner=OGBrawlerUECharacter_2147482398 flushedRounds=12093 entries=22429 entriesPerRoundX100=185 suppressed=10347 stageOverflowDrops=1
LogOGRelayProbe: Warning: [Warning][RelayProbe.Budget] conn=28300 frames=120 elapsedMs=2011 netSpeedBps=250000 allowanceBytesPerTick=4166 outBytes=62503 bytesPerTick=520 occupancyPctX10=124
LogOGRelayProbe: Warning: [Warning][RelayProbe.Budget] conn=28300 queuedBits min=-66666 max=-63354 mean=-65868 notReadyFrames=0 outPackets=121 bytesPerPacket=516 lost=2
LogOGRelayProbe: Warning: [Warning][RelayProbe.Write] id=28281 runs=120 writes=246 observableWrites=246 captureSpan=246 receivedX1000=1000 observableX1000=1000 deliverableX1000=1000 replaceLatestObservableX1000=487
LogOGRelayProbe: Warning: [Warning][RelayProbe.Write] id=28281 writesPerFrame p50=2 p99=5 max=5 emptyFrames=127 nonConsecutive=0 missedCaptureTicks=0 captures=[22942,23187] discont=0
LogOGInputRelay: Warning: [RelayFlush] window owner=OGBrawlerUECharacter_2147482375 flushedRounds=11995 entries=22315 entriesPerRoundX100=186 suppressed=10325 stageOverflowDrops=0
LogOGRelayProbe: Warning: [Warning][RelayProbe.Frame] role=Server simTicks=121 frames=121 meanTicksPerFrameX100=100 p50=1 p99=1 max=2 meanFrameUs=16665
LogOGRelayProbe: Warning: [Warning][RelayProbe.Frame] role=Server cadence dFrame1=119 dFrame0=0 dFrameGt1=1 discont=0 numSteps total=121 max=2 gt1=1
LogOGRelayProbe: Warning: [Warning][RelayProbe.Write] id=28322 runs=120 writes=224 observableWrites=224 captureSpan=224 receivedX1000=1000 observableX1000=1000 deliverableX1000=1000 replaceLatestObservableX1000=535
LogOGRelayProbe: Warning: [Warning][RelayProbe.Write] id=28322 writesPerFrame p50=2 p99=4 max=4 emptyFrames=104 nonConsecutive=0 missedCaptureTicks=0 captures=[22977,23200] discont=0
LogOGNet: Warning: [Warning][InputStats] dropped 0 / 238 remote inputs = 0%
LogOGRelayProbe: Warning: [Warning][RelayProbe.Budget] conn=28258 frames=120 elapsedMs=2019 netSpeedBps=250000 allowanceBytesPerTick=4166 outBytes=62322 bytesPerTick=519 occupancyPctX10=124
LogOGRelayProbe: Warning: [Warning][RelayProbe.Budget] conn=28258 queuedBits min=-66666 max=-63616 mean=-65999 notReadyFrames=0 outPackets=121 bytesPerPacket=515 lost=2
LogOGInputRelay: Warning: [RelayFlush] window owner=OGBrawlerUECharacter_2147482398 flushedRounds=12152 entries=22551 entriesPerRoundX100=185 suppressed=10408 stageOverflowDrops=1
LogOGRelayProbe: Warning: [Warning][RelayProbe.Budget] conn=28300 frames=120 elapsedMs=2007 netSpeedBps=250000 allowanceBytesPerTick=4166 outBytes=62373 bytesPerTick=519 occupancyPctX10=124
LogOGRelayProbe: Warning: [Warning][RelayProbe.Budget] conn=28300 queuedBits min=-66666 max=-63616 mean=-65817 notReadyFrames=0 outPackets=121 bytesPerPacket=515 lost=2
LogOGInputRelay: Warning: [RelayFlush] window owner=OGBrawlerUECharacter_2147482375 flushedRounds=12058 entries=22434 entriesPerRoundX100=186 suppressed=10382 stageOverflowDrops=0
LogOGRelayProbe: Warning: [Warning][RelayProbe.Frame] role=Server simTicks=120 frames=120 meanTicksPerFrameX100=100 p50=1 p99=1 max=1 meanFrameUs=16593
LogOGRelayProbe: Warning: [Warning][RelayProbe.Frame] role=Server cadence dFrame1=120 dFrame0=0 dFrameGt1=0 discont=0 numSteps total=120 max=1 gt1=0
LogOGNet: Warning: [Warning][InputStats] dropped 0 / 238 remote inputs = 0%
LogOGRelayProbe: Warning: [Warning][RelayProbe.Budget] conn=28258 frames=120 elapsedMs=1989 netSpeedBps=250000 allowanceBytesPerTick=4166 outBytes=62228 bytesPerTick=518 occupancyPctX10=124
LogOGRelayProbe: Warning: [Warning][RelayProbe.Budget] conn=28258 queuedBits min=-66666 max=-63148 mean=-65811 notReadyFrames=0 outPackets=120 bytesPerPacket=518 lost=2
LogOGInputRelay: Warning: [RelayFlush] window owner=OGBrawlerUECharacter_2147482398 flushedRounds=12217 entries=22670 entriesPerRoundX100=185 suppressed=10463 stageOverflowDrops=1
LogOGRelayProbe: Warning: [Warning][RelayProbe.Write] id=28281 runs=120 writes=228 observableWrites=228 captureSpan=228 receivedX1000=1000 observableX1000=1000 deliverableX1000=1000 replaceLatestObservableX1000=526
LogOGRelayProbe: Warning: [Warning][RelayProbe.Write] id=28281 writesPerFrame p50=2 p99=4 max=4 emptyFrames=109 nonConsecutive=0 missedCaptureTicks=0 captures=[23188,23415] discont=0
LogOGRelayProbe: Warning: [Warning][RelayProbe.Budget] conn=28300 frames=120 elapsedMs=2024 netSpeedBps=250000 allowanceBytesPerTick=4166 outBytes=62972 bytesPerTick=524 occupancyPctX10=125
LogOGRelayProbe: Warning: [Warning][RelayProbe.Budget] conn=28300 queuedBits min=-66666 max=-63148 mean=-65841 notReadyFrames=0 outPackets=122 bytesPerPacket=516 lost=1
LogOGRelayProbe: Warning: [Warning][RelayProbe.Write] id=28322 runs=120 writes=220 observableWrites=220 captureSpan=220 receivedX1000=1000 observableX1000=1000 deliverableX1000=1000 replaceLatestObservableX1000=545
LogOGRelayProbe: Warning: [Warning][RelayProbe.Write] id=28322 writesPerFrame p50=2 p99=4 max=4 emptyFrames=102 nonConsecutive=0 missedCaptureTicks=0 captures=[23201,23420] discont=0
LogOGInputRelay: Warning: [RelayFlush] window owner=OGBrawlerUECharacter_2147482375 flushedRounds=12125 entries=22554 entriesPerRoundX100=186 suppressed=10435 stageOverflowDrops=0
LogOGRelayProbe: Warning: [Warning][RelayProbe.Frame] role=Server simTicks=123 frames=123 meanTicksPerFrameX100=100 p50=1 p99=2 max=2 meanFrameUs=16620
LogOGRelayProbe: Warning: [Warning][RelayProbe.Frame] role=Server cadence dFrame1=117 dFrame0=0 dFrameGt1=3 discont=0 numSteps total=123 max=2 gt1=3
LogOGNet: Warning: [Warning][InputStats] dropped 0 / 238 remote inputs = 0%
LogOGRelayProbe: Warning: [Warning][RelayProbe.Budget] conn=28258 frames=120 elapsedMs=2081 netSpeedBps=250000 allowanceBytesPerTick=4166 outBytes=64260 bytesPerTick=535 occupancyPctX10=128
LogOGRelayProbe: Warning: [Warning][RelayProbe.Budget] conn=28258 queuedBits min=-66666 max=-63512 mean=-65928 notReadyFrames=0 outPackets=125 bytesPerPacket=514 lost=1
LogOGInputRelay: Warning: [RelayFlush] window owner=OGBrawlerUECharacter_2147482398 flushedRounds=12283 entries=22790 entriesPerRoundX100=185 suppressed=10517 stageOverflowDrops=1
LogOGRelayProbe: Warning: [Warning][RelayProbe.Budget] conn=28300 frames=120 elapsedMs=2069 netSpeedBps=250000 allowanceBytesPerTick=4166 outBytes=63888 bytesPerTick=532 occupancyPctX10=127
LogOGRelayProbe: Warning: [Warning][RelayProbe.Budget] conn=28300 queuedBits min=-66666 max=-63560 mean=-66020 notReadyFrames=0 outPackets=124 bytesPerPacket=515 lost=1
LogOGInputRelay: Warning: [RelayFlush] window owner=OGBrawlerUECharacter_2147482375 flushedRounds=12183 entries=22674 entriesPerRoundX100=186 suppressed=10497 stageOverflowDrops=0
LogOGRelayProbe: Warning: [Warning][RelayProbe.Frame] role=Server simTicks=123 frames=123 meanTicksPerFrameX100=100 p50=1 p99=2 max=2 meanFrameUs=16694
LogOGRelayProbe: Warning: [Warning][RelayProbe.Frame] role=Server cadence dFrame1=117 dFrame0=0 dFrameGt1=3 discont=0 numSteps total=123 max=2 gt1=3
LogOGNet: Warning: [Warning][InputStats] dropped 0 / 238 remote inputs = 0%
LogOGRelayProbe: Warning: [Warning][RelayProbe.Budget] conn=28258 frames=120 elapsedMs=2032 netSpeedBps=250000 allowanceBytesPerTick=4166 outBytes=62924 bytesPerTick=524 occupancyPctX10=125
LogOGRelayProbe: Warning: [Warning][RelayProbe.Budget] conn=28258 queuedBits min=-66666 max=-62972 mean=-65995 notReadyFrames=0 outPackets=122 bytesPerPacket=515 lost=1
LogOGInputRelay: Warning: [RelayFlush] window owner=OGBrawlerUECharacter_2147482398 flushedRounds=12343 entries=22908 entriesPerRoundX100=185 suppressed=10577 stageOverflowDrops=1
LogOGRelayProbe: Warning: [Warning][RelayProbe.Write] id=28281 runs=120 writes=221 observableWrites=221 captureSpan=221 receivedX1000=1000 observableX1000=1000 deliverableX1000=1000 replaceLatestObservableX1000=542
LogOGRelayProbe: Warning: [Warning][RelayProbe.Write] id=28281 writesPerFrame p50=2 p99=4 max=5 emptyFrames=100 nonConsecutive=0 missedCaptureTicks=0 captures=[23416,23636] discont=0
LogOGRelayProbe: Warning: [Warning][RelayProbe.Write] id=28322 runs=120 writes=224 observableWrites=224 captureSpan=224 receivedX1000=1000 observableX1000=1000 deliverableX1000=1000 replaceLatestObservableX1000=535
LogOGRelayProbe: Warning: [Warning][RelayProbe.Write] id=28322 writesPerFrame p50=2 p99=4 max=4 emptyFrames=104 nonConsecutive=0 missedCaptureTicks=0 captures=[23421,23644] discont=0
LogOGRelayProbe: Warning: [Warning][RelayProbe.Budget] conn=28300 frames=120 elapsedMs=2051 netSpeedBps=250000 allowanceBytesPerTick=4166 outBytes=63511 bytesPerTick=529 occupancyPctX10=126
LogOGRelayProbe: Warning: [Warning][RelayProbe.Budget] conn=28300 queuedBits min=-66666 max=-62972 mean=-66012 notReadyFrames=0 outPackets=123 bytesPerPacket=516 lost=3
LogOGInputRelay: Warning: [RelayFlush] window owner=OGBrawlerUECharacter_2147482375 flushedRounds=12254 entries=22793 entriesPerRoundX100=186 suppressed=10546 stageOverflowDrops=0
LogOGRelayProbe: Warning: [Warning][RelayProbe.Frame] role=Server simTicks=123 frames=123 meanTicksPerFrameX100=100 p50=1 p99=2 max=2 meanFrameUs=16674
LogOGRelayProbe: Warning: [Warning][RelayProbe.Frame] role=Server cadence dFrame1=117 dFrame0=0 dFrameGt1=3 discont=0 numSteps total=123 max=2 gt1=3
LogOGNet: Warning: [Warning][InputStats] dropped 0 / 238 remote inputs = 0%
LogOGRelayProbe: Warning: [Warning][RelayProbe.Budget] conn=28258 frames=120 elapsedMs=2047 netSpeedBps=250000 allowanceBytesPerTick=4166 outBytes=63424 bytesPerTick=528 occupancyPctX10=126
LogOGRelayProbe: Warning: [Warning][RelayProbe.Budget] conn=28258 queuedBits min=-66666 max=-63552 mean=-65946 notReadyFrames=0 outPackets=123 bytesPerPacket=515 lost=1
LogOGInputRelay: Warning: [RelayFlush] window owner=OGBrawlerUECharacter_2147482398 flushedRounds=12407 entries=23028 entriesPerRoundX100=185 suppressed=10633 stageOverflowDrops=1
LogOGRelayProbe: Warning: [Warning][RelayProbe.Budget] conn=28300 frames=120 elapsedMs=2008 netSpeedBps=250000 allowanceBytesPerTick=4166 outBytes=62368 bytesPerTick=519 occupancyPctX10=124
LogOGRelayProbe: Warning: [Warning][RelayProbe.Budget] conn=28300 queuedBits min=-66666 max=-63604 mean=-65867 notReadyFrames=0 outPackets=121 bytesPerPacket=515 lost=0
LogOGInputRelay: Warning: [RelayFlush] window owner=OGBrawlerUECharacter_2147482375 flushedRounds=12317 entries=22913 entriesPerRoundX100=186 suppressed=10603 stageOverflowDrops=0
LogOGNet: Warning: [Warning][InputStats] dropped 0 / 238 remote inputs = 0%
LogOGRelayProbe: Warning: [Warning][RelayProbe.Frame] role=Server simTicks=120 frames=121 meanTicksPerFrameX100=99 p50=1 p99=1 max=1 meanFrameUs=16595
LogOGRelayProbe: Warning: [Warning][RelayProbe.Frame] role=Server cadence dFrame1=119 dFrame0=0 dFrameGt1=1 discont=0 numSteps total=120 max=1 gt1=0
LogOGRelayProbe: Warning: [Warning][RelayProbe.Budget] conn=28258 frames=120 elapsedMs=1991 netSpeedBps=250000 allowanceBytesPerTick=4166 outBytes=61884 bytesPerTick=515 occupancyPctX10=123
LogOGRelayProbe: Warning: [Warning][RelayProbe.Budget] conn=28258 queuedBits min=-66666 max=-63154 mean=-65861 notReadyFrames=0 outPackets=120 bytesPerPacket=515 lost=2
LogOGInputRelay: Warning: [RelayFlush] window owner=OGBrawlerUECharacter_2147482398 flushedRounds=12477 entries=23150 entriesPerRoundX100=185 suppressed=10683 stageOverflowDrops=1
LogOGRelayProbe: Warning: [Warning][RelayProbe.Write] id=28281 runs=120 writes=220 observableWrites=220 captureSpan=220 receivedX1000=1000 observableX1000=1000 deliverableX1000=1000 replaceLatestObservableX1000=545
LogOGRelayProbe: Warning: [Warning][RelayProbe.Write] id=28281 writesPerFrame p50=2 p99=4 max=4 emptyFrames=101 nonConsecutive=0 missedCaptureTicks=0 captures=[23637,23856] discont=0
LogOGRelayProbe: Warning: [Warning][RelayProbe.Write] id=28322 runs=120 writes=228 observableWrites=228 captureSpan=228 receivedX1000=1000 observableX1000=1000 deliverableX1000=1000 replaceLatestObservableX1000=526
LogOGRelayProbe: Warning: [Warning][RelayProbe.Write] id=28322 writesPerFrame p50=2 p99=4 max=4 emptyFrames=108 nonConsecutive=0 missedCaptureTicks=0 captures=[23645,23872] discont=0
LogOGRelayProbe: Warning: [Warning][RelayProbe.Budget] conn=28300 frames=120 elapsedMs=1990 netSpeedBps=250000 allowanceBytesPerTick=4166 outBytes=62010 bytesPerTick=516 occupancyPctX10=123
LogOGRelayProbe: Warning: [Warning][RelayProbe.Budget] conn=28300 queuedBits min=-66666 max=-63154 mean=-65745 notReadyFrames=0 outPackets=120 bytesPerPacket=516 lost=1
LogOGInputRelay: Warning: [RelayFlush] window owner=OGBrawlerUECharacter_2147482375 flushedRounds=12380 entries=23034 entriesPerRoundX100=186 suppressed=10660 stageOverflowDrops=0
LogOGNet: Warning: [Warning][InputStats] dropped 0 / 238 remote inputs = 0%
LogOGRelayProbe: Warning: [Warning][RelayProbe.Frame] role=Server simTicks=120 frames=120 meanTicksPerFrameX100=100 p50=1 p99=1 max=1 meanFrameUs=16578
LogOGRelayProbe: Warning: [Warning][RelayProbe.Frame] role=Server cadence dFrame1=120 dFrame0=0 dFrameGt1=0 discont=0 numSteps total=120 max=1 gt1=0
LogOGRelayProbe: Warning: [Warning][RelayProbe.Budget] conn=28258 frames=120 elapsedMs=2024 netSpeedBps=250000 allowanceBytesPerTick=4166 outBytes=63060 bytesPerTick=525 occupancyPctX10=126
LogOGRelayProbe: Warning: [Warning][RelayProbe.Budget] conn=28258 queuedBits min=-66666 max=-63842 mean=-65775 notReadyFrames=0 outPackets=122 bytesPerPacket=516 lost=4
LogOGInputRelay: Warning: [RelayFlush] window owner=OGBrawlerUECharacter_2147482398 flushedRounds=12543 entries=23268 entriesPerRoundX100=185 suppressed=10737 stageOverflowDrops=1
LogOGRelayProbe: Warning: [Warning][RelayProbe.Budget] conn=28300 frames=120 elapsedMs=2031 netSpeedBps=250000 allowanceBytesPerTick=4166 outBytes=62888 bytesPerTick=524 occupancyPctX10=125
LogOGRelayProbe: Warning: [Warning][RelayProbe.Budget] conn=28300 queuedBits min=-66666 max=-63238 mean=-65962 notReadyFrames=0 outPackets=122 bytesPerPacket=515 lost=1
LogOGInputRelay: Warning: [RelayFlush] window owner=OGBrawlerUECharacter_2147482375 flushedRounds=12450 entries=23153 entriesPerRoundX100=185 suppressed=10710 stageOverflowDrops=0
LogOGNet: Warning: [Warning][InputStats] dropped 0 / 238 remote inputs = 0%
LogOGRelayProbe: Warning: [Warning][RelayProbe.Frame] role=Server simTicks=122 frames=123 meanTicksPerFrameX100=99 p50=1 p99=1 max=2 meanFrameUs=16636
LogOGRelayProbe: Warning: [Warning][RelayProbe.Frame] role=Server cadence dFrame1=117 dFrame0=0 dFrameGt1=3 discont=0 numSteps total=122 max=2 gt1=2
LogOGRelayProbe: Warning: [Warning][RelayProbe.Write] id=28281 runs=120 writes=220 observableWrites=220 captureSpan=220 receivedX1000=1000 observableX1000=1000 deliverableX1000=1000 replaceLatestObservableX1000=545
LogOGRelayProbe: Warning: [Warning][RelayProbe.Write] id=28281 writesPerFrame p50=2 p99=4 max=5 emptyFrames=101 nonConsecutive=0 missedCaptureTicks=0 captures=[23857,24076] discont=0
LogOGRelayProbe: Warning: [Warning][RelayProbe.Write] id=28322 runs=120 writes=207 observableWrites=207 captureSpan=207 receivedX1000=1000 observableX1000=1000 deliverableX1000=1000 replaceLatestObservableX1000=579
LogOGRelayProbe: Warning: [Warning][RelayProbe.Write] id=28322 writesPerFrame p50=2 p99=4 max=4 emptyFrames=88 nonConsecutive=0 missedCaptureTicks=0 captures=[23873,24079] discont=0
LogOGInputRelay: Warning: [RelayFlush] window owner=OGBrawlerUECharacter_2147482398 flushedRounds=12606 entries=23388 entriesPerRoundX100=185 suppressed=10794 stageOverflowDrops=1
LogOGRelayProbe: Warning: [Warning][RelayProbe.Budget] conn=28258 frames=120 elapsedMs=2035 netSpeedBps=250000 allowanceBytesPerTick=4166 outBytes=63135 bytesPerTick=526 occupancyPctX10=126
LogOGRelayProbe: Warning: [Warning][RelayProbe.Budget] conn=28258 queuedBits min=-66666 max=-63238 mean=-65985 notReadyFrames=0 outPackets=122 bytesPerPacket=517 lost=1
LogOGInputRelay: Warning: [RelayFlush] window owner=OGBrawlerUECharacter_2147482375 flushedRounds=12516 entries=23272 entriesPerRoundX100=185 suppressed=10764 stageOverflowDrops=0
LogOGRelayProbe: Warning: [Warning][RelayProbe.Budget] conn=28300 frames=120 elapsedMs=2054 netSpeedBps=250000 allowanceBytesPerTick=4166 outBytes=63766 bytesPerTick=531 occupancyPctX10=127
LogOGRelayProbe: Warning: [Warning][RelayProbe.Budget] conn=28300 queuedBits min=-66666 max=-63078 mean=-65685 notReadyFrames=0 outPackets=124 bytesPerPacket=514 lost=3
LogOGNet: Warning: [Warning][InputStats] dropped 0 / 238 remote inputs = 0%
LogOGRelayProbe: Warning: [Warning][RelayProbe.Frame] role=Server simTicks=123 frames=123 meanTicksPerFrameX100=100 p50=1 p99=2 max=2 meanFrameUs=16564
LogOGRelayProbe: Warning: [Warning][RelayProbe.Frame] role=Server cadence dFrame1=117 dFrame0=0 dFrameGt1=3 discont=0 numSteps total=123 max=2 gt1=3
LogOGInputRelay: Warning: [RelayFlush] window owner=OGBrawlerUECharacter_2147482398 flushedRounds=12667 entries=23508 entriesPerRoundX100=185 suppressed=10853 stageOverflowDrops=1
LogOGRelayProbe: Warning: [Warning][RelayProbe.Budget] conn=28258 frames=120 elapsedMs=2029 netSpeedBps=250000 allowanceBytesPerTick=4166 outBytes=63175 bytesPerTick=526 occupancyPctX10=126
LogOGRelayProbe: Warning: [Warning][RelayProbe.Budget] conn=28258 queuedBits min=-66666 max=-63078 mean=-65619 notReadyFrames=0 outPackets=123 bytesPerPacket=513 lost=0
LogOGInputRelay: Warning: [RelayFlush] window owner=OGBrawlerUECharacter_2147482375 flushedRounds=12582 entries=23390 entriesPerRoundX100=185 suppressed=10818 stageOverflowDrops=0
LogOGRelayProbe: Warning: [Warning][RelayProbe.Budget] conn=28300 frames=120 elapsedMs=2004 netSpeedBps=250000 allowanceBytesPerTick=4166 outBytes=62394 bytesPerTick=519 occupancyPctX10=124
LogOGRelayProbe: Warning: [Warning][RelayProbe.Budget] conn=28300 queuedBits min=-66666 max=-63378 mean=-65748 notReadyFrames=0 outPackets=121 bytesPerPacket=515 lost=2
LogOGNet: Warning: [Warning][InputStats] dropped 0 / 238 remote inputs = 0%
LogOGRelayProbe: Warning: [Warning][RelayProbe.Frame] role=Server simTicks=120 frames=121 meanTicksPerFrameX100=99 p50=1 p99=1 max=1 meanFrameUs=16580
LogOGRelayProbe: Warning: [Warning][RelayProbe.Frame] role=Server cadence dFrame1=119 dFrame0=0 dFrameGt1=1 discont=0 numSteps total=120 max=1 gt1=0
LogOGRelayProbe: Warning: [Warning][RelayProbe.Write] id=28322 runs=120 writes=221 observableWrites=221 captureSpan=221 receivedX1000=1000 observableX1000=1000 deliverableX1000=1000 replaceLatestObservableX1000=542
LogOGRelayProbe: Warning: [Warning][RelayProbe.Write] id=28322 writesPerFrame p50=2 p99=4 max=4 emptyFrames=102 nonConsecutive=0 missedCaptureTicks=0 captures=[24080,24300] discont=0
LogOGRelayProbe: Warning: [Warning][RelayProbe.Write] id=28281 runs=120 writes=234 observableWrites=234 captureSpan=234 receivedX1000=1000 observableX1000=1000 deliverableX1000=1000 replaceLatestObservableX1000=512
LogOGRelayProbe: Warning: [Warning][RelayProbe.Write] id=28281 writesPerFrame p50=2 p99=4 max=4 emptyFrames=115 nonConsecutive=0 missedCaptureTicks=0 captures=[24077,24310] discont=0
LogOGInputRelay: Warning: [RelayFlush] window owner=OGBrawlerUECharacter_2147482398 flushedRounds=12730 entries=23627 entriesPerRoundX100=185 suppressed=10910 stageOverflowDrops=1
LogOGRelayProbe: Warning: [Warning][RelayProbe.Budget] conn=28258 frames=120 elapsedMs=1995 netSpeedBps=250000 allowanceBytesPerTick=4166 outBytes=61900 bytesPerTick=515 occupancyPctX10=123
LogOGRelayProbe: Warning: [Warning][RelayProbe.Budget] conn=28258 queuedBits min=-66666 max=-64054 mean=-65895 notReadyFrames=0 outPackets=120 bytesPerPacket=515 lost=1
LogOGInputRelay: Warning: [RelayFlush] window owner=OGBrawlerUECharacter_2147482375 flushedRounds=12649 entries=23511 entriesPerRoundX100=185 suppressed=10871 stageOverflowDrops=0
LogOGRelayProbe: Warning: [Warning][RelayProbe.Budget] conn=28300 frames=120 elapsedMs=2024 netSpeedBps=250000 allowanceBytesPerTick=4166 outBytes=62627 bytesPerTick=521 occupancyPctX10=125
LogOGRelayProbe: Warning: [Warning][RelayProbe.Budget] conn=28300 queuedBits min=-66666 max=-63382 mean=-66092 notReadyFrames=0 outPackets=121 bytesPerPacket=517 lost=0
LogOGNet: Warning: [Warning][InputStats] dropped 0 / 238 remote inputs = 0%
LogOGRelayProbe: Warning: [Warning][RelayProbe.Frame] role=Server simTicks=122 frames=122 meanTicksPerFrameX100=100 p50=1 p99=2 max=2 meanFrameUs=16711
LogOGRelayProbe: Warning: [Warning][RelayProbe.Frame] role=Server cadence dFrame1=118 dFrame0=0 dFrameGt1=2 discont=0 numSteps total=122 max=2 gt1=2
LogOGInputRelay: Warning: [RelayFlush] window owner=OGBrawlerUECharacter_2147482398 flushedRounds=12795 entries=23746 entriesPerRoundX100=185 suppressed=10965 stageOverflowDrops=1
LogOGRelayProbe: Warning: [Warning][RelayProbe.Budget] conn=28258 frames=120 elapsedMs=2037 netSpeedBps=250000 allowanceBytesPerTick=4166 outBytes=62993 bytesPerTick=524 occupancyPctX10=125
LogOGRelayProbe: Warning: [Warning][RelayProbe.Budget] conn=28258 queuedBits min=-66666 max=-63382 mean=-66028 notReadyFrames=0 outPackets=122 bytesPerPacket=516 lost=2
LogOGInputRelay: Warning: [RelayFlush] window owner=OGBrawlerUECharacter_2147482375 flushedRounds=12709 entries=23631 entriesPerRoundX100=185 suppressed=10931 stageOverflowDrops=0
LogOGRelayProbe: Warning: [Warning][RelayProbe.Budget] conn=28300 frames=120 elapsedMs=2012 netSpeedBps=250000 allowanceBytesPerTick=4166 outBytes=62366 bytesPerTick=519 occupancyPctX10=124
LogOGRelayProbe: Warning: [Warning][RelayProbe.Budget] conn=28300 queuedBits min=-66666 max=-63628 mean=-65873 notReadyFrames=0 outPackets=121 bytesPerPacket=515 lost=0
LogOGNet: Warning: [Warning][InputStats] dropped 0 / 238 remote inputs = 0%
LogOGRelayProbe: Warning: [Warning][RelayProbe.Write] id=28281 runs=120 writes=220 observableWrites=220 captureSpan=220 receivedX1000=1000 observableX1000=1000 deliverableX1000=1000 replaceLatestObservableX1000=545
LogOGRelayProbe: Warning: [Warning][RelayProbe.Write] id=28281 writesPerFrame p50=2 p99=4 max=4 emptyFrames=98 nonConsecutive=0 missedCaptureTicks=0 captures=[24311,24530] discont=0
LogOGRelayProbe: Warning: [Warning][RelayProbe.Frame] role=Server simTicks=120 frames=120 meanTicksPerFrameX100=100 p50=1 p99=1 max=1 meanFrameUs=16669
LogOGRelayProbe: Warning: [Warning][RelayProbe.Frame] role=Server cadence dFrame1=120 dFrame0=0 dFrameGt1=0 discont=0 numSteps total=120 max=1 gt1=0
LogOGRelayProbe: Warning: [Warning][RelayProbe.Write] id=28322 runs=120 writes=230 observableWrites=230 captureSpan=230 receivedX1000=1000 observableX1000=1000 deliverableX1000=1000 replaceLatestObservableX1000=521
LogOGRelayProbe: Warning: [Warning][RelayProbe.Write] id=28322 writesPerFrame p50=2 p99=4 max=5 emptyFrames=111 nonConsecutive=0 missedCaptureTicks=0 captures=[24301,24530] discont=0
LogOGInputRelay: Warning: [RelayFlush] window owner=OGBrawlerUECharacter_2147482398 flushedRounds=12860 entries=23867 entriesPerRoundX100=185 suppressed=11020 stageOverflowDrops=1
LogOGRelayProbe: Warning: [Warning][RelayProbe.Budget] conn=28258 frames=120 elapsedMs=1997 netSpeedBps=250000 allowanceBytesPerTick=4166 outBytes=62087 bytesPerTick=517 occupancyPctX10=124
LogOGRelayProbe: Warning: [Warning][RelayProbe.Budget] conn=28258 queuedBits min=-66666 max=-63354 mean=-65888 notReadyFrames=0 outPackets=120 bytesPerPacket=517 lost=0
LogOGInputRelay: Warning: [RelayFlush] window owner=OGBrawlerUECharacter_2147482375 flushedRounds=12770 entries=23752 entriesPerRoundX100=185 suppressed=10990 stageOverflowDrops=0
LogOGRelayProbe: Warning: [Warning][RelayProbe.Budget] conn=28300 frames=120 elapsedMs=1999 netSpeedBps=250000 allowanceBytesPerTick=4166 outBytes=61973 bytesPerTick=516 occupancyPctX10=123
LogOGRelayProbe: Warning: [Warning][RelayProbe.Budget] conn=28300 queuedBits min=-66666 max=-63354 mean=-65939 notReadyFrames=0 outPackets=120 bytesPerPacket=516 lost=1
LogOGNet: Warning: [Warning][InputStats] dropped 0 / 238 remote inputs = 0%
LogOGRelayProbe: Warning: [Warning][RelayProbe.Frame] role=Server simTicks=120 frames=120 meanTicksPerFrameX100=100 p50=1 p99=1 max=1 meanFrameUs=16661
LogOGRelayProbe: Warning: [Warning][RelayProbe.Frame] role=Server cadence dFrame1=120 dFrame0=0 dFrameGt1=0 discont=0 numSteps total=120 max=1 gt1=0
LogOGInputRelay: Warning: [RelayFlush] window owner=OGBrawlerUECharacter_2147482398 flushedRounds=12923 entries=23987 entriesPerRoundX100=185 suppressed=11077 stageOverflowDrops=1
LogOGRelayProbe: Warning: [Warning][RelayProbe.Budget] conn=28258 frames=120 elapsedMs=2001 netSpeedBps=250000 allowanceBytesPerTick=4166 outBytes=62029 bytesPerTick=516 occupancyPctX10=123
LogOGRelayProbe: Warning: [Warning][RelayProbe.Budget] conn=28258 queuedBits min=-66666 max=-63434 mean=-65960 notReadyFrames=0 outPackets=120 bytesPerPacket=516 lost=4
LogOGInputRelay: Warning: [RelayFlush] window owner=OGBrawlerUECharacter_2147482375 flushedRounds=12836 entries=23873 entriesPerRoundX100=185 suppressed=11044 stageOverflowDrops=0
LogOGRelayProbe: Warning: [Warning][RelayProbe.Budget] conn=28300 frames=120 elapsedMs=2002 netSpeedBps=250000 allowanceBytesPerTick=4166 outBytes=62049 bytesPerTick=517 occupancyPctX10=124
LogOGRelayProbe: Warning: [Warning][RelayProbe.Budget] conn=28300 queuedBits min=-66666 max=-63434 mean=-65994 notReadyFrames=0 outPackets=120 bytesPerPacket=517 lost=1
LogOGNet: Warning: [Warning][InputStats] dropped 0 / 238 remote inputs = 0%
LogOGRelayProbe: Warning: [Warning][RelayProbe.Write] id=28322 runs=120 writes=228 observableWrites=228 captureSpan=228 receivedX1000=1000 observableX1000=1000 deliverableX1000=1000 replaceLatestObservableX1000=526
LogOGRelayProbe: Warning: [Warning][RelayProbe.Write] id=28322 writesPerFrame p50=2 p99=4 max=4 emptyFrames=107 nonConsecutive=0 missedCaptureTicks=0 captures=[24531,24758] discont=0
LogOGRelayProbe: Warning: [Warning][RelayProbe.Write] id=28281 runs=120 writes=231 observableWrites=231 captureSpan=231 receivedX1000=1000 observableX1000=1000 deliverableX1000=1000 replaceLatestObservableX1000=519
LogOGRelayProbe: Warning: [Warning][RelayProbe.Write] id=28281 writesPerFrame p50=2 p99=4 max=4 emptyFrames=112 nonConsecutive=0 missedCaptureTicks=0 captures=[24531,24761] discont=0
LogOGRelayProbe: Warning: [Warning][RelayProbe.Frame] role=Server simTicks=120 frames=120 meanTicksPerFrameX100=100 p50=1 p99=1 max=1 meanFrameUs=16655
LogOGRelayProbe: Warning: [Warning][RelayProbe.Frame] role=Server cadence dFrame1=120 dFrame0=0 dFrameGt1=0 discont=0 numSteps total=120 max=1 gt1=0
LogOGInputRelay: Warning: [RelayFlush] window owner=OGBrawlerUECharacter_2147482398 flushedRounds=12985 entries=24107 entriesPerRoundX100=185 suppressed=11135 stageOverflowDrops=1
LogOGRelayProbe: Warning: [Warning][RelayProbe.Budget] conn=28258 frames=120 elapsedMs=1996 netSpeedBps=250000 allowanceBytesPerTick=4166 outBytes=61951 bytesPerTick=516 occupancyPctX10=123
LogOGRelayProbe: Warning: [Warning][RelayProbe.Budget] conn=28258 queuedBits min=-66666 max=-62936 mean=-65896 notReadyFrames=0 outPackets=120 bytesPerPacket=516 lost=1
LogOGInputRelay: Warning: [RelayFlush] window owner=OGBrawlerUECharacter_2147482375 flushedRounds=12900 entries=23990 entriesPerRoundX100=185 suppressed=11100 stageOverflowDrops=0
LogOGRelayProbe: Warning: [Warning][RelayProbe.Budget] conn=28300 frames=120 elapsedMs=1993 netSpeedBps=250000 allowanceBytesPerTick=4166 outBytes=61857 bytesPerTick=515 occupancyPctX10=123
LogOGRelayProbe: Warning: [Warning][RelayProbe.Budget] conn=28300 queuedBits min=-66666 max=-62936 mean=-65832 notReadyFrames=0 outPackets=120 bytesPerPacket=515 lost=1
LogOGNet: Warning: [Warning][InputStats] dropped 0 / 238 remote inputs = 0%
LogOGRelayProbe: Warning: [Warning][RelayProbe.Frame] role=Server simTicks=120 frames=120 meanTicksPerFrameX100=100 p50=1 p99=1 max=1 meanFrameUs=16630
LogOGRelayProbe: Warning: [Warning][RelayProbe.Frame] role=Server cadence dFrame1=120 dFrame0=0 dFrameGt1=0 discont=0 numSteps total=120 max=1 gt1=0
LogOGNet: Warning: [Warning][InputGap] id=28322 lastDelivered=24902 now=24904 dropped=1
LogOGInputRelay: Warning: [RelayFlush] window owner=OGBrawlerUECharacter_2147482398 flushedRounds=13047 entries=24225 entriesPerRoundX100=185 suppressed=11193 stageOverflowDrops=1
LogOGRelayProbe: Warning: [Warning][RelayProbe.Budget] conn=28258 frames=120 elapsedMs=1996 netSpeedBps=250000 allowanceBytesPerTick=4166 outBytes=61873 bytesPerTick=515 occupancyPctX10=123
LogOGRelayProbe: Warning: [Warning][RelayProbe.Budget] conn=28258 queuedBits min=-66666 max=-63084 mean=-65882 notReadyFrames=0 outPackets=120 bytesPerPacket=515 lost=1
LogOGRelayProbe: Warning: [Warning][RelayProbe.Write] id=28322 runs=120 writes=223 observableWrites=223 captureSpan=224 receivedX1000=995 observableX1000=1000 deliverableX1000=995 replaceLatestObservableX1000=538
LogOGRelayProbe: Warning: [Warning][RelayProbe.Write] id=28322 writesPerFrame p50=2 p99=4 max=5 emptyFrames=104 nonConsecutive=1 missedCaptureTicks=1 captures=[24759,24982] discont=0
LogOGInputRelay: Warning: [RelayFlush] window owner=OGBrawlerUECharacter_2147482375 flushedRounds=12963 entries=24111 entriesPerRoundX100=185 suppressed=11157 stageOverflowDrops=0
LogOGNet: Warning: [Warning][InputStats] dropped 1 / 238 remote inputs = 0%
LogOGRelayProbe: Warning: [Warning][RelayProbe.Budget] conn=28300 frames=120 elapsedMs=1993 netSpeedBps=250000 allowanceBytesPerTick=4166 outBytes=61985 bytesPerTick=516 occupancyPctX10=123
LogOGRelayProbe: Warning: [Warning][RelayProbe.Budget] conn=28300 queuedBits min=-66666 max=-63084 mean=-65893 notReadyFrames=0 outPackets=120 bytesPerPacket=516 lost=0
LogOGRelayProbe: Warning: [Warning][RelayProbe.Write] id=28281 runs=120 writes=233 observableWrites=233 captureSpan=233 receivedX1000=1000 observableX1000=1000 deliverableX1000=1000 replaceLatestObservableX1000=515
LogOGRelayProbe: Warning: [Warning][RelayProbe.Write] id=28281 writesPerFrame p50=2 p99=4 max=5 emptyFrames=114 nonConsecutive=0 missedCaptureTicks=0 captures=[24762,24994] discont=0
LogOGRelayProbe: Warning: [Warning][RelayProbe.Frame] role=Server simTicks=120 frames=120 meanTicksPerFrameX100=100 p50=1 p99=1 max=1 meanFrameUs=16625
LogOGRelayProbe: Warning: [Warning][RelayProbe.Frame] role=Server cadence dFrame1=120 dFrame0=0 dFrameGt1=0 discont=0 numSteps total=120 max=1 gt1=0
LogOGInputRelay: Warning: [RelayFlush] window owner=OGBrawlerUECharacter_2147482398 flushedRounds=13112 entries=24346 entriesPerRoundX100=185 suppressed=11248 stageOverflowDrops=1
LogOGRelayProbe: Warning: [Warning][RelayProbe.Budget] conn=28258 frames=120 elapsedMs=2007 netSpeedBps=250000 allowanceBytesPerTick=4166 outBytes=62336 bytesPerTick=519 occupancyPctX10=124
LogOGRelayProbe: Warning: [Warning][RelayProbe.Budget] conn=28258 queuedBits min=-66666 max=-63482 mean=-65848 notReadyFrames=0 outPackets=121 bytesPerPacket=515 lost=0
LogOGInputRelay: Warning: [RelayFlush] window owner=OGBrawlerUECharacter_2147482375 flushedRounds=13029 entries=24231 entriesPerRoundX100=185 suppressed=11211 stageOverflowDrops=0
LogOGNet: Warning: [Warning][InputStats] dropped 0 / 238 remote inputs = 0%
LogOGRelayProbe: Warning: [Warning][RelayProbe.Budget] conn=28300 frames=120 elapsedMs=2012 netSpeedBps=250000 allowanceBytesPerTick=4166 outBytes=62465 bytesPerTick=520 occupancyPctX10=124
LogOGRelayProbe: Warning: [Warning][RelayProbe.Budget] conn=28300 queuedBits min=-66666 max=-62862 mean=-65841 notReadyFrames=0 outPackets=121 bytesPerPacket=516 lost=1
LogOGRelayProbe: Warning: [Warning][RelayProbe.Frame] role=Server simTicks=120 frames=121 meanTicksPerFrameX100=99 p50=1 p99=1 max=1 meanFrameUs=16611
LogOGRelayProbe: Warning: [Warning][RelayProbe.Frame] role=Server cadence dFrame1=119 dFrame0=0 dFrameGt1=1 discont=0 numSteps total=120 max=1 gt1=0
LogOGInputRelay: Warning: [RelayFlush] window owner=OGBrawlerUECharacter_2147482398 flushedRounds=13177 entries=24464 entriesPerRoundX100=185 suppressed=11303 stageOverflowDrops=1
LogOGRelayProbe: Warning: [Warning][RelayProbe.Budget] conn=28258 frames=120 elapsedMs=1996 netSpeedBps=250000 allowanceBytesPerTick=4166 outBytes=62135 bytesPerTick=517 occupancyPctX10=124
LogOGRelayProbe: Warning: [Warning][RelayProbe.Budget] conn=28258 queuedBits min=-66666 max=-62862 mean=-65895 notReadyFrames=0 outPackets=120 bytesPerPacket=517 lost=2
LogOGRelayProbe: Warning: [Warning][RelayProbe.Write] id=28281 runs=120 writes=216 observableWrites=216 captureSpan=216 receivedX1000=1000 observableX1000=1000 deliverableX1000=1000 replaceLatestObservableX1000=555
LogOGRelayProbe: Warning: [Warning][RelayProbe.Write] id=28281 writesPerFrame p50=2 p99=5 max=5 emptyFrames=96 nonConsecutive=0 missedCaptureTicks=0 captures=[24995,25210] discont=0
LogOGRelayProbe: Warning: [Warning][RelayProbe.Write] id=28322 runs=120 writes=231 observableWrites=231 captureSpan=231 receivedX1000=1000 observableX1000=1000 deliverableX1000=1000 replaceLatestObservableX1000=519
LogOGRelayProbe: Warning: [Warning][RelayProbe.Write] id=28322 writesPerFrame p50=2 p99=4 max=5 emptyFrames=112 nonConsecutive=0 missedCaptureTicks=0 captures=[24983,25213] discont=0
LogOGInputRelay: Warning: [RelayFlush] window owner=OGBrawlerUECharacter_2147482375 flushedRounds=13090 entries=24349 entriesPerRoundX100=186 suppressed=11270 stageOverflowDrops=0
LogOGNet: Warning: [Warning][InputStats] dropped 0 / 238 remote inputs = 0%
LogOGRelayProbe: Warning: [Warning][RelayProbe.Budget] conn=28300 frames=120 elapsedMs=1989 netSpeedBps=250000 allowanceBytesPerTick=4166 outBytes=62161 bytesPerTick=518 occupancyPctX10=124
LogOGRelayProbe: Warning: [Warning][RelayProbe.Budget] conn=28300 queuedBits min=-66666 max=-63170 mean=-65776 notReadyFrames=0 outPackets=120 bytesPerPacket=518 lost=1
LogOGRelayProbe: Warning: [Warning][RelayProbe.Frame] role=Server simTicks=120 frames=121 meanTicksPerFrameX100=99 p50=1 p99=1 max=1 meanFrameUs=16541
LogOGRelayProbe: Warning: [Warning][RelayProbe.Frame] role=Server cadence dFrame1=119 dFrame0=0 dFrameGt1=1 discont=0 numSteps total=120 max=1 gt1=0
LogOGInputRelay: Warning: [RelayFlush] window owner=OGBrawlerUECharacter_2147482398 flushedRounds=13241 entries=24585 entriesPerRoundX100=185 suppressed=11359 stageOverflowDrops=1
LogOGRelayProbe: Warning: [Warning][RelayProbe.Budget] conn=28258 frames=120 elapsedMs=2000 netSpeedBps=250000 allowanceBytesPerTick=4166 outBytes=62538 bytesPerTick=521 occupancyPctX10=125
LogOGRelayProbe: Warning: [Warning][RelayProbe.Budget] conn=28258 queuedBits min=-66666 max=-63170 mean=-65686 notReadyFrames=0 outPackets=121 bytesPerPacket=516 lost=0
LogOGInputRelay: Warning: [RelayFlush] window owner=OGBrawlerUECharacter_2147482375 flushedRounds=13153 entries=24468 entriesPerRoundX100=186 suppressed=11327 stageOverflowDrops=0
LogOGNet: Warning: [Warning][InputStats] dropped 0 / 238 remote inputs = 0%
LogOGRelayProbe: Warning: [Warning][RelayProbe.Budget] conn=28300 frames=120 elapsedMs=2004 netSpeedBps=250000 allowanceBytesPerTick=4166 outBytes=62299 bytesPerTick=519 occupancyPctX10=124
LogOGRelayProbe: Warning: [Warning][RelayProbe.Budget] conn=28300 queuedBits min=-66666 max=-63506 mean=-65722 notReadyFrames=0 outPackets=121 bytesPerPacket=514 lost=2
LogOGRelayProbe: Warning: [Warning][RelayProbe.Frame] role=Server simTicks=120 frames=120 meanTicksPerFrameX100=100 p50=1 p99=1 max=1 meanFrameUs=16615
LogOGRelayProbe: Warning: [Warning][RelayProbe.Frame] role=Server cadence dFrame1=120 dFrame0=0 dFrameGt1=0 discont=0 numSteps total=120 max=1 gt1=0
LogOGInputRelay: Warning: [RelayFlush] window owner=OGBrawlerUECharacter_2147482398 flushedRounds=13309 entries=24704 entriesPerRoundX100=185 suppressed=11411 stageOverflowDrops=1
LogOGRelayProbe: Warning: [Warning][RelayProbe.Budget] conn=28258 frames=120 elapsedMs=1998 netSpeedBps=250000 allowanceBytesPerTick=4166 outBytes=61775 bytesPerTick=514 occupancyPctX10=123
LogOGRelayProbe: Warning: [Warning][RelayProbe.Budget] conn=28258 queuedBits min=-66666 max=-63448 mean=-65877 notReadyFrames=0 outPackets=120 bytesPerPacket=514 lost=0
LogOGRelayProbe: Warning: [Warning][RelayProbe.Write] id=28281 runs=120 writes=217 observableWrites=217 captureSpan=217 receivedX1000=1000 observableX1000=1000 deliverableX1000=1000 replaceLatestObservableX1000=552
LogOGRelayProbe: Warning: [Warning][RelayProbe.Write] id=28281 writesPerFrame p50=2 p99=4 max=5 emptyFrames=99 nonConsecutive=0 missedCaptureTicks=0 captures=[25211,25427] discont=0
LogOGRelayProbe: Warning: [Warning][RelayProbe.Write] id=28322 runs=120 writes=232 observableWrites=232 captureSpan=232 receivedX1000=1000 observableX1000=1000 deliverableX1000=1000 replaceLatestObservableX1000=517
LogOGRelayProbe: Warning: [Warning][RelayProbe.Write] id=28322 writesPerFrame p50=2 p99=5 max=5 emptyFrames=114 nonConsecutive=0 missedCaptureTicks=0 captures=[25214,25445] discont=0
LogOGInputRelay: Warning: [RelayFlush] window owner=OGBrawlerUECharacter_2147482375 flushedRounds=13210 entries=24588 entriesPerRoundX100=186 suppressed=11390 stageOverflowDrops=0
LogOGNet: Warning: [Warning][InputStats] dropped 0 / 238 remote inputs = 0%
LogOGRelayProbe: Warning: [Warning][RelayProbe.Budget] conn=28300 frames=120 elapsedMs=1994 netSpeedBps=250000 allowanceBytesPerTick=4166 outBytes=62095 bytesPerTick=517 occupancyPctX10=124
LogOGRelayProbe: Warning: [Warning][RelayProbe.Budget] conn=28300 queuedBits min=-66666 max=-62996 mean=-65868 notReadyFrames=0 outPackets=120 bytesPerPacket=517 lost=0
LogOGRelayProbe: Warning: [Warning][RelayProbe.Frame] role=Server simTicks=120 frames=120 meanTicksPerFrameX100=100 p50=1 p99=1 max=1 meanFrameUs=16618
LogOGRelayProbe: Warning: [Warning][RelayProbe.Frame] role=Server cadence dFrame1=120 dFrame0=0 dFrameGt1=0 discont=0 numSteps total=120 max=1 gt1=0
LogOGInputRelay: Warning: [RelayFlush] window owner=OGBrawlerUECharacter_2147482398 flushedRounds=13371 entries=24824 entriesPerRoundX100=185 suppressed=11469 stageOverflowDrops=1
LogOGRelayProbe: Warning: [Warning][RelayProbe.Budget] conn=28258 frames=120 elapsedMs=2002 netSpeedBps=250000 allowanceBytesPerTick=4166 outBytes=62464 bytesPerTick=520 occupancyPctX10=124
LogOGRelayProbe: Warning: [Warning][RelayProbe.Budget] conn=28258 queuedBits min=-66666 max=-62996 mean=-65691 notReadyFrames=0 outPackets=121 bytesPerPacket=516 lost=1
LogOGInputRelay: Warning: [RelayFlush] window owner=OGBrawlerUECharacter_2147482375 flushedRounds=13272 entries=24708 entriesPerRoundX100=186 suppressed=11448 stageOverflowDrops=0
LogOGNet: Warning: [Warning][InputStats] dropped 0 / 238 remote inputs = 0%
LogOGRelayProbe: Warning: [Warning][RelayProbe.Budget] conn=28300 frames=120 elapsedMs=2006 netSpeedBps=250000 allowanceBytesPerTick=4166 outBytes=62429 bytesPerTick=520 occupancyPctX10=124
LogOGRelayProbe: Warning: [Warning][RelayProbe.Budget] conn=28300 queuedBits min=-66666 max=-63116 mean=-65776 notReadyFrames=0 outPackets=121 bytesPerPacket=515 lost=1
LogOGRelayProbe: Warning: [Warning][RelayProbe.Frame] role=Server simTicks=120 frames=121 meanTicksPerFrameX100=99 p50=1 p99=1 max=1 meanFrameUs=16579
LogOGRelayProbe: Warning: [Warning][RelayProbe.Frame] role=Server cadence dFrame1=119 dFrame0=0 dFrameGt1=1 discont=0 numSteps total=120 max=1 gt1=0
LogOGInputRelay: Warning: [RelayFlush] window owner=OGBrawlerUECharacter_2147482398 flushedRounds=13437 entries=24943 entriesPerRoundX100=185 suppressed=11523 stageOverflowDrops=1
LogOGRelayProbe: Warning: [Warning][RelayProbe.Write] id=28281 runs=120 writes=223 observableWrites=223 captureSpan=223 receivedX1000=1000 observableX1000=1000 deliverableX1000=1000 replaceLatestObservableX1000=538
LogOGRelayProbe: Warning: [Warning][RelayProbe.Write] id=28281 writesPerFrame p50=2 p99=4 max=5 emptyFrames=106 nonConsecutive=0 missedCaptureTicks=0 captures=[25428,25650] discont=0
LogOGRelayProbe: Warning: [Warning][RelayProbe.Budget] conn=28258 frames=120 elapsedMs=1995 netSpeedBps=250000 allowanceBytesPerTick=4166 outBytes=62091 bytesPerTick=517 occupancyPctX10=124
LogOGRelayProbe: Warning: [Warning][RelayProbe.Budget] conn=28258 queuedBits min=-66666 max=-63658 mean=-65846 notReadyFrames=0 outPackets=120 bytesPerPacket=517 lost=2
LogOGRelayProbe: Warning: [Warning][RelayProbe.Write] id=28322 runs=120 writes=223 observableWrites=223 captureSpan=223 receivedX1000=1000 observableX1000=1000 deliverableX1000=1000 replaceLatestObservableX1000=538
LogOGRelayProbe: Warning: [Warning][RelayProbe.Write] id=28322 writesPerFrame p50=2 p99=3 max=4 emptyFrames=104 nonConsecutive=0 missedCaptureTicks=0 captures=[25446,25668] discont=0
LogOGInputRelay: Warning: [RelayFlush] window owner=OGBrawlerUECharacter_2147482375 flushedRounds=13336 entries=24829 entriesPerRoundX100=186 suppressed=11504 stageOverflowDrops=0
LogOGNet: Warning: [Warning][InputStats] dropped 0 / 238 remote inputs = 0%
LogOGRelayProbe: Warning: [Warning][RelayProbe.Budget] conn=28300 frames=120 elapsedMs=2001 netSpeedBps=250000 allowanceBytesPerTick=4166 outBytes=62058 bytesPerTick=517 occupancyPctX10=124
LogOGRelayProbe: Warning: [Warning][RelayProbe.Budget] conn=28300 queuedBits min=-66666 max=-63658 mean=-65963 notReadyFrames=0 outPackets=120 bytesPerPacket=517 lost=1
LogOGRelayProbe: Warning: [Warning][RelayProbe.Frame] role=Server simTicks=120 frames=120 meanTicksPerFrameX100=100 p50=1 p99=1 max=1 meanFrameUs=16672
LogOGRelayProbe: Warning: [Warning][RelayProbe.Frame] role=Server cadence dFrame1=120 dFrame0=0 dFrameGt1=0 discont=0 numSteps total=120 max=1 gt1=0
LogOGInputRelay: Warning: [RelayFlush] window owner=OGBrawlerUECharacter_2147482398 flushedRounds=13497 entries=25064 entriesPerRoundX100=185 suppressed=11583 stageOverflowDrops=1
LogOGRelayProbe: Warning: [Warning][RelayProbe.Budget] conn=28258 frames=120 elapsedMs=1997 netSpeedBps=250000 allowanceBytesPerTick=4166 outBytes=61980 bytesPerTick=516 occupancyPctX10=123
LogOGRelayProbe: Warning: [Warning][RelayProbe.Budget] conn=28258 queuedBits min=-66666 max=-63622 mean=-65993 notReadyFrames=0 outPackets=120 bytesPerPacket=516 lost=3
LogOGInputRelay: Warning: [RelayFlush] window owner=OGBrawlerUECharacter_2147482375 flushedRounds=13393 entries=24946 entriesPerRoundX100=186 suppressed=11567 stageOverflowDrops=0
LogOGNet: Warning: [Warning][InputStats] dropped 0 / 238 remote inputs = 0%
LogOGRelayProbe: Warning: [Warning][RelayProbe.Budget] conn=28300 frames=120 elapsedMs=2003 netSpeedBps=250000 allowanceBytesPerTick=4166 outBytes=62352 bytesPerTick=519 occupancyPctX10=124
LogOGRelayProbe: Warning: [Warning][RelayProbe.Budget] conn=28300 queuedBits min=-66666 max=-62974 mean=-65766 notReadyFrames=0 outPackets=121 bytesPerPacket=515 lost=1
LogOGRelayProbe: Warning: [Warning][RelayProbe.Frame] role=Server simTicks=120 frames=121 meanTicksPerFrameX100=99 p50=1 p99=1 max=1 meanFrameUs=16579
LogOGRelayProbe: Warning: [Warning][RelayProbe.Frame] role=Server cadence dFrame1=119 dFrame0=0 dFrameGt1=1 discont=0 numSteps total=120 max=1 gt1=0
LogOGRelayProbe: Warning: [Warning][RelayProbe.Write] id=28281 runs=120 writes=227 observableWrites=227 captureSpan=227 receivedX1000=1000 observableX1000=1000 deliverableX1000=1000 replaceLatestObservableX1000=528
LogOGRelayProbe: Warning: [Warning][RelayProbe.Write] id=28281 writesPerFrame p50=2 p99=5 max=5 emptyFrames=105 nonConsecutive=0 missedCaptureTicks=0 captures=[25651,25877] discont=0
LogOGInputRelay: Warning: [RelayFlush] window owner=OGBrawlerUECharacter_2147482398 flushedRounds=13564 entries=25183 entriesPerRoundX100=185 suppressed=11636 stageOverflowDrops=1
LogOGRelayProbe: Warning: [Warning][RelayProbe.Budget] conn=28258 frames=120 elapsedMs=2029 netSpeedBps=250000 allowanceBytesPerTick=4166 outBytes=62709 bytesPerTick=522 occupancyPctX10=125
LogOGRelayProbe: Warning: [Warning][RelayProbe.Budget] conn=28258 queuedBits min=-66666 max=-62974 mean=-65860 notReadyFrames=0 outPackets=122 bytesPerPacket=514 lost=0
LogOGRelayProbe: Warning: [Warning][RelayProbe.Write] id=28322 runs=120 writes=247 observableWrites=247 captureSpan=247 receivedX1000=1000 observableX1000=1000 deliverableX1000=1000 replaceLatestObservableX1000=485
LogOGRelayProbe: Warning: [Warning][RelayProbe.Write] id=28322 writesPerFrame p50=2 p99=4 max=5 emptyFrames=127 nonConsecutive=0 missedCaptureTicks=0 captures=[25669,25915] discont=0
LogOGNet: Warning: [Warning][InputStats] dropped 0 / 238 remote inputs = 0%
LogOGInputRelay: Warning: [RelayFlush] window owner=OGBrawlerUECharacter_2147482375 flushedRounds=13456 entries=25066 entriesPerRoundX100=186 suppressed=11624 stageOverflowDrops=0
LogOGRelayProbe: Warning: [Warning][RelayProbe.Budget] conn=28300 frames=120 elapsedMs=2104 netSpeedBps=250000 allowanceBytesPerTick=4166 outBytes=64970 bytesPerTick=541 occupancyPctX10=129
LogOGRelayProbe: Warning: [Warning][RelayProbe.Budget] conn=28300 queuedBits min=-66666 max=-63576 mean=-65957 notReadyFrames=0 outPackets=126 bytesPerPacket=515 lost=0
LogOGRelayProbe: Warning: [Warning][RelayProbe.Frame] role=Server simTicks=127 frames=126 meanTicksPerFrameX100=100 p50=1 p99=2 max=2 meanFrameUs=16688
LogOGRelayProbe: Warning: [Warning][RelayProbe.Frame] role=Server cadence dFrame1=114 dFrame0=0 dFrameGt1=6 discont=0 numSteps total=127 max=2 gt1=7
LogOGInputRelay: Warning: [RelayFlush] window owner=OGBrawlerUECharacter_2147482398 flushedRounds=13626 entries=25305 entriesPerRoundX100=185 suppressed=11694 stageOverflowDrops=1
LogOGRelayProbe: Warning: [Warning][RelayProbe.Budget] conn=28258 frames=120 elapsedMs=2087 netSpeedBps=250000 allowanceBytesPerTick=4166 outBytes=64489 bytesPerTick=537 occupancyPctX10=128
LogOGRelayProbe: Warning: [Warning][RelayProbe.Budget] conn=28258 queuedBits min=-66666 max=-63576 mean=-66007 notReadyFrames=0 outPackets=125 bytesPerPacket=515 lost=1
LogOGNet: Warning: [Warning][InputStats] dropped 0 / 238 remote inputs = 0%
LogOGInputRelay: Warning: [RelayFlush] window owner=OGBrawlerUECharacter_2147482375 flushedRounds=13523 entries=25186 entriesPerRoundX100=186 suppressed=11677 stageOverflowDrops=0
LogOGRelayProbe: Warning: [Warning][RelayProbe.Budget] conn=28300 frames=120 elapsedMs=2025 netSpeedBps=250000 allowanceBytesPerTick=4166 outBytes=62835 bytesPerTick=523 occupancyPctX10=125
LogOGRelayProbe: Warning: [Warning][RelayProbe.Budget] conn=28300 queuedBits min=-66666 max=-63804 mean=-65888 notReadyFrames=0 outPackets=122 bytesPerPacket=515 lost=2
LogOGRelayProbe: Warning: [Warning][RelayProbe.Frame] role=Server simTicks=121 frames=122 meanTicksPerFrameX100=99 p50=1 p99=1 max=2 meanFrameUs=16587
LogOGRelayProbe: Warning: [Warning][RelayProbe.Frame] role=Server cadence dFrame1=118 dFrame0=0 dFrameGt1=2 discont=0 numSteps total=121 max=2 gt1=1
LogOGRelayProbe: Warning: [Warning][RelayProbe.Write] id=28281 runs=120 writes=229 observableWrites=229 captureSpan=229 receivedX1000=1000 observableX1000=1000 deliverableX1000=1000 replaceLatestObservableX1000=524
LogOGRelayProbe: Warning: [Warning][RelayProbe.Write] id=28281 writesPerFrame p50=2 p99=4 max=4 emptyFrames=109 nonConsecutive=0 missedCaptureTicks=0 captures=[25878,26106] discont=0
LogOGInputRelay: Warning: [RelayFlush] window owner=OGBrawlerUECharacter_2147482398 flushedRounds=13691 entries=25423 entriesPerRoundX100=185 suppressed=11749 stageOverflowDrops=1
LogOGRelayProbe: Warning: [Warning][RelayProbe.Write] id=28322 runs=120 writes=219 observableWrites=219 captureSpan=219 receivedX1000=1000 observableX1000=1000 deliverableX1000=1000 replaceLatestObservableX1000=547
LogOGRelayProbe: Warning: [Warning][RelayProbe.Write] id=28322 writesPerFrame p50=2 p99=4 max=5 emptyFrames=98 nonConsecutive=0 missedCaptureTicks=0 captures=[25916,26134] discont=0
LogOGRelayProbe: Warning: [Warning][RelayProbe.Budget] conn=28258 frames=120 elapsedMs=2020 netSpeedBps=250000 allowanceBytesPerTick=4166 outBytes=62827 bytesPerTick=523 occupancyPctX10=125
LogOGRelayProbe: Warning: [Warning][RelayProbe.Budget] conn=28258 queuedBits min=-66666 max=-63192 mean=-65754 notReadyFrames=0 outPackets=122 bytesPerPacket=514 lost=1
LogOGNet: Warning: [Warning][InputStats] dropped 0 / 238 remote inputs = 0%
LogOGInputRelay: Warning: [RelayFlush] window owner=OGBrawlerUECharacter_2147482375 flushedRounds=13585 entries=25305 entriesPerRoundX100=186 suppressed=11735 stageOverflowDrops=0
LogOGRelayProbe: Warning: [Warning][RelayProbe.Budget] conn=28300 frames=120 elapsedMs=2005 netSpeedBps=250000 allowanceBytesPerTick=4166 outBytes=62262 bytesPerTick=518 occupancyPctX10=124
LogOGRelayProbe: Warning: [Warning][RelayProbe.Budget] conn=28300 queuedBits min=-66666 max=-63192 mean=-65854 notReadyFrames=0 outPackets=121 bytesPerPacket=514 lost=1
LogOGRelayProbe: Warning: [Warning][RelayProbe.Frame] role=Server simTicks=120 frames=121 meanTicksPerFrameX100=99 p50=1 p99=1 max=1 meanFrameUs=16576
LogOGRelayProbe: Warning: [Warning][RelayProbe.Frame] role=Server cadence dFrame1=119 dFrame0=0 dFrameGt1=1 discont=0 numSteps total=120 max=1 gt1=0
LogOGInputRelay: Warning: [RelayFlush] window owner=OGBrawlerUECharacter_2147482398 flushedRounds=13750 entries=25540 entriesPerRoundX100=185 suppressed=11810 stageOverflowDrops=1
LogOGRelayProbe: Warning: [Warning][RelayProbe.Budget] conn=28258 frames=120 elapsedMs=2004 netSpeedBps=250000 allowanceBytesPerTick=4166 outBytes=62456 bytesPerTick=520 occupancyPctX10=124
LogOGRelayProbe: Warning: [Warning][RelayProbe.Budget] conn=28258 queuedBits min=-66666 max=-63318 mean=-65894 notReadyFrames=0 outPackets=121 bytesPerPacket=516 lost=1
LogOGNet: Warning: [Warning][InputStats] dropped 0 / 238 remote inputs = 0%
LogOGInputRelay: Warning: [RelayFlush] window owner=OGBrawlerUECharacter_2147482375 flushedRounds=13650 entries=25425 entriesPerRoundX100=186 suppressed=11790 stageOverflowDrops=0
LogOGRelayProbe: Warning: [Warning][RelayProbe.Budget] conn=28300 frames=120 elapsedMs=1987 netSpeedBps=250000 allowanceBytesPerTick=4166 outBytes=61955 bytesPerTick=516 occupancyPctX10=123
LogOGRelayProbe: Warning: [Warning][RelayProbe.Budget] conn=28300 queuedBits min=-66666 max=-63318 mean=-65840 notReadyFrames=0 outPackets=120 bytesPerPacket=516 lost=0
LogOGRelayProbe: Warning: [Warning][RelayProbe.Frame] role=Server simTicks=120 frames=120 meanTicksPerFrameX100=100 p50=1 p99=1 max=1 meanFrameUs=16574
LogOGRelayProbe: Warning: [Warning][RelayProbe.Frame] role=Server cadence dFrame1=120 dFrame0=0 dFrameGt1=0 discont=0 numSteps total=120 max=1 gt1=0
LogOGRelayProbe: Warning: [Warning][RelayProbe.Write] id=28281 runs=120 writes=236 observableWrites=236 captureSpan=236 receivedX1000=1000 observableX1000=1000 deliverableX1000=1000 replaceLatestObservableX1000=508
LogOGRelayProbe: Warning: [Warning][RelayProbe.Write] id=28281 writesPerFrame p50=2 p99=5 max=5 emptyFrames=117 nonConsecutive=0 missedCaptureTicks=0 captures=[26107,26342] discont=0
LogOGInputRelay: Warning: [RelayFlush] window owner=OGBrawlerUECharacter_2147482398 flushedRounds=13814 entries=25661 entriesPerRoundX100=185 suppressed=11866 stageOverflowDrops=1
LogOGRelayProbe: Warning: [Warning][RelayProbe.Write] id=28322 runs=120 writes=230 observableWrites=230 captureSpan=230 receivedX1000=1000 observableX1000=1000 deliverableX1000=1000 replaceLatestObservableX1000=521
LogOGRelayProbe: Warning: [Warning][RelayProbe.Write] id=28322 writesPerFrame p50=2 p99=4 max=4 emptyFrames=114 nonConsecutive=0 missedCaptureTicks=0 captures=[26135,26364] discont=0
LogOGRelayProbe: Warning: [Warning][RelayProbe.Budget] conn=28258 frames=120 elapsedMs=1992 netSpeedBps=250000 allowanceBytesPerTick=4166 outBytes=61903 bytesPerTick=515 occupancyPctX10=123
LogOGRelayProbe: Warning: [Warning][RelayProbe.Budget] conn=28258 queuedBits min=-66666 max=-63798 mean=-65916 notReadyFrames=0 outPackets=120 bytesPerPacket=515 lost=0
LogOGNet: Warning: [Warning][InputStats] dropped 0 / 238 remote inputs = 0%
LogOGInputRelay: Warning: [RelayFlush] window owner=OGBrawlerUECharacter_2147482375 flushedRounds=13711 entries=25547 entriesPerRoundX100=186 suppressed=11849 stageOverflowDrops=0
LogOGRelayProbe: Warning: [Warning][RelayProbe.Budget] conn=28300 frames=120 elapsedMs=1997 netSpeedBps=250000 allowanceBytesPerTick=4166 outBytes=62064 bytesPerTick=517 occupancyPctX10=124
LogOGRelayProbe: Warning: [Warning][RelayProbe.Budget] conn=28300 queuedBits min=-66666 max=-63432 mean=-65944 notReadyFrames=0 outPackets=120 bytesPerPacket=517 lost=1
LogOGRelayProbe: Warning: [Warning][RelayProbe.Frame] role=Server simTicks=120 frames=120 meanTicksPerFrameX100=100 p50=1 p99=1 max=1 meanFrameUs=16657
LogOGRelayProbe: Warning: [Warning][RelayProbe.Frame] role=Server cadence dFrame1=120 dFrame0=0 dFrameGt1=0 discont=0 numSteps total=120 max=1 gt1=0
LogOGInputRelay: Warning: [RelayFlush] window owner=OGBrawlerUECharacter_2147482398 flushedRounds=13876 entries=25780 entriesPerRoundX100=185 suppressed=11924 stageOverflowDrops=1
LogOGRelayProbe: Warning: [Warning][RelayProbe.Budget] conn=28258 frames=120 elapsedMs=2009 netSpeedBps=250000 allowanceBytesPerTick=4166 outBytes=62611 bytesPerTick=521 occupancyPctX10=125
LogOGRelayProbe: Warning: [Warning][RelayProbe.Budget] conn=28258 queuedBits min=-66666 max=-63432 mean=-65850 notReadyFrames=0 outPackets=121 bytesPerPacket=517 lost=2
LogOGNet: Warning: [Warning][InputStats] dropped 0 / 240 remote inputs = 0%
LogOGInputRelay: Warning: [RelayFlush] window owner=OGBrawlerUECharacter_2147482375 flushedRounds=13779 entries=25665 entriesPerRoundX100=186 suppressed=11901 stageOverflowDrops=0
LogOGRelayProbe: Warning: [Warning][RelayProbe.Budget] conn=28300 frames=120 elapsedMs=2082 netSpeedBps=250000 allowanceBytesPerTick=4166 outBytes=64376 bytesPerTick=536 occupancyPctX10=128
LogOGRelayProbe: Warning: [Warning][RelayProbe.Budget] conn=28300 queuedBits min=-66666 max=-63708 mean=-65958 notReadyFrames=0 outPackets=125 bytesPerPacket=515 lost=1
LogOGRelayProbe: Warning: [Warning][RelayProbe.Write] id=28281 runs=120 writes=225 observableWrites=225 captureSpan=225 receivedX1000=1000 observableX1000=1000 deliverableX1000=1000 replaceLatestObservableX1000=533
LogOGRelayProbe: Warning: [Warning][RelayProbe.Write] id=28281 writesPerFrame p50=2 p99=4 max=4 emptyFrames=106 nonConsecutive=0 missedCaptureTicks=0 captures=[26343,26567] discont=0
LogOGRelayProbe: Warning: [Warning][RelayProbe.Write] id=28322 runs=120 writes=217 observableWrites=217 captureSpan=217 receivedX1000=1000 observableX1000=1000 deliverableX1000=1000 replaceLatestObservableX1000=552
LogOGRelayProbe: Warning: [Warning][RelayProbe.Write] id=28322 writesPerFrame p50=2 p99=4 max=4 emptyFrames=95 nonConsecutive=0 missedCaptureTicks=0 captures=[26365,26581] discont=0
LogOGRelayProbe: Warning: [Warning][RelayProbe.Frame] role=Server simTicks=125 frames=125 meanTicksPerFrameX100=100 p50=1 p99=2 max=2 meanFrameUs=16681
LogOGRelayProbe: Warning: [Warning][RelayProbe.Frame] role=Server cadence dFrame1=115 dFrame0=0 dFrameGt1=5 discont=0 numSteps total=125 max=2 gt1=5
LogOGInputRelay: Warning: [RelayFlush] window owner=OGBrawlerUECharacter_2147482398 flushedRounds=13942 entries=25902 entriesPerRoundX100=185 suppressed=11978 stageOverflowDrops=1
LogOGRelayProbe: Warning: [Warning][RelayProbe.Budget] conn=28258 frames=120 elapsedMs=2089 netSpeedBps=250000 allowanceBytesPerTick=4166 outBytes=64015 bytesPerTick=533 occupancyPctX10=127
LogOGRelayProbe: Warning: [Warning][RelayProbe.Budget] conn=28258 queuedBits min=-66666 max=-63052 mean=-66146 notReadyFrames=0 outPackets=124 bytesPerPacket=516 lost=0
LogOGNet: Warning: [Warning][InputStats] dropped 0 / 236 remote inputs = 0%
LogOGInputRelay: Warning: [RelayFlush] window owner=OGBrawlerUECharacter_2147482375 flushedRounds=13845 entries=25787 entriesPerRoundX100=186 suppressed=11955 stageOverflowDrops=0
LogOGRelayProbe: Warning: [Warning][RelayProbe.Budget] conn=28300 frames=120 elapsedMs=2022 netSpeedBps=250000 allowanceBytesPerTick=4166 outBytes=62166 bytesPerTick=518 occupancyPctX10=124
LogOGRelayProbe: Warning: [Warning][RelayProbe.Budget] conn=28300 queuedBits min=-66666 max=-63052 mean=-66207 notReadyFrames=0 outPackets=120 bytesPerPacket=518 lost=1
LogOGRelayProbe: Warning: [Warning][RelayProbe.Frame] role=Server simTicks=121 frames=120 meanTicksPerFrameX100=100 p50=1 p99=1 max=2 meanFrameUs=16850
LogOGRelayProbe: Warning: [Warning][RelayProbe.Frame] role=Server cadence dFrame1=120 dFrame0=0 dFrameGt1=0 discont=0 numSteps total=121 max=2 gt1=1
LogOGInputRelay: Warning: [RelayFlush] window owner=OGBrawlerUECharacter_2147482398 flushedRounds=14007 entries=26023 entriesPerRoundX100=185 suppressed=12033 stageOverflowDrops=1
LogOGRelayProbe: Warning: [Warning][RelayProbe.Budget] conn=28258 frames=120 elapsedMs=2009 netSpeedBps=250000 allowanceBytesPerTick=4166 outBytes=61928 bytesPerTick=516 occupancyPctX10=123
LogOGRelayProbe: Warning: [Warning][RelayProbe.Budget] conn=28258 queuedBits min=-66666 max=-63842 mean=-66136 notReadyFrames=0 outPackets=120 bytesPerPacket=516 lost=0
LogOGRelayProbe: Warning: [Warning][RelayProbe.Write] id=28281 runs=120 writes=211 observableWrites=211 captureSpan=211 receivedX1000=1000 observableX1000=1000 deliverableX1000=1000 replaceLatestObservableX1000=568
LogOGRelayProbe: Warning: [Warning][RelayProbe.Write] id=28281 writesPerFrame p50=2 p99=3 max=4 emptyFrames=88 nonConsecutive=0 missedCaptureTicks=0 captures=[26568,26778] discont=0
LogOGNet: Warning: [Warning][InputStats] dropped 0 / 238 remote inputs = 0%
LogOGInputRelay: Warning: [RelayFlush] window owner=OGBrawlerUECharacter_2147482375 flushedRounds=13906 entries=25907 entriesPerRoundX100=186 suppressed=12014 stageOverflowDrops=0
LogOGRelayProbe: Warning: [Warning][RelayProbe.Budget] conn=28300 frames=120 elapsedMs=2011 netSpeedBps=250000 allowanceBytesPerTick=4166 outBytes=62092 bytesPerTick=517 occupancyPctX10=124
LogOGRelayProbe: Warning: [Warning][RelayProbe.Budget] conn=28300 queuedBits min=-66666 max=-64216 mean=-66169 notReadyFrames=0 outPackets=120 bytesPerPacket=517 lost=2
LogOGRelayProbe: Warning: [Warning][RelayProbe.Write] id=28322 runs=120 writes=229 observableWrites=229 captureSpan=229 receivedX1000=1000 observableX1000=1000 deliverableX1000=1000 replaceLatestObservableX1000=524
LogOGRelayProbe: Warning: [Warning][RelayProbe.Write] id=28322 writesPerFrame p50=2 p99=4 max=5 emptyFrames=109 nonConsecutive=0 missedCaptureTicks=0 captures=[26582,26810] discont=0
LogOGRelayProbe: Warning: [Warning][RelayProbe.Frame] role=Server simTicks=121 frames=120 meanTicksPerFrameX100=100 p50=1 p99=1 max=2 meanFrameUs=16755
LogOGRelayProbe: Warning: [Warning][RelayProbe.Frame] role=Server cadence dFrame1=120 dFrame0=0 dFrameGt1=0 discont=0 numSteps total=121 max=2 gt1=1
LogOGInputRelay: Warning: [RelayFlush] window owner=OGBrawlerUECharacter_2147482398 flushedRounds=14072 entries=26142 entriesPerRoundX100=185 suppressed=12088 stageOverflowDrops=1
LogOGRelayProbe: Warning: [Warning][RelayProbe.Budget] conn=28258 frames=120 elapsedMs=2009 netSpeedBps=250000 allowanceBytesPerTick=4166 outBytes=62212 bytesPerTick=518 occupancyPctX10=124
LogOGRelayProbe: Warning: [Warning][RelayProbe.Budget] conn=28258 queuedBits min=-66666 max=-63172 mean=-66109 notReadyFrames=0 outPackets=120 bytesPerPacket=518 lost=1
LogOGNet: Warning: [Warning][InputStats] dropped 0 / 238 remote inputs = 0%
LogOGInputRelay: Warning: [RelayFlush] window owner=OGBrawlerUECharacter_2147482375 flushedRounds=13969 entries=26028 entriesPerRoundX100=186 suppressed=12071 stageOverflowDrops=0
LogOGRelayProbe: Warning: [Warning][RelayProbe.Budget] conn=28300 frames=120 elapsedMs=2009 netSpeedBps=250000 allowanceBytesPerTick=4166 outBytes=62017 bytesPerTick=516 occupancyPctX10=123
LogOGRelayProbe: Warning: [Warning][RelayProbe.Budget] conn=28300 queuedBits min=-66666 max=-63172 mean=-66070 notReadyFrames=0 outPackets=120 bytesPerPacket=516 lost=2
LogOGRelayProbe: Warning: [Warning][RelayProbe.Frame] role=Server simTicks=120 frames=120 meanTicksPerFrameX100=100 p50=1 p99=1 max=1 meanFrameUs=16707
LogOGRelayProbe: Warning: [Warning][RelayProbe.Frame] role=Server cadence dFrame1=120 dFrame0=0 dFrameGt1=0 discont=0 numSteps total=120 max=1 gt1=0
LogOGInputRelay: Warning: [RelayFlush] window owner=OGBrawlerUECharacter_2147482398 flushedRounds=14137 entries=26263 entriesPerRoundX100=185 suppressed=12143 stageOverflowDrops=1
LogOGRelayProbe: Warning: [Warning][RelayProbe.Budget] conn=28258 frames=120 elapsedMs=1998 netSpeedBps=250000 allowanceBytesPerTick=4166 outBytes=61998 bytesPerTick=516 occupancyPctX10=123
LogOGRelayProbe: Warning: [Warning][RelayProbe.Budget] conn=28258 queuedBits min=-66666 max=-63482 mean=-65883 notReadyFrames=0 outPackets=120 bytesPerPacket=516 lost=1
LogOGRelayProbe: Warning: [Warning][RelayProbe.Write] id=28281 runs=120 writes=231 observableWrites=231 captureSpan=231 receivedX1000=1000 observableX1000=1000 deliverableX1000=1000 replaceLatestObservableX1000=519
LogOGRelayProbe: Warning: [Warning][RelayProbe.Write] id=28281 writesPerFrame p50=2 p99=4 max=4 emptyFrames=111 nonConsecutive=0 missedCaptureTicks=0 captures=[26779,27009] discont=0
LogOGNet: Warning: [Warning][InputStats] dropped 0 / 238 remote inputs = 0%
LogOGInputRelay: Warning: [RelayFlush] window owner=OGBrawlerUECharacter_2147482375 flushedRounds=14037 entries=26147 entriesPerRoundX100=186 suppressed=12123 stageOverflowDrops=0
LogOGRelayProbe: Warning: [Warning][RelayProbe.Write] id=28322 runs=120 writes=218 observableWrites=218 captureSpan=218 receivedX1000=1000 observableX1000=1000 deliverableX1000=1000 replaceLatestObservableX1000=550
LogOGRelayProbe: Warning: [Warning][RelayProbe.Write] id=28322 writesPerFrame p50=2 p99=4 max=4 emptyFrames=96 nonConsecutive=0 missedCaptureTicks=0 captures=[26811,27028] discont=0
LogOGRelayProbe: Warning: [Warning][RelayProbe.Budget] conn=28300 frames=120 elapsedMs=1997 netSpeedBps=250000 allowanceBytesPerTick=4166 outBytes=62210 bytesPerTick=518 occupancyPctX10=124
LogOGRelayProbe: Warning: [Warning][RelayProbe.Budget] conn=28300 queuedBits min=-66666 max=-63480 mean=-65821 notReadyFrames=0 outPackets=120 bytesPerPacket=518 lost=1
LogOGRelayProbe: Warning: [Warning][RelayProbe.Frame] role=Server simTicks=120 frames=120 meanTicksPerFrameX100=100 p50=1 p99=1 max=1 meanFrameUs=16652
LogOGRelayProbe: Warning: [Warning][RelayProbe.Frame] role=Server cadence dFrame1=120 dFrame0=0 dFrameGt1=0 discont=0 numSteps total=120 max=1 gt1=0
LogOGInputRelay: Warning: [RelayFlush] window owner=OGBrawlerUECharacter_2147482398 flushedRounds=14201 entries=26383 entriesPerRoundX100=185 suppressed=12199 stageOverflowDrops=1
LogOGRelayProbe: Warning: [Warning][RelayProbe.Budget] conn=28258 frames=120 elapsedMs=2013 netSpeedBps=250000 allowanceBytesPerTick=4166 outBytes=62485 bytesPerTick=520 occupancyPctX10=124
LogOGRelayProbe: Warning: [Warning][RelayProbe.Budget] conn=28258 queuedBits min=-66666 max=-63356 mean=-65820 notReadyFrames=0 outPackets=121 bytesPerPacket=516 lost=2
LogOGNet: Warning: [Warning][InputStats] dropped 0 / 238 remote inputs = 0%
LogOGInputRelay: Warning: [RelayFlush] window owner=OGBrawlerUECharacter_2147482375 flushedRounds=14102 entries=26267 entriesPerRoundX100=186 suppressed=12178 stageOverflowDrops=0
LogOGRelayProbe: Warning: [Warning][RelayProbe.Budget] conn=28300 frames=120 elapsedMs=2026 netSpeedBps=250000 allowanceBytesPerTick=4166 outBytes=62905 bytesPerTick=524 occupancyPctX10=125
LogOGRelayProbe: Warning: [Warning][RelayProbe.Budget] conn=28300 queuedBits min=-66666 max=-63356 mean=-65831 notReadyFrames=0 outPackets=122 bytesPerPacket=515 lost=0
LogOGRelayProbe: Warning: [Warning][RelayProbe.Frame] role=Server simTicks=123 frames=123 meanTicksPerFrameX100=100 p50=1 p99=2 max=2 meanFrameUs=16633
LogOGRelayProbe: Warning: [Warning][RelayProbe.Frame] role=Server cadence dFrame1=117 dFrame0=0 dFrameGt1=3 discont=0 numSteps total=123 max=2 gt1=3
LogOGInputRelay: Warning: [RelayFlush] window owner=OGBrawlerUECharacter_2147482398 flushedRounds=14267 entries=26503 entriesPerRoundX100=185 suppressed=12253 stageOverflowDrops=1
LogOGRelayProbe: Warning: [Warning][RelayProbe.Budget] conn=28258 frames=120 elapsedMs=2034 netSpeedBps=250000 allowanceBytesPerTick=4166 outBytes=63082 bytesPerTick=525 occupancyPctX10=126
LogOGRelayProbe: Warning: [Warning][RelayProbe.Budget] conn=28258 queuedBits min=-66666 max=-63730 mean=-66047 notReadyFrames=0 outPackets=122 bytesPerPacket=517 lost=2
LogOGRelayProbe: Warning: [Warning][RelayProbe.Write] id=28281 runs=120 writes=223 observableWrites=223 captureSpan=223 receivedX1000=1000 observableX1000=1000 deliverableX1000=1000 replaceLatestObservableX1000=538
LogOGRelayProbe: Warning: [Warning][RelayProbe.Write] id=28281 writesPerFrame p50=2 p99=5 max=5 emptyFrames=104 nonConsecutive=0 missedCaptureTicks=0 captures=[27010,27232] discont=0
LogOGRelayProbe: Warning: [Warning][RelayProbe.Write] id=28322 runs=120 writes=218 observableWrites=218 captureSpan=218 receivedX1000=1000 observableX1000=1000 deliverableX1000=1000 replaceLatestObservableX1000=550
LogOGRelayProbe: Warning: [Warning][RelayProbe.Write] id=28322 writesPerFrame p50=2 p99=4 max=5 emptyFrames=99 nonConsecutive=0 missedCaptureTicks=0 captures=[27029,27246] discont=0
LogOGNet: Warning: [Warning][InputStats] dropped 0 / 238 remote inputs = 0%
LogOGInputRelay: Warning: [RelayFlush] window owner=OGBrawlerUECharacter_2147482375 flushedRounds=14171 entries=26388 entriesPerRoundX100=186 suppressed=12229 stageOverflowDrops=0
LogOGRelayProbe: Warning: [Warning][RelayProbe.Budget] conn=28300 frames=120 elapsedMs=2017 netSpeedBps=250000 allowanceBytesPerTick=4166 outBytes=62396 bytesPerTick=519 occupancyPctX10=124
LogOGRelayProbe: Warning: [Warning][RelayProbe.Budget] conn=28300 queuedBits min=-66666 max=-63190 mean=-65928 notReadyFrames=0 outPackets=121 bytesPerPacket=515 lost=2
LogOGRelayProbe: Warning: [Warning][RelayProbe.Frame] role=Server simTicks=120 frames=120 meanTicksPerFrameX100=100 p50=1 p99=1 max=1 meanFrameUs=16655
LogOGRelayProbe: Warning: [Warning][RelayProbe.Frame] role=Server cadence dFrame1=120 dFrame0=0 dFrameGt1=0 discont=0 numSteps total=120 max=1 gt1=0
LogOGInputRelay: Warning: [RelayFlush] window owner=OGBrawlerUECharacter_2147482398 flushedRounds=14329 entries=26624 entriesPerRoundX100=185 suppressed=12311 stageOverflowDrops=1
LogOGRelayProbe: Warning: [Warning][RelayProbe.Budget] conn=28258 frames=120 elapsedMs=2043 netSpeedBps=250000 allowanceBytesPerTick=4166 outBytes=63369 bytesPerTick=528 occupancyPctX10=126
LogOGRelayProbe: Warning: [Warning][RelayProbe.Budget] conn=28258 queuedBits min=-66666 max=-63190 mean=-65854 notReadyFrames=0 outPackets=123 bytesPerPacket=515 lost=0
LogOGNet: Warning: [Warning][InputStats] dropped 0 / 238 remote inputs = 0%
LogOGInputRelay: Warning: [RelayFlush] window owner=OGBrawlerUECharacter_2147482375 flushedRounds=14231 entries=26506 entriesPerRoundX100=186 suppressed=12289 stageOverflowDrops=0
LogOGRelayProbe: Warning: [Warning][RelayProbe.Budget] conn=28300 frames=120 elapsedMs=2040 netSpeedBps=250000 allowanceBytesPerTick=4166 outBytes=63324 bytesPerTick=527 occupancyPctX10=126
LogOGRelayProbe: Warning: [Warning][RelayProbe.Budget] conn=28300 queuedBits min=-66666 max=-63538 mean=-65868 notReadyFrames=0 outPackets=123 bytesPerPacket=514 lost=1
LogOGRelayProbe: Warning: [Warning][RelayProbe.Frame] role=Server simTicks=122 frames=123 meanTicksPerFrameX100=99 p50=1 p99=1 max=2 meanFrameUs=16599
LogOGRelayProbe: Warning: [Warning][RelayProbe.Frame] role=Server cadence dFrame1=117 dFrame0=0 dFrameGt1=3 discont=0 numSteps total=122 max=2 gt1=2
LogOGInputRelay: Warning: [RelayFlush] window owner=OGBrawlerUECharacter_2147482398 flushedRounds=14396 entries=26743 entriesPerRoundX100=185 suppressed=12364 stageOverflowDrops=1
LogOGRelayProbe: Warning: [Warning][RelayProbe.Write] id=28281 runs=120 writes=216 observableWrites=216 captureSpan=216 receivedX1000=1000 observableX1000=1000 deliverableX1000=1000 replaceLatestObservableX1000=555
LogOGRelayProbe: Warning: [Warning][RelayProbe.Write] id=28281 writesPerFrame p50=2 p99=4 max=5 emptyFrames=98 nonConsecutive=0 missedCaptureTicks=0 captures=[27233,27448] discont=0
LogOGRelayProbe: Warning: [Warning][RelayProbe.Budget] conn=28258 frames=120 elapsedMs=1997 netSpeedBps=250000 allowanceBytesPerTick=4166 outBytes=61870 bytesPerTick=515 occupancyPctX10=123
LogOGRelayProbe: Warning: [Warning][RelayProbe.Budget] conn=28258 queuedBits min=-66666 max=-63538 mean=-65910 notReadyFrames=0 outPackets=120 bytesPerPacket=515 lost=2
LogOGRelayProbe: Warning: [Warning][RelayProbe.Write] id=28322 runs=120 writes=229 observableWrites=229 captureSpan=229 receivedX1000=1000 observableX1000=1000 deliverableX1000=1000 replaceLatestObservableX1000=524
LogOGRelayProbe: Warning: [Warning][RelayProbe.Write] id=28322 writesPerFrame p50=2 p99=4 max=4 emptyFrames=108 nonConsecutive=0 missedCaptureTicks=0 captures=[27247,27475] discont=0
LogOGNet: Warning: [Warning][InputStats] dropped 0 / 238 remote inputs = 0%
LogOGInputRelay: Warning: [RelayFlush] window owner=OGBrawlerUECharacter_2147482375 flushedRounds=14299 entries=26628 entriesPerRoundX100=186 suppressed=12341 stageOverflowDrops=0
LogOGRelayProbe: Warning: [Warning][RelayProbe.Budget] conn=28300 frames=120 elapsedMs=1999 netSpeedBps=250000 allowanceBytesPerTick=4166 outBytes=62140 bytesPerTick=517 occupancyPctX10=124
LogOGRelayProbe: Warning: [Warning][RelayProbe.Budget] conn=28300 queuedBits min=-66666 max=-63986 mean=-65973 notReadyFrames=0 outPackets=120 bytesPerPacket=517 lost=3
LogOGRelayProbe: Warning: [Warning][RelayProbe.Frame] role=Server simTicks=120 frames=120 meanTicksPerFrameX100=100 p50=1 p99=1 max=1 meanFrameUs=16661
LogOGRelayProbe: Warning: [Warning][RelayProbe.Frame] role=Server cadence dFrame1=120 dFrame0=0 dFrameGt1=0 discont=0 numSteps total=120 max=1 gt1=0
LogOGInputRelay: Warning: [RelayFlush] window owner=OGBrawlerUECharacter_2147482398 flushedRounds=14465 entries=26862 entriesPerRoundX100=185 suppressed=12415 stageOverflowDrops=1
LogOGRelayProbe: Warning: [Warning][RelayProbe.Budget] conn=28258 frames=120 elapsedMs=1993 netSpeedBps=250000 allowanceBytesPerTick=4166 outBytes=62102 bytesPerTick=517 occupancyPctX10=124
LogOGRelayProbe: Warning: [Warning][RelayProbe.Budget] conn=28258 queuedBits min=-66666 max=-63738 mean=-65889 notReadyFrames=0 outPackets=120 bytesPerPacket=517 lost=0
LogOGNet: Warning: [Warning][InputStats] dropped 0 / 238 remote inputs = 0%
LogOGInputRelay: Warning: [RelayFlush] window owner=OGBrawlerUECharacter_2147482375 flushedRounds=14365 entries=26746 entriesPerRoundX100=186 suppressed=12395 stageOverflowDrops=0
LogOGRelayProbe: Warning: [Warning][RelayProbe.Budget] conn=28300 frames=120 elapsedMs=1994 netSpeedBps=250000 allowanceBytesPerTick=4166 outBytes=62087 bytesPerTick=517 occupancyPctX10=124
LogOGRelayProbe: Warning: [Warning][RelayProbe.Budget] conn=28300 queuedBits min=-66666 max=-63738 mean=-65855 notReadyFrames=0 outPackets=120 bytesPerPacket=517 lost=3
LogOGRelayProbe: Warning: [Warning][RelayProbe.Frame] role=Server simTicks=120 frames=120 meanTicksPerFrameX100=100 p50=1 p99=1 max=1 meanFrameUs=16635
LogOGRelayProbe: Warning: [Warning][RelayProbe.Frame] role=Server cadence dFrame1=120 dFrame0=0 dFrameGt1=0 discont=0 numSteps total=120 max=1 gt1=0
LogOGRelayProbe: Warning: [Warning][RelayProbe.Write] id=28281 runs=120 writes=225 observableWrites=225 captureSpan=225 receivedX1000=1000 observableX1000=1000 deliverableX1000=1000 replaceLatestObservableX1000=533
LogOGRelayProbe: Warning: [Warning][RelayProbe.Write] id=28281 writesPerFrame p50=2 p99=4 max=4 emptyFrames=103 nonConsecutive=0 missedCaptureTicks=0 captures=[27449,27673] discont=0
LogOGInputRelay: Warning: [RelayFlush] window owner=OGBrawlerUECharacter_2147482398 flushedRounds=14527 entries=26983 entriesPerRoundX100=185 suppressed=12473 stageOverflowDrops=1
LogOGRelayProbe: Warning: [Warning][RelayProbe.Write] id=28322 runs=120 writes=212 observableWrites=212 captureSpan=212 receivedX1000=1000 observableX1000=1000 deliverableX1000=1000 replaceLatestObservableX1000=566
LogOGRelayProbe: Warning: [Warning][RelayProbe.Write] id=28322 writesPerFrame p50=2 p99=4 max=4 emptyFrames=94 nonConsecutive=0 missedCaptureTicks=0 captures=[27476,27687] discont=0
LogOGRelayProbe: Warning: [Warning][RelayProbe.Budget] conn=28258 frames=120 elapsedMs=1996 netSpeedBps=250000 allowanceBytesPerTick=4166 outBytes=62121 bytesPerTick=517 occupancyPctX10=124
LogOGRelayProbe: Warning: [Warning][RelayProbe.Budget] conn=28258 queuedBits min=-66666 max=-63348 mean=-65879 notReadyFrames=0 outPackets=120 bytesPerPacket=517 lost=1
LogOGNet: Warning: [Warning][InputStats] dropped 0 / 238 remote inputs = 0%
LogOGInputRelay: Warning: [RelayFlush] window owner=OGBrawlerUECharacter_2147482375 flushedRounds=14432 entries=26866 entriesPerRoundX100=186 suppressed=12448 stageOverflowDrops=0
LogOGRelayProbe: Warning: [Warning][RelayProbe.Budget] conn=28300 frames=120 elapsedMs=2014 netSpeedBps=250000 allowanceBytesPerTick=4166 outBytes=62414 bytesPerTick=520 occupancyPctX10=124
LogOGRelayProbe: Warning: [Warning][RelayProbe.Budget] conn=28300 queuedBits min=-66666 max=-63262 mean=-65958 notReadyFrames=0 outPackets=121 bytesPerPacket=515 lost=1
LogOGRelayProbe: Warning: [Warning][RelayProbe.Frame] role=Server simTicks=121 frames=121 meanTicksPerFrameX100=100 p50=1 p99=1 max=2 meanFrameUs=16640
LogOGRelayProbe: Warning: [Warning][RelayProbe.Frame] role=Server cadence dFrame1=119 dFrame0=0 dFrameGt1=1 discont=0 numSteps total=121 max=2 gt1=1
LogOGInputRelay: Warning: [RelayFlush] window owner=OGBrawlerUECharacter_2147482398 flushedRounds=14595 entries=27102 entriesPerRoundX100=185 suppressed=12525 stageOverflowDrops=1
LogOGRelayProbe: Warning: [Warning][RelayProbe.Budget] conn=28258 frames=120 elapsedMs=2063 netSpeedBps=250000 allowanceBytesPerTick=4166 outBytes=63652 bytesPerTick=530 occupancyPctX10=127
LogOGRelayProbe: Warning: [Warning][RelayProbe.Budget] conn=28258 queuedBits min=-66666 max=-63262 mean=-65965 notReadyFrames=0 outPackets=124 bytesPerPacket=513 lost=1
LogOGNet: Warning: [Warning][InputStats] dropped 0 / 238 remote inputs = 0%
LogOGInputRelay: Warning: [RelayFlush] window owner=OGBrawlerUECharacter_2147482375 flushedRounds=14495 entries=26984 entriesPerRoundX100=186 suppressed=12505 stageOverflowDrops=0
LogOGRelayProbe: Warning: [Warning][RelayProbe.Write] id=28281 runs=120 writes=216 observableWrites=216 captureSpan=216 receivedX1000=1000 observableX1000=1000 deliverableX1000=1000 replaceLatestObservableX1000=555
LogOGRelayProbe: Warning: [Warning][RelayProbe.Write] id=28281 writesPerFrame p50=2 p99=4 max=5 emptyFrames=97 nonConsecutive=0 missedCaptureTicks=0 captures=[27674,27889] discont=0
LogOGRelayProbe: Warning: [Warning][RelayProbe.Budget] conn=28300 frames=120 elapsedMs=2048 netSpeedBps=250000 allowanceBytesPerTick=4166 outBytes=63334 bytesPerTick=527 occupancyPctX10=126
LogOGRelayProbe: Warning: [Warning][RelayProbe.Budget] conn=28300 queuedBits min=-66666 max=-63526 mean=-65934 notReadyFrames=0 outPackets=123 bytesPerPacket=514 lost=1
LogOGRelayProbe: Warning: [Warning][RelayProbe.Write] id=28322 runs=120 writes=220 observableWrites=220 captureSpan=220 receivedX1000=1000 observableX1000=1000 deliverableX1000=1000 replaceLatestObservableX1000=545
LogOGRelayProbe: Warning: [Warning][RelayProbe.Write] id=28322 writesPerFrame p50=2 p99=4 max=4 emptyFrames=101 nonConsecutive=0 missedCaptureTicks=0 captures=[27688,27907] discont=0
LogOGRelayProbe: Warning: [Warning][RelayProbe.Frame] role=Server simTicks=122 frames=123 meanTicksPerFrameX100=99 p50=1 p99=1 max=2 meanFrameUs=16628
LogOGRelayProbe: Warning: [Warning][RelayProbe.Frame] role=Server cadence dFrame1=117 dFrame0=0 dFrameGt1=3 discont=0 numSteps total=122 max=2 gt1=2
LogOGInputRelay: Warning: [RelayFlush] window owner=OGBrawlerUECharacter_2147482398 flushedRounds=14659 entries=27222 entriesPerRoundX100=185 suppressed=12581 stageOverflowDrops=1
LogOGRelayProbe: Warning: [Warning][RelayProbe.Budget] conn=28258 frames=120 elapsedMs=1999 netSpeedBps=250000 allowanceBytesPerTick=4166 outBytes=62221 bytesPerTick=518 occupancyPctX10=124
LogOGRelayProbe: Warning: [Warning][RelayProbe.Budget] conn=28258 queuedBits min=-66666 max=-63108 mean=-65947 notReadyFrames=0 outPackets=120 bytesPerPacket=518 lost=2
LogOGNet: Warning: [Warning][InputStats] dropped 0 / 238 remote inputs = 0%
LogOGInputRelay: Warning: [RelayFlush] window owner=OGBrawlerUECharacter_2147482375 flushedRounds=14559 entries=27105 entriesPerRoundX100=186 suppressed=12561 stageOverflowDrops=0
LogOGRelayProbe: Warning: [Warning][RelayProbe.Budget] conn=28300 frames=120 elapsedMs=1994 netSpeedBps=250000 allowanceBytesPerTick=4166 outBytes=62113 bytesPerTick=517 occupancyPctX10=124
LogOGRelayProbe: Warning: [Warning][RelayProbe.Budget] conn=28300 queuedBits min=-66666 max=-63108 mean=-65855 notReadyFrames=0 outPackets=120 bytesPerPacket=517 lost=1
LogOGRelayProbe: Warning: [Warning][RelayProbe.Frame] role=Server simTicks=120 frames=120 meanTicksPerFrameX100=100 p50=1 p99=1 max=1 meanFrameUs=16614
LogOGRelayProbe: Warning: [Warning][RelayProbe.Frame] role=Server cadence dFrame1=120 dFrame0=0 dFrameGt1=0 discont=0 numSteps total=120 max=1 gt1=0
LogOGInputRelay: Warning: [RelayFlush] window owner=OGBrawlerUECharacter_2147482398 flushedRounds=14721 entries=27340 entriesPerRoundX100=185 suppressed=12639 stageOverflowDrops=1
LogOGRelayProbe: Warning: [Warning][RelayProbe.Budget] conn=28258 frames=120 elapsedMs=1991 netSpeedBps=250000 allowanceBytesPerTick=4166 outBytes=61992 bytesPerTick=516 occupancyPctX10=123
LogOGRelayProbe: Warning: [Warning][RelayProbe.Budget] conn=28258 queuedBits min=-66666 max=-63154 mean=-65794 notReadyFrames=0 outPackets=120 bytesPerPacket=516 lost=0
LogOGNet: Warning: [Warning][InputStats] dropped 0 / 238 remote inputs = 0%
LogOGInputRelay: Warning: [RelayFlush] window owner=OGBrawlerUECharacter_2147482375 flushedRounds=14623 entries=27226 entriesPerRoundX100=186 suppressed=12617 stageOverflowDrops=0
LogOGRelayProbe: Warning: [Warning][RelayProbe.Write] id=28281 runs=120 writes=229 observableWrites=229 captureSpan=229 receivedX1000=1000 observableX1000=1000 deliverableX1000=1000 replaceLatestObservableX1000=524
LogOGRelayProbe: Warning: [Warning][RelayProbe.Write] id=28281 writesPerFrame p50=2 p99=4 max=4 emptyFrames=111 nonConsecutive=0 missedCaptureTicks=0 captures=[27890,28118] discont=0
LogOGRelayProbe: Warning: [Warning][RelayProbe.Write] id=28322 runs=120 writes=227 observableWrites=227 captureSpan=227 receivedX1000=1000 observableX1000=1000 deliverableX1000=1000 replaceLatestObservableX1000=528
LogOGRelayProbe: Warning: [Warning][RelayProbe.Write] id=28322 writesPerFrame p50=2 p99=4 max=5 emptyFrames=106 nonConsecutive=0 missedCaptureTicks=0 captures=[27908,28134] discont=0
LogOGRelayProbe: Warning: [Warning][RelayProbe.Budget] conn=28300 frames=120 elapsedMs=1995 netSpeedBps=250000 allowanceBytesPerTick=4166 outBytes=61864 bytesPerTick=515 occupancyPctX10=123
LogOGRelayProbe: Warning: [Warning][RelayProbe.Budget] conn=28300 queuedBits min=-66666 max=-63710 mean=-65902 notReadyFrames=0 outPackets=120 bytesPerPacket=515 lost=3
LogOGRelayProbe: Warning: [Warning][RelayProbe.Frame] role=Server simTicks=120 frames=120 meanTicksPerFrameX100=100 p50=1 p99=1 max=1 meanFrameUs=16630
LogOGRelayProbe: Warning: [Warning][RelayProbe.Frame] role=Server cadence dFrame1=120 dFrame0=0 dFrameGt1=0 discont=0 numSteps total=120 max=1 gt1=0
LogOGInputRelay: Warning: [RelayFlush] window owner=OGBrawlerUECharacter_2147482398 flushedRounds=14787 entries=27462 entriesPerRoundX100=185 suppressed=12693 stageOverflowDrops=1
LogOGRelayProbe: Warning: [Warning][RelayProbe.Budget] conn=28258 frames=120 elapsedMs=2058 netSpeedBps=250000 allowanceBytesPerTick=4166 outBytes=63885 bytesPerTick=532 occupancyPctX10=127
LogOGRelayProbe: Warning: [Warning][RelayProbe.Budget] conn=28258 queuedBits min=-66666 max=-62980 mean=-65891 notReadyFrames=0 outPackets=124 bytesPerPacket=515 lost=3
LogOGNet: Warning: [Warning][InputStats] dropped 0 / 238 remote inputs = 0%
LogOGInputRelay: Warning: [RelayFlush] window owner=OGBrawlerUECharacter_2147482375 flushedRounds=14692 entries=27343 entriesPerRoundX100=186 suppressed=12668 stageOverflowDrops=0
LogOGRelayProbe: Warning: [Warning][RelayProbe.Budget] conn=28300 frames=120 elapsedMs=2051 netSpeedBps=250000 allowanceBytesPerTick=4166 outBytes=63845 bytesPerTick=532 occupancyPctX10=127
LogOGRelayProbe: Warning: [Warning][RelayProbe.Budget] conn=28300 queuedBits min=-66666 max=-62980 mean=-65759 notReadyFrames=0 outPackets=124 bytesPerPacket=514 lost=3
LogOGRelayProbe: Warning: [Warning][RelayProbe.Frame] role=Server simTicks=123 frames=124 meanTicksPerFrameX100=99 p50=1 p99=2 max=2 meanFrameUs=16603
LogOGRelayProbe: Warning: [Warning][RelayProbe.Frame] role=Server cadence dFrame1=116 dFrame0=0 dFrameGt1=4 discont=0 numSteps total=123 max=2 gt1=3
LogOGInputRelay: Warning: [RelayFlush] window owner=OGBrawlerUECharacter_2147482398 flushedRounds=14854 entries=27583 entriesPerRoundX100=185 suppressed=12746 stageOverflowDrops=1
LogOGRelayProbe: Warning: [Warning][RelayProbe.Budget] conn=28258 frames=120 elapsedMs=1999 netSpeedBps=250000 allowanceBytesPerTick=4166 outBytes=62012 bytesPerTick=516 occupancyPctX10=123
LogOGRelayProbe: Warning: [Warning][RelayProbe.Budget] conn=28258 queuedBits min=-66666 max=-63162 mean=-65900 notReadyFrames=0 outPackets=120 bytesPerPacket=516 lost=3
LogOGNet: Warning: [Warning][InputStats] dropped 0 / 238 remote inputs = 0%
LogOGRelayProbe: Warning: [Warning][RelayProbe.Write] id=28281 runs=120 writes=206 observableWrites=206 captureSpan=206 receivedX1000=1000 observableX1000=1000 deliverableX1000=1000 replaceLatestObservableX1000=582
LogOGRelayProbe: Warning: [Warning][RelayProbe.Write] id=28281 writesPerFrame p50=2 p99=4 max=4 emptyFrames=86 nonConsecutive=0 missedCaptureTicks=0 captures=[28119,28324] discont=0
LogOGInputRelay: Warning: [RelayFlush] window owner=OGBrawlerUECharacter_2147482375 flushedRounds=14757 entries=27463 entriesPerRoundX100=186 suppressed=12723 stageOverflowDrops=0
LogOGRelayProbe: Warning: [Warning][RelayProbe.Write] id=28322 runs=120 writes=213 observableWrites=213 captureSpan=213 receivedX1000=1000 observableX1000=1000 deliverableX1000=1000 replaceLatestObservableX1000=563
LogOGRelayProbe: Warning: [Warning][RelayProbe.Write] id=28322 writesPerFrame p50=2 p99=4 max=4 emptyFrames=95 nonConsecutive=0 missedCaptureTicks=0 captures=[28135,28347] discont=0
LogOGRelayProbe: Warning: [Warning][RelayProbe.Budget] conn=28300 frames=120 elapsedMs=2004 netSpeedBps=250000 allowanceBytesPerTick=4166 outBytes=62237 bytesPerTick=518 occupancyPctX10=124
LogOGRelayProbe: Warning: [Warning][RelayProbe.Budget] conn=28300 queuedBits min=-66666 max=-63576 mean=-66065 notReadyFrames=0 outPackets=120 bytesPerPacket=518 lost=1
LogOGRelayProbe: Warning: [Warning][RelayProbe.Frame] role=Server simTicks=120 frames=120 meanTicksPerFrameX100=100 p50=1 p99=1 max=1 meanFrameUs=16622
LogOGRelayProbe: Warning: [Warning][RelayProbe.Frame] role=Server cadence dFrame1=120 dFrame0=0 dFrameGt1=0 discont=0 numSteps total=120 max=1 gt1=0
LogOGInputRelay: Warning: [RelayFlush] window owner=OGBrawlerUECharacter_2147482398 flushedRounds=14924 entries=27700 entriesPerRoundX100=185 suppressed=12796 stageOverflowDrops=1
LogOGRelayProbe: Warning: [Warning][RelayProbe.Budget] conn=28258 frames=120 elapsedMs=2001 netSpeedBps=250000 allowanceBytesPerTick=4166 outBytes=62308 bytesPerTick=519 occupancyPctX10=124
LogOGRelayProbe: Warning: [Warning][RelayProbe.Budget] conn=28258 queuedBits min=-66666 max=-63136 mean=-65715 notReadyFrames=0 outPackets=121 bytesPerPacket=514 lost=0
LogOGNet: Warning: [Warning][InputStats] dropped 0 / 238 remote inputs = 0%
LogOGInputRelay: Warning: [RelayFlush] window owner=OGBrawlerUECharacter_2147482375 flushedRounds=14824 entries=27584 entriesPerRoundX100=186 suppressed=12776 stageOverflowDrops=0
LogOGRelayProbe: Warning: [Warning][RelayProbe.Budget] conn=28300 frames=120 elapsedMs=2000 netSpeedBps=250000 allowanceBytesPerTick=4166 outBytes=62281 bytesPerTick=519 occupancyPctX10=124
LogOGRelayProbe: Warning: [Warning][RelayProbe.Budget] conn=28300 queuedBits min=-66666 max=-63136 mean=-65653 notReadyFrames=0 outPackets=121 bytesPerPacket=514 lost=1
LogOGRelayProbe: Warning: [Warning][RelayProbe.Frame] role=Server simTicks=120 frames=121 meanTicksPerFrameX100=99 p50=1 p99=1 max=1 meanFrameUs=16555
LogOGRelayProbe: Warning: [Warning][RelayProbe.Frame] role=Server cadence dFrame1=119 dFrame0=0 dFrameGt1=1 discont=0 numSteps total=120 max=1 gt1=0
LogOGInputRelay: Warning: [RelayFlush] window owner=OGBrawlerUECharacter_2147482398 flushedRounds=14991 entries=27819 entriesPerRoundX100=185 suppressed=12849 stageOverflowDrops=1
LogOGRelayProbe: Warning: [Warning][RelayProbe.Write] id=28281 runs=120 writes=215 observableWrites=215 captureSpan=215 receivedX1000=1000 observableX1000=1000 deliverableX1000=1000 replaceLatestObservableX1000=558
LogOGRelayProbe: Warning: [Warning][RelayProbe.Write] id=28281 writesPerFrame p50=2 p99=4 max=5 emptyFrames=96 nonConsecutive=0 missedCaptureTicks=0 captures=[28325,28539] discont=0
LogOGRelayProbe: Warning: [Warning][RelayProbe.Write] id=28322 runs=120 writes=209 observableWrites=209 captureSpan=209 receivedX1000=1000 observableX1000=1000 deliverableX1000=1000 replaceLatestObservableX1000=574
LogOGRelayProbe: Warning: [Warning][RelayProbe.Write] id=28322 writesPerFrame p50=2 p99=4 max=4 emptyFrames=90 nonConsecutive=0 missedCaptureTicks=0 captures=[28348,28556] discont=0
LogOGRelayProbe: Warning: [Warning][RelayProbe.Budget] conn=28258 frames=120 elapsedMs=1990 netSpeedBps=250000 allowanceBytesPerTick=4166 outBytes=62127 bytesPerTick=517 occupancyPctX10=124
LogOGRelayProbe: Warning: [Warning][RelayProbe.Budget] conn=28258 queuedBits min=-66666 max=-63240 mean=-65823 notReadyFrames=0 outPackets=120 bytesPerPacket=517 lost=1
LogOGNet: Warning: [Warning][InputStats] dropped 0 / 238 remote inputs = 0%
LogOGInputRelay: Warning: [RelayFlush] window owner=OGBrawlerUECharacter_2147482375 flushedRounds=14891 entries=27703 entriesPerRoundX100=186 suppressed=12829 stageOverflowDrops=0
LogOGRelayProbe: Warning: [Warning][RelayProbe.Budget] conn=28300 frames=120 elapsedMs=2052 netSpeedBps=250000 allowanceBytesPerTick=4166 outBytes=64022 bytesPerTick=533 occupancyPctX10=127
LogOGRelayProbe: Warning: [Warning][RelayProbe.Budget] conn=28300 queuedBits min=-66666 max=-63240 mean=-65744 notReadyFrames=0 outPackets=124 bytesPerPacket=516 lost=0
LogOGRelayProbe: Warning: [Warning][RelayProbe.Frame] role=Server simTicks=123 frames=124 meanTicksPerFrameX100=99 p50=1 p99=2 max=2 meanFrameUs=16551
LogOGRelayProbe: Warning: [Warning][RelayProbe.Frame] role=Server cadence dFrame1=116 dFrame0=0 dFrameGt1=4 discont=0 numSteps total=123 max=2 gt1=3
LogOGInputRelay: Warning: [RelayFlush] window owner=OGBrawlerUECharacter_2147482398 flushedRounds=15056 entries=27937 entriesPerRoundX100=185 suppressed=12904 stageOverflowDrops=1
LogOGNet: Warning: [Warning][InputStats] dropped 0 / 238 remote inputs = 0%
LogOGRelayProbe: Warning: [Warning][RelayProbe.Budget] conn=28258 frames=120 elapsedMs=2051 netSpeedBps=250000 allowanceBytesPerTick=4166 outBytes=63937 bytesPerTick=532 occupancyPctX10=127
LogOGRelayProbe: Warning: [Warning][RelayProbe.Budget] conn=28258 queuedBits min=-66666 max=-63538 mean=-65737 notReadyFrames=0 outPackets=124 bytesPerPacket=515 lost=2
LogOGInputRelay: Warning: [RelayFlush] window owner=OGBrawlerUECharacter_2147482375 flushedRounds=14954 entries=27824 entriesPerRoundX100=186 suppressed=12886 stageOverflowDrops=0
LogOGRelayProbe: Warning: [Warning][RelayProbe.Budget] conn=28300 frames=120 elapsedMs=1992 netSpeedBps=250000 allowanceBytesPerTick=4166 outBytes=62128 bytesPerTick=517 occupancyPctX10=124
LogOGRelayProbe: Warning: [Warning][RelayProbe.Budget] conn=28300 queuedBits min=-66666 max=-63326 mean=-65751 notReadyFrames=0 outPackets=120 bytesPerPacket=517 lost=0
LogOGRelayProbe: Warning: [Warning][RelayProbe.Write] id=28281 runs=120 writes=213 observableWrites=213 captureSpan=213 receivedX1000=1000 observableX1000=1000 deliverableX1000=1000 replaceLatestObservableX1000=563
LogOGRelayProbe: Warning: [Warning][RelayProbe.Write] id=28281 writesPerFrame p50=2 p99=4 max=4 emptyFrames=94 nonConsecutive=0 missedCaptureTicks=0 captures=[28540,28752] discont=0
LogOGRelayProbe: Warning: [Warning][RelayProbe.Frame] role=Server simTicks=120 frames=120 meanTicksPerFrameX100=100 p50=1 p99=1 max=1 meanFrameUs=16599
LogOGRelayProbe: Warning: [Warning][RelayProbe.Frame] role=Server cadence dFrame1=120 dFrame0=0 dFrameGt1=0 discont=0 numSteps total=120 max=1 gt1=0
LogOGInputRelay: Warning: [RelayFlush] window owner=OGBrawlerUECharacter_2147482398 flushedRounds=15124 entries=28060 entriesPerRoundX100=185 suppressed=12956 stageOverflowDrops=1
LogOGRelayProbe: Warning: [Warning][RelayProbe.Write] id=28322 runs=120 writes=236 observableWrites=236 captureSpan=236 receivedX1000=1000 observableX1000=1000 deliverableX1000=1000 replaceLatestObservableX1000=508
LogOGRelayProbe: Warning: [Warning][RelayProbe.Write] id=28322 writesPerFrame p50=2 p99=4 max=5 emptyFrames=116 nonConsecutive=0 missedCaptureTicks=0 captures=[28557,28792] discont=0
LogOGNet: Warning: [Warning][InputStats] dropped 0 / 238 remote inputs = 0%
LogOGRelayProbe: Warning: [Warning][RelayProbe.Budget] conn=28258 frames=120 elapsedMs=2007 netSpeedBps=250000 allowanceBytesPerTick=4166 outBytes=62177 bytesPerTick=518 occupancyPctX10=124
LogOGRelayProbe: Warning: [Warning][RelayProbe.Budget] conn=28258 queuedBits min=-66666 max=-63326 mean=-65768 notReadyFrames=0 outPackets=121 bytesPerPacket=513 lost=0
LogOGInputRelay: Warning: [RelayFlush] window owner=OGBrawlerUECharacter_2147482375 flushedRounds=15014 entries=27942 entriesPerRoundX100=186 suppressed=12946 stageOverflowDrops=0
LogOGRelayProbe: Warning: [Warning][RelayProbe.Budget] conn=28300 frames=120 elapsedMs=1997 netSpeedBps=250000 allowanceBytesPerTick=4166 outBytes=62125 bytesPerTick=517 occupancyPctX10=124
LogOGRelayProbe: Warning: [Warning][RelayProbe.Budget] conn=28300 queuedBits min=-66666 max=-63262 mean=-65648 notReadyFrames=0 outPackets=121 bytesPerPacket=513 lost=2
LogOGInputRelay: Warning: [RelayFlush] window owner=OGBrawlerUECharacter_2147482398 flushedRounds=15187 entries=28176 entriesPerRoundX100=185 suppressed=13013 stageOverflowDrops=1
LogOGRelayProbe: Warning: [Warning][RelayProbe.Frame] role=Server simTicks=120 frames=121 meanTicksPerFrameX100=99 p50=1 p99=1 max=1 meanFrameUs=16512
LogOGRelayProbe: Warning: [Warning][RelayProbe.Frame] role=Server cadence dFrame1=119 dFrame0=0 dFrameGt1=1 discont=0 numSteps total=120 max=1 gt1=0
LogOGNet: Warning: [Warning][InputStats] dropped 0 / 238 remote inputs = 0%
LogOGRelayProbe: Warning: [Warning][RelayProbe.Budget] conn=28258 frames=120 elapsedMs=1999 netSpeedBps=250000 allowanceBytesPerTick=4166 outBytes=62514 bytesPerTick=520 occupancyPctX10=124
LogOGRelayProbe: Warning: [Warning][RelayProbe.Budget] conn=28258 queuedBits min=-66666 max=-63244 mean=-65646 notReadyFrames=0 outPackets=121 bytesPerPacket=516 lost=3
LogOGInputRelay: Warning: [RelayFlush] window owner=OGBrawlerUECharacter_2147482375 flushedRounds=15078 entries=28060 entriesPerRoundX100=186 suppressed=13002 stageOverflowDrops=0
LogOGRelayProbe: Warning: [Warning][RelayProbe.Write] id=28281 runs=120 writes=214 observableWrites=214 captureSpan=214 receivedX1000=1000 observableX1000=1000 deliverableX1000=1000 replaceLatestObservableX1000=560
LogOGRelayProbe: Warning: [Warning][RelayProbe.Write] id=28281 writesPerFrame p50=2 p99=4 max=4 emptyFrames=97 nonConsecutive=0 missedCaptureTicks=0 captures=[28753,28966] discont=0
LogOGRelayProbe: Warning: [Warning][RelayProbe.Budget] conn=28300 frames=120 elapsedMs=1999 netSpeedBps=250000 allowanceBytesPerTick=4166 outBytes=62469 bytesPerTick=520 occupancyPctX10=124
LogOGRelayProbe: Warning: [Warning][RelayProbe.Budget] conn=28300 queuedBits min=-66666 max=-63050 mean=-65705 notReadyFrames=0 outPackets=121 bytesPerPacket=516 lost=2
LogOGInputRelay: Warning: [RelayFlush] window owner=OGBrawlerUECharacter_2147482398 flushedRounds=15256 entries=28297 entriesPerRoundX100=185 suppressed=13064 stageOverflowDrops=1
LogOGRelayProbe: Warning: [Warning][RelayProbe.Frame] role=Server simTicks=120 frames=121 meanTicksPerFrameX100=99 p50=1 p99=1 max=1 meanFrameUs=16529
LogOGRelayProbe: Warning: [Warning][RelayProbe.Frame] role=Server cadence dFrame1=119 dFrame0=0 dFrameGt1=1 discont=0 numSteps total=120 max=1 gt1=0
LogOGRelayProbe: Warning: [Warning][RelayProbe.Write] id=28322 runs=120 writes=213 observableWrites=213 captureSpan=213 receivedX1000=1000 observableX1000=1000 deliverableX1000=1000 replaceLatestObservableX1000=563
LogOGRelayProbe: Warning: [Warning][RelayProbe.Write] id=28322 writesPerFrame p50=2 p99=4 max=4 emptyFrames=96 nonConsecutive=0 missedCaptureTicks=0 captures=[28793,29005] discont=0
LogOGNet: Warning: [Warning][InputStats] dropped 0 / 238 remote inputs = 0%
LogOGRelayProbe: Warning: [Warning][RelayProbe.Budget] conn=28258 frames=120 elapsedMs=2036 netSpeedBps=250000 allowanceBytesPerTick=4166 outBytes=63555 bytesPerTick=529 occupancyPctX10=126
LogOGRelayProbe: Warning: [Warning][RelayProbe.Budget] conn=28258 queuedBits min=-66666 max=-62876 mean=-65789 notReadyFrames=0 outPackets=123 bytesPerPacket=516 lost=0
LogOGInputRelay: Warning: [RelayFlush] window owner=OGBrawlerUECharacter_2147482375 flushedRounds=15149 entries=28180 entriesPerRoundX100=186 suppressed=13051 stageOverflowDrops=0
LogOGRelayProbe: Warning: [Warning][RelayProbe.Budget] conn=28300 frames=120 elapsedMs=2076 netSpeedBps=250000 allowanceBytesPerTick=4166 outBytes=64326 bytesPerTick=536 occupancyPctX10=128
LogOGRelayProbe: Warning: [Warning][RelayProbe.Budget] conn=28300 queuedBits min=-66666 max=-62876 mean=-65878 notReadyFrames=0 outPackets=125 bytesPerPacket=514 lost=2
LogOGInputRelay: Warning: [RelayFlush] window owner=OGBrawlerUECharacter_2147482398 flushedRounds=15318 entries=28417 entriesPerRoundX100=185 suppressed=13122 stageOverflowDrops=1
LogOGRelayProbe: Warning: [Warning][RelayProbe.Frame] role=Server simTicks=124 frames=125 meanTicksPerFrameX100=99 p50=1 p99=2 max=2 meanFrameUs=16616
LogOGRelayProbe: Warning: [Warning][RelayProbe.Frame] role=Server cadence dFrame1=115 dFrame0=0 dFrameGt1=5 discont=0 numSteps total=124 max=2 gt1=4
LogOGNet: Warning: [Warning][InputStats] dropped 0 / 238 remote inputs = 0%
LogOGRelayProbe: Warning: [Warning][RelayProbe.Budget] conn=28258 frames=120 elapsedMs=2023 netSpeedBps=250000 allowanceBytesPerTick=4166 outBytes=62788 bytesPerTick=523 occupancyPctX10=125
LogOGRelayProbe: Warning: [Warning][RelayProbe.Budget] conn=28258 queuedBits min=-66666 max=-63228 mean=-65778 notReadyFrames=0 outPackets=122 bytesPerPacket=514 lost=1
LogOGInputRelay: Warning: [RelayFlush] window owner=OGBrawlerUECharacter_2147482375 flushedRounds=15223 entries=28300 entriesPerRoundX100=185 suppressed=13097 stageOverflowDrops=0
LogOGRelayProbe: Warning: [Warning][RelayProbe.Write] id=28281 runs=120 writes=228 observableWrites=228 captureSpan=228 receivedX1000=1000 observableX1000=1000 deliverableX1000=1000 replaceLatestObservableX1000=526
LogOGRelayProbe: Warning: [Warning][RelayProbe.Write] id=28281 writesPerFrame p50=2 p99=4 max=4 emptyFrames=108 nonConsecutive=0 missedCaptureTicks=0 captures=[28967,29194] discont=0
LogOGRelayProbe: Warning: [Warning][RelayProbe.Write] id=28322 runs=120 writes=205 observableWrites=205 captureSpan=205 receivedX1000=1000 observableX1000=1000 deliverableX1000=1000 replaceLatestObservableX1000=585
LogOGRelayProbe: Warning: [Warning][RelayProbe.Write] id=28322 writesPerFrame p50=2 p99=3 max=3 emptyFrames=85 nonConsecutive=0 missedCaptureTicks=0 captures=[29006,29210] discont=0
LogOGRelayProbe: Warning: [Warning][RelayProbe.Budget] conn=28300 frames=120 elapsedMs=1993 netSpeedBps=250000 allowanceBytesPerTick=4166 outBytes=62004 bytesPerTick=516 occupancyPctX10=123
LogOGRelayProbe: Warning: [Warning][RelayProbe.Budget] conn=28300 queuedBits min=-66666 max=-63490 mean=-65825 notReadyFrames=0 outPackets=120 bytesPerPacket=516 lost=2
LogOGInputRelay: Warning: [RelayFlush] window owner=OGBrawlerUECharacter_2147482398 flushedRounds=15382 entries=28535 entriesPerRoundX100=185 suppressed=13178 stageOverflowDrops=1
LogOGRelayProbe: Warning: [Warning][RelayProbe.Frame] role=Server simTicks=120 frames=120 meanTicksPerFrameX100=100 p50=1 p99=1 max=1 meanFrameUs=16613
LogOGRelayProbe: Warning: [Warning][RelayProbe.Frame] role=Server cadence dFrame1=120 dFrame0=0 dFrameGt1=0 discont=0 numSteps total=120 max=1 gt1=0
LogOGNet: Warning: [Warning][InputStats] dropped 0 / 238 remote inputs = 0%
LogOGRelayProbe: Warning: [Warning][RelayProbe.Budget] conn=28258 frames=120 elapsedMs=1995 netSpeedBps=250000 allowanceBytesPerTick=4166 outBytes=62062 bytesPerTick=517 occupancyPctX10=124
LogOGRelayProbe: Warning: [Warning][RelayProbe.Budget] conn=28258 queuedBits min=-66666 max=-63594 mean=-65948 notReadyFrames=0 outPackets=120 bytesPerPacket=517 lost=4
LogOGInputRelay: Warning: [RelayFlush] window owner=OGBrawlerUECharacter_2147482375 flushedRounds=15288 entries=28418 entriesPerRoundX100=185 suppressed=13152 stageOverflowDrops=0
LogOGRelayProbe: Warning: [Warning][RelayProbe.Budget] conn=28300 frames=120 elapsedMs=2005 netSpeedBps=250000 allowanceBytesPerTick=4166 outBytes=62273 bytesPerTick=518 occupancyPctX10=124
LogOGRelayProbe: Warning: [Warning][RelayProbe.Budget] conn=28300 queuedBits min=-66666 max=-63686 mean=-65886 notReadyFrames=0 outPackets=121 bytesPerPacket=514 lost=1
LogOGInputRelay: Warning: [RelayFlush] window owner=OGBrawlerUECharacter_2147482398 flushedRounds=15441 entries=28653 entriesPerRoundX100=185 suppressed=13239 stageOverflowDrops=1
LogOGRelayProbe: Warning: [Warning][RelayProbe.Frame] role=Server simTicks=120 frames=121 meanTicksPerFrameX100=99 p50=1 p99=1 max=1 meanFrameUs=16547
LogOGRelayProbe: Warning: [Warning][RelayProbe.Frame] role=Server cadence dFrame1=119 dFrame0=0 dFrameGt1=1 discont=0 numSteps total=120 max=1 gt1=0
LogOGNet: Warning: [Warning][InputStats] dropped 0 / 238 remote inputs = 0%
LogOGRelayProbe: Warning: [Warning][RelayProbe.Budget] conn=28258 frames=120 elapsedMs=2001 netSpeedBps=250000 allowanceBytesPerTick=4166 outBytes=62384 bytesPerTick=519 occupancyPctX10=124
LogOGRelayProbe: Warning: [Warning][RelayProbe.Budget] conn=28258 queuedBits min=-66666 max=-63278 mean=-65774 notReadyFrames=0 outPackets=121 bytesPerPacket=515 lost=2
LogOGInputRelay: Warning: [RelayFlush] window owner=OGBrawlerUECharacter_2147482375 flushedRounds=15347 entries=28538 entriesPerRoundX100=185 suppressed=13213 stageOverflowDrops=0
LogOGRelayProbe: Warning: [Warning][RelayProbe.Write] id=28281 runs=120 writes=231 observableWrites=231 captureSpan=231 receivedX1000=1000 observableX1000=1000 deliverableX1000=1000 replaceLatestObservableX1000=519
LogOGRelayProbe: Warning: [Warning][RelayProbe.Write] id=28281 writesPerFrame p50=2 p99=4 max=5 emptyFrames=113 nonConsecutive=0 missedCaptureTicks=0 captures=[29195,29425] discont=0
LogOGRelayProbe: Warning: [Warning][RelayProbe.Write] id=28322 runs=120 writes=229 observableWrites=229 captureSpan=229 receivedX1000=1000 observableX1000=1000 deliverableX1000=1000 replaceLatestObservableX1000=524
LogOGRelayProbe: Warning: [Warning][RelayProbe.Write] id=28322 writesPerFrame p50=2 p99=4 max=5 emptyFrames=111 nonConsecutive=0 missedCaptureTicks=0 captures=[29211,29439] discont=0
LogOGRelayProbe: Warning: [Warning][RelayProbe.Budget] conn=28300 frames=120 elapsedMs=2036 netSpeedBps=250000 allowanceBytesPerTick=4166 outBytes=63484 bytesPerTick=529 occupancyPctX10=126
LogOGRelayProbe: Warning: [Warning][RelayProbe.Budget] conn=28300 queuedBits min=-66666 max=-63278 mean=-65798 notReadyFrames=0 outPackets=123 bytesPerPacket=516 lost=1
LogOGInputRelay: Warning: [RelayFlush] window owner=OGBrawlerUECharacter_2147482398 flushedRounds=15506 entries=28774 entriesPerRoundX100=185 suppressed=13294 stageOverflowDrops=1
LogOGRelayProbe: Warning: [Warning][RelayProbe.Frame] role=Server simTicks=122 frames=123 meanTicksPerFrameX100=99 p50=1 p99=1 max=2 meanFrameUs=16592
LogOGRelayProbe: Warning: [Warning][RelayProbe.Frame] role=Server cadence dFrame1=117 dFrame0=0 dFrameGt1=3 discont=0 numSteps total=122 max=2 gt1=2
LogOGNet: Warning: [Warning][InputStats] dropped 0 / 238 remote inputs = 0%
LogOGRelayProbe: Warning: [Warning][RelayProbe.Budget] conn=28258 frames=120 elapsedMs=2061 netSpeedBps=250000 allowanceBytesPerTick=4166 outBytes=63732 bytesPerTick=531 occupancyPctX10=127
LogOGRelayProbe: Warning: [Warning][RelayProbe.Budget] conn=28258 queuedBits min=-66666 max=-63198 mean=-65919 notReadyFrames=0 outPackets=124 bytesPerPacket=513 lost=2
LogOGInputRelay: Warning: [RelayFlush] window owner=OGBrawlerUECharacter_2147482375 flushedRounds=15414 entries=28658 entriesPerRoundX100=185 suppressed=13266 stageOverflowDrops=0
LogOGRelayProbe: Warning: [Warning][RelayProbe.Budget] conn=28300 frames=120 elapsedMs=2011 netSpeedBps=250000 allowanceBytesPerTick=4166 outBytes=62524 bytesPerTick=521 occupancyPctX10=125
LogOGRelayProbe: Warning: [Warning][RelayProbe.Budget] conn=28300 queuedBits min=-66666 max=-63198 mean=-65856 notReadyFrames=0 outPackets=121 bytesPerPacket=516 lost=2
LogOGInputRelay: Warning: [RelayFlush] window owner=OGBrawlerUECharacter_2147482398 flushedRounds=15571 entries=28893 entriesPerRoundX100=185 suppressed=13349 stageOverflowDrops=1
LogOGRelayProbe: Warning: [Warning][RelayProbe.Frame] role=Server simTicks=121 frames=121 meanTicksPerFrameX100=100 p50=1 p99=1 max=2 meanFrameUs=16623
LogOGRelayProbe: Warning: [Warning][RelayProbe.Frame] role=Server cadence dFrame1=119 dFrame0=0 dFrameGt1=1 discont=0 numSteps total=121 max=2 gt1=1
LogOGNet: Warning: [Warning][InputStats] dropped 0 / 238 remote inputs = 0%
LogOGRelayProbe: Warning: [Warning][RelayProbe.Write] id=28281 runs=120 writes=219 observableWrites=219 captureSpan=219 receivedX1000=1000 observableX1000=1000 deliverableX1000=1000 replaceLatestObservableX1000=547
LogOGRelayProbe: Warning: [Warning][RelayProbe.Write] id=28281 writesPerFrame p50=2 p99=4 max=4 emptyFrames=100 nonConsecutive=0 missedCaptureTicks=0 captures=[29426,29644] discont=0
LogOGRelayProbe: Warning: [Warning][RelayProbe.Budget] conn=28258 frames=120 elapsedMs=1993 netSpeedBps=250000 allowanceBytesPerTick=4166 outBytes=62069 bytesPerTick=517 occupancyPctX10=124
LogOGRelayProbe: Warning: [Warning][RelayProbe.Budget] conn=28258 queuedBits min=-66666 max=-63594 mean=-65832 notReadyFrames=0 outPackets=120 bytesPerPacket=517 lost=2
LogOGRelayProbe: Warning: [Warning][RelayProbe.Write] id=28322 runs=120 writes=213 observableWrites=213 captureSpan=213 receivedX1000=1000 observableX1000=1000 deliverableX1000=1000 replaceLatestObservableX1000=563
LogOGRelayProbe: Warning: [Warning][RelayProbe.Write] id=28322 writesPerFrame p50=2 p99=4 max=4 emptyFrames=93 nonConsecutive=0 missedCaptureTicks=0 captures=[29440,29652] discont=0
LogOGInputRelay: Warning: [RelayFlush] window owner=OGBrawlerUECharacter_2147482375 flushedRounds=15482 entries=28778 entriesPerRoundX100=185 suppressed=13318 stageOverflowDrops=0
LogOGRelayProbe: Warning: [Warning][RelayProbe.Budget] conn=28300 frames=120 elapsedMs=2008 netSpeedBps=250000 allowanceBytesPerTick=4166 outBytes=62445 bytesPerTick=520 occupancyPctX10=124
LogOGRelayProbe: Warning: [Warning][RelayProbe.Budget] conn=28300 queuedBits min=-66666 max=-63700 mean=-65857 notReadyFrames=0 outPackets=121 bytesPerPacket=516 lost=2
LogOGInputRelay: Warning: [RelayFlush] window owner=OGBrawlerUECharacter_2147482398 flushedRounds=15636 entries=29013 entriesPerRoundX100=185 suppressed=13404 stageOverflowDrops=1
LogOGRelayProbe: Warning: [Warning][RelayProbe.Frame] role=Server simTicks=122 frames=123 meanTicksPerFrameX100=99 p50=1 p99=2 max=2 meanFrameUs=16581
LogOGRelayProbe: Warning: [Warning][RelayProbe.Frame] role=Server cadence dFrame1=117 dFrame0=0 dFrameGt1=3 discont=0 numSteps total=122 max=2 gt1=2
LogOGNet: Warning: [Warning][InputStats] dropped 0 / 238 remote inputs = 0%
LogOGRelayProbe: Warning: [Warning][RelayProbe.Budget] conn=28258 frames=120 elapsedMs=2040 netSpeedBps=250000 allowanceBytesPerTick=4166 outBytes=63424 bytesPerTick=528 occupancyPctX10=126
LogOGRelayProbe: Warning: [Warning][RelayProbe.Budget] conn=28258 queuedBits min=-66666 max=-63328 mean=-65836 notReadyFrames=0 outPackets=123 bytesPerPacket=515 lost=3
LogOGInputRelay: Warning: [RelayFlush] window owner=OGBrawlerUECharacter_2147482375 flushedRounds=15545 entries=28897 entriesPerRoundX100=185 suppressed=13375 stageOverflowDrops=0
LogOGRelayProbe: Warning: [Warning][RelayProbe.Budget] conn=28300 frames=120 elapsedMs=2020 netSpeedBps=250000 allowanceBytesPerTick=4166 outBytes=62796 bytesPerTick=523 occupancyPctX10=125
LogOGRelayProbe: Warning: [Warning][RelayProbe.Budget] conn=28300 queuedBits min=-66666 max=-63328 mean=-65737 notReadyFrames=0 outPackets=122 bytesPerPacket=514 lost=4
LogOGInputRelay: Warning: [RelayFlush] window owner=OGBrawlerUECharacter_2147482398 flushedRounds=15700 entries=29134 entriesPerRoundX100=185 suppressed=13460 stageOverflowDrops=1
LogOGRelayProbe: Warning: [Warning][RelayProbe.Frame] role=Server simTicks=120 frames=120 meanTicksPerFrameX100=100 p50=1 p99=1 max=1 meanFrameUs=16594
LogOGRelayProbe: Warning: [Warning][RelayProbe.Frame] role=Server cadence dFrame1=120 dFrame0=0 dFrameGt1=0 discont=0 numSteps total=120 max=1 gt1=0
LogOGRelayProbe: Warning: [Warning][RelayProbe.Write] id=28322 runs=120 writes=214 observableWrites=214 captureSpan=214 receivedX1000=1000 observableX1000=1000 deliverableX1000=1000 replaceLatestObservableX1000=560
LogOGRelayProbe: Warning: [Warning][RelayProbe.Write] id=28322 writesPerFrame p50=2 p99=4 max=5 emptyFrames=97 nonConsecutive=0 missedCaptureTicks=0 captures=[29653,29866] discont=0
LogOGNet: Warning: [Warning][InputStats] dropped 0 / 238 remote inputs = 0%
LogOGRelayProbe: Warning: [Warning][RelayProbe.Write] id=28281 runs=120 writes=239 observableWrites=239 captureSpan=239 receivedX1000=1000 observableX1000=1000 deliverableX1000=1000 replaceLatestObservableX1000=502
LogOGRelayProbe: Warning: [Warning][RelayProbe.Write] id=28281 writesPerFrame p50=2 p99=4 max=4 emptyFrames=120 nonConsecutive=0 missedCaptureTicks=0 captures=[29645,29883] discont=0
LogOGRelayProbe: Warning: [Warning][RelayProbe.Budget] conn=28258 frames=120 elapsedMs=1985 netSpeedBps=250000 allowanceBytesPerTick=4166 outBytes=61933 bytesPerTick=516 occupancyPctX10=123
LogOGRelayProbe: Warning: [Warning][RelayProbe.Budget] conn=28258 queuedBits min=-66666 max=-63290 mean=-65644 notReadyFrames=0 outPackets=120 bytesPerPacket=516 lost=1
LogOGInputRelay: Warning: [RelayFlush] window owner=OGBrawlerUECharacter_2147482375 flushedRounds=15611 entries=29016 entriesPerRoundX100=185 suppressed=13429 stageOverflowDrops=0
LogOGInputRelay: Warning: [RelayFlush] window owner=OGBrawlerUECharacter_2147482398 flushedRounds=15757 entries=29252 entriesPerRoundX100=185 suppressed=13523 stageOverflowDrops=1
LogOGRelayProbe: Warning: [Warning][RelayProbe.Budget] conn=28300 frames=120 elapsedMs=2040 netSpeedBps=250000 allowanceBytesPerTick=4166 outBytes=63422 bytesPerTick=528 occupancyPctX10=126
LogOGRelayProbe: Warning: [Warning][RelayProbe.Budget] conn=28300 queuedBits min=-66666 max=-63194 mean=-65724 notReadyFrames=0 outPackets=123 bytesPerPacket=515 lost=0
LogOGRelayProbe: Warning: [Warning][RelayProbe.Frame] role=Server simTicks=122 frames=123 meanTicksPerFrameX100=99 p50=1 p99=1 max=2 meanFrameUs=16558
LogOGRelayProbe: Warning: [Warning][RelayProbe.Frame] role=Server cadence dFrame1=117 dFrame0=0 dFrameGt1=3 discont=0 numSteps total=122 max=2 gt1=2
LogOGNet: Warning: [Warning][InputStats] dropped 0 / 238 remote inputs = 0%
LogOGInputRelay: Warning: [RelayFlush] window owner=OGBrawlerUECharacter_2147482375 flushedRounds=15675 entries=29136 entriesPerRoundX100=185 suppressed=13485 stageOverflowDrops=0
LogOGRelayProbe: Warning: [Warning][RelayProbe.Budget] conn=28258 frames=120 elapsedMs=2040 netSpeedBps=250000 allowanceBytesPerTick=4166 outBytes=63288 bytesPerTick=527 occupancyPctX10=126
LogOGRelayProbe: Warning: [Warning][RelayProbe.Budget] conn=28258 queuedBits min=-66666 max=-63176 mean=-65784 notReadyFrames=0 outPackets=123 bytesPerPacket=514 lost=0
LogOGInputRelay: Warning: [RelayFlush] window owner=OGBrawlerUECharacter_2147482398 flushedRounds=15818 entries=29370 entriesPerRoundX100=185 suppressed=13582 stageOverflowDrops=1
LogOGRelayProbe: Warning: [Warning][RelayProbe.Budget] conn=28300 frames=120 elapsedMs=2001 netSpeedBps=250000 allowanceBytesPerTick=4166 outBytes=62307 bytesPerTick=519 occupancyPctX10=124
LogOGRelayProbe: Warning: [Warning][RelayProbe.Budget] conn=28300 queuedBits min=-66666 max=-63176 mean=-65736 notReadyFrames=0 outPackets=121 bytesPerPacket=514 lost=0
LogOGRelayProbe: Warning: [Warning][RelayProbe.Frame] role=Server simTicks=120 frames=121 meanTicksPerFrameX100=99 p50=1 p99=1 max=1 meanFrameUs=16562
LogOGRelayProbe: Warning: [Warning][RelayProbe.Frame] role=Server cadence dFrame1=119 dFrame0=0 dFrameGt1=1 discont=0 numSteps total=120 max=1 gt1=0
LogOGRelayProbe: Warning: [Warning][RelayProbe.Write] id=28322 runs=120 writes=230 observableWrites=230 captureSpan=230 receivedX1000=1000 observableX1000=1000 deliverableX1000=1000 replaceLatestObservableX1000=521
LogOGRelayProbe: Warning: [Warning][RelayProbe.Write] id=28322 writesPerFrame p50=2 p99=4 max=5 emptyFrames=110 nonConsecutive=0 missedCaptureTicks=0 captures=[29867,30096] discont=0
LogOGNet: Warning: [Warning][InputStats] dropped 0 / 238 remote inputs = 0%
LogOGRelayProbe: Warning: [Warning][RelayProbe.Write] id=28281 runs=120 writes=230 observableWrites=230 captureSpan=230 receivedX1000=1000 observableX1000=1000 deliverableX1000=1000 replaceLatestObservableX1000=521
LogOGRelayProbe: Warning: [Warning][RelayProbe.Write] id=28281 writesPerFrame p50=2 p99=4 max=5 emptyFrames=111 nonConsecutive=0 missedCaptureTicks=0 captures=[29884,30113] discont=0
LogOGInputRelay: Warning: [RelayFlush] window owner=OGBrawlerUECharacter_2147482375 flushedRounds=15741 entries=29254 entriesPerRoundX100=185 suppressed=13539 stageOverflowDrops=0
LogOGRelayProbe: Warning: [Warning][RelayProbe.Budget] conn=28258 frames=120 elapsedMs=2001 netSpeedBps=250000 allowanceBytesPerTick=4166 outBytes=62373 bytesPerTick=519 occupancyPctX10=124
LogOGRelayProbe: Warning: [Warning][RelayProbe.Budget] conn=28258 queuedBits min=-66666 max=-63414 mean=-65760 notReadyFrames=0 outPackets=121 bytesPerPacket=515 lost=0
LogOGInputRelay: Warning: [RelayFlush] window owner=OGBrawlerUECharacter_2147482398 flushedRounds=15881 entries=29490 entriesPerRoundX100=185 suppressed=13639 stageOverflowDrops=1
LogOGRelayProbe: Warning: [Warning][RelayProbe.Budget] conn=28300 frames=120 elapsedMs=1991 netSpeedBps=250000 allowanceBytesPerTick=4166 outBytes=61927 bytesPerTick=516 occupancyPctX10=123
LogOGRelayProbe: Warning: [Warning][RelayProbe.Budget] conn=28300 queuedBits min=-66666 max=-63330 mean=-65873 notReadyFrames=0 outPackets=120 bytesPerPacket=516 lost=1
LogOGRelayProbe: Warning: [Warning][RelayProbe.Frame] role=Server simTicks=120 frames=120 meanTicksPerFrameX100=100 p50=1 p99=1 max=1 meanFrameUs=16562
LogOGRelayProbe: Warning: [Warning][RelayProbe.Frame] role=Server cadence dFrame1=120 dFrame0=0 dFrameGt1=0 discont=0 numSteps total=120 max=1 gt1=0
LogOGNet: Warning: [Warning][InputStats] dropped 0 / 240 remote inputs = 0%
LogOGInputRelay: Warning: [RelayFlush] window owner=OGBrawlerUECharacter_2147482375 flushedRounds=15807 entries=29374 entriesPerRoundX100=185 suppressed=13593 stageOverflowDrops=0
LogOGRelayProbe: Warning: [Warning][RelayProbe.Budget] conn=28258 frames=120 elapsedMs=2020 netSpeedBps=250000 allowanceBytesPerTick=4166 outBytes=63072 bytesPerTick=525 occupancyPctX10=126
LogOGRelayProbe: Warning: [Warning][RelayProbe.Budget] conn=28258 queuedBits min=-66666 max=-63330 mean=-65754 notReadyFrames=0 outPackets=122 bytesPerPacket=516 lost=2
LogOGInputRelay: Warning: [RelayFlush] window owner=OGBrawlerUECharacter_2147482398 flushedRounds=15940 entries=29610 entriesPerRoundX100=185 suppressed=13700 stageOverflowDrops=1
LogOGRelayProbe: Warning: [Warning][RelayProbe.Write] id=28322 runs=120 writes=217 observableWrites=217 captureSpan=217 receivedX1000=1000 observableX1000=1000 deliverableX1000=1000 replaceLatestObservableX1000=552
LogOGRelayProbe: Warning: [Warning][RelayProbe.Write] id=28322 writesPerFrame p50=2 p99=4 max=4 emptyFrames=98 nonConsecutive=0 missedCaptureTicks=0 captures=[30097,30313] discont=0
LogOGRelayProbe: Warning: [Warning][RelayProbe.Budget] conn=28300 frames=120 elapsedMs=2025 netSpeedBps=250000 allowanceBytesPerTick=4166 outBytes=62984 bytesPerTick=524 occupancyPctX10=125
LogOGRelayProbe: Warning: [Warning][RelayProbe.Budget] conn=28300 queuedBits min=-66666 max=-63190 mean=-65805 notReadyFrames=0 outPackets=122 bytesPerPacket=516 lost=3
LogOGRelayProbe: Warning: [Warning][RelayProbe.Frame] role=Server simTicks=121 frames=122 meanTicksPerFrameX100=99 p50=1 p99=1 max=2 meanFrameUs=16617
LogOGRelayProbe: Warning: [Warning][RelayProbe.Frame] role=Server cadence dFrame1=118 dFrame0=0 dFrameGt1=2 discont=0 numSteps total=121 max=2 gt1=1
LogOGNet: Warning: [Warning][InputStats] dropped 0 / 238 remote inputs = 0%
LogOGRelayProbe: Warning: [Warning][RelayProbe.Write] id=28281 runs=120 writes=235 observableWrites=235 captureSpan=235 receivedX1000=1000 observableX1000=1000 deliverableX1000=1000 replaceLatestObservableX1000=510
LogOGRelayProbe: Warning: [Warning][RelayProbe.Write] id=28281 writesPerFrame p50=2 p99=4 max=5 emptyFrames=116 nonConsecutive=0 missedCaptureTicks=0 captures=[30114,30348] discont=0
LogOGInputRelay: Warning: [RelayFlush] window owner=OGBrawlerUECharacter_2147482375 flushedRounds=15870 entries=29493 entriesPerRoundX100=185 suppressed=13650 stageOverflowDrops=0
LogOGRelayProbe: Warning: [Warning][RelayProbe.Budget] conn=28258 frames=120 elapsedMs=1995 netSpeedBps=250000 allowanceBytesPerTick=4166 outBytes=62086 bytesPerTick=517 occupancyPctX10=124
LogOGRelayProbe: Warning: [Warning][RelayProbe.Budget] conn=28258 queuedBits min=-66666 max=-63190 mean=-65910 notReadyFrames=0 outPackets=120 bytesPerPacket=517 lost=1
LogOGInputRelay: Warning: [RelayFlush] window owner=OGBrawlerUECharacter_2147482398 flushedRounds=16005 entries=29729 entriesPerRoundX100=185 suppressed=13755 stageOverflowDrops=1
LogOGRelayProbe: Warning: [Warning][RelayProbe.Budget] conn=28300 frames=120 elapsedMs=1994 netSpeedBps=250000 allowanceBytesPerTick=4166 outBytes=61962 bytesPerTick=516 occupancyPctX10=123
LogOGRelayProbe: Warning: [Warning][RelayProbe.Budget] conn=28300 queuedBits min=-66666 max=-63468 mean=-65891 notReadyFrames=0 outPackets=120 bytesPerPacket=516 lost=1
LogOGRelayProbe: Warning: [Warning][RelayProbe.Frame] role=Server simTicks=120 frames=120 meanTicksPerFrameX100=100 p50=1 p99=1 max=1 meanFrameUs=16604
LogOGRelayProbe: Warning: [Warning][RelayProbe.Frame] role=Server cadence dFrame1=120 dFrame0=0 dFrameGt1=0 discont=0 numSteps total=120 max=1 gt1=0
LogOGNet: Warning: [Warning][InputStats] dropped 0 / 238 remote inputs = 0%
LogOGInputRelay: Warning: [RelayFlush] window owner=OGBrawlerUECharacter_2147482375 flushedRounds=15936 entries=29614 entriesPerRoundX100=185 suppressed=13704 stageOverflowDrops=0
LogOGRelayProbe: Warning: [Warning][RelayProbe.Budget] conn=28258 frames=120 elapsedMs=1997 netSpeedBps=250000 allowanceBytesPerTick=4166 outBytes=61988 bytesPerTick=516 occupancyPctX10=123
LogOGRelayProbe: Warning: [Warning][RelayProbe.Budget] conn=28258 queuedBits min=-66666 max=-63282 mean=-65844 notReadyFrames=0 outPackets=120 bytesPerPacket=516 lost=2
LogOGRelayProbe: Warning: [Warning][RelayProbe.Write] id=28322 runs=120 writes=226 observableWrites=226 captureSpan=226 receivedX1000=1000 observableX1000=1000 deliverableX1000=1000 replaceLatestObservableX1000=530
LogOGRelayProbe: Warning: [Warning][RelayProbe.Write] id=28322 writesPerFrame p50=2 p99=4 max=4 emptyFrames=107 nonConsecutive=0 missedCaptureTicks=0 captures=[30314,30539] discont=0
LogOGInputRelay: Warning: [RelayFlush] window owner=OGBrawlerUECharacter_2147482398 flushedRounds=16072 entries=29849 entriesPerRoundX100=185 suppressed=13808 stageOverflowDrops=1
LogOGRelayProbe: Warning: [Warning][RelayProbe.Budget] conn=28300 frames=120 elapsedMs=1995 netSpeedBps=250000 allowanceBytesPerTick=4166 outBytes=61952 bytesPerTick=516 occupancyPctX10=123
LogOGRelayProbe: Warning: [Warning][RelayProbe.Budget] conn=28300 queuedBits min=-66666 max=-63282 mean=-65875 notReadyFrames=0 outPackets=120 bytesPerPacket=516 lost=0
LogOGRelayProbe: Warning: [Warning][RelayProbe.Write] id=28281 runs=120 writes=217 observableWrites=217 captureSpan=217 receivedX1000=1000 observableX1000=1000 deliverableX1000=1000 replaceLatestObservableX1000=552
LogOGRelayProbe: Warning: [Warning][RelayProbe.Write] id=28281 writesPerFrame p50=2 p99=4 max=4 emptyFrames=98 nonConsecutive=0 missedCaptureTicks=0 captures=[30349,30565] discont=0
LogOGRelayProbe: Warning: [Warning][RelayProbe.Frame] role=Server simTicks=120 frames=120 meanTicksPerFrameX100=100 p50=1 p99=1 max=1 meanFrameUs=16631
LogOGRelayProbe: Warning: [Warning][RelayProbe.Frame] role=Server cadence dFrame1=120 dFrame0=0 dFrameGt1=0 discont=0 numSteps total=120 max=1 gt1=0
LogOGNet: Warning: [Warning][InputStats] dropped 0 / 238 remote inputs = 0%
LogOGInputRelay: Warning: [RelayFlush] window owner=OGBrawlerUECharacter_2147482375 flushedRounds=15999 entries=29732 entriesPerRoundX100=185 suppressed=13761 stageOverflowDrops=0
LogOGRelayProbe: Warning: [Warning][RelayProbe.Budget] conn=28258 frames=120 elapsedMs=2023 netSpeedBps=250000 allowanceBytesPerTick=4166 outBytes=62784 bytesPerTick=523 occupancyPctX10=125
LogOGRelayProbe: Warning: [Warning][RelayProbe.Budget] conn=28258 queuedBits min=-66666 max=-63360 mean=-65856 notReadyFrames=0 outPackets=122 bytesPerPacket=514 lost=0
LogOGInputRelay: Warning: [RelayFlush] window owner=OGBrawlerUECharacter_2147482398 flushedRounds=16135 entries=29968 entriesPerRoundX100=185 suppressed=13865 stageOverflowDrops=1
LogOGRelayProbe: Warning: [Warning][RelayProbe.Budget] conn=28300 frames=120 elapsedMs=2028 netSpeedBps=250000 allowanceBytesPerTick=4166 outBytes=63035 bytesPerTick=525 occupancyPctX10=126
LogOGRelayProbe: Warning: [Warning][RelayProbe.Budget] conn=28300 queuedBits min=-66666 max=-63378 mean=-65873 notReadyFrames=0 outPackets=122 bytesPerPacket=516 lost=1
LogOGRelayProbe: Warning: [Warning][RelayProbe.Frame] role=Server simTicks=122 frames=123 meanTicksPerFrameX100=99 p50=1 p99=1 max=2 meanFrameUs=16636
LogOGRelayProbe: Warning: [Warning][RelayProbe.Frame] role=Server cadence dFrame1=117 dFrame0=0 dFrameGt1=3 discont=0 numSteps total=122 max=2 gt1=2
LogOGNet: Warning: [Warning][InputStats] dropped 0 / 238 remote inputs = 0%
LogOGInputRelay: Warning: [RelayFlush] window owner=OGBrawlerUECharacter_2147482375 flushedRounds=16063 entries=29852 entriesPerRoundX100=185 suppressed=13817 stageOverflowDrops=0
LogOGRelayProbe: Warning: [Warning][RelayProbe.Budget] conn=28258 frames=120 elapsedMs=2053 netSpeedBps=250000 allowanceBytesPerTick=4166 outBytes=63499 bytesPerTick=529 occupancyPctX10=126
LogOGRelayProbe: Warning: [Warning][RelayProbe.Budget] conn=28258 queuedBits min=-66666 max=-63622 mean=-65999 notReadyFrames=0 outPackets=123 bytesPerPacket=516 lost=0
LogOGRelayProbe: Warning: [Warning][RelayProbe.Write] id=28322 runs=120 writes=223 observableWrites=223 captureSpan=223 receivedX1000=1000 observableX1000=1000 deliverableX1000=1000 replaceLatestObservableX1000=538
LogOGRelayProbe: Warning: [Warning][RelayProbe.Write] id=28322 writesPerFrame p50=2 p99=4 max=5 emptyFrames=103 nonConsecutive=0 missedCaptureTicks=0 captures=[30540,30762] discont=0
LogOGInputRelay: Warning: [RelayFlush] window owner=OGBrawlerUECharacter_2147482398 flushedRounds=16198 entries=30088 entriesPerRoundX100=185 suppressed=13922 stageOverflowDrops=1
LogOGRelayProbe: Warning: [Warning][RelayProbe.Write] id=28281 runs=120 writes=229 observableWrites=229 captureSpan=229 receivedX1000=1000 observableX1000=1000 deliverableX1000=1000 replaceLatestObservableX1000=524
LogOGRelayProbe: Warning: [Warning][RelayProbe.Write] id=28281 writesPerFrame p50=2 p99=5 max=5 emptyFrames=108 nonConsecutive=0 missedCaptureTicks=0 captures=[30566,30794] discont=0
LogOGRelayProbe: Warning: [Warning][RelayProbe.Budget] conn=28300 frames=120 elapsedMs=2067 netSpeedBps=250000 allowanceBytesPerTick=4166 outBytes=63890 bytesPerTick=532 occupancyPctX10=127
LogOGRelayProbe: Warning: [Warning][RelayProbe.Budget] conn=28300 queuedBits min=-66666 max=-63974 mean=-66019 notReadyFrames=0 outPackets=124 bytesPerPacket=515 lost=1
LogOGRelayProbe: Warning: [Warning][RelayProbe.Frame] role=Server simTicks=126 frames=126 meanTicksPerFrameX100=100 p50=1 p99=2 max=2 meanFrameUs=16679
LogOGRelayProbe: Warning: [Warning][RelayProbe.Frame] role=Server cadence dFrame1=114 dFrame0=0 dFrameGt1=6 discont=0 numSteps total=126 max=2 gt1=6
LogOGNet: Warning: [Warning][InputStats] dropped 0 / 238 remote inputs = 0%
LogOGInputRelay: Warning: [RelayFlush] window owner=OGBrawlerUECharacter_2147482375 flushedRounds=16129 entries=29973 entriesPerRoundX100=185 suppressed=13871 stageOverflowDrops=0
LogOGRelayProbe: Warning: [Warning][RelayProbe.Budget] conn=28258 frames=120 elapsedMs=2062 netSpeedBps=250000 allowanceBytesPerTick=4166 outBytes=63827 bytesPerTick=531 occupancyPctX10=127
LogOGRelayProbe: Warning: [Warning][RelayProbe.Budget] conn=28258 queuedBits min=-66666 max=-63102 mean=-65922 notReadyFrames=0 outPackets=124 bytesPerPacket=514 lost=1
LogOGInputRelay: Warning: [RelayFlush] window owner=OGBrawlerUECharacter_2147482398 flushedRounds=16262 entries=30209 entriesPerRoundX100=185 suppressed=13978 stageOverflowDrops=1
LogOGRelayProbe: Warning: [Warning][RelayProbe.Budget] conn=28300 frames=120 elapsedMs=2045 netSpeedBps=250000 allowanceBytesPerTick=4166 outBytes=63303 bytesPerTick=527 occupancyPctX10=126
LogOGRelayProbe: Warning: [Warning][RelayProbe.Budget] conn=28300 queuedBits min=-66666 max=-63102 mean=-65862 notReadyFrames=0 outPackets=123 bytesPerPacket=514 lost=1
LogOGRelayProbe: Warning: [Warning][RelayProbe.Frame] role=Server simTicks=120 frames=120 meanTicksPerFrameX100=100 p50=1 p99=1 max=1 meanFrameUs=16627
LogOGRelayProbe: Warning: [Warning][RelayProbe.Frame] role=Server cadence dFrame1=120 dFrame0=0 dFrameGt1=0 discont=0 numSteps total=120 max=1 gt1=0
LogOGNet: Warning: [Warning][InputStats] dropped 0 / 238 remote inputs = 0%
LogOGInputRelay: Warning: [RelayFlush] window owner=OGBrawlerUECharacter_2147482375 flushedRounds=16191 entries=30091 entriesPerRoundX100=185 suppressed=13929 stageOverflowDrops=0
LogOGRelayProbe: Warning: [Warning][RelayProbe.Write] id=28322 runs=120 writes=219 observableWrites=219 captureSpan=219 receivedX1000=1000 observableX1000=1000 deliverableX1000=1000 replaceLatestObservableX1000=547
LogOGRelayProbe: Warning: [Warning][RelayProbe.Write] id=28322 writesPerFrame p50=2 p99=4 max=5 emptyFrames=98 nonConsecutive=0 missedCaptureTicks=0 captures=[30763,30981] discont=0
LogOGRelayProbe: Warning: [Warning][RelayProbe.Budget] conn=28258 frames=120 elapsedMs=1997 netSpeedBps=250000 allowanceBytesPerTick=4166 outBytes=62043 bytesPerTick=517 occupancyPctX10=124
LogOGRelayProbe: Warning: [Warning][RelayProbe.Budget] conn=28258 queuedBits min=-66666 max=-63096 mean=-65877 notReadyFrames=0 outPackets=120 bytesPerPacket=517 lost=3
LogOGRelayProbe: Warning: [Warning][RelayProbe.Write] id=28281 runs=120 writes=227 observableWrites=227 captureSpan=227 receivedX1000=1000 observableX1000=1000 deliverableX1000=1000 replaceLatestObservableX1000=528
LogOGRelayProbe: Warning: [Warning][RelayProbe.Write] id=28281 writesPerFrame p50=2 p99=4 max=5 emptyFrames=109 nonConsecutive=0 missedCaptureTicks=0 captures=[30795,31021] discont=0
LogOGInputRelay: Warning: [RelayFlush] window owner=OGBrawlerUECharacter_2147482398 flushedRounds=16323 entries=30328 entriesPerRoundX100=185 suppressed=14037 stageOverflowDrops=1
LogOGRelayProbe: Warning: [Warning][RelayProbe.Budget] conn=28300 frames=120 elapsedMs=1992 netSpeedBps=250000 allowanceBytesPerTick=4166 outBytes=62081 bytesPerTick=517 occupancyPctX10=124
LogOGRelayProbe: Warning: [Warning][RelayProbe.Budget] conn=28300 queuedBits min=-66666 max=-63096 mean=-65790 notReadyFrames=0 outPackets=120 bytesPerPacket=517 lost=4
LogOGRelayProbe: Warning: [Warning][RelayProbe.Frame] role=Server simTicks=120 frames=120 meanTicksPerFrameX100=100 p50=1 p99=1 max=1 meanFrameUs=16620
LogOGRelayProbe: Warning: [Warning][RelayProbe.Frame] role=Server cadence dFrame1=120 dFrame0=0 dFrameGt1=0 discont=0 numSteps total=120 max=1 gt1=0
LogOGNet: Warning: [Warning][InputStats] dropped 0 / 238 remote inputs = 0%
LogOGInputRelay: Warning: [RelayFlush] window owner=OGBrawlerUECharacter_2147482375 flushedRounds=16260 entries=30213 entriesPerRoundX100=185 suppressed=13980 stageOverflowDrops=0
LogOGRelayProbe: Warning: [Warning][RelayProbe.Budget] conn=28258 frames=120 elapsedMs=1993 netSpeedBps=250000 allowanceBytesPerTick=4166 outBytes=62112 bytesPerTick=517 occupancyPctX10=124
LogOGRelayProbe: Warning: [Warning][RelayProbe.Budget] conn=28258 queuedBits min=-66666 max=-62868 mean=-65789 notReadyFrames=0 outPackets=120 bytesPerPacket=517 lost=2
LogOGInputRelay: Warning: [RelayFlush] window owner=OGBrawlerUECharacter_2147482398 flushedRounds=16383 entries=30446 entriesPerRoundX100=185 suppressed=14097 stageOverflowDrops=1
LogOGRelayProbe: Warning: [Warning][RelayProbe.Budget] conn=28300 frames=120 elapsedMs=2044 netSpeedBps=250000 allowanceBytesPerTick=4166 outBytes=63304 bytesPerTick=527 occupancyPctX10=126
LogOGRelayProbe: Warning: [Warning][RelayProbe.Budget] conn=28300 queuedBits min=-66666 max=-62764 mean=-65878 notReadyFrames=0 outPackets=123 bytesPerPacket=514 lost=2
LogOGNet: Warning: [Warning][InputStats] dropped 0 / 238 remote inputs = 0%
LogOGRelayProbe: Warning: [Warning][RelayProbe.Frame] role=Server simTicks=125 frames=126 meanTicksPerFrameX100=99 p50=1 p99=2 max=2 meanFrameUs=16614
LogOGRelayProbe: Warning: [Warning][RelayProbe.Frame] role=Server cadence dFrame1=114 dFrame0=0 dFrameGt1=6 discont=0 numSteps total=125 max=2 gt1=5
LogOGRelayProbe: Warning: [Warning][RelayProbe.Write] id=28322 runs=120 writes=219 observableWrites=219 captureSpan=219 receivedX1000=1000 observableX1000=1000 deliverableX1000=1000 replaceLatestObservableX1000=547
LogOGRelayProbe: Warning: [Warning][RelayProbe.Write] id=28322 writesPerFrame p50=2 p99=4 max=5 emptyFrames=102 nonConsecutive=0 missedCaptureTicks=0 captures=[30982,31200] discont=0
LogOGInputRelay: Warning: [RelayFlush] window owner=OGBrawlerUECharacter_2147482375 flushedRounds=16324 entries=30331 entriesPerRoundX100=185 suppressed=14036 stageOverflowDrops=0
LogOGRelayProbe: Warning: [Warning][RelayProbe.Budget] conn=28258 frames=120 elapsedMs=2085 netSpeedBps=250000 allowanceBytesPerTick=4166 outBytes=64716 bytesPerTick=539 occupancyPctX10=129
LogOGRelayProbe: Warning: [Warning][RelayProbe.Budget] conn=28258 queuedBits min=-66666 max=-62764 mean=-65823 notReadyFrames=0 outPackets=126 bytesPerPacket=513 lost=4
LogOGRelayProbe: Warning: [Warning][RelayProbe.Write] id=28281 runs=120 writes=226 observableWrites=226 captureSpan=226 receivedX1000=1000 observableX1000=1000 deliverableX1000=1000 replaceLatestObservableX1000=530
LogOGRelayProbe: Warning: [Warning][RelayProbe.Write] id=28281 writesPerFrame p50=2 p99=5 max=5 emptyFrames=107 nonConsecutive=0 missedCaptureTicks=0 captures=[31022,31247] discont=0
LogOGInputRelay: Warning: [RelayFlush] window owner=OGBrawlerUECharacter_2147482398 flushedRounds=16452 entries=30566 entriesPerRoundX100=185 suppressed=14148 stageOverflowDrops=1
LogOGRelayProbe: Warning: [Warning][RelayProbe.Budget] conn=28300 frames=120 elapsedMs=2046 netSpeedBps=250000 allowanceBytesPerTick=4166 outBytes=63740 bytesPerTick=531 occupancyPctX10=127
LogOGRelayProbe: Warning: [Warning][RelayProbe.Budget] conn=28300 queuedBits min=-66666 max=-63412 mean=-65702 notReadyFrames=0 outPackets=124 bytesPerPacket=514 lost=1
LogOGNet: Warning: [Warning][InputStats] dropped 0 / 238 remote inputs = 0%
LogOGRelayProbe: Warning: [Warning][RelayProbe.Frame] role=Server simTicks=120 frames=121 meanTicksPerFrameX100=99 p50=1 p99=1 max=1 meanFrameUs=16519
LogOGRelayProbe: Warning: [Warning][RelayProbe.Frame] role=Server cadence dFrame1=119 dFrame0=0 dFrameGt1=1 discont=0 numSteps total=120 max=1 gt1=0
LogOGInputRelay: Warning: [RelayFlush] window owner=OGBrawlerUECharacter_2147482375 flushedRounds=16392 entries=30449 entriesPerRoundX100=185 suppressed=14088 stageOverflowDrops=0
LogOGRelayProbe: Warning: [Warning][RelayProbe.Budget] conn=28258 frames=120 elapsedMs=2005 netSpeedBps=250000 allowanceBytesPerTick=4166 outBytes=62390 bytesPerTick=519 occupancyPctX10=124
LogOGRelayProbe: Warning: [Warning][RelayProbe.Budget] conn=28258 queuedBits min=-66666 max=-63188 mean=-65857 notReadyFrames=0 outPackets=121 bytesPerPacket=515 lost=2
LogOGInputRelay: Warning: [RelayFlush] window owner=OGBrawlerUECharacter_2147482398 flushedRounds=16513 entries=30687 entriesPerRoundX100=185 suppressed=14207 stageOverflowDrops=1
LogOGRelayProbe: Warning: [Warning][RelayProbe.Budget] conn=28300 frames=120 elapsedMs=2000 netSpeedBps=250000 allowanceBytesPerTick=4166 outBytes=62193 bytesPerTick=518 occupancyPctX10=124
LogOGRelayProbe: Warning: [Warning][RelayProbe.Budget] conn=28300 queuedBits min=-66666 max=-63188 mean=-66007 notReadyFrames=0 outPackets=120 bytesPerPacket=518 lost=2
LogOGRelayProbe: Warning: [Warning][RelayProbe.Write] id=28322 runs=120 writes=217 observableWrites=217 captureSpan=217 receivedX1000=1000 observableX1000=1000 deliverableX1000=1000 replaceLatestObservableX1000=552
LogOGRelayProbe: Warning: [Warning][RelayProbe.Write] id=28322 writesPerFrame p50=2 p99=4 max=5 emptyFrames=97 nonConsecutive=0 missedCaptureTicks=0 captures=[31201,31417] discont=0
LogOGNet: Warning: [Warning][InputStats] dropped 0 / 238 remote inputs = 0%
LogOGRelayProbe: Warning: [Warning][RelayProbe.Frame] role=Server simTicks=120 frames=120 meanTicksPerFrameX100=100 p50=1 p99=1 max=1 meanFrameUs=16639
LogOGRelayProbe: Warning: [Warning][RelayProbe.Frame] role=Server cadence dFrame1=120 dFrame0=0 dFrameGt1=0 discont=0 numSteps total=120 max=1 gt1=0
LogOGInputRelay: Warning: [RelayFlush] window owner=OGBrawlerUECharacter_2147482375 flushedRounds=16456 entries=30569 entriesPerRoundX100=185 suppressed=14144 stageOverflowDrops=0
LogOGRelayProbe: Warning: [Warning][RelayProbe.Budget] conn=28258 frames=120 elapsedMs=2005 netSpeedBps=250000 allowanceBytesPerTick=4166 outBytes=62341 bytesPerTick=519 occupancyPctX10=124
LogOGRelayProbe: Warning: [Warning][RelayProbe.Budget] conn=28258 queuedBits min=-66666 max=-63468 mean=-65794 notReadyFrames=0 outPackets=121 bytesPerPacket=515 lost=1
LogOGRelayProbe: Warning: [Warning][RelayProbe.Write] id=28281 runs=120 writes=230 observableWrites=230 captureSpan=230 receivedX1000=1000 observableX1000=1000 deliverableX1000=1000 replaceLatestObservableX1000=521
LogOGRelayProbe: Warning: [Warning][RelayProbe.Write] id=28281 writesPerFrame p50=2 p99=4 max=4 emptyFrames=111 nonConsecutive=0 missedCaptureTicks=0 captures=[31248,31477] discont=0
LogOGInputRelay: Warning: [RelayFlush] window owner=OGBrawlerUECharacter_2147482398 flushedRounds=16576 entries=30806 entriesPerRoundX100=185 suppressed=14264 stageOverflowDrops=1
LogOGRelayProbe: Warning: [Warning][RelayProbe.Budget] conn=28300 frames=120 elapsedMs=2013 netSpeedBps=250000 allowanceBytesPerTick=4166 outBytes=62623 bytesPerTick=521 occupancyPctX10=125
LogOGRelayProbe: Warning: [Warning][RelayProbe.Budget] conn=28300 queuedBits min=-66666 max=-62852 mean=-65614 notReadyFrames=0 outPackets=122 bytesPerPacket=513 lost=3
LogOGNet: Warning: [Warning][InputStats] dropped 0 / 238 remote inputs = 0%
LogOGRelayProbe: Warning: [Warning][RelayProbe.Frame] role=Server simTicks=121 frames=122 meanTicksPerFrameX100=99 p50=1 p99=1 max=1 meanFrameUs=16527
LogOGRelayProbe: Warning: [Warning][RelayProbe.Frame] role=Server cadence dFrame1=118 dFrame0=0 dFrameGt1=2 discont=0 numSteps total=121 max=2 gt1=1
LogOGInputRelay: Warning: [RelayFlush] window owner=OGBrawlerUECharacter_2147482375 flushedRounds=16524 entries=30689 entriesPerRoundX100=185 suppressed=14196 stageOverflowDrops=0
LogOGRelayProbe: Warning: [Warning][RelayProbe.Budget] conn=28258 frames=120 elapsedMs=2001 netSpeedBps=250000 allowanceBytesPerTick=4166 outBytes=62548 bytesPerTick=521 occupancyPctX10=125
LogOGRelayProbe: Warning: [Warning][RelayProbe.Budget] conn=28258 queuedBits min=-66666 max=-62852 mean=-65695 notReadyFrames=0 outPackets=121 bytesPerPacket=516 lost=0
LogOGInputRelay: Warning: [RelayFlush] window owner=OGBrawlerUECharacter_2147482398 flushedRounds=16636 entries=30926 entriesPerRoundX100=185 suppressed=14324 stageOverflowDrops=1
LogOGRelayProbe: Warning: [Warning][RelayProbe.Write] id=28322 runs=120 writes=218 observableWrites=218 captureSpan=218 receivedX1000=1000 observableX1000=1000 deliverableX1000=1000 replaceLatestObservableX1000=550
LogOGRelayProbe: Warning: [Warning][RelayProbe.Write] id=28322 writesPerFrame p50=2 p99=4 max=4 emptyFrames=101 nonConsecutive=0 missedCaptureTicks=0 captures=[31418,31635] discont=0
LogOGRelayProbe: Warning: [Warning][RelayProbe.Budget] conn=28300 frames=120 elapsedMs=1995 netSpeedBps=250000 allowanceBytesPerTick=4166 outBytes=62443 bytesPerTick=520 occupancyPctX10=124
LogOGRelayProbe: Warning: [Warning][RelayProbe.Budget] conn=28300 queuedBits min=-66666 max=-63350 mean=-65691 notReadyFrames=0 outPackets=121 bytesPerPacket=516 lost=1
LogOGNet: Warning: [Warning][InputStats] dropped 0 / 238 remote inputs = 0%
LogOGRelayProbe: Warning: [Warning][RelayProbe.Frame] role=Server simTicks=120 frames=121 meanTicksPerFrameX100=99 p50=1 p99=1 max=1 meanFrameUs=16484
LogOGRelayProbe: Warning: [Warning][RelayProbe.Frame] role=Server cadence dFrame1=119 dFrame0=0 dFrameGt1=1 discont=0 numSteps total=120 max=1 gt1=0
LogOGInputRelay: Warning: [RelayFlush] window owner=OGBrawlerUECharacter_2147482375 flushedRounds=16587 entries=30810 entriesPerRoundX100=185 suppressed=14253 stageOverflowDrops=0
LogOGRelayProbe: Warning: [Warning][RelayProbe.Budget] conn=28258 frames=120 elapsedMs=2000 netSpeedBps=250000 allowanceBytesPerTick=4166 outBytes=62538 bytesPerTick=521 occupancyPctX10=125
LogOGRelayProbe: Warning: [Warning][RelayProbe.Budget] conn=28258 queuedBits min=-66666 max=-63350 mean=-65744 notReadyFrames=0 outPackets=121 bytesPerPacket=516 lost=2
LogOGRelayProbe: Warning: [Warning][RelayProbe.Write] id=28281 runs=120 writes=232 observableWrites=232 captureSpan=232 receivedX1000=1000 observableX1000=1000 deliverableX1000=1000 replaceLatestObservableX1000=517
LogOGRelayProbe: Warning: [Warning][RelayProbe.Write] id=28281 writesPerFrame p50=2 p99=4 max=5 emptyFrames=113 nonConsecutive=0 missedCaptureTicks=0 captures=[31478,31709] discont=0
LogOGInputRelay: Warning: [RelayFlush] window owner=OGBrawlerUECharacter_2147482398 flushedRounds=16700 entries=31045 entriesPerRoundX100=185 suppressed=14380 stageOverflowDrops=1
LogOGRelayProbe: Warning: [Warning][RelayProbe.Budget] conn=28300 frames=120 elapsedMs=2043 netSpeedBps=250000 allowanceBytesPerTick=4166 outBytes=63410 bytesPerTick=528 occupancyPctX10=126
LogOGRelayProbe: Warning: [Warning][RelayProbe.Budget] conn=28300 queuedBits min=-66666 max=-63494 mean=-65941 notReadyFrames=0 outPackets=123 bytesPerPacket=515 lost=2
LogOGNet: Warning: [Warning][InputStats] dropped 0 / 240 remote inputs = 0%
LogOGRelayProbe: Warning: [Warning][RelayProbe.Frame] role=Server simTicks=124 frames=125 meanTicksPerFrameX100=99 p50=1 p99=2 max=2 meanFrameUs=16613
LogOGRelayProbe: Warning: [Warning][RelayProbe.Frame] role=Server cadence dFrame1=115 dFrame0=0 dFrameGt1=5 discont=0 numSteps total=124 max=2 gt1=4
LogOGInputRelay: Warning: [RelayFlush] window owner=OGBrawlerUECharacter_2147482375 flushedRounds=16649 entries=30929 entriesPerRoundX100=185 suppressed=14311 stageOverflowDrops=0
LogOGRelayProbe: Warning: [Warning][RelayProbe.Budget] conn=28258 frames=120 elapsedMs=2075 netSpeedBps=250000 allowanceBytesPerTick=4166 outBytes=64143 bytesPerTick=534 occupancyPctX10=128
LogOGRelayProbe: Warning: [Warning][RelayProbe.Budget] conn=28258 queuedBits min=-66666 max=-63310 mean=-65858 notReadyFrames=0 outPackets=125 bytesPerPacket=513 lost=0
LogOGRelayProbe: Warning: [Warning][RelayProbe.Write] id=28322 runs=120 writes=224 observableWrites=224 captureSpan=224 receivedX1000=1000 observableX1000=1000 deliverableX1000=1000 replaceLatestObservableX1000=535
LogOGRelayProbe: Warning: [Warning][RelayProbe.Write] id=28322 writesPerFrame p50=2 p99=4 max=4 emptyFrames=104 nonConsecutive=0 missedCaptureTicks=0 captures=[31636,31859] discont=0
LogOGInputRelay: Warning: [RelayFlush] window owner=OGBrawlerUECharacter_2147482398 flushedRounds=16763 entries=31163 entriesPerRoundX100=185 suppressed=14437 stageOverflowDrops=1
LogOGRelayProbe: Warning: [Warning][RelayProbe.Budget] conn=28300 frames=120 elapsedMs=2020 netSpeedBps=250000 allowanceBytesPerTick=4166 outBytes=62981 bytesPerTick=524 occupancyPctX10=125
LogOGRelayProbe: Warning: [Warning][RelayProbe.Budget] conn=28300 queuedBits min=-66666 max=-63310 mean=-65767 notReadyFrames=0 outPackets=122 bytesPerPacket=516 lost=3
LogOGNet: Warning: [Warning][InputStats] dropped 0 / 238 remote inputs = 0%
LogOGRelayProbe: Warning: [Warning][RelayProbe.Frame] role=Server simTicks=120 frames=120 meanTicksPerFrameX100=100 p50=1 p99=1 max=1 meanFrameUs=16592
LogOGRelayProbe: Warning: [Warning][RelayProbe.Frame] role=Server cadence dFrame1=120 dFrame0=0 dFrameGt1=0 discont=0 numSteps total=120 max=1 gt1=0
LogOGInputRelay: Warning: [RelayFlush] window owner=OGBrawlerUECharacter_2147482375 flushedRounds=16717 entries=31049 entriesPerRoundX100=185 suppressed=14363 stageOverflowDrops=0
LogOGRelayProbe: Warning: [Warning][RelayProbe.Write] id=28281 runs=120 writes=219 observableWrites=219 captureSpan=219 receivedX1000=1000 observableX1000=1000 deliverableX1000=1000 replaceLatestObservableX1000=547
LogOGRelayProbe: Warning: [Warning][RelayProbe.Write] id=28281 writesPerFrame p50=2 p99=4 max=4 emptyFrames=99 nonConsecutive=0 missedCaptureTicks=0 captures=[31710,31928] discont=0
LogOGRelayProbe: Warning: [Warning][RelayProbe.Budget] conn=28258 frames=120 elapsedMs=1992 netSpeedBps=250000 allowanceBytesPerTick=4166 outBytes=62180 bytesPerTick=518 occupancyPctX10=124
LogOGRelayProbe: Warning: [Warning][RelayProbe.Budget] conn=28258 queuedBits min=-66666 max=-63332 mean=-65876 notReadyFrames=0 outPackets=120 bytesPerPacket=518 lost=2
LogOGInputRelay: Warning: [RelayFlush] window owner=OGBrawlerUECharacter_2147482398 flushedRounds=16833 entries=31283 entriesPerRoundX100=185 suppressed=14487 stageOverflowDrops=1
LogOGRelayProbe: Warning: [Warning][RelayProbe.Budget] conn=28300 frames=120 elapsedMs=2010 netSpeedBps=250000 allowanceBytesPerTick=4166 outBytes=62459 bytesPerTick=520 occupancyPctX10=124
LogOGRelayProbe: Warning: [Warning][RelayProbe.Budget] conn=28300 queuedBits min=-66666 max=-63458 mean=-65858 notReadyFrames=0 outPackets=121 bytesPerPacket=516 lost=1
LogOGNet: Warning: [Warning][InputStats] dropped 0 / 238 remote inputs = 0%
LogOGRelayProbe: Warning: [Warning][RelayProbe.Frame] role=Server simTicks=120 frames=121 meanTicksPerFrameX100=99 p50=1 p99=1 max=1 meanFrameUs=16570
LogOGRelayProbe: Warning: [Warning][RelayProbe.Frame] role=Server cadence dFrame1=119 dFrame0=0 dFrameGt1=1 discont=0 numSteps total=120 max=1 gt1=0
LogOGInputRelay: Warning: [RelayFlush] window owner=OGBrawlerUECharacter_2147482375 flushedRounds=16782 entries=31166 entriesPerRoundX100=185 suppressed=14418 stageOverflowDrops=0
LogOGRelayProbe: Warning: [Warning][RelayProbe.Budget] conn=28258 frames=120 elapsedMs=1997 netSpeedBps=250000 allowanceBytesPerTick=4166 outBytes=62297 bytesPerTick=519 occupancyPctX10=124
LogOGRelayProbe: Warning: [Warning][RelayProbe.Budget] conn=28258 queuedBits min=-66666 max=-63556 mean=-65710 notReadyFrames=0 outPackets=121 bytesPerPacket=514 lost=1
LogOGRelayProbe: Warning: [Warning][RelayProbe.Write] id=28322 runs=120 writes=218 observableWrites=218 captureSpan=218 receivedX1000=1000 observableX1000=1000 deliverableX1000=1000 replaceLatestObservableX1000=550
LogOGRelayProbe: Warning: [Warning][RelayProbe.Write] id=28322 writesPerFrame p50=2 p99=5 max=6 emptyFrames=99 nonConsecutive=0 missedCaptureTicks=0 captures=[31860,32077] discont=0
LogOGInputRelay: Warning: [RelayFlush] window owner=OGBrawlerUECharacter_2147482398 flushedRounds=16894 entries=31402 entriesPerRoundX100=185 suppressed=14546 stageOverflowDrops=1
LogOGRelayProbe: Warning: [Warning][RelayProbe.Budget] conn=28300 frames=120 elapsedMs=2033 netSpeedBps=250000 allowanceBytesPerTick=4166 outBytes=63295 bytesPerTick=527 occupancyPctX10=126
LogOGRelayProbe: Warning: [Warning][RelayProbe.Budget] conn=28300 queuedBits min=-66666 max=-63462 mean=-65749 notReadyFrames=0 outPackets=123 bytesPerPacket=514 lost=2
LogOGNet: Warning: [Warning][InputStats] dropped 0 / 238 remote inputs = 0%
LogOGRelayProbe: Warning: [Warning][RelayProbe.Write] id=28281 runs=120 writes=221 observableWrites=221 captureSpan=221 receivedX1000=1000 observableX1000=1000 deliverableX1000=1000 replaceLatestObservableX1000=542
LogOGRelayProbe: Warning: [Warning][RelayProbe.Write] id=28281 writesPerFrame p50=2 p99=4 max=4 emptyFrames=104 nonConsecutive=0 missedCaptureTicks=0 captures=[31929,32149] discont=0
LogOGRelayProbe: Warning: [Warning][RelayProbe.Frame] role=Server simTicks=122 frames=123 meanTicksPerFrameX100=99 p50=1 p99=1 max=2 meanFrameUs=16543
LogOGRelayProbe: Warning: [Warning][RelayProbe.Frame] role=Server cadence dFrame1=117 dFrame0=0 dFrameGt1=3 discont=0 numSteps total=122 max=2 gt1=2
LogOGInputRelay: Warning: [RelayFlush] window owner=OGBrawlerUECharacter_2147482375 flushedRounds=16853 entries=31286 entriesPerRoundX100=185 suppressed=14467 stageOverflowDrops=0
LogOGRelayProbe: Warning: [Warning][RelayProbe.Budget] conn=28258 frames=120 elapsedMs=2045 netSpeedBps=250000 allowanceBytesPerTick=4166 outBytes=63600 bytesPerTick=530 occupancyPctX10=127
LogOGRelayProbe: Warning: [Warning][RelayProbe.Budget] conn=28258 queuedBits min=-66666 max=-63420 mean=-65878 notReadyFrames=0 outPackets=123 bytesPerPacket=517 lost=0
LogOGInputRelay: Warning: [RelayFlush] window owner=OGBrawlerUECharacter_2147482398 flushedRounds=16958 entries=31522 entriesPerRoundX100=185 suppressed=14602 stageOverflowDrops=1
LogOGNet: Warning: [Warning][InputStats] dropped 0 / 238 remote inputs = 0%
LogOGRelayProbe: Warning: [Warning][RelayProbe.Budget] conn=28300 frames=120 elapsedMs=1994 netSpeedBps=250000 allowanceBytesPerTick=4166 outBytes=61910 bytesPerTick=515 occupancyPctX10=123
LogOGRelayProbe: Warning: [Warning][RelayProbe.Budget] conn=28300 queuedBits min=-66666 max=-63420 mean=-65783 notReadyFrames=0 outPackets=120 bytesPerPacket=515 lost=0
LogOGRelayProbe: Warning: [Warning][RelayProbe.Frame] role=Server simTicks=120 frames=120 meanTicksPerFrameX100=100 p50=1 p99=1 max=1 meanFrameUs=16638
LogOGRelayProbe: Warning: [Warning][RelayProbe.Frame] role=Server cadence dFrame1=120 dFrame0=0 dFrameGt1=0 discont=0 numSteps total=120 max=1 gt1=0
LogOGRelayProbe: Warning: [Warning][RelayProbe.Write] id=28322 runs=120 writes=203 observableWrites=203 captureSpan=203 receivedX1000=1000 observableX1000=1000 deliverableX1000=1000 replaceLatestObservableX1000=591
LogOGRelayProbe: Warning: [Warning][RelayProbe.Write] id=28322 writesPerFrame p50=2 p99=3 max=3 emptyFrames=83 nonConsecutive=0 missedCaptureTicks=0 captures=[32078,32280] discont=0
LogOGInputRelay: Warning: [RelayFlush] window owner=OGBrawlerUECharacter_2147482375 flushedRounds=16921 entries=31404 entriesPerRoundX100=185 suppressed=14519 stageOverflowDrops=0
LogOGRelayProbe: Warning: [Warning][RelayProbe.Budget] conn=28258 frames=120 elapsedMs=1993 netSpeedBps=250000 allowanceBytesPerTick=4166 outBytes=61895 bytesPerTick=515 occupancyPctX10=123
LogOGRelayProbe: Warning: [Warning][RelayProbe.Budget] conn=28258 queuedBits min=-66666 max=-63856 mean=-65760 notReadyFrames=0 outPackets=120 bytesPerPacket=515 lost=2
LogOGInputRelay: Warning: [RelayFlush] window owner=OGBrawlerUECharacter_2147482398 flushedRounds=17020 entries=31641 entriesPerRoundX100=185 suppressed=14660 stageOverflowDrops=1
LogOGNet: Warning: [Warning][InputStats] dropped 0 / 238 remote inputs = 0%
LogOGRelayProbe: Warning: [Warning][RelayProbe.Budget] conn=28300 frames=120 elapsedMs=1992 netSpeedBps=250000 allowanceBytesPerTick=4166 outBytes=62009 bytesPerTick=516 occupancyPctX10=123
LogOGRelayProbe: Warning: [Warning][RelayProbe.Budget] conn=28300 queuedBits min=-66666 max=-63494 mean=-65790 notReadyFrames=0 outPackets=120 bytesPerPacket=516 lost=2
LogOGRelayProbe: Warning: [Warning][RelayProbe.Write] id=28281 runs=120 writes=232 observableWrites=232 captureSpan=232 receivedX1000=1000 observableX1000=1000 deliverableX1000=1000 replaceLatestObservableX1000=517
LogOGRelayProbe: Warning: [Warning][RelayProbe.Write] id=28281 writesPerFrame p50=2 p99=4 max=4 emptyFrames=112 nonConsecutive=0 missedCaptureTicks=0 captures=[32150,32381] discont=0
LogOGRelayProbe: Warning: [Warning][RelayProbe.Frame] role=Server simTicks=120 frames=121 meanTicksPerFrameX100=99 p50=1 p99=1 max=1 meanFrameUs=16584
LogOGRelayProbe: Warning: [Warning][RelayProbe.Frame] role=Server cadence dFrame1=119 dFrame0=0 dFrameGt1=1 discont=0 numSteps total=120 max=1 gt1=0
LogOGInputRelay: Warning: [RelayFlush] window owner=OGBrawlerUECharacter_2147482375 flushedRounds=16988 entries=31525 entriesPerRoundX100=185 suppressed=14572 stageOverflowDrops=0
LogOGRelayProbe: Warning: [Warning][RelayProbe.Budget] conn=28258 frames=120 elapsedMs=2007 netSpeedBps=250000 allowanceBytesPerTick=4166 outBytes=62372 bytesPerTick=519 occupancyPctX10=124
LogOGRelayProbe: Warning: [Warning][RelayProbe.Budget] conn=28258 queuedBits min=-66666 max=-63350 mean=-65891 notReadyFrames=0 outPackets=121 bytesPerPacket=515 lost=1
LogOGInputRelay: Warning: [RelayFlush] window owner=OGBrawlerUECharacter_2147482398 flushedRounds=17086 entries=31760 entriesPerRoundX100=185 suppressed=14714 stageOverflowDrops=1
LogOGRelayProbe: Warning: [Warning][RelayProbe.Write] id=28322 runs=120 writes=209 observableWrites=209 captureSpan=209 receivedX1000=1000 observableX1000=1000 deliverableX1000=1000 replaceLatestObservableX1000=574
LogOGRelayProbe: Warning: [Warning][RelayProbe.Write] id=28322 writesPerFrame p50=2 p99=4 max=4 emptyFrames=92 nonConsecutive=0 missedCaptureTicks=0 captures=[32281,32489] discont=0
LogOGNet: Warning: [Warning][InputStats] dropped 0 / 238 remote inputs = 0%
LogOGRelayProbe: Warning: [Warning][RelayProbe.Budget] conn=28300 frames=120 elapsedMs=2004 netSpeedBps=250000 allowanceBytesPerTick=4166 outBytes=62582 bytesPerTick=521 occupancyPctX10=125
LogOGRelayProbe: Warning: [Warning][RelayProbe.Budget] conn=28300 queuedBits min=-66666 max=-63350 mean=-65850 notReadyFrames=0 outPackets=121 bytesPerPacket=517 lost=0
LogOGRelayProbe: Warning: [Warning][RelayProbe.Frame] role=Server simTicks=120 frames=120 meanTicksPerFrameX100=100 p50=1 p99=1 max=1 meanFrameUs=16563
LogOGRelayProbe: Warning: [Warning][RelayProbe.Frame] role=Server cadence dFrame1=120 dFrame0=0 dFrameGt1=0 discont=0 numSteps total=120 max=1 gt1=0
LogOGInputRelay: Warning: [RelayFlush] window owner=OGBrawlerUECharacter_2147482375 flushedRounds=17058 entries=31644 entriesPerRoundX100=185 suppressed=14622 stageOverflowDrops=0
LogOGRelayProbe: Warning: [Warning][RelayProbe.Budget] conn=28258 frames=120 elapsedMs=2053 netSpeedBps=250000 allowanceBytesPerTick=4166 outBytes=63878 bytesPerTick=532 occupancyPctX10=127
LogOGRelayProbe: Warning: [Warning][RelayProbe.Budget] conn=28258 queuedBits min=-66666 max=-63480 mean=-65771 notReadyFrames=0 outPackets=124 bytesPerPacket=515 lost=0
LogOGInputRelay: Warning: [RelayFlush] window owner=OGBrawlerUECharacter_2147482398 flushedRounds=17152 entries=31879 entriesPerRoundX100=185 suppressed=14768 stageOverflowDrops=1
LogOGRelayProbe: Warning: [Warning][RelayProbe.Write] id=28281 runs=120 writes=214 observableWrites=214 captureSpan=214 receivedX1000=1000 observableX1000=1000 deliverableX1000=1000 replaceLatestObservableX1000=560
LogOGRelayProbe: Warning: [Warning][RelayProbe.Write] id=28281 writesPerFrame p50=2 p99=4 max=4 emptyFrames=97 nonConsecutive=0 missedCaptureTicks=0 captures=[32382,32595] discont=0
LogOGNet: Warning: [Warning][InputStats] dropped 0 / 238 remote inputs = 0%
LogOGRelayProbe: Warning: [Warning][RelayProbe.Budget] conn=28300 frames=120 elapsedMs=2104 netSpeedBps=250000 allowanceBytesPerTick=4166 outBytes=65049 bytesPerTick=542 occupancyPctX10=130
LogOGRelayProbe: Warning: [Warning][RelayProbe.Budget] conn=28300 queuedBits min=-66666 max=-63844 mean=-65832 notReadyFrames=0 outPackets=127 bytesPerPacket=512 lost=1
LogOGRelayProbe: Warning: [Warning][RelayProbe.Frame] role=Server simTicks=126 frames=127 meanTicksPerFrameX100=99 p50=1 p99=1 max=2 meanFrameUs=16585
LogOGRelayProbe: Warning: [Warning][RelayProbe.Frame] role=Server cadence dFrame1=113 dFrame0=0 dFrameGt1=7 discont=0 numSteps total=126 max=2 gt1=6
LogOGInputRelay: Warning: [RelayFlush] window owner=OGBrawlerUECharacter_2147482375 flushedRounds=17123 entries=31763 entriesPerRoundX100=185 suppressed=14677 stageOverflowDrops=0
LogOGRelayProbe: Warning: [Warning][RelayProbe.Budget] conn=28258 frames=120 elapsedMs=2036 netSpeedBps=250000 allowanceBytesPerTick=4166 outBytes=63451 bytesPerTick=528 occupancyPctX10=126
LogOGRelayProbe: Warning: [Warning][RelayProbe.Budget] conn=28258 queuedBits min=-66666 max=-63556 mean=-65788 notReadyFrames=0 outPackets=123 bytesPerPacket=515 lost=1
LogOGInputRelay: Warning: [RelayFlush] window owner=OGBrawlerUECharacter_2147482398 flushedRounds=17215 entries=31997 entriesPerRoundX100=185 suppressed=14825 stageOverflowDrops=1
LogOGRelayProbe: Warning: [Warning][RelayProbe.Write] id=28322 runs=120 writes=217 observableWrites=217 captureSpan=217 receivedX1000=1000 observableX1000=1000 deliverableX1000=1000 replaceLatestObservableX1000=552
LogOGRelayProbe: Warning: [Warning][RelayProbe.Write] id=28322 writesPerFrame p50=2 p99=4 max=4 emptyFrames=96 nonConsecutive=0 missedCaptureTicks=0 captures=[32490,32706] discont=0
LogOGNet: Warning: [Warning][InputStats] dropped 0 / 238 remote inputs = 0%
LogOGRelayProbe: Warning: [Warning][RelayProbe.Budget] conn=28300 frames=120 elapsedMs=2022 netSpeedBps=250000 allowanceBytesPerTick=4166 outBytes=62953 bytesPerTick=524 occupancyPctX10=125
LogOGRelayProbe: Warning: [Warning][RelayProbe.Budget] conn=28300 queuedBits min=-66666 max=-63022 mean=-65813 notReadyFrames=0 outPackets=122 bytesPerPacket=516 lost=0
LogOGInputRelay: Warning: [RelayFlush] window owner=OGBrawlerUECharacter_2147482375 flushedRounds=17192 entries=31884 entriesPerRoundX100=185 suppressed=14728 stageOverflowDrops=0
LogOGRelayProbe: Warning: [Warning][RelayProbe.Frame] role=Server simTicks=123 frames=124 meanTicksPerFrameX100=99 p50=1 p99=2 max=2 meanFrameUs=16579
LogOGRelayProbe: Warning: [Warning][RelayProbe.Frame] role=Server cadence dFrame1=116 dFrame0=0 dFrameGt1=4 discont=0 numSteps total=123 max=2 gt1=3
LogOGRelayProbe: Warning: [Warning][RelayProbe.Budget] conn=28258 frames=120 elapsedMs=2060 netSpeedBps=250000 allowanceBytesPerTick=4166 outBytes=63944 bytesPerTick=532 occupancyPctX10=127
LogOGRelayProbe: Warning: [Warning][RelayProbe.Budget] conn=28258 queuedBits min=-66666 max=-63022 mean=-65858 notReadyFrames=0 outPackets=124 bytesPerPacket=515 lost=0
LogOGRelayProbe: Warning: [Warning][RelayProbe.Write] id=28281 runs=120 writes=223 observableWrites=223 captureSpan=223 receivedX1000=1000 observableX1000=1000 deliverableX1000=1000 replaceLatestObservableX1000=538
LogOGRelayProbe: Warning: [Warning][RelayProbe.Write] id=28281 writesPerFrame p50=2 p99=4 max=4 emptyFrames=103 nonConsecutive=0 missedCaptureTicks=0 captures=[32596,32818] discont=0
LogOGInputRelay: Warning: [RelayFlush] window owner=OGBrawlerUECharacter_2147482398 flushedRounds=17281 entries=32120 entriesPerRoundX100=185 suppressed=14879 stageOverflowDrops=1
LogOGNet: Warning: [Warning][InputStats] dropped 0 / 238 remote inputs = 0%
LogOGRelayProbe: Warning: [Warning][RelayProbe.Budget] conn=28300 frames=120 elapsedMs=2029 netSpeedBps=250000 allowanceBytesPerTick=4166 outBytes=62894 bytesPerTick=524 occupancyPctX10=125
LogOGRelayProbe: Warning: [Warning][RelayProbe.Budget] conn=28300 queuedBits min=-66666 max=-63376 mean=-65929 notReadyFrames=0 outPackets=122 bytesPerPacket=515 lost=0
LogOGInputRelay: Warning: [RelayFlush] window owner=OGBrawlerUECharacter_2147482375 flushedRounds=17256 entries=32001 entriesPerRoundX100=185 suppressed=14784 stageOverflowDrops=0
LogOGRelayProbe: Warning: [Warning][RelayProbe.Frame] role=Server simTicks=120 frames=120 meanTicksPerFrameX100=100 p50=1 p99=1 max=1 meanFrameUs=16645
LogOGRelayProbe: Warning: [Warning][RelayProbe.Frame] role=Server cadence dFrame1=120 dFrame0=0 dFrameGt1=0 discont=0 numSteps total=120 max=1 gt1=0
LogOGRelayProbe: Warning: [Warning][RelayProbe.Write] id=28322 runs=120 writes=215 observableWrites=215 captureSpan=215 receivedX1000=1000 observableX1000=1000 deliverableX1000=1000 replaceLatestObservableX1000=558
LogOGRelayProbe: Warning: [Warning][RelayProbe.Write] id=28322 writesPerFrame p50=2 p99=4 max=4 emptyFrames=96 nonConsecutive=0 missedCaptureTicks=0 captures=[32707,32921] discont=0
LogOGRelayProbe: Warning: [Warning][RelayProbe.Budget] conn=28258 frames=120 elapsedMs=2002 netSpeedBps=250000 allowanceBytesPerTick=4166 outBytes=62112 bytesPerTick=517 occupancyPctX10=124
LogOGRelayProbe: Warning: [Warning][RelayProbe.Budget] conn=28258 queuedBits min=-66666 max=-63764 mean=-66059 notReadyFrames=0 outPackets=120 bytesPerPacket=517 lost=1
LogOGInputRelay: Warning: [RelayFlush] window owner=OGBrawlerUECharacter_2147482398 flushedRounds=17347 entries=32240 entriesPerRoundX100=185 suppressed=14933 stageOverflowDrops=1
LogOGNet: Warning: [Warning][InputStats] dropped 0 / 238 remote inputs = 0%
LogOGRelayProbe: Warning: [Warning][RelayProbe.Budget] conn=28300 frames=120 elapsedMs=2000 netSpeedBps=250000 allowanceBytesPerTick=4166 outBytes=62281 bytesPerTick=519 occupancyPctX10=124
LogOGRelayProbe: Warning: [Warning][RelayProbe.Budget] conn=28300 queuedBits min=-66666 max=-64106 mean=-66000 notReadyFrames=0 outPackets=120 bytesPerPacket=519 lost=0
LogOGInputRelay: Warning: [RelayFlush] window owner=OGBrawlerUECharacter_2147482375 flushedRounds=17325 entries=32123 entriesPerRoundX100=185 suppressed=14835 stageOverflowDrops=0
LogOGRelayProbe: Warning: [Warning][RelayProbe.Frame] role=Server simTicks=120 frames=120 meanTicksPerFrameX100=100 p50=1 p99=1 max=1 meanFrameUs=16680
LogOGRelayProbe: Warning: [Warning][RelayProbe.Frame] role=Server cadence dFrame1=120 dFrame0=0 dFrameGt1=0 discont=0 numSteps total=120 max=1 gt1=0
LogOGRelayProbe: Warning: [Warning][RelayProbe.Write] id=28281 runs=120 writes=222 observableWrites=222 captureSpan=222 receivedX1000=1000 observableX1000=1000 deliverableX1000=1000 replaceLatestObservableX1000=540
LogOGRelayProbe: Warning: [Warning][RelayProbe.Write] id=28281 writesPerFrame p50=2 p99=4 max=4 emptyFrames=102 nonConsecutive=0 missedCaptureTicks=0 captures=[32819,33040] discont=0
LogOGRelayProbe: Warning: [Warning][RelayProbe.Budget] conn=28258 frames=120 elapsedMs=1991 netSpeedBps=250000 allowanceBytesPerTick=4166 outBytes=62093 bytesPerTick=517 occupancyPctX10=124
LogOGRelayProbe: Warning: [Warning][RelayProbe.Budget] conn=28258 queuedBits min=-66666 max=-62996 mean=-65837 notReadyFrames=0 outPackets=120 bytesPerPacket=517 lost=2
LogOGInputRelay: Warning: [RelayFlush] window owner=OGBrawlerUECharacter_2147482398 flushedRounds=17411 entries=32356 entriesPerRoundX100=185 suppressed=14989 stageOverflowDrops=1
LogOGNet: Warning: [Warning][InputStats] dropped 0 / 238 remote inputs = 0%
LogOGRelayProbe: Warning: [Warning][RelayProbe.Budget] conn=28300 frames=120 elapsedMs=1992 netSpeedBps=250000 allowanceBytesPerTick=4166 outBytes=61878 bytesPerTick=515 occupancyPctX10=123
LogOGRelayProbe: Warning: [Warning][RelayProbe.Budget] conn=28300 queuedBits min=-66666 max=-62996 mean=-65867 notReadyFrames=0 outPackets=120 bytesPerPacket=515 lost=2
LogOGInputRelay: Warning: [RelayFlush] window owner=OGBrawlerUECharacter_2147482375 flushedRounds=17389 entries=32241 entriesPerRoundX100=185 suppressed=14891 stageOverflowDrops=0
LogOGRelayProbe: Warning: [Warning][RelayProbe.Frame] role=Server simTicks=120 frames=120 meanTicksPerFrameX100=100 p50=1 p99=1 max=1 meanFrameUs=16597
LogOGRelayProbe: Warning: [Warning][RelayProbe.Frame] role=Server cadence dFrame1=120 dFrame0=0 dFrameGt1=0 discont=0 numSteps total=120 max=1 gt1=0
LogOGRelayProbe: Warning: [Warning][RelayProbe.Write] id=28322 runs=120 writes=215 observableWrites=215 captureSpan=215 receivedX1000=1000 observableX1000=1000 deliverableX1000=1000 replaceLatestObservableX1000=558
LogOGRelayProbe: Warning: [Warning][RelayProbe.Write] id=28322 writesPerFrame p50=2 p99=4 max=4 emptyFrames=96 nonConsecutive=0 missedCaptureTicks=0 captures=[32922,33136] discont=0
LogOGRelayProbe: Warning: [Warning][RelayProbe.Budget] conn=28258 frames=120 elapsedMs=1995 netSpeedBps=250000 allowanceBytesPerTick=4166 outBytes=61962 bytesPerTick=516 occupancyPctX10=123
LogOGRelayProbe: Warning: [Warning][RelayProbe.Budget] conn=28258 queuedBits min=-66666 max=-63220 mean=-65944 notReadyFrames=0 outPackets=120 bytesPerPacket=516 lost=1
LogOGInputRelay: Warning: [RelayFlush] window owner=OGBrawlerUECharacter_2147482398 flushedRounds=17477 entries=32480 entriesPerRoundX100=185 suppressed=15043 stageOverflowDrops=1
LogOGNet: Warning: [Warning][InputStats] dropped 0 / 238 remote inputs = 0%
LogOGRelayProbe: Warning: [Warning][RelayProbe.Budget] conn=28300 frames=120 elapsedMs=1999 netSpeedBps=250000 allowanceBytesPerTick=4166 outBytes=62058 bytesPerTick=517 occupancyPctX10=124
LogOGRelayProbe: Warning: [Warning][RelayProbe.Budget] conn=28300 queuedBits min=-66666 max=-63220 mean=-65942 notReadyFrames=0 outPackets=120 bytesPerPacket=517 lost=0
LogOGInputRelay: Warning: [RelayFlush] window owner=OGBrawlerUECharacter_2147482375 flushedRounds=17454 entries=32363 entriesPerRoundX100=185 suppressed=14946 stageOverflowDrops=0
LogOGRelayProbe: Warning: [Warning][RelayProbe.Frame] role=Server simTicks=120 frames=120 meanTicksPerFrameX100=100 p50=1 p99=1 max=1 meanFrameUs=16638
LogOGRelayProbe: Warning: [Warning][RelayProbe.Frame] role=Server cadence dFrame1=120 dFrame0=0 dFrameGt1=0 discont=0 numSteps total=120 max=1 gt1=0
LogOGRelayProbe: Warning: [Warning][RelayProbe.Write] id=28281 runs=120 writes=218 observableWrites=218 captureSpan=218 receivedX1000=1000 observableX1000=1000 deliverableX1000=1000 replaceLatestObservableX1000=550
LogOGRelayProbe: Warning: [Warning][RelayProbe.Write] id=28281 writesPerFrame p50=2 p99=4 max=5 emptyFrames=98 nonConsecutive=0 missedCaptureTicks=0 captures=[33041,33258] discont=0
LogOGRelayProbe: Warning: [Warning][RelayProbe.Budget] conn=28258 frames=120 elapsedMs=2002 netSpeedBps=250000 allowanceBytesPerTick=4166 outBytes=62131 bytesPerTick=517 occupancyPctX10=124
LogOGRelayProbe: Warning: [Warning][RelayProbe.Budget] conn=28258 queuedBits min=-66666 max=-63390 mean=-65994 notReadyFrames=0 outPackets=120 bytesPerPacket=517 lost=0
LogOGInputRelay: Warning: [RelayFlush] window owner=OGBrawlerUECharacter_2147482398 flushedRounds=17542 entries=32599 entriesPerRoundX100=185 suppressed=15098 stageOverflowDrops=1
LogOGNet: Warning: [Warning][InputStats] dropped 0 / 238 remote inputs = 0%
LogOGRelayProbe: Warning: [Warning][RelayProbe.Budget] conn=28300 frames=120 elapsedMs=1998 netSpeedBps=250000 allowanceBytesPerTick=4166 outBytes=62049 bytesPerTick=517 occupancyPctX10=124
LogOGRelayProbe: Warning: [Warning][RelayProbe.Budget] conn=28300 queuedBits min=-66666 max=-63220 mean=-66025 notReadyFrames=0 outPackets=120 bytesPerPacket=517 lost=1
LogOGInputRelay: Warning: [RelayFlush] window owner=OGBrawlerUECharacter_2147482375 flushedRounds=17518 entries=32481 entriesPerRoundX100=185 suppressed=15002 stageOverflowDrops=0
LogOGRelayProbe: Warning: [Warning][RelayProbe.Frame] role=Server simTicks=120 frames=120 meanTicksPerFrameX100=100 p50=1 p99=1 max=1 meanFrameUs=16657
LogOGRelayProbe: Warning: [Warning][RelayProbe.Frame] role=Server cadence dFrame1=120 dFrame0=0 dFrameGt1=0 discont=0 numSteps total=120 max=1 gt1=0
LogOGRelayProbe: Warning: [Warning][RelayProbe.Write] id=28322 runs=120 writes=226 observableWrites=226 captureSpan=226 receivedX1000=1000 observableX1000=1000 deliverableX1000=1000 replaceLatestObservableX1000=530
LogOGRelayProbe: Warning: [Warning][RelayProbe.Write] id=28322 writesPerFrame p50=2 p99=4 max=4 emptyFrames=105 nonConsecutive=0 missedCaptureTicks=0 captures=[33137,33362] discont=0
LogOGRelayProbe: Warning: [Warning][RelayProbe.Budget] conn=28258 frames=120 elapsedMs=2039 netSpeedBps=250000 allowanceBytesPerTick=4166 outBytes=63338 bytesPerTick=527 occupancyPctX10=126
LogOGRelayProbe: Warning: [Warning][RelayProbe.Budget] conn=28258 queuedBits min=-66666 max=-63220 mean=-65865 notReadyFrames=0 outPackets=123 bytesPerPacket=514 lost=4
LogOGInputRelay: Warning: [RelayFlush] window owner=OGBrawlerUECharacter_2147482398 flushedRounds=17605 entries=32718 entriesPerRoundX100=185 suppressed=15155 stageOverflowDrops=1
LogOGNet: Warning: [Warning][InputStats] dropped 0 / 238 remote inputs = 0%
LogOGRelayProbe: Warning: [Warning][RelayProbe.Budget] conn=28300 frames=120 elapsedMs=2036 netSpeedBps=250000 allowanceBytesPerTick=4166 outBytes=63282 bytesPerTick=527 occupancyPctX10=126
LogOGRelayProbe: Warning: [Warning][RelayProbe.Budget] conn=28300 queuedBits min=-66666 max=-63032 mean=-65730 notReadyFrames=0 outPackets=123 bytesPerPacket=514 lost=1
LogOGInputRelay: Warning: [RelayFlush] window owner=OGBrawlerUECharacter_2147482375 flushedRounds=17580 entries=32600 entriesPerRoundX100=185 suppressed=15060 stageOverflowDrops=0
LogOGRelayProbe: Warning: [Warning][RelayProbe.Write] id=28281 runs=120 writes=225 observableWrites=225 captureSpan=225 receivedX1000=1000 observableX1000=1000 deliverableX1000=1000 replaceLatestObservableX1000=533
LogOGRelayProbe: Warning: [Warning][RelayProbe.Write] id=28281 writesPerFrame p50=2 p99=4 max=5 emptyFrames=104 nonConsecutive=0 missedCaptureTicks=0 captures=[33259,33483] discont=0
LogOGRelayProbe: Warning: [Warning][RelayProbe.Frame] role=Server simTicks=122 frames=123 meanTicksPerFrameX100=99 p50=1 p99=1 max=2 meanFrameUs=16571
LogOGRelayProbe: Warning: [Warning][RelayProbe.Frame] role=Server cadence dFrame1=117 dFrame0=0 dFrameGt1=3 discont=0 numSteps total=122 max=2 gt1=2
LogOGRelayProbe: Warning: [Warning][RelayProbe.Budget] conn=28258 frames=120 elapsedMs=1988 netSpeedBps=250000 allowanceBytesPerTick=4166 outBytes=61865 bytesPerTick=515 occupancyPctX10=123
LogOGRelayProbe: Warning: [Warning][RelayProbe.Budget] conn=28258 queuedBits min=-66666 max=-63032 mean=-65787 notReadyFrames=0 outPackets=120 bytesPerPacket=515 lost=2
LogOGInputRelay: Warning: [RelayFlush] window owner=OGBrawlerUECharacter_2147482398 flushedRounds=17670 entries=32838 entriesPerRoundX100=185 suppressed=15210 stageOverflowDrops=1
LogOGNet: Warning: [Warning][InputStats] dropped 0 / 238 remote inputs = 0%
LogOGRelayProbe: Warning: [Warning][RelayProbe.Write] id=28322 runs=120 writes=221 observableWrites=221 captureSpan=221 receivedX1000=1000 observableX1000=1000 deliverableX1000=1000 replaceLatestObservableX1000=542
LogOGRelayProbe: Warning: [Warning][RelayProbe.Write] id=28322 writesPerFrame p50=2 p99=4 max=4 emptyFrames=103 nonConsecutive=0 missedCaptureTicks=0 captures=[33363,33583] discont=0
LogOGRelayProbe: Warning: [Warning][RelayProbe.Budget] conn=28300 frames=120 elapsedMs=2025 netSpeedBps=250000 allowanceBytesPerTick=4166 outBytes=63254 bytesPerTick=527 occupancyPctX10=126
LogOGRelayProbe: Warning: [Warning][RelayProbe.Budget] conn=28300 queuedBits min=-66666 max=-63242 mean=-65876 notReadyFrames=0 outPackets=122 bytesPerPacket=518 lost=4
LogOGInputRelay: Warning: [RelayFlush] window owner=OGBrawlerUECharacter_2147482375 flushedRounds=17649 entries=32722 entriesPerRoundX100=185 suppressed=15111 stageOverflowDrops=0
LogOGRelayProbe: Warning: [Warning][RelayProbe.Frame] role=Server simTicks=121 frames=122 meanTicksPerFrameX100=99 p50=1 p99=1 max=2 meanFrameUs=16592
LogOGRelayProbe: Warning: [Warning][RelayProbe.Frame] role=Server cadence dFrame1=118 dFrame0=0 dFrameGt1=2 discont=0 numSteps total=121 max=2 gt1=1
LogOGRelayProbe: Warning: [Warning][RelayProbe.Budget] conn=28258 frames=120 elapsedMs=2032 netSpeedBps=250000 allowanceBytesPerTick=4166 outBytes=63100 bytesPerTick=525 occupancyPctX10=126
LogOGRelayProbe: Warning: [Warning][RelayProbe.Budget] conn=28258 queuedBits min=-66666 max=-63242 mean=-66009 notReadyFrames=0 outPackets=122 bytesPerPacket=517 lost=1
LogOGInputRelay: Warning: [RelayFlush] window owner=OGBrawlerUECharacter_2147482398 flushedRounds=17737 entries=32957 entriesPerRoundX100=185 suppressed=15263 stageOverflowDrops=1
LogOGNet: Warning: [Warning][InputStats] dropped 0 / 238 remote inputs = 0%
LogOGNet: Warning: [Warning][InputGap] id=28281 lastDelivered=33684 now=33686 dropped=1
LogOGRelayProbe: Warning: [Warning][RelayProbe.Write] id=28281 runs=120 writes=220 observableWrites=220 captureSpan=221 receivedX1000=995 observableX1000=1000 deliverableX1000=995 replaceLatestObservableX1000=545
LogOGRelayProbe: Warning: [Warning][RelayProbe.Write] id=28281 writesPerFrame p50=2 p99=4 max=4 emptyFrames=106 nonConsecutive=1 missedCaptureTicks=1 captures=[33484,33704] discont=0
LogOGRelayProbe: Warning: [Warning][RelayProbe.Budget] conn=28300 frames=120 elapsedMs=2046 netSpeedBps=250000 allowanceBytesPerTick=4166 outBytes=63035 bytesPerTick=525 occupancyPctX10=126
LogOGRelayProbe: Warning: [Warning][RelayProbe.Budget] conn=28300 queuedBits min=-66666 max=-63760 mean=-66012 notReadyFrames=0 outPackets=123 bytesPerPacket=512 lost=2
LogOGInputRelay: Warning: [RelayFlush] window owner=OGBrawlerUECharacter_2147482375 flushedRounds=17715 entries=32841 entriesPerRoundX100=185 suppressed=15165 stageOverflowDrops=0
LogOGRelayProbe: Warning: [Warning][RelayProbe.Frame] role=Server simTicks=123 frames=123 meanTicksPerFrameX100=100 p50=1 p99=2 max=2 meanFrameUs=16638
LogOGRelayProbe: Warning: [Warning][RelayProbe.Frame] role=Server cadence dFrame1=117 dFrame0=0 dFrameGt1=3 discont=0 numSteps total=123 max=2 gt1=3
LogOGRelayProbe: Warning: [Warning][RelayProbe.Budget] conn=28258 frames=120 elapsedMs=2041 netSpeedBps=250000 allowanceBytesPerTick=4166 outBytes=63434 bytesPerTick=528 occupancyPctX10=126
LogOGRelayProbe: Warning: [Warning][RelayProbe.Budget] conn=28258 queuedBits min=-66666 max=-63522 mean=-65876 notReadyFrames=0 outPackets=123 bytesPerPacket=515 lost=0
LogOGInputRelay: Warning: [RelayFlush] window owner=OGBrawlerUECharacter_2147482398 flushedRounds=17801 entries=33076 entriesPerRoundX100=185 suppressed=15319 stageOverflowDrops=1
LogOGNet: Warning: [Warning][InputStats] dropped 1 / 238 remote inputs = 0%
LogOGRelayProbe: Warning: [Warning][RelayProbe.Write] id=28322 runs=120 writes=219 observableWrites=219 captureSpan=219 receivedX1000=1000 observableX1000=1000 deliverableX1000=1000 replaceLatestObservableX1000=547
LogOGRelayProbe: Warning: [Warning][RelayProbe.Write] id=28322 writesPerFrame p50=2 p99=4 max=4 emptyFrames=100 nonConsecutive=0 missedCaptureTicks=0 captures=[33584,33802] discont=0
LogOGRelayProbe: Warning: [Warning][RelayProbe.Budget] conn=28300 frames=120 elapsedMs=2002 netSpeedBps=250000 allowanceBytesPerTick=4166 outBytes=62166 bytesPerTick=518 occupancyPctX10=124
LogOGRelayProbe: Warning: [Warning][RelayProbe.Budget] conn=28300 queuedBits min=-66666 max=-62968 mean=-65960 notReadyFrames=0 outPackets=120 bytesPerPacket=518 lost=0
LogOGInputRelay: Warning: [RelayFlush] window owner=OGBrawlerUECharacter_2147482375 flushedRounds=17779 entries=32962 entriesPerRoundX100=185 suppressed=15221 stageOverflowDrops=0
LogOGRelayProbe: Warning: [Warning][RelayProbe.Frame] role=Server simTicks=120 frames=120 meanTicksPerFrameX100=100 p50=1 p99=1 max=1 meanFrameUs=16713
LogOGRelayProbe: Warning: [Warning][RelayProbe.Frame] role=Server cadence dFrame1=120 dFrame0=0 dFrameGt1=0 discont=0 numSteps total=120 max=1 gt1=0
LogOGRelayProbe: Warning: [Warning][RelayProbe.Budget] conn=28258 frames=120 elapsedMs=2004 netSpeedBps=250000 allowanceBytesPerTick=4166 outBytes=61895 bytesPerTick=515 occupancyPctX10=123
LogOGRelayProbe: Warning: [Warning][RelayProbe.Budget] conn=28258 queuedBits min=-66666 max=-62968 mean=-66057 notReadyFrames=0 outPackets=120 bytesPerPacket=515 lost=0
LogOGInputRelay: Warning: [RelayFlush] window owner=OGBrawlerUECharacter_2147482398 flushedRounds=17864 entries=33196 entriesPerRoundX100=185 suppressed=15376 stageOverflowDrops=1
LogOGNet: Warning: [Warning][InputStats] dropped 0 / 238 remote inputs = 0%
LogOGRelayProbe: Warning: [Warning][RelayProbe.Write] id=28281 runs=120 writes=218 observableWrites=218 captureSpan=218 receivedX1000=1000 observableX1000=1000 deliverableX1000=1000 replaceLatestObservableX1000=550
LogOGRelayProbe: Warning: [Warning][RelayProbe.Write] id=28281 writesPerFrame p50=2 p99=4 max=4 emptyFrames=96 nonConsecutive=0 missedCaptureTicks=0 captures=[33705,33922] discont=0
LogOGRelayProbe: Warning: [Warning][RelayProbe.Budget] conn=28300 frames=120 elapsedMs=1995 netSpeedBps=250000 allowanceBytesPerTick=4166 outBytes=62297 bytesPerTick=519 occupancyPctX10=124
LogOGRelayProbe: Warning: [Warning][RelayProbe.Budget] conn=28300 queuedBits min=-66666 max=-63268 mean=-65873 notReadyFrames=0 outPackets=120 bytesPerPacket=519 lost=1
LogOGInputRelay: Warning: [RelayFlush] window owner=OGBrawlerUECharacter_2147482375 flushedRounds=17838 entries=33080 entriesPerRoundX100=185 suppressed=15282 stageOverflowDrops=0
LogOGRelayProbe: Warning: [Warning][RelayProbe.Frame] role=Server simTicks=120 frames=120 meanTicksPerFrameX100=100 p50=1 p99=1 max=1 meanFrameUs=16610
LogOGRelayProbe: Warning: [Warning][RelayProbe.Frame] role=Server cadence dFrame1=120 dFrame0=0 dFrameGt1=0 discont=0 numSteps total=120 max=1 gt1=0
LogOGRelayProbe: Warning: [Warning][RelayProbe.Budget] conn=28258 frames=120 elapsedMs=1992 netSpeedBps=250000 allowanceBytesPerTick=4166 outBytes=62026 bytesPerTick=516 occupancyPctX10=123
LogOGRelayProbe: Warning: [Warning][RelayProbe.Budget] conn=28258 queuedBits min=-66666 max=-63268 mean=-65795 notReadyFrames=0 outPackets=120 bytesPerPacket=516 lost=0
LogOGInputRelay: Warning: [RelayFlush] window owner=OGBrawlerUECharacter_2147482398 flushedRounds=17934 entries=33315 entriesPerRoundX100=185 suppressed=15426 stageOverflowDrops=1
LogOGNet: Warning: [Warning][InputStats] dropped 0 / 238 remote inputs = 0%
LogOGRelayProbe: Warning: [Warning][RelayProbe.Write] id=28322 runs=120 writes=243 observableWrites=243 captureSpan=243 receivedX1000=1000 observableX1000=1000 deliverableX1000=1000 replaceLatestObservableX1000=493
LogOGRelayProbe: Warning: [Warning][RelayProbe.Write] id=28322 writesPerFrame p50=2 p99=4 max=4 emptyFrames=124 nonConsecutive=0 missedCaptureTicks=0 captures=[33803,34045] discont=0
LogOGRelayProbe: Warning: [Warning][RelayProbe.Budget] conn=28300 frames=120 elapsedMs=1992 netSpeedBps=250000 allowanceBytesPerTick=4166 outBytes=61900 bytesPerTick=515 occupancyPctX10=123
LogOGRelayProbe: Warning: [Warning][RelayProbe.Budget] conn=28300 queuedBits min=-66666 max=-63368 mean=-65839 notReadyFrames=0 outPackets=120 bytesPerPacket=515 lost=1
LogOGInputRelay: Warning: [RelayFlush] window owner=OGBrawlerUECharacter_2147482375 flushedRounds=17897 entries=33201 entriesPerRoundX100=185 suppressed=15343 stageOverflowDrops=0
LogOGRelayProbe: Warning: [Warning][RelayProbe.Frame] role=Server simTicks=120 frames=120 meanTicksPerFrameX100=100 p50=1 p99=1 max=1 meanFrameUs=16619
LogOGRelayProbe: Warning: [Warning][RelayProbe.Frame] role=Server cadence dFrame1=120 dFrame0=0 dFrameGt1=0 discont=0 numSteps total=120 max=1 gt1=0
LogOGRelayProbe: Warning: [Warning][RelayProbe.Budget] conn=28258 frames=120 elapsedMs=2028 netSpeedBps=250000 allowanceBytesPerTick=4166 outBytes=62942 bytesPerTick=524 occupancyPctX10=125
LogOGRelayProbe: Warning: [Warning][RelayProbe.Budget] conn=28258 queuedBits min=-66666 max=-63522 mean=-65872 notReadyFrames=0 outPackets=122 bytesPerPacket=515 lost=0
LogOGInputRelay: Warning: [RelayFlush] window owner=OGBrawlerUECharacter_2147482398 flushedRounds=17999 entries=33434 entriesPerRoundX100=185 suppressed=15481 stageOverflowDrops=1
LogOGRelayProbe: Warning: [Warning][RelayProbe.Write] id=28281 runs=120 writes=217 observableWrites=217 captureSpan=217 receivedX1000=1000 observableX1000=1000 deliverableX1000=1000 replaceLatestObservableX1000=552
LogOGRelayProbe: Warning: [Warning][RelayProbe.Write] id=28281 writesPerFrame p50=2 p99=4 max=4 emptyFrames=98 nonConsecutive=0 missedCaptureTicks=0 captures=[33923,34139] discont=0
LogOGNet: Warning: [Warning][InputStats] dropped 0 / 238 remote inputs = 0%
LogOGRelayProbe: Warning: [Warning][RelayProbe.Budget] conn=28300 frames=120 elapsedMs=2040 netSpeedBps=250000 allowanceBytesPerTick=4166 outBytes=63123 bytesPerTick=526 occupancyPctX10=126
LogOGRelayProbe: Warning: [Warning][RelayProbe.Budget] conn=28300 queuedBits min=-66666 max=-63522 mean=-65991 notReadyFrames=0 outPackets=122 bytesPerPacket=517 lost=3
LogOGInputRelay: Warning: [RelayFlush] window owner=OGBrawlerUECharacter_2147482375 flushedRounds=17958 entries=33320 entriesPerRoundX100=185 suppressed=15402 stageOverflowDrops=0
LogOGRelayProbe: Warning: [Warning][RelayProbe.Frame] role=Server simTicks=122 frames=122 meanTicksPerFrameX100=100 p50=1 p99=2 max=2 meanFrameUs=16740
LogOGRelayProbe: Warning: [Warning][RelayProbe.Frame] role=Server cadence dFrame1=118 dFrame0=0 dFrameGt1=2 discont=0 numSteps total=122 max=2 gt1=2
LogOGRelayProbe: Warning: [Warning][RelayProbe.Budget] conn=28258 frames=120 elapsedMs=2011 netSpeedBps=250000 allowanceBytesPerTick=4166 outBytes=62609 bytesPerTick=521 occupancyPctX10=125
LogOGRelayProbe: Warning: [Warning][RelayProbe.Budget] conn=28258 queuedBits min=-66666 max=-63474 mean=-65800 notReadyFrames=0 outPackets=121 bytesPerPacket=517 lost=2
LogOGInputRelay: Warning: [RelayFlush] window owner=OGBrawlerUECharacter_2147482398 flushedRounds=18060 entries=33556 entriesPerRoundX100=185 suppressed=15540 stageOverflowDrops=1
LogOGNet: Warning: [Warning][InputStats] dropped 0 / 238 remote inputs = 0%
LogOGRelayProbe: Warning: [Warning][RelayProbe.Write] id=28322 runs=120 writes=235 observableWrites=235 captureSpan=235 receivedX1000=1000 observableX1000=1000 deliverableX1000=1000 replaceLatestObservableX1000=510
LogOGRelayProbe: Warning: [Warning][RelayProbe.Write] id=28322 writesPerFrame p50=2 p99=4 max=5 emptyFrames=115 nonConsecutive=0 missedCaptureTicks=0 captures=[34046,34280] discont=0
LogOGRelayProbe: Warning: [Warning][RelayProbe.Budget] conn=28300 frames=120 elapsedMs=2007 netSpeedBps=250000 allowanceBytesPerTick=4166 outBytes=62256 bytesPerTick=518 occupancyPctX10=124
LogOGRelayProbe: Warning: [Warning][RelayProbe.Budget] conn=28300 queuedBits min=-66666 max=-63474 mean=-65823 notReadyFrames=0 outPackets=121 bytesPerPacket=514 lost=1
LogOGInputRelay: Warning: [RelayFlush] window owner=OGBrawlerUECharacter_2147482375 flushedRounds=18015 entries=33440 entriesPerRoundX100=185 suppressed=15465 stageOverflowDrops=0
LogOGRelayProbe: Warning: [Warning][RelayProbe.Frame] role=Server simTicks=120 frames=121 meanTicksPerFrameX100=99 p50=1 p99=1 max=1 meanFrameUs=16559
LogOGRelayProbe: Warning: [Warning][RelayProbe.Frame] role=Server cadence dFrame1=119 dFrame0=0 dFrameGt1=1 discont=0 numSteps total=120 max=1 gt1=0
LogOGRelayProbe: Warning: [Warning][RelayProbe.Write] id=28281 runs=120 writes=217 observableWrites=217 captureSpan=217 receivedX1000=1000 observableX1000=1000 deliverableX1000=1000 replaceLatestObservableX1000=552
LogOGRelayProbe: Warning: [Warning][RelayProbe.Write] id=28281 writesPerFrame p50=2 p99=4 max=4 emptyFrames=97 nonConsecutive=0 missedCaptureTicks=0 captures=[34140,34356] discont=0
LogOGRelayProbe: Warning: [Warning][RelayProbe.Budget] conn=28258 frames=120 elapsedMs=2001 netSpeedBps=250000 allowanceBytesPerTick=4166 outBytes=61798 bytesPerTick=514 occupancyPctX10=123
LogOGRelayProbe: Warning: [Warning][RelayProbe.Budget] conn=28258 queuedBits min=-66666 max=-63696 mean=-66066 notReadyFrames=0 outPackets=120 bytesPerPacket=514 lost=0
LogOGInputRelay: Warning: [RelayFlush] window owner=OGBrawlerUECharacter_2147482398 flushedRounds=18132 entries=33675 entriesPerRoundX100=185 suppressed=15588 stageOverflowDrops=1
LogOGNet: Warning: [Warning][InputStats] dropped 0 / 238 remote inputs = 0%
LogOGRelayProbe: Warning: [Warning][RelayProbe.Budget] conn=28300 frames=120 elapsedMs=1996 netSpeedBps=250000 allowanceBytesPerTick=4166 outBytes=62016 bytesPerTick=516 occupancyPctX10=123
LogOGRelayProbe: Warning: [Warning][RelayProbe.Budget] conn=28300 queuedBits min=-66666 max=-63392 mean=-65987 notReadyFrames=0 outPackets=120 bytesPerPacket=516 lost=0
LogOGInputRelay: Warning: [RelayFlush] window owner=OGBrawlerUECharacter_2147482375 flushedRounds=18084 entries=33560 entriesPerRoundX100=185 suppressed=15516 stageOverflowDrops=0
LogOGRelayProbe: Warning: [Warning][RelayProbe.Frame] role=Server simTicks=120 frames=120 meanTicksPerFrameX100=100 p50=1 p99=1 max=1 meanFrameUs=16651
LogOGRelayProbe: Warning: [Warning][RelayProbe.Frame] role=Server cadence dFrame1=120 dFrame0=0 dFrameGt1=0 discont=0 numSteps total=120 max=1 gt1=0
LogOGRelayProbe: Warning: [Warning][RelayProbe.Budget] conn=28258 frames=120 elapsedMs=1989 netSpeedBps=250000 allowanceBytesPerTick=4166 outBytes=62120 bytesPerTick=517 occupancyPctX10=124
LogOGRelayProbe: Warning: [Warning][RelayProbe.Budget] conn=28258 queuedBits min=-66666 max=-63392 mean=-65755 notReadyFrames=0 outPackets=120 bytesPerPacket=517 lost=1
LogOGInputRelay: Warning: [RelayFlush] window owner=OGBrawlerUECharacter_2147482398 flushedRounds=18203 entries=33793 entriesPerRoundX100=185 suppressed=15637 stageOverflowDrops=1
LogOGRelayProbe: Warning: [Warning][RelayProbe.Write] id=28322 runs=120 writes=227 observableWrites=227 captureSpan=227 receivedX1000=1000 observableX1000=1000 deliverableX1000=1000 replaceLatestObservableX1000=528
LogOGRelayProbe: Warning: [Warning][RelayProbe.Write] id=28322 writesPerFrame p50=2 p99=4 max=4 emptyFrames=107 nonConsecutive=0 missedCaptureTicks=0 captures=[34281,34507] discont=0
LogOGNet: Warning: [Warning][InputStats] dropped 0 / 238 remote inputs = 0%
LogOGRelayProbe: Warning: [Warning][RelayProbe.Budget] conn=28300 frames=120 elapsedMs=1991 netSpeedBps=250000 allowanceBytesPerTick=4166 outBytes=62110 bytesPerTick=517 occupancyPctX10=124
LogOGRelayProbe: Warning: [Warning][RelayProbe.Budget] conn=28300 queuedBits min=-66666 max=-63410 mean=-65740 notReadyFrames=0 outPackets=120 bytesPerPacket=517 lost=0
LogOGInputRelay: Warning: [RelayFlush] window owner=OGBrawlerUECharacter_2147482375 flushedRounds=18150 entries=33680 entriesPerRoundX100=185 suppressed=15570 stageOverflowDrops=0
LogOGRelayProbe: Warning: [Warning][RelayProbe.Write] id=28281 runs=120 writes=206 observableWrites=206 captureSpan=206 receivedX1000=1000 observableX1000=1000 deliverableX1000=1000 replaceLatestObservableX1000=582
LogOGRelayProbe: Warning: [Warning][RelayProbe.Write] id=28281 writesPerFrame p50=2 p99=3 max=3 emptyFrames=86 nonConsecutive=0 missedCaptureTicks=0 captures=[34357,34562] discont=0
LogOGRelayProbe: Warning: [Warning][RelayProbe.Frame] role=Server simTicks=120 frames=120 meanTicksPerFrameX100=100 p50=1 p99=1 max=1 meanFrameUs=16570
LogOGRelayProbe: Warning: [Warning][RelayProbe.Frame] role=Server cadence dFrame1=120 dFrame0=0 dFrameGt1=0 discont=0 numSteps total=120 max=1 gt1=0
LogOGRelayProbe: Warning: [Warning][RelayProbe.Budget] conn=28258 frames=120 elapsedMs=2004 netSpeedBps=250000 allowanceBytesPerTick=4166 outBytes=62343 bytesPerTick=519 occupancyPctX10=124
LogOGRelayProbe: Warning: [Warning][RelayProbe.Budget] conn=28258 queuedBits min=-66666 max=-63010 mean=-65774 notReadyFrames=0 outPackets=121 bytesPerPacket=515 lost=1
LogOGInputRelay: Warning: [RelayFlush] window owner=OGBrawlerUECharacter_2147482398 flushedRounds=18271 entries=33915 entriesPerRoundX100=185 suppressed=15689 stageOverflowDrops=1
LogOGNet: Warning: [Warning][InputStats] dropped 0 / 238 remote inputs = 0%
LogOGRelayProbe: Warning: [Warning][RelayProbe.Budget] conn=28300 frames=120 elapsedMs=1997 netSpeedBps=250000 allowanceBytesPerTick=4166 outBytes=62429 bytesPerTick=520 occupancyPctX10=124
LogOGRelayProbe: Warning: [Warning][RelayProbe.Budget] conn=28300 queuedBits min=-66666 max=-63010 mean=-65641 notReadyFrames=0 outPackets=121 bytesPerPacket=515 lost=2
LogOGInputRelay: Warning: [RelayFlush] window owner=OGBrawlerUECharacter_2147482375 flushedRounds=18213 entries=33797 entriesPerRoundX100=185 suppressed=15627 stageOverflowDrops=0
LogOGRelayProbe: Warning: [Warning][RelayProbe.Frame] role=Server simTicks=120 frames=121 meanTicksPerFrameX100=99 p50=1 p99=1 max=1 meanFrameUs=16528
LogOGRelayProbe: Warning: [Warning][RelayProbe.Frame] role=Server cadence dFrame1=119 dFrame0=0 dFrameGt1=1 discont=0 numSteps total=120 max=1 gt1=0
LogOGRelayProbe: Warning: [Warning][RelayProbe.Write] id=28322 runs=120 writes=212 observableWrites=212 captureSpan=212 receivedX1000=1000 observableX1000=1000 deliverableX1000=1000 replaceLatestObservableX1000=566
LogOGRelayProbe: Warning: [Warning][RelayProbe.Write] id=28322 writesPerFrame p50=2 p99=4 max=5 emptyFrames=92 nonConsecutive=0 missedCaptureTicks=0 captures=[34508,34719] discont=0
LogOGRelayProbe: Warning: [Warning][RelayProbe.Budget] conn=28258 frames=120 elapsedMs=1992 netSpeedBps=250000 allowanceBytesPerTick=4166 outBytes=62026 bytesPerTick=516 occupancyPctX10=123
LogOGRelayProbe: Warning: [Warning][RelayProbe.Budget] conn=28258 queuedBits min=-66666 max=-63434 mean=-65866 notReadyFrames=0 outPackets=120 bytesPerPacket=516 lost=1
LogOGInputRelay: Warning: [RelayFlush] window owner=OGBrawlerUECharacter_2147482398 flushedRounds=18329 entries=34033 entriesPerRoundX100=185 suppressed=15751 stageOverflowDrops=1
LogOGNet: Warning: [Warning][InputStats] dropped 0 / 238 remote inputs = 0%
LogOGRelayProbe: Warning: [Warning][RelayProbe.Budget] conn=28300 frames=120 elapsedMs=2012 netSpeedBps=250000 allowanceBytesPerTick=4166 outBytes=62659 bytesPerTick=522 occupancyPctX10=125
LogOGRelayProbe: Warning: [Warning][RelayProbe.Budget] conn=28300 queuedBits min=-66666 max=-63620 mean=-65980 notReadyFrames=0 outPackets=121 bytesPerPacket=517 lost=2
LogOGRelayProbe: Warning: [Warning][RelayProbe.Write] id=28281 runs=120 writes=231 observableWrites=231 captureSpan=231 receivedX1000=1000 observableX1000=1000 deliverableX1000=1000 replaceLatestObservableX1000=519
LogOGRelayProbe: Warning: [Warning][RelayProbe.Write] id=28281 writesPerFrame p50=2 p99=5 max=5 emptyFrames=112 nonConsecutive=0 missedCaptureTicks=0 captures=[34563,34793] discont=0
LogOGInputRelay: Warning: [RelayFlush] window owner=OGBrawlerUECharacter_2147482375 flushedRounds=18280 entries=33918 entriesPerRoundX100=185 suppressed=15680 stageOverflowDrops=0
LogOGRelayProbe: Warning: [Warning][RelayProbe.Frame] role=Server simTicks=120 frames=121 meanTicksPerFrameX100=99 p50=1 p99=1 max=1 meanFrameUs=16644
LogOGRelayProbe: Warning: [Warning][RelayProbe.Frame] role=Server cadence dFrame1=119 dFrame0=0 dFrameGt1=1 discont=0 numSteps total=120 max=1 gt1=0
LogOGRelayProbe: Warning: [Warning][RelayProbe.Budget] conn=28258 frames=120 elapsedMs=2028 netSpeedBps=250000 allowanceBytesPerTick=4166 outBytes=62969 bytesPerTick=524 occupancyPctX10=125
LogOGRelayProbe: Warning: [Warning][RelayProbe.Budget] conn=28258 queuedBits min=-66666 max=-63620 mean=-65855 notReadyFrames=0 outPackets=122 bytesPerPacket=516 lost=0
LogOGInputRelay: Warning: [RelayFlush] window owner=OGBrawlerUECharacter_2147482398 flushedRounds=18395 entries=34153 entriesPerRoundX100=185 suppressed=15805 stageOverflowDrops=1
LogOGNet: Warning: [Warning][InputStats] dropped 0 / 240 remote inputs = 0%
LogOGRelayProbe: Warning: [Warning][RelayProbe.Budget] conn=28300 frames=120 elapsedMs=2031 netSpeedBps=250000 allowanceBytesPerTick=4166 outBytes=62822 bytesPerTick=523 occupancyPctX10=125
LogOGRelayProbe: Warning: [Warning][RelayProbe.Budget] conn=28300 queuedBits min=-66666 max=-63886 mean=-65852 notReadyFrames=0 outPackets=122 bytesPerPacket=514 lost=3
LogOGInputRelay: Warning: [RelayFlush] window owner=OGBrawlerUECharacter_2147482375 flushedRounds=18345 entries=34038 entriesPerRoundX100=185 suppressed=15735 stageOverflowDrops=0
LogOGRelayProbe: Warning: [Warning][RelayProbe.Frame] role=Server simTicks=122 frames=122 meanTicksPerFrameX100=100 p50=1 p99=1 max=2 meanFrameUs=16643
LogOGRelayProbe: Warning: [Warning][RelayProbe.Frame] role=Server cadence dFrame1=118 dFrame0=0 dFrameGt1=2 discont=0 numSteps total=122 max=2 gt1=2
LogOGRelayProbe: Warning: [Warning][RelayProbe.Write] id=28322 runs=120 writes=223 observableWrites=223 captureSpan=223 receivedX1000=1000 observableX1000=1000 deliverableX1000=1000 replaceLatestObservableX1000=538
LogOGRelayProbe: Warning: [Warning][RelayProbe.Write] id=28322 writesPerFrame p50=2 p99=4 max=4 emptyFrames=105 nonConsecutive=0 missedCaptureTicks=0 captures=[34720,34942] discont=0
LogOGRelayProbe: Warning: [Warning][RelayProbe.Budget] conn=28258 frames=120 elapsedMs=2015 netSpeedBps=250000 allowanceBytesPerTick=4166 outBytes=62633 bytesPerTick=521 occupancyPctX10=125
LogOGRelayProbe: Warning: [Warning][RelayProbe.Budget] conn=28258 queuedBits min=-66666 max=-63616 mean=-65870 notReadyFrames=0 outPackets=121 bytesPerPacket=517 lost=1
LogOGInputRelay: Warning: [RelayFlush] window owner=OGBrawlerUECharacter_2147482398 flushedRounds=18460 entries=34273 entriesPerRoundX100=185 suppressed=15860 stageOverflowDrops=1
LogOGNet: Warning: [Warning][InputStats] dropped 0 / 238 remote inputs = 0%
LogOGRelayProbe: Warning: [Warning][RelayProbe.Write] id=28281 runs=120 writes=218 observableWrites=218 captureSpan=218 receivedX1000=1000 observableX1000=1000 deliverableX1000=1000 replaceLatestObservableX1000=550
LogOGRelayProbe: Warning: [Warning][RelayProbe.Write] id=28281 writesPerFrame p50=2 p99=4 max=5 emptyFrames=100 nonConsecutive=0 missedCaptureTicks=0 captures=[34794,35011] discont=0
LogOGRelayProbe: Warning: [Warning][RelayProbe.Budget] conn=28300 frames=120 elapsedMs=1998 netSpeedBps=250000 allowanceBytesPerTick=4166 outBytes=62000 bytesPerTick=516 occupancyPctX10=123
LogOGRelayProbe: Warning: [Warning][RelayProbe.Budget] conn=28300 queuedBits min=-66666 max=-63262 mean=-65859 notReadyFrames=0 outPackets=120 bytesPerPacket=516 lost=3
LogOGInputRelay: Warning: [RelayFlush] window owner=OGBrawlerUECharacter_2147482375 flushedRounds=18411 entries=34157 entriesPerRoundX100=185 suppressed=15789 stageOverflowDrops=0
LogOGRelayProbe: Warning: [Warning][RelayProbe.Frame] role=Server simTicks=120 frames=120 meanTicksPerFrameX100=100 p50=1 p99=1 max=1 meanFrameUs=16646
LogOGRelayProbe: Warning: [Warning][RelayProbe.Frame] role=Server cadence dFrame1=120 dFrame0=0 dFrameGt1=0 discont=0 numSteps total=120 max=1 gt1=0
LogOGRelayProbe: Warning: [Warning][RelayProbe.Budget] conn=28258 frames=120 elapsedMs=1994 netSpeedBps=250000 allowanceBytesPerTick=4166 outBytes=62165 bytesPerTick=518 occupancyPctX10=124
LogOGRelayProbe: Warning: [Warning][RelayProbe.Budget] conn=28258 queuedBits min=-66666 max=-63262 mean=-65828 notReadyFrames=0 outPackets=120 bytesPerPacket=518 lost=1
LogOGInputRelay: Warning: [RelayFlush] window owner=OGBrawlerUECharacter_2147482398 flushedRounds=18524 entries=34391 entriesPerRoundX100=185 suppressed=15916 stageOverflowDrops=1
LogOGNet: Warning: [Warning][InputStats] dropped 0 / 238 remote inputs = 0%
LogOGRelayProbe: Warning: [Warning][RelayProbe.Write] id=28322 runs=120 writes=210 observableWrites=210 captureSpan=210 receivedX1000=1000 observableX1000=1000 deliverableX1000=1000 replaceLatestObservableX1000=571
LogOGRelayProbe: Warning: [Warning][RelayProbe.Write] id=28322 writesPerFrame p50=2 p99=4 max=5 emptyFrames=89 nonConsecutive=0 missedCaptureTicks=0 captures=[34943,35152] discont=0
LogOGRelayProbe: Warning: [Warning][RelayProbe.Budget] conn=28300 frames=120 elapsedMs=1995 netSpeedBps=250000 allowanceBytesPerTick=4166 outBytes=62249 bytesPerTick=518 occupancyPctX10=124
LogOGRelayProbe: Warning: [Warning][RelayProbe.Budget] conn=28300 queuedBits min=-66666 max=-63452 mean=-65899 notReadyFrames=0 outPackets=120 bytesPerPacket=518 lost=1
LogOGInputRelay: Warning: [RelayFlush] window owner=OGBrawlerUECharacter_2147482375 flushedRounds=18482 entries=34277 entriesPerRoundX100=185 suppressed=15838 stageOverflowDrops=0
LogOGRelayProbe: Warning: [Warning][RelayProbe.Frame] role=Server simTicks=120 frames=120 meanTicksPerFrameX100=100 p50=1 p99=1 max=1 meanFrameUs=16604
LogOGRelayProbe: Warning: [Warning][RelayProbe.Frame] role=Server cadence dFrame1=120 dFrame0=0 dFrameGt1=0 discont=0 numSteps total=120 max=1 gt1=0
LogOGRelayProbe: Warning: [Warning][RelayProbe.Budget] conn=28258 frames=120 elapsedMs=1995 netSpeedBps=250000 allowanceBytesPerTick=4166 outBytes=62011 bytesPerTick=516 occupancyPctX10=123
LogOGRelayProbe: Warning: [Warning][RelayProbe.Budget] conn=28258 queuedBits min=-66666 max=-63512 mean=-65876 notReadyFrames=0 outPackets=120 bytesPerPacket=516 lost=0
LogOGInputRelay: Warning: [RelayFlush] window owner=OGBrawlerUECharacter_2147482398 flushedRounds=18592 entries=34513 entriesPerRoundX100=185 suppressed=15968 stageOverflowDrops=1
LogOGRelayProbe: Warning: [Warning][RelayProbe.Write] id=28281 runs=120 writes=217 observableWrites=217 captureSpan=217 receivedX1000=1000 observableX1000=1000 deliverableX1000=1000 replaceLatestObservableX1000=552
LogOGRelayProbe: Warning: [Warning][RelayProbe.Write] id=28281 writesPerFrame p50=2 p99=5 max=5 emptyFrames=95 nonConsecutive=0 missedCaptureTicks=0 captures=[35012,35228] discont=0
LogOGNet: Warning: [Warning][InputStats] dropped 0 / 238 remote inputs = 0%
LogOGInputRelay: Warning: [RelayFlush] window owner=OGBrawlerUECharacter_2147482375 flushedRounds=18550 entries=34398 entriesPerRoundX100=185 suppressed=15890 stageOverflowDrops=0
LogOGRelayProbe: Warning: [Warning][RelayProbe.Budget] conn=28300 frames=120 elapsedMs=2022 netSpeedBps=250000 allowanceBytesPerTick=4166 outBytes=62902 bytesPerTick=524 occupancyPctX10=125
LogOGRelayProbe: Warning: [Warning][RelayProbe.Budget] conn=28300 queuedBits min=-66666 max=-63512 mean=-65708 notReadyFrames=0 outPackets=122 bytesPerPacket=515 lost=2
LogOGRelayProbe: Warning: [Warning][RelayProbe.Frame] role=Server simTicks=121 frames=122 meanTicksPerFrameX100=99 p50=1 p99=1 max=2 meanFrameUs=16610
LogOGRelayProbe: Warning: [Warning][RelayProbe.Frame] role=Server cadence dFrame1=118 dFrame0=0 dFrameGt1=2 discont=0 numSteps total=121 max=2 gt1=1
LogOGInputRelay: Warning: [RelayFlush] window owner=OGBrawlerUECharacter_2147482398 flushedRounds=18657 entries=34632 entriesPerRoundX100=185 suppressed=16023 stageOverflowDrops=1
LogOGRelayProbe: Warning: [Warning][RelayProbe.Budget] conn=28258 frames=120 elapsedMs=2025 netSpeedBps=250000 allowanceBytesPerTick=4166 outBytes=62922 bytesPerTick=524 occupancyPctX10=125
LogOGRelayProbe: Warning: [Warning][RelayProbe.Budget] conn=28258 queuedBits min=-66666 max=-63458 mean=-65763 notReadyFrames=0 outPackets=122 bytesPerPacket=515 lost=1
LogOGNet: Warning: [Warning][InputStats] dropped 0 / 238 remote inputs = 0%
LogOGRelayProbe: Warning: [Warning][RelayProbe.Write] id=28322 runs=120 writes=221 observableWrites=221 captureSpan=221 receivedX1000=1000 observableX1000=1000 deliverableX1000=1000 replaceLatestObservableX1000=542
LogOGRelayProbe: Warning: [Warning][RelayProbe.Write] id=28322 writesPerFrame p50=2 p99=4 max=4 emptyFrames=103 nonConsecutive=0 missedCaptureTicks=0 captures=[35153,35373] discont=0
LogOGInputRelay: Warning: [RelayFlush] window owner=OGBrawlerUECharacter_2147482375 flushedRounds=18611 entries=34515 entriesPerRoundX100=185 suppressed=15949 stageOverflowDrops=0
LogOGRelayProbe: Warning: [Warning][RelayProbe.Budget] conn=28300 frames=120 elapsedMs=1996 netSpeedBps=250000 allowanceBytesPerTick=4166 outBytes=61901 bytesPerTick=515 occupancyPctX10=123
LogOGRelayProbe: Warning: [Warning][RelayProbe.Budget] conn=28300 queuedBits min=-66666 max=-63458 mean=-65893 notReadyFrames=0 outPackets=120 bytesPerPacket=515 lost=2
LogOGRelayProbe: Warning: [Warning][RelayProbe.Frame] role=Server simTicks=120 frames=120 meanTicksPerFrameX100=100 p50=1 p99=1 max=1 meanFrameUs=16629
LogOGRelayProbe: Warning: [Warning][RelayProbe.Frame] role=Server cadence dFrame1=120 dFrame0=0 dFrameGt1=0 discont=0 numSteps total=120 max=1 gt1=0
LogOGRelayProbe: Warning: [Warning][RelayProbe.Write] id=28281 runs=120 writes=214 observableWrites=214 captureSpan=214 receivedX1000=1000 observableX1000=1000 deliverableX1000=1000 replaceLatestObservableX1000=560
LogOGRelayProbe: Warning: [Warning][RelayProbe.Write] id=28281 writesPerFrame p50=2 p99=4 max=4 emptyFrames=97 nonConsecutive=0 missedCaptureTicks=0 captures=[35229,35442] discont=0
LogOGInputRelay: Warning: [RelayFlush] window owner=OGBrawlerUECharacter_2147482398 flushedRounds=18726 entries=34752 entriesPerRoundX100=185 suppressed=16074 stageOverflowDrops=1
LogOGRelayProbe: Warning: [Warning][RelayProbe.Budget] conn=28258 frames=120 elapsedMs=1997 netSpeedBps=250000 allowanceBytesPerTick=4166 outBytes=62055 bytesPerTick=517 occupancyPctX10=124
LogOGRelayProbe: Warning: [Warning][RelayProbe.Budget] conn=28258 queuedBits min=-66666 max=-63672 mean=-65941 notReadyFrames=0 outPackets=120 bytesPerPacket=517 lost=2
LogOGNet: Warning: [Warning][InputStats] dropped 0 / 238 remote inputs = 0%
LogOGInputRelay: Warning: [RelayFlush] window owner=OGBrawlerUECharacter_2147482375 flushedRounds=18671 entries=34636 entriesPerRoundX100=185 suppressed=16009 stageOverflowDrops=0
LogOGRelayProbe: Warning: [Warning][RelayProbe.Budget] conn=28300 frames=120 elapsedMs=1994 netSpeedBps=250000 allowanceBytesPerTick=4166 outBytes=62124 bytesPerTick=517 occupancyPctX10=124
LogOGRelayProbe: Warning: [Warning][RelayProbe.Budget] conn=28300 queuedBits min=-66666 max=-63522 mean=-65870 notReadyFrames=0 outPackets=120 bytesPerPacket=517 lost=0
LogOGRelayProbe: Warning: [Warning][RelayProbe.Frame] role=Server simTicks=120 frames=120 meanTicksPerFrameX100=100 p50=1 p99=1 max=1 meanFrameUs=16597
LogOGRelayProbe: Warning: [Warning][RelayProbe.Frame] role=Server cadence dFrame1=120 dFrame0=0 dFrameGt1=0 discont=0 numSteps total=120 max=1 gt1=0
LogOGInputRelay: Warning: [RelayFlush] window owner=OGBrawlerUECharacter_2147482398 flushedRounds=18784 entries=34870 entriesPerRoundX100=185 suppressed=16136 stageOverflowDrops=1
LogOGRelayProbe: Warning: [Warning][RelayProbe.Budget] conn=28258 frames=120 elapsedMs=2004 netSpeedBps=250000 allowanceBytesPerTick=4166 outBytes=62474 bytesPerTick=520 occupancyPctX10=124
LogOGRelayProbe: Warning: [Warning][RelayProbe.Budget] conn=28258 queuedBits min=-66666 max=-63522 mean=-65865 notReadyFrames=0 outPackets=121 bytesPerPacket=516 lost=2
LogOGNet: Warning: [Warning][InputStats] dropped 0 / 238 remote inputs = 0%
LogOGRelayProbe: Warning: [Warning][RelayProbe.Write] id=28322 runs=120 writes=232 observableWrites=232 captureSpan=232 receivedX1000=1000 observableX1000=1000 deliverableX1000=1000 replaceLatestObservableX1000=517
LogOGRelayProbe: Warning: [Warning][RelayProbe.Write] id=28322 writesPerFrame p50=2 p99=4 max=5 emptyFrames=113 nonConsecutive=0 missedCaptureTicks=0 captures=[35374,35605] discont=0
LogOGInputRelay: Warning: [RelayFlush] window owner=OGBrawlerUECharacter_2147482375 flushedRounds=18737 entries=34756 entriesPerRoundX100=185 suppressed=16063 stageOverflowDrops=0
LogOGRelayProbe: Warning: [Warning][RelayProbe.Budget] conn=28300 frames=120 elapsedMs=2004 netSpeedBps=250000 allowanceBytesPerTick=4166 outBytes=62491 bytesPerTick=520 occupancyPctX10=124
LogOGRelayProbe: Warning: [Warning][RelayProbe.Budget] conn=28300 queuedBits min=-66666 max=-63778 mean=-65882 notReadyFrames=0 outPackets=121 bytesPerPacket=516 lost=4
LogOGRelayProbe: Warning: [Warning][RelayProbe.Frame] role=Server simTicks=120 frames=121 meanTicksPerFrameX100=99 p50=1 p99=1 max=1 meanFrameUs=16564
LogOGRelayProbe: Warning: [Warning][RelayProbe.Frame] role=Server cadence dFrame1=119 dFrame0=0 dFrameGt1=1 discont=0 numSteps total=120 max=1 gt1=0
LogOGRelayProbe: Warning: [Warning][RelayProbe.Write] id=28281 runs=120 writes=232 observableWrites=232 captureSpan=232 receivedX1000=1000 observableX1000=1000 deliverableX1000=1000 replaceLatestObservableX1000=517
LogOGRelayProbe: Warning: [Warning][RelayProbe.Write] id=28281 writesPerFrame p50=2 p99=4 max=4 emptyFrames=111 nonConsecutive=0 missedCaptureTicks=0 captures=[35443,35674] discont=0
LogOGInputRelay: Warning: [RelayFlush] window owner=OGBrawlerUECharacter_2147482398 flushedRounds=18851 entries=34989 entriesPerRoundX100=185 suppressed=16189 stageOverflowDrops=1
LogOGRelayProbe: Warning: [Warning][RelayProbe.Budget] conn=28258 frames=120 elapsedMs=2004 netSpeedBps=250000 allowanceBytesPerTick=4166 outBytes=62301 bytesPerTick=519 occupancyPctX10=124
LogOGRelayProbe: Warning: [Warning][RelayProbe.Budget] conn=28258 queuedBits min=-66666 max=-63370 mean=-65765 notReadyFrames=0 outPackets=121 bytesPerPacket=514 lost=1
LogOGNet: Warning: [Warning][InputStats] dropped 0 / 238 remote inputs = 0%
LogOGInputRelay: Warning: [RelayFlush] window owner=OGBrawlerUECharacter_2147482375 flushedRounds=18802 entries=34874 entriesPerRoundX100=185 suppressed=16118 stageOverflowDrops=0
LogOGRelayProbe: Warning: [Warning][RelayProbe.Budget] conn=28300 frames=120 elapsedMs=2023 netSpeedBps=250000 allowanceBytesPerTick=4166 outBytes=62792 bytesPerTick=523 occupancyPctX10=125
LogOGRelayProbe: Warning: [Warning][RelayProbe.Budget] conn=28300 queuedBits min=-66666 max=-63242 mean=-65783 notReadyFrames=0 outPackets=122 bytesPerPacket=514 lost=1
LogOGRelayProbe: Warning: [Warning][RelayProbe.Frame] role=Server simTicks=121 frames=122 meanTicksPerFrameX100=99 p50=1 p99=1 max=2 meanFrameUs=16618
LogOGRelayProbe: Warning: [Warning][RelayProbe.Frame] role=Server cadence dFrame1=118 dFrame0=0 dFrameGt1=2 discont=0 numSteps total=121 max=2 gt1=1
LogOGInputRelay: Warning: [RelayFlush] window owner=OGBrawlerUECharacter_2147482398 flushedRounds=18917 entries=35109 entriesPerRoundX100=185 suppressed=16243 stageOverflowDrops=1
LogOGRelayProbe: Warning: [Warning][RelayProbe.Budget] conn=28258 frames=120 elapsedMs=2049 netSpeedBps=250000 allowanceBytesPerTick=4166 outBytes=63536 bytesPerTick=529 occupancyPctX10=126
LogOGRelayProbe: Warning: [Warning][RelayProbe.Budget] conn=28258 queuedBits min=-66666 max=-62978 mean=-65933 notReadyFrames=0 outPackets=123 bytesPerPacket=516 lost=2
LogOGRelayProbe: Warning: [Warning][RelayProbe.Write] id=28322 runs=120 writes=214 observableWrites=214 captureSpan=214 receivedX1000=1000 observableX1000=1000 deliverableX1000=1000 replaceLatestObservableX1000=560
LogOGRelayProbe: Warning: [Warning][RelayProbe.Write] id=28322 writesPerFrame p50=2 p99=4 max=4 emptyFrames=95 nonConsecutive=0 missedCaptureTicks=0 captures=[35606,35819] discont=0
LogOGNet: Warning: [Warning][InputStats] dropped 0 / 242 remote inputs = 0%
LogOGInputRelay: Warning: [RelayFlush] window owner=OGBrawlerUECharacter_2147482375 flushedRounds=18872 entries=34994 entriesPerRoundX100=185 suppressed=16168 stageOverflowDrops=0
LogOGRelayProbe: Warning: [Warning][RelayProbe.Budget] conn=28300 frames=120 elapsedMs=2077 netSpeedBps=250000 allowanceBytesPerTick=4166 outBytes=64540 bytesPerTick=537 occupancyPctX10=128
LogOGRelayProbe: Warning: [Warning][RelayProbe.Budget] conn=28300 queuedBits min=-66666 max=-62978 mean=-65823 notReadyFrames=0 outPackets=125 bytesPerPacket=516 lost=2
LogOGRelayProbe: Warning: [Warning][RelayProbe.Write] id=28281 runs=120 writes=210 observableWrites=210 captureSpan=210 receivedX1000=1000 observableX1000=1000 deliverableX1000=1000 replaceLatestObservableX1000=571
LogOGRelayProbe: Warning: [Warning][RelayProbe.Write] id=28281 writesPerFrame p50=2 p99=4 max=4 emptyFrames=92 nonConsecutive=0 missedCaptureTicks=0 captures=[35675,35884] discont=0
LogOGRelayProbe: Warning: [Warning][RelayProbe.Frame] role=Server simTicks=125 frames=125 meanTicksPerFrameX100=100 p50=1 p99=1 max=2 meanFrameUs=16610
LogOGRelayProbe: Warning: [Warning][RelayProbe.Frame] role=Server cadence dFrame1=115 dFrame0=0 dFrameGt1=5 discont=0 numSteps total=125 max=2 gt1=5
LogOGInputRelay: Warning: [RelayFlush] window owner=OGBrawlerUECharacter_2147482398 flushedRounds=18987 entries=35228 entriesPerRoundX100=185 suppressed=16293 stageOverflowDrops=1
LogOGRelayProbe: Warning: [Warning][RelayProbe.Budget] conn=28258 frames=120 elapsedMs=2038 netSpeedBps=250000 allowanceBytesPerTick=4166 outBytes=63446 bytesPerTick=528 occupancyPctX10=126
LogOGRelayProbe: Warning: [Warning][RelayProbe.Budget] conn=28258 queuedBits min=-66666 max=-63316 mean=-65755 notReadyFrames=0 outPackets=123 bytesPerPacket=515 lost=0
LogOGNet: Warning: [Warning][InputStats] dropped 0 / 236 remote inputs = 0%
LogOGInputRelay: Warning: [RelayFlush] window owner=OGBrawlerUECharacter_2147482375 flushedRounds=18941 entries=35115 entriesPerRoundX100=185 suppressed=16219 stageOverflowDrops=0
LogOGRelayProbe: Warning: [Warning][RelayProbe.Budget] conn=28300 frames=120 elapsedMs=2056 netSpeedBps=250000 allowanceBytesPerTick=4166 outBytes=64000 bytesPerTick=533 occupancyPctX10=127
LogOGRelayProbe: Warning: [Warning][RelayProbe.Budget] conn=28300 queuedBits min=-66666 max=-62942 mean=-65749 notReadyFrames=0 outPackets=124 bytesPerPacket=516 lost=3
LogOGRelayProbe: Warning: [Warning][RelayProbe.Frame] role=Server simTicks=123 frames=124 meanTicksPerFrameX100=99 p50=1 p99=1 max=2 meanFrameUs=16581
LogOGRelayProbe: Warning: [Warning][RelayProbe.Frame] role=Server cadence dFrame1=116 dFrame0=0 dFrameGt1=4 discont=0 numSteps total=123 max=2 gt1=3
LogOGRelayProbe: Warning: [Warning][RelayProbe.Write] id=28322 runs=120 writes=210 observableWrites=210 captureSpan=210 receivedX1000=1000 observableX1000=1000 deliverableX1000=1000 replaceLatestObservableX1000=571
LogOGRelayProbe: Warning: [Warning][RelayProbe.Write] id=28322 writesPerFrame p50=2 p99=3 max=5 emptyFrames=91 nonConsecutive=0 missedCaptureTicks=0 captures=[35820,36029] discont=0
LogOGInputRelay: Warning: [RelayFlush] window owner=OGBrawlerUECharacter_2147482398 flushedRounds=19052 entries=35348 entriesPerRoundX100=185 suppressed=16348 stageOverflowDrops=1
LogOGNet: Warning: [Warning][InputStats] dropped 0 / 238 remote inputs = 0%
LogOGRelayProbe: Warning: [Warning][RelayProbe.Budget] conn=28258 frames=120 elapsedMs=2053 netSpeedBps=250000 allowanceBytesPerTick=4166 outBytes=63937 bytesPerTick=532 occupancyPctX10=127
LogOGRelayProbe: Warning: [Warning][RelayProbe.Budget] conn=28258 queuedBits min=-66666 max=-62942 mean=-65679 notReadyFrames=0 outPackets=124 bytesPerPacket=515 lost=0
LogOGRelayProbe: Warning: [Warning][RelayProbe.Write] id=28281 runs=120 writes=217 observableWrites=217 captureSpan=217 receivedX1000=1000 observableX1000=1000 deliverableX1000=1000 replaceLatestObservableX1000=552
LogOGRelayProbe: Warning: [Warning][RelayProbe.Write] id=28281 writesPerFrame p50=2 p99=4 max=4 emptyFrames=98 nonConsecutive=0 missedCaptureTicks=0 captures=[35885,36101] discont=0
LogOGInputRelay: Warning: [RelayFlush] window owner=OGBrawlerUECharacter_2147482375 flushedRounds=19000 entries=35233 entriesPerRoundX100=185 suppressed=16280 stageOverflowDrops=0
LogOGRelayProbe: Warning: [Warning][RelayProbe.Budget] conn=28300 frames=120 elapsedMs=1993 netSpeedBps=250000 allowanceBytesPerTick=4166 outBytes=61796 bytesPerTick=514 occupancyPctX10=123
LogOGRelayProbe: Warning: [Warning][RelayProbe.Budget] conn=28300 queuedBits min=-66666 max=-63090 mean=-65880 notReadyFrames=0 outPackets=120 bytesPerPacket=514 lost=1
LogOGRelayProbe: Warning: [Warning][RelayProbe.Frame] role=Server simTicks=120 frames=120 meanTicksPerFrameX100=100 p50=1 p99=1 max=1 meanFrameUs=16619
LogOGRelayProbe: Warning: [Warning][RelayProbe.Frame] role=Server cadence dFrame1=120 dFrame0=0 dFrameGt1=0 discont=0 numSteps total=120 max=1 gt1=0
LogOGInputRelay: Warning: [RelayFlush] window owner=OGBrawlerUECharacter_2147482398 flushedRounds=19118 entries=35467 entriesPerRoundX100=185 suppressed=16402 stageOverflowDrops=1
LogOGNet: Warning: [Warning][InputStats] dropped 0 / 238 remote inputs = 0%
LogOGRelayProbe: Warning: [Warning][RelayProbe.Budget] conn=28258 frames=120 elapsedMs=2008 netSpeedBps=250000 allowanceBytesPerTick=4166 outBytes=62280 bytesPerTick=519 occupancyPctX10=124
LogOGRelayProbe: Warning: [Warning][RelayProbe.Budget] conn=28258 queuedBits min=-66666 max=-63172 mean=-65824 notReadyFrames=0 outPackets=121 bytesPerPacket=514 lost=0
LogOGInputRelay: Warning: [RelayFlush] window owner=OGBrawlerUECharacter_2147482375 flushedRounds=19069 entries=35353 entriesPerRoundX100=185 suppressed=16331 stageOverflowDrops=0
LogOGRelayProbe: Warning: [Warning][RelayProbe.Budget] conn=28300 frames=120 elapsedMs=2030 netSpeedBps=250000 allowanceBytesPerTick=4166 outBytes=63493 bytesPerTick=529 occupancyPctX10=126
LogOGRelayProbe: Warning: [Warning][RelayProbe.Budget] conn=28300 queuedBits min=-66666 max=-63172 mean=-65627 notReadyFrames=0 outPackets=123 bytesPerPacket=516 lost=3
LogOGRelayProbe: Warning: [Warning][RelayProbe.Write] id=28322 runs=120 writes=218 observableWrites=218 captureSpan=218 receivedX1000=1000 observableX1000=1000 deliverableX1000=1000 replaceLatestObservableX1000=550
LogOGRelayProbe: Warning: [Warning][RelayProbe.Write] id=28322 writesPerFrame p50=2 p99=4 max=4 emptyFrames=100 nonConsecutive=0 missedCaptureTicks=0 captures=[36030,36247] discont=0
LogOGRelayProbe: Warning: [Warning][RelayProbe.Frame] role=Server simTicks=123 frames=124 meanTicksPerFrameX100=99 p50=1 p99=2 max=2 meanFrameUs=16473
LogOGRelayProbe: Warning: [Warning][RelayProbe.Frame] role=Server cadence dFrame1=116 dFrame0=0 dFrameGt1=4 discont=0 numSteps total=123 max=2 gt1=3
LogOGInputRelay: Warning: [RelayFlush] window owner=OGBrawlerUECharacter_2147482398 flushedRounds=19190 entries=35587 entriesPerRoundX100=185 suppressed=16450 stageOverflowDrops=1
LogOGNet: Warning: [Warning][InputStats] dropped 0 / 238 remote inputs = 0%
LogOGRelayProbe: Warning: [Warning][RelayProbe.Write] id=28281 runs=120 writes=205 observableWrites=205 captureSpan=205 receivedX1000=1000 observableX1000=1000 deliverableX1000=1000 replaceLatestObservableX1000=585
LogOGRelayProbe: Warning: [Warning][RelayProbe.Write] id=28281 writesPerFrame p50=1 p99=4 max=4 emptyFrames=87 nonConsecutive=0 missedCaptureTicks=0 captures=[36102,36306] discont=0
LogOGRelayProbe: Warning: [Warning][RelayProbe.Budget] conn=28258 frames=120 elapsedMs=2049 netSpeedBps=250000 allowanceBytesPerTick=4166 outBytes=63870 bytesPerTick=532 occupancyPctX10=127
LogOGRelayProbe: Warning: [Warning][RelayProbe.Budget] conn=28258 queuedBits min=-66666 max=-62984 mean=-65713 notReadyFrames=0 outPackets=124 bytesPerPacket=515 lost=1
LogOGInputRelay: Warning: [RelayFlush] window owner=OGBrawlerUECharacter_2147482375 flushedRounds=19134 entries=35470 entriesPerRoundX100=185 suppressed=16386 stageOverflowDrops=0
LogOGRelayProbe: Warning: [Warning][RelayProbe.Budget] conn=28300 frames=120 elapsedMs=2017 netSpeedBps=250000 allowanceBytesPerTick=4166 outBytes=63021 bytesPerTick=525 occupancyPctX10=126
LogOGRelayProbe: Warning: [Warning][RelayProbe.Budget] conn=28300 queuedBits min=-66666 max=-62984 mean=-65774 notReadyFrames=0 outPackets=122 bytesPerPacket=516 lost=0
LogOGRelayProbe: Warning: [Warning][RelayProbe.Frame] role=Server simTicks=120 frames=121 meanTicksPerFrameX100=99 p50=1 p99=1 max=1 meanFrameUs=16565
LogOGRelayProbe: Warning: [Warning][RelayProbe.Frame] role=Server cadence dFrame1=119 dFrame0=0 dFrameGt1=1 discont=0 numSteps total=120 max=1 gt1=0
LogOGInputRelay: Warning: [RelayFlush] window owner=OGBrawlerUECharacter_2147482398 flushedRounds=19254 entries=35705 entriesPerRoundX100=185 suppressed=16506 stageOverflowDrops=1
LogOGNet: Warning: [Warning][InputStats] dropped 0 / 238 remote inputs = 0%
LogOGRelayProbe: Warning: [Warning][RelayProbe.Budget] conn=28258 frames=120 elapsedMs=1991 netSpeedBps=250000 allowanceBytesPerTick=4166 outBytes=61980 bytesPerTick=516 occupancyPctX10=123
LogOGRelayProbe: Warning: [Warning][RelayProbe.Budget] conn=28258 queuedBits min=-66666 max=-63168 mean=-65805 notReadyFrames=0 outPackets=120 bytesPerPacket=516 lost=3
LogOGInputRelay: Warning: [RelayFlush] window owner=OGBrawlerUECharacter_2147482375 flushedRounds=19195 entries=35594 entriesPerRoundX100=185 suppressed=16445 stageOverflowDrops=0
LogOGRelayProbe: Warning: [Warning][RelayProbe.Write] id=28322 runs=120 writes=233 observableWrites=233 captureSpan=233 receivedX1000=1000 observableX1000=1000 deliverableX1000=1000 replaceLatestObservableX1000=515
LogOGRelayProbe: Warning: [Warning][RelayProbe.Write] id=28322 writesPerFrame p50=2 p99=4 max=4 emptyFrames=114 nonConsecutive=0 missedCaptureTicks=0 captures=[36248,36480] discont=0
LogOGRelayProbe: Warning: [Warning][RelayProbe.Budget] conn=28300 frames=120 elapsedMs=1998 netSpeedBps=250000 allowanceBytesPerTick=4166 outBytes=61980 bytesPerTick=516 occupancyPctX10=123
LogOGRelayProbe: Warning: [Warning][RelayProbe.Budget] conn=28300 queuedBits min=-66666 max=-63168 mean=-65936 notReadyFrames=0 outPackets=120 bytesPerPacket=516 lost=2
LogOGRelayProbe: Warning: [Warning][RelayProbe.Frame] role=Server simTicks=120 frames=120 meanTicksPerFrameX100=100 p50=1 p99=1 max=1 meanFrameUs=16633
LogOGRelayProbe: Warning: [Warning][RelayProbe.Frame] role=Server cadence dFrame1=120 dFrame0=0 dFrameGt1=0 discont=0 numSteps total=120 max=1 gt1=0
LogOGInputRelay: Warning: [RelayFlush] window owner=OGBrawlerUECharacter_2147482398 flushedRounds=19319 entries=35826 entriesPerRoundX100=185 suppressed=16561 stageOverflowDrops=1
LogOGRelayProbe: Warning: [Warning][RelayProbe.Write] id=28281 runs=120 writes=225 observableWrites=225 captureSpan=225 receivedX1000=1000 observableX1000=1000 deliverableX1000=1000 replaceLatestObservableX1000=533
LogOGRelayProbe: Warning: [Warning][RelayProbe.Write] id=28281 writesPerFrame p50=2 p99=4 max=4 emptyFrames=105 nonConsecutive=0 missedCaptureTicks=0 captures=[36307,36531] discont=0
LogOGNet: Warning: [Warning][InputStats] dropped 0 / 238 remote inputs = 0%
LogOGRelayProbe: Warning: [Warning][RelayProbe.Budget] conn=28258 frames=120 elapsedMs=1997 netSpeedBps=250000 allowanceBytesPerTick=4166 outBytes=62086 bytesPerTick=517 occupancyPctX10=124
LogOGRelayProbe: Warning: [Warning][RelayProbe.Budget] conn=28258 queuedBits min=-66666 max=-64026 mean=-66046 notReadyFrames=0 outPackets=120 bytesPerPacket=517 lost=1
LogOGInputRelay: Warning: [RelayFlush] window owner=OGBrawlerUECharacter_2147482375 flushedRounds=19256 entries=35711 entriesPerRoundX100=185 suppressed=16504 stageOverflowDrops=0
LogOGRelayProbe: Warning: [Warning][RelayProbe.Budget] conn=28300 frames=120 elapsedMs=2011 netSpeedBps=250000 allowanceBytesPerTick=4166 outBytes=62506 bytesPerTick=520 occupancyPctX10=124
LogOGRelayProbe: Warning: [Warning][RelayProbe.Budget] conn=28300 queuedBits min=-66666 max=-63568 mean=-65933 notReadyFrames=0 outPackets=121 bytesPerPacket=516 lost=4
LogOGRelayProbe: Warning: [Warning][RelayProbe.Frame] role=Server simTicks=120 frames=121 meanTicksPerFrameX100=99 p50=1 p99=1 max=1 meanFrameUs=16614
LogOGRelayProbe: Warning: [Warning][RelayProbe.Frame] role=Server cadence dFrame1=119 dFrame0=0 dFrameGt1=1 discont=0 numSteps total=120 max=1 gt1=0
LogOGInputRelay: Warning: [RelayFlush] window owner=OGBrawlerUECharacter_2147482398 flushedRounds=19380 entries=35946 entriesPerRoundX100=185 suppressed=16620 stageOverflowDrops=1
LogOGNet: Warning: [Warning][InputStats] dropped 0 / 238 remote inputs = 0%
LogOGRelayProbe: Warning: [Warning][RelayProbe.Budget] conn=28258 frames=120 elapsedMs=2003 netSpeedBps=250000 allowanceBytesPerTick=4166 outBytes=62359 bytesPerTick=519 occupancyPctX10=124
LogOGRelayProbe: Warning: [Warning][RelayProbe.Budget] conn=28258 queuedBits min=-66666 max=-63326 mean=-65720 notReadyFrames=0 outPackets=121 bytesPerPacket=515 lost=0
LogOGInputRelay: Warning: [RelayFlush] window owner=OGBrawlerUECharacter_2147482375 flushedRounds=19320 entries=35829 entriesPerRoundX100=185 suppressed=16560 stageOverflowDrops=0
LogOGRelayProbe: Warning: [Warning][RelayProbe.Write] id=28322 runs=120 writes=226 observableWrites=226 captureSpan=226 receivedX1000=1000 observableX1000=1000 deliverableX1000=1000 replaceLatestObservableX1000=530
LogOGRelayProbe: Warning: [Warning][RelayProbe.Write] id=28322 writesPerFrame p50=2 p99=4 max=5 emptyFrames=107 nonConsecutive=0 missedCaptureTicks=0 captures=[36481,36706] discont=0
LogOGRelayProbe: Warning: [Warning][RelayProbe.Budget] conn=28300 frames=120 elapsedMs=1991 netSpeedBps=250000 allowanceBytesPerTick=4166 outBytes=62044 bytesPerTick=517 occupancyPctX10=124
LogOGRelayProbe: Warning: [Warning][RelayProbe.Budget] conn=28300 queuedBits min=-66666 max=-63326 mean=-65814 notReadyFrames=0 outPackets=120 bytesPerPacket=517 lost=0
LogOGRelayProbe: Warning: [Warning][RelayProbe.Frame] role=Server simTicks=120 frames=120 meanTicksPerFrameX100=100 p50=1 p99=1 max=1 meanFrameUs=16608
LogOGRelayProbe: Warning: [Warning][RelayProbe.Frame] role=Server cadence dFrame1=120 dFrame0=0 dFrameGt1=0 discont=0 numSteps total=120 max=1 gt1=0
