LogInit: Display: No sandbox specified, assuming ../../Saved/Cooked/WindowsClient/
LogCsvProfiler: Display: Metadata set : systemresolution.resx="1280"
LogCsvProfiler: Display: Metadata set : systemresolution.resy="720"
LogAudio: Display: Pre-Initializing Audio Device Manager...
LogAudio: Display: AudioInfo: 'OPUS' Registered
LogAudioDebug: Display: Lib vorbis DLL was dynamically loaded.
LogAudio: Display: AudioInfo: 'OGG' Registered
LogAudio: Display: AudioInfo: 'ADPCM' Registered
LogAudio: Display: AudioInfo: 'PCM' Registered
LogAudio: Display: AudioInfo: 'BINKA' Registered
LogAudio: Display: AudioInfo: 'RADA' Registered
LogAudio: Display: Audio Device Manager Pre-Initialized
RenderDocPlugin: Display: RenderDoc plugin will not be loaded. Use '-AttachRenderDoc' on the cmd line or enable 'renderdoc.AutoAttach' in the plugin settings.
LogCsvProfiler: Display: Metadata set : systemresolution.resx="1920"
LogCsvProfiler: Display: Metadata set : systemresolution.resy="1080"
LogHAL: Display: Platform has ~ 32 GB [33510694912 / 34359738368 / 32], which maps to Largest [LargestMinGB=32, LargerMinGB=12, DefaultMinGB=8, SmallerMinGB=6, SmallestMinGB=0)
LogCsvProfiler: Display: Metadata set : extradevelopmentmemorymb="0"
LogWindowsTouchpad: Display: CacheForceMaxTouchpadSensitivityMode SetMaxTouchpadSensitivity
LogObj: Display: Attempting to load config data for Default__SlateThemeManager before the Class has been constructed/registered/linked (likely during module loading or early startup). This will result in the load silently failing and should be fixed.
LogCsvProfiler: Display: Metadata set : verbatimrhiname="Null"
LogCsvProfiler: Display: Metadata set : rhiname="Null"
LogCsvProfiler: Display: Metadata set : rhifeaturelevel="SM6"
LogCsvProfiler: Display: Metadata set : shaderplatform="PCD3D_SM6"
LogStreaming: Display: FlushAsyncLoading(1): 1 QueuedPackages, 0 AsyncPackages
LogConfig: Display: Read in platform Android ini files took 0.02 seconds
LogConfig: Display: Read in platform IOS ini files took 0.02 seconds
LogConfig: Display: Read in platform Linux ini files took 0.03 seconds
LogConfig: Display: Read in platform LinuxArm64 ini files took 0.03 seconds
LogConfig: Display: Read in platform Mac ini files took 0.02 seconds
LogConfig: Display: Read in platform TVOS ini files took 0.03 seconds
LogConfig: Display: Read in platform VisionOS ini files took 0.03 seconds
LogDeviceProfileManager: Display: Deviceprofile LinuxArm64Editor not found.
LogDeviceProfileManager: Display: Deviceprofile LinuxArm64 not found.
LogCsvProfiler: Display: Metadata set : deviceprofile="WindowsClient"
LogAudioCaptureCore: Display: No Audio Capture implementations found. Audio input will be silent.
LogMetaSound: Display: MetaSound Page Target Initialized to 'Default'
LogAudioCaptureCore: Display: No Audio Capture implementations found. Audio input will be silent.
LogAudio: Display: Registering Engine Module Parameter Interfaces...
LogAudio: Display: Initializing Audio Device Manager...
LogAudio: Display: Loading Default Audio Settings Objects...
LogAudio: Display: No default SoundConcurrencyObject specified (or failed to load).
LogAudio: Display: Audio Device Manager Initialized
LogAudio: Display: Creating Audio Device:                 Id: 1, Scope: Shared, Realtime: True
LogAudioMixer: Display: Audio Mixer Platform Settings:
LogAudioMixer: Display: 	Sample Rate:						  48000
LogAudioMixer: Display: 	Callback Buffer Frame Size Requested: 1024
LogAudioMixer: Display: 	Callback Buffer Frame Size To Use:	  1024
LogAudioMixer: Display: 	Number of buffers to queue:			  1
LogAudioMixer: Display: 	Max Channels (voices):				  32
LogAudioMixer: Display: 	Number of Async Source Workers:		  4
LogAudio: Display: AudioDevice MaxSources: 32
LogAudio: Display: Audio Spatialization Plugin: None (built-in).
LogAudio: Display: Audio Reverb Plugin: None (built-in).
LogAudio: Display: Audio Occlusion Plugin: None (built-in).
LogAudioMixer: Display: Initializing audio mixer using platform API: 'XAudio2'
LogAudioMixer: Display: Using Audio Hardware Device Headphones (3- Arctis Nova 7)
LogAudioMixer: Display: Initializing Sound Submixes...
LogAudioMixer: Display: Creating Master Submix 'MasterSubmixDefault'
LogAudioMixer: Display: Creating Master Submix 'MasterReverbSubmixDefault'
LogAudioMixer: Display: Output buffers initialized: Frames=1024, Channels=2, Samples=2048, InstanceID=1
LogAudioMixer: Display: Starting AudioMixerPlatformInterface::RunInternal(), InstanceID=1
LogAudioMixer: Display: FMixerPlatformXAudio2::SubmitBuffer() called for the first time. InstanceID=1
LogCsvProfiler: Display: Metadata set : largeworldcoordinates="1"
LogAudio: Display: Audio Device (ID: 1) registered with world 'Untitled'.
LogInit: Display: Game Engine Initialized.
LogInit: Display: Starting Game.
LogCsvProfiler: Display: Metadata set : iris="1"
LogIris: Display: Iris ReplicationSystem[0]: ReplicationSystem_2147482512 (0x000001DC374218A0) is created
LogIris: Display: FInternalNetSerializerDelegates::BroadcastLoadedModulesUpdated() called while there are 0 active ReplicationSystems. This is good. Total loaded modules: 37.
LogInit: Display: Engine is initialized. Leaving FEngineLoop::Init()
LogTrace: Display: Control listening on port 37004
LogIris: Warning: FInternalNetSerializerDelegates::BroadcastLoadedModulesUpdated() called while there are 1 active ReplicationSystems. If polymorphic types are registered we may have corrupt data. A restart of the ReplicationSystem or NetDriver is recommended. Total loaded modules: 39.
LogAudio: Display: Audio Device unregistered from world 'None'.
LogStreaming: Display: FlushAsyncLoading(61): 1 QueuedPackages, 0 AsyncPackages
LogAudio: Display: Audio Device (ID: 1) registered with world 'ThirdPersonMap'.
LogWorldPartition: Display: WorldPartition initialize started...
LogWorldPartition: Display: WorldPartition initialize took 50 us
LogIris: Warning: FInternalNetSerializerDelegates::BroadcastLoadedModulesUpdated() called while there are 1 active ReplicationSystems. If polymorphic types are registered we may have corrupt data. A restart of the ReplicationSystem or NetDriver is recommended. Total loaded modules: 40.
LogIris: Warning: Generating descriptor for struct UpdateLevelVisibilityLevelInfo that has custom serialization.
LogOGResimProbe: Warning: [ResimProbe.Session] resim-gate probe LIVE ? verbosity=Warning verboseDetail=off windowSamples=120
LogOGNet: Warning: [ResimGate] session policy = OnDisagreement (ini override), depthPolicy = skip beyond 12 ticks, rateLimit = none (structural: one resim in flight, one pending)
LogOGIrisNet: Display: [IrisSerializerProof] struct=RelayedInputRing dir=Load state=live NetSerialize IS BEING CALLED ON A REAL PAYLOAD. payloadBytes=85 arrayElements=83 | wire bits: memberWise(pre-T29)=681 lastResort(post-T29)=700 delta=+19 bits (+2.4 B)
LogOGInputRelay: Warning: [InputRelay] ring OnRep with no consumer bound (owner=None) ? dropped; healed by the next replication if the owner resolves
LogOGNet: Warning: [RelayDelayFloor] floor = 6 ticks, UPWARD, requesting 2-tick prediction stall
LogViewport: Display: Player bShowMouseCursor Changed, False -> True
LogOGIrisNet: Display: [IrisSerializerProof] struct=SimulationStateSyncBuffer dir=Load state=live NetSerialize IS BEING CALLED ON A REAL PAYLOAD. payloadBytes=311 arrayElements=384 | wire bits: memberWise(pre-T29)=3089 lastResort(post-T29)=2508 delta=-581 bits (-72.6 B)
LogOG: Warning: [Warning] PCTM CPC: hard resync oldTick=0 -> newTick=6077 drift=6077
LogOGResimProbe: Warning: [Warning][ResimProbe.Gate] checks=120 declined=19 requested=101 requestedPerMille=842 deepSkips=0 survivingAnchors=0
LogOGResimProbe: Warning: [Warning][ResimProbe.Chaos] requests=100 grants=98 refused=2 refusedPerMille=20 repeat=2 clamped=0 depthMin=3 depthMax=5
LogOGResimProbe: Warning: [Warning][ResimProbe.Apply] prepares=98 finishes=98 abandoned=0 stuck=0 replayTicks=453 replayOverruns=0 freshProtects=13 staleProtects=0
LogOGRelayProbe: Warning: [Warning][RelayProbe.Read] window=[6077,6197] src=Prediction hit=116 miss=3 verifyFail=0 rung0=0 total=119
LogOGRelayProbe: Warning: [Warning][RelayProbe.Read] window=[6077,6197] src=Resim hit=444 miss=6 verifyFail=0 rung0=0 total=450
LogOGRelayProbe: Warning: [Warning][RelayProbe.Miss] window=[6077,6197] src=Prediction inSpan=0 aboveNewest=0 belowOldest=3 noProbeTick=0 miss=3
LogOGRelayProbe: Warning: [Warning][RelayProbe.Miss] window=[6077,6197] src=Resim inSpan=0 aboveNewest=0 belowOldest=6 noProbeTick=0 miss=6
LogOGRelayProbe: Warning: [Warning][RelayProbe.Delta] window=[6077,6197] src=Prediction n=119 p10=-4 p50=-3 p90=-2 min=-4 max=-1 satLow=0 satHigh=0
LogOGRelayProbe: Warning: [Warning][RelayProbe.Delta] window=[6077,6197] src=Resim n=450 p10=-7 p50=-5 p90=-3 min=-9 max=-1 satLow=0 satHigh=0
LogOGRelayProbe: Warning: [Warning][RelayProbe.Stale] window=[6077,6197] maxConsecutiveFallbackRun=3 id=28398
LogOGResimProbe: Warning: [Warning][ResimProbe.Frame] role=Client simTicks=119 frames=197 meanTicksPerFrameX100=60 p50=1 p99=1 max=1 meanFrameUs=10001
LogOGResimProbe: Warning: [Warning][ResimProbe.Frame] role=Client cadence dFrame1=41 dFrame0=0 dFrameGt1=79 discont=1 numSteps total=122 max=1 gt1=0
LogOGResimProbe: Warning: [Warning][ResimProbe.Landing] class=LocallyPredicted behind=58 atFrontier=0 discarded=2 atFrontierPerMille=0 windowSamples=120
LogOGResimProbe: Warning: [Warning][ResimProbe.Landing] class=RemoteProxy behind=58 atFrontier=0 discarded=2 atFrontierPerMille=0 windowSamples=120
LogOGDivergenceProbe: Warning: [Warning][DivergenceProbe.Window] class=LocallyPredicted corrections=60 disagreed=60 ratePerMille=1000 windowSamples=120
LogOGDivergenceProbe: Warning: [Warning][DivergenceProbe.Window] class=RemoteProxy corrections=60 disagreed=60 ratePerMille=1000 windowSamples=120
LogOGRelayProbe: Warning: [Warning][RelayProbe.Arrival] samples=120 gapCaptureTicks p50=1 p99=2 max=3 noAdvance=0 saturated=0 lostCaptureTicksX1000=0 lost=0 delivered=159 expected=159 discont=0 discontMax=0
LogIris: Warning: FInternalNetSerializerDelegates::BroadcastLoadedModulesUpdated() called while there are 1 active ReplicationSystems. If polymorphic types are registered we may have corrupt data. A restart of the ReplicationSystem or NetDriver is recommended. Total loaded modules: 41.
LogOGResimProbe: Warning: [Warning][ResimProbe.Gate] checks=120 declined=8 requested=112 requestedPerMille=933 deepSkips=0 survivingAnchors=0
LogOGResimProbe: Warning: [Warning][ResimProbe.Chaos] requests=113 grants=113 refused=0 refusedPerMille=0 repeat=0 clamped=0 depthMin=3 depthMax=4
LogOGResimProbe: Warning: [Warning][ResimProbe.Apply] prepares=113 finishes=113 abandoned=0 stuck=0 replayTicks=559 replayOverruns=0 freshProtects=6 staleProtects=0
LogOGRelayProbe: Warning: [Warning][RelayProbe.Read] window=[6197,6317] src=Prediction hit=120 miss=0 verifyFail=0 rung0=0 total=120
LogOGRelayProbe: Warning: [Warning][RelayProbe.Read] window=[6197,6317] src=Resim hit=552 miss=0 verifyFail=0 rung0=0 total=552
LogOGRelayProbe: Warning: [Warning][RelayProbe.Delta] window=[6197,6317] src=Prediction n=120 p10=-4 p50=-3 p90=-2 min=-4 max=-1 satLow=0 satHigh=0
LogOGRelayProbe: Warning: [Warning][RelayProbe.Delta] window=[6197,6317] src=Resim n=552 p10=-7 p50=-5 p90=-3 min=-8 max=-1 satLow=0 satHigh=0
LogOGResimProbe: Warning: [Warning][ResimProbe.Frame] role=Client simTicks=120 frames=200 meanTicksPerFrameX100=60 p50=1 p99=1 max=1 meanFrameUs=10000
LogOGResimProbe: Warning: [Warning][ResimProbe.Frame] role=Client cadence dFrame1=40 dFrame0=0 dFrameGt1=80 discont=0 numSteps total=120 max=1 gt1=0
LogOGResimProbe: Warning: [Warning][ResimProbe.Landing] class=LocallyPredicted behind=60 atFrontier=0 discarded=0 atFrontierPerMille=0 windowSamples=120
LogOGResimProbe: Warning: [Warning][ResimProbe.Landing] class=RemoteProxy behind=60 atFrontier=0 discarded=0 atFrontierPerMille=0 windowSamples=120
LogOGDivergenceProbe: Warning: [Warning][DivergenceProbe.Window] class=LocallyPredicted corrections=60 disagreed=60 ratePerMille=1000 windowSamples=120
LogOGDivergenceProbe: Warning: [Warning][DivergenceProbe.Window] class=RemoteProxy corrections=60 disagreed=60 ratePerMille=1000 windowSamples=120
LogOGRelayProbe: Warning: [Warning][RelayProbe.Arrival] samples=120 gapCaptureTicks p50=1 p99=2 max=2 noAdvance=0 saturated=0 lostCaptureTicksX1000=0 lost=0 delivered=171 expected=171 discont=0 discontMax=0
LogOGResimProbe: Warning: [Warning][ResimProbe.Gate] checks=120 declined=15 requested=105 requestedPerMille=875 deepSkips=0 survivingAnchors=0
LogOGResimProbe: Warning: [Warning][ResimProbe.Chaos] requests=104 grants=104 refused=0 refusedPerMille=0 repeat=0 clamped=0 depthMin=3 depthMax=4
LogOGResimProbe: Warning: [Warning][ResimProbe.Apply] prepares=104 finishes=104 abandoned=0 stuck=0 replayTicks=513 replayOverruns=0 freshProtects=14 staleProtects=0
LogOGRelayProbe: Warning: [Warning][RelayProbe.Read] window=[6317,6437] src=Prediction hit=120 miss=0 verifyFail=0 rung0=0 total=120
LogOGRelayProbe: Warning: [Warning][RelayProbe.Read] window=[6317,6437] src=Resim hit=511 miss=0 verifyFail=0 rung0=0 total=511
LogOGRelayProbe: Warning: [Warning][RelayProbe.Delta] window=[6317,6437] src=Prediction n=120 p10=-3 p50=-3 p90=-2 min=-4 max=-2 satLow=0 satHigh=0
LogOGRelayProbe: Warning: [Warning][RelayProbe.Delta] window=[6317,6437] src=Resim n=511 p10=-7 p50=-5 p90=-3 min=-8 max=-2 satLow=0 satHigh=0
LogOGResimProbe: Warning: [Warning][ResimProbe.Frame] role=Client simTicks=120 frames=200 meanTicksPerFrameX100=60 p50=1 p99=1 max=1 meanFrameUs=9999
LogOGResimProbe: Warning: [Warning][ResimProbe.Frame] role=Client cadence dFrame1=40 dFrame0=0 dFrameGt1=80 discont=0 numSteps total=120 max=1 gt1=0
LogOGResimProbe: Warning: [Warning][ResimProbe.Landing] class=LocallyPredicted behind=60 atFrontier=0 discarded=0 atFrontierPerMille=0 windowSamples=120
LogOGResimProbe: Warning: [Warning][ResimProbe.Landing] class=RemoteProxy behind=60 atFrontier=0 discarded=0 atFrontierPerMille=0 windowSamples=120
LogOGDivergenceProbe: Warning: [Warning][DivergenceProbe.Window] class=LocallyPredicted corrections=60 disagreed=60 ratePerMille=1000 windowSamples=120
LogOGDivergenceProbe: Warning: [Warning][DivergenceProbe.Window] class=RemoteProxy corrections=60 disagreed=60 ratePerMille=1000 windowSamples=120
LogOGResimProbe: Warning: [Warning][ResimProbe.Gate] checks=120 declined=9 requested=111 requestedPerMille=925 deepSkips=0 survivingAnchors=0
LogOGResimProbe: Warning: [Warning][ResimProbe.Chaos] requests=111 grants=111 refused=0 refusedPerMille=0 repeat=0 clamped=0 depthMin=3 depthMax=4
LogOGResimProbe: Warning: [Warning][ResimProbe.Apply] prepares=111 finishes=111 abandoned=0 stuck=0 replayTicks=548 replayOverruns=0 freshProtects=8 staleProtects=0
LogOGRelayProbe: Warning: [Warning][RelayProbe.Read] window=[6437,6557] src=Prediction hit=120 miss=0 verifyFail=0 rung0=0 total=120
LogOGRelayProbe: Warning: [Warning][RelayProbe.Read] window=[6437,6557] src=Resim hit=545 miss=0 verifyFail=0 rung0=0 total=545
LogOGRelayProbe: Warning: [Warning][RelayProbe.Delta] window=[6437,6557] src=Prediction n=120 p10=-3 p50=-2 p90=-2 min=-4 max=-1 satLow=0 satHigh=0
LogOGRelayProbe: Warning: [Warning][RelayProbe.Delta] window=[6437,6557] src=Resim n=545 p10=-6 p50=-4 p90=-2 min=-8 max=-1 satLow=0 satHigh=0
LogOGResimProbe: Warning: [Warning][ResimProbe.Frame] role=Client simTicks=120 frames=200 meanTicksPerFrameX100=60 p50=1 p99=1 max=1 meanFrameUs=10000
LogOGResimProbe: Warning: [Warning][ResimProbe.Frame] role=Client cadence dFrame1=40 dFrame0=0 dFrameGt1=80 discont=0 numSteps total=120 max=1 gt1=0
LogOGResimProbe: Warning: [Warning][ResimProbe.Landing] class=LocallyPredicted behind=60 atFrontier=0 discarded=0 atFrontierPerMille=0 windowSamples=120
LogOGResimProbe: Warning: [Warning][ResimProbe.Landing] class=RemoteProxy behind=60 atFrontier=0 discarded=0 atFrontierPerMille=0 windowSamples=120
LogOGDivergenceProbe: Warning: [Warning][DivergenceProbe.Window] class=LocallyPredicted corrections=60 disagreed=60 ratePerMille=1000 windowSamples=120
LogOGDivergenceProbe: Warning: [Warning][DivergenceProbe.Window] class=RemoteProxy corrections=60 disagreed=60 ratePerMille=1000 windowSamples=120
LogOGRelayProbe: Warning: [Warning][RelayProbe.Arrival] samples=120 gapCaptureTicks p50=1 p99=2 max=3 noAdvance=0 saturated=0 lostCaptureTicksX1000=0 lost=0 delivered=179 expected=179 discont=0 discontMax=0
LogOGResimProbe: Warning: [Warning][ResimProbe.Gate] checks=120 declined=9 requested=111 requestedPerMille=925 deepSkips=0 survivingAnchors=0
LogOGResimProbe: Warning: [Warning][ResimProbe.Chaos] requests=111 grants=111 refused=0 refusedPerMille=0 repeat=0 clamped=0 depthMin=3 depthMax=4
LogOGResimProbe: Warning: [Warning][ResimProbe.Apply] prepares=111 finishes=111 abandoned=0 stuck=0 replayTicks=548 replayOverruns=0 freshProtects=8 staleProtects=0
LogOGRelayProbe: Warning: [Warning][RelayProbe.Read] window=[6557,6677] src=Prediction hit=120 miss=0 verifyFail=0 rung0=0 total=120
LogOGRelayProbe: Warning: [Warning][RelayProbe.Read] window=[6557,6677] src=Resim hit=542 miss=0 verifyFail=0 rung0=0 total=542
LogOGRelayProbe: Warning: [Warning][RelayProbe.Delta] window=[6557,6677] src=Prediction n=120 p10=-4 p50=-3 p90=-2 min=-4 max=-1 satLow=0 satHigh=0
LogOGRelayProbe: Warning: [Warning][RelayProbe.Delta] window=[6557,6677] src=Resim n=542 p10=-7 p50=-5 p90=-3 min=-8 max=-1 satLow=0 satHigh=0
LogOGResimProbe: Warning: [Warning][ResimProbe.Frame] role=Client simTicks=120 frames=200 meanTicksPerFrameX100=60 p50=1 p99=1 max=1 meanFrameUs=10000
LogOGResimProbe: Warning: [Warning][ResimProbe.Frame] role=Client cadence dFrame1=40 dFrame0=0 dFrameGt1=80 discont=0 numSteps total=120 max=1 gt1=0
LogOGResimProbe: Warning: [Warning][ResimProbe.Landing] class=LocallyPredicted behind=60 atFrontier=0 discarded=0 atFrontierPerMille=0 windowSamples=120
LogOGResimProbe: Warning: [Warning][ResimProbe.Landing] class=RemoteProxy behind=60 atFrontier=0 discarded=0 atFrontierPerMille=0 windowSamples=120
LogOGDivergenceProbe: Warning: [Warning][DivergenceProbe.Window] class=LocallyPredicted corrections=60 disagreed=60 ratePerMille=1000 windowSamples=120
LogOGDivergenceProbe: Warning: [Warning][DivergenceProbe.Window] class=RemoteProxy corrections=60 disagreed=60 ratePerMille=1000 windowSamples=120
LogOGRelayProbe: Warning: [Warning][RelayProbe.Arrival] samples=120 gapCaptureTicks p50=1 p99=2 max=2 noAdvance=0 saturated=0 lostCaptureTicksX1000=0 lost=0 delivered=172 expected=172 discont=0 discontMax=0
LogOGResimProbe: Warning: [Warning][ResimProbe.Gate] checks=120 declined=13 requested=107 requestedPerMille=892 deepSkips=0 survivingAnchors=0
LogOGResimProbe: Warning: [Warning][ResimProbe.Chaos] requests=108 grants=106 refused=2 refusedPerMille=19 repeat=2 clamped=0 depthMin=3 depthMax=5
LogOGResimProbe: Warning: [Warning][ResimProbe.Apply] prepares=106 finishes=106 abandoned=0 stuck=0 replayTicks=517 replayOverruns=0 freshProtects=12 staleProtects=0
LogOGRelayProbe: Warning: [Warning][RelayProbe.Read] window=[6677,6797] src=Prediction hit=120 miss=0 verifyFail=0 rung0=0 total=120
LogOGRelayProbe: Warning: [Warning][RelayProbe.Read] window=[6677,6797] src=Resim hit=507 miss=0 verifyFail=0 rung0=0 total=507
LogOGRelayProbe: Warning: [Warning][RelayProbe.Delta] window=[6677,6797] src=Prediction n=120 p10=-3 p50=-2 p90=-2 min=-4 max=-1 satLow=0 satHigh=0
LogOGRelayProbe: Warning: [Warning][RelayProbe.Delta] window=[6677,6797] src=Resim n=507 p10=-6 p50=-4 p90=-2 min=-8 max=-1 satLow=0 satHigh=0
LogOGResimProbe: Warning: [Warning][ResimProbe.Frame] role=Client simTicks=120 frames=200 meanTicksPerFrameX100=60 p50=1 p99=1 max=1 meanFrameUs=10000
LogOGResimProbe: Warning: [Warning][ResimProbe.Frame] role=Client cadence dFrame1=40 dFrame0=0 dFrameGt1=80 discont=0 numSteps total=120 max=1 gt1=0
LogOGResimProbe: Warning: [Warning][ResimProbe.Landing] class=LocallyPredicted behind=60 atFrontier=0 discarded=0 atFrontierPerMille=0 windowSamples=120
LogOGResimProbe: Warning: [Warning][ResimProbe.Landing] class=RemoteProxy behind=60 atFrontier=0 discarded=0 atFrontierPerMille=0 windowSamples=120
LogOGDivergenceProbe: Warning: [Warning][DivergenceProbe.Window] class=LocallyPredicted corrections=60 disagreed=60 ratePerMille=1000 windowSamples=120
LogOGDivergenceProbe: Warning: [Warning][DivergenceProbe.Window] class=RemoteProxy corrections=60 disagreed=60 ratePerMille=1000 windowSamples=120
LogOGResimProbe: Warning: [Warning][ResimProbe.Gate] checks=120 declined=18 requested=102 requestedPerMille=850 deepSkips=0 survivingAnchors=0
LogOGResimProbe: Warning: [Warning][ResimProbe.Chaos] requests=101 grants=101 refused=0 refusedPerMille=0 repeat=0 clamped=0 depthMin=3 depthMax=4
LogOGResimProbe: Warning: [Warning][ResimProbe.Apply] prepares=101 finishes=101 abandoned=0 stuck=0 replayTicks=499 replayOverruns=0 freshProtects=17 staleProtects=0
LogOGRelayProbe: Warning: [Warning][RelayProbe.Read] window=[6797,6917] src=Prediction hit=120 miss=0 verifyFail=0 rung0=0 total=120
LogOGRelayProbe: Warning: [Warning][RelayProbe.Read] window=[6797,6917] src=Resim hit=496 miss=0 verifyFail=0 rung0=0 total=496
LogOGRelayProbe: Warning: [Warning][RelayProbe.Delta] window=[6797,6917] src=Prediction n=120 p10=-3 p50=-3 p90=-2 min=-4 max=-1 satLow=0 satHigh=0
LogOGRelayProbe: Warning: [Warning][RelayProbe.Delta] window=[6797,6917] src=Resim n=496 p10=-7 p50=-5 p90=-3 min=-8 max=-1 satLow=0 satHigh=0
LogOGResimProbe: Warning: [Warning][ResimProbe.Frame] role=Client simTicks=120 frames=200 meanTicksPerFrameX100=60 p50=1 p99=1 max=1 meanFrameUs=10001
LogOGResimProbe: Warning: [Warning][ResimProbe.Frame] role=Client cadence dFrame1=40 dFrame0=0 dFrameGt1=80 discont=0 numSteps total=120 max=1 gt1=0
LogOGResimProbe: Warning: [Warning][ResimProbe.Landing] class=LocallyPredicted behind=60 atFrontier=0 discarded=0 atFrontierPerMille=0 windowSamples=120
LogOGResimProbe: Warning: [Warning][ResimProbe.Landing] class=RemoteProxy behind=60 atFrontier=0 discarded=0 atFrontierPerMille=0 windowSamples=120
LogOGRelayProbe: Warning: [Warning][RelayProbe.Arrival] samples=120 gapCaptureTicks p50=1 p99=2 max=2 noAdvance=0 saturated=0 lostCaptureTicksX1000=0 lost=0 delivered=171 expected=171 discont=0 discontMax=0
LogOGDivergenceProbe: Warning: [Warning][DivergenceProbe.Window] class=LocallyPredicted corrections=60 disagreed=60 ratePerMille=1000 windowSamples=120
LogOGDivergenceProbe: Warning: [Warning][DivergenceProbe.Window] class=RemoteProxy corrections=60 disagreed=60 ratePerMille=1000 windowSamples=120
LogOGResimProbe: Warning: [Warning][ResimProbe.Gate] checks=120 declined=13 requested=107 requestedPerMille=892 deepSkips=0 survivingAnchors=0
LogOGResimProbe: Warning: [Warning][ResimProbe.Chaos] requests=108 grants=106 refused=2 refusedPerMille=19 repeat=2 clamped=0 depthMin=3 depthMax=5
LogOGResimProbe: Warning: [Warning][ResimProbe.Apply] prepares=106 finishes=106 abandoned=0 stuck=0 replayTicks=512 replayOverruns=0 freshProtects=12 staleProtects=0
LogOGRelayProbe: Warning: [Warning][RelayProbe.Read] window=[6917,7037] src=Prediction hit=120 miss=0 verifyFail=0 rung0=0 total=120
LogOGRelayProbe: Warning: [Warning][RelayProbe.Read] window=[6917,7037] src=Resim hit=501 miss=0 verifyFail=0 rung0=0 total=501
LogOGRelayProbe: Warning: [Warning][RelayProbe.Delta] window=[6917,7037] src=Prediction n=120 p10=-4 p50=-3 p90=-2 min=-4 max=-2 satLow=0 satHigh=0
LogOGRelayProbe: Warning: [Warning][RelayProbe.Delta] window=[6917,7037] src=Resim n=501 p10=-7 p50=-5 p90=-3 min=-8 max=-2 satLow=0 satHigh=0
LogOGResimProbe: Warning: [Warning][ResimProbe.Frame] role=Client simTicks=120 frames=200 meanTicksPerFrameX100=60 p50=1 p99=1 max=1 meanFrameUs=9999
LogOGResimProbe: Warning: [Warning][ResimProbe.Frame] role=Client cadence dFrame1=40 dFrame0=0 dFrameGt1=80 discont=0 numSteps total=120 max=1 gt1=0
LogOGResimProbe: Warning: [Warning][ResimProbe.Landing] class=LocallyPredicted behind=60 atFrontier=0 discarded=0 atFrontierPerMille=0 windowSamples=120
LogOGResimProbe: Warning: [Warning][ResimProbe.Landing] class=RemoteProxy behind=60 atFrontier=0 discarded=0 atFrontierPerMille=0 windowSamples=120
LogOGDivergenceProbe: Warning: [Warning][DivergenceProbe.Window] class=LocallyPredicted corrections=60 disagreed=60 ratePerMille=1000 windowSamples=120
LogOGDivergenceProbe: Warning: [Warning][DivergenceProbe.Window] class=RemoteProxy corrections=60 disagreed=60 ratePerMille=1000 windowSamples=120
LogOGRelayProbe: Warning: [Warning][RelayProbe.Arrival] samples=120 gapCaptureTicks p50=1 p99=2 max=2 noAdvance=0 saturated=0 lostCaptureTicksX1000=0 lost=0 delivered=168 expected=168 discont=0 discontMax=0
LogOGResimProbe: Warning: [Warning][ResimProbe.Gate] checks=120 declined=16 requested=104 requestedPerMille=867 deepSkips=0 survivingAnchors=0
LogOGResimProbe: Warning: [Warning][ResimProbe.Chaos] requests=103 grants=103 refused=0 refusedPerMille=0 repeat=0 clamped=0 depthMin=3 depthMax=4
LogOGResimProbe: Warning: [Warning][ResimProbe.Apply] prepares=103 finishes=103 abandoned=0 stuck=0 replayTicks=511 replayOverruns=0 freshProtects=15 staleProtects=0
LogOGRelayProbe: Warning: [Warning][RelayProbe.Read] window=[7037,7157] src=Prediction hit=120 miss=0 verifyFail=0 rung0=0 total=120
LogOGRelayProbe: Warning: [Warning][RelayProbe.Read] window=[7037,7157] src=Resim hit=508 miss=0 verifyFail=0 rung0=0 total=508
LogOGRelayProbe: Warning: [Warning][RelayProbe.Delta] window=[7037,7157] src=Prediction n=120 p10=-3 p50=-3 p90=-2 min=-4 max=-2 satLow=0 satHigh=0
LogOGRelayProbe: Warning: [Warning][RelayProbe.Delta] window=[7037,7157] src=Resim n=508 p10=-7 p50=-5 p90=-3 min=-8 max=-2 satLow=0 satHigh=0
LogOGResimProbe: Warning: [Warning][ResimProbe.Frame] role=Client simTicks=120 frames=200 meanTicksPerFrameX100=60 p50=1 p99=1 max=1 meanFrameUs=10000
LogOGResimProbe: Warning: [Warning][ResimProbe.Frame] role=Client cadence dFrame1=40 dFrame0=0 dFrameGt1=80 discont=0 numSteps total=120 max=1 gt1=0
LogOGResimProbe: Warning: [Warning][ResimProbe.Landing] class=LocallyPredicted behind=60 atFrontier=0 discarded=0 atFrontierPerMille=0 windowSamples=120
LogOGResimProbe: Warning: [Warning][ResimProbe.Landing] class=RemoteProxy behind=60 atFrontier=0 discarded=0 atFrontierPerMille=0 windowSamples=120
LogOGDivergenceProbe: Warning: [Warning][DivergenceProbe.Window] class=LocallyPredicted corrections=60 disagreed=60 ratePerMille=1000 windowSamples=120
LogOGDivergenceProbe: Warning: [Warning][DivergenceProbe.Window] class=RemoteProxy corrections=60 disagreed=60 ratePerMille=1000 windowSamples=120
LogOGRelayProbe: Warning: [Warning][RelayProbe.Arrival] samples=120 gapCaptureTicks p50=1 p99=2 max=3 noAdvance=0 saturated=0 lostCaptureTicksX1000=0 lost=0 delivered=169 expected=169 discont=0 discontMax=0
LogOGResimProbe: Warning: [Warning][ResimProbe.Gate] checks=120 declined=8 requested=112 requestedPerMille=933 deepSkips=0 survivingAnchors=0
LogOGResimProbe: Warning: [Warning][ResimProbe.Chaos] requests=113 grants=113 refused=0 refusedPerMille=0 repeat=0 clamped=0 depthMin=3 depthMax=4
LogOGResimProbe: Warning: [Warning][ResimProbe.Apply] prepares=113 finishes=113 abandoned=0 stuck=0 replayTicks=555 replayOverruns=0 freshProtects=6 staleProtects=0
LogOGRelayProbe: Warning: [Warning][RelayProbe.Read] window=[7157,7277] src=Prediction hit=120 miss=0 verifyFail=0 rung0=0 total=120
LogOGRelayProbe: Warning: [Warning][RelayProbe.Read] window=[7157,7277] src=Resim hit=547 miss=0 verifyFail=0 rung0=0 total=547
LogOGRelayProbe: Warning: [Warning][RelayProbe.Delta] window=[7157,7277] src=Prediction n=120 p10=-4 p50=-3 p90=-2 min=-4 max=-2 satLow=0 satHigh=0
LogOGRelayProbe: Warning: [Warning][RelayProbe.Delta] window=[7157,7277] src=Resim n=547 p10=-7 p50=-5 p90=-3 min=-8 max=-2 satLow=0 satHigh=0
LogOGResimProbe: Warning: [Warning][ResimProbe.Frame] role=Client simTicks=120 frames=200 meanTicksPerFrameX100=60 p50=1 p99=1 max=1 meanFrameUs=10000
LogOGResimProbe: Warning: [Warning][ResimProbe.Frame] role=Client cadence dFrame1=40 dFrame0=0 dFrameGt1=80 discont=0 numSteps total=120 max=1 gt1=0
LogOGResimProbe: Warning: [Warning][ResimProbe.Landing] class=LocallyPredicted behind=60 atFrontier=0 discarded=0 atFrontierPerMille=0 windowSamples=120
LogOGResimProbe: Warning: [Warning][ResimProbe.Landing] class=RemoteProxy behind=60 atFrontier=0 discarded=0 atFrontierPerMille=0 windowSamples=120
LogOGDivergenceProbe: Warning: [Warning][DivergenceProbe.Window] class=LocallyPredicted corrections=60 disagreed=60 ratePerMille=1000 windowSamples=120
LogOGDivergenceProbe: Warning: [Warning][DivergenceProbe.Window] class=RemoteProxy corrections=60 disagreed=60 ratePerMille=1000 windowSamples=120
LogOGResimProbe: Warning: [Warning][ResimProbe.Gate] checks=120 declined=12 requested=108 requestedPerMille=900 deepSkips=0 survivingAnchors=0
LogOGResimProbe: Warning: [Warning][ResimProbe.Chaos] requests=107 grants=107 refused=0 refusedPerMille=0 repeat=0 clamped=0 depthMin=3 depthMax=4
LogOGResimProbe: Warning: [Warning][ResimProbe.Apply] prepares=107 finishes=107 abandoned=0 stuck=0 replayTicks=529 replayOverruns=0 freshProtects=11 staleProtects=0
LogOGRelayProbe: Warning: [Warning][RelayProbe.Read] window=[7277,7397] src=Prediction hit=120 miss=0 verifyFail=0 rung0=0 total=120
LogOGRelayProbe: Warning: [Warning][RelayProbe.Read] window=[7277,7397] src=Resim hit=529 miss=0 verifyFail=0 rung0=0 total=529
LogOGRelayProbe: Warning: [Warning][RelayProbe.Delta] window=[7277,7397] src=Prediction n=120 p10=-3 p50=-3 p90=-2 min=-4 max=-1 satLow=0 satHigh=0
LogOGRelayProbe: Warning: [Warning][RelayProbe.Delta] window=[7277,7397] src=Resim n=529 p10=-7 p50=-5 p90=-3 min=-8 max=-1 satLow=0 satHigh=0
LogOGResimProbe: Warning: [Warning][ResimProbe.Frame] role=Client simTicks=120 frames=200 meanTicksPerFrameX100=60 p50=1 p99=1 max=1 meanFrameUs=9999
LogOGResimProbe: Warning: [Warning][ResimProbe.Frame] role=Client cadence dFrame1=40 dFrame0=0 dFrameGt1=80 discont=0 numSteps total=120 max=1 gt1=0
LogOGResimProbe: Warning: [Warning][ResimProbe.Landing] class=LocallyPredicted behind=60 atFrontier=0 discarded=0 atFrontierPerMille=0 windowSamples=120
LogOGResimProbe: Warning: [Warning][ResimProbe.Landing] class=RemoteProxy behind=60 atFrontier=0 discarded=0 atFrontierPerMille=0 windowSamples=120
LogOGDivergenceProbe: Warning: [Warning][DivergenceProbe.Window] class=LocallyPredicted corrections=60 disagreed=60 ratePerMille=1000 windowSamples=120
LogOGDivergenceProbe: Warning: [Warning][DivergenceProbe.Window] class=RemoteProxy corrections=60 disagreed=60 ratePerMille=1000 windowSamples=120
LogOGRelayProbe: Warning: [Warning][RelayProbe.Arrival] samples=120 gapCaptureTicks p50=1 p99=2 max=2 noAdvance=0 saturated=0 lostCaptureTicksX1000=0 lost=0 delivered=167 expected=167 discont=0 discontMax=0
LogOGResimProbe: Warning: [Warning][ResimProbe.Gate] checks=120 declined=6 requested=114 requestedPerMille=950 deepSkips=0 survivingAnchors=0
LogOGResimProbe: Warning: [Warning][ResimProbe.Chaos] requests=114 grants=112 refused=2 refusedPerMille=18 repeat=2 clamped=0 depthMin=3 depthMax=5
LogOGResimProbe: Warning: [Warning][ResimProbe.Apply] prepares=112 finishes=112 abandoned=0 stuck=0 replayTicks=555 replayOverruns=0 freshProtects=6 staleProtects=0
LogOGRelayProbe: Warning: [Warning][RelayProbe.Read] window=[7397,7517] src=Prediction hit=120 miss=0 verifyFail=0 rung0=0 total=120
LogOGRelayProbe: Warning: [Warning][RelayProbe.Read] window=[7397,7517] src=Resim hit=551 miss=0 verifyFail=0 rung0=0 total=551
LogOGRelayProbe: Warning: [Warning][RelayProbe.Delta] window=[7397,7517] src=Prediction n=120 p10=-3 p50=-3 p90=-2 min=-4 max=-1 satLow=0 satHigh=0
LogOGRelayProbe: Warning: [Warning][RelayProbe.Delta] window=[7397,7517] src=Resim n=551 p10=-7 p50=-5 p90=-3 min=-8 max=-1 satLow=0 satHigh=0
LogOGResimProbe: Warning: [Warning][ResimProbe.Frame] role=Client simTicks=120 frames=200 meanTicksPerFrameX100=60 p50=1 p99=1 max=1 meanFrameUs=10001
LogOGResimProbe: Warning: [Warning][ResimProbe.Frame] role=Client cadence dFrame1=40 dFrame0=0 dFrameGt1=80 discont=0 numSteps total=120 max=1 gt1=0
LogOGResimProbe: Warning: [Warning][ResimProbe.Landing] class=LocallyPredicted behind=60 atFrontier=0 discarded=0 atFrontierPerMille=0 windowSamples=120
LogOGResimProbe: Warning: [Warning][ResimProbe.Landing] class=RemoteProxy behind=60 atFrontier=0 discarded=0 atFrontierPerMille=0 windowSamples=120
LogOGDivergenceProbe: Warning: [Warning][DivergenceProbe.Window] class=LocallyPredicted corrections=60 disagreed=60 ratePerMille=1000 windowSamples=120
LogOGDivergenceProbe: Warning: [Warning][DivergenceProbe.Window] class=RemoteProxy corrections=60 disagreed=60 ratePerMille=1000 windowSamples=120
LogOGRelayProbe: Warning: [Warning][RelayProbe.Arrival] samples=120 gapCaptureTicks p50=1 p99=2 max=2 noAdvance=0 saturated=0 lostCaptureTicksX1000=0 lost=0 delivered=162 expected=162 discont=0 discontMax=0
LogOGResimProbe: Warning: [Warning][ResimProbe.Gate] checks=120 declined=7 requested=113 requestedPerMille=942 deepSkips=0 survivingAnchors=0
LogOGResimProbe: Warning: [Warning][ResimProbe.Chaos] requests=113 grants=113 refused=0 refusedPerMille=0 repeat=0 clamped=0 depthMin=3 depthMax=4
LogOGResimProbe: Warning: [Warning][ResimProbe.Apply] prepares=113 finishes=113 abandoned=0 stuck=0 replayTicks=561 replayOverruns=0 freshProtects=6 staleProtects=0
LogOGRelayProbe: Warning: [Warning][RelayProbe.Read] window=[7517,7637] src=Prediction hit=120 miss=0 verifyFail=0 rung0=0 total=120
LogOGRelayProbe: Warning: [Warning][RelayProbe.Read] window=[7517,7637] src=Resim hit=557 miss=0 verifyFail=0 rung0=0 total=557
LogOGRelayProbe: Warning: [Warning][RelayProbe.Delta] window=[7517,7637] src=Prediction n=120 p10=-3 p50=-2 p90=-2 min=-4 max=-1 satLow=0 satHigh=0
LogOGRelayProbe: Warning: [Warning][RelayProbe.Delta] window=[7517,7637] src=Resim n=557 p10=-6 p50=-4 p90=-2 min=-8 max=-1 satLow=0 satHigh=0
LogOGResimProbe: Warning: [Warning][ResimProbe.Frame] role=Client simTicks=120 frames=200 meanTicksPerFrameX100=60 p50=1 p99=1 max=1 meanFrameUs=10000
LogOGResimProbe: Warning: [Warning][ResimProbe.Frame] role=Client cadence dFrame1=40 dFrame0=0 dFrameGt1=80 discont=0 numSteps total=120 max=1 gt1=0
LogOGResimProbe: Warning: [Warning][ResimProbe.Landing] class=LocallyPredicted behind=60 atFrontier=0 discarded=0 atFrontierPerMille=0 windowSamples=120
LogOGResimProbe: Warning: [Warning][ResimProbe.Landing] class=RemoteProxy behind=60 atFrontier=0 discarded=0 atFrontierPerMille=0 windowSamples=120
LogOGDivergenceProbe: Warning: [Warning][DivergenceProbe.Window] class=LocallyPredicted corrections=60 disagreed=60 ratePerMille=1000 windowSamples=120
LogOGDivergenceProbe: Warning: [Warning][DivergenceProbe.Window] class=RemoteProxy corrections=60 disagreed=60 ratePerMille=1000 windowSamples=120
LogOGResimProbe: Warning: [Warning][ResimProbe.Gate] checks=120 declined=11 requested=109 requestedPerMille=908 deepSkips=0 survivingAnchors=0
LogOGResimProbe: Warning: [Warning][ResimProbe.Chaos] requests=110 grants=110 refused=0 refusedPerMille=0 repeat=0 clamped=0 depthMin=3 depthMax=4
LogOGResimProbe: Warning: [Warning][ResimProbe.Apply] prepares=110 finishes=110 abandoned=0 stuck=0 replayTicks=541 replayOverruns=0 freshProtects=9 staleProtects=0
LogOGRelayProbe: Warning: [Warning][RelayProbe.Read] window=[7637,7757] src=Prediction hit=120 miss=0 verifyFail=0 rung0=0 total=120
LogOGRelayProbe: Warning: [Warning][RelayProbe.Read] window=[7637,7757] src=Resim hit=532 miss=0 verifyFail=0 rung0=0 total=532
LogOGRelayProbe: Warning: [Warning][RelayProbe.Delta] window=[7637,7757] src=Prediction n=120 p10=-4 p50=-3 p90=-2 min=-4 max=-1 satLow=0 satHigh=0
LogOGRelayProbe: Warning: [Warning][RelayProbe.Delta] window=[7637,7757] src=Resim n=532 p10=-7 p50=-5 p90=-3 min=-8 max=-1 satLow=0 satHigh=0
LogOGResimProbe: Warning: [Warning][ResimProbe.Frame] role=Client simTicks=120 frames=200 meanTicksPerFrameX100=60 p50=1 p99=1 max=1 meanFrameUs=9999
LogOGResimProbe: Warning: [Warning][ResimProbe.Frame] role=Client cadence dFrame1=40 dFrame0=0 dFrameGt1=80 discont=0 numSteps total=120 max=1 gt1=0
LogOGRelayProbe: Warning: [Warning][RelayProbe.Arrival] samples=120 gapCaptureTicks p50=1 p99=2 max=2 noAdvance=0 saturated=0 lostCaptureTicksX1000=0 lost=0 delivered=172 expected=172 discont=0 discontMax=0
LogOGResimProbe: Warning: [Warning][ResimProbe.Landing] class=LocallyPredicted behind=60 atFrontier=0 discarded=0 atFrontierPerMille=0 windowSamples=120
LogOGResimProbe: Warning: [Warning][ResimProbe.Landing] class=RemoteProxy behind=60 atFrontier=0 discarded=0 atFrontierPerMille=0 windowSamples=120
LogOGDivergenceProbe: Warning: [Warning][DivergenceProbe.Window] class=LocallyPredicted corrections=60 disagreed=60 ratePerMille=1000 windowSamples=120
LogOGDivergenceProbe: Warning: [Warning][DivergenceProbe.Window] class=RemoteProxy corrections=60 disagreed=60 ratePerMille=1000 windowSamples=120
LogOGResimProbe: Warning: [Warning][ResimProbe.Gate] checks=120 declined=8 requested=112 requestedPerMille=933 deepSkips=0 survivingAnchors=0
LogOGResimProbe: Warning: [Warning][ResimProbe.Chaos] requests=111 grants=111 refused=0 refusedPerMille=0 repeat=0 clamped=0 depthMin=3 depthMax=4
LogOGResimProbe: Warning: [Warning][ResimProbe.Apply] prepares=111 finishes=111 abandoned=0 stuck=0 replayTicks=548 replayOverruns=0 freshProtects=7 staleProtects=0
LogOGRelayProbe: Warning: [Warning][RelayProbe.Read] window=[7757,7877] src=Prediction hit=120 miss=0 verifyFail=0 rung0=0 total=120
LogOGRelayProbe: Warning: [Warning][RelayProbe.Read] window=[7757,7877] src=Resim hit=550 miss=0 verifyFail=0 rung0=0 total=550
LogOGRelayProbe: Warning: [Warning][RelayProbe.Delta] window=[7757,7877] src=Prediction n=120 p10=-3 p50=-3 p90=-2 min=-4 max=-1 satLow=0 satHigh=0
LogOGRelayProbe: Warning: [Warning][RelayProbe.Delta] window=[7757,7877] src=Resim n=550 p10=-7 p50=-5 p90=-3 min=-8 max=-1 satLow=0 satHigh=0
LogOGResimProbe: Warning: [Warning][ResimProbe.Frame] role=Client simTicks=120 frames=200 meanTicksPerFrameX100=60 p50=1 p99=1 max=1 meanFrameUs=10000
LogOGResimProbe: Warning: [Warning][ResimProbe.Frame] role=Client cadence dFrame1=40 dFrame0=0 dFrameGt1=80 discont=0 numSteps total=120 max=1 gt1=0
LogOGResimProbe: Warning: [Warning][ResimProbe.Landing] class=LocallyPredicted behind=60 atFrontier=0 discarded=0 atFrontierPerMille=0 windowSamples=120
LogOGResimProbe: Warning: [Warning][ResimProbe.Landing] class=RemoteProxy behind=60 atFrontier=0 discarded=0 atFrontierPerMille=0 windowSamples=120
LogOGDivergenceProbe: Warning: [Warning][DivergenceProbe.Window] class=LocallyPredicted corrections=60 disagreed=60 ratePerMille=1000 windowSamples=120
LogOGDivergenceProbe: Warning: [Warning][DivergenceProbe.Window] class=RemoteProxy corrections=60 disagreed=60 ratePerMille=1000 windowSamples=120
LogOGRelayProbe: Warning: [Warning][RelayProbe.Arrival] samples=120 gapCaptureTicks p50=1 p99=2 max=3 noAdvance=0 saturated=0 lostCaptureTicksX1000=0 lost=0 delivered=171 expected=171 discont=0 discontMax=0
LogOGResimProbe: Warning: [Warning][ResimProbe.Gate] checks=120 declined=6 requested=114 requestedPerMille=950 deepSkips=0 survivingAnchors=0
LogOGResimProbe: Warning: [Warning][ResimProbe.Chaos] requests=114 grants=112 refused=2 refusedPerMille=18 repeat=2 clamped=0 depthMin=3 depthMax=5
LogOGResimProbe: Warning: [Warning][ResimProbe.Apply] prepares=112 finishes=112 abandoned=0 stuck=0 replayTicks=556 replayOverruns=0 freshProtects=6 staleProtects=0
LogOGRelayProbe: Warning: [Warning][RelayProbe.Read] window=[7877,7997] src=Prediction hit=120 miss=0 verifyFail=0 rung0=0 total=120
LogOGRelayProbe: Warning: [Warning][RelayProbe.Read] window=[7877,7997] src=Resim hit=554 miss=0 verifyFail=0 rung0=0 total=554
LogOGRelayProbe: Warning: [Warning][RelayProbe.Delta] window=[7877,7997] src=Prediction n=120 p10=-3 p50=-3 p90=-2 min=-4 max=-1 satLow=0 satHigh=0
LogOGRelayProbe: Warning: [Warning][RelayProbe.Delta] window=[7877,7997] src=Resim n=554 p10=-7 p50=-5 p90=-3 min=-8 max=-1 satLow=0 satHigh=0
LogOGResimProbe: Warning: [Warning][ResimProbe.Frame] role=Client simTicks=120 frames=200 meanTicksPerFrameX100=60 p50=1 p99=1 max=1 meanFrameUs=10000
LogOGResimProbe: Warning: [Warning][ResimProbe.Frame] role=Client cadence dFrame1=40 dFrame0=0 dFrameGt1=80 discont=0 numSteps total=120 max=1 gt1=0
LogOGResimProbe: Warning: [Warning][ResimProbe.Landing] class=LocallyPredicted behind=60 atFrontier=0 discarded=0 atFrontierPerMille=0 windowSamples=120
LogOGResimProbe: Warning: [Warning][ResimProbe.Landing] class=RemoteProxy behind=60 atFrontier=0 discarded=0 atFrontierPerMille=0 windowSamples=120
LogOGDivergenceProbe: Warning: [Warning][DivergenceProbe.Window] class=LocallyPredicted corrections=60 disagreed=60 ratePerMille=1000 windowSamples=120
LogOGDivergenceProbe: Warning: [Warning][DivergenceProbe.Window] class=RemoteProxy corrections=60 disagreed=60 ratePerMille=1000 windowSamples=120
LogOGRelayProbe: Warning: [Warning][RelayProbe.Arrival] samples=120 gapCaptureTicks p50=1 p99=3 max=3 noAdvance=0 saturated=0 lostCaptureTicksX1000=0 lost=0 delivered=166 expected=166 discont=0 discontMax=0
LogOGResimProbe: Warning: [Warning][ResimProbe.Gate] checks=120 declined=15 requested=105 requestedPerMille=875 deepSkips=0 survivingAnchors=0
LogOGResimProbe: Warning: [Warning][ResimProbe.Chaos] requests=105 grants=105 refused=0 refusedPerMille=0 repeat=0 clamped=0 depthMin=3 depthMax=5
LogOGResimProbe: Warning: [Warning][ResimProbe.Apply] prepares=105 finishes=105 abandoned=0 stuck=0 replayTicks=515 replayOverruns=0 freshProtects=13 staleProtects=0
LogOGRelayProbe: Warning: [Warning][RelayProbe.Read] window=[7997,8117] src=Prediction hit=120 miss=0 verifyFail=0 rung0=0 total=120
LogOGRelayProbe: Warning: [Warning][RelayProbe.Read] window=[7997,8117] src=Resim hit=508 miss=0 verifyFail=0 rung0=0 total=508
LogOGRelayProbe: Warning: [Warning][RelayProbe.Delta] window=[7997,8117] src=Prediction n=120 p10=-3 p50=-3 p90=-2 min=-4 max=-1 satLow=0 satHigh=0
LogOGRelayProbe: Warning: [Warning][RelayProbe.Delta] window=[7997,8117] src=Resim n=508 p10=-7 p50=-5 p90=-3 min=-9 max=-1 satLow=0 satHigh=0
LogOGResimProbe: Warning: [Warning][ResimProbe.Frame] role=Client simTicks=120 frames=200 meanTicksPerFrameX100=60 p50=1 p99=1 max=1 meanFrameUs=10000
LogOGResimProbe: Warning: [Warning][ResimProbe.Frame] role=Client cadence dFrame1=40 dFrame0=0 dFrameGt1=80 discont=0 numSteps total=120 max=1 gt1=0
LogOGResimProbe: Warning: [Warning][ResimProbe.Landing] class=LocallyPredicted behind=60 atFrontier=0 discarded=0 atFrontierPerMille=0 windowSamples=120
LogOGResimProbe: Warning: [Warning][ResimProbe.Landing] class=RemoteProxy behind=60 atFrontier=0 discarded=0 atFrontierPerMille=0 windowSamples=120
LogOGDivergenceProbe: Warning: [Warning][DivergenceProbe.Window] class=LocallyPredicted corrections=60 disagreed=60 ratePerMille=1000 windowSamples=120
LogOGDivergenceProbe: Warning: [Warning][DivergenceProbe.Window] class=RemoteProxy corrections=60 disagreed=60 ratePerMille=1000 windowSamples=120
LogOGResimProbe: Warning: [Warning][ResimProbe.Gate] checks=120 declined=9 requested=111 requestedPerMille=925 deepSkips=0 survivingAnchors=0
LogOGResimProbe: Warning: [Warning][ResimProbe.Chaos] requests=111 grants=111 refused=0 refusedPerMille=0 repeat=0 clamped=0 depthMin=3 depthMax=4
LogOGResimProbe: Warning: [Warning][ResimProbe.Apply] prepares=111 finishes=111 abandoned=0 stuck=0 replayTicks=550 replayOverruns=0 freshProtects=8 staleProtects=0
LogOGRelayProbe: Warning: [Warning][RelayProbe.Read] window=[8117,8237] src=Prediction hit=120 miss=0 verifyFail=0 rung0=0 total=120
LogOGRelayProbe: Warning: [Warning][RelayProbe.Read] window=[8117,8237] src=Resim hit=546 miss=0 verifyFail=0 rung0=0 total=546
LogOGRelayProbe: Warning: [Warning][RelayProbe.Delta] window=[8117,8237] src=Prediction n=120 p10=-3 p50=-3 p90=-2 min=-4 max=-1 satLow=0 satHigh=0
LogOGRelayProbe: Warning: [Warning][RelayProbe.Delta] window=[8117,8237] src=Resim n=546 p10=-7 p50=-5 p90=-3 min=-8 max=-1 satLow=0 satHigh=0
LogOGResimProbe: Warning: [Warning][ResimProbe.Frame] role=Client simTicks=120 frames=200 meanTicksPerFrameX100=60 p50=1 p99=1 max=1 meanFrameUs=10000
LogOGResimProbe: Warning: [Warning][ResimProbe.Frame] role=Client cadence dFrame1=40 dFrame0=0 dFrameGt1=80 discont=0 numSteps total=120 max=1 gt1=0
LogOGResimProbe: Warning: [Warning][ResimProbe.Landing] class=LocallyPredicted behind=60 atFrontier=0 discarded=0 atFrontierPerMille=0 windowSamples=120
LogOGResimProbe: Warning: [Warning][ResimProbe.Landing] class=RemoteProxy behind=60 atFrontier=0 discarded=0 atFrontierPerMille=0 windowSamples=120
LogOGDivergenceProbe: Warning: [Warning][DivergenceProbe.Window] class=LocallyPredicted corrections=60 disagreed=60 ratePerMille=1000 windowSamples=120
LogOGDivergenceProbe: Warning: [Warning][DivergenceProbe.Window] class=RemoteProxy corrections=60 disagreed=60 ratePerMille=1000 windowSamples=120
LogOGRelayProbe: Warning: [Warning][RelayProbe.Arrival] samples=120 gapCaptureTicks p50=1 p99=2 max=3 noAdvance=0 saturated=0 lostCaptureTicksX1000=0 lost=0 delivered=180 expected=180 discont=0 discontMax=0
LogOGResimProbe: Warning: [Warning][ResimProbe.Gate] checks=120 declined=8 requested=112 requestedPerMille=933 deepSkips=0 survivingAnchors=0
LogOGResimProbe: Warning: [Warning][ResimProbe.Chaos] requests=112 grants=112 refused=0 refusedPerMille=0 repeat=0 clamped=0 depthMin=3 depthMax=4
LogOGResimProbe: Warning: [Warning][ResimProbe.Apply] prepares=112 finishes=112 abandoned=0 stuck=0 replayTicks=548 replayOverruns=0 freshProtects=7 staleProtects=0
LogOGRelayProbe: Warning: [Warning][RelayProbe.Read] window=[8237,8357] src=Prediction hit=120 miss=0 verifyFail=0 rung0=0 total=120
LogOGRelayProbe: Warning: [Warning][RelayProbe.Read] window=[8237,8357] src=Resim hit=543 miss=0 verifyFail=0 rung0=0 total=543
LogOGRelayProbe: Warning: [Warning][RelayProbe.Delta] window=[8237,8357] src=Prediction n=120 p10=-4 p50=-3 p90=-2 min=-4 max=-1 satLow=0 satHigh=0
LogOGRelayProbe: Warning: [Warning][RelayProbe.Delta] window=[8237,8357] src=Resim n=543 p10=-7 p50=-5 p90=-3 min=-8 max=-1 satLow=0 satHigh=0
LogOGResimProbe: Warning: [Warning][ResimProbe.Frame] role=Client simTicks=120 frames=200 meanTicksPerFrameX100=60 p50=1 p99=1 max=1 meanFrameUs=10000
LogOGResimProbe: Warning: [Warning][ResimProbe.Frame] role=Client cadence dFrame1=40 dFrame0=0 dFrameGt1=80 discont=0 numSteps total=120 max=1 gt1=0
LogOGResimProbe: Warning: [Warning][ResimProbe.Landing] class=LocallyPredicted behind=60 atFrontier=0 discarded=0 atFrontierPerMille=0 windowSamples=120
LogOGResimProbe: Warning: [Warning][ResimProbe.Landing] class=RemoteProxy behind=60 atFrontier=0 discarded=0 atFrontierPerMille=0 windowSamples=120
LogOGDivergenceProbe: Warning: [Warning][DivergenceProbe.Window] class=LocallyPredicted corrections=60 disagreed=60 ratePerMille=1000 windowSamples=120
LogOGDivergenceProbe: Warning: [Warning][DivergenceProbe.Window] class=RemoteProxy corrections=60 disagreed=60 ratePerMille=1000 windowSamples=120
LogOGRelayProbe: Warning: [Warning][RelayProbe.Arrival] samples=120 gapCaptureTicks p50=1 p99=3 max=3 noAdvance=0 saturated=0 lostCaptureTicksX1000=0 lost=0 delivered=173 expected=173 discont=0 discontMax=0
LogOGResimProbe: Warning: [Warning][ResimProbe.Gate] checks=120 declined=7 requested=113 requestedPerMille=942 deepSkips=0 survivingAnchors=0
LogOGResimProbe: Warning: [Warning][ResimProbe.Chaos] requests=113 grants=113 refused=0 refusedPerMille=0 repeat=0 clamped=0 depthMin=3 depthMax=4
LogOGResimProbe: Warning: [Warning][ResimProbe.Apply] prepares=113 finishes=113 abandoned=0 stuck=0 replayTicks=557 replayOverruns=0 freshProtects=6 staleProtects=0
LogOGRelayProbe: Warning: [Warning][RelayProbe.Read] window=[8357,8477] src=Prediction hit=120 miss=0 verifyFail=0 rung0=0 total=120
LogOGRelayProbe: Warning: [Warning][RelayProbe.Read] window=[8357,8477] src=Resim hit=552 miss=0 verifyFail=0 rung0=0 total=552
LogOGRelayProbe: Warning: [Warning][RelayProbe.Delta] window=[8357,8477] src=Prediction n=120 p10=-3 p50=-3 p90=-2 min=-4 max=-1 satLow=0 satHigh=0
LogOGRelayProbe: Warning: [Warning][RelayProbe.Delta] window=[8357,8477] src=Resim n=552 p10=-7 p50=-5 p90=-3 min=-8 max=-1 satLow=0 satHigh=0
LogOGResimProbe: Warning: [Warning][ResimProbe.Frame] role=Client simTicks=120 frames=200 meanTicksPerFrameX100=60 p50=1 p99=1 max=1 meanFrameUs=10000
LogOGResimProbe: Warning: [Warning][ResimProbe.Frame] role=Client cadence dFrame1=40 dFrame0=0 dFrameGt1=80 discont=0 numSteps total=120 max=1 gt1=0
LogOGResimProbe: Warning: [Warning][ResimProbe.Landing] class=LocallyPredicted behind=60 atFrontier=0 discarded=0 atFrontierPerMille=0 windowSamples=120
LogOGResimProbe: Warning: [Warning][ResimProbe.Landing] class=RemoteProxy behind=60 atFrontier=0 discarded=0 atFrontierPerMille=0 windowSamples=120
LogOGDivergenceProbe: Warning: [Warning][DivergenceProbe.Window] class=LocallyPredicted corrections=60 disagreed=60 ratePerMille=1000 windowSamples=120
LogOGDivergenceProbe: Warning: [Warning][DivergenceProbe.Window] class=RemoteProxy corrections=60 disagreed=60 ratePerMille=1000 windowSamples=120
LogOGResimProbe: Warning: [Warning][ResimProbe.Gate] checks=120 declined=16 requested=104 requestedPerMille=867 deepSkips=0 survivingAnchors=0
LogOGResimProbe: Warning: [Warning][ResimProbe.Chaos] requests=104 grants=104 refused=0 refusedPerMille=0 repeat=0 clamped=0 depthMin=3 depthMax=4
LogOGResimProbe: Warning: [Warning][ResimProbe.Apply] prepares=104 finishes=104 abandoned=0 stuck=0 replayTicks=515 replayOverruns=0 freshProtects=14 staleProtects=0
LogOGRelayProbe: Warning: [Warning][RelayProbe.Read] window=[8477,8597] src=Prediction hit=120 miss=0 verifyFail=0 rung0=0 total=120
LogOGRelayProbe: Warning: [Warning][RelayProbe.Read] window=[8477,8597] src=Resim hit=509 miss=0 verifyFail=0 rung0=0 total=509
LogOGRelayProbe: Warning: [Warning][RelayProbe.Delta] window=[8477,8597] src=Prediction n=120 p10=-3 p50=-2 p90=-2 min=-4 max=-1 satLow=0 satHigh=0
LogOGRelayProbe: Warning: [Warning][RelayProbe.Delta] window=[8477,8597] src=Resim n=509 p10=-7 p50=-5 p90=-3 min=-8 max=-1 satLow=0 satHigh=0
LogOGResimProbe: Warning: [Warning][ResimProbe.Frame] role=Client simTicks=120 frames=200 meanTicksPerFrameX100=60 p50=1 p99=1 max=1 meanFrameUs=9999
LogOGResimProbe: Warning: [Warning][ResimProbe.Frame] role=Client cadence dFrame1=40 dFrame0=0 dFrameGt1=80 discont=0 numSteps total=120 max=1 gt1=0
LogOGResimProbe: Warning: [Warning][ResimProbe.Landing] class=LocallyPredicted behind=60 atFrontier=0 discarded=0 atFrontierPerMille=0 windowSamples=120
LogOGResimProbe: Warning: [Warning][ResimProbe.Landing] class=RemoteProxy behind=60 atFrontier=0 discarded=0 atFrontierPerMille=0 windowSamples=120
LogOGDivergenceProbe: Warning: [Warning][DivergenceProbe.Window] class=LocallyPredicted corrections=60 disagreed=60 ratePerMille=1000 windowSamples=120
LogOGDivergenceProbe: Warning: [Warning][DivergenceProbe.Window] class=RemoteProxy corrections=60 disagreed=60 ratePerMille=1000 windowSamples=120
LogOGRelayProbe: Warning: [Warning][RelayProbe.Arrival] samples=120 gapCaptureTicks p50=1 p99=3 max=3 noAdvance=0 saturated=0 lostCaptureTicksX1000=0 lost=0 delivered=176 expected=176 discont=0 discontMax=0
LogOGResimProbe: Warning: [Warning][ResimProbe.Gate] checks=120 declined=8 requested=112 requestedPerMille=933 deepSkips=0 survivingAnchors=0
LogOGResimProbe: Warning: [Warning][ResimProbe.Chaos] requests=113 grants=113 refused=0 refusedPerMille=0 repeat=0 clamped=0 depthMin=3 depthMax=4
LogOGResimProbe: Warning: [Warning][ResimProbe.Apply] prepares=113 finishes=113 abandoned=0 stuck=0 replayTicks=552 replayOverruns=0 freshProtects=6 staleProtects=0
LogOGRelayProbe: Warning: [Warning][RelayProbe.Read] window=[8597,8717] src=Prediction hit=120 miss=0 verifyFail=0 rung0=0 total=120
LogOGRelayProbe: Warning: [Warning][RelayProbe.Read] window=[8597,8717] src=Resim hit=544 miss=0 verifyFail=0 rung0=0 total=544
LogOGRelayProbe: Warning: [Warning][RelayProbe.Delta] window=[8597,8717] src=Prediction n=120 p10=-4 p50=-3 p90=-2 min=-4 max=-1 satLow=0 satHigh=0
LogOGRelayProbe: Warning: [Warning][RelayProbe.Delta] window=[8597,8717] src=Resim n=544 p10=-7 p50=-5 p90=-3 min=-8 max=-1 satLow=0 satHigh=0
LogOGResimProbe: Warning: [Warning][ResimProbe.Frame] role=Client simTicks=120 frames=200 meanTicksPerFrameX100=60 p50=1 p99=1 max=1 meanFrameUs=10001
LogOGResimProbe: Warning: [Warning][ResimProbe.Frame] role=Client cadence dFrame1=40 dFrame0=0 dFrameGt1=80 discont=0 numSteps total=120 max=1 gt1=0
LogOGResimProbe: Warning: [Warning][ResimProbe.Landing] class=LocallyPredicted behind=60 atFrontier=0 discarded=0 atFrontierPerMille=0 windowSamples=120
LogOGResimProbe: Warning: [Warning][ResimProbe.Landing] class=RemoteProxy behind=60 atFrontier=0 discarded=0 atFrontierPerMille=0 windowSamples=120
LogOGDivergenceProbe: Warning: [Warning][DivergenceProbe.Window] class=LocallyPredicted corrections=60 disagreed=60 ratePerMille=1000 windowSamples=120
LogOGDivergenceProbe: Warning: [Warning][DivergenceProbe.Window] class=RemoteProxy corrections=60 disagreed=60 ratePerMille=1000 windowSamples=120
LogOGRelayProbe: Warning: [Warning][RelayProbe.Arrival] samples=120 gapCaptureTicks p50=1 p99=2 max=2 noAdvance=0 saturated=0 lostCaptureTicksX1000=0 lost=0 delivered=170 expected=170 discont=0 discontMax=0
LogOGResimProbe: Warning: [Warning][ResimProbe.Gate] checks=120 declined=9 requested=111 requestedPerMille=925 deepSkips=0 survivingAnchors=0
LogOGResimProbe: Warning: [Warning][ResimProbe.Chaos] requests=110 grants=108 refused=2 refusedPerMille=18 repeat=2 clamped=0 depthMin=3 depthMax=5
LogOGResimProbe: Warning: [Warning][ResimProbe.Apply] prepares=108 finishes=108 abandoned=0 stuck=0 replayTicks=531 replayOverruns=0 freshProtects=9 staleProtects=0
LogOGRelayProbe: Warning: [Warning][RelayProbe.Read] window=[8717,8837] src=Prediction hit=120 miss=0 verifyFail=0 rung0=0 total=120
LogOGRelayProbe: Warning: [Warning][RelayProbe.Read] window=[8717,8837] src=Resim hit=530 miss=0 verifyFail=0 rung0=0 total=530
LogOGRelayProbe: Warning: [Warning][RelayProbe.Delta] window=[8717,8837] src=Prediction n=120 p10=-3 p50=-3 p90=-2 min=-4 max=-1 satLow=0 satHigh=0
LogOGRelayProbe: Warning: [Warning][RelayProbe.Delta] window=[8717,8837] src=Resim n=530 p10=-6 p50=-5 p90=-2 min=-9 max=-1 satLow=0 satHigh=0
LogOGResimProbe: Warning: [Warning][ResimProbe.Frame] role=Client simTicks=120 frames=200 meanTicksPerFrameX100=60 p50=1 p99=1 max=1 meanFrameUs=9998
LogOGResimProbe: Warning: [Warning][ResimProbe.Frame] role=Client cadence dFrame1=40 dFrame0=0 dFrameGt1=80 discont=0 numSteps total=120 max=1 gt1=0
LogOGResimProbe: Warning: [Warning][ResimProbe.Landing] class=LocallyPredicted behind=60 atFrontier=0 discarded=0 atFrontierPerMille=0 windowSamples=120
LogOGResimProbe: Warning: [Warning][ResimProbe.Landing] class=RemoteProxy behind=60 atFrontier=0 discarded=0 atFrontierPerMille=0 windowSamples=120
LogOGDivergenceProbe: Warning: [Warning][DivergenceProbe.Window] class=LocallyPredicted corrections=60 disagreed=60 ratePerMille=1000 windowSamples=120
LogOGDivergenceProbe: Warning: [Warning][DivergenceProbe.Window] class=RemoteProxy corrections=60 disagreed=60 ratePerMille=1000 windowSamples=120
LogOGResimProbe: Warning: [Warning][ResimProbe.Gate] checks=120 declined=12 requested=108 requestedPerMille=900 deepSkips=0 survivingAnchors=0
LogOGResimProbe: Warning: [Warning][ResimProbe.Chaos] requests=109 grants=109 refused=0 refusedPerMille=0 repeat=0 clamped=0 depthMin=3 depthMax=4
LogOGResimProbe: Warning: [Warning][ResimProbe.Apply] prepares=109 finishes=109 abandoned=0 stuck=0 replayTicks=536 replayOverruns=0 freshProtects=10 staleProtects=0
LogOGRelayProbe: Warning: [Warning][RelayProbe.Read] window=[8837,8957] src=Prediction hit=120 miss=0 verifyFail=0 rung0=0 total=120
LogOGRelayProbe: Warning: [Warning][RelayProbe.Read] window=[8837,8957] src=Resim hit=525 miss=0 verifyFail=0 rung0=0 total=525
LogOGRelayProbe: Warning: [Warning][RelayProbe.Delta] window=[8837,8957] src=Prediction n=120 p10=-3 p50=-3 p90=-2 min=-4 max=-1 satLow=0 satHigh=0
LogOGRelayProbe: Warning: [Warning][RelayProbe.Delta] window=[8837,8957] src=Resim n=525 p10=-7 p50=-5 p90=-3 min=-8 max=-1 satLow=0 satHigh=0
LogOGResimProbe: Warning: [Warning][ResimProbe.Frame] role=Client simTicks=120 frames=200 meanTicksPerFrameX100=60 p50=1 p99=1 max=1 meanFrameUs=10000
LogOGResimProbe: Warning: [Warning][ResimProbe.Frame] role=Client cadence dFrame1=40 dFrame0=0 dFrameGt1=80 discont=0 numSteps total=120 max=1 gt1=0
LogOGRelayProbe: Warning: [Warning][RelayProbe.Arrival] samples=120 gapCaptureTicks p50=1 p99=2 max=2 noAdvance=0 saturated=0 lostCaptureTicksX1000=0 lost=0 delivered=169 expected=169 discont=0 discontMax=0
LogOGResimProbe: Warning: [Warning][ResimProbe.Landing] class=LocallyPredicted behind=60 atFrontier=0 discarded=0 atFrontierPerMille=0 windowSamples=120
LogOGResimProbe: Warning: [Warning][ResimProbe.Landing] class=RemoteProxy behind=60 atFrontier=0 discarded=0 atFrontierPerMille=0 windowSamples=120
LogOGDivergenceProbe: Warning: [Warning][DivergenceProbe.Window] class=LocallyPredicted corrections=60 disagreed=60 ratePerMille=1000 windowSamples=120
LogOGDivergenceProbe: Warning: [Warning][DivergenceProbe.Window] class=RemoteProxy corrections=60 disagreed=60 ratePerMille=1000 windowSamples=120
LogOGResimProbe: Warning: [Warning][ResimProbe.Gate] checks=120 declined=16 requested=104 requestedPerMille=867 deepSkips=0 survivingAnchors=0
LogOGResimProbe: Warning: [Warning][ResimProbe.Chaos] requests=104 grants=104 refused=0 refusedPerMille=0 repeat=0 clamped=0 depthMin=3 depthMax=4
LogOGResimProbe: Warning: [Warning][ResimProbe.Apply] prepares=104 finishes=104 abandoned=0 stuck=0 replayTicks=507 replayOverruns=0 freshProtects=15 staleProtects=0
LogOGRelayProbe: Warning: [Warning][RelayProbe.Read] window=[8957,9077] src=Prediction hit=120 miss=0 verifyFail=0 rung0=0 total=120
LogOGRelayProbe: Warning: [Warning][RelayProbe.Read] window=[8957,9077] src=Resim hit=499 miss=0 verifyFail=0 rung0=0 total=499
LogOGRelayProbe: Warning: [Warning][RelayProbe.Delta] window=[8957,9077] src=Prediction n=120 p10=-3 p50=-3 p90=-2 min=-4 max=-1 satLow=0 satHigh=0
LogOGRelayProbe: Warning: [Warning][RelayProbe.Delta] window=[8957,9077] src=Resim n=499 p10=-7 p50=-5 p90=-3 min=-8 max=-1 satLow=0 satHigh=0
LogOGResimProbe: Warning: [Warning][ResimProbe.Frame] role=Client simTicks=120 frames=200 meanTicksPerFrameX100=60 p50=1 p99=1 max=1 meanFrameUs=10000
LogOGResimProbe: Warning: [Warning][ResimProbe.Frame] role=Client cadence dFrame1=40 dFrame0=0 dFrameGt1=80 discont=0 numSteps total=120 max=1 gt1=0
LogOGResimProbe: Warning: [Warning][ResimProbe.Landing] class=LocallyPredicted behind=60 atFrontier=0 discarded=0 atFrontierPerMille=0 windowSamples=120
LogOGResimProbe: Warning: [Warning][ResimProbe.Landing] class=RemoteProxy behind=60 atFrontier=0 discarded=0 atFrontierPerMille=0 windowSamples=120
LogOGDivergenceProbe: Warning: [Warning][DivergenceProbe.Window] class=LocallyPredicted corrections=60 disagreed=60 ratePerMille=1000 windowSamples=120
LogOGDivergenceProbe: Warning: [Warning][DivergenceProbe.Window] class=RemoteProxy corrections=60 disagreed=60 ratePerMille=1000 windowSamples=120
LogOGRelayProbe: Warning: [Warning][RelayProbe.Arrival] samples=120 gapCaptureTicks p50=1 p99=2 max=3 noAdvance=0 saturated=0 lostCaptureTicksX1000=0 lost=0 delivered=178 expected=178 discont=0 discontMax=0
LogOGResimProbe: Warning: [Warning][ResimProbe.Gate] checks=120 declined=5 requested=115 requestedPerMille=958 deepSkips=0 survivingAnchors=0
LogOGResimProbe: Warning: [Warning][ResimProbe.Chaos] requests=114 grants=114 refused=0 refusedPerMille=0 repeat=0 clamped=0 depthMin=3 depthMax=4
LogOGResimProbe: Warning: [Warning][ResimProbe.Apply] prepares=114 finishes=114 abandoned=0 stuck=0 replayTicks=563 replayOverruns=0 freshProtects=4 staleProtects=0
LogOGRelayProbe: Warning: [Warning][RelayProbe.Read] window=[9077,9197] src=Prediction hit=120 miss=0 verifyFail=0 rung0=0 total=120
LogOGRelayProbe: Warning: [Warning][RelayProbe.Read] window=[9077,9197] src=Resim hit=565 miss=0 verifyFail=0 rung0=0 total=565
LogOGRelayProbe: Warning: [Warning][RelayProbe.Delta] window=[9077,9197] src=Prediction n=120 p10=-3 p50=-2 p90=-2 min=-4 max=-1 satLow=0 satHigh=0
LogOGRelayProbe: Warning: [Warning][RelayProbe.Delta] window=[9077,9197] src=Resim n=565 p10=-6 p50=-4 p90=-2 min=-8 max=-1 satLow=0 satHigh=0
LogOGResimProbe: Warning: [Warning][ResimProbe.Frame] role=Client simTicks=120 frames=200 meanTicksPerFrameX100=60 p50=1 p99=1 max=1 meanFrameUs=9999
LogOGResimProbe: Warning: [Warning][ResimProbe.Frame] role=Client cadence dFrame1=40 dFrame0=0 dFrameGt1=80 discont=0 numSteps total=120 max=1 gt1=0
LogOGResimProbe: Warning: [Warning][ResimProbe.Landing] class=LocallyPredicted behind=60 atFrontier=0 discarded=0 atFrontierPerMille=0 windowSamples=120
LogOGResimProbe: Warning: [Warning][ResimProbe.Landing] class=RemoteProxy behind=60 atFrontier=0 discarded=0 atFrontierPerMille=0 windowSamples=120
LogOGDivergenceProbe: Warning: [Warning][DivergenceProbe.Window] class=LocallyPredicted corrections=60 disagreed=60 ratePerMille=1000 windowSamples=120
LogOGDivergenceProbe: Warning: [Warning][DivergenceProbe.Window] class=RemoteProxy corrections=60 disagreed=60 ratePerMille=1000 windowSamples=120
LogOGResimProbe: Warning: [Warning][ResimProbe.Gate] checks=120 declined=7 requested=113 requestedPerMille=942 deepSkips=0 survivingAnchors=0
LogOGResimProbe: Warning: [Warning][ResimProbe.Chaos] requests=113 grants=113 refused=0 refusedPerMille=0 repeat=0 clamped=0 depthMin=3 depthMax=4
LogOGResimProbe: Warning: [Warning][ResimProbe.Apply] prepares=113 finishes=113 abandoned=0 stuck=0 replayTicks=556 replayOverruns=0 freshProtects=6 staleProtects=0
LogOGRelayProbe: Warning: [Warning][RelayProbe.Read] window=[9197,9317] src=Prediction hit=120 miss=0 verifyFail=0 rung0=0 total=120
LogOGRelayProbe: Warning: [Warning][RelayProbe.Read] window=[9197,9317] src=Resim hit=553 miss=0 verifyFail=0 rung0=0 total=553
LogOGRelayProbe: Warning: [Warning][RelayProbe.Delta] window=[9197,9317] src=Prediction n=120 p10=-3 p50=-3 p90=-2 min=-4 max=-1 satLow=0 satHigh=0
LogOGRelayProbe: Warning: [Warning][RelayProbe.Delta] window=[9197,9317] src=Resim n=553 p10=-6 p50=-4 p90=-2 min=-8 max=-1 satLow=0 satHigh=0
LogOGResimProbe: Warning: [Warning][ResimProbe.Frame] role=Client simTicks=120 frames=200 meanTicksPerFrameX100=60 p50=1 p99=1 max=1 meanFrameUs=10000
LogOGResimProbe: Warning: [Warning][ResimProbe.Frame] role=Client cadence dFrame1=40 dFrame0=0 dFrameGt1=80 discont=0 numSteps total=120 max=1 gt1=0
LogOGRelayProbe: Warning: [Warning][RelayProbe.Arrival] samples=120 gapCaptureTicks p50=1 p99=2 max=3 noAdvance=0 saturated=0 lostCaptureTicksX1000=0 lost=0 delivered=180 expected=180 discont=0 discontMax=0
LogOGResimProbe: Warning: [Warning][ResimProbe.Landing] class=LocallyPredicted behind=60 atFrontier=0 discarded=0 atFrontierPerMille=0 windowSamples=120
LogOGResimProbe: Warning: [Warning][ResimProbe.Landing] class=RemoteProxy behind=60 atFrontier=0 discarded=0 atFrontierPerMille=0 windowSamples=120
LogOGDivergenceProbe: Warning: [Warning][DivergenceProbe.Window] class=LocallyPredicted corrections=60 disagreed=60 ratePerMille=1000 windowSamples=120
LogOGDivergenceProbe: Warning: [Warning][DivergenceProbe.Window] class=RemoteProxy corrections=60 disagreed=60 ratePerMille=1000 windowSamples=120
LogOGResimProbe: Warning: [Warning][ResimProbe.Gate] checks=120 declined=11 requested=109 requestedPerMille=908 deepSkips=0 survivingAnchors=0
LogOGResimProbe: Warning: [Warning][ResimProbe.Chaos] requests=110 grants=110 refused=0 refusedPerMille=0 repeat=0 clamped=0 depthMin=3 depthMax=4
LogOGResimProbe: Warning: [Warning][ResimProbe.Apply] prepares=110 finishes=110 abandoned=0 stuck=0 replayTicks=539 replayOverruns=0 freshProtects=9 staleProtects=0
LogOGRelayProbe: Warning: [Warning][RelayProbe.Read] window=[9317,9437] src=Prediction hit=120 miss=0 verifyFail=0 rung0=0 total=120
LogOGRelayProbe: Warning: [Warning][RelayProbe.Read] window=[9317,9437] src=Resim hit=530 miss=0 verifyFail=0 rung0=0 total=530
LogOGRelayProbe: Warning: [Warning][RelayProbe.Delta] window=[9317,9437] src=Prediction n=120 p10=-3 p50=-3 p90=-2 min=-4 max=-1 satLow=0 satHigh=0
LogOGRelayProbe: Warning: [Warning][RelayProbe.Delta] window=[9317,9437] src=Resim n=530 p10=-7 p50=-5 p90=-3 min=-8 max=-1 satLow=0 satHigh=0
LogOGResimProbe: Warning: [Warning][ResimProbe.Frame] role=Client simTicks=120 frames=200 meanTicksPerFrameX100=60 p50=1 p99=1 max=1 meanFrameUs=10000
LogOGResimProbe: Warning: [Warning][ResimProbe.Frame] role=Client cadence dFrame1=40 dFrame0=0 dFrameGt1=80 discont=0 numSteps total=120 max=1 gt1=0
LogOGResimProbe: Warning: [Warning][ResimProbe.Landing] class=LocallyPredicted behind=60 atFrontier=0 discarded=0 atFrontierPerMille=0 windowSamples=120
LogOGResimProbe: Warning: [Warning][ResimProbe.Landing] class=RemoteProxy behind=60 atFrontier=0 discarded=0 atFrontierPerMille=0 windowSamples=120
LogOGDivergenceProbe: Warning: [Warning][DivergenceProbe.Window] class=LocallyPredicted corrections=60 disagreed=60 ratePerMille=1000 windowSamples=120
LogOGDivergenceProbe: Warning: [Warning][DivergenceProbe.Window] class=RemoteProxy corrections=60 disagreed=60 ratePerMille=1000 windowSamples=120
LogOGRelayProbe: Warning: [Warning][RelayProbe.Arrival] samples=120 gapCaptureTicks p50=1 p99=2 max=2 noAdvance=0 saturated=0 lostCaptureTicksX1000=0 lost=0 delivered=174 expected=174 discont=0 discontMax=0
LogOGResimProbe: Warning: [Warning][ResimProbe.Gate] checks=120 declined=6 requested=114 requestedPerMille=950 deepSkips=0 survivingAnchors=0
LogOGResimProbe: Warning: [Warning][ResimProbe.Chaos] requests=113 grants=111 refused=2 refusedPerMille=18 repeat=2 clamped=0 depthMin=3 depthMax=5
LogOGResimProbe: Warning: [Warning][ResimProbe.Apply] prepares=111 finishes=111 abandoned=0 stuck=0 replayTicks=548 replayOverruns=0 freshProtects=6 staleProtects=0
LogOGRelayProbe: Warning: [Warning][RelayProbe.Read] window=[9437,9557] src=Prediction hit=120 miss=0 verifyFail=0 rung0=0 total=120
LogOGRelayProbe: Warning: [Warning][RelayProbe.Read] window=[9437,9557] src=Resim hit=550 miss=0 verifyFail=0 rung0=0 total=550
LogOGRelayProbe: Warning: [Warning][RelayProbe.Delta] window=[9437,9557] src=Prediction n=120 p10=-3 p50=-3 p90=-2 min=-4 max=-1 satLow=0 satHigh=0
LogOGRelayProbe: Warning: [Warning][RelayProbe.Delta] window=[9437,9557] src=Resim n=550 p10=-7 p50=-5 p90=-2 min=-8 max=-1 satLow=0 satHigh=0
LogOGResimProbe: Warning: [Warning][ResimProbe.Frame] role=Client simTicks=120 frames=200 meanTicksPerFrameX100=60 p50=1 p99=1 max=1 meanFrameUs=9999
LogOGResimProbe: Warning: [Warning][ResimProbe.Frame] role=Client cadence dFrame1=40 dFrame0=0 dFrameGt1=80 discont=0 numSteps total=120 max=1 gt1=0
LogOGResimProbe: Warning: [Warning][ResimProbe.Landing] class=LocallyPredicted behind=60 atFrontier=0 discarded=0 atFrontierPerMille=0 windowSamples=120
LogOGResimProbe: Warning: [Warning][ResimProbe.Landing] class=RemoteProxy behind=60 atFrontier=0 discarded=0 atFrontierPerMille=0 windowSamples=120
LogOGDivergenceProbe: Warning: [Warning][DivergenceProbe.Window] class=LocallyPredicted corrections=60 disagreed=60 ratePerMille=1000 windowSamples=120
LogOGDivergenceProbe: Warning: [Warning][DivergenceProbe.Window] class=RemoteProxy corrections=60 disagreed=60 ratePerMille=1000 windowSamples=120
LogOGResimProbe: Warning: [Warning][ResimProbe.Gate] checks=120 declined=10 requested=110 requestedPerMille=917 deepSkips=0 survivingAnchors=0
LogOGResimProbe: Warning: [Warning][ResimProbe.Chaos] requests=111 grants=111 refused=0 refusedPerMille=0 repeat=0 clamped=0 depthMin=3 depthMax=4
LogOGResimProbe: Warning: [Warning][ResimProbe.Apply] prepares=111 finishes=111 abandoned=0 stuck=0 replayTicks=545 replayOverruns=0 freshProtects=8 staleProtects=0
LogOGRelayProbe: Warning: [Warning][RelayProbe.Read] window=[9557,9677] src=Prediction hit=120 miss=0 verifyFail=0 rung0=0 total=120
LogOGRelayProbe: Warning: [Warning][RelayProbe.Read] window=[9557,9677] src=Resim hit=535 miss=0 verifyFail=0 rung0=0 total=535
LogOGRelayProbe: Warning: [Warning][RelayProbe.Delta] window=[9557,9677] src=Prediction n=120 p10=-4 p50=-3 p90=-2 min=-4 max=-1 satLow=0 satHigh=0
LogOGRelayProbe: Warning: [Warning][RelayProbe.Delta] window=[9557,9677] src=Resim n=535 p10=-7 p50=-5 p90=-3 min=-8 max=-1 satLow=0 satHigh=0
LogOGResimProbe: Warning: [Warning][ResimProbe.Frame] role=Client simTicks=120 frames=200 meanTicksPerFrameX100=60 p50=1 p99=1 max=1 meanFrameUs=10000
LogOGResimProbe: Warning: [Warning][ResimProbe.Frame] role=Client cadence dFrame1=40 dFrame0=0 dFrameGt1=80 discont=0 numSteps total=120 max=1 gt1=0
LogOGRelayProbe: Warning: [Warning][RelayProbe.Arrival] samples=120 gapCaptureTicks p50=1 p99=2 max=3 noAdvance=0 saturated=0 lostCaptureTicksX1000=0 lost=0 delivered=179 expected=179 discont=0 discontMax=0
LogOGResimProbe: Warning: [Warning][ResimProbe.Landing] class=LocallyPredicted behind=60 atFrontier=0 discarded=0 atFrontierPerMille=0 windowSamples=120
LogOGResimProbe: Warning: [Warning][ResimProbe.Landing] class=RemoteProxy behind=60 atFrontier=0 discarded=0 atFrontierPerMille=0 windowSamples=120
LogOGDivergenceProbe: Warning: [Warning][DivergenceProbe.Window] class=LocallyPredicted corrections=60 disagreed=60 ratePerMille=1000 windowSamples=120
LogOGDivergenceProbe: Warning: [Warning][DivergenceProbe.Window] class=RemoteProxy corrections=60 disagreed=60 ratePerMille=1000 windowSamples=120
LogOGResimProbe: Warning: [Warning][ResimProbe.Gate] checks=120 declined=8 requested=112 requestedPerMille=933 deepSkips=0 survivingAnchors=0
LogOGResimProbe: Warning: [Warning][ResimProbe.Chaos] requests=112 grants=112 refused=0 refusedPerMille=0 repeat=0 clamped=0 depthMin=3 depthMax=4
LogOGResimProbe: Warning: [Warning][ResimProbe.Apply] prepares=112 finishes=112 abandoned=0 stuck=0 replayTicks=545 replayOverruns=0 freshProtects=6 staleProtects=0
LogOGRelayProbe: Warning: [Warning][RelayProbe.Read] window=[9677,9797] src=Prediction hit=120 miss=0 verifyFail=0 rung0=0 total=120
LogOGRelayProbe: Warning: [Warning][RelayProbe.Read] window=[9677,9797] src=Resim hit=540 miss=0 verifyFail=0 rung0=0 total=540
LogOGRelayProbe: Warning: [Warning][RelayProbe.Delta] window=[9677,9797] src=Prediction n=120 p10=-3 p50=-3 p90=-2 min=-4 max=-1 satLow=0 satHigh=0
LogOGRelayProbe: Warning: [Warning][RelayProbe.Delta] window=[9677,9797] src=Resim n=540 p10=-7 p50=-5 p90=-3 min=-8 max=-1 satLow=0 satHigh=0
LogOGResimProbe: Warning: [Warning][ResimProbe.Frame] role=Client simTicks=120 frames=200 meanTicksPerFrameX100=60 p50=1 p99=1 max=1 meanFrameUs=10000
LogOGResimProbe: Warning: [Warning][ResimProbe.Frame] role=Client cadence dFrame1=40 dFrame0=0 dFrameGt1=80 discont=0 numSteps total=120 max=1 gt1=0
LogOGResimProbe: Warning: [Warning][ResimProbe.Landing] class=LocallyPredicted behind=64 atFrontier=0 discarded=0 atFrontierPerMille=0 windowSamples=120
LogOGResimProbe: Warning: [Warning][ResimProbe.Landing] class=RemoteProxy behind=56 atFrontier=0 discarded=0 atFrontierPerMille=0 windowSamples=120
LogOGDivergenceProbe: Warning: [Warning][DivergenceProbe.Window] class=LocallyPredicted corrections=66 disagreed=66 ratePerMille=1000 windowSamples=120
LogOGDivergenceProbe: Warning: [Warning][DivergenceProbe.Window] class=RemoteProxy corrections=54 disagreed=54 ratePerMille=1000 windowSamples=120
LogOGResimProbe: Warning: [Warning][ResimProbe.Gate] checks=120 declined=11 requested=109 requestedPerMille=908 deepSkips=0 survivingAnchors=0
LogOGResimProbe: Warning: [Warning][ResimProbe.Chaos] requests=108 grants=108 refused=0 refusedPerMille=0 repeat=0 clamped=0 depthMin=3 depthMax=4
LogOGResimProbe: Warning: [Warning][ResimProbe.Apply] prepares=108 finishes=108 abandoned=0 stuck=0 replayTicks=534 replayOverruns=0 freshProtects=5 staleProtects=0
LogOGRelayProbe: Warning: [Warning][RelayProbe.Read] window=[9797,9917] src=Prediction hit=35 miss=0 verifyFail=0 rung0=0 total=35
LogOGRelayProbe: Warning: [Warning][RelayProbe.Read] window=[9797,9917] src=Resim hit=153 miss=0 verifyFail=0 rung0=0 total=153
LogOGRelayProbe: Warning: [Warning][RelayProbe.Delta] window=[9797,9917] src=Prediction n=35 p10=-3 p50=-2 p90=-1 min=-3 max=-1 satLow=0 satHigh=0
LogOGRelayProbe: Warning: [Warning][RelayProbe.Delta] window=[9797,9917] src=Resim n=153 p10=-6 p50=-4 p90=-2 min=-7 max=-1 satLow=0 satHigh=0
LogOGResimProbe: Warning: [Warning][ResimProbe.Frame] role=Client simTicks=120 frames=200 meanTicksPerFrameX100=60 p50=1 p99=1 max=1 meanFrameUs=9998
LogOGResimProbe: Warning: [Warning][ResimProbe.Frame] role=Client cadence dFrame1=40 dFrame0=0 dFrameGt1=80 discont=0 numSteps total=120 max=1 gt1=0
LogOGResimProbe: Warning: [Warning][ResimProbe.Landing] class=LocallyPredicted behind=120 atFrontier=0 discarded=0 atFrontierPerMille=0 windowSamples=120
LogOGDivergenceProbe: Warning: [Warning][DivergenceProbe.Window] class=LocallyPredicted corrections=120 disagreed=120 ratePerMille=1000 windowSamples=120
LogOGResimProbe: Warning: [Warning][ResimProbe.Gate] checks=120 declined=11 requested=109 requestedPerMille=908 deepSkips=0 survivingAnchors=0
LogOGResimProbe: Warning: [Warning][ResimProbe.Chaos] requests=109 grants=109 refused=0 refusedPerMille=0 repeat=0 clamped=0 depthMin=3 depthMax=4
LogOGResimProbe: Warning: [Warning][ResimProbe.Apply] prepares=109 finishes=109 abandoned=0 stuck=0 replayTicks=533 replayOverruns=0 freshProtects=0 staleProtects=0
LogOGResimProbe: Warning: [Warning][ResimProbe.Frame] role=Client simTicks=120 frames=200 meanTicksPerFrameX100=60 p50=1 p99=1 max=1 meanFrameUs=10000
LogOGResimProbe: Warning: [Warning][ResimProbe.Frame] role=Client cadence dFrame1=40 dFrame0=0 dFrameGt1=80 discont=0 numSteps total=120 max=1 gt1=0
LogOGResimProbe: Warning: [Warning][ResimProbe.Landing] class=LocallyPredicted behind=120 atFrontier=0 discarded=0 atFrontierPerMille=0 windowSamples=120
LogOGDivergenceProbe: Warning: [Warning][DivergenceProbe.Window] class=LocallyPredicted corrections=120 disagreed=120 ratePerMille=1000 windowSamples=120
LogOGResimProbe: Warning: [Warning][ResimProbe.Gate] checks=120 declined=0 requested=120 requestedPerMille=1000 deepSkips=0 survivingAnchors=0
LogOGResimProbe: Warning: [Warning][ResimProbe.Chaos] requests=120 grants=120 refused=0 refusedPerMille=0 repeat=0 clamped=0 depthMin=4 depthMax=4
LogOGResimProbe: Warning: [Warning][ResimProbe.Apply] prepares=120 finishes=120 abandoned=0 stuck=0 replayTicks=600 replayOverruns=0 freshProtects=0 staleProtects=0
LogOGResimProbe: Warning: [Warning][ResimProbe.Frame] role=Client simTicks=120 frames=200 meanTicksPerFrameX100=60 p50=1 p99=1 max=1 meanFrameUs=9999
LogOGResimProbe: Warning: [Warning][ResimProbe.Frame] role=Client cadence dFrame1=40 dFrame0=0 dFrameGt1=80 discont=0 numSteps total=120 max=1 gt1=0
LogOGResimProbe: Warning: [Warning][ResimProbe.Landing] class=LocallyPredicted behind=120 atFrontier=0 discarded=0 atFrontierPerMille=0 windowSamples=120
LogOGDivergenceProbe: Warning: [Warning][DivergenceProbe.Window] class=LocallyPredicted corrections=120 disagreed=120 ratePerMille=1000 windowSamples=120
LogOGResimProbe: Warning: [Warning][ResimProbe.Gate] checks=120 declined=31 requested=89 requestedPerMille=742 deepSkips=0 survivingAnchors=0
LogOGResimProbe: Warning: [Warning][ResimProbe.Chaos] requests=89 grants=89 refused=0 refusedPerMille=0 repeat=0 clamped=0 depthMin=3 depthMax=4
LogOGResimProbe: Warning: [Warning][ResimProbe.Apply] prepares=89 finishes=89 abandoned=0 stuck=0 replayTicks=412 replayOverruns=0 freshProtects=0 staleProtects=0
LogOGResimProbe: Warning: [Warning][ResimProbe.Frame] role=Client simTicks=120 frames=200 meanTicksPerFrameX100=60 p50=1 p99=1 max=1 meanFrameUs=10000
LogOGResimProbe: Warning: [Warning][ResimProbe.Frame] role=Client cadence dFrame1=40 dFrame0=0 dFrameGt1=80 discont=0 numSteps total=120 max=1 gt1=0
LogOGResimProbe: Warning: [Warning][ResimProbe.Landing] class=LocallyPredicted behind=120 atFrontier=0 discarded=0 atFrontierPerMille=0 windowSamples=120
LogOGDivergenceProbe: Warning: [Warning][DivergenceProbe.Window] class=LocallyPredicted corrections=120 disagreed=120 ratePerMille=1000 windowSamples=120
LogOGResimProbe: Warning: [Warning][ResimProbe.Gate] checks=120 declined=1 requested=119 requestedPerMille=992 deepSkips=0 survivingAnchors=0
LogOGResimProbe: Warning: [Warning][ResimProbe.Chaos] requests=119 grants=119 refused=0 refusedPerMille=0 repeat=0 clamped=0 depthMin=3 depthMax=4
LogOGResimProbe: Warning: [Warning][ResimProbe.Apply] prepares=119 finishes=119 abandoned=0 stuck=0 replayTicks=594 replayOverruns=0 freshProtects=0 staleProtects=0
LogOGResimProbe: Warning: [Warning][ResimProbe.Frame] role=Client simTicks=120 frames=200 meanTicksPerFrameX100=60 p50=1 p99=1 max=1 meanFrameUs=10000
LogOGResimProbe: Warning: [Warning][ResimProbe.Frame] role=Client cadence dFrame1=40 dFrame0=0 dFrameGt1=80 discont=0 numSteps total=120 max=1 gt1=0
LogOGResimProbe: Warning: [Warning][ResimProbe.Landing] class=LocallyPredicted behind=120 atFrontier=0 discarded=0 atFrontierPerMille=0 windowSamples=120
LogOGDivergenceProbe: Warning: [Warning][DivergenceProbe.Window] class=LocallyPredicted corrections=120 disagreed=120 ratePerMille=1000 windowSamples=120
LogOGResimProbe: Warning: [Warning][ResimProbe.Gate] checks=120 declined=3 requested=117 requestedPerMille=975 deepSkips=0 survivingAnchors=0
LogOGResimProbe: Warning: [Warning][ResimProbe.Chaos] requests=117 grants=117 refused=0 refusedPerMille=0 repeat=0 clamped=0 depthMin=3 depthMax=4
LogOGResimProbe: Warning: [Warning][ResimProbe.Apply] prepares=117 finishes=117 abandoned=0 stuck=0 replayTicks=582 replayOverruns=0 freshProtects=0 staleProtects=0
LogOGResimProbe: Warning: [Warning][ResimProbe.Frame] role=Client simTicks=120 frames=200 meanTicksPerFrameX100=60 p50=1 p99=1 max=1 meanFrameUs=10000
LogOGResimProbe: Warning: [Warning][ResimProbe.Frame] role=Client cadence dFrame1=40 dFrame0=0 dFrameGt1=80 discont=0 numSteps total=120 max=1 gt1=0
LogOGResimProbe: Warning: [Warning][ResimProbe.Landing] class=LocallyPredicted behind=120 atFrontier=0 discarded=0 atFrontierPerMille=0 windowSamples=120
LogOGDivergenceProbe: Warning: [Warning][DivergenceProbe.Window] class=LocallyPredicted corrections=120 disagreed=120 ratePerMille=1000 windowSamples=120
LogOGResimProbe: Warning: [Warning][ResimProbe.Gate] checks=120 declined=37 requested=83 requestedPerMille=692 deepSkips=0 survivingAnchors=0
LogOGResimProbe: Warning: [Warning][ResimProbe.Chaos] requests=83 grants=83 refused=0 refusedPerMille=0 repeat=0 clamped=0 depthMin=3 depthMax=4
LogOGResimProbe: Warning: [Warning][ResimProbe.Apply] prepares=83 finishes=83 abandoned=0 stuck=0 replayTicks=381 replayOverruns=0 freshProtects=0 staleProtects=0
LogOGResimProbe: Warning: [Warning][ResimProbe.Frame] role=Client simTicks=120 frames=200 meanTicksPerFrameX100=60 p50=1 p99=1 max=1 meanFrameUs=10000
LogOGResimProbe: Warning: [Warning][ResimProbe.Frame] role=Client cadence dFrame1=40 dFrame0=0 dFrameGt1=80 discont=0 numSteps total=120 max=1 gt1=0
LogOGResimProbe: Warning: [Warning][ResimProbe.Landing] class=LocallyPredicted behind=120 atFrontier=0 discarded=0 atFrontierPerMille=0 windowSamples=120
LogOGDivergenceProbe: Warning: [Warning][DivergenceProbe.Window] class=LocallyPredicted corrections=120 disagreed=120 ratePerMille=1000 windowSamples=120
LogOGResimProbe: Warning: [Warning][ResimProbe.Gate] checks=120 declined=13 requested=107 requestedPerMille=892 deepSkips=0 survivingAnchors=0
LogOGResimProbe: Warning: [Warning][ResimProbe.Chaos] requests=108 grants=108 refused=0 refusedPerMille=0 repeat=0 clamped=0 depthMin=3 depthMax=4
LogOGResimProbe: Warning: [Warning][ResimProbe.Apply] prepares=108 finishes=108 abandoned=0 stuck=0 replayTicks=519 replayOverruns=0 freshProtects=0 staleProtects=0
LogOGResimProbe: Warning: [Warning][ResimProbe.Frame] role=Client simTicks=120 frames=200 meanTicksPerFrameX100=60 p50=1 p99=1 max=1 meanFrameUs=9999
LogOGResimProbe: Warning: [Warning][ResimProbe.Frame] role=Client cadence dFrame1=40 dFrame0=0 dFrameGt1=80 discont=0 numSteps total=120 max=1 gt1=0
LogOGResimProbe: Warning: [Warning][ResimProbe.Landing] class=LocallyPredicted behind=120 atFrontier=0 discarded=0 atFrontierPerMille=0 windowSamples=120
LogOGDivergenceProbe: Warning: [Warning][DivergenceProbe.Window] class=LocallyPredicted corrections=120 disagreed=120 ratePerMille=1000 windowSamples=120
LogOGResimProbe: Warning: [Warning][ResimProbe.Gate] checks=120 declined=9 requested=111 requestedPerMille=925 deepSkips=0 survivingAnchors=0
LogOGResimProbe: Warning: [Warning][ResimProbe.Chaos] requests=110 grants=110 refused=0 refusedPerMille=0 repeat=0 clamped=0 depthMin=3 depthMax=4
LogOGResimProbe: Warning: [Warning][ResimProbe.Apply] prepares=110 finishes=110 abandoned=0 stuck=0 replayTicks=540 replayOverruns=0 freshProtects=0 staleProtects=0
LogOGResimProbe: Warning: [Warning][ResimProbe.Frame] role=Client simTicks=120 frames=200 meanTicksPerFrameX100=60 p50=1 p99=1 max=1 meanFrameUs=10000
LogOGResimProbe: Warning: [Warning][ResimProbe.Frame] role=Client cadence dFrame1=40 dFrame0=0 dFrameGt1=80 discont=0 numSteps total=120 max=1 gt1=0
LogOGResimProbe: Warning: [Warning][ResimProbe.Landing] class=LocallyPredicted behind=120 atFrontier=0 discarded=0 atFrontierPerMille=0 windowSamples=120
LogOGDivergenceProbe: Warning: [Warning][DivergenceProbe.Window] class=LocallyPredicted corrections=120 disagreed=120 ratePerMille=1000 windowSamples=120
LogOGResimProbe: Warning: [Warning][ResimProbe.Gate] checks=120 declined=12 requested=108 requestedPerMille=900 deepSkips=0 survivingAnchors=0
LogOGResimProbe: Warning: [Warning][ResimProbe.Chaos] requests=108 grants=108 refused=0 refusedPerMille=0 repeat=0 clamped=0 depthMin=3 depthMax=4
LogOGResimProbe: Warning: [Warning][ResimProbe.Apply] prepares=108 finishes=108 abandoned=0 stuck=0 replayTicks=528 replayOverruns=0 freshProtects=0 staleProtects=0
LogOGResimProbe: Warning: [Warning][ResimProbe.Frame] role=Client simTicks=120 frames=200 meanTicksPerFrameX100=60 p50=1 p99=1 max=1 meanFrameUs=10001
LogOGResimProbe: Warning: [Warning][ResimProbe.Frame] role=Client cadence dFrame1=40 dFrame0=0 dFrameGt1=80 discont=0 numSteps total=120 max=1 gt1=0
LogOGResimProbe: Warning: [Warning][ResimProbe.Landing] class=LocallyPredicted behind=120 atFrontier=0 discarded=0 atFrontierPerMille=0 windowSamples=120
LogOGDivergenceProbe: Warning: [Warning][DivergenceProbe.Window] class=LocallyPredicted corrections=120 disagreed=120 ratePerMille=1000 windowSamples=120
LogOGResimProbe: Warning: [Warning][ResimProbe.Gate] checks=120 declined=0 requested=120 requestedPerMille=1000 deepSkips=0 survivingAnchors=0
LogOGResimProbe: Warning: [Warning][ResimProbe.Chaos] requests=120 grants=120 refused=0 refusedPerMille=0 repeat=0 clamped=0 depthMin=4 depthMax=4
LogOGResimProbe: Warning: [Warning][ResimProbe.Apply] prepares=120 finishes=120 abandoned=0 stuck=0 replayTicks=600 replayOverruns=0 freshProtects=0 staleProtects=0
LogOGResimProbe: Warning: [Warning][ResimProbe.Frame] role=Client simTicks=120 frames=200 meanTicksPerFrameX100=60 p50=1 p99=1 max=1 meanFrameUs=10000
LogOGResimProbe: Warning: [Warning][ResimProbe.Frame] role=Client cadence dFrame1=40 dFrame0=0 dFrameGt1=80 discont=0 numSteps total=120 max=1 gt1=0
LogOGResimProbe: Warning: [Warning][ResimProbe.Landing] class=LocallyPredicted behind=120 atFrontier=0 discarded=0 atFrontierPerMille=0 windowSamples=120
LogOGDivergenceProbe: Warning: [Warning][DivergenceProbe.Window] class=LocallyPredicted corrections=120 disagreed=120 ratePerMille=1000 windowSamples=120
LogOGResimProbe: Warning: [Warning][ResimProbe.Gate] checks=120 declined=12 requested=108 requestedPerMille=900 deepSkips=0 survivingAnchors=0
LogOGResimProbe: Warning: [Warning][ResimProbe.Chaos] requests=108 grants=108 refused=0 refusedPerMille=0 repeat=0 clamped=0 depthMin=3 depthMax=4
LogOGResimProbe: Warning: [Warning][ResimProbe.Apply] prepares=108 finishes=108 abandoned=0 stuck=0 replayTicks=518 replayOverruns=0 freshProtects=0 staleProtects=0
LogOGResimProbe: Warning: [Warning][ResimProbe.Frame] role=Client simTicks=120 frames=200 meanTicksPerFrameX100=60 p50=1 p99=1 max=1 meanFrameUs=10000
LogOGResimProbe: Warning: [Warning][ResimProbe.Frame] role=Client cadence dFrame1=40 dFrame0=0 dFrameGt1=80 discont=0 numSteps total=120 max=1 gt1=0
LogOGResimProbe: Warning: [Warning][ResimProbe.Landing] class=LocallyPredicted behind=120 atFrontier=0 discarded=0 atFrontierPerMille=0 windowSamples=120
LogOGDivergenceProbe: Warning: [Warning][DivergenceProbe.Window] class=LocallyPredicted corrections=120 disagreed=120 ratePerMille=1000 windowSamples=120
LogOGResimProbe: Warning: [Warning][ResimProbe.Gate] checks=120 declined=0 requested=120 requestedPerMille=1000 deepSkips=0 survivingAnchors=0
LogOGResimProbe: Warning: [Warning][ResimProbe.Chaos] requests=120 grants=120 refused=0 refusedPerMille=0 repeat=0 clamped=0 depthMin=4 depthMax=4
LogOGResimProbe: Warning: [Warning][ResimProbe.Apply] prepares=120 finishes=120 abandoned=0 stuck=0 replayTicks=600 replayOverruns=0 freshProtects=0 staleProtects=0
LogOGResimProbe: Warning: [Warning][ResimProbe.Frame] role=Client simTicks=120 frames=200 meanTicksPerFrameX100=60 p50=1 p99=1 max=1 meanFrameUs=9999
LogOGResimProbe: Warning: [Warning][ResimProbe.Frame] role=Client cadence dFrame1=40 dFrame0=0 dFrameGt1=80 discont=0 numSteps total=120 max=1 gt1=0
LogOGResimProbe: Warning: [Warning][ResimProbe.Landing] class=LocallyPredicted behind=120 atFrontier=0 discarded=0 atFrontierPerMille=0 windowSamples=120
LogOGDivergenceProbe: Warning: [Warning][DivergenceProbe.Window] class=LocallyPredicted corrections=120 disagreed=120 ratePerMille=1000 windowSamples=120
LogOGResimProbe: Warning: [Warning][ResimProbe.Gate] checks=120 declined=16 requested=104 requestedPerMille=867 deepSkips=0 survivingAnchors=0
LogOGResimProbe: Warning: [Warning][ResimProbe.Chaos] requests=105 grants=105 refused=0 refusedPerMille=0 repeat=0 clamped=0 depthMin=3 depthMax=4
LogOGResimProbe: Warning: [Warning][ResimProbe.Apply] prepares=105 finishes=105 abandoned=0 stuck=0 replayTicks=509 replayOverruns=0 freshProtects=0 staleProtects=0
LogOGResimProbe: Warning: [Warning][ResimProbe.Frame] role=Client simTicks=120 frames=200 meanTicksPerFrameX100=60 p50=1 p99=1 max=1 meanFrameUs=9999
LogOGResimProbe: Warning: [Warning][ResimProbe.Frame] role=Client cadence dFrame1=40 dFrame0=0 dFrameGt1=80 discont=0 numSteps total=120 max=1 gt1=0
LogOGResimProbe: Warning: [Warning][ResimProbe.Landing] class=LocallyPredicted behind=120 atFrontier=0 discarded=0 atFrontierPerMille=0 windowSamples=120
LogOGDivergenceProbe: Warning: [Warning][DivergenceProbe.Window] class=LocallyPredicted corrections=120 disagreed=120 ratePerMille=1000 windowSamples=120
LogOGResimProbe: Warning: [Warning][ResimProbe.Gate] checks=120 declined=17 requested=103 requestedPerMille=858 deepSkips=0 survivingAnchors=0
LogOGResimProbe: Warning: [Warning][ResimProbe.Chaos] requests=103 grants=103 refused=0 refusedPerMille=0 repeat=0 clamped=0 depthMin=3 depthMax=4
LogOGResimProbe: Warning: [Warning][ResimProbe.Apply] prepares=103 finishes=103 abandoned=0 stuck=0 replayTicks=493 replayOverruns=0 freshProtects=0 staleProtects=0
LogOGResimProbe: Warning: [Warning][ResimProbe.Frame] role=Client simTicks=120 frames=200 meanTicksPerFrameX100=60 p50=1 p99=1 max=1 meanFrameUs=10000
LogOGResimProbe: Warning: [Warning][ResimProbe.Frame] role=Client cadence dFrame1=40 dFrame0=0 dFrameGt1=80 discont=0 numSteps total=120 max=1 gt1=0
LogOGResimProbe: Warning: [Warning][ResimProbe.Landing] class=LocallyPredicted behind=120 atFrontier=0 discarded=0 atFrontierPerMille=0 windowSamples=120
LogOGDivergenceProbe: Warning: [Warning][DivergenceProbe.Window] class=LocallyPredicted corrections=120 disagreed=120 ratePerMille=1000 windowSamples=120
LogOGResimProbe: Warning: [Warning][ResimProbe.Gate] checks=120 declined=0 requested=120 requestedPerMille=1000 deepSkips=0 survivingAnchors=0
LogOGResimProbe: Warning: [Warning][ResimProbe.Chaos] requests=119 grants=119 refused=0 refusedPerMille=0 repeat=0 clamped=0 depthMin=4 depthMax=4
LogOGResimProbe: Warning: [Warning][ResimProbe.Apply] prepares=119 finishes=119 abandoned=0 stuck=0 replayTicks=595 replayOverruns=0 freshProtects=0 staleProtects=0
LogOGResimProbe: Warning: [Warning][ResimProbe.Frame] role=Client simTicks=120 frames=200 meanTicksPerFrameX100=60 p50=1 p99=1 max=1 meanFrameUs=10000
LogOGResimProbe: Warning: [Warning][ResimProbe.Frame] role=Client cadence dFrame1=40 dFrame0=0 dFrameGt1=80 discont=0 numSteps total=120 max=1 gt1=0
LogOGResimProbe: Warning: [Warning][ResimProbe.Landing] class=LocallyPredicted behind=120 atFrontier=0 discarded=0 atFrontierPerMille=0 windowSamples=120
LogOGDivergenceProbe: Warning: [Warning][DivergenceProbe.Window] class=LocallyPredicted corrections=120 disagreed=120 ratePerMille=1000 windowSamples=120
LogOGResimProbe: Warning: [Warning][ResimProbe.Gate] checks=120 declined=2 requested=118 requestedPerMille=983 deepSkips=0 survivingAnchors=0
LogOGResimProbe: Warning: [Warning][ResimProbe.Chaos] requests=118 grants=118 refused=0 refusedPerMille=0 repeat=0 clamped=0 depthMin=3 depthMax=4
LogOGResimProbe: Warning: [Warning][ResimProbe.Apply] prepares=118 finishes=118 abandoned=0 stuck=0 replayTicks=588 replayOverruns=0 freshProtects=0 staleProtects=0
LogOGResimProbe: Warning: [Warning][ResimProbe.Frame] role=Client simTicks=120 frames=200 meanTicksPerFrameX100=60 p50=1 p99=1 max=1 meanFrameUs=9999
LogOGResimProbe: Warning: [Warning][ResimProbe.Frame] role=Client cadence dFrame1=40 dFrame0=0 dFrameGt1=80 discont=0 numSteps total=120 max=1 gt1=0
LogOGResimProbe: Warning: [Warning][ResimProbe.Landing] class=LocallyPredicted behind=120 atFrontier=0 discarded=0 atFrontierPerMille=0 windowSamples=120
LogOGDivergenceProbe: Warning: [Warning][DivergenceProbe.Window] class=LocallyPredicted corrections=120 disagreed=120 ratePerMille=1000 windowSamples=120
LogOGResimProbe: Warning: [Warning][ResimProbe.Gate] checks=120 declined=11 requested=109 requestedPerMille=908 deepSkips=0 survivingAnchors=0
LogOGResimProbe: Warning: [Warning][ResimProbe.Chaos] requests=109 grants=109 refused=0 refusedPerMille=0 repeat=0 clamped=0 depthMin=3 depthMax=4
LogOGResimProbe: Warning: [Warning][ResimProbe.Apply] prepares=109 finishes=109 abandoned=0 stuck=0 replayTicks=534 replayOverruns=0 freshProtects=0 staleProtects=0
LogOGResimProbe: Warning: [Warning][ResimProbe.Frame] role=Client simTicks=120 frames=200 meanTicksPerFrameX100=60 p50=1 p99=1 max=1 meanFrameUs=10000
LogOGResimProbe: Warning: [Warning][ResimProbe.Frame] role=Client cadence dFrame1=40 dFrame0=0 dFrameGt1=80 discont=0 numSteps total=120 max=1 gt1=0
LogOGResimProbe: Warning: [Warning][ResimProbe.Landing] class=LocallyPredicted behind=120 atFrontier=0 discarded=0 atFrontierPerMille=0 windowSamples=120
LogOGDivergenceProbe: Warning: [Warning][DivergenceProbe.Window] class=LocallyPredicted corrections=120 disagreed=120 ratePerMille=1000 windowSamples=120
LogOGResimProbe: Warning: [Warning][ResimProbe.Gate] checks=120 declined=3 requested=117 requestedPerMille=975 deepSkips=0 survivingAnchors=0
LogOGResimProbe: Warning: [Warning][ResimProbe.Chaos] requests=117 grants=117 refused=0 refusedPerMille=0 repeat=0 clamped=0 depthMin=3 depthMax=4
LogOGResimProbe: Warning: [Warning][ResimProbe.Apply] prepares=117 finishes=117 abandoned=0 stuck=0 replayTicks=584 replayOverruns=0 freshProtects=0 staleProtects=0
LogOGResimProbe: Warning: [Warning][ResimProbe.Frame] role=Client simTicks=120 frames=200 meanTicksPerFrameX100=60 p50=1 p99=1 max=1 meanFrameUs=9999
LogOGResimProbe: Warning: [Warning][ResimProbe.Frame] role=Client cadence dFrame1=40 dFrame0=0 dFrameGt1=80 discont=0 numSteps total=120 max=1 gt1=0
LogOGResimProbe: Warning: [Warning][ResimProbe.Landing] class=LocallyPredicted behind=120 atFrontier=0 discarded=0 atFrontierPerMille=0 windowSamples=120
LogOGDivergenceProbe: Warning: [Warning][DivergenceProbe.Window] class=LocallyPredicted corrections=120 disagreed=120 ratePerMille=1000 windowSamples=120
LogOGResimProbe: Warning: [Warning][ResimProbe.Gate] checks=120 declined=14 requested=106 requestedPerMille=883 deepSkips=0 survivingAnchors=0
LogOGResimProbe: Warning: [Warning][ResimProbe.Chaos] requests=106 grants=106 refused=0 refusedPerMille=0 repeat=0 clamped=0 depthMin=3 depthMax=4
LogOGResimProbe: Warning: [Warning][ResimProbe.Apply] prepares=106 finishes=106 abandoned=0 stuck=0 replayTicks=518 replayOverruns=0 freshProtects=0 staleProtects=0
LogOGResimProbe: Warning: [Warning][ResimProbe.Frame] role=Client simTicks=120 frames=200 meanTicksPerFrameX100=60 p50=1 p99=1 max=1 meanFrameUs=10000
LogOGResimProbe: Warning: [Warning][ResimProbe.Frame] role=Client cadence dFrame1=40 dFrame0=0 dFrameGt1=80 discont=0 numSteps total=120 max=1 gt1=0
LogOGResimProbe: Warning: [Warning][ResimProbe.Landing] class=LocallyPredicted behind=120 atFrontier=0 discarded=0 atFrontierPerMille=0 windowSamples=120
LogOGDivergenceProbe: Warning: [Warning][DivergenceProbe.Window] class=LocallyPredicted corrections=120 disagreed=120 ratePerMille=1000 windowSamples=120
LogOGResimProbe: Warning: [Warning][ResimProbe.Gate] checks=120 declined=0 requested=120 requestedPerMille=1000 deepSkips=0 survivingAnchors=0
LogOGResimProbe: Warning: [Warning][ResimProbe.Chaos] requests=120 grants=120 refused=0 refusedPerMille=0 repeat=0 clamped=0 depthMin=3 depthMax=4
LogOGResimProbe: Warning: [Warning][ResimProbe.Apply] prepares=120 finishes=120 abandoned=0 stuck=0 replayTicks=599 replayOverruns=0 freshProtects=0 staleProtects=0
LogOGResimProbe: Warning: [Warning][ResimProbe.Frame] role=Client simTicks=120 frames=200 meanTicksPerFrameX100=60 p50=1 p99=1 max=1 meanFrameUs=10000
LogOGResimProbe: Warning: [Warning][ResimProbe.Frame] role=Client cadence dFrame1=40 dFrame0=0 dFrameGt1=80 discont=0 numSteps total=120 max=1 gt1=0
LogOGResimProbe: Warning: [Warning][ResimProbe.Landing] class=LocallyPredicted behind=120 atFrontier=0 discarded=0 atFrontierPerMille=0 windowSamples=120
LogOGDivergenceProbe: Warning: [Warning][DivergenceProbe.Window] class=LocallyPredicted corrections=120 disagreed=120 ratePerMille=1000 windowSamples=120
LogOGResimProbe: Warning: [Warning][ResimProbe.Gate] checks=120 declined=4 requested=116 requestedPerMille=967 deepSkips=0 survivingAnchors=0
LogOGResimProbe: Warning: [Warning][ResimProbe.Chaos] requests=116 grants=116 refused=0 refusedPerMille=0 repeat=0 clamped=0 depthMin=3 depthMax=4
LogOGResimProbe: Warning: [Warning][ResimProbe.Apply] prepares=116 finishes=116 abandoned=0 stuck=0 replayTicks=578 replayOverruns=0 freshProtects=0 staleProtects=0
LogOGResimProbe: Warning: [Warning][ResimProbe.Frame] role=Client simTicks=120 frames=200 meanTicksPerFrameX100=60 p50=1 p99=1 max=1 meanFrameUs=10000
LogOGResimProbe: Warning: [Warning][ResimProbe.Frame] role=Client cadence dFrame1=40 dFrame0=0 dFrameGt1=80 discont=0 numSteps total=120 max=1 gt1=0
LogOGResimProbe: Warning: [Warning][ResimProbe.Landing] class=LocallyPredicted behind=120 atFrontier=0 discarded=0 atFrontierPerMille=0 windowSamples=120
LogOGDivergenceProbe: Warning: [Warning][DivergenceProbe.Window] class=LocallyPredicted corrections=120 disagreed=120 ratePerMille=1000 windowSamples=120
LogOGResimProbe: Warning: [Warning][ResimProbe.Gate] checks=120 declined=23 requested=97 requestedPerMille=808 deepSkips=0 survivingAnchors=0
LogOGResimProbe: Warning: [Warning][ResimProbe.Chaos] requests=97 grants=97 refused=0 refusedPerMille=0 repeat=0 clamped=0 depthMin=3 depthMax=4
LogOGResimProbe: Warning: [Warning][ResimProbe.Apply] prepares=97 finishes=97 abandoned=0 stuck=0 replayTicks=451 replayOverruns=0 freshProtects=0 staleProtects=0
LogOGResimProbe: Warning: [Warning][ResimProbe.Frame] role=Client simTicks=120 frames=200 meanTicksPerFrameX100=60 p50=1 p99=1 max=1 meanFrameUs=9999
LogOGResimProbe: Warning: [Warning][ResimProbe.Frame] role=Client cadence dFrame1=40 dFrame0=0 dFrameGt1=80 discont=0 numSteps total=120 max=1 gt1=0
LogOGResimProbe: Warning: [Warning][ResimProbe.Landing] class=LocallyPredicted behind=120 atFrontier=0 discarded=0 atFrontierPerMille=0 windowSamples=120
LogOGDivergenceProbe: Warning: [Warning][DivergenceProbe.Window] class=LocallyPredicted corrections=120 disagreed=120 ratePerMille=1000 windowSamples=120
LogOGResimProbe: Warning: [Warning][ResimProbe.Gate] checks=120 declined=10 requested=110 requestedPerMille=917 deepSkips=0 survivingAnchors=0
LogOGResimProbe: Warning: [Warning][ResimProbe.Chaos] requests=110 grants=110 refused=0 refusedPerMille=0 repeat=0 clamped=0 depthMin=3 depthMax=5
LogOGResimProbe: Warning: [Warning][ResimProbe.Apply] prepares=110 finishes=110 abandoned=0 stuck=0 replayTicks=535 replayOverruns=0 freshProtects=0 staleProtects=0
LogOGResimProbe: Warning: [Warning][ResimProbe.Frame] role=Client simTicks=120 frames=200 meanTicksPerFrameX100=60 p50=1 p99=1 max=1 meanFrameUs=10000
LogOGResimProbe: Warning: [Warning][ResimProbe.Frame] role=Client cadence dFrame1=40 dFrame0=0 dFrameGt1=80 discont=0 numSteps total=120 max=1 gt1=0
LogOGResimProbe: Warning: [Warning][ResimProbe.Landing] class=LocallyPredicted behind=120 atFrontier=0 discarded=0 atFrontierPerMille=0 windowSamples=120
LogOGDivergenceProbe: Warning: [Warning][DivergenceProbe.Window] class=LocallyPredicted corrections=120 disagreed=120 ratePerMille=1000 windowSamples=120
LogOGResimProbe: Warning: [Warning][ResimProbe.Gate] checks=120 declined=12 requested=108 requestedPerMille=900 deepSkips=0 survivingAnchors=0
LogOGResimProbe: Warning: [Warning][ResimProbe.Chaos] requests=108 grants=108 refused=0 refusedPerMille=0 repeat=0 clamped=0 depthMin=3 depthMax=4
LogOGResimProbe: Warning: [Warning][ResimProbe.Apply] prepares=108 finishes=108 abandoned=0 stuck=0 replayTicks=528 replayOverruns=0 freshProtects=0 staleProtects=0
LogOGResimProbe: Warning: [Warning][ResimProbe.Frame] role=Client simTicks=120 frames=200 meanTicksPerFrameX100=60 p50=1 p99=1 max=1 meanFrameUs=10000
LogOGResimProbe: Warning: [Warning][ResimProbe.Frame] role=Client cadence dFrame1=40 dFrame0=0 dFrameGt1=80 discont=0 numSteps total=120 max=1 gt1=0
LogOGResimProbe: Warning: [Warning][ResimProbe.Landing] class=LocallyPredicted behind=120 atFrontier=0 discarded=0 atFrontierPerMille=0 windowSamples=120
LogOGDivergenceProbe: Warning: [Warning][DivergenceProbe.Window] class=LocallyPredicted corrections=120 disagreed=120 ratePerMille=1000 windowSamples=120
LogOGResimProbe: Warning: [Warning][ResimProbe.Gate] checks=120 declined=21 requested=99 requestedPerMille=825 deepSkips=0 survivingAnchors=0
LogOGResimProbe: Warning: [Warning][ResimProbe.Chaos] requests=99 grants=99 refused=0 refusedPerMille=0 repeat=0 clamped=0 depthMin=3 depthMax=4
LogOGResimProbe: Warning: [Warning][ResimProbe.Apply] prepares=99 finishes=99 abandoned=0 stuck=0 replayTicks=476 replayOverruns=0 freshProtects=0 staleProtects=0
LogOGResimProbe: Warning: [Warning][ResimProbe.Frame] role=Client simTicks=120 frames=200 meanTicksPerFrameX100=60 p50=1 p99=1 max=1 meanFrameUs=10000
LogOGResimProbe: Warning: [Warning][ResimProbe.Frame] role=Client cadence dFrame1=40 dFrame0=0 dFrameGt1=80 discont=0 numSteps total=120 max=1 gt1=0
LogOGResimProbe: Warning: [Warning][ResimProbe.Landing] class=LocallyPredicted behind=120 atFrontier=0 discarded=0 atFrontierPerMille=0 windowSamples=120
LogOGDivergenceProbe: Warning: [Warning][DivergenceProbe.Window] class=LocallyPredicted corrections=120 disagreed=120 ratePerMille=1000 windowSamples=120
LogOGResimProbe: Warning: [Warning][ResimProbe.Gate] checks=120 declined=0 requested=120 requestedPerMille=1000 deepSkips=0 survivingAnchors=0
LogOGResimProbe: Warning: [Warning][ResimProbe.Chaos] requests=120 grants=120 refused=0 refusedPerMille=0 repeat=0 clamped=0 depthMin=4 depthMax=4
LogOGResimProbe: Warning: [Warning][ResimProbe.Apply] prepares=120 finishes=120 abandoned=0 stuck=0 replayTicks=600 replayOverruns=0 freshProtects=0 staleProtects=0
LogOGResimProbe: Warning: [Warning][ResimProbe.Frame] role=Client simTicks=120 frames=200 meanTicksPerFrameX100=60 p50=1 p99=1 max=1 meanFrameUs=10000
LogOGResimProbe: Warning: [Warning][ResimProbe.Frame] role=Client cadence dFrame1=40 dFrame0=0 dFrameGt1=80 discont=0 numSteps total=120 max=1 gt1=0
LogOGResimProbe: Warning: [Warning][ResimProbe.Landing] class=LocallyPredicted behind=120 atFrontier=0 discarded=0 atFrontierPerMille=0 windowSamples=120
LogOGDivergenceProbe: Warning: [Warning][DivergenceProbe.Window] class=LocallyPredicted corrections=120 disagreed=120 ratePerMille=1000 windowSamples=120
LogOGResimProbe: Warning: [Warning][ResimProbe.Gate] checks=120 declined=12 requested=108 requestedPerMille=900 deepSkips=0 survivingAnchors=0
LogOGResimProbe: Warning: [Warning][ResimProbe.Chaos] requests=108 grants=108 refused=0 refusedPerMille=0 repeat=0 clamped=0 depthMin=3 depthMax=4
LogOGResimProbe: Warning: [Warning][ResimProbe.Apply] prepares=108 finishes=108 abandoned=0 stuck=0 replayTicks=529 replayOverruns=0 freshProtects=0 staleProtects=0
LogOGResimProbe: Warning: [Warning][ResimProbe.Frame] role=Client simTicks=120 frames=200 meanTicksPerFrameX100=60 p50=1 p99=1 max=1 meanFrameUs=9999
LogOGResimProbe: Warning: [Warning][ResimProbe.Frame] role=Client cadence dFrame1=40 dFrame0=0 dFrameGt1=80 discont=0 numSteps total=120 max=1 gt1=0
LogOGResimProbe: Warning: [Warning][ResimProbe.Landing] class=LocallyPredicted behind=120 atFrontier=0 discarded=0 atFrontierPerMille=0 windowSamples=120
LogOGDivergenceProbe: Warning: [Warning][DivergenceProbe.Window] class=LocallyPredicted corrections=120 disagreed=120 ratePerMille=1000 windowSamples=120
LogOGResimProbe: Warning: [Warning][ResimProbe.Gate] checks=120 declined=6 requested=114 requestedPerMille=950 deepSkips=0 survivingAnchors=0
LogOGResimProbe: Warning: [Warning][ResimProbe.Chaos] requests=114 grants=114 refused=0 refusedPerMille=0 repeat=0 clamped=0 depthMin=3 depthMax=4
LogOGResimProbe: Warning: [Warning][ResimProbe.Apply] prepares=114 finishes=114 abandoned=0 stuck=0 replayTicks=564 replayOverruns=0 freshProtects=0 staleProtects=0
LogOGResimProbe: Warning: [Warning][ResimProbe.Frame] role=Client simTicks=120 frames=200 meanTicksPerFrameX100=60 p50=1 p99=1 max=1 meanFrameUs=10000
LogOGResimProbe: Warning: [Warning][ResimProbe.Frame] role=Client cadence dFrame1=40 dFrame0=0 dFrameGt1=80 discont=0 numSteps total=120 max=1 gt1=0
LogOGResimProbe: Warning: [Warning][ResimProbe.Landing] class=LocallyPredicted behind=120 atFrontier=0 discarded=0 atFrontierPerMille=0 windowSamples=120
LogOGDivergenceProbe: Warning: [Warning][DivergenceProbe.Window] class=LocallyPredicted corrections=120 disagreed=120 ratePerMille=1000 windowSamples=120
LogOGResimProbe: Warning: [Warning][ResimProbe.Gate] checks=120 declined=15 requested=105 requestedPerMille=875 deepSkips=0 survivingAnchors=0
LogOGResimProbe: Warning: [Warning][ResimProbe.Chaos] requests=105 grants=105 refused=0 refusedPerMille=0 repeat=0 clamped=0 depthMin=3 depthMax=4
LogOGResimProbe: Warning: [Warning][ResimProbe.Apply] prepares=105 finishes=105 abandoned=0 stuck=0 replayTicks=507 replayOverruns=0 freshProtects=0 staleProtects=0
LogOGResimProbe: Warning: [Warning][ResimProbe.Frame] role=Client simTicks=120 frames=200 meanTicksPerFrameX100=60 p50=1 p99=1 max=1 meanFrameUs=10000
LogOGResimProbe: Warning: [Warning][ResimProbe.Frame] role=Client cadence dFrame1=40 dFrame0=0 dFrameGt1=80 discont=0 numSteps total=120 max=1 gt1=0
LogOGResimProbe: Warning: [Warning][ResimProbe.Landing] class=LocallyPredicted behind=120 atFrontier=0 discarded=0 atFrontierPerMille=0 windowSamples=120
LogOGDivergenceProbe: Warning: [Warning][DivergenceProbe.Window] class=LocallyPredicted corrections=120 disagreed=120 ratePerMille=1000 windowSamples=120
LogOGResimProbe: Warning: [Warning][ResimProbe.Gate] checks=120 declined=20 requested=100 requestedPerMille=833 deepSkips=0 survivingAnchors=0
LogOGResimProbe: Warning: [Warning][ResimProbe.Chaos] requests=101 grants=101 refused=0 refusedPerMille=0 repeat=0 clamped=0 depthMin=3 depthMax=4
LogOGResimProbe: Warning: [Warning][ResimProbe.Apply] prepares=101 finishes=101 abandoned=0 stuck=0 replayTicks=485 replayOverruns=0 freshProtects=0 staleProtects=0
LogOGResimProbe: Warning: [Warning][ResimProbe.Frame] role=Client simTicks=120 frames=200 meanTicksPerFrameX100=60 p50=1 p99=1 max=1 meanFrameUs=10000
LogOGResimProbe: Warning: [Warning][ResimProbe.Frame] role=Client cadence dFrame1=40 dFrame0=0 dFrameGt1=80 discont=0 numSteps total=120 max=1 gt1=0
LogOGResimProbe: Warning: [Warning][ResimProbe.Landing] class=LocallyPredicted behind=120 atFrontier=0 discarded=0 atFrontierPerMille=0 windowSamples=120
LogOGDivergenceProbe: Warning: [Warning][DivergenceProbe.Window] class=LocallyPredicted corrections=120 disagreed=120 ratePerMille=1000 windowSamples=120
LogOGResimProbe: Warning: [Warning][ResimProbe.Gate] checks=120 declined=19 requested=101 requestedPerMille=842 deepSkips=0 survivingAnchors=0
LogOGResimProbe: Warning: [Warning][ResimProbe.Chaos] requests=100 grants=100 refused=0 refusedPerMille=0 repeat=0 clamped=0 depthMin=3 depthMax=4
LogOGResimProbe: Warning: [Warning][ResimProbe.Apply] prepares=100 finishes=100 abandoned=0 stuck=0 replayTicks=474 replayOverruns=0 freshProtects=0 staleProtects=0
LogOGResimProbe: Warning: [Warning][ResimProbe.Frame] role=Client simTicks=120 frames=200 meanTicksPerFrameX100=60 p50=1 p99=1 max=1 meanFrameUs=10000
LogOGResimProbe: Warning: [Warning][ResimProbe.Frame] role=Client cadence dFrame1=40 dFrame0=0 dFrameGt1=80 discont=0 numSteps total=120 max=1 gt1=0
LogOGResimProbe: Warning: [Warning][ResimProbe.Landing] class=LocallyPredicted behind=120 atFrontier=0 discarded=0 atFrontierPerMille=0 windowSamples=120
LogOGDivergenceProbe: Warning: [Warning][DivergenceProbe.Window] class=LocallyPredicted corrections=120 disagreed=120 ratePerMille=1000 windowSamples=120
LogOGResimProbe: Warning: [Warning][ResimProbe.Gate] checks=120 declined=1 requested=119 requestedPerMille=992 deepSkips=0 survivingAnchors=0
LogOGResimProbe: Warning: [Warning][ResimProbe.Chaos] requests=119 grants=119 refused=0 refusedPerMille=0 repeat=0 clamped=0 depthMin=3 depthMax=4
LogOGResimProbe: Warning: [Warning][ResimProbe.Apply] prepares=119 finishes=119 abandoned=0 stuck=0 replayTicks=594 replayOverruns=0 freshProtects=0 staleProtects=0
LogOGResimProbe: Warning: [Warning][ResimProbe.Frame] role=Client simTicks=120 frames=200 meanTicksPerFrameX100=60 p50=1 p99=1 max=1 meanFrameUs=10000
LogOGResimProbe: Warning: [Warning][ResimProbe.Frame] role=Client cadence dFrame1=40 dFrame0=0 dFrameGt1=80 discont=0 numSteps total=120 max=1 gt1=0
LogOGResimProbe: Warning: [Warning][ResimProbe.Landing] class=LocallyPredicted behind=120 atFrontier=0 discarded=0 atFrontierPerMille=0 windowSamples=120
LogOGDivergenceProbe: Warning: [Warning][DivergenceProbe.Window] class=LocallyPredicted corrections=120 disagreed=120 ratePerMille=1000 windowSamples=120
LogOGResimProbe: Warning: [Warning][ResimProbe.Gate] checks=120 declined=11 requested=109 requestedPerMille=908 deepSkips=0 survivingAnchors=0
LogOGResimProbe: Warning: [Warning][ResimProbe.Chaos] requests=109 grants=109 refused=0 refusedPerMille=0 repeat=0 clamped=0 depthMin=3 depthMax=4
LogOGResimProbe: Warning: [Warning][ResimProbe.Apply] prepares=109 finishes=109 abandoned=0 stuck=0 replayTicks=535 replayOverruns=0 freshProtects=0 staleProtects=0
LogOGResimProbe: Warning: [Warning][ResimProbe.Frame] role=Client simTicks=120 frames=200 meanTicksPerFrameX100=60 p50=1 p99=1 max=1 meanFrameUs=10000
LogOGResimProbe: Warning: [Warning][ResimProbe.Frame] role=Client cadence dFrame1=40 dFrame0=0 dFrameGt1=80 discont=0 numSteps total=120 max=1 gt1=0
LogOGResimProbe: Warning: [Warning][ResimProbe.Landing] class=LocallyPredicted behind=120 atFrontier=0 discarded=0 atFrontierPerMille=0 windowSamples=120
LogOGDivergenceProbe: Warning: [Warning][DivergenceProbe.Window] class=LocallyPredicted corrections=120 disagreed=120 ratePerMille=1000 windowSamples=120
LogOGResimProbe: Warning: [Warning][ResimProbe.Gate] checks=120 declined=13 requested=107 requestedPerMille=892 deepSkips=0 survivingAnchors=0
LogOGResimProbe: Warning: [Warning][ResimProbe.Chaos] requests=108 grants=108 refused=0 refusedPerMille=0 repeat=0 clamped=0 depthMin=3 depthMax=4
LogOGResimProbe: Warning: [Warning][ResimProbe.Apply] prepares=108 finishes=108 abandoned=0 stuck=0 replayTicks=527 replayOverruns=0 freshProtects=0 staleProtects=0
LogOGResimProbe: Warning: [Warning][ResimProbe.Frame] role=Client simTicks=120 frames=200 meanTicksPerFrameX100=60 p50=1 p99=1 max=1 meanFrameUs=10000
LogOGResimProbe: Warning: [Warning][ResimProbe.Frame] role=Client cadence dFrame1=40 dFrame0=0 dFrameGt1=80 discont=0 numSteps total=120 max=1 gt1=0
LogOGResimProbe: Warning: [Warning][ResimProbe.Landing] class=LocallyPredicted behind=120 atFrontier=0 discarded=0 atFrontierPerMille=0 windowSamples=120
LogOGDivergenceProbe: Warning: [Warning][DivergenceProbe.Window] class=LocallyPredicted corrections=120 disagreed=120 ratePerMille=1000 windowSamples=120
LogOGResimProbe: Warning: [Warning][ResimProbe.Gate] checks=120 declined=4 requested=116 requestedPerMille=967 deepSkips=0 survivingAnchors=0
LogOGResimProbe: Warning: [Warning][ResimProbe.Chaos] requests=115 grants=115 refused=0 refusedPerMille=0 repeat=0 clamped=0 depthMin=3 depthMax=4
LogOGResimProbe: Warning: [Warning][ResimProbe.Apply] prepares=115 finishes=115 abandoned=0 stuck=0 replayTicks=570 replayOverruns=0 freshProtects=0 staleProtects=0
LogOGResimProbe: Warning: [Warning][ResimProbe.Frame] role=Client simTicks=120 frames=200 meanTicksPerFrameX100=60 p50=1 p99=1 max=1 meanFrameUs=9999
LogOGResimProbe: Warning: [Warning][ResimProbe.Frame] role=Client cadence dFrame1=40 dFrame0=0 dFrameGt1=80 discont=0 numSteps total=120 max=1 gt1=0
LogOGResimProbe: Warning: [Warning][ResimProbe.Landing] class=LocallyPredicted behind=120 atFrontier=0 discarded=0 atFrontierPerMille=0 windowSamples=120
LogOGDivergenceProbe: Warning: [Warning][DivergenceProbe.Window] class=LocallyPredicted corrections=120 disagreed=120 ratePerMille=1000 windowSamples=120
LogOGResimProbe: Warning: [Warning][ResimProbe.Gate] checks=120 declined=13 requested=107 requestedPerMille=892 deepSkips=0 survivingAnchors=0
LogOGResimProbe: Warning: [Warning][ResimProbe.Chaos] requests=107 grants=107 refused=0 refusedPerMille=0 repeat=0 clamped=0 depthMin=3 depthMax=4
LogOGResimProbe: Warning: [Warning][ResimProbe.Apply] prepares=107 finishes=107 abandoned=0 stuck=0 replayTicks=519 replayOverruns=0 freshProtects=0 staleProtects=0
LogOGResimProbe: Warning: [Warning][ResimProbe.Frame] role=Client simTicks=120 frames=200 meanTicksPerFrameX100=60 p50=1 p99=1 max=1 meanFrameUs=10000
LogOGResimProbe: Warning: [Warning][ResimProbe.Frame] role=Client cadence dFrame1=40 dFrame0=0 dFrameGt1=80 discont=0 numSteps total=120 max=1 gt1=0
LogOGResimProbe: Warning: [Warning][ResimProbe.Landing] class=LocallyPredicted behind=120 atFrontier=0 discarded=0 atFrontierPerMille=0 windowSamples=120
LogOGDivergenceProbe: Warning: [Warning][DivergenceProbe.Window] class=LocallyPredicted corrections=120 disagreed=120 ratePerMille=1000 windowSamples=120
LogOGResimProbe: Warning: [Warning][ResimProbe.Gate] checks=120 declined=1 requested=119 requestedPerMille=992 deepSkips=0 survivingAnchors=0
LogOGResimProbe: Warning: [Warning][ResimProbe.Chaos] requests=119 grants=119 refused=0 refusedPerMille=0 repeat=0 clamped=0 depthMin=3 depthMax=4
LogOGResimProbe: Warning: [Warning][ResimProbe.Apply] prepares=119 finishes=119 abandoned=0 stuck=0 replayTicks=594 replayOverruns=0 freshProtects=0 staleProtects=0
LogOGResimProbe: Warning: [Warning][ResimProbe.Frame] role=Client simTicks=120 frames=200 meanTicksPerFrameX100=60 p50=1 p99=1 max=1 meanFrameUs=10000
LogOGResimProbe: Warning: [Warning][ResimProbe.Frame] role=Client cadence dFrame1=40 dFrame0=0 dFrameGt1=80 discont=0 numSteps total=120 max=1 gt1=0
LogOGResimProbe: Warning: [Warning][ResimProbe.Landing] class=LocallyPredicted behind=120 atFrontier=0 discarded=0 atFrontierPerMille=0 windowSamples=120
LogOGDivergenceProbe: Warning: [Warning][DivergenceProbe.Window] class=LocallyPredicted corrections=120 disagreed=120 ratePerMille=1000 windowSamples=120
LogOGResimProbe: Warning: [Warning][ResimProbe.Gate] checks=120 declined=16 requested=104 requestedPerMille=867 deepSkips=0 survivingAnchors=0
LogOGResimProbe: Warning: [Warning][ResimProbe.Chaos] requests=104 grants=104 refused=0 refusedPerMille=0 repeat=0 clamped=0 depthMin=3 depthMax=4
LogOGResimProbe: Warning: [Warning][ResimProbe.Apply] prepares=104 finishes=104 abandoned=0 stuck=0 replayTicks=495 replayOverruns=0 freshProtects=0 staleProtects=0
LogOGResimProbe: Warning: [Warning][ResimProbe.Frame] role=Client simTicks=120 frames=200 meanTicksPerFrameX100=60 p50=1 p99=1 max=1 meanFrameUs=10000
LogOGResimProbe: Warning: [Warning][ResimProbe.Frame] role=Client cadence dFrame1=40 dFrame0=0 dFrameGt1=80 discont=0 numSteps total=120 max=1 gt1=0
LogOGResimProbe: Warning: [Warning][ResimProbe.Landing] class=LocallyPredicted behind=120 atFrontier=0 discarded=0 atFrontierPerMille=0 windowSamples=120
LogOGDivergenceProbe: Warning: [Warning][DivergenceProbe.Window] class=LocallyPredicted corrections=120 disagreed=120 ratePerMille=1000 windowSamples=120
LogOGResimProbe: Warning: [Warning][ResimProbe.Gate] checks=120 declined=9 requested=111 requestedPerMille=925 deepSkips=0 survivingAnchors=0
LogOGResimProbe: Warning: [Warning][ResimProbe.Chaos] requests=112 grants=112 refused=0 refusedPerMille=0 repeat=0 clamped=0 depthMin=3 depthMax=4
LogOGResimProbe: Warning: [Warning][ResimProbe.Apply] prepares=112 finishes=112 abandoned=0 stuck=0 replayTicks=551 replayOverruns=0 freshProtects=0 staleProtects=0
LogOGResimProbe: Warning: [Warning][ResimProbe.Frame] role=Client simTicks=120 frames=200 meanTicksPerFrameX100=60 p50=1 p99=1 max=1 meanFrameUs=10000
LogOGResimProbe: Warning: [Warning][ResimProbe.Frame] role=Client cadence dFrame1=40 dFrame0=0 dFrameGt1=80 discont=0 numSteps total=120 max=1 gt1=0
LogOGResimProbe: Warning: [Warning][ResimProbe.Landing] class=LocallyPredicted behind=120 atFrontier=0 discarded=0 atFrontierPerMille=0 windowSamples=120
LogOGDivergenceProbe: Warning: [Warning][DivergenceProbe.Window] class=LocallyPredicted corrections=120 disagreed=120 ratePerMille=1000 windowSamples=120
LogOGResimProbe: Warning: [Warning][ResimProbe.Gate] checks=120 declined=16 requested=104 requestedPerMille=867 deepSkips=0 survivingAnchors=0
LogOGResimProbe: Warning: [Warning][ResimProbe.Chaos] requests=103 grants=103 refused=0 refusedPerMille=0 repeat=0 clamped=0 depthMin=3 depthMax=4
LogOGResimProbe: Warning: [Warning][ResimProbe.Apply] prepares=103 finishes=103 abandoned=0 stuck=0 replayTicks=487 replayOverruns=0 freshProtects=0 staleProtects=0
LogOGResimProbe: Warning: [Warning][ResimProbe.Frame] role=Client simTicks=120 frames=200 meanTicksPerFrameX100=60 p50=1 p99=1 max=1 meanFrameUs=10000
LogOGResimProbe: Warning: [Warning][ResimProbe.Frame] role=Client cadence dFrame1=40 dFrame0=0 dFrameGt1=80 discont=0 numSteps total=120 max=1 gt1=0
LogOGResimProbe: Warning: [Warning][ResimProbe.Landing] class=LocallyPredicted behind=120 atFrontier=0 discarded=0 atFrontierPerMille=0 windowSamples=120
LogOGDivergenceProbe: Warning: [Warning][DivergenceProbe.Window] class=LocallyPredicted corrections=120 disagreed=120 ratePerMille=1000 windowSamples=120
LogOGResimProbe: Warning: [Warning][ResimProbe.Gate] checks=120 declined=1 requested=119 requestedPerMille=992 deepSkips=0 survivingAnchors=0
LogOGResimProbe: Warning: [Warning][ResimProbe.Chaos] requests=119 grants=119 refused=0 refusedPerMille=0 repeat=0 clamped=0 depthMin=3 depthMax=4
LogOGResimProbe: Warning: [Warning][ResimProbe.Apply] prepares=119 finishes=119 abandoned=0 stuck=0 replayTicks=594 replayOverruns=0 freshProtects=0 staleProtects=0
LogOGResimProbe: Warning: [Warning][ResimProbe.Frame] role=Client simTicks=120 frames=200 meanTicksPerFrameX100=60 p50=1 p99=1 max=1 meanFrameUs=9999
LogOGResimProbe: Warning: [Warning][ResimProbe.Frame] role=Client cadence dFrame1=40 dFrame0=0 dFrameGt1=80 discont=0 numSteps total=120 max=1 gt1=0
LogOGResimProbe: Warning: [Warning][ResimProbe.Landing] class=LocallyPredicted behind=120 atFrontier=0 discarded=0 atFrontierPerMille=0 windowSamples=120
LogOGDivergenceProbe: Warning: [Warning][DivergenceProbe.Window] class=LocallyPredicted corrections=120 disagreed=120 ratePerMille=1000 windowSamples=120
LogOGResimProbe: Warning: [Warning][ResimProbe.Gate] checks=120 declined=10 requested=110 requestedPerMille=917 deepSkips=0 survivingAnchors=0
LogOGResimProbe: Warning: [Warning][ResimProbe.Chaos] requests=110 grants=110 refused=0 refusedPerMille=0 repeat=0 clamped=0 depthMin=3 depthMax=4
LogOGResimProbe: Warning: [Warning][ResimProbe.Apply] prepares=110 finishes=110 abandoned=0 stuck=0 replayTicks=536 replayOverruns=0 freshProtects=0 staleProtects=0
LogOGResimProbe: Warning: [Warning][ResimProbe.Frame] role=Client simTicks=120 frames=200 meanTicksPerFrameX100=60 p50=1 p99=1 max=1 meanFrameUs=10000
LogOGResimProbe: Warning: [Warning][ResimProbe.Frame] role=Client cadence dFrame1=40 dFrame0=0 dFrameGt1=80 discont=0 numSteps total=120 max=1 gt1=0
LogOGResimProbe: Warning: [Warning][ResimProbe.Landing] class=LocallyPredicted behind=120 atFrontier=0 discarded=0 atFrontierPerMille=0 windowSamples=120
LogOGDivergenceProbe: Warning: [Warning][DivergenceProbe.Window] class=LocallyPredicted corrections=120 disagreed=120 ratePerMille=1000 windowSamples=120
LogOGResimProbe: Warning: [Warning][ResimProbe.Gate] checks=120 declined=31 requested=89 requestedPerMille=742 deepSkips=0 survivingAnchors=0
LogOGResimProbe: Warning: [Warning][ResimProbe.Chaos] requests=89 grants=89 refused=0 refusedPerMille=0 repeat=0 clamped=0 depthMin=3 depthMax=4
LogOGResimProbe: Warning: [Warning][ResimProbe.Apply] prepares=89 finishes=89 abandoned=0 stuck=0 replayTicks=404 replayOverruns=0 freshProtects=0 staleProtects=0
LogOGResimProbe: Warning: [Warning][ResimProbe.Frame] role=Client simTicks=120 frames=200 meanTicksPerFrameX100=60 p50=1 p99=1 max=1 meanFrameUs=10000
LogOGResimProbe: Warning: [Warning][ResimProbe.Frame] role=Client cadence dFrame1=40 dFrame0=0 dFrameGt1=80 discont=0 numSteps total=120 max=1 gt1=0
LogOGResimProbe: Warning: [Warning][ResimProbe.Landing] class=LocallyPredicted behind=120 atFrontier=0 discarded=0 atFrontierPerMille=0 windowSamples=120
LogOGDivergenceProbe: Warning: [Warning][DivergenceProbe.Window] class=LocallyPredicted corrections=120 disagreed=120 ratePerMille=1000 windowSamples=120
LogOGResimProbe: Warning: [Warning][ResimProbe.Gate] checks=120 declined=0 requested=120 requestedPerMille=1000 deepSkips=0 survivingAnchors=0
LogOGResimProbe: Warning: [Warning][ResimProbe.Chaos] requests=120 grants=120 refused=0 refusedPerMille=0 repeat=0 clamped=0 depthMin=4 depthMax=4
LogOGResimProbe: Warning: [Warning][ResimProbe.Apply] prepares=120 finishes=120 abandoned=0 stuck=0 replayTicks=600 replayOverruns=0 freshProtects=0 staleProtects=0
LogOGResimProbe: Warning: [Warning][ResimProbe.Frame] role=Client simTicks=120 frames=200 meanTicksPerFrameX100=60 p50=1 p99=1 max=1 meanFrameUs=9999
LogOGResimProbe: Warning: [Warning][ResimProbe.Frame] role=Client cadence dFrame1=40 dFrame0=0 dFrameGt1=80 discont=0 numSteps total=120 max=1 gt1=0
LogOGResimProbe: Warning: [Warning][ResimProbe.Landing] class=LocallyPredicted behind=120 atFrontier=0 discarded=0 atFrontierPerMille=0 windowSamples=120
LogOGDivergenceProbe: Warning: [Warning][DivergenceProbe.Window] class=LocallyPredicted corrections=120 disagreed=120 ratePerMille=1000 windowSamples=120
LogOGResimProbe: Warning: [Warning][ResimProbe.Gate] checks=120 declined=14 requested=106 requestedPerMille=883 deepSkips=0 survivingAnchors=0
LogOGResimProbe: Warning: [Warning][ResimProbe.Chaos] requests=106 grants=106 refused=0 refusedPerMille=0 repeat=0 clamped=0 depthMin=3 depthMax=4
LogOGResimProbe: Warning: [Warning][ResimProbe.Apply] prepares=106 finishes=106 abandoned=0 stuck=0 replayTicks=513 replayOverruns=0 freshProtects=0 staleProtects=0
LogOGResimProbe: Warning: [Warning][ResimProbe.Frame] role=Client simTicks=120 frames=200 meanTicksPerFrameX100=60 p50=1 p99=1 max=1 meanFrameUs=10000
LogOGResimProbe: Warning: [Warning][ResimProbe.Frame] role=Client cadence dFrame1=40 dFrame0=0 dFrameGt1=80 discont=0 numSteps total=120 max=1 gt1=0
LogOGResimProbe: Warning: [Warning][ResimProbe.Landing] class=LocallyPredicted behind=120 atFrontier=0 discarded=0 atFrontierPerMille=0 windowSamples=120
LogOGDivergenceProbe: Warning: [Warning][DivergenceProbe.Window] class=LocallyPredicted corrections=120 disagreed=120 ratePerMille=1000 windowSamples=120
LogOGResimProbe: Warning: [Warning][ResimProbe.Gate] checks=120 declined=20 requested=100 requestedPerMille=833 deepSkips=0 survivingAnchors=0
LogOGResimProbe: Warning: [Warning][ResimProbe.Chaos] requests=101 grants=101 refused=0 refusedPerMille=0 repeat=0 clamped=0 depthMin=3 depthMax=4
LogOGResimProbe: Warning: [Warning][ResimProbe.Apply] prepares=101 finishes=101 abandoned=0 stuck=0 replayTicks=475 replayOverruns=0 freshProtects=0 staleProtects=0
LogOGResimProbe: Warning: [Warning][ResimProbe.Frame] role=Client simTicks=120 frames=200 meanTicksPerFrameX100=60 p50=1 p99=1 max=1 meanFrameUs=10000
LogOGResimProbe: Warning: [Warning][ResimProbe.Frame] role=Client cadence dFrame1=40 dFrame0=0 dFrameGt1=80 discont=0 numSteps total=120 max=1 gt1=0
LogOGResimProbe: Warning: [Warning][ResimProbe.Landing] class=LocallyPredicted behind=120 atFrontier=0 discarded=0 atFrontierPerMille=0 windowSamples=120
LogOGDivergenceProbe: Warning: [Warning][DivergenceProbe.Window] class=LocallyPredicted corrections=120 disagreed=120 ratePerMille=1000 windowSamples=120
LogOGResimProbe: Warning: [Warning][ResimProbe.Gate] checks=120 declined=21 requested=99 requestedPerMille=825 deepSkips=0 survivingAnchors=0
LogOGResimProbe: Warning: [Warning][ResimProbe.Chaos] requests=99 grants=99 refused=0 refusedPerMille=0 repeat=0 clamped=0 depthMin=3 depthMax=4
LogOGResimProbe: Warning: [Warning][ResimProbe.Apply] prepares=99 finishes=99 abandoned=0 stuck=0 replayTicks=475 replayOverruns=0 freshProtects=0 staleProtects=0
LogOGResimProbe: Warning: [Warning][ResimProbe.Frame] role=Client simTicks=120 frames=200 meanTicksPerFrameX100=60 p50=1 p99=1 max=1 meanFrameUs=10000
LogOGResimProbe: Warning: [Warning][ResimProbe.Frame] role=Client cadence dFrame1=40 dFrame0=0 dFrameGt1=80 discont=0 numSteps total=120 max=1 gt1=0
LogOGResimProbe: Warning: [Warning][ResimProbe.Landing] class=LocallyPredicted behind=120 atFrontier=0 discarded=0 atFrontierPerMille=0 windowSamples=120
LogOGDivergenceProbe: Warning: [Warning][DivergenceProbe.Window] class=LocallyPredicted corrections=120 disagreed=120 ratePerMille=1000 windowSamples=120
LogOGResimProbe: Warning: [Warning][ResimProbe.Gate] checks=120 declined=6 requested=114 requestedPerMille=950 deepSkips=0 survivingAnchors=0
LogOGResimProbe: Warning: [Warning][ResimProbe.Chaos] requests=114 grants=114 refused=0 refusedPerMille=0 repeat=0 clamped=0 depthMin=3 depthMax=4
LogOGResimProbe: Warning: [Warning][ResimProbe.Apply] prepares=114 finishes=114 abandoned=0 stuck=0 replayTicks=551 replayOverruns=0 freshProtects=0 staleProtects=0
LogOGResimProbe: Warning: [Warning][ResimProbe.Frame] role=Client simTicks=120 frames=200 meanTicksPerFrameX100=60 p50=1 p99=1 max=1 meanFrameUs=10000
LogOGResimProbe: Warning: [Warning][ResimProbe.Frame] role=Client cadence dFrame1=40 dFrame0=0 dFrameGt1=80 discont=0 numSteps total=120 max=1 gt1=0
LogOGResimProbe: Warning: [Warning][ResimProbe.Landing] class=LocallyPredicted behind=120 atFrontier=0 discarded=0 atFrontierPerMille=0 windowSamples=120
LogOGDivergenceProbe: Warning: [Warning][DivergenceProbe.Window] class=LocallyPredicted corrections=120 disagreed=120 ratePerMille=1000 windowSamples=120
LogOGResimProbe: Warning: [Warning][ResimProbe.Gate] checks=120 declined=16 requested=104 requestedPerMille=867 deepSkips=0 survivingAnchors=0
LogOGResimProbe: Warning: [Warning][ResimProbe.Chaos] requests=104 grants=104 refused=0 refusedPerMille=0 repeat=0 clamped=0 depthMin=3 depthMax=4
LogOGResimProbe: Warning: [Warning][ResimProbe.Apply] prepares=104 finishes=104 abandoned=0 stuck=0 replayTicks=498 replayOverruns=0 freshProtects=0 staleProtects=0
LogOGResimProbe: Warning: [Warning][ResimProbe.Frame] role=Client simTicks=120 frames=200 meanTicksPerFrameX100=60 p50=1 p99=1 max=1 meanFrameUs=10000
LogOGResimProbe: Warning: [Warning][ResimProbe.Frame] role=Client cadence dFrame1=40 dFrame0=0 dFrameGt1=80 discont=0 numSteps total=120 max=1 gt1=0
LogOGResimProbe: Warning: [Warning][ResimProbe.Landing] class=LocallyPredicted behind=120 atFrontier=0 discarded=0 atFrontierPerMille=0 windowSamples=120
LogOGDivergenceProbe: Warning: [Warning][DivergenceProbe.Window] class=LocallyPredicted corrections=120 disagreed=120 ratePerMille=1000 windowSamples=120
LogOGResimProbe: Warning: [Warning][ResimProbe.Gate] checks=120 declined=19 requested=101 requestedPerMille=842 deepSkips=0 survivingAnchors=0
LogOGResimProbe: Warning: [Warning][ResimProbe.Chaos] requests=101 grants=101 refused=0 refusedPerMille=0 repeat=0 clamped=0 depthMin=3 depthMax=4
LogOGResimProbe: Warning: [Warning][ResimProbe.Apply] prepares=101 finishes=101 abandoned=0 stuck=0 replayTicks=480 replayOverruns=0 freshProtects=0 staleProtects=0
LogOGResimProbe: Warning: [Warning][ResimProbe.Frame] role=Client simTicks=120 frames=200 meanTicksPerFrameX100=60 p50=1 p99=1 max=1 meanFrameUs=10000
LogOGResimProbe: Warning: [Warning][ResimProbe.Frame] role=Client cadence dFrame1=40 dFrame0=0 dFrameGt1=80 discont=0 numSteps total=120 max=1 gt1=0
LogOGResimProbe: Warning: [Warning][ResimProbe.Landing] class=LocallyPredicted behind=120 atFrontier=0 discarded=0 atFrontierPerMille=0 windowSamples=120
LogOGDivergenceProbe: Warning: [Warning][DivergenceProbe.Window] class=LocallyPredicted corrections=120 disagreed=120 ratePerMille=1000 windowSamples=120
LogOGResimProbe: Warning: [Warning][ResimProbe.Gate] checks=120 declined=32 requested=88 requestedPerMille=733 deepSkips=0 survivingAnchors=0
LogOGResimProbe: Warning: [Warning][ResimProbe.Chaos] requests=87 grants=87 refused=0 refusedPerMille=0 repeat=0 clamped=0 depthMin=3 depthMax=4
LogOGResimProbe: Warning: [Warning][ResimProbe.Apply] prepares=87 finishes=87 abandoned=0 stuck=0 replayTicks=380 replayOverruns=0 freshProtects=0 staleProtects=0
LogOGResimProbe: Warning: [Warning][ResimProbe.Frame] role=Client simTicks=120 frames=200 meanTicksPerFrameX100=60 p50=1 p99=1 max=1 meanFrameUs=10000
LogOGResimProbe: Warning: [Warning][ResimProbe.Frame] role=Client cadence dFrame1=40 dFrame0=0 dFrameGt1=80 discont=0 numSteps total=120 max=1 gt1=0
LogOGResimProbe: Warning: [Warning][ResimProbe.Landing] class=LocallyPredicted behind=120 atFrontier=0 discarded=0 atFrontierPerMille=0 windowSamples=120
LogOGDivergenceProbe: Warning: [Warning][DivergenceProbe.Window] class=LocallyPredicted corrections=120 disagreed=120 ratePerMille=1000 windowSamples=120
LogOGResimProbe: Warning: [Warning][ResimProbe.Gate] checks=120 declined=20 requested=100 requestedPerMille=833 deepSkips=0 survivingAnchors=0
LogOGResimProbe: Warning: [Warning][ResimProbe.Chaos] requests=101 grants=101 refused=0 refusedPerMille=0 repeat=0 clamped=0 depthMin=3 depthMax=4
LogOGResimProbe: Warning: [Warning][ResimProbe.Apply] prepares=101 finishes=101 abandoned=0 stuck=0 replayTicks=475 replayOverruns=0 freshProtects=0 staleProtects=0
LogOGResimProbe: Warning: [Warning][ResimProbe.Frame] role=Client simTicks=120 frames=200 meanTicksPerFrameX100=60 p50=1 p99=1 max=1 meanFrameUs=10000
LogOGResimProbe: Warning: [Warning][ResimProbe.Frame] role=Client cadence dFrame1=40 dFrame0=0 dFrameGt1=80 discont=0 numSteps total=120 max=1 gt1=0
LogOGResimProbe: Warning: [Warning][ResimProbe.Landing] class=LocallyPredicted behind=120 atFrontier=0 discarded=0 atFrontierPerMille=0 windowSamples=120
LogOGDivergenceProbe: Warning: [Warning][DivergenceProbe.Window] class=LocallyPredicted corrections=120 disagreed=120 ratePerMille=1000 windowSamples=120
LogOGResimProbe: Warning: [Warning][ResimProbe.Gate] checks=120 declined=10 requested=110 requestedPerMille=917 deepSkips=0 survivingAnchors=0
LogOGResimProbe: Warning: [Warning][ResimProbe.Chaos] requests=109 grants=109 refused=0 refusedPerMille=0 repeat=0 clamped=0 depthMin=3 depthMax=4
LogOGResimProbe: Warning: [Warning][ResimProbe.Apply] prepares=109 finishes=109 abandoned=0 stuck=0 replayTicks=537 replayOverruns=0 freshProtects=0 staleProtects=0
LogOGResimProbe: Warning: [Warning][ResimProbe.Frame] role=Client simTicks=120 frames=200 meanTicksPerFrameX100=60 p50=1 p99=1 max=1 meanFrameUs=9999
LogOGResimProbe: Warning: [Warning][ResimProbe.Frame] role=Client cadence dFrame1=40 dFrame0=0 dFrameGt1=80 discont=0 numSteps total=120 max=1 gt1=0
LogOGResimProbe: Warning: [Warning][ResimProbe.Landing] class=LocallyPredicted behind=120 atFrontier=0 discarded=0 atFrontierPerMille=0 windowSamples=120
LogOGDivergenceProbe: Warning: [Warning][DivergenceProbe.Window] class=LocallyPredicted corrections=120 disagreed=120 ratePerMille=1000 windowSamples=120
LogOGResimProbe: Warning: [Warning][ResimProbe.Gate] checks=120 declined=14 requested=106 requestedPerMille=883 deepSkips=0 survivingAnchors=0
LogOGResimProbe: Warning: [Warning][ResimProbe.Chaos] requests=106 grants=106 refused=0 refusedPerMille=0 repeat=0 clamped=0 depthMin=3 depthMax=4
LogOGResimProbe: Warning: [Warning][ResimProbe.Apply] prepares=106 finishes=106 abandoned=0 stuck=0 replayTicks=518 replayOverruns=0 freshProtects=0 staleProtects=0
LogOGResimProbe: Warning: [Warning][ResimProbe.Frame] role=Client simTicks=120 frames=200 meanTicksPerFrameX100=60 p50=1 p99=1 max=1 meanFrameUs=10000
LogOGResimProbe: Warning: [Warning][ResimProbe.Frame] role=Client cadence dFrame1=40 dFrame0=0 dFrameGt1=80 discont=0 numSteps total=120 max=1 gt1=0
LogOGResimProbe: Warning: [Warning][ResimProbe.Landing] class=LocallyPredicted behind=120 atFrontier=0 discarded=0 atFrontierPerMille=0 windowSamples=120
LogOGDivergenceProbe: Warning: [Warning][DivergenceProbe.Window] class=LocallyPredicted corrections=120 disagreed=120 ratePerMille=1000 windowSamples=120
LogOGResimProbe: Warning: [Warning][ResimProbe.Gate] checks=120 declined=0 requested=120 requestedPerMille=1000 deepSkips=0 survivingAnchors=0
LogOGResimProbe: Warning: [Warning][ResimProbe.Chaos] requests=120 grants=120 refused=0 refusedPerMille=0 repeat=0 clamped=0 depthMin=4 depthMax=4
LogOGResimProbe: Warning: [Warning][ResimProbe.Apply] prepares=120 finishes=120 abandoned=0 stuck=0 replayTicks=600 replayOverruns=0 freshProtects=0 staleProtects=0
LogOGResimProbe: Warning: [Warning][ResimProbe.Frame] role=Client simTicks=120 frames=200 meanTicksPerFrameX100=60 p50=1 p99=1 max=1 meanFrameUs=10000
LogOGResimProbe: Warning: [Warning][ResimProbe.Frame] role=Client cadence dFrame1=40 dFrame0=0 dFrameGt1=80 discont=0 numSteps total=120 max=1 gt1=0
LogOGResimProbe: Warning: [Warning][ResimProbe.Landing] class=LocallyPredicted behind=120 atFrontier=0 discarded=0 atFrontierPerMille=0 windowSamples=120
LogOGDivergenceProbe: Warning: [Warning][DivergenceProbe.Window] class=LocallyPredicted corrections=120 disagreed=120 ratePerMille=1000 windowSamples=120
LogOGResimProbe: Warning: [Warning][ResimProbe.Gate] checks=120 declined=28 requested=92 requestedPerMille=767 deepSkips=0 survivingAnchors=0
LogOGResimProbe: Warning: [Warning][ResimProbe.Chaos] requests=93 grants=93 refused=0 refusedPerMille=0 repeat=0 clamped=0 depthMin=3 depthMax=4
LogOGResimProbe: Warning: [Warning][ResimProbe.Apply] prepares=93 finishes=93 abandoned=0 stuck=0 replayTicks=432 replayOverruns=0 freshProtects=0 staleProtects=0
LogOGResimProbe: Warning: [Warning][ResimProbe.Frame] role=Client simTicks=120 frames=200 meanTicksPerFrameX100=60 p50=1 p99=1 max=1 meanFrameUs=10001
LogOGResimProbe: Warning: [Warning][ResimProbe.Frame] role=Client cadence dFrame1=40 dFrame0=0 dFrameGt1=80 discont=0 numSteps total=120 max=1 gt1=0
LogOGResimProbe: Warning: [Warning][ResimProbe.Landing] class=LocallyPredicted behind=120 atFrontier=0 discarded=0 atFrontierPerMille=0 windowSamples=120
LogOGDivergenceProbe: Warning: [Warning][DivergenceProbe.Window] class=LocallyPredicted corrections=120 disagreed=120 ratePerMille=1000 windowSamples=120
LogOGResimProbe: Warning: [Warning][ResimProbe.Gate] checks=120 declined=25 requested=95 requestedPerMille=792 deepSkips=0 survivingAnchors=0
LogOGResimProbe: Warning: [Warning][ResimProbe.Chaos] requests=95 grants=95 refused=0 refusedPerMille=0 repeat=0 clamped=0 depthMin=3 depthMax=4
LogOGResimProbe: Warning: [Warning][ResimProbe.Apply] prepares=95 finishes=95 abandoned=0 stuck=0 replayTicks=448 replayOverruns=0 freshProtects=0 staleProtects=0
LogOGResimProbe: Warning: [Warning][ResimProbe.Frame] role=Client simTicks=120 frames=200 meanTicksPerFrameX100=60 p50=1 p99=1 max=1 meanFrameUs=9999
LogOGResimProbe: Warning: [Warning][ResimProbe.Frame] role=Client cadence dFrame1=40 dFrame0=0 dFrameGt1=80 discont=0 numSteps total=120 max=1 gt1=0
LogOGResimProbe: Warning: [Warning][ResimProbe.Landing] class=LocallyPredicted behind=120 atFrontier=0 discarded=0 atFrontierPerMille=0 windowSamples=120
LogOGDivergenceProbe: Warning: [Warning][DivergenceProbe.Window] class=LocallyPredicted corrections=120 disagreed=120 ratePerMille=1000 windowSamples=120
LogOGResimProbe: Warning: [Warning][ResimProbe.Gate] checks=120 declined=21 requested=99 requestedPerMille=825 deepSkips=0 survivingAnchors=0
LogOGResimProbe: Warning: [Warning][ResimProbe.Chaos] requests=98 grants=98 refused=0 refusedPerMille=0 repeat=0 clamped=0 depthMin=3 depthMax=4
LogOGResimProbe: Warning: [Warning][ResimProbe.Apply] prepares=98 finishes=98 abandoned=0 stuck=0 replayTicks=468 replayOverruns=0 freshProtects=0 staleProtects=0
LogOGResimProbe: Warning: [Warning][ResimProbe.Frame] role=Client simTicks=120 frames=200 meanTicksPerFrameX100=60 p50=1 p99=1 max=1 meanFrameUs=10000
LogOGResimProbe: Warning: [Warning][ResimProbe.Frame] role=Client cadence dFrame1=40 dFrame0=0 dFrameGt1=80 discont=0 numSteps total=120 max=1 gt1=0
LogOGResimProbe: Warning: [Warning][ResimProbe.Landing] class=LocallyPredicted behind=120 atFrontier=0 discarded=0 atFrontierPerMille=0 windowSamples=120
LogOGDivergenceProbe: Warning: [Warning][DivergenceProbe.Window] class=LocallyPredicted corrections=120 disagreed=120 ratePerMille=1000 windowSamples=120
LogOGResimProbe: Warning: [Warning][ResimProbe.Gate] checks=120 declined=10 requested=110 requestedPerMille=917 deepSkips=0 survivingAnchors=0
LogOGResimProbe: Warning: [Warning][ResimProbe.Chaos] requests=111 grants=111 refused=0 refusedPerMille=0 repeat=0 clamped=0 depthMin=3 depthMax=4
LogOGResimProbe: Warning: [Warning][ResimProbe.Apply] prepares=111 finishes=111 abandoned=0 stuck=0 replayTicks=545 replayOverruns=0 freshProtects=0 staleProtects=0
LogOGResimProbe: Warning: [Warning][ResimProbe.Frame] role=Client simTicks=120 frames=200 meanTicksPerFrameX100=60 p50=1 p99=1 max=1 meanFrameUs=10000
LogOGResimProbe: Warning: [Warning][ResimProbe.Frame] role=Client cadence dFrame1=40 dFrame0=0 dFrameGt1=80 discont=0 numSteps total=120 max=1 gt1=0
LogOGResimProbe: Warning: [Warning][ResimProbe.Landing] class=LocallyPredicted behind=120 atFrontier=0 discarded=0 atFrontierPerMille=0 windowSamples=120
LogOGDivergenceProbe: Warning: [Warning][DivergenceProbe.Window] class=LocallyPredicted corrections=120 disagreed=120 ratePerMille=1000 windowSamples=120
LogOGResimProbe: Warning: [Warning][ResimProbe.Gate] checks=120 declined=22 requested=98 requestedPerMille=817 deepSkips=0 survivingAnchors=0
LogOGResimProbe: Warning: [Warning][ResimProbe.Chaos] requests=97 grants=97 refused=0 refusedPerMille=0 repeat=0 clamped=0 depthMin=3 depthMax=4
LogOGResimProbe: Warning: [Warning][ResimProbe.Apply] prepares=97 finishes=97 abandoned=0 stuck=0 replayTicks=461 replayOverruns=0 freshProtects=0 staleProtects=0
LogOGResimProbe: Warning: [Warning][ResimProbe.Frame] role=Client simTicks=120 frames=200 meanTicksPerFrameX100=60 p50=1 p99=1 max=1 meanFrameUs=9999
LogOGResimProbe: Warning: [Warning][ResimProbe.Frame] role=Client cadence dFrame1=40 dFrame0=0 dFrameGt1=80 discont=0 numSteps total=120 max=1 gt1=0
LogOGResimProbe: Warning: [Warning][ResimProbe.Landing] class=LocallyPredicted behind=120 atFrontier=0 discarded=0 atFrontierPerMille=0 windowSamples=120
LogOGDivergenceProbe: Warning: [Warning][DivergenceProbe.Window] class=LocallyPredicted corrections=120 disagreed=120 ratePerMille=1000 windowSamples=120
LogOGResimProbe: Warning: [Warning][ResimProbe.Gate] checks=120 declined=15 requested=105 requestedPerMille=875 deepSkips=0 survivingAnchors=0
LogOGResimProbe: Warning: [Warning][ResimProbe.Chaos] requests=106 grants=106 refused=0 refusedPerMille=0 repeat=0 clamped=0 depthMin=3 depthMax=4
LogOGResimProbe: Warning: [Warning][ResimProbe.Apply] prepares=106 finishes=106 abandoned=0 stuck=0 replayTicks=515 replayOverruns=0 freshProtects=0 staleProtects=0
LogOGResimProbe: Warning: [Warning][ResimProbe.Frame] role=Client simTicks=120 frames=200 meanTicksPerFrameX100=60 p50=1 p99=1 max=1 meanFrameUs=10004
LogOGResimProbe: Warning: [Warning][ResimProbe.Frame] role=Client cadence dFrame1=40 dFrame0=0 dFrameGt1=80 discont=0 numSteps total=120 max=1 gt1=0
LogOGResimProbe: Warning: [Warning][ResimProbe.Landing] class=LocallyPredicted behind=120 atFrontier=0 discarded=0 atFrontierPerMille=0 windowSamples=120
LogOGDivergenceProbe: Warning: [Warning][DivergenceProbe.Window] class=LocallyPredicted corrections=120 disagreed=120 ratePerMille=1000 windowSamples=120
LogOGResimProbe: Warning: [Warning][ResimProbe.Gate] checks=120 declined=14 requested=106 requestedPerMille=883 deepSkips=0 survivingAnchors=0
LogOGResimProbe: Warning: [Warning][ResimProbe.Chaos] requests=105 grants=105 refused=0 refusedPerMille=0 repeat=0 clamped=0 depthMin=3 depthMax=4
LogOGResimProbe: Warning: [Warning][ResimProbe.Apply] prepares=105 finishes=105 abandoned=0 stuck=0 replayTicks=506 replayOverruns=0 freshProtects=0 staleProtects=0
LogOGResimProbe: Warning: [Warning][ResimProbe.Frame] role=Client simTicks=120 frames=200 meanTicksPerFrameX100=60 p50=1 p99=1 max=1 meanFrameUs=9998
LogOGResimProbe: Warning: [Warning][ResimProbe.Frame] role=Client cadence dFrame1=40 dFrame0=0 dFrameGt1=80 discont=0 numSteps total=120 max=1 gt1=0
LogOGResimProbe: Warning: [Warning][ResimProbe.Landing] class=LocallyPredicted behind=120 atFrontier=0 discarded=0 atFrontierPerMille=0 windowSamples=120
LogOGDivergenceProbe: Warning: [Warning][DivergenceProbe.Window] class=LocallyPredicted corrections=120 disagreed=120 ratePerMille=1000 windowSamples=120
LogOGResimProbe: Warning: [Warning][ResimProbe.Gate] checks=120 declined=22 requested=98 requestedPerMille=817 deepSkips=0 survivingAnchors=0
LogOGResimProbe: Warning: [Warning][ResimProbe.Chaos] requests=98 grants=98 refused=0 refusedPerMille=0 repeat=0 clamped=0 depthMin=3 depthMax=4
LogOGResimProbe: Warning: [Warning][ResimProbe.Apply] prepares=98 finishes=98 abandoned=0 stuck=0 replayTicks=462 replayOverruns=0 freshProtects=0 staleProtects=0
LogOGResimProbe: Warning: [Warning][ResimProbe.Frame] role=Client simTicks=120 frames=200 meanTicksPerFrameX100=60 p50=1 p99=1 max=1 meanFrameUs=9999
LogOGResimProbe: Warning: [Warning][ResimProbe.Frame] role=Client cadence dFrame1=40 dFrame0=0 dFrameGt1=80 discont=0 numSteps total=120 max=1 gt1=0
LogOGResimProbe: Warning: [Warning][ResimProbe.Landing] class=LocallyPredicted behind=120 atFrontier=0 discarded=0 atFrontierPerMille=0 windowSamples=120
LogOGDivergenceProbe: Warning: [Warning][DivergenceProbe.Window] class=LocallyPredicted corrections=120 disagreed=120 ratePerMille=1000 windowSamples=120
LogOGResimProbe: Warning: [Warning][ResimProbe.Gate] checks=120 declined=10 requested=110 requestedPerMille=917 deepSkips=0 survivingAnchors=0
LogOGResimProbe: Warning: [Warning][ResimProbe.Chaos] requests=110 grants=110 refused=0 refusedPerMille=0 repeat=0 clamped=0 depthMin=3 depthMax=4
LogOGResimProbe: Warning: [Warning][ResimProbe.Apply] prepares=110 finishes=110 abandoned=0 stuck=0 replayTicks=536 replayOverruns=0 freshProtects=0 staleProtects=0
LogOGResimProbe: Warning: [Warning][ResimProbe.Frame] role=Client simTicks=120 frames=200 meanTicksPerFrameX100=60 p50=1 p99=1 max=1 meanFrameUs=10000
LogOGResimProbe: Warning: [Warning][ResimProbe.Frame] role=Client cadence dFrame1=40 dFrame0=0 dFrameGt1=80 discont=0 numSteps total=120 max=1 gt1=0
LogOGResimProbe: Warning: [Warning][ResimProbe.Landing] class=LocallyPredicted behind=120 atFrontier=0 discarded=0 atFrontierPerMille=0 windowSamples=120
LogOGDivergenceProbe: Warning: [Warning][DivergenceProbe.Window] class=LocallyPredicted corrections=120 disagreed=120 ratePerMille=1000 windowSamples=120
LogOGResimProbe: Warning: [Warning][ResimProbe.Gate] checks=120 declined=6 requested=114 requestedPerMille=950 deepSkips=0 survivingAnchors=0
LogOGResimProbe: Warning: [Warning][ResimProbe.Chaos] requests=115 grants=115 refused=0 refusedPerMille=0 repeat=0 clamped=0 depthMin=3 depthMax=4
LogOGResimProbe: Warning: [Warning][ResimProbe.Apply] prepares=115 finishes=115 abandoned=0 stuck=0 replayTicks=569 replayOverruns=0 freshProtects=0 staleProtects=0
LogOGResimProbe: Warning: [Warning][ResimProbe.Frame] role=Client simTicks=120 frames=200 meanTicksPerFrameX100=60 p50=1 p99=1 max=1 meanFrameUs=9999
LogOGResimProbe: Warning: [Warning][ResimProbe.Frame] role=Client cadence dFrame1=40 dFrame0=0 dFrameGt1=80 discont=0 numSteps total=120 max=1 gt1=0
LogOGResimProbe: Warning: [Warning][ResimProbe.Landing] class=LocallyPredicted behind=120 atFrontier=0 discarded=0 atFrontierPerMille=0 windowSamples=120
LogOGDivergenceProbe: Warning: [Warning][DivergenceProbe.Window] class=LocallyPredicted corrections=120 disagreed=120 ratePerMille=1000 windowSamples=120
LogOGResimProbe: Warning: [Warning][ResimProbe.Gate] checks=120 declined=8 requested=112 requestedPerMille=933 deepSkips=0 survivingAnchors=0
LogOGResimProbe: Warning: [Warning][ResimProbe.Chaos] requests=111 grants=111 refused=0 refusedPerMille=0 repeat=0 clamped=0 depthMin=3 depthMax=4
LogOGResimProbe: Warning: [Warning][ResimProbe.Apply] prepares=111 finishes=111 abandoned=0 stuck=0 replayTicks=544 replayOverruns=0 freshProtects=0 staleProtects=0
LogOGResimProbe: Warning: [Warning][ResimProbe.Frame] role=Client simTicks=120 frames=200 meanTicksPerFrameX100=60 p50=1 p99=1 max=1 meanFrameUs=9999
LogOGResimProbe: Warning: [Warning][ResimProbe.Frame] role=Client cadence dFrame1=40 dFrame0=0 dFrameGt1=80 discont=0 numSteps total=120 max=1 gt1=0
LogOGResimProbe: Warning: [Warning][ResimProbe.Landing] class=LocallyPredicted behind=120 atFrontier=0 discarded=0 atFrontierPerMille=0 windowSamples=120
LogOGDivergenceProbe: Warning: [Warning][DivergenceProbe.Window] class=LocallyPredicted corrections=120 disagreed=120 ratePerMille=1000 windowSamples=120
LogOGResimProbe: Warning: [Warning][ResimProbe.Gate] checks=120 declined=14 requested=106 requestedPerMille=883 deepSkips=0 survivingAnchors=0
LogOGResimProbe: Warning: [Warning][ResimProbe.Chaos] requests=106 grants=106 refused=0 refusedPerMille=0 repeat=0 clamped=0 depthMin=3 depthMax=4
LogOGResimProbe: Warning: [Warning][ResimProbe.Apply] prepares=106 finishes=106 abandoned=0 stuck=0 replayTicks=514 replayOverruns=0 freshProtects=0 staleProtects=0
LogOGResimProbe: Warning: [Warning][ResimProbe.Frame] role=Client simTicks=120 frames=200 meanTicksPerFrameX100=60 p50=1 p99=1 max=1 meanFrameUs=10000
LogOGResimProbe: Warning: [Warning][ResimProbe.Frame] role=Client cadence dFrame1=40 dFrame0=0 dFrameGt1=80 discont=0 numSteps total=120 max=1 gt1=0
LogOGResimProbe: Warning: [Warning][ResimProbe.Landing] class=LocallyPredicted behind=120 atFrontier=0 discarded=0 atFrontierPerMille=0 windowSamples=120
LogOGDivergenceProbe: Warning: [Warning][DivergenceProbe.Window] class=LocallyPredicted corrections=120 disagreed=120 ratePerMille=1000 windowSamples=120
LogOGResimProbe: Warning: [Warning][ResimProbe.Gate] checks=120 declined=7 requested=113 requestedPerMille=942 deepSkips=0 survivingAnchors=0
LogOGResimProbe: Warning: [Warning][ResimProbe.Chaos] requests=114 grants=114 refused=0 refusedPerMille=0 repeat=0 clamped=0 depthMin=3 depthMax=4
LogOGResimProbe: Warning: [Warning][ResimProbe.Apply] prepares=114 finishes=114 abandoned=0 stuck=0 replayTicks=561 replayOverruns=0 freshProtects=0 staleProtects=0
LogOGResimProbe: Warning: [Warning][ResimProbe.Frame] role=Client simTicks=120 frames=200 meanTicksPerFrameX100=60 p50=1 p99=1 max=1 meanFrameUs=9999
LogOGResimProbe: Warning: [Warning][ResimProbe.Frame] role=Client cadence dFrame1=40 dFrame0=0 dFrameGt1=80 discont=0 numSteps total=120 max=1 gt1=0
LogOGResimProbe: Warning: [Warning][ResimProbe.Landing] class=LocallyPredicted behind=120 atFrontier=0 discarded=0 atFrontierPerMille=0 windowSamples=120
LogOGDivergenceProbe: Warning: [Warning][DivergenceProbe.Window] class=LocallyPredicted corrections=120 disagreed=120 ratePerMille=1000 windowSamples=120
LogOGResimProbe: Warning: [Warning][ResimProbe.Gate] checks=120 declined=22 requested=98 requestedPerMille=817 deepSkips=0 survivingAnchors=0
LogOGResimProbe: Warning: [Warning][ResimProbe.Chaos] requests=97 grants=97 refused=0 refusedPerMille=0 repeat=0 clamped=0 depthMin=3 depthMax=4
LogOGResimProbe: Warning: [Warning][ResimProbe.Apply] prepares=97 finishes=97 abandoned=0 stuck=0 replayTicks=461 replayOverruns=0 freshProtects=0 staleProtects=0
LogOGResimProbe: Warning: [Warning][ResimProbe.Frame] role=Client simTicks=120 frames=200 meanTicksPerFrameX100=60 p50=1 p99=1 max=1 meanFrameUs=10000
LogOGResimProbe: Warning: [Warning][ResimProbe.Frame] role=Client cadence dFrame1=40 dFrame0=0 dFrameGt1=80 discont=0 numSteps total=120 max=1 gt1=0
LogOGResimProbe: Warning: [Warning][ResimProbe.Landing] class=LocallyPredicted behind=120 atFrontier=0 discarded=0 atFrontierPerMille=0 windowSamples=120
LogOGDivergenceProbe: Warning: [Warning][DivergenceProbe.Window] class=LocallyPredicted corrections=120 disagreed=120 ratePerMille=1000 windowSamples=120
LogOGResimProbe: Warning: [Warning][ResimProbe.Gate] checks=120 declined=12 requested=108 requestedPerMille=900 deepSkips=0 survivingAnchors=0
LogOGResimProbe: Warning: [Warning][ResimProbe.Chaos] requests=108 grants=108 refused=0 refusedPerMille=0 repeat=0 clamped=0 depthMin=3 depthMax=4
LogOGResimProbe: Warning: [Warning][ResimProbe.Apply] prepares=108 finishes=108 abandoned=0 stuck=0 replayTicks=531 replayOverruns=0 freshProtects=0 staleProtects=0
LogOGResimProbe: Warning: [Warning][ResimProbe.Frame] role=Client simTicks=120 frames=200 meanTicksPerFrameX100=60 p50=1 p99=1 max=1 meanFrameUs=10000
LogOGResimProbe: Warning: [Warning][ResimProbe.Frame] role=Client cadence dFrame1=40 dFrame0=0 dFrameGt1=80 discont=0 numSteps total=120 max=1 gt1=0
LogOGResimProbe: Warning: [Warning][ResimProbe.Landing] class=LocallyPredicted behind=120 atFrontier=0 discarded=0 atFrontierPerMille=0 windowSamples=120
LogOGDivergenceProbe: Warning: [Warning][DivergenceProbe.Window] class=LocallyPredicted corrections=120 disagreed=120 ratePerMille=1000 windowSamples=120
LogOGResimProbe: Warning: [Warning][ResimProbe.Gate] checks=120 declined=15 requested=105 requestedPerMille=875 deepSkips=0 survivingAnchors=0
LogOGResimProbe: Warning: [Warning][ResimProbe.Chaos] requests=105 grants=105 refused=0 refusedPerMille=0 repeat=0 clamped=0 depthMin=3 depthMax=4
LogOGResimProbe: Warning: [Warning][ResimProbe.Apply] prepares=105 finishes=105 abandoned=0 stuck=0 replayTicks=509 replayOverruns=0 freshProtects=0 staleProtects=0
LogOGResimProbe: Warning: [Warning][ResimProbe.Frame] role=Client simTicks=120 frames=200 meanTicksPerFrameX100=60 p50=1 p99=1 max=1 meanFrameUs=9999
LogOGResimProbe: Warning: [Warning][ResimProbe.Frame] role=Client cadence dFrame1=40 dFrame0=0 dFrameGt1=80 discont=0 numSteps total=120 max=1 gt1=0
LogOGResimProbe: Warning: [Warning][ResimProbe.Landing] class=LocallyPredicted behind=120 atFrontier=0 discarded=0 atFrontierPerMille=0 windowSamples=120
LogOGDivergenceProbe: Warning: [Warning][DivergenceProbe.Window] class=LocallyPredicted corrections=120 disagreed=120 ratePerMille=1000 windowSamples=120
LogOGResimProbe: Warning: [Warning][ResimProbe.Gate] checks=120 declined=0 requested=120 requestedPerMille=1000 deepSkips=0 survivingAnchors=0
LogOGResimProbe: Warning: [Warning][ResimProbe.Chaos] requests=120 grants=120 refused=0 refusedPerMille=0 repeat=0 clamped=0 depthMin=4 depthMax=4
LogOGResimProbe: Warning: [Warning][ResimProbe.Apply] prepares=120 finishes=120 abandoned=0 stuck=0 replayTicks=600 replayOverruns=0 freshProtects=0 staleProtects=0
LogOGResimProbe: Warning: [Warning][ResimProbe.Frame] role=Client simTicks=120 frames=200 meanTicksPerFrameX100=60 p50=1 p99=1 max=1 meanFrameUs=9999
LogOGResimProbe: Warning: [Warning][ResimProbe.Frame] role=Client cadence dFrame1=40 dFrame0=0 dFrameGt1=80 discont=0 numSteps total=120 max=1 gt1=0
LogOGResimProbe: Warning: [Warning][ResimProbe.Landing] class=LocallyPredicted behind=120 atFrontier=0 discarded=0 atFrontierPerMille=0 windowSamples=120
LogOGDivergenceProbe: Warning: [Warning][DivergenceProbe.Window] class=LocallyPredicted corrections=120 disagreed=120 ratePerMille=1000 windowSamples=120
LogOGResimProbe: Warning: [Warning][ResimProbe.Gate] checks=120 declined=19 requested=101 requestedPerMille=842 deepSkips=0 survivingAnchors=0
LogOGResimProbe: Warning: [Warning][ResimProbe.Chaos] requests=101 grants=101 refused=0 refusedPerMille=0 repeat=0 clamped=0 depthMin=3 depthMax=4
LogOGResimProbe: Warning: [Warning][ResimProbe.Apply] prepares=101 finishes=101 abandoned=0 stuck=0 replayTicks=485 replayOverruns=0 freshProtects=0 staleProtects=0
LogOGResimProbe: Warning: [Warning][ResimProbe.Frame] role=Client simTicks=120 frames=200 meanTicksPerFrameX100=60 p50=1 p99=1 max=1 meanFrameUs=10000
LogOGResimProbe: Warning: [Warning][ResimProbe.Frame] role=Client cadence dFrame1=40 dFrame0=0 dFrameGt1=80 discont=0 numSteps total=120 max=1 gt1=0
LogOGResimProbe: Warning: [Warning][ResimProbe.Landing] class=LocallyPredicted behind=120 atFrontier=0 discarded=0 atFrontierPerMille=0 windowSamples=120
LogOGDivergenceProbe: Warning: [Warning][DivergenceProbe.Window] class=LocallyPredicted corrections=120 disagreed=120 ratePerMille=1000 windowSamples=120
LogOGResimProbe: Warning: [Warning][ResimProbe.Gate] checks=120 declined=6 requested=114 requestedPerMille=950 deepSkips=0 survivingAnchors=0
LogOGResimProbe: Warning: [Warning][ResimProbe.Chaos] requests=114 grants=114 refused=0 refusedPerMille=0 repeat=0 clamped=0 depthMin=3 depthMax=4
LogOGResimProbe: Warning: [Warning][ResimProbe.Apply] prepares=114 finishes=114 abandoned=0 stuck=0 replayTicks=565 replayOverruns=0 freshProtects=0 staleProtects=0
LogOGResimProbe: Warning: [Warning][ResimProbe.Frame] role=Client simTicks=120 frames=200 meanTicksPerFrameX100=60 p50=1 p99=1 max=1 meanFrameUs=10000
LogOGResimProbe: Warning: [Warning][ResimProbe.Frame] role=Client cadence dFrame1=40 dFrame0=0 dFrameGt1=80 discont=0 numSteps total=120 max=1 gt1=0
LogOGResimProbe: Warning: [Warning][ResimProbe.Landing] class=LocallyPredicted behind=120 atFrontier=0 discarded=0 atFrontierPerMille=0 windowSamples=120
LogOGDivergenceProbe: Warning: [Warning][DivergenceProbe.Window] class=LocallyPredicted corrections=120 disagreed=120 ratePerMille=1000 windowSamples=120
LogOGResimProbe: Warning: [Warning][ResimProbe.Gate] checks=120 declined=14 requested=106 requestedPerMille=883 deepSkips=0 survivingAnchors=0
LogOGResimProbe: Warning: [Warning][ResimProbe.Chaos] requests=106 grants=106 refused=0 refusedPerMille=0 repeat=0 clamped=0 depthMin=3 depthMax=4
LogOGResimProbe: Warning: [Warning][ResimProbe.Apply] prepares=106 finishes=106 abandoned=0 stuck=0 replayTicks=512 replayOverruns=0 freshProtects=0 staleProtects=0
LogOGResimProbe: Warning: [Warning][ResimProbe.Frame] role=Client simTicks=120 frames=200 meanTicksPerFrameX100=60 p50=1 p99=1 max=1 meanFrameUs=9999
LogOGResimProbe: Warning: [Warning][ResimProbe.Frame] role=Client cadence dFrame1=40 dFrame0=0 dFrameGt1=80 discont=0 numSteps total=120 max=1 gt1=0
LogOGResimProbe: Warning: [Warning][ResimProbe.Landing] class=LocallyPredicted behind=120 atFrontier=0 discarded=0 atFrontierPerMille=0 windowSamples=120
LogOGDivergenceProbe: Warning: [Warning][DivergenceProbe.Window] class=LocallyPredicted corrections=120 disagreed=120 ratePerMille=1000 windowSamples=120
LogOGResimProbe: Warning: [Warning][ResimProbe.Gate] checks=120 declined=15 requested=105 requestedPerMille=875 deepSkips=0 survivingAnchors=0
LogOGResimProbe: Warning: [Warning][ResimProbe.Chaos] requests=105 grants=105 refused=0 refusedPerMille=0 repeat=0 clamped=0 depthMin=3 depthMax=4
LogOGResimProbe: Warning: [Warning][ResimProbe.Apply] prepares=105 finishes=105 abandoned=0 stuck=0 replayTicks=510 replayOverruns=0 freshProtects=0 staleProtects=0
LogOGResimProbe: Warning: [Warning][ResimProbe.Frame] role=Client simTicks=120 frames=200 meanTicksPerFrameX100=60 p50=1 p99=1 max=1 meanFrameUs=10000
LogOGResimProbe: Warning: [Warning][ResimProbe.Frame] role=Client cadence dFrame1=40 dFrame0=0 dFrameGt1=80 discont=0 numSteps total=120 max=1 gt1=0
LogOGResimProbe: Warning: [Warning][ResimProbe.Landing] class=LocallyPredicted behind=120 atFrontier=0 discarded=0 atFrontierPerMille=0 windowSamples=120
LogOGDivergenceProbe: Warning: [Warning][DivergenceProbe.Window] class=LocallyPredicted corrections=120 disagreed=120 ratePerMille=1000 windowSamples=120
LogOGResimProbe: Warning: [Warning][ResimProbe.Gate] checks=120 declined=1 requested=119 requestedPerMille=992 deepSkips=0 survivingAnchors=0
LogOGResimProbe: Warning: [Warning][ResimProbe.Chaos] requests=119 grants=119 refused=0 refusedPerMille=0 repeat=0 clamped=0 depthMin=3 depthMax=4
LogOGResimProbe: Warning: [Warning][ResimProbe.Apply] prepares=119 finishes=119 abandoned=0 stuck=0 replayTicks=594 replayOverruns=0 freshProtects=0 staleProtects=0
LogOGResimProbe: Warning: [Warning][ResimProbe.Frame] role=Client simTicks=120 frames=200 meanTicksPerFrameX100=60 p50=1 p99=1 max=1 meanFrameUs=9999
LogOGResimProbe: Warning: [Warning][ResimProbe.Frame] role=Client cadence dFrame1=40 dFrame0=0 dFrameGt1=80 discont=0 numSteps total=120 max=1 gt1=0
LogOGResimProbe: Warning: [Warning][ResimProbe.Landing] class=LocallyPredicted behind=120 atFrontier=0 discarded=0 atFrontierPerMille=0 windowSamples=120
LogOGDivergenceProbe: Warning: [Warning][DivergenceProbe.Window] class=LocallyPredicted corrections=120 disagreed=120 ratePerMille=1000 windowSamples=120
LogOGResimProbe: Warning: [Warning][ResimProbe.Gate] checks=120 declined=13 requested=107 requestedPerMille=892 deepSkips=0 survivingAnchors=0
LogOGResimProbe: Warning: [Warning][ResimProbe.Chaos] requests=107 grants=107 refused=0 refusedPerMille=0 repeat=0 clamped=0 depthMin=3 depthMax=4
LogOGResimProbe: Warning: [Warning][ResimProbe.Apply] prepares=107 finishes=107 abandoned=0 stuck=0 replayTicks=519 replayOverruns=0 freshProtects=0 staleProtects=0
LogOGResimProbe: Warning: [Warning][ResimProbe.Frame] role=Client simTicks=120 frames=200 meanTicksPerFrameX100=60 p50=1 p99=1 max=1 meanFrameUs=9999
LogOGResimProbe: Warning: [Warning][ResimProbe.Frame] role=Client cadence dFrame1=40 dFrame0=0 dFrameGt1=80 discont=0 numSteps total=120 max=1 gt1=0
LogOGResimProbe: Warning: [Warning][ResimProbe.Landing] class=LocallyPredicted behind=120 atFrontier=0 discarded=0 atFrontierPerMille=0 windowSamples=120
LogOGResimProbe: Warning: [Warning][ResimProbe.Gate] checks=120 declined=25 requested=95 requestedPerMille=792 deepSkips=0 survivingAnchors=0
LogOGResimProbe: Warning: [Warning][ResimProbe.Chaos] requests=95 grants=95 refused=0 refusedPerMille=0 repeat=0 clamped=0 depthMin=3 depthMax=4
LogOGResimProbe: Warning: [Warning][ResimProbe.Apply] prepares=95 finishes=95 abandoned=0 stuck=0 replayTicks=444 replayOverruns=0 freshProtects=0 staleProtects=0
LogOGResimProbe: Warning: [Warning][ResimProbe.Frame] role=Client simTicks=120 frames=200 meanTicksPerFrameX100=60 p50=1 p99=1 max=1 meanFrameUs=10000
LogOGResimProbe: Warning: [Warning][ResimProbe.Frame] role=Client cadence dFrame1=40 dFrame0=0 dFrameGt1=80 discont=0 numSteps total=120 max=1 gt1=0
LogOGDivergenceProbe: Warning: [Warning][DivergenceProbe.Window] class=LocallyPredicted corrections=120 disagreed=120 ratePerMille=1000 windowSamples=120
LogOGResimProbe: Warning: [Warning][ResimProbe.Landing] class=LocallyPredicted behind=120 atFrontier=0 discarded=0 atFrontierPerMille=0 windowSamples=120
LogOGResimProbe: Warning: [Warning][ResimProbe.Gate] checks=120 declined=10 requested=110 requestedPerMille=917 deepSkips=0 survivingAnchors=0
LogOGResimProbe: Warning: [Warning][ResimProbe.Chaos] requests=111 grants=111 refused=0 refusedPerMille=0 repeat=0 clamped=0 depthMin=3 depthMax=4
LogOGResimProbe: Warning: [Warning][ResimProbe.Apply] prepares=111 finishes=111 abandoned=0 stuck=0 replayTicks=545 replayOverruns=0 freshProtects=0 staleProtects=0
LogOGResimProbe: Warning: [Warning][ResimProbe.Frame] role=Client simTicks=120 frames=200 meanTicksPerFrameX100=60 p50=1 p99=1 max=1 meanFrameUs=10000
LogOGResimProbe: Warning: [Warning][ResimProbe.Frame] role=Client cadence dFrame1=40 dFrame0=0 dFrameGt1=80 discont=0 numSteps total=120 max=1 gt1=0
LogOGDivergenceProbe: Warning: [Warning][DivergenceProbe.Window] class=LocallyPredicted corrections=120 disagreed=120 ratePerMille=1000 windowSamples=120
LogOGResimProbe: Warning: [Warning][ResimProbe.Gate] checks=120 declined=14 requested=106 requestedPerMille=883 deepSkips=0 survivingAnchors=0
LogOGResimProbe: Warning: [Warning][ResimProbe.Chaos] requests=105 grants=105 refused=0 refusedPerMille=0 repeat=0 clamped=0 depthMin=3 depthMax=4
LogOGResimProbe: Warning: [Warning][ResimProbe.Apply] prepares=105 finishes=105 abandoned=0 stuck=0 replayTicks=501 replayOverruns=0 freshProtects=0 staleProtects=0
LogOGResimProbe: Warning: [Warning][ResimProbe.Landing] class=LocallyPredicted behind=120 atFrontier=0 discarded=0 atFrontierPerMille=0 windowSamples=120
LogOGResimProbe: Warning: [Warning][ResimProbe.Frame] role=Client simTicks=120 frames=200 meanTicksPerFrameX100=60 p50=1 p99=1 max=1 meanFrameUs=10000
LogOGResimProbe: Warning: [Warning][ResimProbe.Frame] role=Client cadence dFrame1=40 dFrame0=0 dFrameGt1=80 discont=0 numSteps total=120 max=1 gt1=0
LogOGDivergenceProbe: Warning: [Warning][DivergenceProbe.Window] class=LocallyPredicted corrections=120 disagreed=120 ratePerMille=1000 windowSamples=120
LogOGResimProbe: Warning: [Warning][ResimProbe.Gate] checks=120 declined=9 requested=111 requestedPerMille=925 deepSkips=0 survivingAnchors=0
LogOGResimProbe: Warning: [Warning][ResimProbe.Chaos] requests=112 grants=112 refused=0 refusedPerMille=0 repeat=0 clamped=0 depthMin=3 depthMax=4
LogOGResimProbe: Warning: [Warning][ResimProbe.Apply] prepares=112 finishes=112 abandoned=0 stuck=0 replayTicks=549 replayOverruns=0 freshProtects=0 staleProtects=0
LogOGResimProbe: Warning: [Warning][ResimProbe.Landing] class=LocallyPredicted behind=120 atFrontier=0 discarded=0 atFrontierPerMille=0 windowSamples=120
LogOGResimProbe: Warning: [Warning][ResimProbe.Frame] role=Client simTicks=120 frames=200 meanTicksPerFrameX100=60 p50=1 p99=1 max=1 meanFrameUs=10001
LogOGResimProbe: Warning: [Warning][ResimProbe.Frame] role=Client cadence dFrame1=40 dFrame0=0 dFrameGt1=80 discont=0 numSteps total=120 max=1 gt1=0
LogOGDivergenceProbe: Warning: [Warning][DivergenceProbe.Window] class=LocallyPredicted corrections=120 disagreed=120 ratePerMille=1000 windowSamples=120
LogOGResimProbe: Warning: [Warning][ResimProbe.Gate] checks=120 declined=25 requested=95 requestedPerMille=792 deepSkips=0 survivingAnchors=0
LogOGResimProbe: Warning: [Warning][ResimProbe.Chaos] requests=95 grants=95 refused=0 refusedPerMille=0 repeat=0 clamped=0 depthMin=3 depthMax=4
LogOGResimProbe: Warning: [Warning][ResimProbe.Apply] prepares=95 finishes=95 abandoned=0 stuck=0 replayTicks=444 replayOverruns=0 freshProtects=0 staleProtects=0
LogOGResimProbe: Warning: [Warning][ResimProbe.Landing] class=LocallyPredicted behind=120 atFrontier=0 discarded=0 atFrontierPerMille=0 windowSamples=120
LogOGResimProbe: Warning: [Warning][ResimProbe.Frame] role=Client simTicks=120 frames=200 meanTicksPerFrameX100=60 p50=1 p99=1 max=1 meanFrameUs=9999
LogOGResimProbe: Warning: [Warning][ResimProbe.Frame] role=Client cadence dFrame1=40 dFrame0=0 dFrameGt1=80 discont=0 numSteps total=120 max=1 gt1=0
LogOGDivergenceProbe: Warning: [Warning][DivergenceProbe.Window] class=LocallyPredicted corrections=120 disagreed=120 ratePerMille=1000 windowSamples=120
LogOGResimProbe: Warning: [Warning][ResimProbe.Gate] checks=120 declined=15 requested=105 requestedPerMille=875 deepSkips=0 survivingAnchors=0
LogOGResimProbe: Warning: [Warning][ResimProbe.Chaos] requests=104 grants=104 refused=0 refusedPerMille=0 repeat=0 clamped=0 depthMin=3 depthMax=4
LogOGResimProbe: Warning: [Warning][ResimProbe.Apply] prepares=104 finishes=104 abandoned=0 stuck=0 replayTicks=504 replayOverruns=0 freshProtects=0 staleProtects=0
LogOGResimProbe: Warning: [Warning][ResimProbe.Landing] class=LocallyPredicted behind=120 atFrontier=0 discarded=0 atFrontierPerMille=0 windowSamples=120
LogOGResimProbe: Warning: [Warning][ResimProbe.Frame] role=Client simTicks=120 frames=200 meanTicksPerFrameX100=60 p50=1 p99=1 max=1 meanFrameUs=9999
LogOGResimProbe: Warning: [Warning][ResimProbe.Frame] role=Client cadence dFrame1=40 dFrame0=0 dFrameGt1=80 discont=0 numSteps total=120 max=1 gt1=0
LogOGDivergenceProbe: Warning: [Warning][DivergenceProbe.Window] class=LocallyPredicted corrections=120 disagreed=120 ratePerMille=1000 windowSamples=120
LogOGResimProbe: Warning: [Warning][ResimProbe.Gate] checks=120 declined=19 requested=101 requestedPerMille=842 deepSkips=0 survivingAnchors=0
LogOGResimProbe: Warning: [Warning][ResimProbe.Chaos] requests=101 grants=101 refused=0 refusedPerMille=0 repeat=0 clamped=0 depthMin=3 depthMax=4
LogOGResimProbe: Warning: [Warning][ResimProbe.Apply] prepares=101 finishes=101 abandoned=0 stuck=0 replayTicks=475 replayOverruns=0 freshProtects=0 staleProtects=0
LogOGResimProbe: Warning: [Warning][ResimProbe.Landing] class=LocallyPredicted behind=120 atFrontier=0 discarded=0 atFrontierPerMille=0 windowSamples=120
LogOGResimProbe: Warning: [Warning][ResimProbe.Frame] role=Client simTicks=120 frames=200 meanTicksPerFrameX100=60 p50=1 p99=1 max=1 meanFrameUs=10000
LogOGResimProbe: Warning: [Warning][ResimProbe.Frame] role=Client cadence dFrame1=40 dFrame0=0 dFrameGt1=80 discont=0 numSteps total=120 max=1 gt1=0
LogOGDivergenceProbe: Warning: [Warning][DivergenceProbe.Window] class=LocallyPredicted corrections=120 disagreed=120 ratePerMille=1000 windowSamples=120
LogOGResimProbe: Warning: [Warning][ResimProbe.Gate] checks=120 declined=27 requested=93 requestedPerMille=775 deepSkips=0 survivingAnchors=0
LogOGResimProbe: Warning: [Warning][ResimProbe.Chaos] requests=93 grants=93 refused=0 refusedPerMille=0 repeat=0 clamped=0 depthMin=3 depthMax=4
LogOGResimProbe: Warning: [Warning][ResimProbe.Apply] prepares=93 finishes=93 abandoned=0 stuck=0 replayTicks=430 replayOverruns=0 freshProtects=0 staleProtects=0
LogOGResimProbe: Warning: [Warning][ResimProbe.Frame] role=Client simTicks=120 frames=200 meanTicksPerFrameX100=60 p50=1 p99=1 max=1 meanFrameUs=10000
LogOGResimProbe: Warning: [Warning][ResimProbe.Frame] role=Client cadence dFrame1=40 dFrame0=0 dFrameGt1=80 discont=0 numSteps total=120 max=1 gt1=0
LogOGResimProbe: Warning: [Warning][ResimProbe.Landing] class=LocallyPredicted behind=120 atFrontier=0 discarded=0 atFrontierPerMille=0 windowSamples=120
LogOGDivergenceProbe: Warning: [Warning][DivergenceProbe.Window] class=LocallyPredicted corrections=120 disagreed=120 ratePerMille=1000 windowSamples=120
LogOGResimProbe: Warning: [Warning][ResimProbe.Gate] checks=120 declined=16 requested=104 requestedPerMille=867 deepSkips=0 survivingAnchors=0
LogOGResimProbe: Warning: [Warning][ResimProbe.Chaos] requests=105 grants=105 refused=0 refusedPerMille=0 repeat=0 clamped=0 depthMin=3 depthMax=4
LogOGResimProbe: Warning: [Warning][ResimProbe.Apply] prepares=105 finishes=105 abandoned=0 stuck=0 replayTicks=507 replayOverruns=0 freshProtects=0 staleProtects=0
LogOGResimProbe: Warning: [Warning][ResimProbe.Landing] class=LocallyPredicted behind=120 atFrontier=0 discarded=0 atFrontierPerMille=0 windowSamples=120
LogOGResimProbe: Warning: [Warning][ResimProbe.Frame] role=Client simTicks=120 frames=200 meanTicksPerFrameX100=60 p50=1 p99=1 max=1 meanFrameUs=10000
LogOGResimProbe: Warning: [Warning][ResimProbe.Frame] role=Client cadence dFrame1=40 dFrame0=0 dFrameGt1=80 discont=0 numSteps total=120 max=1 gt1=0
LogOGDivergenceProbe: Warning: [Warning][DivergenceProbe.Window] class=LocallyPredicted corrections=120 disagreed=120 ratePerMille=1000 windowSamples=120
LogOGResimProbe: Warning: [Warning][ResimProbe.Gate] checks=120 declined=19 requested=101 requestedPerMille=842 deepSkips=0 survivingAnchors=0
LogOGResimProbe: Warning: [Warning][ResimProbe.Chaos] requests=101 grants=101 refused=0 refusedPerMille=0 repeat=0 clamped=0 depthMin=3 depthMax=4
LogOGResimProbe: Warning: [Warning][ResimProbe.Apply] prepares=101 finishes=101 abandoned=0 stuck=0 replayTicks=470 replayOverruns=0 freshProtects=0 staleProtects=0
LogOGResimProbe: Warning: [Warning][ResimProbe.Frame] role=Client simTicks=120 frames=200 meanTicksPerFrameX100=60 p50=1 p99=1 max=1 meanFrameUs=9999
LogOGResimProbe: Warning: [Warning][ResimProbe.Frame] role=Client cadence dFrame1=40 dFrame0=0 dFrameGt1=80 discont=0 numSteps total=120 max=1 gt1=0
LogOGResimProbe: Warning: [Warning][ResimProbe.Landing] class=LocallyPredicted behind=120 atFrontier=0 discarded=0 atFrontierPerMille=0 windowSamples=120
LogOGDivergenceProbe: Warning: [Warning][DivergenceProbe.Window] class=LocallyPredicted corrections=120 disagreed=120 ratePerMille=1000 windowSamples=120
LogOGResimProbe: Warning: [Warning][ResimProbe.Gate] checks=120 declined=21 requested=99 requestedPerMille=825 deepSkips=0 survivingAnchors=0
LogOGResimProbe: Warning: [Warning][ResimProbe.Chaos] requests=99 grants=99 refused=0 refusedPerMille=0 repeat=0 clamped=0 depthMin=3 depthMax=4
LogOGResimProbe: Warning: [Warning][ResimProbe.Apply] prepares=99 finishes=99 abandoned=0 stuck=0 replayTicks=475 replayOverruns=0 freshProtects=0 staleProtects=0
LogOGResimProbe: Warning: [Warning][ResimProbe.Frame] role=Client simTicks=120 frames=200 meanTicksPerFrameX100=60 p50=1 p99=1 max=1 meanFrameUs=10000
LogOGResimProbe: Warning: [Warning][ResimProbe.Frame] role=Client cadence dFrame1=40 dFrame0=0 dFrameGt1=80 discont=0 numSteps total=120 max=1 gt1=0
LogOGResimProbe: Warning: [Warning][ResimProbe.Landing] class=LocallyPredicted behind=120 atFrontier=0 discarded=0 atFrontierPerMille=0 windowSamples=120
LogOGDivergenceProbe: Warning: [Warning][DivergenceProbe.Window] class=LocallyPredicted corrections=120 disagreed=120 ratePerMille=1000 windowSamples=120
LogOGResimProbe: Warning: [Warning][ResimProbe.Gate] checks=120 declined=22 requested=98 requestedPerMille=817 deepSkips=0 survivingAnchors=0
LogOGResimProbe: Warning: [Warning][ResimProbe.Chaos] requests=97 grants=97 refused=0 refusedPerMille=0 repeat=0 clamped=0 depthMin=3 depthMax=4
LogOGResimProbe: Warning: [Warning][ResimProbe.Apply] prepares=97 finishes=97 abandoned=0 stuck=0 replayTicks=453 replayOverruns=0 freshProtects=0 staleProtects=0
LogOGResimProbe: Warning: [Warning][ResimProbe.Frame] role=Client simTicks=120 frames=200 meanTicksPerFrameX100=60 p50=1 p99=1 max=1 meanFrameUs=9999
LogOGResimProbe: Warning: [Warning][ResimProbe.Frame] role=Client cadence dFrame1=40 dFrame0=0 dFrameGt1=80 discont=0 numSteps total=120 max=1 gt1=0
LogOGResimProbe: Warning: [Warning][ResimProbe.Landing] class=LocallyPredicted behind=120 atFrontier=0 discarded=0 atFrontierPerMille=0 windowSamples=120
LogOGDivergenceProbe: Warning: [Warning][DivergenceProbe.Window] class=LocallyPredicted corrections=120 disagreed=120 ratePerMille=1000 windowSamples=120
LogOGResimProbe: Warning: [Warning][ResimProbe.Gate] checks=120 declined=17 requested=103 requestedPerMille=858 deepSkips=0 survivingAnchors=0
LogOGResimProbe: Warning: [Warning][ResimProbe.Chaos] requests=103 grants=103 refused=0 refusedPerMille=0 repeat=0 clamped=0 depthMin=3 depthMax=4
LogOGResimProbe: Warning: [Warning][ResimProbe.Apply] prepares=103 finishes=103 abandoned=0 stuck=0 replayTicks=495 replayOverruns=0 freshProtects=0 staleProtects=0
LogOGResimProbe: Warning: [Warning][ResimProbe.Frame] role=Client simTicks=120 frames=200 meanTicksPerFrameX100=60 p50=1 p99=1 max=1 meanFrameUs=10000
LogOGResimProbe: Warning: [Warning][ResimProbe.Frame] role=Client cadence dFrame1=40 dFrame0=0 dFrameGt1=80 discont=0 numSteps total=120 max=1 gt1=0
LogOGResimProbe: Warning: [Warning][ResimProbe.Landing] class=LocallyPredicted behind=120 atFrontier=0 discarded=0 atFrontierPerMille=0 windowSamples=120
LogOGDivergenceProbe: Warning: [Warning][DivergenceProbe.Window] class=LocallyPredicted corrections=120 disagreed=120 ratePerMille=1000 windowSamples=120
LogOGResimProbe: Warning: [Warning][ResimProbe.Gate] checks=120 declined=3 requested=117 requestedPerMille=975 deepSkips=0 survivingAnchors=0
LogOGResimProbe: Warning: [Warning][ResimProbe.Chaos] requests=117 grants=117 refused=0 refusedPerMille=0 repeat=0 clamped=0 depthMin=3 depthMax=4
LogOGResimProbe: Warning: [Warning][ResimProbe.Apply] prepares=117 finishes=117 abandoned=0 stuck=0 replayTicks=582 replayOverruns=0 freshProtects=0 staleProtects=0
LogOGResimProbe: Warning: [Warning][ResimProbe.Frame] role=Client simTicks=120 frames=200 meanTicksPerFrameX100=60 p50=1 p99=1 max=1 meanFrameUs=9999
LogOGResimProbe: Warning: [Warning][ResimProbe.Frame] role=Client cadence dFrame1=40 dFrame0=0 dFrameGt1=80 discont=0 numSteps total=120 max=1 gt1=0
LogOGResimProbe: Warning: [Warning][ResimProbe.Landing] class=LocallyPredicted behind=120 atFrontier=0 discarded=0 atFrontierPerMille=0 windowSamples=120
LogOGDivergenceProbe: Warning: [Warning][DivergenceProbe.Window] class=LocallyPredicted corrections=120 disagreed=120 ratePerMille=1000 windowSamples=120
LogOGResimProbe: Warning: [Warning][ResimProbe.Gate] checks=120 declined=27 requested=93 requestedPerMille=775 deepSkips=0 survivingAnchors=0
LogOGResimProbe: Warning: [Warning][ResimProbe.Chaos] requests=94 grants=94 refused=0 refusedPerMille=0 repeat=0 clamped=0 depthMin=3 depthMax=4
LogOGResimProbe: Warning: [Warning][ResimProbe.Apply] prepares=94 finishes=94 abandoned=0 stuck=0 replayTicks=443 replayOverruns=0 freshProtects=0 staleProtects=0
LogOGResimProbe: Warning: [Warning][ResimProbe.Frame] role=Client simTicks=120 frames=200 meanTicksPerFrameX100=60 p50=1 p99=1 max=1 meanFrameUs=10000
LogOGResimProbe: Warning: [Warning][ResimProbe.Frame] role=Client cadence dFrame1=40 dFrame0=0 dFrameGt1=80 discont=0 numSteps total=120 max=1 gt1=0
LogOGResimProbe: Warning: [Warning][ResimProbe.Landing] class=LocallyPredicted behind=120 atFrontier=0 discarded=0 atFrontierPerMille=0 windowSamples=120
LogOGDivergenceProbe: Warning: [Warning][DivergenceProbe.Window] class=LocallyPredicted corrections=120 disagreed=120 ratePerMille=1000 windowSamples=120
LogOGResimProbe: Warning: [Warning][ResimProbe.Gate] checks=120 declined=39 requested=81 requestedPerMille=675 deepSkips=0 survivingAnchors=0
LogOGResimProbe: Warning: [Warning][ResimProbe.Chaos] requests=81 grants=81 refused=0 refusedPerMille=0 repeat=0 clamped=0 depthMin=3 depthMax=4
LogOGResimProbe: Warning: [Warning][ResimProbe.Apply] prepares=81 finishes=81 abandoned=0 stuck=0 replayTicks=363 replayOverruns=0 freshProtects=0 staleProtects=0
LogOGResimProbe: Warning: [Warning][ResimProbe.Frame] role=Client simTicks=120 frames=200 meanTicksPerFrameX100=60 p50=1 p99=1 max=1 meanFrameUs=9999
LogOGResimProbe: Warning: [Warning][ResimProbe.Frame] role=Client cadence dFrame1=40 dFrame0=0 dFrameGt1=80 discont=0 numSteps total=120 max=1 gt1=0
LogOGResimProbe: Warning: [Warning][ResimProbe.Landing] class=LocallyPredicted behind=120 atFrontier=0 discarded=0 atFrontierPerMille=0 windowSamples=120
LogOGDivergenceProbe: Warning: [Warning][DivergenceProbe.Window] class=LocallyPredicted corrections=120 disagreed=120 ratePerMille=1000 windowSamples=120
LogOGResimProbe: Warning: [Warning][ResimProbe.Gate] checks=120 declined=20 requested=100 requestedPerMille=833 deepSkips=0 survivingAnchors=0
LogOGResimProbe: Warning: [Warning][ResimProbe.Chaos] requests=100 grants=100 refused=0 refusedPerMille=0 repeat=0 clamped=0 depthMin=3 depthMax=4
LogOGResimProbe: Warning: [Warning][ResimProbe.Apply] prepares=100 finishes=100 abandoned=0 stuck=0 replayTicks=481 replayOverruns=0 freshProtects=0 staleProtects=0
LogOGResimProbe: Warning: [Warning][ResimProbe.Frame] role=Client simTicks=120 frames=200 meanTicksPerFrameX100=60 p50=1 p99=1 max=1 meanFrameUs=10000
LogOGResimProbe: Warning: [Warning][ResimProbe.Frame] role=Client cadence dFrame1=40 dFrame0=0 dFrameGt1=80 discont=0 numSteps total=120 max=1 gt1=0
LogOGResimProbe: Warning: [Warning][ResimProbe.Landing] class=LocallyPredicted behind=120 atFrontier=0 discarded=0 atFrontierPerMille=0 windowSamples=120
LogOGDivergenceProbe: Warning: [Warning][DivergenceProbe.Window] class=LocallyPredicted corrections=120 disagreed=120 ratePerMille=1000 windowSamples=120
LogOGResimProbe: Warning: [Warning][ResimProbe.Gate] checks=120 declined=28 requested=92 requestedPerMille=767 deepSkips=0 survivingAnchors=0
LogOGResimProbe: Warning: [Warning][ResimProbe.Chaos] requests=92 grants=92 refused=0 refusedPerMille=0 repeat=0 clamped=0 depthMin=3 depthMax=4
LogOGResimProbe: Warning: [Warning][ResimProbe.Apply] prepares=92 finishes=92 abandoned=0 stuck=0 replayTicks=426 replayOverruns=0 freshProtects=0 staleProtects=0
LogOGResimProbe: Warning: [Warning][ResimProbe.Frame] role=Client simTicks=120 frames=200 meanTicksPerFrameX100=60 p50=1 p99=1 max=1 meanFrameUs=10000
LogOGResimProbe: Warning: [Warning][ResimProbe.Frame] role=Client cadence dFrame1=40 dFrame0=0 dFrameGt1=80 discont=0 numSteps total=120 max=1 gt1=0
LogOGResimProbe: Warning: [Warning][ResimProbe.Landing] class=LocallyPredicted behind=120 atFrontier=0 discarded=0 atFrontierPerMille=0 windowSamples=120
LogOGDivergenceProbe: Warning: [Warning][DivergenceProbe.Window] class=LocallyPredicted corrections=120 disagreed=120 ratePerMille=1000 windowSamples=120
LogOGResimProbe: Warning: [Warning][ResimProbe.Gate] checks=120 declined=13 requested=107 requestedPerMille=892 deepSkips=0 survivingAnchors=0
LogOGResimProbe: Warning: [Warning][ResimProbe.Chaos] requests=106 grants=106 refused=0 refusedPerMille=0 repeat=0 clamped=0 depthMin=3 depthMax=4
LogOGResimProbe: Warning: [Warning][ResimProbe.Apply] prepares=106 finishes=106 abandoned=0 stuck=0 replayTicks=514 replayOverruns=0 freshProtects=0 staleProtects=0
LogOGResimProbe: Warning: [Warning][ResimProbe.Frame] role=Client simTicks=120 frames=200 meanTicksPerFrameX100=60 p50=1 p99=1 max=1 meanFrameUs=9999
LogOGResimProbe: Warning: [Warning][ResimProbe.Frame] role=Client cadence dFrame1=40 dFrame0=0 dFrameGt1=80 discont=0 numSteps total=120 max=1 gt1=0
LogOGResimProbe: Warning: [Warning][ResimProbe.Landing] class=LocallyPredicted behind=120 atFrontier=0 discarded=0 atFrontierPerMille=0 windowSamples=120
LogOGDivergenceProbe: Warning: [Warning][DivergenceProbe.Window] class=LocallyPredicted corrections=120 disagreed=120 ratePerMille=1000 windowSamples=120
LogOGResimProbe: Warning: [Warning][ResimProbe.Gate] checks=120 declined=17 requested=103 requestedPerMille=858 deepSkips=0 survivingAnchors=0
LogOGResimProbe: Warning: [Warning][ResimProbe.Chaos] requests=104 grants=104 refused=0 refusedPerMille=0 repeat=0 clamped=0 depthMin=3 depthMax=4
LogOGResimProbe: Warning: [Warning][ResimProbe.Apply] prepares=104 finishes=104 abandoned=0 stuck=0 replayTicks=503 replayOverruns=0 freshProtects=0 staleProtects=0
LogOGResimProbe: Warning: [Warning][ResimProbe.Frame] role=Client simTicks=120 frames=200 meanTicksPerFrameX100=60 p50=1 p99=1 max=1 meanFrameUs=10000
LogOGResimProbe: Warning: [Warning][ResimProbe.Frame] role=Client cadence dFrame1=40 dFrame0=0 dFrameGt1=80 discont=0 numSteps total=120 max=1 gt1=0
LogOGResimProbe: Warning: [Warning][ResimProbe.Landing] class=LocallyPredicted behind=120 atFrontier=0 discarded=0 atFrontierPerMille=0 windowSamples=120
LogOGDivergenceProbe: Warning: [Warning][DivergenceProbe.Window] class=LocallyPredicted corrections=120 disagreed=120 ratePerMille=1000 windowSamples=120
LogOGResimProbe: Warning: [Warning][ResimProbe.Gate] checks=120 declined=10 requested=110 requestedPerMille=917 deepSkips=0 survivingAnchors=0
LogOGResimProbe: Warning: [Warning][ResimProbe.Chaos] requests=109 grants=109 refused=0 refusedPerMille=0 repeat=0 clamped=0 depthMin=3 depthMax=4
LogOGResimProbe: Warning: [Warning][ResimProbe.Apply] prepares=109 finishes=109 abandoned=0 stuck=0 replayTicks=537 replayOverruns=0 freshProtects=0 staleProtects=0
LogOGResimProbe: Warning: [Warning][ResimProbe.Frame] role=Client simTicks=120 frames=200 meanTicksPerFrameX100=60 p50=1 p99=1 max=1 meanFrameUs=9999
LogOGResimProbe: Warning: [Warning][ResimProbe.Frame] role=Client cadence dFrame1=40 dFrame0=0 dFrameGt1=80 discont=0 numSteps total=120 max=1 gt1=0
LogOGResimProbe: Warning: [Warning][ResimProbe.Landing] class=LocallyPredicted behind=120 atFrontier=0 discarded=0 atFrontierPerMille=0 windowSamples=120
LogOGDivergenceProbe: Warning: [Warning][DivergenceProbe.Window] class=LocallyPredicted corrections=120 disagreed=120 ratePerMille=1000 windowSamples=120
LogOGResimProbe: Warning: [Warning][ResimProbe.Gate] checks=120 declined=3 requested=117 requestedPerMille=975 deepSkips=0 survivingAnchors=0
LogOGResimProbe: Warning: [Warning][ResimProbe.Chaos] requests=117 grants=117 refused=0 refusedPerMille=0 repeat=0 clamped=0 depthMin=3 depthMax=4
LogOGResimProbe: Warning: [Warning][ResimProbe.Apply] prepares=117 finishes=117 abandoned=0 stuck=0 replayTicks=582 replayOverruns=0 freshProtects=0 staleProtects=0
LogOGResimProbe: Warning: [Warning][ResimProbe.Frame] role=Client simTicks=120 frames=200 meanTicksPerFrameX100=60 p50=1 p99=1 max=1 meanFrameUs=10000
LogOGResimProbe: Warning: [Warning][ResimProbe.Frame] role=Client cadence dFrame1=40 dFrame0=0 dFrameGt1=80 discont=0 numSteps total=120 max=1 gt1=0
LogOGResimProbe: Warning: [Warning][ResimProbe.Landing] class=LocallyPredicted behind=120 atFrontier=0 discarded=0 atFrontierPerMille=0 windowSamples=120
LogOGDivergenceProbe: Warning: [Warning][DivergenceProbe.Window] class=LocallyPredicted corrections=120 disagreed=120 ratePerMille=1000 windowSamples=120
LogOGResimProbe: Warning: [Warning][ResimProbe.Gate] checks=120 declined=3 requested=117 requestedPerMille=975 deepSkips=0 survivingAnchors=0
LogOGResimProbe: Warning: [Warning][ResimProbe.Chaos] requests=118 grants=118 refused=0 refusedPerMille=0 repeat=0 clamped=0 depthMin=3 depthMax=4
LogOGResimProbe: Warning: [Warning][ResimProbe.Apply] prepares=118 finishes=118 abandoned=0 stuck=0 replayTicks=587 replayOverruns=0 freshProtects=0 staleProtects=0
LogOGResimProbe: Warning: [Warning][ResimProbe.Frame] role=Client simTicks=120 frames=200 meanTicksPerFrameX100=60 p50=1 p99=1 max=1 meanFrameUs=10000
LogOGResimProbe: Warning: [Warning][ResimProbe.Frame] role=Client cadence dFrame1=40 dFrame0=0 dFrameGt1=80 discont=0 numSteps total=120 max=1 gt1=0
LogOGResimProbe: Warning: [Warning][ResimProbe.Landing] class=LocallyPredicted behind=120 atFrontier=0 discarded=0 atFrontierPerMille=0 windowSamples=120
LogOGDivergenceProbe: Warning: [Warning][DivergenceProbe.Window] class=LocallyPredicted corrections=120 disagreed=120 ratePerMille=1000 windowSamples=120
LogOGResimProbe: Warning: [Warning][ResimProbe.Gate] checks=120 declined=10 requested=110 requestedPerMille=917 deepSkips=0 survivingAnchors=0
LogOGResimProbe: Warning: [Warning][ResimProbe.Chaos] requests=109 grants=109 refused=0 refusedPerMille=0 repeat=0 clamped=0 depthMin=3 depthMax=4
LogOGResimProbe: Warning: [Warning][ResimProbe.Apply] prepares=109 finishes=109 abandoned=0 stuck=0 replayTicks=533 replayOverruns=0 freshProtects=0 staleProtects=0
LogOGResimProbe: Warning: [Warning][ResimProbe.Frame] role=Client simTicks=120 frames=200 meanTicksPerFrameX100=60 p50=1 p99=1 max=1 meanFrameUs=9999
LogOGResimProbe: Warning: [Warning][ResimProbe.Frame] role=Client cadence dFrame1=40 dFrame0=0 dFrameGt1=80 discont=0 numSteps total=120 max=1 gt1=0
LogOGResimProbe: Warning: [Warning][ResimProbe.Landing] class=LocallyPredicted behind=120 atFrontier=0 discarded=0 atFrontierPerMille=0 windowSamples=120
LogOGDivergenceProbe: Warning: [Warning][DivergenceProbe.Window] class=LocallyPredicted corrections=120 disagreed=120 ratePerMille=1000 windowSamples=120
LogOGResimProbe: Warning: [Warning][ResimProbe.Gate] checks=120 declined=15 requested=105 requestedPerMille=875 deepSkips=0 survivingAnchors=0
LogOGResimProbe: Warning: [Warning][ResimProbe.Chaos] requests=105 grants=105 refused=0 refusedPerMille=0 repeat=0 clamped=0 depthMin=3 depthMax=4
LogOGResimProbe: Warning: [Warning][ResimProbe.Apply] prepares=105 finishes=105 abandoned=0 stuck=0 replayTicks=509 replayOverruns=0 freshProtects=0 staleProtects=0
LogOGResimProbe: Warning: [Warning][ResimProbe.Frame] role=Client simTicks=120 frames=200 meanTicksPerFrameX100=60 p50=1 p99=1 max=1 meanFrameUs=10000
LogOGResimProbe: Warning: [Warning][ResimProbe.Frame] role=Client cadence dFrame1=40 dFrame0=0 dFrameGt1=80 discont=0 numSteps total=120 max=1 gt1=0
LogOGResimProbe: Warning: [Warning][ResimProbe.Landing] class=LocallyPredicted behind=120 atFrontier=0 discarded=0 atFrontierPerMille=0 windowSamples=120
LogOGDivergenceProbe: Warning: [Warning][DivergenceProbe.Window] class=LocallyPredicted corrections=120 disagreed=120 ratePerMille=1000 windowSamples=120
LogOGResimProbe: Warning: [Warning][ResimProbe.Gate] checks=120 declined=0 requested=120 requestedPerMille=1000 deepSkips=0 survivingAnchors=0
LogOGResimProbe: Warning: [Warning][ResimProbe.Chaos] requests=120 grants=120 refused=0 refusedPerMille=0 repeat=0 clamped=0 depthMin=4 depthMax=4
LogOGResimProbe: Warning: [Warning][ResimProbe.Apply] prepares=120 finishes=120 abandoned=0 stuck=0 replayTicks=600 replayOverruns=0 freshProtects=0 staleProtects=0
LogOGResimProbe: Warning: [Warning][ResimProbe.Frame] role=Client simTicks=120 frames=200 meanTicksPerFrameX100=60 p50=1 p99=1 max=1 meanFrameUs=9999
LogOGResimProbe: Warning: [Warning][ResimProbe.Frame] role=Client cadence dFrame1=40 dFrame0=0 dFrameGt1=80 discont=0 numSteps total=120 max=1 gt1=0
LogOGResimProbe: Warning: [Warning][ResimProbe.Landing] class=LocallyPredicted behind=120 atFrontier=0 discarded=0 atFrontierPerMille=0 windowSamples=120
LogOGDivergenceProbe: Warning: [Warning][DivergenceProbe.Window] class=LocallyPredicted corrections=120 disagreed=120 ratePerMille=1000 windowSamples=120
LogOGResimProbe: Warning: [Warning][ResimProbe.Gate] checks=120 declined=7 requested=113 requestedPerMille=942 deepSkips=0 survivingAnchors=0
LogOGResimProbe: Warning: [Warning][ResimProbe.Chaos] requests=113 grants=113 refused=0 refusedPerMille=0 repeat=0 clamped=0 depthMin=3 depthMax=4
LogOGResimProbe: Warning: [Warning][ResimProbe.Apply] prepares=113 finishes=113 abandoned=0 stuck=0 replayTicks=558 replayOverruns=0 freshProtects=0 staleProtects=0
LogOGResimProbe: Warning: [Warning][ResimProbe.Frame] role=Client simTicks=120 frames=200 meanTicksPerFrameX100=60 p50=1 p99=1 max=1 meanFrameUs=10000
LogOGResimProbe: Warning: [Warning][ResimProbe.Frame] role=Client cadence dFrame1=40 dFrame0=0 dFrameGt1=80 discont=0 numSteps total=120 max=1 gt1=0
LogOGResimProbe: Warning: [Warning][ResimProbe.Landing] class=LocallyPredicted behind=120 atFrontier=0 discarded=0 atFrontierPerMille=0 windowSamples=120
LogOGDivergenceProbe: Warning: [Warning][DivergenceProbe.Window] class=LocallyPredicted corrections=120 disagreed=120 ratePerMille=1000 windowSamples=120
