LogInit: Display: No sandbox specified, assuming ../../Saved/Cooked/WindowsServer/
LogCsvProfiler: Display: Metadata set : systemresolution.resx="1280"
LogCsvProfiler: Display: Metadata set : systemresolution.resy="720"
LogAudio: Display: Audio Device Manager not initializing due to all audio being disabled. If this is not intentional, please check command line arguments for "-nosound".
RenderDocPlugin: Display: RenderDoc plugin will not be loaded. Use '-AttachRenderDoc' on the cmd line or enable 'renderdoc.AutoAttach' in the plugin settings.
LogHAL: Display: Platform has ~ 32 GB [33510694912 / 34359738368 / 32], which maps to Largest [LargestMinGB=32, LargerMinGB=12, DefaultMinGB=8, SmallerMinGB=6, SmallestMinGB=0)
LogCsvProfiler: Display: Metadata set : extradevelopmentmemorymb="0"
LogObj: Display: Attempting to load config data for Default__SlateThemeManager before the Class has been constructed/registered/linked (likely during module loading or early startup). This will result in the load silently failing and should be fixed.
LogCsvProfiler: Display: Metadata set : verbatimrhiname="Null"
LogCsvProfiler: Display: Metadata set : rhiname="Null"
LogCsvProfiler: Display: Metadata set : rhifeaturelevel="SM6"
LogCsvProfiler: Display: Metadata set : shaderplatform="PCD3D_SM6"
LogStreaming: Display: FlushAsyncLoading(1): 1 QueuedPackages, 0 AsyncPackages
LogConfig: Display: Read in platform Android ini files took 0.06 seconds
LogConfig: Display: Read in platform IOS ini files took 0.06 seconds
LogConfig: Display: Read in platform Linux ini files took 0.06 seconds
LogConfig: Display: Read in platform LinuxArm64 ini files took 0.06 seconds
LogConfig: Display: Read in platform Mac ini files took 0.04 seconds
LogConfig: Display: Read in platform TVOS ini files took 0.04 seconds
LogConfig: Display: Read in platform VisionOS ini files took 0.05 seconds
LogDeviceProfileManager: Display: Deviceprofile LinuxArm64Editor not found.
LogDeviceProfileManager: Display: Deviceprofile LinuxArm64 not found.
LogCsvProfiler: Display: Metadata set : deviceprofile="WindowsServer"
LogAudioCaptureCore: Display: No Audio Capture implementations found. Audio input will be silent.
LogMetaSound: Display: MetaSound Page Target Initialized to 'Default'
LogAudioCaptureCore: Display: No Audio Capture implementations found. Audio input will be silent.
LogAudio: Display: Registering Engine Module Parameter Interfaces...
LogCsvProfiler: Display: Metadata set : largeworldcoordinates="1"
LogInit: Display: Game Engine Initialized.
LogInit: Display: Starting Game.
LogWorldPartition: Display: WorldPartition initialize started...
LogWorldPartition: Display: WorldPartition initialize took 240 us
LogCsvProfiler: Display: Metadata set : iris="1"
LogIris: Display: Iris ReplicationSystem[0]: ReplicationSystem_2147482492 (0x000001ABD932AF60) is created
LogIris: Display: FInternalNetSerializerDelegates::BroadcastLoadedModulesUpdated() called while there are 0 active ReplicationSystems. This is good. Total loaded modules: 32.
LogOGNet: Warning: [StateRotation] session K = 1 (compiled default)
LogOGNet: Warning: [ResimGate] session policy = OnDisagreement (ini override), depthPolicy = skip beyond 12 ticks, rateLimit = none (structural: one resim in flight, one pending)
LogInit: Display: Engine is initialized. Leaving FEngineLoop::Init()
LogTrace: Display: Control listening on port 1985
LogIris: Warning: FInternalNetSerializerDelegates::BroadcastLoadedModulesUpdated() called while there are 1 active ReplicationSystems. If polymorphic types are registered we may have corrupt data. A restart of the ReplicationSystem or NetDriver is recommended. Total loaded modules: 35.
LogOGRelayProbe: Warning: [Warning][RelayProbe.Frame] role=Server simTicks=123 frames=120 meanTicksPerFrameX100=102 p50=1 p99=2 max=2 meanFrameUs=16983
LogOGRelayProbe: Warning: [Warning][RelayProbe.Frame] role=Server cadence dFrame1=120 dFrame0=0 dFrameGt1=0 discont=0 numSteps total=124 max=2 gt1=3
LogOGRelayProbe: Warning: [Warning][RelayProbe.Frame] role=Server simTicks=123 frames=121 meanTicksPerFrameX100=101 p50=1 p99=2 max=2 meanFrameUs=16986
LogOGRelayProbe: Warning: [Warning][RelayProbe.Frame] role=Server cadence dFrame1=119 dFrame0=0 dFrameGt1=1 discont=0 numSteps total=123 max=2 gt1=3
LogOGRelayProbe: Warning: [Warning][RelayProbe.Frame] role=Server simTicks=123 frames=121 meanTicksPerFrameX100=101 p50=1 p99=2 max=2 meanFrameUs=16898
LogOGRelayProbe: Warning: [Warning][RelayProbe.Frame] role=Server cadence dFrame1=119 dFrame0=0 dFrameGt1=1 discont=0 numSteps total=123 max=2 gt1=3
LogOGRelayProbe: Warning: [Warning][RelayProbe.Frame] role=Server simTicks=122 frames=120 meanTicksPerFrameX100=101 p50=1 p99=2 max=2 meanFrameUs=16987
LogOGRelayProbe: Warning: [Warning][RelayProbe.Frame] role=Server cadence dFrame1=120 dFrame0=0 dFrameGt1=0 discont=0 numSteps total=122 max=2 gt1=2
LogOGRelayProbe: Warning: [Warning][RelayProbe.Frame] role=Server simTicks=122 frames=120 meanTicksPerFrameX100=101 p50=1 p99=2 max=2 meanFrameUs=16972
LogOGRelayProbe: Warning: [Warning][RelayProbe.Frame] role=Server cadence dFrame1=120 dFrame0=0 dFrameGt1=0 discont=0 numSteps total=122 max=2 gt1=2
LogOGRelayProbe: Warning: [Warning][RelayProbe.Frame] role=Server simTicks=123 frames=120 meanTicksPerFrameX100=102 p50=1 p99=2 max=2 meanFrameUs=17055
LogOGRelayProbe: Warning: [Warning][RelayProbe.Frame] role=Server cadence dFrame1=120 dFrame0=0 dFrameGt1=0 discont=0 numSteps total=123 max=2 gt1=3
LogOGNet: Warning: [PacketBudget] usableSingleBunchBytes = 952, handlerBits = 7 (maxPacket=1024, usableBits=7620)
LogIris: Warning: Generating descriptor for struct UpdateLevelVisibilityLevelInfo that has custom serialization.
LogIrisFiltering: Display: FReplicationFiltering::NotifyAddedDependentObject: Object doesn't have a dynamic filter set so having a dependency on it won't change when it's replicated. RootObject OGBrawlerUECharacter_2147482398 (InternalIndex: 8) (NetRefHandle (Id=10):(RepSystemId=0))
LogViewport: Display: Player bShowMouseCursor Changed, False -> True
LogIrisFiltering: Display: FReplicationFiltering::NotifyAddedDependentObject: Object doesn't have a dynamic filter set so having a dependency on it won't change when it's replicated. RootObject SimulationInputRelay_2147482389 (InternalIndex: 10) (NetRefHandle (Id=14):(RepSystemId=0))
LogOGIrisNet: Display: [IrisSerializerProof] struct=SimulationStateSyncBuffer dir=Save state=live NetSerialize IS BEING CALLED ON A REAL PAYLOAD. payloadBytes=311 arrayElements=384 | wire bits: memberWise(pre-T29)=3089 lastResort(post-T29)=2508 delta=-581 bits (-72.6 B)
LogOGRelayProbe: Warning: [Warning][RelayProbe.Frame] role=Server simTicks=126 frames=123 meanTicksPerFrameX100=102 p50=1 p99=2 max=2 meanFrameUs=17007
LogOGRelayProbe: Warning: [Warning][RelayProbe.Frame] role=Server cadence dFrame1=117 dFrame0=0 dFrameGt1=3 discont=0 numSteps total=126 max=2 gt1=6
LogOGIrisNet: Display: [IrisSerializerProof] struct=RelayedInputRing dir=Save state=live NetSerialize IS BEING CALLED ON A REAL PAYLOAD. payloadBytes=85 arrayElements=83 | wire bits: memberWise(pre-T29)=681 lastResort(post-T29)=700 delta=+19 bits (+2.4 B)
LogOGNet: Warning: [Warning][InputStats] dropped 0 / 83 remote inputs = 0%
LogOGRelayProbe: Warning: [Warning][RelayProbe.Budget] conn=28258 frames=120 elapsedMs=2119 netSpeedBps=250000 allowanceBytesPerTick=4166 outBytes=43001 bytesPerTick=358 occupancyPctX10=85
LogOGRelayProbe: Warning: [Warning][RelayProbe.Budget] conn=28258 queuedBits min=-128647 max=472 mean=-64393 notReadyFrames=3 outPackets=110 bytesPerPacket=390 lost=0
LogOGInputRelay: Warning: [RelayFlush] window owner=OGBrawlerUECharacter_2147482398 flushedRounds=103 entries=116 entriesPerRoundX100=112 suppressed=17 stageOverflowDrops=0
LogOGRelayProbe: Warning: [Warning][RelayProbe.Frame] role=Server simTicks=124 frames=125 meanTicksPerFrameX100=99 p50=1 p99=2 max=2 meanFrameUs=16600
LogOGRelayProbe: Warning: [Warning][RelayProbe.Frame] role=Server cadence dFrame1=115 dFrame0=0 dFrameGt1=5 discont=0 numSteps total=124 max=2 gt1=4
LogOGRelayProbe: Warning: [Warning][RelayProbe.Write] id=28281 runs=120 writes=133 observableWrites=133 captureSpan=133 receivedX1000=1000 observableX1000=1000 deliverableX1000=1000 replaceLatestObservableX1000=902
LogOGRelayProbe: Warning: [Warning][RelayProbe.Write] id=28281 writesPerFrame p50=1 p99=2 max=2 emptyFrames=14 nonConsecutive=0 missedCaptureTicks=0 captures=[865,997] discont=0
LogOGNet: Warning: [Warning][InputStats] dropped 0 / 119 remote inputs = 0%
LogOGRelayProbe: Warning: [Warning][RelayProbe.Budget] conn=28258 frames=120 elapsedMs=1989 netSpeedBps=250000 allowanceBytesPerTick=4166 outBytes=51516 bytesPerTick=429 occupancyPctX10=102
LogOGRelayProbe: Warning: [Warning][RelayProbe.Budget] conn=28258 queuedBits min=-66666 max=-62898 mean=-65942 notReadyFrames=0 outPackets=120 bytesPerPacket=429 lost=0
LogOGInputRelay: Warning: [RelayFlush] window owner=OGBrawlerUECharacter_2147482398 flushedRounds=221 entries=236 entriesPerRoundX100=106 suppressed=19 stageOverflowDrops=0
LogOGRelayProbe: Warning: [Warning][RelayProbe.Frame] role=Server simTicks=120 frames=120 meanTicksPerFrameX100=100 p50=1 p99=1 max=1 meanFrameUs=16613
LogOGRelayProbe: Warning: [Warning][RelayProbe.Frame] role=Server cadence dFrame1=120 dFrame0=0 dFrameGt1=0 discont=0 numSteps total=120 max=1 gt1=0
LogOGRelayProbe: Warning: [Warning][RelayProbe.Write] id=28281 runs=120 writes=124 observableWrites=124 captureSpan=124 receivedX1000=1000 observableX1000=1000 deliverableX1000=1000 replaceLatestObservableX1000=967
LogOGRelayProbe: Warning: [Warning][RelayProbe.Write] id=28281 writesPerFrame p50=1 p99=2 max=2 emptyFrames=4 nonConsecutive=0 missedCaptureTicks=0 captures=[998,1121] discont=0
LogOGNet: Warning: [Warning][InputStats] dropped 0 / 119 remote inputs = 0%
LogOGRelayProbe: Warning: [Warning][RelayProbe.Budget] conn=28258 frames=120 elapsedMs=2001 netSpeedBps=250000 allowanceBytesPerTick=4166 outBytes=51537 bytesPerTick=429 occupancyPctX10=102
LogOGRelayProbe: Warning: [Warning][RelayProbe.Budget] conn=28258 queuedBits min=-66666 max=-63932 mean=-66021 notReadyFrames=0 outPackets=120 bytesPerPacket=429 lost=0
LogOGInputRelay: Warning: [RelayFlush] window owner=OGBrawlerUECharacter_2147482398 flushedRounds=335 entries=356 entriesPerRoundX100=106 suppressed=25 stageOverflowDrops=0
LogOGRelayProbe: Warning: [Warning][RelayProbe.Frame] role=Server simTicks=120 frames=120 meanTicksPerFrameX100=100 p50=1 p99=1 max=1 meanFrameUs=16661
LogOGRelayProbe: Warning: [Warning][RelayProbe.Frame] role=Server cadence dFrame1=120 dFrame0=0 dFrameGt1=0 discont=0 numSteps total=120 max=1 gt1=0
LogOGRelayProbe: Warning: [Warning][RelayProbe.Write] id=28281 runs=120 writes=126 observableWrites=126 captureSpan=126 receivedX1000=1000 observableX1000=1000 deliverableX1000=1000 replaceLatestObservableX1000=952
LogOGRelayProbe: Warning: [Warning][RelayProbe.Write] id=28281 writesPerFrame p50=1 p99=2 max=2 emptyFrames=7 nonConsecutive=0 missedCaptureTicks=0 captures=[1122,1247] discont=0
LogOGNet: Warning: [Warning][InputStats] dropped 0 / 119 remote inputs = 0%
LogOGRelayProbe: Warning: [Warning][RelayProbe.Budget] conn=28258 frames=120 elapsedMs=2014 netSpeedBps=250000 allowanceBytesPerTick=4166 outBytes=51578 bytesPerTick=429 occupancyPctX10=102
LogOGRelayProbe: Warning: [Warning][RelayProbe.Budget] conn=28258 queuedBits min=-66666 max=-63724 mean=-66072 notReadyFrames=0 outPackets=121 bytesPerPacket=426 lost=0
LogOGInputRelay: Warning: [RelayFlush] window owner=OGBrawlerUECharacter_2147482398 flushedRounds=443 entries=475 entriesPerRoundX100=107 suppressed=37 stageOverflowDrops=0
LogOGRelayProbe: Warning: [Warning][RelayProbe.Frame] role=Server simTicks=121 frames=122 meanTicksPerFrameX100=99 p50=1 p99=1 max=2 meanFrameUs=16614
LogOGRelayProbe: Warning: [Warning][RelayProbe.Frame] role=Server cadence dFrame1=118 dFrame0=0 dFrameGt1=2 discont=0 numSteps total=121 max=2 gt1=1
LogOGRelayProbe: Warning: [Warning][RelayProbe.Write] id=28281 runs=120 writes=133 observableWrites=133 captureSpan=133 receivedX1000=1000 observableX1000=1000 deliverableX1000=1000 replaceLatestObservableX1000=902
LogOGRelayProbe: Warning: [Warning][RelayProbe.Write] id=28281 writesPerFrame p50=1 p99=2 max=2 emptyFrames=13 nonConsecutive=0 missedCaptureTicks=0 captures=[1248,1380] discont=0
LogOGNet: Warning: [Warning][InputStats] dropped 0 / 119 remote inputs = 0%
LogOGRelayProbe: Warning: [Warning][RelayProbe.Budget] conn=28258 frames=120 elapsedMs=2012 netSpeedBps=250000 allowanceBytesPerTick=4166 outBytes=51610 bytesPerTick=430 occupancyPctX10=103
LogOGRelayProbe: Warning: [Warning][RelayProbe.Budget] conn=28258 queuedBits min=-66666 max=-63776 mean=-65641 notReadyFrames=0 outPackets=122 bytesPerPacket=423 lost=0
LogOGInputRelay: Warning: [RelayFlush] window owner=OGBrawlerUECharacter_2147482398 flushedRounds=548 entries=595 entriesPerRoundX100=108 suppressed=52 stageOverflowDrops=0
LogOGRelayProbe: Warning: [Warning][RelayProbe.Frame] role=Server simTicks=121 frames=121 meanTicksPerFrameX100=100 p50=1 p99=1 max=2 meanFrameUs=16568
LogOGRelayProbe: Warning: [Warning][RelayProbe.Frame] role=Server cadence dFrame1=119 dFrame0=0 dFrameGt1=1 discont=0 numSteps total=121 max=2 gt1=1
LogOGRelayProbe: Warning: [Warning][RelayProbe.Write] id=28281 runs=120 writes=139 observableWrites=139 captureSpan=139 receivedX1000=1000 observableX1000=1000 deliverableX1000=1000 replaceLatestObservableX1000=863
LogOGRelayProbe: Warning: [Warning][RelayProbe.Write] id=28281 writesPerFrame p50=1 p99=2 max=2 emptyFrames=19 nonConsecutive=0 missedCaptureTicks=0 captures=[1381,1519] discont=0
LogOGNet: Warning: [Warning][InputStats] dropped 0 / 119 remote inputs = 0%
LogOGRelayProbe: Warning: [Warning][RelayProbe.Budget] conn=28258 frames=120 elapsedMs=2012 netSpeedBps=250000 allowanceBytesPerTick=4166 outBytes=51564 bytesPerTick=429 occupancyPctX10=102
LogOGRelayProbe: Warning: [Warning][RelayProbe.Budget] conn=28258 queuedBits min=-66666 max=-64038 mean=-65970 notReadyFrames=0 outPackets=121 bytesPerPacket=426 lost=0
LogOGInputRelay: Warning: [RelayFlush] window owner=OGBrawlerUECharacter_2147482398 flushedRounds=651 entries=714 entriesPerRoundX100=109 suppressed=69 stageOverflowDrops=0
LogOGRelayProbe: Warning: [Warning][RelayProbe.Frame] role=Server simTicks=120 frames=121 meanTicksPerFrameX100=99 p50=1 p99=1 max=1 meanFrameUs=16588
LogOGRelayProbe: Warning: [Warning][RelayProbe.Frame] role=Server cadence dFrame1=119 dFrame0=0 dFrameGt1=1 discont=0 numSteps total=120 max=1 gt1=0
LogOGRelayProbe: Warning: [Warning][RelayProbe.Write] id=28281 runs=120 writes=129 observableWrites=129 captureSpan=129 receivedX1000=1000 observableX1000=1000 deliverableX1000=1000 replaceLatestObservableX1000=930
LogOGRelayProbe: Warning: [Warning][RelayProbe.Write] id=28281 writesPerFrame p50=1 p99=2 max=2 emptyFrames=10 nonConsecutive=0 missedCaptureTicks=0 captures=[1520,1648] discont=0
LogOGNet: Warning: [Warning][InputStats] dropped 0 / 119 remote inputs = 0%
LogOGRelayProbe: Warning: [Warning][RelayProbe.Budget] conn=28258 frames=120 elapsedMs=1992 netSpeedBps=250000 allowanceBytesPerTick=4166 outBytes=51513 bytesPerTick=429 occupancyPctX10=102
LogOGRelayProbe: Warning: [Warning][RelayProbe.Budget] conn=28258 queuedBits min=-66666 max=-63668 mean=-65855 notReadyFrames=0 outPackets=120 bytesPerPacket=429 lost=0
LogOGInputRelay: Warning: [RelayFlush] window owner=OGBrawlerUECharacter_2147482398 flushedRounds=767 entries=834 entriesPerRoundX100=108 suppressed=73 stageOverflowDrops=0
LogOGRelayProbe: Warning: [Warning][RelayProbe.Frame] role=Server simTicks=120 frames=120 meanTicksPerFrameX100=100 p50=1 p99=1 max=1 meanFrameUs=16632
LogOGRelayProbe: Warning: [Warning][RelayProbe.Frame] role=Server cadence dFrame1=120 dFrame0=0 dFrameGt1=0 discont=0 numSteps total=120 max=1 gt1=0
LogOGRelayProbe: Warning: [Warning][RelayProbe.Write] id=28281 runs=120 writes=127 observableWrites=127 captureSpan=127 receivedX1000=1000 observableX1000=1000 deliverableX1000=1000 replaceLatestObservableX1000=944
LogOGRelayProbe: Warning: [Warning][RelayProbe.Write] id=28281 writesPerFrame p50=1 p99=2 max=2 emptyFrames=8 nonConsecutive=0 missedCaptureTicks=0 captures=[1649,1775] discont=0
LogOGNet: Warning: [Warning][InputStats] dropped 0 / 119 remote inputs = 0%
LogOGRelayProbe: Warning: [Warning][RelayProbe.Budget] conn=28258 frames=120 elapsedMs=2000 netSpeedBps=250000 allowanceBytesPerTick=4166 outBytes=51524 bytesPerTick=429 occupancyPctX10=102
LogOGRelayProbe: Warning: [Warning][RelayProbe.Budget] conn=28258 queuedBits min=-66666 max=-62952 mean=-66049 notReadyFrames=0 outPackets=120 bytesPerPacket=429 lost=0
LogOGInputRelay: Warning: [RelayFlush] window owner=OGBrawlerUECharacter_2147482398 flushedRounds=879 entries=954 entriesPerRoundX100=108 suppressed=81 stageOverflowDrops=0
LogOGRelayProbe: Warning: [Warning][RelayProbe.Frame] role=Server simTicks=120 frames=120 meanTicksPerFrameX100=100 p50=1 p99=1 max=1 meanFrameUs=16665
LogOGRelayProbe: Warning: [Warning][RelayProbe.Frame] role=Server cadence dFrame1=120 dFrame0=0 dFrameGt1=0 discont=0 numSteps total=120 max=1 gt1=0
LogOGRelayProbe: Warning: [Warning][RelayProbe.Write] id=28281 runs=120 writes=126 observableWrites=126 captureSpan=126 receivedX1000=1000 observableX1000=1000 deliverableX1000=1000 replaceLatestObservableX1000=952
LogOGRelayProbe: Warning: [Warning][RelayProbe.Write] id=28281 writesPerFrame p50=1 p99=2 max=2 emptyFrames=5 nonConsecutive=0 missedCaptureTicks=0 captures=[1776,1901] discont=0
LogOGNet: Warning: [Warning][InputStats] dropped 0 / 119 remote inputs = 0%
LogOGRelayProbe: Warning: [Warning][RelayProbe.Budget] conn=28258 frames=120 elapsedMs=2011 netSpeedBps=250000 allowanceBytesPerTick=4166 outBytes=51572 bytesPerTick=429 occupancyPctX10=102
LogOGRelayProbe: Warning: [Warning][RelayProbe.Budget] conn=28258 queuedBits min=-66666 max=-64042 mean=-65995 notReadyFrames=0 outPackets=121 bytesPerPacket=426 lost=0
LogOGInputRelay: Warning: [RelayFlush] window owner=OGBrawlerUECharacter_2147482398 flushedRounds=987 entries=1073 entriesPerRoundX100=108 suppressed=93 stageOverflowDrops=0
LogOGRelayProbe: Warning: [Warning][RelayProbe.Frame] role=Server simTicks=120 frames=121 meanTicksPerFrameX100=99 p50=1 p99=1 max=1 meanFrameUs=16603
LogOGRelayProbe: Warning: [Warning][RelayProbe.Frame] role=Server cadence dFrame1=119 dFrame0=0 dFrameGt1=1 discont=0 numSteps total=120 max=1 gt1=0
LogOGNet: Warning: [Warning][InputStats] dropped 0 / 119 remote inputs = 0%
LogOGRelayProbe: Warning: [Warning][RelayProbe.Write] id=28281 runs=120 writes=140 observableWrites=140 captureSpan=140 receivedX1000=1000 observableX1000=1000 deliverableX1000=1000 replaceLatestObservableX1000=857
LogOGRelayProbe: Warning: [Warning][RelayProbe.Write] id=28281 writesPerFrame p50=1 p99=2 max=2 emptyFrames=21 nonConsecutive=0 missedCaptureTicks=0 captures=[1902,2041] discont=0
LogOGRelayProbe: Warning: [Warning][RelayProbe.Budget] conn=28258 frames=120 elapsedMs=1989 netSpeedBps=250000 allowanceBytesPerTick=4166 outBytes=51514 bytesPerTick=429 occupancyPctX10=102
LogOGRelayProbe: Warning: [Warning][RelayProbe.Budget] conn=28258 queuedBits min=-66666 max=-63508 mean=-65851 notReadyFrames=0 outPackets=120 bytesPerPacket=429 lost=0
LogOGInputRelay: Warning: [RelayFlush] window owner=OGBrawlerUECharacter_2147482398 flushedRounds=1095 entries=1193 entriesPerRoundX100=108 suppressed=105 stageOverflowDrops=0
LogOGRelayProbe: Warning: [Warning][RelayProbe.Frame] role=Server simTicks=120 frames=120 meanTicksPerFrameX100=100 p50=1 p99=1 max=1 meanFrameUs=16590
LogOGRelayProbe: Warning: [Warning][RelayProbe.Frame] role=Server cadence dFrame1=120 dFrame0=0 dFrameGt1=0 discont=0 numSteps total=120 max=1 gt1=0
LogOGNet: Warning: [Warning][InputStats] dropped 0 / 119 remote inputs = 0%
LogOGRelayProbe: Warning: [Warning][RelayProbe.Write] id=28281 runs=120 writes=122 observableWrites=122 captureSpan=122 receivedX1000=1000 observableX1000=1000 deliverableX1000=1000 replaceLatestObservableX1000=983
LogOGRelayProbe: Warning: [Warning][RelayProbe.Write] id=28281 writesPerFrame p50=1 p99=2 max=2 emptyFrames=2 nonConsecutive=0 missedCaptureTicks=0 captures=[2042,2163] discont=0
LogOGRelayProbe: Warning: [Warning][RelayProbe.Budget] conn=28258 frames=120 elapsedMs=2000 netSpeedBps=250000 allowanceBytesPerTick=4166 outBytes=51526 bytesPerTick=429 occupancyPctX10=102
LogOGRelayProbe: Warning: [Warning][RelayProbe.Budget] conn=28258 queuedBits min=-66666 max=-63900 mean=-65961 notReadyFrames=0 outPackets=120 bytesPerPacket=429 lost=0
LogOGInputRelay: Warning: [RelayFlush] window owner=OGBrawlerUECharacter_2147482398 flushedRounds=1214 entries=1313 entriesPerRoundX100=108 suppressed=106 stageOverflowDrops=0
LogOGRelayProbe: Warning: [Warning][RelayProbe.Frame] role=Server simTicks=120 frames=120 meanTicksPerFrameX100=100 p50=1 p99=1 max=1 meanFrameUs=16670
LogOGRelayProbe: Warning: [Warning][RelayProbe.Frame] role=Server cadence dFrame1=120 dFrame0=0 dFrameGt1=0 discont=0 numSteps total=120 max=1 gt1=0
LogOGNet: Warning: [Warning][InputStats] dropped 0 / 119 remote inputs = 0%
LogOGRelayProbe: Warning: [Warning][RelayProbe.Budget] conn=28258 frames=120 elapsedMs=2013 netSpeedBps=250000 allowanceBytesPerTick=4166 outBytes=51564 bytesPerTick=429 occupancyPctX10=102
LogOGRelayProbe: Warning: [Warning][RelayProbe.Budget] conn=28258 queuedBits min=-66666 max=-64022 mean=-65941 notReadyFrames=0 outPackets=121 bytesPerPacket=426 lost=0
LogOGRelayProbe: Warning: [Warning][RelayProbe.Write] id=28281 runs=120 writes=125 observableWrites=125 captureSpan=125 receivedX1000=1000 observableX1000=1000 deliverableX1000=1000 replaceLatestObservableX1000=960
LogOGRelayProbe: Warning: [Warning][RelayProbe.Write] id=28281 writesPerFrame p50=1 p99=2 max=2 emptyFrames=5 nonConsecutive=0 missedCaptureTicks=0 captures=[2164,2288] discont=0
LogOGInputRelay: Warning: [RelayFlush] window owner=OGBrawlerUECharacter_2147482398 flushedRounds=1329 entries=1433 entriesPerRoundX100=107 suppressed=111 stageOverflowDrops=0
LogOGRelayProbe: Warning: [Warning][RelayProbe.Frame] role=Server simTicks=121 frames=122 meanTicksPerFrameX100=99 p50=1 p99=1 max=2 meanFrameUs=16626
LogOGRelayProbe: Warning: [Warning][RelayProbe.Frame] role=Server cadence dFrame1=118 dFrame0=0 dFrameGt1=2 discont=0 numSteps total=121 max=2 gt1=1
LogOGNet: Warning: [Warning][InputStats] dropped 0 / 119 remote inputs = 0%
LogOGRelayProbe: Warning: [Warning][RelayProbe.Budget] conn=28258 frames=120 elapsedMs=2033 netSpeedBps=250000 allowanceBytesPerTick=4166 outBytes=51661 bytesPerTick=430 occupancyPctX10=103
LogOGRelayProbe: Warning: [Warning][RelayProbe.Budget] conn=28258 queuedBits min=-66666 max=-64026 mean=-65746 notReadyFrames=0 outPackets=123 bytesPerPacket=420 lost=0
LogOGInputRelay: Warning: [RelayFlush] window owner=OGBrawlerUECharacter_2147482398 flushedRounds=1436 entries=1552 entriesPerRoundX100=108 suppressed=124 stageOverflowDrops=0
LogOGRelayProbe: Warning: [Warning][RelayProbe.Write] id=28281 runs=120 writes=132 observableWrites=132 captureSpan=132 receivedX1000=1000 observableX1000=1000 deliverableX1000=1000 replaceLatestObservableX1000=909
LogOGRelayProbe: Warning: [Warning][RelayProbe.Write] id=28281 writesPerFrame p50=1 p99=2 max=2 emptyFrames=13 nonConsecutive=0 missedCaptureTicks=0 captures=[2289,2420] discont=0
LogOGRelayProbe: Warning: [Warning][RelayProbe.Frame] role=Server simTicks=123 frames=124 meanTicksPerFrameX100=99 p50=1 p99=2 max=2 meanFrameUs=16533
LogOGRelayProbe: Warning: [Warning][RelayProbe.Frame] role=Server cadence dFrame1=116 dFrame0=0 dFrameGt1=4 discont=0 numSteps total=123 max=2 gt1=3
LogOGNet: Warning: [Warning][InputStats] dropped 0 / 119 remote inputs = 0%
LogOGRelayProbe: Warning: [Warning][RelayProbe.Budget] conn=28258 frames=120 elapsedMs=2031 netSpeedBps=250000 allowanceBytesPerTick=4166 outBytes=51648 bytesPerTick=430 occupancyPctX10=103
LogOGRelayProbe: Warning: [Warning][RelayProbe.Budget] conn=28258 queuedBits min=-66666 max=-63914 mean=-65610 notReadyFrames=0 outPackets=123 bytesPerPacket=419 lost=0
LogOGInputRelay: Warning: [RelayFlush] window owner=OGBrawlerUECharacter_2147482398 flushedRounds=1536 entries=1670 entriesPerRoundX100=108 suppressed=144 stageOverflowDrops=0
LogOGRelayProbe: Warning: [Warning][RelayProbe.Frame] role=Server simTicks=121 frames=122 meanTicksPerFrameX100=99 p50=1 p99=1 max=2 meanFrameUs=16528
LogOGRelayProbe: Warning: [Warning][RelayProbe.Frame] role=Server cadence dFrame1=118 dFrame0=0 dFrameGt1=2 discont=0 numSteps total=121 max=2 gt1=1
LogOGRelayProbe: Warning: [Warning][RelayProbe.Write] id=28281 runs=120 writes=144 observableWrites=144 captureSpan=144 receivedX1000=1000 observableX1000=1000 deliverableX1000=1000 replaceLatestObservableX1000=833
LogOGRelayProbe: Warning: [Warning][RelayProbe.Write] id=28281 writesPerFrame p50=1 p99=2 max=2 emptyFrames=26 nonConsecutive=0 missedCaptureTicks=0 captures=[2421,2564] discont=0
LogOGNet: Warning: [Warning][InputStats] dropped 0 / 119 remote inputs = 0%
LogOGRelayProbe: Warning: [Warning][RelayProbe.Budget] conn=28258 frames=120 elapsedMs=2009 netSpeedBps=250000 allowanceBytesPerTick=4166 outBytes=51607 bytesPerTick=430 occupancyPctX10=103
LogOGRelayProbe: Warning: [Warning][RelayProbe.Budget] conn=28258 queuedBits min=-66666 max=-63982 mean=-65902 notReadyFrames=0 outPackets=121 bytesPerPacket=426 lost=0
LogOGInputRelay: Warning: [RelayFlush] window owner=OGBrawlerUECharacter_2147482398 flushedRounds=1645 entries=1790 entriesPerRoundX100=108 suppressed=155 stageOverflowDrops=0
LogOGRelayProbe: Warning: [Warning][RelayProbe.Frame] role=Server simTicks=120 frames=120 meanTicksPerFrameX100=100 p50=1 p99=1 max=1 meanFrameUs=16597
LogOGRelayProbe: Warning: [Warning][RelayProbe.Frame] role=Server cadence dFrame1=120 dFrame0=0 dFrameGt1=0 discont=0 numSteps total=120 max=1 gt1=0
LogOGRelayProbe: Warning: [Warning][RelayProbe.Write] id=28281 runs=120 writes=125 observableWrites=125 captureSpan=125 receivedX1000=1000 observableX1000=1000 deliverableX1000=1000 replaceLatestObservableX1000=960
LogOGRelayProbe: Warning: [Warning][RelayProbe.Write] id=28281 writesPerFrame p50=1 p99=2 max=2 emptyFrames=5 nonConsecutive=0 missedCaptureTicks=0 captures=[2565,2689] discont=0
LogOGNet: Warning: [Warning][InputStats] dropped 0 / 119 remote inputs = 0%
LogOGRelayProbe: Warning: [Warning][RelayProbe.Budget] conn=28258 frames=120 elapsedMs=2002 netSpeedBps=250000 allowanceBytesPerTick=4166 outBytes=51543 bytesPerTick=429 occupancyPctX10=102
LogOGRelayProbe: Warning: [Warning][RelayProbe.Budget] conn=28258 queuedBits min=-66666 max=-64052 mean=-65981 notReadyFrames=0 outPackets=120 bytesPerPacket=429 lost=0
LogOGInputRelay: Warning: [RelayFlush] window owner=OGBrawlerUECharacter_2147482398 flushedRounds=1765 entries=1910 entriesPerRoundX100=108 suppressed=155 stageOverflowDrops=0
LogOGRelayProbe: Warning: [Warning][RelayProbe.Frame] role=Server simTicks=120 frames=120 meanTicksPerFrameX100=100 p50=1 p99=1 max=1 meanFrameUs=16656
LogOGRelayProbe: Warning: [Warning][RelayProbe.Frame] role=Server cadence dFrame1=120 dFrame0=0 dFrameGt1=0 discont=0 numSteps total=120 max=1 gt1=0
LogOGRelayProbe: Warning: [Warning][RelayProbe.Write] id=28281 runs=120 writes=120 observableWrites=120 captureSpan=120 receivedX1000=1000 observableX1000=1000 deliverableX1000=1000 replaceLatestObservableX1000=1000
LogOGRelayProbe: Warning: [Warning][RelayProbe.Write] id=28281 writesPerFrame p50=1 p99=1 max=1 emptyFrames=0 nonConsecutive=0 missedCaptureTicks=0 captures=[2690,2809] discont=0
LogOGNet: Warning: [Warning][InputStats] dropped 0 / 119 remote inputs = 0%
LogOGRelayProbe: Warning: [Warning][RelayProbe.Budget] conn=28258 frames=120 elapsedMs=2000 netSpeedBps=250000 allowanceBytesPerTick=4166 outBytes=51574 bytesPerTick=429 occupancyPctX10=102
LogOGRelayProbe: Warning: [Warning][RelayProbe.Budget] conn=28258 queuedBits min=-66666 max=-63716 mean=-65713 notReadyFrames=0 outPackets=121 bytesPerPacket=426 lost=0
LogOGInputRelay: Warning: [RelayFlush] window owner=OGBrawlerUECharacter_2147482398 flushedRounds=1877 entries=2029 entriesPerRoundX100=108 suppressed=163 stageOverflowDrops=0
LogOGRelayProbe: Warning: [Warning][RelayProbe.Frame] role=Server simTicks=120 frames=121 meanTicksPerFrameX100=99 p50=1 p99=1 max=1 meanFrameUs=16522
LogOGRelayProbe: Warning: [Warning][RelayProbe.Frame] role=Server cadence dFrame1=119 dFrame0=0 dFrameGt1=1 discont=0 numSteps total=120 max=1 gt1=0
LogOGRelayProbe: Warning: [Warning][RelayProbe.Write] id=28281 runs=120 writes=128 observableWrites=128 captureSpan=128 receivedX1000=1000 observableX1000=1000 deliverableX1000=1000 replaceLatestObservableX1000=937
LogOGRelayProbe: Warning: [Warning][RelayProbe.Write] id=28281 writesPerFrame p50=1 p99=2 max=2 emptyFrames=9 nonConsecutive=0 missedCaptureTicks=0 captures=[2810,2937] discont=0
LogOGNet: Warning: [Warning][InputStats] dropped 0 / 119 remote inputs = 0%
LogOGRelayProbe: Warning: [Warning][RelayProbe.Budget] conn=28258 frames=120 elapsedMs=2017 netSpeedBps=250000 allowanceBytesPerTick=4166 outBytes=51584 bytesPerTick=429 occupancyPctX10=102
LogOGRelayProbe: Warning: [Warning][RelayProbe.Budget] conn=28258 queuedBits min=-66666 max=-63510 mean=-65728 notReadyFrames=0 outPackets=122 bytesPerPacket=422 lost=0
LogOGInputRelay: Warning: [RelayFlush] window owner=OGBrawlerUECharacter_2147482398 flushedRounds=1984 entries=2148 entriesPerRoundX100=108 suppressed=176 stageOverflowDrops=0
LogOGRelayProbe: Warning: [Warning][RelayProbe.Frame] role=Server simTicks=121 frames=122 meanTicksPerFrameX100=99 p50=1 p99=1 max=2 meanFrameUs=16562
LogOGRelayProbe: Warning: [Warning][RelayProbe.Frame] role=Server cadence dFrame1=118 dFrame0=0 dFrameGt1=2 discont=0 numSteps total=121 max=2 gt1=1
LogOGRelayProbe: Warning: [Warning][RelayProbe.Write] id=28281 runs=120 writes=131 observableWrites=131 captureSpan=131 receivedX1000=1000 observableX1000=1000 deliverableX1000=1000 replaceLatestObservableX1000=916
LogOGRelayProbe: Warning: [Warning][RelayProbe.Write] id=28281 writesPerFrame p50=1 p99=2 max=2 emptyFrames=12 nonConsecutive=0 missedCaptureTicks=0 captures=[2938,3068] discont=0
LogOGNet: Warning: [Warning][InputStats] dropped 0 / 119 remote inputs = 0%
LogOGRelayProbe: Warning: [Warning][RelayProbe.Budget] conn=28258 frames=120 elapsedMs=1994 netSpeedBps=250000 allowanceBytesPerTick=4166 outBytes=51528 bytesPerTick=429 occupancyPctX10=102
LogOGRelayProbe: Warning: [Warning][RelayProbe.Budget] conn=28258 queuedBits min=-66666 max=-64072 mean=-65971 notReadyFrames=0 outPackets=120 bytesPerPacket=429 lost=0
LogOGInputRelay: Warning: [RelayFlush] window owner=OGBrawlerUECharacter_2147482398 flushedRounds=2104 entries=2268 entriesPerRoundX100=107 suppressed=176 stageOverflowDrops=0
LogOGRelayProbe: Warning: [Warning][RelayProbe.Frame] role=Server simTicks=120 frames=120 meanTicksPerFrameX100=100 p50=1 p99=1 max=1 meanFrameUs=16669
LogOGRelayProbe: Warning: [Warning][RelayProbe.Frame] role=Server cadence dFrame1=120 dFrame0=0 dFrameGt1=0 discont=0 numSteps total=120 max=1 gt1=0
LogOGRelayProbe: Warning: [Warning][RelayProbe.Write] id=28281 runs=120 writes=120 observableWrites=120 captureSpan=120 receivedX1000=1000 observableX1000=1000 deliverableX1000=1000 replaceLatestObservableX1000=1000
LogOGRelayProbe: Warning: [Warning][RelayProbe.Write] id=28281 writesPerFrame p50=1 p99=1 max=1 emptyFrames=0 nonConsecutive=0 missedCaptureTicks=0 captures=[3069,3188] discont=0
LogOGNet: Warning: [Warning][InputStats] dropped 0 / 119 remote inputs = 0%
LogOGRelayProbe: Warning: [Warning][RelayProbe.Budget] conn=28258 frames=120 elapsedMs=2001 netSpeedBps=250000 allowanceBytesPerTick=4166 outBytes=51558 bytesPerTick=429 occupancyPctX10=102
LogOGRelayProbe: Warning: [Warning][RelayProbe.Budget] conn=28258 queuedBits min=-66666 max=-63114 mean=-65652 notReadyFrames=0 outPackets=121 bytesPerPacket=426 lost=0
LogOGInputRelay: Warning: [RelayFlush] window owner=OGBrawlerUECharacter_2147482398 flushedRounds=2218 entries=2387 entriesPerRoundX100=107 suppressed=182 stageOverflowDrops=0
LogOGRelayProbe: Warning: [Warning][RelayProbe.Frame] role=Server simTicks=120 frames=121 meanTicksPerFrameX100=99 p50=1 p99=1 max=1 meanFrameUs=16503
LogOGRelayProbe: Warning: [Warning][RelayProbe.Frame] role=Server cadence dFrame1=119 dFrame0=0 dFrameGt1=1 discont=0 numSteps total=120 max=1 gt1=0
LogOGRelayProbe: Warning: [Warning][RelayProbe.Write] id=28281 runs=120 writes=134 observableWrites=134 captureSpan=134 receivedX1000=1000 observableX1000=1000 deliverableX1000=1000 replaceLatestObservableX1000=895
LogOGRelayProbe: Warning: [Warning][RelayProbe.Write] id=28281 writesPerFrame p50=1 p99=2 max=2 emptyFrames=16 nonConsecutive=0 missedCaptureTicks=0 captures=[3189,3322] discont=0
LogOGNet: Warning: [Warning][InputStats] dropped 0 / 119 remote inputs = 0%
LogOGInputRelay: Warning: [RelayFlush] window owner=OGBrawlerUECharacter_2147482398 flushedRounds=2326 entries=2506 entriesPerRoundX100=107 suppressed=194 stageOverflowDrops=0
LogOGRelayProbe: Warning: [Warning][RelayProbe.Budget] conn=28258 frames=120 elapsedMs=2001 netSpeedBps=250000 allowanceBytesPerTick=4166 outBytes=51576 bytesPerTick=429 occupancyPctX10=102
LogOGRelayProbe: Warning: [Warning][RelayProbe.Budget] conn=28258 queuedBits min=-66666 max=-63236 mean=-65663 notReadyFrames=0 outPackets=121 bytesPerPacket=426 lost=0
LogOGRelayProbe: Warning: [Warning][RelayProbe.Frame] role=Server simTicks=120 frames=121 meanTicksPerFrameX100=99 p50=1 p99=1 max=1 meanFrameUs=16539
LogOGRelayProbe: Warning: [Warning][RelayProbe.Frame] role=Server cadence dFrame1=119 dFrame0=0 dFrameGt1=1 discont=0 numSteps total=120 max=1 gt1=0
LogOGRelayProbe: Warning: [Warning][RelayProbe.Write] id=28281 runs=120 writes=124 observableWrites=124 captureSpan=124 receivedX1000=1000 observableX1000=1000 deliverableX1000=1000 replaceLatestObservableX1000=967
LogOGRelayProbe: Warning: [Warning][RelayProbe.Write] id=28281 writesPerFrame p50=1 p99=2 max=2 emptyFrames=5 nonConsecutive=0 missedCaptureTicks=0 captures=[3323,3446] discont=0
LogOGNet: Warning: [Warning][InputStats] dropped 0 / 119 remote inputs = 0%
LogOGInputRelay: Warning: [RelayFlush] window owner=OGBrawlerUECharacter_2147482398 flushedRounds=2437 entries=2626 entriesPerRoundX100=107 suppressed=203 stageOverflowDrops=0
LogOGRelayProbe: Warning: [Warning][RelayProbe.Budget] conn=28258 frames=120 elapsedMs=2006 netSpeedBps=250000 allowanceBytesPerTick=4166 outBytes=51578 bytesPerTick=429 occupancyPctX10=102
LogOGRelayProbe: Warning: [Warning][RelayProbe.Budget] conn=28258 queuedBits min=-66666 max=-64080 mean=-65872 notReadyFrames=0 outPackets=121 bytesPerPacket=426 lost=0
LogOGRelayProbe: Warning: [Warning][RelayProbe.Frame] role=Server simTicks=120 frames=121 meanTicksPerFrameX100=99 p50=1 p99=1 max=1 meanFrameUs=16528
LogOGRelayProbe: Warning: [Warning][RelayProbe.Frame] role=Server cadence dFrame1=119 dFrame0=0 dFrameGt1=1 discont=0 numSteps total=120 max=1 gt1=0
LogOGNet: Warning: [Warning][InputStats] dropped 0 / 119 remote inputs = 0%
LogOGRelayProbe: Warning: [Warning][RelayProbe.Write] id=28281 runs=120 writes=135 observableWrites=135 captureSpan=135 receivedX1000=1000 observableX1000=1000 deliverableX1000=1000 replaceLatestObservableX1000=888
LogOGRelayProbe: Warning: [Warning][RelayProbe.Write] id=28281 writesPerFrame p50=1 p99=2 max=2 emptyFrames=16 nonConsecutive=0 missedCaptureTicks=0 captures=[3447,3581] discont=0
LogOGInputRelay: Warning: [RelayFlush] window owner=OGBrawlerUECharacter_2147482398 flushedRounds=2541 entries=2744 entriesPerRoundX100=107 suppressed=219 stageOverflowDrops=0
LogOGRelayProbe: Warning: [Warning][RelayProbe.Budget] conn=28258 frames=120 elapsedMs=1995 netSpeedBps=250000 allowanceBytesPerTick=4166 outBytes=51550 bytesPerTick=429 occupancyPctX10=102
LogOGRelayProbe: Warning: [Warning][RelayProbe.Budget] conn=28258 queuedBits min=-66666 max=-63398 mean=-65671 notReadyFrames=0 outPackets=121 bytesPerPacket=426 lost=0
LogOGRelayProbe: Warning: [Warning][RelayProbe.Frame] role=Server simTicks=120 frames=121 meanTicksPerFrameX100=99 p50=1 p99=1 max=1 meanFrameUs=16534
LogOGRelayProbe: Warning: [Warning][RelayProbe.Frame] role=Server cadence dFrame1=119 dFrame0=0 dFrameGt1=1 discont=0 numSteps total=120 max=1 gt1=0
LogOGNet: Warning: [Warning][InputStats] dropped 0 / 119 remote inputs = 0%
LogOGRelayProbe: Warning: [Warning][RelayProbe.Write] id=28281 runs=120 writes=133 observableWrites=133 captureSpan=133 receivedX1000=1000 observableX1000=1000 deliverableX1000=1000 replaceLatestObservableX1000=902
LogOGRelayProbe: Warning: [Warning][RelayProbe.Write] id=28281 writesPerFrame p50=1 p99=2 max=2 emptyFrames=14 nonConsecutive=0 missedCaptureTicks=0 captures=[3582,3714] discont=0
LogOGInputRelay: Warning: [RelayFlush] window owner=OGBrawlerUECharacter_2147482398 flushedRounds=2653 entries=2863 entriesPerRoundX100=107 suppressed=227 stageOverflowDrops=0
LogOGRelayProbe: Warning: [Warning][RelayProbe.Budget] conn=28258 frames=120 elapsedMs=2005 netSpeedBps=250000 allowanceBytesPerTick=4166 outBytes=51550 bytesPerTick=429 occupancyPctX10=102
LogOGRelayProbe: Warning: [Warning][RelayProbe.Budget] conn=28258 queuedBits min=-66666 max=-64020 mean=-65745 notReadyFrames=0 outPackets=121 bytesPerPacket=426 lost=0
LogOGRelayProbe: Warning: [Warning][RelayProbe.Frame] role=Server simTicks=120 frames=121 meanTicksPerFrameX100=99 p50=1 p99=1 max=1 meanFrameUs=16548
LogOGRelayProbe: Warning: [Warning][RelayProbe.Frame] role=Server cadence dFrame1=119 dFrame0=0 dFrameGt1=1 discont=0 numSteps total=120 max=1 gt1=0
LogOGNet: Warning: [Warning][InputStats] dropped 0 / 119 remote inputs = 0%
LogOGRelayProbe: Warning: [Warning][RelayProbe.Write] id=28281 runs=120 writes=131 observableWrites=131 captureSpan=131 receivedX1000=1000 observableX1000=1000 deliverableX1000=1000 replaceLatestObservableX1000=916
LogOGRelayProbe: Warning: [Warning][RelayProbe.Write] id=28281 writesPerFrame p50=1 p99=2 max=2 emptyFrames=12 nonConsecutive=0 missedCaptureTicks=0 captures=[3715,3845] discont=0
LogOGInputRelay: Warning: [RelayFlush] window owner=OGBrawlerUECharacter_2147482398 flushedRounds=2761 entries=2982 entriesPerRoundX100=108 suppressed=239 stageOverflowDrops=0
LogOGRelayProbe: Warning: [Warning][RelayProbe.Budget] conn=28258 frames=120 elapsedMs=1996 netSpeedBps=250000 allowanceBytesPerTick=4166 outBytes=51563 bytesPerTick=429 occupancyPctX10=102
LogOGRelayProbe: Warning: [Warning][RelayProbe.Budget] conn=28258 queuedBits min=-66666 max=-63874 mean=-65677 notReadyFrames=0 outPackets=121 bytesPerPacket=426 lost=0
LogOGRelayProbe: Warning: [Warning][RelayProbe.Frame] role=Server simTicks=120 frames=121 meanTicksPerFrameX100=99 p50=1 p99=1 max=1 meanFrameUs=16528
LogOGRelayProbe: Warning: [Warning][RelayProbe.Frame] role=Server cadence dFrame1=119 dFrame0=0 dFrameGt1=1 discont=0 numSteps total=120 max=1 gt1=0
LogOGNet: Warning: [Warning][InputStats] dropped 0 / 119 remote inputs = 0%
LogOGInputRelay: Warning: [RelayFlush] window owner=OGBrawlerUECharacter_2147482398 flushedRounds=2880 entries=3102 entriesPerRoundX100=107 suppressed=240 stageOverflowDrops=0
LogOGRelayProbe: Warning: [Warning][RelayProbe.Write] id=28281 runs=120 writes=121 observableWrites=121 captureSpan=121 receivedX1000=1000 observableX1000=1000 deliverableX1000=1000 replaceLatestObservableX1000=991
LogOGRelayProbe: Warning: [Warning][RelayProbe.Write] id=28281 writesPerFrame p50=1 p99=1 max=2 emptyFrames=1 nonConsecutive=0 missedCaptureTicks=0 captures=[3846,3966] discont=0
LogOGRelayProbe: Warning: [Warning][RelayProbe.Budget] conn=28258 frames=120 elapsedMs=1997 netSpeedBps=250000 allowanceBytesPerTick=4166 outBytes=51526 bytesPerTick=429 occupancyPctX10=102
LogOGRelayProbe: Warning: [Warning][RelayProbe.Budget] conn=28258 queuedBits min=-66666 max=-64040 mean=-66008 notReadyFrames=0 outPackets=120 bytesPerPacket=429 lost=0
LogOGRelayProbe: Warning: [Warning][RelayProbe.Frame] role=Server simTicks=120 frames=120 meanTicksPerFrameX100=100 p50=1 p99=1 max=1 meanFrameUs=16647
LogOGRelayProbe: Warning: [Warning][RelayProbe.Frame] role=Server cadence dFrame1=120 dFrame0=0 dFrameGt1=0 discont=0 numSteps total=120 max=1 gt1=0
LogOGNet: Warning: [Warning][InputStats] dropped 0 / 119 remote inputs = 0%
LogOGInputRelay: Warning: [RelayFlush] window owner=OGBrawlerUECharacter_2147482398 flushedRounds=2990 entries=3221 entriesPerRoundX100=107 suppressed=250 stageOverflowDrops=0
LogOGRelayProbe: Warning: [Warning][RelayProbe.Budget] conn=28258 frames=120 elapsedMs=2003 netSpeedBps=250000 allowanceBytesPerTick=4166 outBytes=51564 bytesPerTick=429 occupancyPctX10=102
LogOGRelayProbe: Warning: [Warning][RelayProbe.Budget] conn=28258 queuedBits min=-66666 max=-63900 mean=-65900 notReadyFrames=0 outPackets=121 bytesPerPacket=426 lost=0
LogOGRelayProbe: Warning: [Warning][RelayProbe.Write] id=28281 runs=120 writes=133 observableWrites=133 captureSpan=133 receivedX1000=1000 observableX1000=1000 deliverableX1000=1000 replaceLatestObservableX1000=902
LogOGRelayProbe: Warning: [Warning][RelayProbe.Write] id=28281 writesPerFrame p50=1 p99=2 max=2 emptyFrames=14 nonConsecutive=0 missedCaptureTicks=0 captures=[3967,4099] discont=0
LogOGRelayProbe: Warning: [Warning][RelayProbe.Frame] role=Server simTicks=120 frames=121 meanTicksPerFrameX100=99 p50=1 p99=1 max=1 meanFrameUs=16540
LogOGRelayProbe: Warning: [Warning][RelayProbe.Frame] role=Server cadence dFrame1=119 dFrame0=0 dFrameGt1=1 discont=0 numSteps total=120 max=1 gt1=0
LogOGNet: Warning: [Warning][InputStats] dropped 0 / 119 remote inputs = 0%
LogOGInputRelay: Warning: [RelayFlush] window owner=OGBrawlerUECharacter_2147482398 flushedRounds=3106 entries=3341 entriesPerRoundX100=107 suppressed=254 stageOverflowDrops=0
LogOGRelayProbe: Warning: [Warning][RelayProbe.Budget] conn=28258 frames=120 elapsedMs=1998 netSpeedBps=250000 allowanceBytesPerTick=4166 outBytes=51514 bytesPerTick=429 occupancyPctX10=102
LogOGRelayProbe: Warning: [Warning][RelayProbe.Budget] conn=28258 queuedBits min=-66666 max=-64024 mean=-65960 notReadyFrames=0 outPackets=120 bytesPerPacket=429 lost=0
LogOGRelayProbe: Warning: [Warning][RelayProbe.Write] id=28281 runs=120 writes=120 observableWrites=120 captureSpan=120 receivedX1000=1000 observableX1000=1000 deliverableX1000=1000 replaceLatestObservableX1000=1000
LogOGRelayProbe: Warning: [Warning][RelayProbe.Write] id=28281 writesPerFrame p50=1 p99=1 max=1 emptyFrames=0 nonConsecutive=0 missedCaptureTicks=0 captures=[4100,4219] discont=0
LogOGRelayProbe: Warning: [Warning][RelayProbe.Frame] role=Server simTicks=120 frames=120 meanTicksPerFrameX100=100 p50=1 p99=1 max=1 meanFrameUs=16677
LogOGRelayProbe: Warning: [Warning][RelayProbe.Frame] role=Server cadence dFrame1=120 dFrame0=0 dFrameGt1=0 discont=0 numSteps total=120 max=1 gt1=0
LogOGNet: Warning: [Warning][InputStats] dropped 0 / 119 remote inputs = 0%
LogOGInputRelay: Warning: [RelayFlush] window owner=OGBrawlerUECharacter_2147482398 flushedRounds=3226 entries=3461 entriesPerRoundX100=107 suppressed=254 stageOverflowDrops=0
LogOGRelayProbe: Warning: [Warning][RelayProbe.Budget] conn=28258 frames=120 elapsedMs=1992 netSpeedBps=250000 allowanceBytesPerTick=4166 outBytes=51525 bytesPerTick=429 occupancyPctX10=102
LogOGRelayProbe: Warning: [Warning][RelayProbe.Budget] conn=28258 queuedBits min=-66666 max=-63846 mean=-65817 notReadyFrames=0 outPackets=120 bytesPerPacket=429 lost=0
LogOGRelayProbe: Warning: [Warning][RelayProbe.Write] id=28281 runs=120 writes=121 observableWrites=121 captureSpan=121 receivedX1000=1000 observableX1000=1000 deliverableX1000=1000 replaceLatestObservableX1000=991
LogOGRelayProbe: Warning: [Warning][RelayProbe.Write] id=28281 writesPerFrame p50=1 p99=1 max=2 emptyFrames=1 nonConsecutive=0 missedCaptureTicks=0 captures=[4220,4340] discont=0
LogOGRelayProbe: Warning: [Warning][RelayProbe.Frame] role=Server simTicks=120 frames=121 meanTicksPerFrameX100=99 p50=1 p99=1 max=1 meanFrameUs=16570
LogOGRelayProbe: Warning: [Warning][RelayProbe.Frame] role=Server cadence dFrame1=119 dFrame0=0 dFrameGt1=1 discont=0 numSteps total=120 max=1 gt1=0
LogOGNet: Warning: [Warning][InputStats] dropped 0 / 119 remote inputs = 0%
LogOGInputRelay: Warning: [RelayFlush] window owner=OGBrawlerUECharacter_2147482398 flushedRounds=3336 entries=3580 entriesPerRoundX100=107 suppressed=264 stageOverflowDrops=0
LogOGRelayProbe: Warning: [Warning][RelayProbe.Budget] conn=28258 frames=120 elapsedMs=2001 netSpeedBps=250000 allowanceBytesPerTick=4166 outBytes=51552 bytesPerTick=429 occupancyPctX10=102
LogOGRelayProbe: Warning: [Warning][RelayProbe.Budget] conn=28258 queuedBits min=-66666 max=-63524 mean=-65714 notReadyFrames=0 outPackets=121 bytesPerPacket=426 lost=0
LogOGRelayProbe: Warning: [Warning][RelayProbe.Write] id=28281 runs=120 writes=131 observableWrites=131 captureSpan=131 receivedX1000=1000 observableX1000=1000 deliverableX1000=1000 replaceLatestObservableX1000=916
LogOGRelayProbe: Warning: [Warning][RelayProbe.Write] id=28281 writesPerFrame p50=1 p99=2 max=2 emptyFrames=12 nonConsecutive=0 missedCaptureTicks=0 captures=[4341,4471] discont=0
LogOGRelayProbe: Warning: [Warning][RelayProbe.Frame] role=Server simTicks=120 frames=120 meanTicksPerFrameX100=100 p50=1 p99=1 max=1 meanFrameUs=16549
LogOGRelayProbe: Warning: [Warning][RelayProbe.Frame] role=Server cadence dFrame1=120 dFrame0=0 dFrameGt1=0 discont=0 numSteps total=120 max=1 gt1=0
LogOGNet: Warning: [Warning][InputStats] dropped 0 / 119 remote inputs = 0%
LogOGInputRelay: Warning: [RelayFlush] window owner=OGBrawlerUECharacter_2147482398 flushedRounds=3446 entries=3700 entriesPerRoundX100=107 suppressed=274 stageOverflowDrops=0
LogOGRelayProbe: Warning: [Warning][RelayProbe.Budget] conn=28258 frames=120 elapsedMs=2023 netSpeedBps=250000 allowanceBytesPerTick=4166 outBytes=51628 bytesPerTick=430 occupancyPctX10=103
LogOGRelayProbe: Warning: [Warning][RelayProbe.Budget] conn=28258 queuedBits min=-66666 max=-63774 mean=-65877 notReadyFrames=0 outPackets=122 bytesPerPacket=423 lost=0
LogOGRelayProbe: Warning: [Warning][RelayProbe.Frame] role=Server simTicks=121 frames=122 meanTicksPerFrameX100=99 p50=1 p99=1 max=2 meanFrameUs=16569
LogOGRelayProbe: Warning: [Warning][RelayProbe.Frame] role=Server cadence dFrame1=118 dFrame0=0 dFrameGt1=2 discont=0 numSteps total=121 max=2 gt1=1
LogOGRelayProbe: Warning: [Warning][RelayProbe.Write] id=28281 runs=120 writes=128 observableWrites=128 captureSpan=128 receivedX1000=1000 observableX1000=1000 deliverableX1000=1000 replaceLatestObservableX1000=937
LogOGRelayProbe: Warning: [Warning][RelayProbe.Write] id=28281 writesPerFrame p50=1 p99=2 max=2 emptyFrames=9 nonConsecutive=0 missedCaptureTicks=0 captures=[4472,4599] discont=0
LogOGNet: Warning: [Warning][InputStats] dropped 0 / 119 remote inputs = 0%
LogOGInputRelay: Warning: [RelayFlush] window owner=OGBrawlerUECharacter_2147482398 flushedRounds=3555 entries=3818 entriesPerRoundX100=107 suppressed=285 stageOverflowDrops=0
LogOGRelayProbe: Warning: [Warning][RelayProbe.Budget] conn=28258 frames=120 elapsedMs=2000 netSpeedBps=250000 allowanceBytesPerTick=4166 outBytes=51553 bytesPerTick=429 occupancyPctX10=102
LogOGRelayProbe: Warning: [Warning][RelayProbe.Budget] conn=28258 queuedBits min=-66666 max=-63808 mean=-65736 notReadyFrames=0 outPackets=121 bytesPerPacket=426 lost=0
LogOGRelayProbe: Warning: [Warning][RelayProbe.Frame] role=Server simTicks=120 frames=121 meanTicksPerFrameX100=99 p50=1 p99=1 max=1 meanFrameUs=16594
LogOGRelayProbe: Warning: [Warning][RelayProbe.Frame] role=Server cadence dFrame1=119 dFrame0=0 dFrameGt1=1 discont=0 numSteps total=120 max=1 gt1=0
LogOGRelayProbe: Warning: [Warning][RelayProbe.Write] id=28281 runs=120 writes=141 observableWrites=141 captureSpan=141 receivedX1000=1000 observableX1000=1000 deliverableX1000=1000 replaceLatestObservableX1000=851
LogOGRelayProbe: Warning: [Warning][RelayProbe.Write] id=28281 writesPerFrame p50=1 p99=2 max=2 emptyFrames=22 nonConsecutive=0 missedCaptureTicks=0 captures=[4600,4740] discont=0
LogOGNet: Warning: [Warning][InputStats] dropped 0 / 119 remote inputs = 0%
LogOGInputRelay: Warning: [RelayFlush] window owner=OGBrawlerUECharacter_2147482398 flushedRounds=3660 entries=3938 entriesPerRoundX100=107 suppressed=300 stageOverflowDrops=0
LogOGRelayProbe: Warning: [Warning][RelayProbe.Budget] conn=28258 frames=120 elapsedMs=1988 netSpeedBps=250000 allowanceBytesPerTick=4166 outBytes=51517 bytesPerTick=429 occupancyPctX10=102
LogOGRelayProbe: Warning: [Warning][RelayProbe.Budget] conn=28258 queuedBits min=-66666 max=-63792 mean=-65759 notReadyFrames=0 outPackets=120 bytesPerPacket=429 lost=0
LogOGRelayProbe: Warning: [Warning][RelayProbe.Frame] role=Server simTicks=120 frames=121 meanTicksPerFrameX100=99 p50=1 p99=1 max=1 meanFrameUs=16510
LogOGRelayProbe: Warning: [Warning][RelayProbe.Frame] role=Server cadence dFrame1=119 dFrame0=0 dFrameGt1=1 discont=0 numSteps total=120 max=1 gt1=0
LogOGRelayProbe: Warning: [Warning][RelayProbe.Write] id=28281 runs=120 writes=136 observableWrites=136 captureSpan=136 receivedX1000=1000 observableX1000=1000 deliverableX1000=1000 replaceLatestObservableX1000=882
LogOGRelayProbe: Warning: [Warning][RelayProbe.Write] id=28281 writesPerFrame p50=1 p99=2 max=2 emptyFrames=17 nonConsecutive=0 missedCaptureTicks=0 captures=[4741,4876] discont=0
LogOGNet: Warning: [Warning][InputStats] dropped 0 / 119 remote inputs = 0%
LogOGInputRelay: Warning: [RelayFlush] window owner=OGBrawlerUECharacter_2147482398 flushedRounds=3754 entries=4057 entriesPerRoundX100=108 suppressed=326 stageOverflowDrops=0
LogOGRelayProbe: Warning: [Warning][RelayProbe.Budget] conn=28258 frames=120 elapsedMs=2011 netSpeedBps=250000 allowanceBytesPerTick=4166 outBytes=51572 bytesPerTick=429 occupancyPctX10=102
LogOGRelayProbe: Warning: [Warning][RelayProbe.Budget] conn=28258 queuedBits min=-66666 max=-64008 mean=-65867 notReadyFrames=0 outPackets=121 bytesPerPacket=426 lost=0
LogOGRelayProbe: Warning: [Warning][RelayProbe.Frame] role=Server simTicks=120 frames=120 meanTicksPerFrameX100=100 p50=1 p99=1 max=1 meanFrameUs=16666
LogOGRelayProbe: Warning: [Warning][RelayProbe.Frame] role=Server cadence dFrame1=120 dFrame0=0 dFrameGt1=0 discont=0 numSteps total=120 max=1 gt1=0
LogOGNet: Warning: [Warning][InputStats] dropped 0 / 119 remote inputs = 0%
LogOGRelayProbe: Warning: [Warning][RelayProbe.Write] id=28281 runs=120 writes=135 observableWrites=135 captureSpan=135 receivedX1000=1000 observableX1000=1000 deliverableX1000=1000 replaceLatestObservableX1000=888
LogOGRelayProbe: Warning: [Warning][RelayProbe.Write] id=28281 writesPerFrame p50=1 p99=2 max=2 emptyFrames=15 nonConsecutive=0 missedCaptureTicks=0 captures=[4877,5011] discont=0
LogOGInputRelay: Warning: [RelayFlush] window owner=OGBrawlerUECharacter_2147482398 flushedRounds=3868 entries=4177 entriesPerRoundX100=107 suppressed=332 stageOverflowDrops=0
LogOGRelayProbe: Warning: [Warning][RelayProbe.Budget] conn=28258 frames=120 elapsedMs=1988 netSpeedBps=250000 allowanceBytesPerTick=4166 outBytes=51529 bytesPerTick=429 occupancyPctX10=102
LogOGRelayProbe: Warning: [Warning][RelayProbe.Budget] conn=28258 queuedBits min=-66666 max=-64020 mean=-65849 notReadyFrames=0 outPackets=120 bytesPerPacket=429 lost=0
LogOGRelayProbe: Warning: [Warning][RelayProbe.Frame] role=Server simTicks=121 frames=122 meanTicksPerFrameX100=99 p50=1 p99=1 max=2 meanFrameUs=16550
LogOGRelayProbe: Warning: [Warning][RelayProbe.Frame] role=Server cadence dFrame1=118 dFrame0=0 dFrameGt1=2 discont=0 numSteps total=121 max=2 gt1=1
LogOGNet: Warning: [Warning][InputStats] dropped 0 / 119 remote inputs = 0%
LogOGRelayProbe: Warning: [Warning][RelayProbe.Write] id=28281 runs=120 writes=145 observableWrites=145 captureSpan=145 receivedX1000=1000 observableX1000=1000 deliverableX1000=1000 replaceLatestObservableX1000=827
LogOGRelayProbe: Warning: [Warning][RelayProbe.Write] id=28281 writesPerFrame p50=1 p99=2 max=2 emptyFrames=26 nonConsecutive=0 missedCaptureTicks=0 captures=[5012,5156] discont=0
LogOGInputRelay: Warning: [RelayFlush] window owner=OGBrawlerUECharacter_2147482398 flushedRounds=3964 entries=4296 entriesPerRoundX100=108 suppressed=356 stageOverflowDrops=0
LogOGRelayProbe: Warning: [Warning][RelayProbe.Budget] conn=28258 frames=120 elapsedMs=2022 netSpeedBps=250000 allowanceBytesPerTick=4166 outBytes=51542 bytesPerTick=429 occupancyPctX10=102
LogOGRelayProbe: Warning: [Warning][RelayProbe.Budget] conn=28258 queuedBits min=-66666 max=-63280 mean=-65822 notReadyFrames=0 outPackets=122 bytesPerPacket=422 lost=0
LogOGRelayProbe: Warning: [Warning][RelayProbe.Frame] role=Server simTicks=120 frames=120 meanTicksPerFrameX100=100 p50=1 p99=1 max=1 meanFrameUs=16555
LogOGRelayProbe: Warning: [Warning][RelayProbe.Frame] role=Server cadence dFrame1=120 dFrame0=0 dFrameGt1=0 discont=0 numSteps total=120 max=1 gt1=0
LogOGNet: Warning: [Warning][InputStats] dropped 0 / 119 remote inputs = 0%
LogOGInputRelay: Warning: [RelayFlush] window owner=OGBrawlerUECharacter_2147482398 flushedRounds=4073 entries=4415 entriesPerRoundX100=108 suppressed=367 stageOverflowDrops=0
LogOGRelayProbe: Warning: [Warning][RelayProbe.Write] id=28281 runs=120 writes=130 observableWrites=130 captureSpan=130 receivedX1000=1000 observableX1000=1000 deliverableX1000=1000 replaceLatestObservableX1000=923
LogOGRelayProbe: Warning: [Warning][RelayProbe.Write] id=28281 writesPerFrame p50=1 p99=2 max=2 emptyFrames=11 nonConsecutive=0 missedCaptureTicks=0 captures=[5157,5286] discont=0
LogOGRelayProbe: Warning: [Warning][RelayProbe.Budget] conn=28258 frames=120 elapsedMs=1998 netSpeedBps=250000 allowanceBytesPerTick=4166 outBytes=51590 bytesPerTick=429 occupancyPctX10=102
LogOGRelayProbe: Warning: [Warning][RelayProbe.Budget] conn=28258 queuedBits min=-66666 max=-63804 mean=-65686 notReadyFrames=0 outPackets=121 bytesPerPacket=426 lost=0
LogOGRelayProbe: Warning: [Warning][RelayProbe.Frame] role=Server simTicks=120 frames=121 meanTicksPerFrameX100=99 p50=1 p99=1 max=1 meanFrameUs=16533
LogOGRelayProbe: Warning: [Warning][RelayProbe.Frame] role=Server cadence dFrame1=119 dFrame0=0 dFrameGt1=1 discont=0 numSteps total=120 max=1 gt1=0
LogOGNet: Warning: [Warning][InputStats] dropped 0 / 119 remote inputs = 0%
LogOGInputRelay: Warning: [RelayFlush] window owner=OGBrawlerUECharacter_2147482398 flushedRounds=4183 entries=4534 entriesPerRoundX100=108 suppressed=377 stageOverflowDrops=0
LogOGRelayProbe: Warning: [Warning][RelayProbe.Budget] conn=28258 frames=120 elapsedMs=2012 netSpeedBps=250000 allowanceBytesPerTick=4166 outBytes=51597 bytesPerTick=429 occupancyPctX10=102
LogOGRelayProbe: Warning: [Warning][RelayProbe.Budget] conn=28258 queuedBits min=-66666 max=-63620 mean=-65673 notReadyFrames=0 outPackets=122 bytesPerPacket=422 lost=0
LogOGRelayProbe: Warning: [Warning][RelayProbe.Write] id=28281 runs=120 writes=133 observableWrites=133 captureSpan=133 receivedX1000=1000 observableX1000=1000 deliverableX1000=1000 replaceLatestObservableX1000=902
LogOGRelayProbe: Warning: [Warning][RelayProbe.Write] id=28281 writesPerFrame p50=1 p99=2 max=2 emptyFrames=14 nonConsecutive=0 missedCaptureTicks=0 captures=[5287,5419] discont=0
LogOGRelayProbe: Warning: [Warning][RelayProbe.Frame] role=Server simTicks=121 frames=122 meanTicksPerFrameX100=99 p50=1 p99=1 max=2 meanFrameUs=16527
LogOGRelayProbe: Warning: [Warning][RelayProbe.Frame] role=Server cadence dFrame1=118 dFrame0=0 dFrameGt1=2 discont=0 numSteps total=121 max=2 gt1=1
LogOGNet: Warning: [Warning][InputStats] dropped 0 / 119 remote inputs = 0%
LogOGInputRelay: Warning: [RelayFlush] window owner=OGBrawlerUECharacter_2147482398 flushedRounds=4295 entries=4653 entriesPerRoundX100=108 suppressed=385 stageOverflowDrops=0
LogOGRelayProbe: Warning: [Warning][RelayProbe.Budget] conn=28258 frames=120 elapsedMs=2003 netSpeedBps=250000 allowanceBytesPerTick=4166 outBytes=51562 bytesPerTick=429 occupancyPctX10=102
LogOGRelayProbe: Warning: [Warning][RelayProbe.Budget] conn=28258 queuedBits min=-66666 max=-63888 mean=-65782 notReadyFrames=0 outPackets=121 bytesPerPacket=426 lost=0
LogOGRelayProbe: Warning: [Warning][RelayProbe.Write] id=28281 runs=120 writes=123 observableWrites=123 captureSpan=123 receivedX1000=1000 observableX1000=1000 deliverableX1000=1000 replaceLatestObservableX1000=975
LogOGRelayProbe: Warning: [Warning][RelayProbe.Write] id=28281 writesPerFrame p50=1 p99=2 max=2 emptyFrames=4 nonConsecutive=0 missedCaptureTicks=0 captures=[5420,5542] discont=0
LogOGRelayProbe: Warning: [Warning][RelayProbe.Frame] role=Server simTicks=120 frames=121 meanTicksPerFrameX100=99 p50=1 p99=1 max=1 meanFrameUs=16530
LogOGRelayProbe: Warning: [Warning][RelayProbe.Frame] role=Server cadence dFrame1=119 dFrame0=0 dFrameGt1=1 discont=0 numSteps total=120 max=1 gt1=0
LogOGNet: Warning: [Warning][InputStats] dropped 0 / 119 remote inputs = 0%
LogOGInputRelay: Warning: [RelayFlush] window owner=OGBrawlerUECharacter_2147482398 flushedRounds=4408 entries=4772 entriesPerRoundX100=108 suppressed=392 stageOverflowDrops=0
LogOGRelayProbe: Warning: [Warning][RelayProbe.Budget] conn=28258 frames=120 elapsedMs=2001 netSpeedBps=250000 allowanceBytesPerTick=4166 outBytes=51565 bytesPerTick=429 occupancyPctX10=102
LogOGRelayProbe: Warning: [Warning][RelayProbe.Budget] conn=28258 queuedBits min=-66666 max=-63612 mean=-65716 notReadyFrames=0 outPackets=121 bytesPerPacket=426 lost=0
LogOGRelayProbe: Warning: [Warning][RelayProbe.Write] id=28281 runs=120 writes=126 observableWrites=126 captureSpan=126 receivedX1000=1000 observableX1000=1000 deliverableX1000=1000 replaceLatestObservableX1000=952
LogOGRelayProbe: Warning: [Warning][RelayProbe.Write] id=28281 writesPerFrame p50=1 p99=2 max=2 emptyFrames=7 nonConsecutive=0 missedCaptureTicks=0 captures=[5543,5668] discont=0
LogOGRelayProbe: Warning: [Warning][RelayProbe.Frame] role=Server simTicks=120 frames=121 meanTicksPerFrameX100=99 p50=1 p99=1 max=1 meanFrameUs=16546
LogOGRelayProbe: Warning: [Warning][RelayProbe.Frame] role=Server cadence dFrame1=119 dFrame0=0 dFrameGt1=1 discont=0 numSteps total=120 max=1 gt1=0
LogOGNet: Warning: [Warning][InputStats] dropped 0 / 119 remote inputs = 0%
LogOGInputRelay: Warning: [RelayFlush] window owner=OGBrawlerUECharacter_2147482398 flushedRounds=4521 entries=4892 entriesPerRoundX100=108 suppressed=399 stageOverflowDrops=0
LogOGRelayProbe: Warning: [Warning][RelayProbe.Budget] conn=28258 frames=120 elapsedMs=1997 netSpeedBps=250000 allowanceBytesPerTick=4166 outBytes=51523 bytesPerTick=429 occupancyPctX10=102
LogOGRelayProbe: Warning: [Warning][RelayProbe.Budget] conn=28258 queuedBits min=-66666 max=-63710 mean=-65909 notReadyFrames=0 outPackets=120 bytesPerPacket=429 lost=0
LogOGRelayProbe: Warning: [Warning][RelayProbe.Write] id=28281 runs=120 writes=129 observableWrites=129 captureSpan=129 receivedX1000=1000 observableX1000=1000 deliverableX1000=1000 replaceLatestObservableX1000=930
LogOGRelayProbe: Warning: [Warning][RelayProbe.Write] id=28281 writesPerFrame p50=1 p99=2 max=2 emptyFrames=9 nonConsecutive=0 missedCaptureTicks=0 captures=[5669,5797] discont=0
LogOGRelayProbe: Warning: [Warning][RelayProbe.Frame] role=Server simTicks=120 frames=120 meanTicksPerFrameX100=100 p50=1 p99=1 max=1 meanFrameUs=16658
LogOGRelayProbe: Warning: [Warning][RelayProbe.Frame] role=Server cadence dFrame1=120 dFrame0=0 dFrameGt1=0 discont=0 numSteps total=120 max=1 gt1=0
LogOGNet: Warning: [Warning][InputStats] dropped 0 / 119 remote inputs = 0%
LogOGInputRelay: Warning: [RelayFlush] window owner=OGBrawlerUECharacter_2147482398 flushedRounds=4631 entries=5011 entriesPerRoundX100=108 suppressed=409 stageOverflowDrops=0
LogOGRelayProbe: Warning: [Warning][RelayProbe.Budget] conn=28258 frames=120 elapsedMs=2003 netSpeedBps=250000 allowanceBytesPerTick=4166 outBytes=51553 bytesPerTick=429 occupancyPctX10=102
LogOGRelayProbe: Warning: [Warning][RelayProbe.Budget] conn=28258 queuedBits min=-66666 max=-63954 mean=-65763 notReadyFrames=0 outPackets=121 bytesPerPacket=426 lost=0
LogOGRelayProbe: Warning: [Warning][RelayProbe.Frame] role=Server simTicks=120 frames=121 meanTicksPerFrameX100=99 p50=1 p99=1 max=1 meanFrameUs=16529
LogOGRelayProbe: Warning: [Warning][RelayProbe.Frame] role=Server cadence dFrame1=119 dFrame0=0 dFrameGt1=1 discont=0 numSteps total=120 max=1 gt1=0
LogOGRelayProbe: Warning: [Warning][RelayProbe.Write] id=28281 runs=120 writes=130 observableWrites=130 captureSpan=130 receivedX1000=1000 observableX1000=1000 deliverableX1000=1000 replaceLatestObservableX1000=923
LogOGRelayProbe: Warning: [Warning][RelayProbe.Write] id=28281 writesPerFrame p50=1 p99=2 max=2 emptyFrames=11 nonConsecutive=0 missedCaptureTicks=0 captures=[5798,5927] discont=0
LogOGNet: Warning: [Warning][InputStats] dropped 0 / 119 remote inputs = 0%
LogOGInputRelay: Warning: [RelayFlush] window owner=OGBrawlerUECharacter_2147482398 flushedRounds=4745 entries=5131 entriesPerRoundX100=108 suppressed=415 stageOverflowDrops=0
LogOGRelayProbe: Warning: [Warning][RelayProbe.Budget] conn=28258 frames=120 elapsedMs=2002 netSpeedBps=250000 allowanceBytesPerTick=4166 outBytes=51534 bytesPerTick=429 occupancyPctX10=102
LogOGRelayProbe: Warning: [Warning][RelayProbe.Budget] conn=28258 queuedBits min=-66666 max=-63800 mean=-66066 notReadyFrames=0 outPackets=120 bytesPerPacket=429 lost=0
LogOGRelayProbe: Warning: [Warning][RelayProbe.Frame] role=Server simTicks=120 frames=120 meanTicksPerFrameX100=100 p50=1 p99=1 max=1 meanFrameUs=16723
LogOGRelayProbe: Warning: [Warning][RelayProbe.Frame] role=Server cadence dFrame1=120 dFrame0=0 dFrameGt1=0 discont=0 numSteps total=120 max=1 gt1=0
LogOGRelayProbe: Warning: [Warning][RelayProbe.Write] id=28281 runs=120 writes=123 observableWrites=123 captureSpan=123 receivedX1000=1000 observableX1000=1000 deliverableX1000=1000 replaceLatestObservableX1000=975
LogOGRelayProbe: Warning: [Warning][RelayProbe.Write] id=28281 writesPerFrame p50=1 p99=2 max=2 emptyFrames=3 nonConsecutive=0 missedCaptureTicks=0 captures=[5928,6050] discont=0
LogOGNet: Warning: [Warning][InputStats] dropped 0 / 119 remote inputs = 0%
LogViewport: Display: Player bShowMouseCursor Changed, False -> True
LogOGInputRelay: Warning: [RelayFlush] window owner=OGBrawlerUECharacter_2147482398 flushedRounds=4861 entries=5251 entriesPerRoundX100=108 suppressed=419 stageOverflowDrops=0
LogOGRelayProbe: Warning: [Warning][RelayProbe.Budget] conn=28258 frames=120 elapsedMs=2026 netSpeedBps=250000 allowanceBytesPerTick=4166 outBytes=57460 bytesPerTick=478 occupancyPctX10=114
LogOGRelayProbe: Warning: [Warning][RelayProbe.Budget] conn=28258 queuedBits min=-66666 max=-63966 mean=-66181 notReadyFrames=0 outPackets=121 bytesPerPacket=474 lost=0
LogOGRelayProbe: Warning: [Warning][RelayProbe.Frame] role=Server simTicks=122 frames=121 meanTicksPerFrameX100=100 p50=1 p99=2 max=2 meanFrameUs=16791
LogOGRelayProbe: Warning: [Warning][RelayProbe.Frame] role=Server cadence dFrame1=119 dFrame0=0 dFrameGt1=1 discont=0 numSteps total=122 max=2 gt1=2
LogOGRelayProbe: Warning: [Warning][RelayProbe.Budget] conn=28260 frames=120 elapsedMs=2035 netSpeedBps=250000 allowanceBytesPerTick=4166 outBytes=61623 bytesPerTick=513 occupancyPctX10=123
LogOGRelayProbe: Warning: [Warning][RelayProbe.Budget] conn=28260 queuedBits min=-127588 max=0 mean=-65468 notReadyFrames=2 outPackets=122 bytesPerPacket=505 lost=0
LogOGNet: Warning: [Warning][InputStats] dropped 0 / 225 remote inputs = 0%
LogOGInputRelay: Warning: [RelayFlush] window owner=OGBrawlerUECharacter_2147482376 flushedRounds=86 entries=120 entriesPerRoundX100=139 suppressed=34 stageOverflowDrops=0
LogOGRelayProbe: Warning: [Warning][RelayProbe.Write] id=28281 runs=120 writes=146 observableWrites=146 captureSpan=146 receivedX1000=1000 observableX1000=1000 deliverableX1000=1000 replaceLatestObservableX1000=821
LogOGRelayProbe: Warning: [Warning][RelayProbe.Write] id=28281 writesPerFrame p50=1 p99=2 max=3 emptyFrames=25 nonConsecutive=0 missedCaptureTicks=0 captures=[6051,6196] discont=0
LogOGInputRelay: Warning: [RelayFlush] window owner=OGBrawlerUECharacter_2147482398 flushedRounds=4947 entries=5372 entriesPerRoundX100=108 suppressed=453 stageOverflowDrops=0
LogOGRelayProbe: Warning: [Warning][RelayProbe.Write] id=28318 runs=120 writes=173 observableWrites=173 captureSpan=173 receivedX1000=1000 observableX1000=1000 deliverableX1000=1000 replaceLatestObservableX1000=693
LogOGRelayProbe: Warning: [Warning][RelayProbe.Write] id=28318 writesPerFrame p50=1 p99=2 max=3 emptyFrames=51 nonConsecutive=0 missedCaptureTicks=0 captures=[6078,6250] discont=0
LogOGRelayProbe: Warning: [Warning][RelayProbe.Budget] conn=28258 frames=120 elapsedMs=2023 netSpeedBps=250000 allowanceBytesPerTick=4166 outBytes=62359 bytesPerTick=519 occupancyPctX10=124
LogOGRelayProbe: Warning: [Warning][RelayProbe.Budget] conn=28258 queuedBits min=-66666 max=-64064 mean=-66412 notReadyFrames=0 outPackets=120 bytesPerPacket=519 lost=0
LogOGRelayProbe: Warning: [Warning][RelayProbe.Frame] role=Server simTicks=121 frames=120 meanTicksPerFrameX100=100 p50=1 p99=1 max=2 meanFrameUs=16852
LogOGRelayProbe: Warning: [Warning][RelayProbe.Frame] role=Server cadence dFrame1=120 dFrame0=0 dFrameGt1=0 discont=0 numSteps total=121 max=2 gt1=1
LogOGNet: Warning: [Warning][InputStats] dropped 0 / 238 remote inputs = 0%
LogOGRelayProbe: Warning: [Warning][RelayProbe.Budget] conn=28260 frames=120 elapsedMs=2020 netSpeedBps=250000 allowanceBytesPerTick=4166 outBytes=62360 bytesPerTick=519 occupancyPctX10=124
LogOGRelayProbe: Warning: [Warning][RelayProbe.Budget] conn=28260 queuedBits min=-66666 max=-64054 mean=-66352 notReadyFrames=0 outPackets=120 bytesPerPacket=519 lost=0
LogOGInputRelay: Warning: [RelayFlush] window owner=OGBrawlerUECharacter_2147482376 flushedRounds=165 entries=242 entriesPerRoundX100=146 suppressed=75 stageOverflowDrops=0
LogOGInputRelay: Warning: [RelayFlush] window owner=OGBrawlerUECharacter_2147482398 flushedRounds=5031 entries=5494 entriesPerRoundX100=109 suppressed=489 stageOverflowDrops=0
LogOGRelayProbe: Warning: [Warning][RelayProbe.Write] id=28281 runs=120 writes=174 observableWrites=174 captureSpan=174 receivedX1000=1000 observableX1000=1000 deliverableX1000=1000 replaceLatestObservableX1000=689
LogOGRelayProbe: Warning: [Warning][RelayProbe.Write] id=28281 writesPerFrame p50=1 p99=2 max=2 emptyFrames=52 nonConsecutive=0 missedCaptureTicks=0 captures=[6197,6370] discont=0
LogOGRelayProbe: Warning: [Warning][RelayProbe.Budget] conn=28258 frames=120 elapsedMs=2020 netSpeedBps=250000 allowanceBytesPerTick=4166 outBytes=62329 bytesPerTick=519 occupancyPctX10=124
LogOGRelayProbe: Warning: [Warning][RelayProbe.Budget] conn=28258 queuedBits min=-66666 max=-64054 mean=-66351 notReadyFrames=0 outPackets=120 bytesPerPacket=519 lost=0
LogOGRelayProbe: Warning: [Warning][RelayProbe.Frame] role=Server simTicks=122 frames=120 meanTicksPerFrameX100=101 p50=1 p99=2 max=2 meanFrameUs=16845
LogOGRelayProbe: Warning: [Warning][RelayProbe.Frame] role=Server cadence dFrame1=120 dFrame0=0 dFrameGt1=0 discont=0 numSteps total=122 max=2 gt1=2
LogOGNet: Warning: [Warning][InputStats] dropped 0 / 238 remote inputs = 0%
LogOGRelayProbe: Warning: [Warning][RelayProbe.Write] id=28318 runs=120 writes=183 observableWrites=183 captureSpan=183 receivedX1000=1000 observableX1000=1000 deliverableX1000=1000 replaceLatestObservableX1000=655
LogOGRelayProbe: Warning: [Warning][RelayProbe.Write] id=28318 writesPerFrame p50=2 p99=3 max=3 emptyFrames=61 nonConsecutive=0 missedCaptureTicks=0 captures=[6251,6433] discont=0
LogOGRelayProbe: Warning: [Warning][RelayProbe.Budget] conn=28260 frames=120 elapsedMs=2023 netSpeedBps=250000 allowanceBytesPerTick=4166 outBytes=62587 bytesPerTick=521 occupancyPctX10=125
LogOGRelayProbe: Warning: [Warning][RelayProbe.Budget] conn=28260 queuedBits min=-66666 max=-64110 mean=-66394 notReadyFrames=0 outPackets=120 bytesPerPacket=521 lost=0
LogOGInputRelay: Warning: [RelayFlush] window owner=OGBrawlerUECharacter_2147482376 flushedRounds=244 entries=362 entriesPerRoundX100=148 suppressed=116 stageOverflowDrops=0
LogOGInputRelay: Warning: [RelayFlush] window owner=OGBrawlerUECharacter_2147482398 flushedRounds=5115 entries=5615 entriesPerRoundX100=109 suppressed=525 stageOverflowDrops=0
LogOGRelayProbe: Warning: [Warning][RelayProbe.Budget] conn=28258 frames=120 elapsedMs=2022 netSpeedBps=250000 allowanceBytesPerTick=4166 outBytes=62424 bytesPerTick=520 occupancyPctX10=124
LogOGRelayProbe: Warning: [Warning][RelayProbe.Budget] conn=28258 queuedBits min=-66666 max=-64110 mean=-66386 notReadyFrames=0 outPackets=120 bytesPerPacket=520 lost=0
LogOGRelayProbe: Warning: [Warning][RelayProbe.Frame] role=Server simTicks=121 frames=120 meanTicksPerFrameX100=100 p50=1 p99=1 max=2 meanFrameUs=16848
LogOGRelayProbe: Warning: [Warning][RelayProbe.Frame] role=Server cadence dFrame1=120 dFrame0=0 dFrameGt1=0 discont=0 numSteps total=121 max=2 gt1=1
LogOGRelayProbe: Warning: [Warning][RelayProbe.Write] id=28281 runs=120 writes=176 observableWrites=176 captureSpan=176 receivedX1000=1000 observableX1000=1000 deliverableX1000=1000 replaceLatestObservableX1000=681
LogOGRelayProbe: Warning: [Warning][RelayProbe.Write] id=28281 writesPerFrame p50=1 p99=2 max=3 emptyFrames=54 nonConsecutive=0 missedCaptureTicks=0 captures=[6371,6546] discont=0
LogOGNet: Warning: [Warning][InputStats] dropped 0 / 238 remote inputs = 0%
LogOGRelayProbe: Warning: [Warning][RelayProbe.Budget] conn=28260 frames=120 elapsedMs=2021 netSpeedBps=250000 allowanceBytesPerTick=4166 outBytes=62366 bytesPerTick=519 occupancyPctX10=124
LogOGRelayProbe: Warning: [Warning][RelayProbe.Budget] conn=28260 queuedBits min=-66666 max=-64152 mean=-66347 notReadyFrames=0 outPackets=120 bytesPerPacket=519 lost=0
LogOGInputRelay: Warning: [RelayFlush] window owner=OGBrawlerUECharacter_2147482376 flushedRounds=324 entries=483 entriesPerRoundX100=149 suppressed=156 stageOverflowDrops=0
LogOGInputRelay: Warning: [RelayFlush] window owner=OGBrawlerUECharacter_2147482398 flushedRounds=5197 entries=5736 entriesPerRoundX100=110 suppressed=563 stageOverflowDrops=0
LogOGRelayProbe: Warning: [Warning][RelayProbe.Write] id=28318 runs=120 writes=183 observableWrites=183 captureSpan=183 receivedX1000=1000 observableX1000=1000 deliverableX1000=1000 replaceLatestObservableX1000=655
LogOGRelayProbe: Warning: [Warning][RelayProbe.Write] id=28318 writesPerFrame p50=2 p99=3 max=3 emptyFrames=61 nonConsecutive=0 missedCaptureTicks=0 captures=[6434,6616] discont=0
LogOGRelayProbe: Warning: [Warning][RelayProbe.Budget] conn=28258 frames=120 elapsedMs=2024 netSpeedBps=250000 allowanceBytesPerTick=4166 outBytes=62385 bytesPerTick=519 occupancyPctX10=124
LogOGRelayProbe: Warning: [Warning][RelayProbe.Budget] conn=28258 queuedBits min=-66666 max=-64152 mean=-66384 notReadyFrames=0 outPackets=120 bytesPerPacket=519 lost=0
LogOGRelayProbe: Warning: [Warning][RelayProbe.Frame] role=Server simTicks=121 frames=120 meanTicksPerFrameX100=100 p50=1 p99=1 max=2 meanFrameUs=16873
LogOGRelayProbe: Warning: [Warning][RelayProbe.Frame] role=Server cadence dFrame1=120 dFrame0=0 dFrameGt1=0 discont=0 numSteps total=121 max=2 gt1=1
LogOGNet: Warning: [Warning][InputStats] dropped 0 / 238 remote inputs = 0%
LogOGRelayProbe: Warning: [Warning][RelayProbe.Budget] conn=28260 frames=120 elapsedMs=2021 netSpeedBps=250000 allowanceBytesPerTick=4166 outBytes=62417 bytesPerTick=520 occupancyPctX10=124
LogOGRelayProbe: Warning: [Warning][RelayProbe.Budget] conn=28260 queuedBits min=-66666 max=-63880 mean=-66341 notReadyFrames=0 outPackets=120 bytesPerPacket=520 lost=0
LogOGInputRelay: Warning: [RelayFlush] window owner=OGBrawlerUECharacter_2147482376 flushedRounds=404 entries=605 entriesPerRoundX100=149 suppressed=196 stageOverflowDrops=0
LogOGRelayProbe: Warning: [Warning][RelayProbe.Write] id=28281 runs=120 writes=172 observableWrites=172 captureSpan=172 receivedX1000=1000 observableX1000=1000 deliverableX1000=1000 replaceLatestObservableX1000=697
LogOGRelayProbe: Warning: [Warning][RelayProbe.Write] id=28281 writesPerFrame p50=1 p99=2 max=2 emptyFrames=51 nonConsecutive=0 missedCaptureTicks=0 captures=[6547,6718] discont=0
LogOGInputRelay: Warning: [RelayFlush] window owner=OGBrawlerUECharacter_2147482398 flushedRounds=5282 entries=5857 entriesPerRoundX100=110 suppressed=598 stageOverflowDrops=0
LogOGRelayProbe: Warning: [Warning][RelayProbe.Budget] conn=28258 frames=120 elapsedMs=2032 netSpeedBps=250000 allowanceBytesPerTick=4166 outBytes=62720 bytesPerTick=522 occupancyPctX10=125
LogOGRelayProbe: Warning: [Warning][RelayProbe.Budget] conn=28258 queuedBits min=-66666 max=-63880 mean=-66312 notReadyFrames=0 outPackets=121 bytesPerPacket=518 lost=0
LogOGRelayProbe: Warning: [Warning][RelayProbe.Frame] role=Server simTicks=122 frames=121 meanTicksPerFrameX100=100 p50=1 p99=2 max=2 meanFrameUs=16794
LogOGRelayProbe: Warning: [Warning][RelayProbe.Frame] role=Server cadence dFrame1=119 dFrame0=0 dFrameGt1=1 discont=0 numSteps total=122 max=2 gt1=2
LogOGNet: Warning: [Warning][InputStats] dropped 0 / 238 remote inputs = 0%
LogOGRelayProbe: Warning: [Warning][RelayProbe.Budget] conn=28260 frames=120 elapsedMs=2035 netSpeedBps=250000 allowanceBytesPerTick=4166 outBytes=62778 bytesPerTick=523 occupancyPctX10=125
LogOGRelayProbe: Warning: [Warning][RelayProbe.Budget] conn=28260 queuedBits min=-66666 max=-64072 mean=-66342 notReadyFrames=0 outPackets=121 bytesPerPacket=518 lost=0
LogOGRelayProbe: Warning: [Warning][RelayProbe.Write] id=28318 runs=120 writes=184 observableWrites=184 captureSpan=184 receivedX1000=1000 observableX1000=1000 deliverableX1000=1000 replaceLatestObservableX1000=652
LogOGRelayProbe: Warning: [Warning][RelayProbe.Write] id=28318 writesPerFrame p50=2 p99=3 max=3 emptyFrames=62 nonConsecutive=0 missedCaptureTicks=0 captures=[6617,6800] discont=0
LogOGInputRelay: Warning: [RelayFlush] window owner=OGBrawlerUECharacter_2147482376 flushedRounds=482 entries=726 entriesPerRoundX100=150 suppressed=238 stageOverflowDrops=0
LogOGInputRelay: Warning: [RelayFlush] window owner=OGBrawlerUECharacter_2147482398 flushedRounds=5367 entries=5978 entriesPerRoundX100=111 suppressed=633 stageOverflowDrops=0
LogOGRelayProbe: Warning: [Warning][RelayProbe.Budget] conn=28258 frames=120 elapsedMs=2023 netSpeedBps=250000 allowanceBytesPerTick=4166 outBytes=62339 bytesPerTick=519 occupancyPctX10=124
LogOGRelayProbe: Warning: [Warning][RelayProbe.Budget] conn=28258 queuedBits min=-66666 max=-63146 mean=-66330 notReadyFrames=0 outPackets=120 bytesPerPacket=519 lost=0
LogOGRelayProbe: Warning: [Warning][RelayProbe.Frame] role=Server simTicks=122 frames=120 meanTicksPerFrameX100=101 p50=1 p99=2 max=2 meanFrameUs=16850
LogOGRelayProbe: Warning: [Warning][RelayProbe.Frame] role=Server cadence dFrame1=120 dFrame0=0 dFrameGt1=0 discont=0 numSteps total=122 max=2 gt1=2
LogOGRelayProbe: Warning: [Warning][RelayProbe.Write] id=28281 runs=120 writes=172 observableWrites=172 captureSpan=172 receivedX1000=1000 observableX1000=1000 deliverableX1000=1000 replaceLatestObservableX1000=697
LogOGRelayProbe: Warning: [Warning][RelayProbe.Write] id=28281 writesPerFrame p50=1 p99=2 max=2 emptyFrames=50 nonConsecutive=0 missedCaptureTicks=0 captures=[6719,6890] discont=0
LogOGNet: Warning: [Warning][InputStats] dropped 0 / 238 remote inputs = 0%
LogOGRelayProbe: Warning: [Warning][RelayProbe.Budget] conn=28260 frames=120 elapsedMs=2022 netSpeedBps=250000 allowanceBytesPerTick=4166 outBytes=62489 bytesPerTick=520 occupancyPctX10=124
LogOGRelayProbe: Warning: [Warning][RelayProbe.Budget] conn=28260 queuedBits min=-66666 max=-63146 mean=-66338 notReadyFrames=0 outPackets=120 bytesPerPacket=520 lost=0
LogOGInputRelay: Warning: [RelayFlush] window owner=OGBrawlerUECharacter_2147482376 flushedRounds=564 entries=847 entriesPerRoundX100=150 suppressed=276 stageOverflowDrops=0
LogOGInputRelay: Warning: [RelayFlush] window owner=OGBrawlerUECharacter_2147482398 flushedRounds=5450 entries=6100 entriesPerRoundX100=111 suppressed=670 stageOverflowDrops=0
LogOGRelayProbe: Warning: [Warning][RelayProbe.Write] id=28318 runs=120 writes=177 observableWrites=177 captureSpan=177 receivedX1000=1000 observableX1000=1000 deliverableX1000=1000 replaceLatestObservableX1000=677
LogOGRelayProbe: Warning: [Warning][RelayProbe.Write] id=28318 writesPerFrame p50=1 p99=2 max=2 emptyFrames=56 nonConsecutive=0 missedCaptureTicks=0 captures=[6801,6977] discont=0
LogOGRelayProbe: Warning: [Warning][RelayProbe.Budget] conn=28258 frames=120 elapsedMs=2044 netSpeedBps=250000 allowanceBytesPerTick=4166 outBytes=62984 bytesPerTick=524 occupancyPctX10=125
LogOGRelayProbe: Warning: [Warning][RelayProbe.Budget] conn=28258 queuedBits min=-66666 max=-63604 mean=-66425 notReadyFrames=0 outPackets=121 bytesPerPacket=520 lost=0
LogOGRelayProbe: Warning: [Warning][RelayProbe.Frame] role=Server simTicks=123 frames=121 meanTicksPerFrameX100=101 p50=1 p99=2 max=2 meanFrameUs=16937
LogOGRelayProbe: Warning: [Warning][RelayProbe.Frame] role=Server cadence dFrame1=119 dFrame0=0 dFrameGt1=1 discont=0 numSteps total=123 max=2 gt1=3
LogOGNet: Warning: [Warning][InputStats] dropped 0 / 238 remote inputs = 0%
LogOGRelayProbe: Warning: [Warning][RelayProbe.Budget] conn=28260 frames=120 elapsedMs=2045 netSpeedBps=250000 allowanceBytesPerTick=4166 outBytes=62853 bytesPerTick=523 occupancyPctX10=125
LogOGRelayProbe: Warning: [Warning][RelayProbe.Budget] conn=28260 queuedBits min=-66666 max=-64112 mean=-66492 notReadyFrames=0 outPackets=121 bytesPerPacket=519 lost=0
LogOGInputRelay: Warning: [RelayFlush] window owner=OGBrawlerUECharacter_2147482376 flushedRounds=646 entries=969 entriesPerRoundX100=150 suppressed=314 stageOverflowDrops=0
LogOGRelayProbe: Warning: [Warning][RelayProbe.Write] id=28281 runs=120 writes=170 observableWrites=170 captureSpan=170 receivedX1000=1000 observableX1000=1000 deliverableX1000=1000 replaceLatestObservableX1000=705
LogOGRelayProbe: Warning: [Warning][RelayProbe.Write] id=28281 writesPerFrame p50=1 p99=2 max=2 emptyFrames=47 nonConsecutive=0 missedCaptureTicks=0 captures=[6891,7060] discont=0
LogOGInputRelay: Warning: [RelayFlush] window owner=OGBrawlerUECharacter_2147482398 flushedRounds=5540 entries=6223 entriesPerRoundX100=112 suppressed=700 stageOverflowDrops=0
LogOGRelayProbe: Warning: [Warning][RelayProbe.Budget] conn=28258 frames=120 elapsedMs=2024 netSpeedBps=250000 allowanceBytesPerTick=4166 outBytes=62363 bytesPerTick=519 occupancyPctX10=124
LogOGRelayProbe: Warning: [Warning][RelayProbe.Budget] conn=28258 queuedBits min=-66666 max=-64112 mean=-66437 notReadyFrames=0 outPackets=120 bytesPerPacket=519 lost=0
LogOGRelayProbe: Warning: [Warning][RelayProbe.Frame] role=Server simTicks=121 frames=120 meanTicksPerFrameX100=100 p50=1 p99=1 max=2 meanFrameUs=16821
LogOGRelayProbe: Warning: [Warning][RelayProbe.Frame] role=Server cadence dFrame1=120 dFrame0=0 dFrameGt1=0 discont=0 numSteps total=121 max=2 gt1=1
LogOGNet: Warning: [Warning][InputStats] dropped 0 / 238 remote inputs = 0%
LogOGRelayProbe: Warning: [Warning][RelayProbe.Write] id=28318 runs=120 writes=180 observableWrites=180 captureSpan=180 receivedX1000=1000 observableX1000=1000 deliverableX1000=1000 replaceLatestObservableX1000=666
LogOGRelayProbe: Warning: [Warning][RelayProbe.Write] id=28318 writesPerFrame p50=1 p99=2 max=2 emptyFrames=57 nonConsecutive=0 missedCaptureTicks=0 captures=[6978,7157] discont=0
LogOGRelayProbe: Warning: [Warning][RelayProbe.Budget] conn=28260 frames=120 elapsedMs=2022 netSpeedBps=250000 allowanceBytesPerTick=4166 outBytes=62542 bytesPerTick=521 occupancyPctX10=125
LogOGRelayProbe: Warning: [Warning][RelayProbe.Budget] conn=28260 queuedBits min=-66666 max=-63044 mean=-66317 notReadyFrames=0 outPackets=120 bytesPerPacket=521 lost=0
LogOGInputRelay: Warning: [RelayFlush] window owner=OGBrawlerUECharacter_2147482376 flushedRounds=727 entries=1090 entriesPerRoundX100=149 suppressed=353 stageOverflowDrops=0
LogOGInputRelay: Warning: [RelayFlush] window owner=OGBrawlerUECharacter_2147482398 flushedRounds=5626 entries=6343 entriesPerRoundX100=112 suppressed=734 stageOverflowDrops=0
LogOGRelayProbe: Warning: [Warning][RelayProbe.Write] id=28281 runs=120 writes=167 observableWrites=167 captureSpan=167 receivedX1000=1000 observableX1000=1000 deliverableX1000=1000 replaceLatestObservableX1000=718
LogOGRelayProbe: Warning: [Warning][RelayProbe.Write] id=28281 writesPerFrame p50=1 p99=2 max=3 emptyFrames=45 nonConsecutive=0 missedCaptureTicks=0 captures=[7061,7227] discont=0
LogOGRelayProbe: Warning: [Warning][RelayProbe.Budget] conn=28258 frames=120 elapsedMs=2022 netSpeedBps=250000 allowanceBytesPerTick=4166 outBytes=62247 bytesPerTick=518 occupancyPctX10=124
LogOGRelayProbe: Warning: [Warning][RelayProbe.Budget] conn=28258 queuedBits min=-66666 max=-63044 mean=-66263 notReadyFrames=0 outPackets=120 bytesPerPacket=518 lost=0
LogOGRelayProbe: Warning: [Warning][RelayProbe.Frame] role=Server simTicks=121 frames=120 meanTicksPerFrameX100=100 p50=1 p99=1 max=2 meanFrameUs=16915
LogOGRelayProbe: Warning: [Warning][RelayProbe.Frame] role=Server cadence dFrame1=120 dFrame0=0 dFrameGt1=0 discont=0 numSteps total=121 max=2 gt1=1
LogOGNet: Warning: [Warning][InputStats] dropped 0 / 238 remote inputs = 0%
LogOGRelayProbe: Warning: [Warning][RelayProbe.Budget] conn=28260 frames=120 elapsedMs=2025 netSpeedBps=250000 allowanceBytesPerTick=4166 outBytes=62402 bytesPerTick=520 occupancyPctX10=124
LogOGRelayProbe: Warning: [Warning][RelayProbe.Budget] conn=28260 queuedBits min=-66666 max=-63508 mean=-66360 notReadyFrames=0 outPackets=120 bytesPerPacket=520 lost=0
LogOGInputRelay: Warning: [RelayFlush] window owner=OGBrawlerUECharacter_2147482376 flushedRounds=807 entries=1212 entriesPerRoundX100=150 suppressed=393 stageOverflowDrops=0
LogOGInputRelay: Warning: [RelayFlush] window owner=OGBrawlerUECharacter_2147482398 flushedRounds=5712 entries=6464 entriesPerRoundX100=113 suppressed=768 stageOverflowDrops=0
LogOGRelayProbe: Warning: [Warning][RelayProbe.Write] id=28318 runs=120 writes=181 observableWrites=181 captureSpan=181 receivedX1000=1000 observableX1000=1000 deliverableX1000=1000 replaceLatestObservableX1000=662
LogOGRelayProbe: Warning: [Warning][RelayProbe.Write] id=28318 writesPerFrame p50=1 p99=2 max=3 emptyFrames=59 nonConsecutive=0 missedCaptureTicks=0 captures=[7158,7338] discont=0
LogOGRelayProbe: Warning: [Warning][RelayProbe.Budget] conn=28258 frames=120 elapsedMs=2024 netSpeedBps=250000 allowanceBytesPerTick=4166 outBytes=62520 bytesPerTick=521 occupancyPctX10=125
LogOGRelayProbe: Warning: [Warning][RelayProbe.Budget] conn=28258 queuedBits min=-66666 max=-63472 mean=-66399 notReadyFrames=0 outPackets=120 bytesPerPacket=521 lost=0
LogOGRelayProbe: Warning: [Warning][RelayProbe.Frame] role=Server simTicks=122 frames=120 meanTicksPerFrameX100=101 p50=1 p99=2 max=2 meanFrameUs=16845
LogOGRelayProbe: Warning: [Warning][RelayProbe.Frame] role=Server cadence dFrame1=120 dFrame0=0 dFrameGt1=0 discont=0 numSteps total=122 max=2 gt1=2
LogOGNet: Warning: [Warning][InputStats] dropped 0 / 238 remote inputs = 0%
LogOGRelayProbe: Warning: [Warning][RelayProbe.Write] id=28281 runs=120 writes=166 observableWrites=166 captureSpan=166 receivedX1000=1000 observableX1000=1000 deliverableX1000=1000 replaceLatestObservableX1000=722
LogOGRelayProbe: Warning: [Warning][RelayProbe.Write] id=28281 writesPerFrame p50=1 p99=2 max=2 emptyFrames=45 nonConsecutive=0 missedCaptureTicks=0 captures=[7228,7393] discont=0
LogOGRelayProbe: Warning: [Warning][RelayProbe.Budget] conn=28260 frames=120 elapsedMs=2022 netSpeedBps=250000 allowanceBytesPerTick=4166 outBytes=62422 bytesPerTick=520 occupancyPctX10=124
LogOGRelayProbe: Warning: [Warning][RelayProbe.Budget] conn=28260 queuedBits min=-66666 max=-63472 mean=-66368 notReadyFrames=0 outPackets=120 bytesPerPacket=520 lost=0
LogOGInputRelay: Warning: [RelayFlush] window owner=OGBrawlerUECharacter_2147482376 flushedRounds=886 entries=1334 entriesPerRoundX100=150 suppressed=434 stageOverflowDrops=0
LogOGInputRelay: Warning: [RelayFlush] window owner=OGBrawlerUECharacter_2147482398 flushedRounds=5798 entries=6586 entriesPerRoundX100=113 suppressed=802 stageOverflowDrops=0
LogOGRelayProbe: Warning: [Warning][RelayProbe.Budget] conn=28258 frames=120 elapsedMs=2037 netSpeedBps=250000 allowanceBytesPerTick=4166 outBytes=62781 bytesPerTick=523 occupancyPctX10=125
LogOGRelayProbe: Warning: [Warning][RelayProbe.Budget] conn=28258 queuedBits min=-66666 max=-64042 mean=-66353 notReadyFrames=0 outPackets=121 bytesPerPacket=518 lost=0
LogOGRelayProbe: Warning: [Warning][RelayProbe.Frame] role=Server simTicks=122 frames=121 meanTicksPerFrameX100=100 p50=1 p99=2 max=2 meanFrameUs=16844
LogOGRelayProbe: Warning: [Warning][RelayProbe.Frame] role=Server cadence dFrame1=119 dFrame0=0 dFrameGt1=1 discont=0 numSteps total=122 max=2 gt1=2
LogOGNet: Warning: [Warning][InputStats] dropped 0 / 238 remote inputs = 0%
LogOGRelayProbe: Warning: [Warning][RelayProbe.Write] id=28318 runs=120 writes=182 observableWrites=182 captureSpan=182 receivedX1000=1000 observableX1000=1000 deliverableX1000=1000 replaceLatestObservableX1000=659
LogOGRelayProbe: Warning: [Warning][RelayProbe.Write] id=28318 writesPerFrame p50=1 p99=3 max=3 emptyFrames=60 nonConsecutive=0 missedCaptureTicks=0 captures=[7339,7520] discont=0
LogOGRelayProbe: Warning: [Warning][RelayProbe.Budget] conn=28260 frames=120 elapsedMs=2039 netSpeedBps=250000 allowanceBytesPerTick=4166 outBytes=62942 bytesPerTick=524 occupancyPctX10=125
LogOGRelayProbe: Warning: [Warning][RelayProbe.Budget] conn=28260 queuedBits min=-66666 max=-64042 mean=-66402 notReadyFrames=0 outPackets=121 bytesPerPacket=520 lost=0
LogOGInputRelay: Warning: [RelayFlush] window owner=OGBrawlerUECharacter_2147482376 flushedRounds=968 entries=1455 entriesPerRoundX100=150 suppressed=472 stageOverflowDrops=0
LogOGRelayProbe: Warning: [Warning][RelayProbe.Write] id=28281 runs=120 writes=166 observableWrites=166 captureSpan=166 receivedX1000=1000 observableX1000=1000 deliverableX1000=1000 replaceLatestObservableX1000=722
LogOGRelayProbe: Warning: [Warning][RelayProbe.Write] id=28281 writesPerFrame p50=1 p99=2 max=2 emptyFrames=44 nonConsecutive=0 missedCaptureTicks=0 captures=[7394,7559] discont=0
LogOGInputRelay: Warning: [RelayFlush] window owner=OGBrawlerUECharacter_2147482398 flushedRounds=5889 entries=6707 entriesPerRoundX100=113 suppressed=831 stageOverflowDrops=0
LogOGRelayProbe: Warning: [Warning][RelayProbe.Budget] conn=28258 frames=120 elapsedMs=2022 netSpeedBps=250000 allowanceBytesPerTick=4166 outBytes=62367 bytesPerTick=519 occupancyPctX10=124
LogOGRelayProbe: Warning: [Warning][RelayProbe.Budget] conn=28258 queuedBits min=-66666 max=-64086 mean=-66400 notReadyFrames=0 outPackets=120 bytesPerPacket=519 lost=0
LogOGNet: Warning: [Warning][InputStats] dropped 0 / 238 remote inputs = 0%
LogOGRelayProbe: Warning: [Warning][RelayProbe.Frame] role=Server simTicks=121 frames=120 meanTicksPerFrameX100=100 p50=1 p99=1 max=2 meanFrameUs=16836
LogOGRelayProbe: Warning: [Warning][RelayProbe.Frame] role=Server cadence dFrame1=120 dFrame0=0 dFrameGt1=0 discont=0 numSteps total=121 max=2 gt1=1
LogOGRelayProbe: Warning: [Warning][RelayProbe.Budget] conn=28260 frames=120 elapsedMs=2023 netSpeedBps=250000 allowanceBytesPerTick=4166 outBytes=62550 bytesPerTick=521 occupancyPctX10=125
LogOGRelayProbe: Warning: [Warning][RelayProbe.Budget] conn=28260 queuedBits min=-66666 max=-64086 mean=-66402 notReadyFrames=0 outPackets=120 bytesPerPacket=521 lost=0
LogOGInputRelay: Warning: [RelayFlush] window owner=OGBrawlerUECharacter_2147482376 flushedRounds=1048 entries=1575 entriesPerRoundX100=150 suppressed=512 stageOverflowDrops=0
LogOGInputRelay: Warning: [RelayFlush] window owner=OGBrawlerUECharacter_2147482398 flushedRounds=5975 entries=6829 entriesPerRoundX100=114 suppressed=865 stageOverflowDrops=0
LogOGRelayProbe: Warning: [Warning][RelayProbe.Write] id=28318 runs=120 writes=180 observableWrites=180 captureSpan=180 receivedX1000=1000 observableX1000=1000 deliverableX1000=1000 replaceLatestObservableX1000=666
LogOGRelayProbe: Warning: [Warning][RelayProbe.Write] id=28318 writesPerFrame p50=1 p99=2 max=2 emptyFrames=58 nonConsecutive=0 missedCaptureTicks=0 captures=[7521,7700] discont=0
LogOGRelayProbe: Warning: [Warning][RelayProbe.Budget] conn=28258 frames=120 elapsedMs=2022 netSpeedBps=250000 allowanceBytesPerTick=4166 outBytes=62349 bytesPerTick=519 occupancyPctX10=124
LogOGRelayProbe: Warning: [Warning][RelayProbe.Budget] conn=28258 queuedBits min=-66666 max=-63078 mean=-66361 notReadyFrames=0 outPackets=120 bytesPerPacket=519 lost=0
LogOGRelayProbe: Warning: [Warning][RelayProbe.Write] id=28281 runs=120 writes=168 observableWrites=168 captureSpan=168 receivedX1000=1000 observableX1000=1000 deliverableX1000=1000 replaceLatestObservableX1000=714
LogOGRelayProbe: Warning: [Warning][RelayProbe.Write] id=28281 writesPerFrame p50=1 p99=2 max=2 emptyFrames=46 nonConsecutive=0 missedCaptureTicks=0 captures=[7560,7727] discont=0
LogOGNet: Warning: [Warning][InputStats] dropped 0 / 240 remote inputs = 0%
LogOGRelayProbe: Warning: [Warning][RelayProbe.Frame] role=Server simTicks=122 frames=120 meanTicksPerFrameX100=101 p50=1 p99=2 max=2 meanFrameUs=16847
LogOGRelayProbe: Warning: [Warning][RelayProbe.Frame] role=Server cadence dFrame1=120 dFrame0=0 dFrameGt1=0 discont=0 numSteps total=122 max=2 gt1=2
LogOGRelayProbe: Warning: [Warning][RelayProbe.Budget] conn=28260 frames=120 elapsedMs=2017 netSpeedBps=250000 allowanceBytesPerTick=4166 outBytes=62195 bytesPerTick=518 occupancyPctX10=124
LogOGRelayProbe: Warning: [Warning][RelayProbe.Budget] conn=28260 queuedBits min=-66666 max=-63078 mean=-66292 notReadyFrames=0 outPackets=120 bytesPerPacket=518 lost=0
LogOGInputRelay: Warning: [RelayFlush] window owner=OGBrawlerUECharacter_2147482376 flushedRounds=1129 entries=1697 entriesPerRoundX100=150 suppressed=551 stageOverflowDrops=0
LogOGInputRelay: Warning: [RelayFlush] window owner=OGBrawlerUECharacter_2147482398 flushedRounds=6059 entries=6950 entriesPerRoundX100=114 suppressed=901 stageOverflowDrops=0
LogOGRelayProbe: Warning: [Warning][RelayProbe.Budget] conn=28258 frames=120 elapsedMs=2019 netSpeedBps=250000 allowanceBytesPerTick=4166 outBytes=62437 bytesPerTick=520 occupancyPctX10=124
LogOGRelayProbe: Warning: [Warning][RelayProbe.Budget] conn=28258 queuedBits min=-66666 max=-63148 mean=-66362 notReadyFrames=0 outPackets=120 bytesPerPacket=520 lost=0
LogOGNet: Warning: [Warning][InputStats] dropped 0 / 238 remote inputs = 0%
LogOGRelayProbe: Warning: [Warning][RelayProbe.Frame] role=Server simTicks=121 frames=120 meanTicksPerFrameX100=100 p50=1 p99=1 max=2 meanFrameUs=16842
LogOGRelayProbe: Warning: [Warning][RelayProbe.Frame] role=Server cadence dFrame1=120 dFrame0=0 dFrameGt1=0 discont=0 numSteps total=121 max=2 gt1=1
LogOGRelayProbe: Warning: [Warning][RelayProbe.Write] id=28318 runs=120 writes=182 observableWrites=182 captureSpan=182 receivedX1000=1000 observableX1000=1000 deliverableX1000=1000 replaceLatestObservableX1000=659
LogOGRelayProbe: Warning: [Warning][RelayProbe.Write] id=28318 writesPerFrame p50=2 p99=2 max=3 emptyFrames=60 nonConsecutive=0 missedCaptureTicks=0 captures=[7701,7882] discont=0
LogOGRelayProbe: Warning: [Warning][RelayProbe.Budget] conn=28260 frames=120 elapsedMs=2019 netSpeedBps=250000 allowanceBytesPerTick=4166 outBytes=62457 bytesPerTick=520 occupancyPctX10=124
LogOGRelayProbe: Warning: [Warning][RelayProbe.Budget] conn=28260 queuedBits min=-66666 max=-64252 mean=-66371 notReadyFrames=0 outPackets=120 bytesPerPacket=520 lost=0
LogOGInputRelay: Warning: [RelayFlush] window owner=OGBrawlerUECharacter_2147482376 flushedRounds=1209 entries=1818 entriesPerRoundX100=150 suppressed=591 stageOverflowDrops=0
LogOGRelayProbe: Warning: [Warning][RelayProbe.Write] id=28281 runs=120 writes=175 observableWrites=175 captureSpan=175 receivedX1000=1000 observableX1000=1000 deliverableX1000=1000 replaceLatestObservableX1000=685
LogOGRelayProbe: Warning: [Warning][RelayProbe.Write] id=28281 writesPerFrame p50=1 p99=2 max=3 emptyFrames=53 nonConsecutive=0 missedCaptureTicks=0 captures=[7728,7902] discont=0
LogOGInputRelay: Warning: [RelayFlush] window owner=OGBrawlerUECharacter_2147482398 flushedRounds=6145 entries=7072 entriesPerRoundX100=115 suppressed=935 stageOverflowDrops=0
LogOGRelayProbe: Warning: [Warning][RelayProbe.Budget] conn=28258 frames=120 elapsedMs=2036 netSpeedBps=250000 allowanceBytesPerTick=4166 outBytes=62795 bytesPerTick=523 occupancyPctX10=125
LogOGRelayProbe: Warning: [Warning][RelayProbe.Budget] conn=28258 queuedBits min=-66666 max=-63226 mean=-66362 notReadyFrames=0 outPackets=121 bytesPerPacket=518 lost=0
LogOGNet: Warning: [Warning][InputStats] dropped 0 / 238 remote inputs = 0%
LogOGRelayProbe: Warning: [Warning][RelayProbe.Frame] role=Server simTicks=122 frames=121 meanTicksPerFrameX100=100 p50=1 p99=1 max=2 meanFrameUs=16815
LogOGRelayProbe: Warning: [Warning][RelayProbe.Frame] role=Server cadence dFrame1=119 dFrame0=0 dFrameGt1=1 discont=0 numSteps total=122 max=2 gt1=2
LogOGRelayProbe: Warning: [Warning][RelayProbe.Budget] conn=28260 frames=120 elapsedMs=2034 netSpeedBps=250000 allowanceBytesPerTick=4166 outBytes=62948 bytesPerTick=524 occupancyPctX10=125
LogOGRelayProbe: Warning: [Warning][RelayProbe.Budget] conn=28260 queuedBits min=-66666 max=-63226 mean=-66349 notReadyFrames=0 outPackets=121 bytesPerPacket=520 lost=0
LogOGInputRelay: Warning: [RelayFlush] window owner=OGBrawlerUECharacter_2147482376 flushedRounds=1290 entries=1940 entriesPerRoundX100=150 suppressed=630 stageOverflowDrops=0
LogOGInputRelay: Warning: [RelayFlush] window owner=OGBrawlerUECharacter_2147482398 flushedRounds=6230 entries=7192 entriesPerRoundX100=115 suppressed=970 stageOverflowDrops=0
LogOGRelayProbe: Warning: [Warning][RelayProbe.Write] id=28318 runs=120 writes=180 observableWrites=180 captureSpan=180 receivedX1000=1000 observableX1000=1000 deliverableX1000=1000 replaceLatestObservableX1000=666
LogOGRelayProbe: Warning: [Warning][RelayProbe.Write] id=28318 writesPerFrame p50=1 p99=2 max=3 emptyFrames=58 nonConsecutive=0 missedCaptureTicks=0 captures=[7883,8062] discont=0
LogOGRelayProbe: Warning: [Warning][RelayProbe.Write] id=28281 runs=120 writes=168 observableWrites=168 captureSpan=168 receivedX1000=1000 observableX1000=1000 deliverableX1000=1000 replaceLatestObservableX1000=714
LogOGRelayProbe: Warning: [Warning][RelayProbe.Write] id=28281 writesPerFrame p50=1 p99=3 max=3 emptyFrames=47 nonConsecutive=0 missedCaptureTicks=0 captures=[7903,8070] discont=0
LogOGRelayProbe: Warning: [Warning][RelayProbe.Budget] conn=28258 frames=120 elapsedMs=2048 netSpeedBps=250000 allowanceBytesPerTick=4166 outBytes=63278 bytesPerTick=527 occupancyPctX10=126
LogOGRelayProbe: Warning: [Warning][RelayProbe.Budget] conn=28258 queuedBits min=-66666 max=-63276 mean=-66305 notReadyFrames=0 outPackets=122 bytesPerPacket=518 lost=0
LogOGNet: Warning: [Warning][InputStats] dropped 0 / 238 remote inputs = 0%
LogOGRelayProbe: Warning: [Warning][RelayProbe.Frame] role=Server simTicks=123 frames=122 meanTicksPerFrameX100=100 p50=1 p99=2 max=2 meanFrameUs=16788
LogOGRelayProbe: Warning: [Warning][RelayProbe.Frame] role=Server cadence dFrame1=118 dFrame0=0 dFrameGt1=2 discont=0 numSteps total=123 max=2 gt1=3
LogOGInputRelay: Warning: [RelayFlush] window owner=OGBrawlerUECharacter_2147482376 flushedRounds=1370 entries=2059 entriesPerRoundX100=150 suppressed=670 stageOverflowDrops=0
LogOGRelayProbe: Warning: [Warning][RelayProbe.Budget] conn=28260 frames=120 elapsedMs=2051 netSpeedBps=250000 allowanceBytesPerTick=4166 outBytes=63352 bytesPerTick=527 occupancyPctX10=126
LogOGRelayProbe: Warning: [Warning][RelayProbe.Budget] conn=28260 queuedBits min=-66666 max=-63276 mean=-66311 notReadyFrames=0 outPackets=122 bytesPerPacket=519 lost=0
LogOGInputRelay: Warning: [RelayFlush] window owner=OGBrawlerUECharacter_2147482398 flushedRounds=6316 entries=7313 entriesPerRoundX100=115 suppressed=1004 stageOverflowDrops=0
LogOGRelayProbe: Warning: [Warning][RelayProbe.Budget] conn=28258 frames=120 elapsedMs=2020 netSpeedBps=250000 allowanceBytesPerTick=4166 outBytes=62351 bytesPerTick=519 occupancyPctX10=124
LogOGRelayProbe: Warning: [Warning][RelayProbe.Budget] conn=28258 queuedBits min=-66666 max=-63128 mean=-66311 notReadyFrames=0 outPackets=120 bytesPerPacket=519 lost=0
LogOGNet: Warning: [Warning][InputStats] dropped 0 / 238 remote inputs = 0%
LogOGRelayProbe: Warning: [Warning][RelayProbe.Frame] role=Server simTicks=121 frames=120 meanTicksPerFrameX100=100 p50=1 p99=1 max=2 meanFrameUs=16864
LogOGRelayProbe: Warning: [Warning][RelayProbe.Frame] role=Server cadence dFrame1=120 dFrame0=0 dFrameGt1=0 discont=0 numSteps total=121 max=2 gt1=1
LogOGRelayProbe: Warning: [Warning][RelayProbe.Write] id=28281 runs=120 writes=173 observableWrites=173 captureSpan=173 receivedX1000=1000 observableX1000=1000 deliverableX1000=1000 replaceLatestObservableX1000=693
LogOGRelayProbe: Warning: [Warning][RelayProbe.Write] id=28281 writesPerFrame p50=1 p99=2 max=3 emptyFrames=51 nonConsecutive=0 missedCaptureTicks=0 captures=[8071,8243] discont=0
LogOGRelayProbe: Warning: [Warning][RelayProbe.Write] id=28318 runs=120 writes=184 observableWrites=184 captureSpan=184 receivedX1000=1000 observableX1000=1000 deliverableX1000=1000 replaceLatestObservableX1000=652
LogOGRelayProbe: Warning: [Warning][RelayProbe.Write] id=28318 writesPerFrame p50=1 p99=3 max=3 emptyFrames=63 nonConsecutive=0 missedCaptureTicks=0 captures=[8063,8246] discont=0
LogOGInputRelay: Warning: [RelayFlush] window owner=OGBrawlerUECharacter_2147482376 flushedRounds=1448 entries=2181 entriesPerRoundX100=150 suppressed=712 stageOverflowDrops=0
LogOGRelayProbe: Warning: [Warning][RelayProbe.Budget] conn=28260 frames=120 elapsedMs=2021 netSpeedBps=250000 allowanceBytesPerTick=4166 outBytes=62345 bytesPerTick=519 occupancyPctX10=124
LogOGRelayProbe: Warning: [Warning][RelayProbe.Budget] conn=28260 queuedBits min=-66666 max=-63128 mean=-66309 notReadyFrames=0 outPackets=120 bytesPerPacket=519 lost=0
LogOGInputRelay: Warning: [RelayFlush] window owner=OGBrawlerUECharacter_2147482398 flushedRounds=6396 entries=7435 entriesPerRoundX100=116 suppressed=1044 stageOverflowDrops=0
LogOGRelayProbe: Warning: [Warning][RelayProbe.Budget] conn=28258 frames=120 elapsedMs=2022 netSpeedBps=250000 allowanceBytesPerTick=4166 outBytes=62394 bytesPerTick=519 occupancyPctX10=124
LogOGRelayProbe: Warning: [Warning][RelayProbe.Budget] conn=28258 queuedBits min=-66666 max=-64056 mean=-66353 notReadyFrames=0 outPackets=120 bytesPerPacket=519 lost=0
LogOGNet: Warning: [Warning][InputStats] dropped 0 / 238 remote inputs = 0%
LogOGRelayProbe: Warning: [Warning][RelayProbe.Frame] role=Server simTicks=121 frames=120 meanTicksPerFrameX100=100 p50=1 p99=1 max=2 meanFrameUs=16811
LogOGRelayProbe: Warning: [Warning][RelayProbe.Frame] role=Server cadence dFrame1=120 dFrame0=0 dFrameGt1=0 discont=0 numSteps total=121 max=2 gt1=1
LogOGInputRelay: Warning: [RelayFlush] window owner=OGBrawlerUECharacter_2147482376 flushedRounds=1531 entries=2304 entriesPerRoundX100=150 suppressed=749 stageOverflowDrops=0
LogOGRelayProbe: Warning: [Warning][RelayProbe.Budget] conn=28260 frames=120 elapsedMs=2021 netSpeedBps=250000 allowanceBytesPerTick=4166 outBytes=62369 bytesPerTick=519 occupancyPctX10=124
LogOGRelayProbe: Warning: [Warning][RelayProbe.Budget] conn=28260 queuedBits min=-66666 max=-64676 mean=-66362 notReadyFrames=0 outPackets=120 bytesPerPacket=519 lost=0
LogOGRelayProbe: Warning: [Warning][RelayProbe.Write] id=28281 runs=120 writes=174 observableWrites=174 captureSpan=174 receivedX1000=1000 observableX1000=1000 deliverableX1000=1000 replaceLatestObservableX1000=689
LogOGRelayProbe: Warning: [Warning][RelayProbe.Write] id=28281 writesPerFrame p50=1 p99=3 max=3 emptyFrames=53 nonConsecutive=0 missedCaptureTicks=0 captures=[8244,8417] discont=0
LogOGInputRelay: Warning: [RelayFlush] window owner=OGBrawlerUECharacter_2147482398 flushedRounds=6481 entries=7555 entriesPerRoundX100=116 suppressed=1079 stageOverflowDrops=0
LogOGRelayProbe: Warning: [Warning][RelayProbe.Write] id=28318 runs=120 writes=179 observableWrites=179 captureSpan=179 receivedX1000=1000 observableX1000=1000 deliverableX1000=1000 replaceLatestObservableX1000=670
LogOGRelayProbe: Warning: [Warning][RelayProbe.Write] id=28318 writesPerFrame p50=1 p99=2 max=2 emptyFrames=57 nonConsecutive=0 missedCaptureTicks=0 captures=[8247,8425] discont=0
LogOGRelayProbe: Warning: [Warning][RelayProbe.Budget] conn=28258 frames=120 elapsedMs=2017 netSpeedBps=250000 allowanceBytesPerTick=4166 outBytes=62283 bytesPerTick=519 occupancyPctX10=124
LogOGRelayProbe: Warning: [Warning][RelayProbe.Budget] conn=28258 queuedBits min=-66666 max=-63436 mean=-66300 notReadyFrames=0 outPackets=120 bytesPerPacket=519 lost=0
LogOGNet: Warning: [Warning][InputStats] dropped 0 / 238 remote inputs = 0%
LogOGRelayProbe: Warning: [Warning][RelayProbe.Frame] role=Server simTicks=122 frames=120 meanTicksPerFrameX100=101 p50=1 p99=2 max=2 meanFrameUs=16849
LogOGRelayProbe: Warning: [Warning][RelayProbe.Frame] role=Server cadence dFrame1=120 dFrame0=0 dFrameGt1=0 discont=0 numSteps total=122 max=2 gt1=2
LogOGInputRelay: Warning: [RelayFlush] window owner=OGBrawlerUECharacter_2147482376 flushedRounds=1612 entries=2424 entriesPerRoundX100=150 suppressed=788 stageOverflowDrops=0
LogOGRelayProbe: Warning: [Warning][RelayProbe.Budget] conn=28260 frames=120 elapsedMs=2018 netSpeedBps=250000 allowanceBytesPerTick=4166 outBytes=62370 bytesPerTick=519 occupancyPctX10=124
LogOGRelayProbe: Warning: [Warning][RelayProbe.Budget] conn=28260 queuedBits min=-66666 max=-63410 mean=-66335 notReadyFrames=0 outPackets=120 bytesPerPacket=519 lost=0
LogOGInputRelay: Warning: [RelayFlush] window owner=OGBrawlerUECharacter_2147482398 flushedRounds=6562 entries=7676 entriesPerRoundX100=116 suppressed=1118 stageOverflowDrops=0
LogOGRelayProbe: Warning: [Warning][RelayProbe.Budget] conn=28258 frames=120 elapsedMs=2023 netSpeedBps=250000 allowanceBytesPerTick=4166 outBytes=62510 bytesPerTick=520 occupancyPctX10=124
LogOGRelayProbe: Warning: [Warning][RelayProbe.Budget] conn=28258 queuedBits min=-66666 max=-63410 mean=-66431 notReadyFrames=0 outPackets=120 bytesPerPacket=520 lost=0
LogOGNet: Warning: [Warning][InputStats] dropped 0 / 238 remote inputs = 0%
LogOGRelayProbe: Warning: [Warning][RelayProbe.Frame] role=Server simTicks=121 frames=120 meanTicksPerFrameX100=100 p50=1 p99=1 max=2 meanFrameUs=16856
LogOGRelayProbe: Warning: [Warning][RelayProbe.Frame] role=Server cadence dFrame1=120 dFrame0=0 dFrameGt1=0 discont=0 numSteps total=121 max=2 gt1=1
LogOGRelayProbe: Warning: [Warning][RelayProbe.Write] id=28281 runs=120 writes=177 observableWrites=177 captureSpan=177 receivedX1000=1000 observableX1000=1000 deliverableX1000=1000 replaceLatestObservableX1000=677
LogOGRelayProbe: Warning: [Warning][RelayProbe.Write] id=28281 writesPerFrame p50=1 p99=3 max=3 emptyFrames=56 nonConsecutive=0 missedCaptureTicks=0 captures=[8418,8594] discont=0
LogOGRelayProbe: Warning: [Warning][RelayProbe.Write] id=28318 runs=120 writes=183 observableWrites=183 captureSpan=183 receivedX1000=1000 observableX1000=1000 deliverableX1000=1000 replaceLatestObservableX1000=655
LogOGRelayProbe: Warning: [Warning][RelayProbe.Write] id=28318 writesPerFrame p50=1 p99=3 max=3 emptyFrames=61 nonConsecutive=0 missedCaptureTicks=0 captures=[8426,8608] discont=0
LogOGInputRelay: Warning: [RelayFlush] window owner=OGBrawlerUECharacter_2147482376 flushedRounds=1690 entries=2545 entriesPerRoundX100=150 suppressed=830 stageOverflowDrops=0
LogOGRelayProbe: Warning: [Warning][RelayProbe.Budget] conn=28260 frames=120 elapsedMs=2023 netSpeedBps=250000 allowanceBytesPerTick=4166 outBytes=62444 bytesPerTick=520 occupancyPctX10=124
LogOGRelayProbe: Warning: [Warning][RelayProbe.Budget] conn=28260 queuedBits min=-66666 max=-63204 mean=-66404 notReadyFrames=0 outPackets=120 bytesPerPacket=520 lost=0
LogOGInputRelay: Warning: [RelayFlush] window owner=OGBrawlerUECharacter_2147482398 flushedRounds=6647 entries=7799 entriesPerRoundX100=117 suppressed=1153 stageOverflowDrops=0
LogOGRelayProbe: Warning: [Warning][RelayProbe.Budget] conn=28258 frames=120 elapsedMs=2027 netSpeedBps=250000 allowanceBytesPerTick=4166 outBytes=62321 bytesPerTick=519 occupancyPctX10=124
LogOGRelayProbe: Warning: [Warning][RelayProbe.Budget] conn=28258 queuedBits min=-66666 max=-63204 mean=-66407 notReadyFrames=0 outPackets=120 bytesPerPacket=519 lost=0
LogOGNet: Warning: [Warning][InputStats] dropped 0 / 238 remote inputs = 0%
LogOGRelayProbe: Warning: [Warning][RelayProbe.Frame] role=Server simTicks=122 frames=120 meanTicksPerFrameX100=101 p50=1 p99=2 max=2 meanFrameUs=16900
LogOGRelayProbe: Warning: [Warning][RelayProbe.Frame] role=Server cadence dFrame1=120 dFrame0=0 dFrameGt1=0 discont=0 numSteps total=122 max=2 gt1=2
LogOGInputRelay: Warning: [RelayFlush] window owner=OGBrawlerUECharacter_2147482376 flushedRounds=1771 entries=2667 entriesPerRoundX100=150 suppressed=869 stageOverflowDrops=0
LogOGRelayProbe: Warning: [Warning][RelayProbe.Budget] conn=28260 frames=120 elapsedMs=2029 netSpeedBps=250000 allowanceBytesPerTick=4166 outBytes=62403 bytesPerTick=520 occupancyPctX10=124
LogOGRelayProbe: Warning: [Warning][RelayProbe.Budget] conn=28260 queuedBits min=-66666 max=-64054 mean=-66432 notReadyFrames=0 outPackets=120 bytesPerPacket=520 lost=0
LogOGRelayProbe: Warning: [Warning][RelayProbe.Write] id=28281 runs=120 writes=171 observableWrites=171 captureSpan=171 receivedX1000=1000 observableX1000=1000 deliverableX1000=1000 replaceLatestObservableX1000=701
LogOGRelayProbe: Warning: [Warning][RelayProbe.Write] id=28281 writesPerFrame p50=1 p99=2 max=2 emptyFrames=48 nonConsecutive=0 missedCaptureTicks=0 captures=[8595,8765] discont=0
LogOGInputRelay: Warning: [RelayFlush] window owner=OGBrawlerUECharacter_2147482398 flushedRounds=6734 entries=7921 entriesPerRoundX100=117 suppressed=1186 stageOverflowDrops=0
LogOGRelayProbe: Warning: [Warning][RelayProbe.Write] id=28318 runs=120 writes=180 observableWrites=180 captureSpan=180 receivedX1000=1000 observableX1000=1000 deliverableX1000=1000 replaceLatestObservableX1000=666
LogOGRelayProbe: Warning: [Warning][RelayProbe.Write] id=28318 writesPerFrame p50=1 p99=3 max=3 emptyFrames=57 nonConsecutive=0 missedCaptureTicks=0 captures=[8609,8788] discont=0
LogOGNet: Warning: [Warning][InputStats] dropped 0 / 238 remote inputs = 0%
LogOGRelayProbe: Warning: [Warning][RelayProbe.Budget] conn=28258 frames=120 elapsedMs=2058 netSpeedBps=250000 allowanceBytesPerTick=4166 outBytes=63283 bytesPerTick=527 occupancyPctX10=126
LogOGRelayProbe: Warning: [Warning][RelayProbe.Budget] conn=28258 queuedBits min=-66666 max=-63774 mean=-66344 notReadyFrames=0 outPackets=122 bytesPerPacket=518 lost=0
LogOGRelayProbe: Warning: [Warning][RelayProbe.Frame] role=Server simTicks=123 frames=122 meanTicksPerFrameX100=100 p50=1 p99=2 max=2 meanFrameUs=16869
LogOGRelayProbe: Warning: [Warning][RelayProbe.Frame] role=Server cadence dFrame1=118 dFrame0=0 dFrameGt1=2 discont=0 numSteps total=123 max=2 gt1=3
LogOGInputRelay: Warning: [RelayFlush] window owner=OGBrawlerUECharacter_2147482376 flushedRounds=1852 entries=2788 entriesPerRoundX100=150 suppressed=908 stageOverflowDrops=0
LogOGRelayProbe: Warning: [Warning][RelayProbe.Budget] conn=28260 frames=120 elapsedMs=2059 netSpeedBps=250000 allowanceBytesPerTick=4166 outBytes=63433 bytesPerTick=528 occupancyPctX10=126
LogOGRelayProbe: Warning: [Warning][RelayProbe.Budget] conn=28260 queuedBits min=-66666 max=-63774 mean=-66381 notReadyFrames=0 outPackets=122 bytesPerPacket=519 lost=0
LogOGInputRelay: Warning: [RelayFlush] window owner=OGBrawlerUECharacter_2147482398 flushedRounds=6820 entries=8041 entriesPerRoundX100=117 suppressed=1220 stageOverflowDrops=0
LogOGNet: Warning: [Warning][InputStats] dropped 0 / 238 remote inputs = 0%
LogOGRelayProbe: Warning: [Warning][RelayProbe.Budget] conn=28258 frames=120 elapsedMs=2025 netSpeedBps=250000 allowanceBytesPerTick=4166 outBytes=62339 bytesPerTick=519 occupancyPctX10=124
LogOGRelayProbe: Warning: [Warning][RelayProbe.Budget] conn=28258 queuedBits min=-66666 max=-64174 mean=-66462 notReadyFrames=0 outPackets=120 bytesPerPacket=519 lost=0
LogOGRelayProbe: Warning: [Warning][RelayProbe.Write] id=28281 runs=120 writes=168 observableWrites=168 captureSpan=168 receivedX1000=1000 observableX1000=1000 deliverableX1000=1000 replaceLatestObservableX1000=714
LogOGRelayProbe: Warning: [Warning][RelayProbe.Write] id=28281 writesPerFrame p50=1 p99=2 max=2 emptyFrames=46 nonConsecutive=0 missedCaptureTicks=0 captures=[8766,8933] discont=0
LogOGRelayProbe: Warning: [Warning][RelayProbe.Frame] role=Server simTicks=122 frames=120 meanTicksPerFrameX100=101 p50=1 p99=2 max=2 meanFrameUs=16880
LogOGRelayProbe: Warning: [Warning][RelayProbe.Frame] role=Server cadence dFrame1=120 dFrame0=0 dFrameGt1=0 discont=0 numSteps total=122 max=2 gt1=2
LogOGRelayProbe: Warning: [Warning][RelayProbe.Write] id=28318 runs=120 writes=180 observableWrites=180 captureSpan=180 receivedX1000=1000 observableX1000=1000 deliverableX1000=1000 replaceLatestObservableX1000=666
LogOGRelayProbe: Warning: [Warning][RelayProbe.Write] id=28318 writesPerFrame p50=1 p99=2 max=2 emptyFrames=58 nonConsecutive=0 missedCaptureTicks=0 captures=[8789,8968] discont=0
LogOGInputRelay: Warning: [RelayFlush] window owner=OGBrawlerUECharacter_2147482376 flushedRounds=1932 entries=2910 entriesPerRoundX100=150 suppressed=948 stageOverflowDrops=0
LogOGRelayProbe: Warning: [Warning][RelayProbe.Budget] conn=28260 frames=120 elapsedMs=2022 netSpeedBps=250000 allowanceBytesPerTick=4166 outBytes=62377 bytesPerTick=519 occupancyPctX10=124
LogOGRelayProbe: Warning: [Warning][RelayProbe.Budget] conn=28260 queuedBits min=-66666 max=-63316 mean=-66441 notReadyFrames=0 outPackets=120 bytesPerPacket=519 lost=0
LogOGInputRelay: Warning: [RelayFlush] window owner=OGBrawlerUECharacter_2147482398 flushedRounds=6904 entries=8164 entriesPerRoundX100=118 suppressed=1256 stageOverflowDrops=0
LogOGNet: Warning: [Warning][InputStats] dropped 0 / 238 remote inputs = 0%
LogOGRelayProbe: Warning: [Warning][RelayProbe.Budget] conn=28258 frames=120 elapsedMs=2021 netSpeedBps=250000 allowanceBytesPerTick=4166 outBytes=62395 bytesPerTick=519 occupancyPctX10=124
LogOGRelayProbe: Warning: [Warning][RelayProbe.Budget] conn=28258 queuedBits min=-66666 max=-63316 mean=-66386 notReadyFrames=0 outPackets=120 bytesPerPacket=519 lost=0
LogOGRelayProbe: Warning: [Warning][RelayProbe.Frame] role=Server simTicks=121 frames=120 meanTicksPerFrameX100=100 p50=1 p99=1 max=2 meanFrameUs=16829
LogOGRelayProbe: Warning: [Warning][RelayProbe.Frame] role=Server cadence dFrame1=120 dFrame0=0 dFrameGt1=0 discont=0 numSteps total=121 max=2 gt1=1
LogOGInputRelay: Warning: [RelayFlush] window owner=OGBrawlerUECharacter_2147482376 flushedRounds=2012 entries=3030 entriesPerRoundX100=150 suppressed=988 stageOverflowDrops=0
LogOGRelayProbe: Warning: [Warning][RelayProbe.Budget] conn=28260 frames=120 elapsedMs=2016 netSpeedBps=250000 allowanceBytesPerTick=4166 outBytes=62353 bytesPerTick=519 occupancyPctX10=124
LogOGRelayProbe: Warning: [Warning][RelayProbe.Budget] conn=28260 queuedBits min=-66666 max=-63724 mean=-66300 notReadyFrames=0 outPackets=120 bytesPerPacket=519 lost=0
LogOGRelayProbe: Warning: [Warning][RelayProbe.Write] id=28281 runs=120 writes=178 observableWrites=178 captureSpan=178 receivedX1000=1000 observableX1000=1000 deliverableX1000=1000 replaceLatestObservableX1000=674
LogOGRelayProbe: Warning: [Warning][RelayProbe.Write] id=28281 writesPerFrame p50=1 p99=2 max=3 emptyFrames=55 nonConsecutive=0 missedCaptureTicks=0 captures=[8934,9111] discont=0
LogOGInputRelay: Warning: [RelayFlush] window owner=OGBrawlerUECharacter_2147482398 flushedRounds=6985 entries=8284 entriesPerRoundX100=118 suppressed=1295 stageOverflowDrops=0
LogOGRelayProbe: Warning: [Warning][RelayProbe.Write] id=28318 runs=120 writes=181 observableWrites=181 captureSpan=181 receivedX1000=1000 observableX1000=1000 deliverableX1000=1000 replaceLatestObservableX1000=662
LogOGRelayProbe: Warning: [Warning][RelayProbe.Write] id=28318 writesPerFrame p50=1 p99=2 max=3 emptyFrames=60 nonConsecutive=0 missedCaptureTicks=0 captures=[8969,9149] discont=0
LogOGNet: Warning: [Warning][InputStats] dropped 0 / 238 remote inputs = 0%
LogOGRelayProbe: Warning: [Warning][RelayProbe.Budget] conn=28258 frames=120 elapsedMs=2023 netSpeedBps=250000 allowanceBytesPerTick=4166 outBytes=62375 bytesPerTick=519 occupancyPctX10=124
LogOGRelayProbe: Warning: [Warning][RelayProbe.Budget] conn=28258 queuedBits min=-66666 max=-63302 mean=-66318 notReadyFrames=0 outPackets=120 bytesPerPacket=519 lost=0
LogOGRelayProbe: Warning: [Warning][RelayProbe.Frame] role=Server simTicks=121 frames=120 meanTicksPerFrameX100=100 p50=1 p99=1 max=2 meanFrameUs=16840
LogOGRelayProbe: Warning: [Warning][RelayProbe.Frame] role=Server cadence dFrame1=120 dFrame0=0 dFrameGt1=0 discont=0 numSteps total=121 max=2 gt1=1
LogOGInputRelay: Warning: [RelayFlush] window owner=OGBrawlerUECharacter_2147482376 flushedRounds=2096 entries=3153 entriesPerRoundX100=150 suppressed=1024 stageOverflowDrops=0
LogOGRelayProbe: Warning: [Warning][RelayProbe.Budget] conn=28260 frames=120 elapsedMs=2024 netSpeedBps=250000 allowanceBytesPerTick=4166 outBytes=62348 bytesPerTick=519 occupancyPctX10=124
LogOGRelayProbe: Warning: [Warning][RelayProbe.Budget] conn=28260 queuedBits min=-66666 max=-63302 mean=-66324 notReadyFrames=0 outPackets=120 bytesPerPacket=519 lost=0
LogOGInputRelay: Warning: [RelayFlush] window owner=OGBrawlerUECharacter_2147482398 flushedRounds=7065 entries=8406 entriesPerRoundX100=118 suppressed=1335 stageOverflowDrops=0
LogOGNet: Warning: [Warning][InputStats] dropped 0 / 238 remote inputs = 0%
LogOGRelayProbe: Warning: [Warning][RelayProbe.Write] id=28281 runs=120 writes=180 observableWrites=180 captureSpan=180 receivedX1000=1000 observableX1000=1000 deliverableX1000=1000 replaceLatestObservableX1000=666
LogOGRelayProbe: Warning: [Warning][RelayProbe.Write] id=28281 writesPerFrame p50=1 p99=2 max=3 emptyFrames=58 nonConsecutive=0 missedCaptureTicks=0 captures=[9112,9291] discont=0
LogOGRelayProbe: Warning: [Warning][RelayProbe.Budget] conn=28258 frames=120 elapsedMs=2019 netSpeedBps=250000 allowanceBytesPerTick=4166 outBytes=62357 bytesPerTick=519 occupancyPctX10=124
LogOGRelayProbe: Warning: [Warning][RelayProbe.Budget] conn=28258 queuedBits min=-66666 max=-63894 mean=-66380 notReadyFrames=0 outPackets=120 bytesPerPacket=519 lost=0
LogOGRelayProbe: Warning: [Warning][RelayProbe.Frame] role=Server simTicks=121 frames=120 meanTicksPerFrameX100=100 p50=1 p99=1 max=2 meanFrameUs=16853
LogOGRelayProbe: Warning: [Warning][RelayProbe.Frame] role=Server cadence dFrame1=120 dFrame0=0 dFrameGt1=0 discont=0 numSteps total=121 max=2 gt1=1
LogOGRelayProbe: Warning: [Warning][RelayProbe.Write] id=28318 runs=120 writes=177 observableWrites=177 captureSpan=177 receivedX1000=1000 observableX1000=1000 deliverableX1000=1000 replaceLatestObservableX1000=677
LogOGRelayProbe: Warning: [Warning][RelayProbe.Write] id=28318 writesPerFrame p50=1 p99=2 max=2 emptyFrames=54 nonConsecutive=0 missedCaptureTicks=0 captures=[9150,9326] discont=0
LogOGInputRelay: Warning: [RelayFlush] window owner=OGBrawlerUECharacter_2147482376 flushedRounds=2177 entries=3273 entriesPerRoundX100=150 suppressed=1063 stageOverflowDrops=0
LogOGRelayProbe: Warning: [Warning][RelayProbe.Budget] conn=28260 frames=120 elapsedMs=2027 netSpeedBps=250000 allowanceBytesPerTick=4166 outBytes=62417 bytesPerTick=520 occupancyPctX10=124
LogOGRelayProbe: Warning: [Warning][RelayProbe.Budget] conn=28260 queuedBits min=-66666 max=-64678 mean=-66454 notReadyFrames=0 outPackets=120 bytesPerPacket=520 lost=0
LogOGInputRelay: Warning: [RelayFlush] window owner=OGBrawlerUECharacter_2147482398 flushedRounds=7148 entries=8527 entriesPerRoundX100=119 suppressed=1372 stageOverflowDrops=0
LogOGNet: Warning: [Warning][InputStats] dropped 0 / 238 remote inputs = 0%
LogOGRelayProbe: Warning: [Warning][RelayProbe.Budget] conn=28258 frames=120 elapsedMs=2025 netSpeedBps=250000 allowanceBytesPerTick=4166 outBytes=62516 bytesPerTick=520 occupancyPctX10=124
LogOGRelayProbe: Warning: [Warning][RelayProbe.Budget] conn=28258 queuedBits min=-66666 max=-63066 mean=-66333 notReadyFrames=0 outPackets=120 bytesPerPacket=520 lost=0
LogOGRelayProbe: Warning: [Warning][RelayProbe.Frame] role=Server simTicks=122 frames=120 meanTicksPerFrameX100=101 p50=1 p99=2 max=2 meanFrameUs=16881
LogOGRelayProbe: Warning: [Warning][RelayProbe.Frame] role=Server cadence dFrame1=120 dFrame0=0 dFrameGt1=0 discont=0 numSteps total=122 max=2 gt1=2
LogOGRelayProbe: Warning: [Warning][RelayProbe.Write] id=28281 runs=120 writes=174 observableWrites=174 captureSpan=174 receivedX1000=1000 observableX1000=1000 deliverableX1000=1000 replaceLatestObservableX1000=689
LogOGRelayProbe: Warning: [Warning][RelayProbe.Write] id=28281 writesPerFrame p50=1 p99=2 max=2 emptyFrames=52 nonConsecutive=0 missedCaptureTicks=0 captures=[9292,9465] discont=0
LogOGInputRelay: Warning: [RelayFlush] window owner=OGBrawlerUECharacter_2147482376 flushedRounds=2259 entries=3396 entriesPerRoundX100=150 suppressed=1101 stageOverflowDrops=0
LogOGRelayProbe: Warning: [Warning][RelayProbe.Budget] conn=28260 frames=120 elapsedMs=2021 netSpeedBps=250000 allowanceBytesPerTick=4166 outBytes=62396 bytesPerTick=519 occupancyPctX10=124
LogOGRelayProbe: Warning: [Warning][RelayProbe.Budget] conn=28260 queuedBits min=-66666 max=-63066 mean=-66342 notReadyFrames=0 outPackets=120 bytesPerPacket=519 lost=0
LogOGRelayProbe: Warning: [Warning][RelayProbe.Write] id=28318 runs=120 writes=175 observableWrites=175 captureSpan=175 receivedX1000=1000 observableX1000=1000 deliverableX1000=1000 replaceLatestObservableX1000=685
LogOGRelayProbe: Warning: [Warning][RelayProbe.Write] id=28318 writesPerFrame p50=1 p99=2 max=2 emptyFrames=54 nonConsecutive=0 missedCaptureTicks=0 captures=[9327,9501] discont=0
LogOGInputRelay: Warning: [RelayFlush] window owner=OGBrawlerUECharacter_2147482398 flushedRounds=7231 entries=8647 entriesPerRoundX100=119 suppressed=1409 stageOverflowDrops=0
LogOGNet: Warning: [Warning][InputStats] dropped 0 / 238 remote inputs = 0%
LogOGRelayProbe: Warning: [Warning][RelayProbe.Budget] conn=28258 frames=120 elapsedMs=2040 netSpeedBps=250000 allowanceBytesPerTick=4166 outBytes=62708 bytesPerTick=522 occupancyPctX10=125
LogOGRelayProbe: Warning: [Warning][RelayProbe.Budget] conn=28258 queuedBits min=-66666 max=-63190 mean=-66383 notReadyFrames=0 outPackets=121 bytesPerPacket=518 lost=0
LogOGRelayProbe: Warning: [Warning][RelayProbe.Frame] role=Server simTicks=122 frames=121 meanTicksPerFrameX100=100 p50=1 p99=1 max=2 meanFrameUs=16857
LogOGRelayProbe: Warning: [Warning][RelayProbe.Frame] role=Server cadence dFrame1=119 dFrame0=0 dFrameGt1=1 discont=0 numSteps total=122 max=2 gt1=2
LogOGInputRelay: Warning: [RelayFlush] window owner=OGBrawlerUECharacter_2147482376 flushedRounds=2340 entries=3517 entriesPerRoundX100=150 suppressed=1140 stageOverflowDrops=0
LogOGRelayProbe: Warning: [Warning][RelayProbe.Budget] conn=28260 frames=120 elapsedMs=2040 netSpeedBps=250000 allowanceBytesPerTick=4166 outBytes=62788 bytesPerTick=523 occupancyPctX10=125
LogOGRelayProbe: Warning: [Warning][RelayProbe.Budget] conn=28260 queuedBits min=-66666 max=-63190 mean=-66328 notReadyFrames=0 outPackets=121 bytesPerPacket=518 lost=0
LogOGInputRelay: Warning: [RelayFlush] window owner=OGBrawlerUECharacter_2147482398 flushedRounds=7312 entries=8770 entriesPerRoundX100=119 suppressed=1448 stageOverflowDrops=0
LogOGNet: Warning: [Warning][InputStats] dropped 0 / 238 remote inputs = 0%
LogOGRelayProbe: Warning: [Warning][RelayProbe.Write] id=28281 runs=120 writes=180 observableWrites=180 captureSpan=180 receivedX1000=1000 observableX1000=1000 deliverableX1000=1000 replaceLatestObservableX1000=666
LogOGRelayProbe: Warning: [Warning][RelayProbe.Write] id=28281 writesPerFrame p50=1 p99=2 max=3 emptyFrames=58 nonConsecutive=0 missedCaptureTicks=0 captures=[9466,9645] discont=0
LogOGRelayProbe: Warning: [Warning][RelayProbe.Budget] conn=28258 frames=120 elapsedMs=2024 netSpeedBps=250000 allowanceBytesPerTick=4166 outBytes=62317 bytesPerTick=519 occupancyPctX10=124
LogOGRelayProbe: Warning: [Warning][RelayProbe.Budget] conn=28258 queuedBits min=-66666 max=-63788 mean=-66386 notReadyFrames=0 outPackets=120 bytesPerPacket=519 lost=0
LogOGRelayProbe: Warning: [Warning][RelayProbe.Write] id=28318 runs=120 writes=188 observableWrites=188 captureSpan=188 receivedX1000=1000 observableX1000=1000 deliverableX1000=1000 replaceLatestObservableX1000=638
LogOGRelayProbe: Warning: [Warning][RelayProbe.Write] id=28318 writesPerFrame p50=2 p99=3 max=3 emptyFrames=65 nonConsecutive=0 missedCaptureTicks=0 captures=[9502,9689] discont=0
LogOGRelayProbe: Warning: [Warning][RelayProbe.Frame] role=Server simTicks=122 frames=120 meanTicksPerFrameX100=101 p50=1 p99=2 max=2 meanFrameUs=16915
LogOGRelayProbe: Warning: [Warning][RelayProbe.Frame] role=Server cadence dFrame1=120 dFrame0=0 dFrameGt1=0 discont=0 numSteps total=122 max=2 gt1=2
LogOGInputRelay: Warning: [RelayFlush] window owner=OGBrawlerUECharacter_2147482376 flushedRounds=2418 entries=3639 entriesPerRoundX100=150 suppressed=1182 stageOverflowDrops=0
LogOGRelayProbe: Warning: [Warning][RelayProbe.Budget] conn=28260 frames=120 elapsedMs=2025 netSpeedBps=250000 allowanceBytesPerTick=4166 outBytes=62552 bytesPerTick=521 occupancyPctX10=125
LogOGRelayProbe: Warning: [Warning][RelayProbe.Budget] conn=28260 queuedBits min=-66666 max=-64104 mean=-66432 notReadyFrames=0 outPackets=120 bytesPerPacket=521 lost=0
LogOGInputRelay: Warning: [RelayFlush] window owner=OGBrawlerUECharacter_2147482398 flushedRounds=7395 entries=8891 entriesPerRoundX100=120 suppressed=1485 stageOverflowDrops=0
LogOGNet: Warning: [Warning][InputStats] dropped 0 / 238 remote inputs = 0%
LogOGRelayProbe: Warning: [Warning][RelayProbe.Budget] conn=28258 frames=120 elapsedMs=2033 netSpeedBps=250000 allowanceBytesPerTick=4166 outBytes=62588 bytesPerTick=521 occupancyPctX10=125
LogOGRelayProbe: Warning: [Warning][RelayProbe.Budget] conn=28258 queuedBits min=-66666 max=-64104 mean=-66481 notReadyFrames=0 outPackets=120 bytesPerPacket=521 lost=0
LogOGRelayProbe: Warning: [Warning][RelayProbe.Frame] role=Server simTicks=122 frames=120 meanTicksPerFrameX100=101 p50=1 p99=2 max=2 meanFrameUs=16904
LogOGRelayProbe: Warning: [Warning][RelayProbe.Frame] role=Server cadence dFrame1=120 dFrame0=0 dFrameGt1=0 discont=0 numSteps total=122 max=2 gt1=2
LogOGRelayProbe: Warning: [Warning][RelayProbe.Write] id=28281 runs=120 writes=179 observableWrites=179 captureSpan=179 receivedX1000=1000 observableX1000=1000 deliverableX1000=1000 replaceLatestObservableX1000=670
LogOGRelayProbe: Warning: [Warning][RelayProbe.Write] id=28281 writesPerFrame p50=1 p99=3 max=3 emptyFrames=58 nonConsecutive=0 missedCaptureTicks=0 captures=[9646,9824] discont=0
LogOGInputRelay: Warning: [RelayFlush] FINAL owner=OGBrawlerUECharacter_2147482398 flushedRounds=7441 entries=8963 entriesPerRoundX100=120 suppressed=1511 stageOverflowDrops=0
LogOGInputRelay: Warning: [RelayFlush] window owner=OGBrawlerUECharacter_2147482376 flushedRounds=2497 entries=3760 entriesPerRoundX100=150 suppressed=1223 stageOverflowDrops=0
LogOGRelayProbe: Warning: [Warning][RelayProbe.Budget] conn=28260 frames=120 elapsedMs=2028 netSpeedBps=250000 allowanceBytesPerTick=4166 outBytes=61300 bytesPerTick=510 occupancyPctX10=122
LogOGRelayProbe: Warning: [Warning][RelayProbe.Budget] conn=28260 queuedBits min=-66666 max=-63542 mean=-66320 notReadyFrames=0 outPackets=120 bytesPerPacket=510 lost=0
LogOGRelayProbe: Warning: [Warning][RelayProbe.Write] id=28318 runs=120 writes=185 observableWrites=185 captureSpan=185 receivedX1000=1000 observableX1000=1000 deliverableX1000=1000 replaceLatestObservableX1000=648
LogOGRelayProbe: Warning: [Warning][RelayProbe.Write] id=28318 writesPerFrame p50=2 p99=3 max=3 emptyFrames=63 nonConsecutive=0 missedCaptureTicks=0 captures=[9690,9874] discont=0
LogOGNet: Warning: [Warning][InputStats] dropped 0 / 186 remote inputs = 0%
LogOGRelayProbe: Warning: [Warning][RelayProbe.Frame] role=Server simTicks=120 frames=120 meanTicksPerFrameX100=100 p50=1 p99=1 max=1 meanFrameUs=16643
LogOGRelayProbe: Warning: [Warning][RelayProbe.Frame] role=Server cadence dFrame1=120 dFrame0=0 dFrameGt1=0 discont=0 numSteps total=120 max=1 gt1=0
LogOGInputRelay: Warning: [RelayFlush] window owner=OGBrawlerUECharacter_2147482376 flushedRounds=2583 entries=3881 entriesPerRoundX100=150 suppressed=1257 stageOverflowDrops=0
LogOGRelayProbe: Warning: [Warning][RelayProbe.Budget] conn=28260 frames=120 elapsedMs=2024 netSpeedBps=250000 allowanceBytesPerTick=4166 outBytes=51616 bytesPerTick=430 occupancyPctX10=103
LogOGRelayProbe: Warning: [Warning][RelayProbe.Budget] conn=28260 queuedBits min=-66666 max=-63188 mean=-65810 notReadyFrames=0 outPackets=122 bytesPerPacket=423 lost=0
LogOGNet: Warning: [Warning][InputStats] dropped 0 / 119 remote inputs = 0%
LogOGRelayProbe: Warning: [Warning][RelayProbe.Write] id=28318 runs=120 writes=141 observableWrites=141 captureSpan=141 receivedX1000=1000 observableX1000=1000 deliverableX1000=1000 replaceLatestObservableX1000=851
LogOGRelayProbe: Warning: [Warning][RelayProbe.Write] id=28318 writesPerFrame p50=1 p99=2 max=2 emptyFrames=21 nonConsecutive=0 missedCaptureTicks=0 captures=[9875,10015] discont=0
LogOGRelayProbe: Warning: [Warning][RelayProbe.Frame] role=Server simTicks=121 frames=122 meanTicksPerFrameX100=99 p50=1 p99=1 max=1 meanFrameUs=16579
LogOGRelayProbe: Warning: [Warning][RelayProbe.Frame] role=Server cadence dFrame1=118 dFrame0=0 dFrameGt1=2 discont=0 numSteps total=121 max=2 gt1=1
LogOGInputRelay: Warning: [RelayFlush] window owner=OGBrawlerUECharacter_2147482376 flushedRounds=2702 entries=4000 entriesPerRoundX100=148 suppressed=1258 stageOverflowDrops=0
LogOGRelayProbe: Warning: [Warning][RelayProbe.Budget] conn=28260 frames=120 elapsedMs=1992 netSpeedBps=250000 allowanceBytesPerTick=4166 outBytes=51496 bytesPerTick=429 occupancyPctX10=102
LogOGRelayProbe: Warning: [Warning][RelayProbe.Budget] conn=28260 queuedBits min=-66666 max=-63878 mean=-65900 notReadyFrames=0 outPackets=120 bytesPerPacket=429 lost=0
LogOGNet: Warning: [Warning][InputStats] dropped 0 / 119 remote inputs = 0%
LogOGRelayProbe: Warning: [Warning][RelayProbe.Write] id=28318 runs=120 writes=124 observableWrites=124 captureSpan=124 receivedX1000=1000 observableX1000=1000 deliverableX1000=1000 replaceLatestObservableX1000=967
LogOGRelayProbe: Warning: [Warning][RelayProbe.Write] id=28318 writesPerFrame p50=1 p99=2 max=2 emptyFrames=4 nonConsecutive=0 missedCaptureTicks=0 captures=[10016,10139] discont=0
LogOGRelayProbe: Warning: [Warning][RelayProbe.Frame] role=Server simTicks=120 frames=120 meanTicksPerFrameX100=100 p50=1 p99=1 max=1 meanFrameUs=16619
LogOGRelayProbe: Warning: [Warning][RelayProbe.Frame] role=Server cadence dFrame1=120 dFrame0=0 dFrameGt1=0 discont=0 numSteps total=120 max=1 gt1=0
LogOGInputRelay: Warning: [RelayFlush] window owner=OGBrawlerUECharacter_2147482376 flushedRounds=2805 entries=4119 entriesPerRoundX100=146 suppressed=1275 stageOverflowDrops=0
LogOGRelayProbe: Warning: [Warning][RelayProbe.Budget] conn=28260 frames=120 elapsedMs=1993 netSpeedBps=250000 allowanceBytesPerTick=4166 outBytes=51512 bytesPerTick=429 occupancyPctX10=102
LogOGRelayProbe: Warning: [Warning][RelayProbe.Budget] conn=28260 queuedBits min=-66666 max=-63514 mean=-65878 notReadyFrames=0 outPackets=120 bytesPerPacket=429 lost=0
LogOGNet: Warning: [Warning][InputStats] dropped 0 / 119 remote inputs = 0%
LogOGRelayProbe: Warning: [Warning][RelayProbe.Write] id=28318 runs=120 writes=155 observableWrites=155 captureSpan=155 receivedX1000=1000 observableX1000=1000 deliverableX1000=1000 replaceLatestObservableX1000=774
LogOGRelayProbe: Warning: [Warning][RelayProbe.Write] id=28318 writesPerFrame p50=1 p99=2 max=2 emptyFrames=36 nonConsecutive=0 missedCaptureTicks=0 captures=[10140,10294] discont=0
LogOGRelayProbe: Warning: [Warning][RelayProbe.Frame] role=Server simTicks=121 frames=122 meanTicksPerFrameX100=99 p50=1 p99=1 max=2 meanFrameUs=16584
LogOGRelayProbe: Warning: [Warning][RelayProbe.Frame] role=Server cadence dFrame1=118 dFrame0=0 dFrameGt1=2 discont=0 numSteps total=121 max=2 gt1=1
LogOGInputRelay: Warning: [RelayFlush] window owner=OGBrawlerUECharacter_2147482376 flushedRounds=2898 entries=4239 entriesPerRoundX100=146 suppressed=1302 stageOverflowDrops=0
LogOGRelayProbe: Warning: [Warning][RelayProbe.Budget] conn=28260 frames=120 elapsedMs=2022 netSpeedBps=250000 allowanceBytesPerTick=4166 outBytes=51603 bytesPerTick=430 occupancyPctX10=103
LogOGRelayProbe: Warning: [Warning][RelayProbe.Budget] conn=28260 queuedBits min=-66666 max=-63894 mean=-65856 notReadyFrames=0 outPackets=122 bytesPerPacket=422 lost=0
LogOGNet: Warning: [Warning][InputStats] dropped 0 / 119 remote inputs = 0%
LogOGRelayProbe: Warning: [Warning][RelayProbe.Frame] role=Server simTicks=120 frames=120 meanTicksPerFrameX100=100 p50=1 p99=1 max=1 meanFrameUs=16686
LogOGRelayProbe: Warning: [Warning][RelayProbe.Frame] role=Server cadence dFrame1=120 dFrame0=0 dFrameGt1=0 discont=0 numSteps total=120 max=1 gt1=0
LogOGRelayProbe: Warning: [Warning][RelayProbe.Write] id=28318 runs=120 writes=124 observableWrites=124 captureSpan=124 receivedX1000=1000 observableX1000=1000 deliverableX1000=1000 replaceLatestObservableX1000=967
LogOGRelayProbe: Warning: [Warning][RelayProbe.Write] id=28318 writesPerFrame p50=1 p99=2 max=2 emptyFrames=4 nonConsecutive=0 missedCaptureTicks=0 captures=[10295,10418] discont=0
LogOGInputRelay: Warning: [RelayFlush] window owner=OGBrawlerUECharacter_2147482376 flushedRounds=3018 entries=4359 entriesPerRoundX100=144 suppressed=1302 stageOverflowDrops=0
LogOGRelayProbe: Warning: [Warning][RelayProbe.Budget] conn=28260 frames=120 elapsedMs=2003 netSpeedBps=250000 allowanceBytesPerTick=4166 outBytes=51547 bytesPerTick=429 occupancyPctX10=102
LogOGRelayProbe: Warning: [Warning][RelayProbe.Budget] conn=28260 queuedBits min=-66666 max=-63904 mean=-66086 notReadyFrames=0 outPackets=120 bytesPerPacket=429 lost=0
LogOGNet: Warning: [Warning][InputStats] dropped 0 / 119 remote inputs = 0%
LogOGRelayProbe: Warning: [Warning][RelayProbe.Frame] role=Server simTicks=120 frames=120 meanTicksPerFrameX100=100 p50=1 p99=1 max=1 meanFrameUs=16584
LogOGRelayProbe: Warning: [Warning][RelayProbe.Frame] role=Server cadence dFrame1=120 dFrame0=0 dFrameGt1=0 discont=0 numSteps total=120 max=1 gt1=0
LogOGInputRelay: Warning: [RelayFlush] window owner=OGBrawlerUECharacter_2147482376 flushedRounds=3117 entries=4478 entriesPerRoundX100=143 suppressed=1323 stageOverflowDrops=0
LogOGRelayProbe: Warning: [Warning][RelayProbe.Write] id=28318 runs=120 writes=141 observableWrites=141 captureSpan=141 receivedX1000=1000 observableX1000=1000 deliverableX1000=1000 replaceLatestObservableX1000=851
LogOGRelayProbe: Warning: [Warning][RelayProbe.Write] id=28318 writesPerFrame p50=1 p99=2 max=2 emptyFrames=22 nonConsecutive=0 missedCaptureTicks=0 captures=[10419,10559] discont=0
LogOGRelayProbe: Warning: [Warning][RelayProbe.Budget] conn=28260 frames=120 elapsedMs=1992 netSpeedBps=250000 allowanceBytesPerTick=4166 outBytes=51509 bytesPerTick=429 occupancyPctX10=102
LogOGRelayProbe: Warning: [Warning][RelayProbe.Budget] conn=28260 queuedBits min=-66666 max=-64056 mean=-65963 notReadyFrames=0 outPackets=120 bytesPerPacket=429 lost=0
LogOGNet: Warning: [Warning][InputStats] dropped 0 / 119 remote inputs = 0%
LogOGRelayProbe: Warning: [Warning][RelayProbe.Frame] role=Server simTicks=123 frames=124 meanTicksPerFrameX100=99 p50=1 p99=1 max=2 meanFrameUs=16610
LogOGRelayProbe: Warning: [Warning][RelayProbe.Frame] role=Server cadence dFrame1=116 dFrame0=0 dFrameGt1=4 discont=0 numSteps total=123 max=2 gt1=3
LogOGInputRelay: Warning: [RelayFlush] window owner=OGBrawlerUECharacter_2147482376 flushedRounds=3219 entries=4598 entriesPerRoundX100=142 suppressed=1341 stageOverflowDrops=0
LogOGRelayProbe: Warning: [Warning][RelayProbe.Budget] conn=28260 frames=120 elapsedMs=2057 netSpeedBps=250000 allowanceBytesPerTick=4166 outBytes=51740 bytesPerTick=431 occupancyPctX10=103
LogOGRelayProbe: Warning: [Warning][RelayProbe.Budget] conn=28260 queuedBits min=-66666 max=-63580 mean=-65926 notReadyFrames=0 outPackets=124 bytesPerPacket=417 lost=0
LogOGRelayProbe: Warning: [Warning][RelayProbe.Write] id=28318 runs=120 writes=137 observableWrites=137 captureSpan=137 receivedX1000=1000 observableX1000=1000 deliverableX1000=1000 replaceLatestObservableX1000=875
LogOGRelayProbe: Warning: [Warning][RelayProbe.Write] id=28318 writesPerFrame p50=1 p99=2 max=2 emptyFrames=17 nonConsecutive=0 missedCaptureTicks=0 captures=[10560,10696] discont=0
LogOGNet: Warning: [Warning][InputStats] dropped 0 / 120 remote inputs = 0%
LogOGRelayProbe: Warning: [Warning][RelayProbe.Frame] role=Server simTicks=123 frames=123 meanTicksPerFrameX100=100 p50=1 p99=2 max=2 meanFrameUs=16684
LogOGRelayProbe: Warning: [Warning][RelayProbe.Frame] role=Server cadence dFrame1=117 dFrame0=0 dFrameGt1=3 discont=0 numSteps total=123 max=2 gt1=3
LogOGInputRelay: Warning: [RelayFlush] window owner=OGBrawlerUECharacter_2147482376 flushedRounds=3324 entries=4718 entriesPerRoundX100=141 suppressed=1356 stageOverflowDrops=0
LogOGRelayProbe: Warning: [Warning][RelayProbe.Budget] conn=28260 frames=120 elapsedMs=2053 netSpeedBps=250000 allowanceBytesPerTick=4166 outBytes=51667 bytesPerTick=430 occupancyPctX10=103
LogOGRelayProbe: Warning: [Warning][RelayProbe.Budget] conn=28260 queuedBits min=-66666 max=-63886 mean=-66038 notReadyFrames=0 outPackets=123 bytesPerPacket=420 lost=0
LogOGRelayProbe: Warning: [Warning][RelayProbe.Write] id=28318 runs=120 writes=135 observableWrites=135 captureSpan=135 receivedX1000=1000 observableX1000=1000 deliverableX1000=1000 replaceLatestObservableX1000=888
LogOGRelayProbe: Warning: [Warning][RelayProbe.Write] id=28318 writesPerFrame p50=1 p99=2 max=2 emptyFrames=15 nonConsecutive=0 missedCaptureTicks=0 captures=[10697,10831] discont=0
LogOGNet: Warning: [Warning][InputStats] dropped 0 / 118 remote inputs = 0%
LogOGRelayProbe: Warning: [Warning][RelayProbe.Frame] role=Server simTicks=120 frames=120 meanTicksPerFrameX100=100 p50=1 p99=1 max=1 meanFrameUs=16598
LogOGRelayProbe: Warning: [Warning][RelayProbe.Frame] role=Server cadence dFrame1=120 dFrame0=0 dFrameGt1=0 discont=0 numSteps total=120 max=1 gt1=0
LogOGInputRelay: Warning: [RelayFlush] window owner=OGBrawlerUECharacter_2147482376 flushedRounds=3435 entries=4838 entriesPerRoundX100=140 suppressed=1365 stageOverflowDrops=0
LogOGRelayProbe: Warning: [Warning][RelayProbe.Budget] conn=28260 frames=120 elapsedMs=1992 netSpeedBps=250000 allowanceBytesPerTick=4166 outBytes=51508 bytesPerTick=429 occupancyPctX10=102
LogOGRelayProbe: Warning: [Warning][RelayProbe.Budget] conn=28260 queuedBits min=-66666 max=-63972 mean=-65869 notReadyFrames=0 outPackets=120 bytesPerPacket=429 lost=0
LogOGNet: Warning: [Warning][InputStats] dropped 0 / 119 remote inputs = 0%
LogOGRelayProbe: Warning: [Warning][RelayProbe.Write] id=28318 runs=120 writes=141 observableWrites=141 captureSpan=141 receivedX1000=1000 observableX1000=1000 deliverableX1000=1000 replaceLatestObservableX1000=851
LogOGRelayProbe: Warning: [Warning][RelayProbe.Write] id=28318 writesPerFrame p50=1 p99=2 max=2 emptyFrames=22 nonConsecutive=0 missedCaptureTicks=0 captures=[10832,10972] discont=0
LogOGRelayProbe: Warning: [Warning][RelayProbe.Frame] role=Server simTicks=120 frames=121 meanTicksPerFrameX100=99 p50=1 p99=1 max=1 meanFrameUs=16593
LogOGRelayProbe: Warning: [Warning][RelayProbe.Frame] role=Server cadence dFrame1=119 dFrame0=0 dFrameGt1=1 discont=0 numSteps total=120 max=1 gt1=0
LogOGInputRelay: Warning: [RelayFlush] window owner=OGBrawlerUECharacter_2147482376 flushedRounds=3541 entries=4957 entriesPerRoundX100=139 suppressed=1379 stageOverflowDrops=0
LogOGRelayProbe: Warning: [Warning][RelayProbe.Budget] conn=28260 frames=120 elapsedMs=2003 netSpeedBps=250000 allowanceBytesPerTick=4166 outBytes=51580 bytesPerTick=429 occupancyPctX10=102
LogOGRelayProbe: Warning: [Warning][RelayProbe.Budget] conn=28260 queuedBits min=-66666 max=-63652 mean=-65790 notReadyFrames=0 outPackets=121 bytesPerPacket=426 lost=0
LogOGNet: Warning: [Warning][InputStats] dropped 0 / 119 remote inputs = 0%
LogOGRelayProbe: Warning: [Warning][RelayProbe.Write] id=28318 runs=120 writes=121 observableWrites=121 captureSpan=121 receivedX1000=1000 observableX1000=1000 deliverableX1000=1000 replaceLatestObservableX1000=991
LogOGRelayProbe: Warning: [Warning][RelayProbe.Write] id=28318 writesPerFrame p50=1 p99=1 max=2 emptyFrames=1 nonConsecutive=0 missedCaptureTicks=0 captures=[10973,11093] discont=0
LogOGRelayProbe: Warning: [Warning][RelayProbe.Frame] role=Server simTicks=120 frames=120 meanTicksPerFrameX100=100 p50=1 p99=1 max=1 meanFrameUs=16654
LogOGRelayProbe: Warning: [Warning][RelayProbe.Frame] role=Server cadence dFrame1=120 dFrame0=0 dFrameGt1=0 discont=0 numSteps total=120 max=1 gt1=0
LogOGInputRelay: Warning: [RelayFlush] window owner=OGBrawlerUECharacter_2147482376 flushedRounds=3661 entries=5077 entriesPerRoundX100=138 suppressed=1379 stageOverflowDrops=0
LogOGRelayProbe: Warning: [Warning][RelayProbe.Budget] conn=28260 frames=120 elapsedMs=2005 netSpeedBps=250000 allowanceBytesPerTick=4166 outBytes=51524 bytesPerTick=429 occupancyPctX10=102
LogOGRelayProbe: Warning: [Warning][RelayProbe.Budget] conn=28260 queuedBits min=-66666 max=-64014 mean=-66071 notReadyFrames=0 outPackets=120 bytesPerPacket=429 lost=0
LogOGNet: Warning: [Warning][InputStats] dropped 0 / 120 remote inputs = 0%
LogOGRelayProbe: Warning: [Warning][RelayProbe.Write] id=28318 runs=120 writes=130 observableWrites=130 captureSpan=130 receivedX1000=1000 observableX1000=1000 deliverableX1000=1000 replaceLatestObservableX1000=923
LogOGRelayProbe: Warning: [Warning][RelayProbe.Write] id=28318 writesPerFrame p50=1 p99=2 max=2 emptyFrames=10 nonConsecutive=0 missedCaptureTicks=0 captures=[11094,11223] discont=0
LogOGRelayProbe: Warning: [Warning][RelayProbe.Frame] role=Server simTicks=122 frames=122 meanTicksPerFrameX100=100 p50=1 p99=2 max=2 meanFrameUs=16662
LogOGRelayProbe: Warning: [Warning][RelayProbe.Frame] role=Server cadence dFrame1=118 dFrame0=0 dFrameGt1=2 discont=0 numSteps total=122 max=2 gt1=2
LogOGInputRelay: Warning: [RelayFlush] window owner=OGBrawlerUECharacter_2147482376 flushedRounds=3771 entries=5197 entriesPerRoundX100=137 suppressed=1389 stageOverflowDrops=0
LogOGRelayProbe: Warning: [Warning][RelayProbe.Budget] conn=28260 frames=120 elapsedMs=2029 netSpeedBps=250000 allowanceBytesPerTick=4166 outBytes=51615 bytesPerTick=430 occupancyPctX10=103
LogOGRelayProbe: Warning: [Warning][RelayProbe.Budget] conn=28260 queuedBits min=-66666 max=-63398 mean=-66033 notReadyFrames=0 outPackets=122 bytesPerPacket=423 lost=0
LogOGNet: Warning: [Warning][InputStats] dropped 0 / 118 remote inputs = 0%
LogOGRelayProbe: Warning: [Warning][RelayProbe.Write] id=28318 runs=120 writes=120 observableWrites=120 captureSpan=120 receivedX1000=1000 observableX1000=1000 deliverableX1000=1000 replaceLatestObservableX1000=1000
LogOGRelayProbe: Warning: [Warning][RelayProbe.Write] id=28318 writesPerFrame p50=1 p99=1 max=1 emptyFrames=0 nonConsecutive=0 missedCaptureTicks=0 captures=[11224,11343] discont=0
LogOGRelayProbe: Warning: [Warning][RelayProbe.Frame] role=Server simTicks=120 frames=120 meanTicksPerFrameX100=100 p50=1 p99=1 max=1 meanFrameUs=16664
LogOGRelayProbe: Warning: [Warning][RelayProbe.Frame] role=Server cadence dFrame1=120 dFrame0=0 dFrameGt1=0 discont=0 numSteps total=120 max=1 gt1=0
LogOGInputRelay: Warning: [RelayFlush] window owner=OGBrawlerUECharacter_2147482376 flushedRounds=3890 entries=5317 entriesPerRoundX100=136 suppressed=1390 stageOverflowDrops=0
LogOGRelayProbe: Warning: [Warning][RelayProbe.Budget] conn=28260 frames=120 elapsedMs=1996 netSpeedBps=250000 allowanceBytesPerTick=4166 outBytes=51526 bytesPerTick=429 occupancyPctX10=102
LogOGRelayProbe: Warning: [Warning][RelayProbe.Budget] conn=28260 queuedBits min=-66666 max=-63234 mean=-66018 notReadyFrames=0 outPackets=120 bytesPerPacket=429 lost=0
LogOGNet: Warning: [Warning][InputStats] dropped 0 / 119 remote inputs = 0%
LogOGRelayProbe: Warning: [Warning][RelayProbe.Write] id=28318 runs=120 writes=140 observableWrites=140 captureSpan=140 receivedX1000=1000 observableX1000=1000 deliverableX1000=1000 replaceLatestObservableX1000=857
LogOGRelayProbe: Warning: [Warning][RelayProbe.Write] id=28318 writesPerFrame p50=1 p99=2 max=2 emptyFrames=21 nonConsecutive=0 missedCaptureTicks=0 captures=[11344,11483] discont=0
LogOGRelayProbe: Warning: [Warning][RelayProbe.Frame] role=Server simTicks=122 frames=123 meanTicksPerFrameX100=99 p50=1 p99=1 max=2 meanFrameUs=16553
LogOGRelayProbe: Warning: [Warning][RelayProbe.Frame] role=Server cadence dFrame1=117 dFrame0=0 dFrameGt1=3 discont=0 numSteps total=122 max=2 gt1=2
LogOGInputRelay: Warning: [RelayFlush] window owner=OGBrawlerUECharacter_2147482376 flushedRounds=3988 entries=5436 entriesPerRoundX100=136 suppressed=1412 stageOverflowDrops=0
LogOGRelayProbe: Warning: [Warning][RelayProbe.Budget] conn=28260 frames=120 elapsedMs=2033 netSpeedBps=250000 allowanceBytesPerTick=4166 outBytes=51646 bytesPerTick=430 occupancyPctX10=103
LogOGRelayProbe: Warning: [Warning][RelayProbe.Budget] conn=28260 queuedBits min=-66666 max=-63324 mean=-65688 notReadyFrames=0 outPackets=123 bytesPerPacket=419 lost=0
LogOGNet: Warning: [Warning][InputStats] dropped 0 / 119 remote inputs = 0%
LogOGRelayProbe: Warning: [Warning][RelayProbe.Write] id=28318 runs=120 writes=137 observableWrites=137 captureSpan=137 receivedX1000=1000 observableX1000=1000 deliverableX1000=1000 replaceLatestObservableX1000=875
LogOGRelayProbe: Warning: [Warning][RelayProbe.Write] id=28318 writesPerFrame p50=1 p99=2 max=2 emptyFrames=18 nonConsecutive=0 missedCaptureTicks=0 captures=[11484,11620] discont=0
LogOGRelayProbe: Warning: [Warning][RelayProbe.Frame] role=Server simTicks=121 frames=122 meanTicksPerFrameX100=99 p50=1 p99=1 max=2 meanFrameUs=16526
LogOGRelayProbe: Warning: [Warning][RelayProbe.Frame] role=Server cadence dFrame1=118 dFrame0=0 dFrameGt1=2 discont=0 numSteps total=121 max=2 gt1=1
LogOGInputRelay: Warning: [RelayFlush] window owner=OGBrawlerUECharacter_2147482376 flushedRounds=4092 entries=5555 entriesPerRoundX100=135 suppressed=1428 stageOverflowDrops=0
LogOGRelayProbe: Warning: [Warning][RelayProbe.Budget] conn=28260 frames=120 elapsedMs=2019 netSpeedBps=250000 allowanceBytesPerTick=4166 outBytes=51591 bytesPerTick=429 occupancyPctX10=102
LogOGRelayProbe: Warning: [Warning][RelayProbe.Budget] conn=28260 queuedBits min=-66666 max=-62932 mean=-65790 notReadyFrames=0 outPackets=122 bytesPerPacket=422 lost=0
LogOGNet: Warning: [Warning][InputStats] dropped 0 / 119 remote inputs = 0%
LogOGRelayProbe: Warning: [Warning][RelayProbe.Write] id=28318 runs=120 writes=120 observableWrites=120 captureSpan=120 receivedX1000=1000 observableX1000=1000 deliverableX1000=1000 replaceLatestObservableX1000=1000
LogOGRelayProbe: Warning: [Warning][RelayProbe.Write] id=28318 writesPerFrame p50=1 p99=1 max=1 emptyFrames=0 nonConsecutive=0 missedCaptureTicks=0 captures=[11621,11740] discont=0
LogOGRelayProbe: Warning: [Warning][RelayProbe.Frame] role=Server simTicks=120 frames=120 meanTicksPerFrameX100=100 p50=1 p99=1 max=1 meanFrameUs=16671
LogOGRelayProbe: Warning: [Warning][RelayProbe.Frame] role=Server cadence dFrame1=120 dFrame0=0 dFrameGt1=0 discont=0 numSteps total=120 max=1 gt1=0
LogOGInputRelay: Warning: [RelayFlush] window owner=OGBrawlerUECharacter_2147482376 flushedRounds=4212 entries=5675 entriesPerRoundX100=134 suppressed=1428 stageOverflowDrops=0
LogOGRelayProbe: Warning: [Warning][RelayProbe.Budget] conn=28260 frames=120 elapsedMs=2003 netSpeedBps=250000 allowanceBytesPerTick=4166 outBytes=51527 bytesPerTick=429 occupancyPctX10=102
LogOGRelayProbe: Warning: [Warning][RelayProbe.Budget] conn=28260 queuedBits min=-66666 max=-63472 mean=-65995 notReadyFrames=0 outPackets=120 bytesPerPacket=429 lost=0
LogOGNet: Warning: [Warning][InputStats] dropped 0 / 119 remote inputs = 0%
LogOGRelayProbe: Warning: [Warning][RelayProbe.Frame] role=Server simTicks=120 frames=120 meanTicksPerFrameX100=100 p50=1 p99=1 max=1 meanFrameUs=16555
LogOGRelayProbe: Warning: [Warning][RelayProbe.Frame] role=Server cadence dFrame1=120 dFrame0=0 dFrameGt1=0 discont=0 numSteps total=120 max=1 gt1=0
LogOGInputRelay: Warning: [RelayFlush] window owner=OGBrawlerUECharacter_2147482376 flushedRounds=4318 entries=5795 entriesPerRoundX100=134 suppressed=1442 stageOverflowDrops=0
LogOGRelayProbe: Warning: [Warning][RelayProbe.Write] id=28318 runs=120 writes=135 observableWrites=135 captureSpan=135 receivedX1000=1000 observableX1000=1000 deliverableX1000=1000 replaceLatestObservableX1000=888
LogOGRelayProbe: Warning: [Warning][RelayProbe.Write] id=28318 writesPerFrame p50=1 p99=2 max=2 emptyFrames=16 nonConsecutive=0 missedCaptureTicks=0 captures=[11741,11875] discont=0
LogOGRelayProbe: Warning: [Warning][RelayProbe.Budget] conn=28260 frames=120 elapsedMs=2031 netSpeedBps=250000 allowanceBytesPerTick=4166 outBytes=51674 bytesPerTick=430 occupancyPctX10=103
LogOGRelayProbe: Warning: [Warning][RelayProbe.Budget] conn=28260 queuedBits min=-66666 max=-64020 mean=-65717 notReadyFrames=0 outPackets=123 bytesPerPacket=420 lost=0
LogOGNet: Warning: [Warning][InputStats] dropped 0 / 119 remote inputs = 0%
LogOGRelayProbe: Warning: [Warning][RelayProbe.Frame] role=Server simTicks=122 frames=123 meanTicksPerFrameX100=99 p50=1 p99=1 max=1 meanFrameUs=16645
LogOGRelayProbe: Warning: [Warning][RelayProbe.Frame] role=Server cadence dFrame1=117 dFrame0=0 dFrameGt1=3 discont=0 numSteps total=122 max=2 gt1=2
LogOGInputRelay: Warning: [RelayFlush] window owner=OGBrawlerUECharacter_2147482376 flushedRounds=4435 entries=5914 entriesPerRoundX100=133 suppressed=1445 stageOverflowDrops=0
LogOGRelayProbe: Warning: [Warning][RelayProbe.Write] id=28318 runs=120 writes=121 observableWrites=121 captureSpan=121 receivedX1000=1000 observableX1000=1000 deliverableX1000=1000 replaceLatestObservableX1000=991
LogOGRelayProbe: Warning: [Warning][RelayProbe.Write] id=28318 writesPerFrame p50=1 p99=1 max=2 emptyFrames=1 nonConsecutive=0 missedCaptureTicks=0 captures=[11876,11996] discont=0
LogOGRelayProbe: Warning: [Warning][RelayProbe.Budget] conn=28260 frames=120 elapsedMs=2000 netSpeedBps=250000 allowanceBytesPerTick=4166 outBytes=51527 bytesPerTick=429 occupancyPctX10=102
LogOGRelayProbe: Warning: [Warning][RelayProbe.Budget] conn=28260 queuedBits min=-66666 max=-64066 mean=-66073 notReadyFrames=0 outPackets=120 bytesPerPacket=429 lost=0
LogOGNet: Warning: [Warning][InputStats] dropped 0 / 119 remote inputs = 0%
LogOGRelayProbe: Warning: [Warning][RelayProbe.Frame] role=Server simTicks=121 frames=121 meanTicksPerFrameX100=100 p50=1 p99=1 max=1 meanFrameUs=16593
LogOGRelayProbe: Warning: [Warning][RelayProbe.Frame] role=Server cadence dFrame1=119 dFrame0=0 dFrameGt1=1 discont=0 numSteps total=121 max=2 gt1=1
LogOGInputRelay: Warning: [RelayFlush] window owner=OGBrawlerUECharacter_2147482376 flushedRounds=4548 entries=6033 entriesPerRoundX100=132 suppressed=1452 stageOverflowDrops=0
LogOGRelayProbe: Warning: [Warning][RelayProbe.Write] id=28318 runs=120 writes=131 observableWrites=131 captureSpan=131 receivedX1000=1000 observableX1000=1000 deliverableX1000=1000 replaceLatestObservableX1000=916
LogOGRelayProbe: Warning: [Warning][RelayProbe.Write] id=28318 writesPerFrame p50=1 p99=2 max=2 emptyFrames=11 nonConsecutive=0 missedCaptureTicks=0 captures=[11997,12127] discont=0
LogOGRelayProbe: Warning: [Warning][RelayProbe.Budget] conn=28260 frames=120 elapsedMs=2006 netSpeedBps=250000 allowanceBytesPerTick=4166 outBytes=51556 bytesPerTick=429 occupancyPctX10=102
LogOGRelayProbe: Warning: [Warning][RelayProbe.Budget] conn=28260 queuedBits min=-66666 max=-63762 mean=-65859 notReadyFrames=0 outPackets=121 bytesPerPacket=426 lost=0
LogOGNet: Warning: [Warning][InputStats] dropped 0 / 119 remote inputs = 0%
LogOGRelayProbe: Warning: [Warning][RelayProbe.Frame] role=Server simTicks=120 frames=121 meanTicksPerFrameX100=99 p50=1 p99=1 max=1 meanFrameUs=16602
LogOGRelayProbe: Warning: [Warning][RelayProbe.Frame] role=Server cadence dFrame1=119 dFrame0=0 dFrameGt1=1 discont=0 numSteps total=120 max=1 gt1=0
LogOGInputRelay: Warning: [RelayFlush] window owner=OGBrawlerUECharacter_2147482376 flushedRounds=4650 entries=6153 entriesPerRoundX100=132 suppressed=1470 stageOverflowDrops=0
LogOGRelayProbe: Warning: [Warning][RelayProbe.Budget] conn=28260 frames=120 elapsedMs=2010 netSpeedBps=250000 allowanceBytesPerTick=4166 outBytes=51559 bytesPerTick=429 occupancyPctX10=102
LogOGRelayProbe: Warning: [Warning][RelayProbe.Budget] conn=28260 queuedBits min=-66666 max=-63414 mean=-65989 notReadyFrames=0 outPackets=121 bytesPerPacket=426 lost=0
LogOGRelayProbe: Warning: [Warning][RelayProbe.Write] id=28318 runs=120 writes=133 observableWrites=133 captureSpan=133 receivedX1000=1000 observableX1000=1000 deliverableX1000=1000 replaceLatestObservableX1000=902
LogOGRelayProbe: Warning: [Warning][RelayProbe.Write] id=28318 writesPerFrame p50=1 p99=2 max=2 emptyFrames=14 nonConsecutive=0 missedCaptureTicks=0 captures=[12128,12260] discont=0
LogOGNet: Warning: [Warning][InputStats] dropped 0 / 119 remote inputs = 0%
LogOGInputRelay: Warning: [RelayFlush] window owner=OGBrawlerUECharacter_2147482376 flushedRounds=4770 entries=6273 entriesPerRoundX100=131 suppressed=1470 stageOverflowDrops=0
LogOGRelayProbe: Warning: [Warning][RelayProbe.Frame] role=Server simTicks=121 frames=121 meanTicksPerFrameX100=100 p50=1 p99=1 max=2 meanFrameUs=16679
LogOGRelayProbe: Warning: [Warning][RelayProbe.Frame] role=Server cadence dFrame1=119 dFrame0=0 dFrameGt1=1 discont=0 numSteps total=121 max=2 gt1=1
LogOGRelayProbe: Warning: [Warning][RelayProbe.Write] id=28318 runs=120 writes=120 observableWrites=120 captureSpan=120 receivedX1000=1000 observableX1000=1000 deliverableX1000=1000 replaceLatestObservableX1000=1000
LogOGRelayProbe: Warning: [Warning][RelayProbe.Write] id=28318 writesPerFrame p50=1 p99=1 max=1 emptyFrames=0 nonConsecutive=0 missedCaptureTicks=0 captures=[12261,12380] discont=0
LogOGRelayProbe: Warning: [Warning][RelayProbe.Budget] conn=28260 frames=120 elapsedMs=2033 netSpeedBps=250000 allowanceBytesPerTick=4166 outBytes=51648 bytesPerTick=430 occupancyPctX10=103
LogOGRelayProbe: Warning: [Warning][RelayProbe.Budget] conn=28260 queuedBits min=-66666 max=-63790 mean=-65993 notReadyFrames=0 outPackets=122 bytesPerPacket=423 lost=0
LogOGNet: Warning: [Warning][InputStats] dropped 0 / 119 remote inputs = 0%
LogOGInputRelay: Warning: [RelayFlush] window owner=OGBrawlerUECharacter_2147482376 flushedRounds=4888 entries=6393 entriesPerRoundX100=130 suppressed=1472 stageOverflowDrops=0
LogOGRelayProbe: Warning: [Warning][RelayProbe.Frame] role=Server simTicks=121 frames=121 meanTicksPerFrameX100=100 p50=1 p99=1 max=1 meanFrameUs=16599
LogOGRelayProbe: Warning: [Warning][RelayProbe.Frame] role=Server cadence dFrame1=119 dFrame0=0 dFrameGt1=1 discont=0 numSteps total=121 max=2 gt1=1
LogOGRelayProbe: Warning: [Warning][RelayProbe.Budget] conn=28260 frames=120 elapsedMs=1986 netSpeedBps=250000 allowanceBytesPerTick=4166 outBytes=51513 bytesPerTick=429 occupancyPctX10=102
LogOGRelayProbe: Warning: [Warning][RelayProbe.Budget] conn=28260 queuedBits min=-66666 max=-64052 mean=-65862 notReadyFrames=0 outPackets=120 bytesPerPacket=429 lost=0
LogOGNet: Warning: [Warning][InputStats] dropped 0 / 119 remote inputs = 0%
LogOGRelayProbe: Warning: [Warning][RelayProbe.Write] id=28318 runs=120 writes=133 observableWrites=133 captureSpan=133 receivedX1000=1000 observableX1000=1000 deliverableX1000=1000 replaceLatestObservableX1000=902
LogOGRelayProbe: Warning: [Warning][RelayProbe.Write] id=28318 writesPerFrame p50=1 p99=2 max=2 emptyFrames=14 nonConsecutive=0 missedCaptureTicks=0 captures=[12381,12513] discont=0
LogOGInputRelay: Warning: [RelayFlush] window owner=OGBrawlerUECharacter_2147482376 flushedRounds=4980 entries=6512 entriesPerRoundX100=130 suppressed=1500 stageOverflowDrops=0
LogOGRelayProbe: Warning: [Warning][RelayProbe.Frame] role=Server simTicks=129 frames=130 meanTicksPerFrameX100=99 p50=1 p99=2 max=2 meanFrameUs=16598
LogOGRelayProbe: Warning: [Warning][RelayProbe.Frame] role=Server cadence dFrame1=110 dFrame0=0 dFrameGt1=10 discont=0 numSteps total=129 max=2 gt1=9
LogOGNet: Warning: [Warning][InputStats] dropped 0 / 119 remote inputs = 0%
LogOGRelayProbe: Warning: [Warning][RelayProbe.Budget] conn=28260 frames=120 elapsedMs=2162 netSpeedBps=250000 allowanceBytesPerTick=4166 outBytes=52008 bytesPerTick=433 occupancyPctX10=103
LogOGRelayProbe: Warning: [Warning][RelayProbe.Budget] conn=28260 queuedBits min=-66666 max=-63988 mean=-65897 notReadyFrames=0 outPackets=130 bytesPerPacket=400 lost=0
LogOGRelayProbe: Warning: [Warning][RelayProbe.Write] id=28318 runs=120 writes=137 observableWrites=137 captureSpan=137 receivedX1000=1000 observableX1000=1000 deliverableX1000=1000 replaceLatestObservableX1000=875
LogOGRelayProbe: Warning: [Warning][RelayProbe.Write] id=28318 writesPerFrame p50=1 p99=2 max=2 emptyFrames=17 nonConsecutive=0 missedCaptureTicks=0 captures=[12514,12650] discont=0
LogOGInputRelay: Warning: [RelayFlush] window owner=OGBrawlerUECharacter_2147482376 flushedRounds=5090 entries=6632 entriesPerRoundX100=130 suppressed=1510 stageOverflowDrops=0
LogOGRelayProbe: Warning: [Warning][RelayProbe.Frame] role=Server simTicks=120 frames=120 meanTicksPerFrameX100=100 p50=1 p99=1 max=1 meanFrameUs=16541
LogOGRelayProbe: Warning: [Warning][RelayProbe.Frame] role=Server cadence dFrame1=120 dFrame0=0 dFrameGt1=0 discont=0 numSteps total=120 max=1 gt1=0
LogOGNet: Warning: [Warning][InputStats] dropped 0 / 119 remote inputs = 0%
LogOGRelayProbe: Warning: [Warning][RelayProbe.Budget] conn=28260 frames=120 elapsedMs=2001 netSpeedBps=250000 allowanceBytesPerTick=4166 outBytes=51557 bytesPerTick=429 occupancyPctX10=102
LogOGRelayProbe: Warning: [Warning][RelayProbe.Budget] conn=28260 queuedBits min=-66666 max=-64040 mean=-65723 notReadyFrames=0 outPackets=121 bytesPerPacket=426 lost=0
LogOGRelayProbe: Warning: [Warning][RelayProbe.Write] id=28318 runs=120 writes=138 observableWrites=138 captureSpan=138 receivedX1000=1000 observableX1000=1000 deliverableX1000=1000 replaceLatestObservableX1000=869
LogOGRelayProbe: Warning: [Warning][RelayProbe.Write] id=28318 writesPerFrame p50=1 p99=2 max=2 emptyFrames=19 nonConsecutive=0 missedCaptureTicks=0 captures=[12651,12788] discont=0
LogOGInputRelay: Warning: [RelayFlush] window owner=OGBrawlerUECharacter_2147482376 flushedRounds=5189 entries=6750 entriesPerRoundX100=130 suppressed=1531 stageOverflowDrops=0
LogOGRelayProbe: Warning: [Warning][RelayProbe.Frame] role=Server simTicks=120 frames=121 meanTicksPerFrameX100=99 p50=1 p99=1 max=1 meanFrameUs=16575
LogOGRelayProbe: Warning: [Warning][RelayProbe.Frame] role=Server cadence dFrame1=119 dFrame0=0 dFrameGt1=1 discont=0 numSteps total=120 max=1 gt1=0
LogOGNet: Warning: [Warning][InputStats] dropped 0 / 119 remote inputs = 0%
LogOGRelayProbe: Warning: [Warning][RelayProbe.Budget] conn=28260 frames=120 elapsedMs=1989 netSpeedBps=250000 allowanceBytesPerTick=4166 outBytes=51541 bytesPerTick=429 occupancyPctX10=102
LogOGRelayProbe: Warning: [Warning][RelayProbe.Budget] conn=28260 queuedBits min=-66666 max=-63966 mean=-65858 notReadyFrames=0 outPackets=120 bytesPerPacket=429 lost=0
LogOGRelayProbe: Warning: [Warning][RelayProbe.Write] id=28318 runs=120 writes=147 observableWrites=147 captureSpan=147 receivedX1000=1000 observableX1000=1000 deliverableX1000=1000 replaceLatestObservableX1000=816
LogOGRelayProbe: Warning: [Warning][RelayProbe.Write] id=28318 writesPerFrame p50=1 p99=2 max=2 emptyFrames=28 nonConsecutive=0 missedCaptureTicks=0 captures=[12789,12935] discont=0
LogOGInputRelay: Warning: [RelayFlush] window owner=OGBrawlerUECharacter_2147482376 flushedRounds=5292 entries=6870 entriesPerRoundX100=129 suppressed=1548 stageOverflowDrops=0
LogOGRelayProbe: Warning: [Warning][RelayProbe.Frame] role=Server simTicks=121 frames=122 meanTicksPerFrameX100=99 p50=1 p99=1 max=2 meanFrameUs=16581
LogOGRelayProbe: Warning: [Warning][RelayProbe.Frame] role=Server cadence dFrame1=118 dFrame0=0 dFrameGt1=2 discont=0 numSteps total=121 max=2 gt1=1
LogOGNet: Warning: [Warning][InputStats] dropped 0 / 119 remote inputs = 0%
LogOGRelayProbe: Warning: [Warning][RelayProbe.Budget] conn=28260 frames=120 elapsedMs=2025 netSpeedBps=250000 allowanceBytesPerTick=4166 outBytes=51631 bytesPerTick=430 occupancyPctX10=103
LogOGRelayProbe: Warning: [Warning][RelayProbe.Budget] conn=28260 queuedBits min=-66666 max=-63904 mean=-65950 notReadyFrames=0 outPackets=122 bytesPerPacket=423 lost=0
LogOGInputRelay: Warning: [RelayFlush] window owner=OGBrawlerUECharacter_2147482376 flushedRounds=5399 entries=6989 entriesPerRoundX100=129 suppressed=1561 stageOverflowDrops=0
LogOGRelayProbe: Warning: [Warning][RelayProbe.Write] id=28318 runs=120 writes=132 observableWrites=132 captureSpan=132 receivedX1000=1000 observableX1000=1000 deliverableX1000=1000 replaceLatestObservableX1000=909
LogOGRelayProbe: Warning: [Warning][RelayProbe.Write] id=28318 writesPerFrame p50=1 p99=2 max=2 emptyFrames=13 nonConsecutive=0 missedCaptureTicks=0 captures=[12936,13067] discont=0
LogOGRelayProbe: Warning: [Warning][RelayProbe.Frame] role=Server simTicks=120 frames=121 meanTicksPerFrameX100=99 p50=1 p99=1 max=1 meanFrameUs=16552
LogOGRelayProbe: Warning: [Warning][RelayProbe.Frame] role=Server cadence dFrame1=119 dFrame0=0 dFrameGt1=1 discont=0 numSteps total=120 max=1 gt1=0
LogOGNet: Warning: [Warning][InputStats] dropped 0 / 119 remote inputs = 0%
LogOGRelayProbe: Warning: [Warning][RelayProbe.Budget] conn=28260 frames=120 elapsedMs=2018 netSpeedBps=250000 allowanceBytesPerTick=4166 outBytes=51605 bytesPerTick=430 occupancyPctX10=103
LogOGRelayProbe: Warning: [Warning][RelayProbe.Budget] conn=28260 queuedBits min=-66666 max=-63766 mean=-65753 notReadyFrames=0 outPackets=122 bytesPerPacket=422 lost=0
LogOGInputRelay: Warning: [RelayFlush] window owner=OGBrawlerUECharacter_2147482376 flushedRounds=5506 entries=7109 entriesPerRoundX100=129 suppressed=1574 stageOverflowDrops=0
LogOGRelayProbe: Warning: [Warning][RelayProbe.Frame] role=Server simTicks=121 frames=121 meanTicksPerFrameX100=100 p50=1 p99=1 max=1 meanFrameUs=16596
LogOGRelayProbe: Warning: [Warning][RelayProbe.Frame] role=Server cadence dFrame1=119 dFrame0=0 dFrameGt1=1 discont=0 numSteps total=121 max=2 gt1=1
LogOGRelayProbe: Warning: [Warning][RelayProbe.Write] id=28318 runs=120 writes=137 observableWrites=137 captureSpan=137 receivedX1000=1000 observableX1000=1000 deliverableX1000=1000 replaceLatestObservableX1000=875
LogOGRelayProbe: Warning: [Warning][RelayProbe.Write] id=28318 writesPerFrame p50=1 p99=2 max=2 emptyFrames=17 nonConsecutive=0 missedCaptureTicks=0 captures=[13068,13204] discont=0
LogOGNet: Warning: [Warning][InputStats] dropped 0 / 119 remote inputs = 0%
LogOGRelayProbe: Warning: [Warning][RelayProbe.Budget] conn=28260 frames=120 elapsedMs=1994 netSpeedBps=250000 allowanceBytesPerTick=4166 outBytes=51511 bytesPerTick=429 occupancyPctX10=102
LogOGRelayProbe: Warning: [Warning][RelayProbe.Budget] conn=28260 queuedBits min=-66666 max=-63940 mean=-65781 notReadyFrames=0 outPackets=120 bytesPerPacket=429 lost=0
LogOGInputRelay: Warning: [RelayFlush] window owner=OGBrawlerUECharacter_2147482376 flushedRounds=5615 entries=7229 entriesPerRoundX100=128 suppressed=1585 stageOverflowDrops=0
LogOGRelayProbe: Warning: [Warning][RelayProbe.Frame] role=Server simTicks=120 frames=120 meanTicksPerFrameX100=100 p50=1 p99=1 max=1 meanFrameUs=16634
LogOGRelayProbe: Warning: [Warning][RelayProbe.Frame] role=Server cadence dFrame1=120 dFrame0=0 dFrameGt1=0 discont=0 numSteps total=120 max=1 gt1=0
LogOGNet: Warning: [Warning][InputStats] dropped 0 / 119 remote inputs = 0%
LogOGRelayProbe: Warning: [Warning][RelayProbe.Write] id=28318 runs=120 writes=139 observableWrites=139 captureSpan=139 receivedX1000=1000 observableX1000=1000 deliverableX1000=1000 replaceLatestObservableX1000=863
LogOGRelayProbe: Warning: [Warning][RelayProbe.Write] id=28318 writesPerFrame p50=1 p99=2 max=2 emptyFrames=20 nonConsecutive=0 missedCaptureTicks=0 captures=[13205,13343] discont=0
LogOGRelayProbe: Warning: [Warning][RelayProbe.Budget] conn=28260 frames=120 elapsedMs=2005 netSpeedBps=250000 allowanceBytesPerTick=4166 outBytes=51550 bytesPerTick=429 occupancyPctX10=102
LogOGRelayProbe: Warning: [Warning][RelayProbe.Budget] conn=28260 queuedBits min=-66666 max=-63924 mean=-65901 notReadyFrames=0 outPackets=121 bytesPerPacket=426 lost=0
LogOGInputRelay: Warning: [RelayFlush] window owner=OGBrawlerUECharacter_2147482376 flushedRounds=5718 entries=7348 entriesPerRoundX100=128 suppressed=1602 stageOverflowDrops=0
LogOGRelayProbe: Warning: [Warning][RelayProbe.Frame] role=Server simTicks=120 frames=121 meanTicksPerFrameX100=99 p50=1 p99=1 max=1 meanFrameUs=16525
LogOGRelayProbe: Warning: [Warning][RelayProbe.Frame] role=Server cadence dFrame1=119 dFrame0=0 dFrameGt1=1 discont=0 numSteps total=120 max=1 gt1=0
LogOGNet: Warning: [Warning][InputStats] dropped 0 / 119 remote inputs = 0%
LogOGRelayProbe: Warning: [Warning][RelayProbe.Budget] conn=28260 frames=120 elapsedMs=1988 netSpeedBps=250000 allowanceBytesPerTick=4166 outBytes=51509 bytesPerTick=429 occupancyPctX10=102
LogOGRelayProbe: Warning: [Warning][RelayProbe.Budget] conn=28260 queuedBits min=-66666 max=-63866 mean=-65778 notReadyFrames=0 outPackets=120 bytesPerPacket=429 lost=0
LogOGRelayProbe: Warning: [Warning][RelayProbe.Write] id=28318 runs=120 writes=144 observableWrites=144 captureSpan=144 receivedX1000=1000 observableX1000=1000 deliverableX1000=1000 replaceLatestObservableX1000=833
LogOGRelayProbe: Warning: [Warning][RelayProbe.Write] id=28318 writesPerFrame p50=1 p99=2 max=2 emptyFrames=25 nonConsecutive=0 missedCaptureTicks=0 captures=[13344,13487] discont=0
LogOGInputRelay: Warning: [RelayFlush] window owner=OGBrawlerUECharacter_2147482376 flushedRounds=5802 entries=7467 entriesPerRoundX100=128 suppressed=1638 stageOverflowDrops=0
LogOGRelayProbe: Warning: [Warning][RelayProbe.Frame] role=Server simTicks=120 frames=120 meanTicksPerFrameX100=100 p50=1 p99=1 max=1 meanFrameUs=16674
LogOGRelayProbe: Warning: [Warning][RelayProbe.Frame] role=Server cadence dFrame1=120 dFrame0=0 dFrameGt1=0 discont=0 numSteps total=120 max=1 gt1=0
LogOGNet: Warning: [Warning][InputStats] dropped 0 / 119 remote inputs = 0%
LogOGRelayProbe: Warning: [Warning][RelayProbe.Budget] conn=28260 frames=120 elapsedMs=2010 netSpeedBps=250000 allowanceBytesPerTick=4166 outBytes=51578 bytesPerTick=429 occupancyPctX10=102
LogOGRelayProbe: Warning: [Warning][RelayProbe.Budget] conn=28260 queuedBits min=-66666 max=-63002 mean=-65836 notReadyFrames=0 outPackets=121 bytesPerPacket=426 lost=0
LogOGRelayProbe: Warning: [Warning][RelayProbe.Write] id=28318 runs=120 writes=151 observableWrites=151 captureSpan=151 receivedX1000=1000 observableX1000=1000 deliverableX1000=1000 replaceLatestObservableX1000=794
LogOGRelayProbe: Warning: [Warning][RelayProbe.Write] id=28318 writesPerFrame p50=1 p99=2 max=2 emptyFrames=31 nonConsecutive=0 missedCaptureTicks=0 captures=[13488,13638] discont=0
LogOGInputRelay: Warning: [RelayFlush] window owner=OGBrawlerUECharacter_2147482376 flushedRounds=5906 entries=7587 entriesPerRoundX100=128 suppressed=1654 stageOverflowDrops=0
LogOGRelayProbe: Warning: [Warning][RelayProbe.Frame] role=Server simTicks=121 frames=122 meanTicksPerFrameX100=99 p50=1 p99=1 max=2 meanFrameUs=16582
LogOGRelayProbe: Warning: [Warning][RelayProbe.Frame] role=Server cadence dFrame1=118 dFrame0=0 dFrameGt1=2 discont=0 numSteps total=121 max=2 gt1=1
LogOGNet: Warning: [Warning][InputStats] dropped 0 / 119 remote inputs = 0%
LogOGRelayProbe: Warning: [Warning][RelayProbe.Budget] conn=28260 frames=120 elapsedMs=2008 netSpeedBps=250000 allowanceBytesPerTick=4166 outBytes=51578 bytesPerTick=429 occupancyPctX10=102
LogOGRelayProbe: Warning: [Warning][RelayProbe.Budget] conn=28260 queuedBits min=-66666 max=-63506 mean=-65893 notReadyFrames=0 outPackets=121 bytesPerPacket=426 lost=0
LogOGRelayProbe: Warning: [Warning][RelayProbe.Write] id=28318 runs=120 writes=128 observableWrites=128 captureSpan=128 receivedX1000=1000 observableX1000=1000 deliverableX1000=1000 replaceLatestObservableX1000=937
LogOGRelayProbe: Warning: [Warning][RelayProbe.Write] id=28318 writesPerFrame p50=1 p99=2 max=2 emptyFrames=8 nonConsecutive=0 missedCaptureTicks=0 captures=[13639,13766] discont=0
LogOGInputRelay: Warning: [RelayFlush] window owner=OGBrawlerUECharacter_2147482376 flushedRounds=6018 entries=7707 entriesPerRoundX100=128 suppressed=1662 stageOverflowDrops=0
LogOGRelayProbe: Warning: [Warning][RelayProbe.Frame] role=Server simTicks=120 frames=120 meanTicksPerFrameX100=100 p50=1 p99=1 max=1 meanFrameUs=16678
LogOGRelayProbe: Warning: [Warning][RelayProbe.Frame] role=Server cadence dFrame1=120 dFrame0=0 dFrameGt1=0 discont=0 numSteps total=120 max=1 gt1=0
LogOGNet: Warning: [Warning][InputStats] dropped 0 / 119 remote inputs = 0%
LogOGRelayProbe: Warning: [Warning][RelayProbe.Budget] conn=28260 frames=120 elapsedMs=1999 netSpeedBps=250000 allowanceBytesPerTick=4166 outBytes=51525 bytesPerTick=429 occupancyPctX10=102
LogOGRelayProbe: Warning: [Warning][RelayProbe.Budget] conn=28260 queuedBits min=-66666 max=-63628 mean=-65930 notReadyFrames=0 outPackets=120 bytesPerPacket=429 lost=0
LogOGRelayProbe: Warning: [Warning][RelayProbe.Write] id=28318 runs=120 writes=132 observableWrites=132 captureSpan=132 receivedX1000=1000 observableX1000=1000 deliverableX1000=1000 replaceLatestObservableX1000=909
LogOGRelayProbe: Warning: [Warning][RelayProbe.Write] id=28318 writesPerFrame p50=1 p99=2 max=2 emptyFrames=13 nonConsecutive=0 missedCaptureTicks=0 captures=[13767,13898] discont=0
LogOGInputRelay: Warning: [RelayFlush] window owner=OGBrawlerUECharacter_2147482376 flushedRounds=6125 entries=7826 entriesPerRoundX100=127 suppressed=1675 stageOverflowDrops=0
LogOGRelayProbe: Warning: [Warning][RelayProbe.Frame] role=Server simTicks=120 frames=121 meanTicksPerFrameX100=99 p50=1 p99=1 max=1 meanFrameUs=16503
LogOGRelayProbe: Warning: [Warning][RelayProbe.Frame] role=Server cadence dFrame1=119 dFrame0=0 dFrameGt1=1 discont=0 numSteps total=120 max=1 gt1=0
LogOGNet: Warning: [Warning][InputStats] dropped 0 / 119 remote inputs = 0%
LogOGRelayProbe: Warning: [Warning][RelayProbe.Budget] conn=28260 frames=120 elapsedMs=1997 netSpeedBps=250000 allowanceBytesPerTick=4166 outBytes=51552 bytesPerTick=429 occupancyPctX10=102
LogOGRelayProbe: Warning: [Warning][RelayProbe.Budget] conn=28260 queuedBits min=-66666 max=-63664 mean=-65634 notReadyFrames=0 outPackets=121 bytesPerPacket=426 lost=0
LogOGInputRelay: Warning: [RelayFlush] window owner=OGBrawlerUECharacter_2147482376 flushedRounds=6225 entries=7945 entriesPerRoundX100=127 suppressed=1695 stageOverflowDrops=0
LogOGRelayProbe: Warning: [Warning][RelayProbe.Write] id=28318 runs=120 writes=139 observableWrites=139 captureSpan=139 receivedX1000=1000 observableX1000=1000 deliverableX1000=1000 replaceLatestObservableX1000=863
LogOGRelayProbe: Warning: [Warning][RelayProbe.Write] id=28318 writesPerFrame p50=1 p99=2 max=2 emptyFrames=21 nonConsecutive=0 missedCaptureTicks=0 captures=[13899,14037] discont=0
LogOGRelayProbe: Warning: [Warning][RelayProbe.Frame] role=Server simTicks=120 frames=121 meanTicksPerFrameX100=99 p50=1 p99=1 max=1 meanFrameUs=16537
LogOGRelayProbe: Warning: [Warning][RelayProbe.Frame] role=Server cadence dFrame1=119 dFrame0=0 dFrameGt1=1 discont=0 numSteps total=120 max=1 gt1=0
LogOGNet: Warning: [Warning][InputStats] dropped 0 / 119 remote inputs = 0%
LogOGRelayProbe: Warning: [Warning][RelayProbe.Budget] conn=28260 frames=120 elapsedMs=2003 netSpeedBps=250000 allowanceBytesPerTick=4166 outBytes=51570 bytesPerTick=429 occupancyPctX10=102
LogOGRelayProbe: Warning: [Warning][RelayProbe.Budget] conn=28260 queuedBits min=-66666 max=-64018 mean=-65813 notReadyFrames=0 outPackets=121 bytesPerPacket=426 lost=0
LogOGInputRelay: Warning: [RelayFlush] window owner=OGBrawlerUECharacter_2147482376 flushedRounds=6333 entries=8064 entriesPerRoundX100=127 suppressed=1707 stageOverflowDrops=0
LogOGRelayProbe: Warning: [Warning][RelayProbe.Frame] role=Server simTicks=120 frames=120 meanTicksPerFrameX100=100 p50=1 p99=1 max=1 meanFrameUs=16594
LogOGRelayProbe: Warning: [Warning][RelayProbe.Frame] role=Server cadence dFrame1=120 dFrame0=0 dFrameGt1=0 discont=0 numSteps total=120 max=1 gt1=0
LogOGNet: Warning: [Warning][InputStats] dropped 0 / 119 remote inputs = 0%
LogOGRelayProbe: Warning: [Warning][RelayProbe.Write] id=28318 runs=120 writes=140 observableWrites=140 captureSpan=140 receivedX1000=1000 observableX1000=1000 deliverableX1000=1000 replaceLatestObservableX1000=857
LogOGRelayProbe: Warning: [Warning][RelayProbe.Write] id=28318 writesPerFrame p50=1 p99=2 max=2 emptyFrames=20 nonConsecutive=0 missedCaptureTicks=0 captures=[14038,14177] discont=0
LogOGRelayProbe: Warning: [Warning][RelayProbe.Budget] conn=28260 frames=120 elapsedMs=2002 netSpeedBps=250000 allowanceBytesPerTick=4166 outBytes=51552 bytesPerTick=429 occupancyPctX10=102
LogOGRelayProbe: Warning: [Warning][RelayProbe.Budget] conn=28260 queuedBits min=-66666 max=-64026 mean=-65789 notReadyFrames=0 outPackets=121 bytesPerPacket=426 lost=0
LogOGInputRelay: Warning: [RelayFlush] window owner=OGBrawlerUECharacter_2147482376 flushedRounds=6439 entries=8184 entriesPerRoundX100=127 suppressed=1721 stageOverflowDrops=0
LogOGRelayProbe: Warning: [Warning][RelayProbe.Frame] role=Server simTicks=120 frames=121 meanTicksPerFrameX100=99 p50=1 p99=1 max=1 meanFrameUs=16632
LogOGRelayProbe: Warning: [Warning][RelayProbe.Frame] role=Server cadence dFrame1=119 dFrame0=0 dFrameGt1=1 discont=0 numSteps total=120 max=1 gt1=0
LogOGNet: Warning: [Warning][InputStats] dropped 0 / 119 remote inputs = 0%
LogOGRelayProbe: Warning: [Warning][RelayProbe.Write] id=28318 runs=120 writes=125 observableWrites=125 captureSpan=125 receivedX1000=1000 observableX1000=1000 deliverableX1000=1000 replaceLatestObservableX1000=960
LogOGRelayProbe: Warning: [Warning][RelayProbe.Write] id=28318 writesPerFrame p50=1 p99=2 max=2 emptyFrames=5 nonConsecutive=0 missedCaptureTicks=0 captures=[14178,14302] discont=0
LogOGRelayProbe: Warning: [Warning][RelayProbe.Budget] conn=28260 frames=120 elapsedMs=1997 netSpeedBps=250000 allowanceBytesPerTick=4166 outBytes=51522 bytesPerTick=429 occupancyPctX10=102
LogOGRelayProbe: Warning: [Warning][RelayProbe.Budget] conn=28260 queuedBits min=-66666 max=-64074 mean=-65965 notReadyFrames=0 outPackets=120 bytesPerPacket=429 lost=0
LogOGInputRelay: Warning: [RelayFlush] window owner=OGBrawlerUECharacter_2147482376 flushedRounds=6553 entries=8304 entriesPerRoundX100=126 suppressed=1727 stageOverflowDrops=0
LogOGRelayProbe: Warning: [Warning][RelayProbe.Frame] role=Server simTicks=120 frames=120 meanTicksPerFrameX100=100 p50=1 p99=1 max=1 meanFrameUs=16590
LogOGRelayProbe: Warning: [Warning][RelayProbe.Frame] role=Server cadence dFrame1=120 dFrame0=0 dFrameGt1=0 discont=0 numSteps total=120 max=1 gt1=0
LogOGNet: Warning: [Warning][InputStats] dropped 0 / 119 remote inputs = 0%
LogOGRelayProbe: Warning: [Warning][RelayProbe.Budget] conn=28260 frames=120 elapsedMs=1992 netSpeedBps=250000 allowanceBytesPerTick=4166 outBytes=51529 bytesPerTick=429 occupancyPctX10=102
LogOGRelayProbe: Warning: [Warning][RelayProbe.Budget] conn=28260 queuedBits min=-66666 max=-64030 mean=-65898 notReadyFrames=0 outPackets=120 bytesPerPacket=429 lost=0
LogOGRelayProbe: Warning: [Warning][RelayProbe.Write] id=28318 runs=120 writes=142 observableWrites=142 captureSpan=142 receivedX1000=1000 observableX1000=1000 deliverableX1000=1000 replaceLatestObservableX1000=845
LogOGRelayProbe: Warning: [Warning][RelayProbe.Write] id=28318 writesPerFrame p50=1 p99=2 max=2 emptyFrames=23 nonConsecutive=0 missedCaptureTicks=0 captures=[14303,14444] discont=0
LogOGInputRelay: Warning: [RelayFlush] window owner=OGBrawlerUECharacter_2147482376 flushedRounds=6656 entries=8423 entriesPerRoundX100=126 suppressed=1744 stageOverflowDrops=0
LogOGRelayProbe: Warning: [Warning][RelayProbe.Frame] role=Server simTicks=120 frames=121 meanTicksPerFrameX100=99 p50=1 p99=1 max=1 meanFrameUs=16608
LogOGRelayProbe: Warning: [Warning][RelayProbe.Frame] role=Server cadence dFrame1=119 dFrame0=0 dFrameGt1=1 discont=0 numSteps total=120 max=1 gt1=0
LogOGNet: Warning: [Warning][InputStats] dropped 0 / 119 remote inputs = 0%
LogOGRelayProbe: Warning: [Warning][RelayProbe.Budget] conn=28260 frames=120 elapsedMs=2010 netSpeedBps=250000 allowanceBytesPerTick=4166 outBytes=51553 bytesPerTick=429 occupancyPctX10=102
LogOGRelayProbe: Warning: [Warning][RelayProbe.Budget] conn=28260 queuedBits min=-66666 max=-64050 mean=-65967 notReadyFrames=0 outPackets=121 bytesPerPacket=426 lost=0
LogOGRelayProbe: Warning: [Warning][RelayProbe.Write] id=28318 runs=120 writes=121 observableWrites=121 captureSpan=121 receivedX1000=1000 observableX1000=1000 deliverableX1000=1000 replaceLatestObservableX1000=991
LogOGRelayProbe: Warning: [Warning][RelayProbe.Write] id=28318 writesPerFrame p50=1 p99=1 max=2 emptyFrames=2 nonConsecutive=0 missedCaptureTicks=0 captures=[14445,14565] discont=0
LogOGInputRelay: Warning: [RelayFlush] window owner=OGBrawlerUECharacter_2147482376 flushedRounds=6758 entries=8542 entriesPerRoundX100=126 suppressed=1762 stageOverflowDrops=0
LogOGNet: Warning: [Warning][InputStats] dropped 0 / 119 remote inputs = 0%
LogOGRelayProbe: Warning: [Warning][RelayProbe.Frame] role=Server simTicks=122 frames=123 meanTicksPerFrameX100=99 p50=1 p99=1 max=2 meanFrameUs=16560
LogOGRelayProbe: Warning: [Warning][RelayProbe.Frame] role=Server cadence dFrame1=117 dFrame0=0 dFrameGt1=3 discont=0 numSteps total=123 max=2 gt1=3
LogOGRelayProbe: Warning: [Warning][RelayProbe.Budget] conn=28260 frames=120 elapsedMs=2070 netSpeedBps=250000 allowanceBytesPerTick=4166 outBytes=51781 bytesPerTick=431 occupancyPctX10=103
LogOGRelayProbe: Warning: [Warning][RelayProbe.Budget] conn=28260 queuedBits min=-66666 max=-63828 mean=-65769 notReadyFrames=0 outPackets=125 bytesPerPacket=414 lost=0
LogOGRelayProbe: Warning: [Warning][RelayProbe.Write] id=28318 runs=120 writes=142 observableWrites=142 captureSpan=142 receivedX1000=1000 observableX1000=1000 deliverableX1000=1000 replaceLatestObservableX1000=845
LogOGRelayProbe: Warning: [Warning][RelayProbe.Write] id=28318 writesPerFrame p50=1 p99=2 max=2 emptyFrames=22 nonConsecutive=0 missedCaptureTicks=0 captures=[14566,14707] discont=0
LogOGInputRelay: Warning: [RelayFlush] window owner=OGBrawlerUECharacter_2147482376 flushedRounds=6872 entries=8662 entriesPerRoundX100=126 suppressed=1768 stageOverflowDrops=0
LogOGNet: Warning: [Warning][InputStats] dropped 0 / 119 remote inputs = 0%
LogOGRelayProbe: Warning: [Warning][RelayProbe.Frame] role=Server simTicks=122 frames=122 meanTicksPerFrameX100=100 p50=1 p99=1 max=2 meanFrameUs=16621
LogOGRelayProbe: Warning: [Warning][RelayProbe.Frame] role=Server cadence dFrame1=118 dFrame0=0 dFrameGt1=2 discont=0 numSteps total=121 max=2 gt1=1
LogOGRelayProbe: Warning: [Warning][RelayProbe.Budget] conn=28260 frames=120 elapsedMs=1995 netSpeedBps=250000 allowanceBytesPerTick=4166 outBytes=51514 bytesPerTick=429 occupancyPctX10=102
LogOGRelayProbe: Warning: [Warning][RelayProbe.Budget] conn=28260 queuedBits min=-66666 max=-63630 mean=-65929 notReadyFrames=0 outPackets=120 bytesPerPacket=429 lost=0
LogOGRelayProbe: Warning: [Warning][RelayProbe.Write] id=28318 runs=120 writes=123 observableWrites=123 captureSpan=123 receivedX1000=1000 observableX1000=1000 deliverableX1000=1000 replaceLatestObservableX1000=975
LogOGRelayProbe: Warning: [Warning][RelayProbe.Write] id=28318 writesPerFrame p50=1 p99=2 max=2 emptyFrames=3 nonConsecutive=0 missedCaptureTicks=0 captures=[14708,14830] discont=0
LogOGInputRelay: Warning: [RelayFlush] window owner=OGBrawlerUECharacter_2147482376 flushedRounds=6985 entries=8781 entriesPerRoundX100=125 suppressed=1775 stageOverflowDrops=0
LogOGNet: Warning: [Warning][InputStats] dropped 0 / 119 remote inputs = 0%
LogOGRelayProbe: Warning: [Warning][RelayProbe.Frame] role=Server simTicks=121 frames=122 meanTicksPerFrameX100=99 p50=1 p99=1 max=2 meanFrameUs=16572
LogOGRelayProbe: Warning: [Warning][RelayProbe.Frame] role=Server cadence dFrame1=118 dFrame0=0 dFrameGt1=2 discont=0 numSteps total=121 max=2 gt1=1
LogOGRelayProbe: Warning: [Warning][RelayProbe.Budget] conn=28260 frames=120 elapsedMs=2035 netSpeedBps=250000 allowanceBytesPerTick=4166 outBytes=51658 bytesPerTick=430 occupancyPctX10=103
LogOGRelayProbe: Warning: [Warning][RelayProbe.Budget] conn=28260 queuedBits min=-66666 max=-63242 mean=-65726 notReadyFrames=0 outPackets=123 bytesPerPacket=419 lost=0
LogOGRelayProbe: Warning: [Warning][RelayProbe.Write] id=28318 runs=120 writes=144 observableWrites=144 captureSpan=144 receivedX1000=1000 observableX1000=1000 deliverableX1000=1000 replaceLatestObservableX1000=833
LogOGRelayProbe: Warning: [Warning][RelayProbe.Write] id=28318 writesPerFrame p50=1 p99=2 max=2 emptyFrames=25 nonConsecutive=0 missedCaptureTicks=0 captures=[14831,14974] discont=0
LogOGInputRelay: Warning: [RelayFlush] window owner=OGBrawlerUECharacter_2147482376 flushedRounds=7083 entries=8901 entriesPerRoundX100=125 suppressed=1797 stageOverflowDrops=0
LogOGNet: Warning: [Warning][InputStats] dropped 0 / 119 remote inputs = 0%
LogOGRelayProbe: Warning: [Warning][RelayProbe.Frame] role=Server simTicks=121 frames=121 meanTicksPerFrameX100=100 p50=1 p99=1 max=2 meanFrameUs=16536
LogOGRelayProbe: Warning: [Warning][RelayProbe.Frame] role=Server cadence dFrame1=119 dFrame0=0 dFrameGt1=1 discont=0 numSteps total=121 max=2 gt1=1
LogOGRelayProbe: Warning: [Warning][RelayProbe.Budget] conn=28260 frames=120 elapsedMs=2018 netSpeedBps=250000 allowanceBytesPerTick=4166 outBytes=51589 bytesPerTick=429 occupancyPctX10=102
LogOGRelayProbe: Warning: [Warning][RelayProbe.Budget] conn=28260 queuedBits min=-66666 max=-63764 mean=-65682 notReadyFrames=0 outPackets=122 bytesPerPacket=422 lost=0
LogOGInputRelay: Warning: [RelayFlush] window owner=OGBrawlerUECharacter_2147482376 flushedRounds=7184 entries=9020 entriesPerRoundX100=125 suppressed=1816 stageOverflowDrops=0
LogOGRelayProbe: Warning: [Warning][RelayProbe.Write] id=28318 runs=120 writes=139 observableWrites=139 captureSpan=139 receivedX1000=1000 observableX1000=1000 deliverableX1000=1000 replaceLatestObservableX1000=863
LogOGRelayProbe: Warning: [Warning][RelayProbe.Write] id=28318 writesPerFrame p50=1 p99=2 max=2 emptyFrames=20 nonConsecutive=0 missedCaptureTicks=0 captures=[14975,15113] discont=0
LogOGNet: Warning: [Warning][InputStats] dropped 0 / 119 remote inputs = 0%
LogOGRelayProbe: Warning: [Warning][RelayProbe.Frame] role=Server simTicks=122 frames=123 meanTicksPerFrameX100=99 p50=1 p99=2 max=2 meanFrameUs=16608
LogOGRelayProbe: Warning: [Warning][RelayProbe.Frame] role=Server cadence dFrame1=117 dFrame0=0 dFrameGt1=3 discont=0 numSteps total=122 max=2 gt1=2
LogOGRelayProbe: Warning: [Warning][RelayProbe.Budget] conn=28260 frames=120 elapsedMs=2012 netSpeedBps=250000 allowanceBytesPerTick=4166 outBytes=51582 bytesPerTick=429 occupancyPctX10=102
LogOGRelayProbe: Warning: [Warning][RelayProbe.Budget] conn=28260 queuedBits min=-66666 max=-63662 mean=-65968 notReadyFrames=0 outPackets=121 bytesPerPacket=426 lost=0
LogOGInputRelay: Warning: [RelayFlush] window owner=OGBrawlerUECharacter_2147482376 flushedRounds=7294 entries=9140 entriesPerRoundX100=125 suppressed=1826 stageOverflowDrops=0
LogOGNet: Warning: [Warning][InputStats] dropped 0 / 119 remote inputs = 0%
LogOGRelayProbe: Warning: [Warning][RelayProbe.Write] id=28318 runs=120 writes=138 observableWrites=138 captureSpan=138 receivedX1000=1000 observableX1000=1000 deliverableX1000=1000 replaceLatestObservableX1000=869
LogOGRelayProbe: Warning: [Warning][RelayProbe.Write] id=28318 writesPerFrame p50=1 p99=2 max=2 emptyFrames=19 nonConsecutive=0 missedCaptureTicks=0 captures=[15114,15251] discont=0
LogOGRelayProbe: Warning: [Warning][RelayProbe.Frame] role=Server simTicks=121 frames=122 meanTicksPerFrameX100=99 p50=1 p99=1 max=1 meanFrameUs=16581
LogOGRelayProbe: Warning: [Warning][RelayProbe.Frame] role=Server cadence dFrame1=118 dFrame0=0 dFrameGt1=2 discont=0 numSteps total=121 max=2 gt1=1
LogOGRelayProbe: Warning: [Warning][RelayProbe.Budget] conn=28260 frames=120 elapsedMs=2018 netSpeedBps=250000 allowanceBytesPerTick=4166 outBytes=51599 bytesPerTick=429 occupancyPctX10=102
LogOGRelayProbe: Warning: [Warning][RelayProbe.Budget] conn=28260 queuedBits min=-66666 max=-63580 mean=-65823 notReadyFrames=0 outPackets=122 bytesPerPacket=422 lost=0
LogOGInputRelay: Warning: [RelayFlush] window owner=OGBrawlerUECharacter_2147482376 flushedRounds=7402 entries=9259 entriesPerRoundX100=125 suppressed=1838 stageOverflowDrops=0
LogOGNet: Warning: [Warning][InputStats] dropped 0 / 119 remote inputs = 0%
LogOGRelayProbe: Warning: [Warning][RelayProbe.Frame] role=Server simTicks=120 frames=120 meanTicksPerFrameX100=100 p50=1 p99=1 max=1 meanFrameUs=16582
LogOGRelayProbe: Warning: [Warning][RelayProbe.Frame] role=Server cadence dFrame1=120 dFrame0=0 dFrameGt1=0 discont=0 numSteps total=120 max=1 gt1=0
LogOGRelayProbe: Warning: [Warning][RelayProbe.Write] id=28318 runs=120 writes=128 observableWrites=128 captureSpan=128 receivedX1000=1000 observableX1000=1000 deliverableX1000=1000 replaceLatestObservableX1000=937
LogOGRelayProbe: Warning: [Warning][RelayProbe.Write] id=28318 writesPerFrame p50=1 p99=2 max=2 emptyFrames=8 nonConsecutive=0 missedCaptureTicks=0 captures=[15252,15379] discont=0
LogOGRelayProbe: Warning: [Warning][RelayProbe.Budget] conn=28260 frames=120 elapsedMs=1988 netSpeedBps=250000 allowanceBytesPerTick=4166 outBytes=51524 bytesPerTick=429 occupancyPctX10=102
LogOGRelayProbe: Warning: [Warning][RelayProbe.Budget] conn=28260 queuedBits min=-66666 max=-63758 mean=-65824 notReadyFrames=0 outPackets=120 bytesPerPacket=429 lost=0
LogOGInputRelay: Warning: [RelayFlush] window owner=OGBrawlerUECharacter_2147482376 flushedRounds=7497 entries=9378 entriesPerRoundX100=125 suppressed=1863 stageOverflowDrops=0
LogOGNet: Warning: [Warning][InputStats] dropped 0 / 119 remote inputs = 0%
LogOGRelayProbe: Warning: [Warning][RelayProbe.Frame] role=Server simTicks=121 frames=122 meanTicksPerFrameX100=99 p50=1 p99=1 max=2 meanFrameUs=16550
LogOGRelayProbe: Warning: [Warning][RelayProbe.Frame] role=Server cadence dFrame1=118 dFrame0=0 dFrameGt1=2 discont=0 numSteps total=121 max=2 gt1=1
LogOGRelayProbe: Warning: [Warning][RelayProbe.Budget] conn=28260 frames=120 elapsedMs=2018 netSpeedBps=250000 allowanceBytesPerTick=4166 outBytes=51612 bytesPerTick=430 occupancyPctX10=103
LogOGRelayProbe: Warning: [Warning][RelayProbe.Budget] conn=28260 queuedBits min=-66666 max=-64028 mean=-65668 notReadyFrames=0 outPackets=122 bytesPerPacket=423 lost=0
LogOGRelayProbe: Warning: [Warning][RelayProbe.Write] id=28318 runs=120 writes=150 observableWrites=150 captureSpan=150 receivedX1000=1000 observableX1000=1000 deliverableX1000=1000 replaceLatestObservableX1000=800
LogOGRelayProbe: Warning: [Warning][RelayProbe.Write] id=28318 writesPerFrame p50=1 p99=2 max=2 emptyFrames=31 nonConsecutive=0 missedCaptureTicks=0 captures=[15380,15529] discont=0
LogOGInputRelay: Warning: [RelayFlush] window owner=OGBrawlerUECharacter_2147482376 flushedRounds=7595 entries=9497 entriesPerRoundX100=125 suppressed=1885 stageOverflowDrops=0
LogOGNet: Warning: [Warning][InputStats] dropped 0 / 119 remote inputs = 0%
LogOGRelayProbe: Warning: [Warning][RelayProbe.Frame] role=Server simTicks=121 frames=122 meanTicksPerFrameX100=99 p50=1 p99=1 max=2 meanFrameUs=16579
LogOGRelayProbe: Warning: [Warning][RelayProbe.Frame] role=Server cadence dFrame1=118 dFrame0=0 dFrameGt1=2 discont=0 numSteps total=121 max=2 gt1=1
LogOGRelayProbe: Warning: [Warning][RelayProbe.Budget] conn=28260 frames=120 elapsedMs=2028 netSpeedBps=250000 allowanceBytesPerTick=4166 outBytes=51618 bytesPerTick=430 occupancyPctX10=103
LogOGRelayProbe: Warning: [Warning][RelayProbe.Budget] conn=28260 queuedBits min=-66666 max=-63680 mean=-65939 notReadyFrames=0 outPackets=122 bytesPerPacket=423 lost=0
LogOGRelayProbe: Warning: [Warning][RelayProbe.Write] id=28318 runs=120 writes=130 observableWrites=130 captureSpan=130 receivedX1000=1000 observableX1000=1000 deliverableX1000=1000 replaceLatestObservableX1000=923
LogOGRelayProbe: Warning: [Warning][RelayProbe.Write] id=28318 writesPerFrame p50=1 p99=2 max=2 emptyFrames=11 nonConsecutive=0 missedCaptureTicks=0 captures=[15530,15659] discont=0
LogOGInputRelay: Warning: [RelayFlush] window owner=OGBrawlerUECharacter_2147482376 flushedRounds=7711 entries=9617 entriesPerRoundX100=124 suppressed=1889 stageOverflowDrops=0
LogOGNet: Warning: [Warning][InputStats] dropped 0 / 119 remote inputs = 0%
LogOGRelayProbe: Warning: [Warning][RelayProbe.Frame] role=Server simTicks=123 frames=123 meanTicksPerFrameX100=100 p50=1 p99=2 max=2 meanFrameUs=16678
LogOGRelayProbe: Warning: [Warning][RelayProbe.Frame] role=Server cadence dFrame1=117 dFrame0=0 dFrameGt1=3 discont=0 numSteps total=123 max=2 gt1=3
LogOGRelayProbe: Warning: [Warning][RelayProbe.Budget] conn=28260 frames=120 elapsedMs=2065 netSpeedBps=250000 allowanceBytesPerTick=4166 outBytes=51734 bytesPerTick=431 occupancyPctX10=103
LogOGRelayProbe: Warning: [Warning][RelayProbe.Budget] conn=28260 queuedBits min=-66666 max=-64030 mean=-66039 notReadyFrames=0 outPackets=124 bytesPerPacket=417 lost=0
LogOGRelayProbe: Warning: [Warning][RelayProbe.Write] id=28318 runs=120 writes=131 observableWrites=131 captureSpan=131 receivedX1000=1000 observableX1000=1000 deliverableX1000=1000 replaceLatestObservableX1000=916
LogOGRelayProbe: Warning: [Warning][RelayProbe.Write] id=28318 writesPerFrame p50=1 p99=2 max=2 emptyFrames=11 nonConsecutive=0 missedCaptureTicks=0 captures=[15660,15790] discont=0
LogOGInputRelay: Warning: [RelayFlush] window owner=OGBrawlerUECharacter_2147482376 flushedRounds=7824 entries=9737 entriesPerRoundX100=124 suppressed=1896 stageOverflowDrops=0
LogOGNet: Warning: [Warning][InputStats] dropped 0 / 119 remote inputs = 0%
LogOGRelayProbe: Warning: [Warning][RelayProbe.Frame] role=Server simTicks=127 frames=127 meanTicksPerFrameX100=100 p50=1 p99=2 max=2 meanFrameUs=16625
LogOGRelayProbe: Warning: [Warning][RelayProbe.Frame] role=Server cadence dFrame1=113 dFrame0=0 dFrameGt1=7 discont=0 numSteps total=127 max=2 gt1=7
LogOGRelayProbe: Warning: [Warning][RelayProbe.Budget] conn=28260 frames=120 elapsedMs=2088 netSpeedBps=250000 allowanceBytesPerTick=4166 outBytes=51802 bytesPerTick=431 occupancyPctX10=103
LogOGRelayProbe: Warning: [Warning][RelayProbe.Budget] conn=28260 queuedBits min=-66666 max=-63486 mean=-65815 notReadyFrames=0 outPackets=126 bytesPerPacket=411 lost=0
LogOGRelayProbe: Warning: [Warning][RelayProbe.Write] id=28318 runs=120 writes=141 observableWrites=141 captureSpan=141 receivedX1000=1000 observableX1000=1000 deliverableX1000=1000 replaceLatestObservableX1000=851
LogOGRelayProbe: Warning: [Warning][RelayProbe.Write] id=28318 writesPerFrame p50=1 p99=2 max=2 emptyFrames=22 nonConsecutive=0 missedCaptureTicks=0 captures=[15791,15931] discont=0
LogOGInputRelay: Warning: [RelayFlush] window owner=OGBrawlerUECharacter_2147482376 flushedRounds=7922 entries=9857 entriesPerRoundX100=124 suppressed=1918 stageOverflowDrops=0
LogOGNet: Warning: [Warning][InputStats] dropped 0 / 119 remote inputs = 0%
LogOGRelayProbe: Warning: [Warning][RelayProbe.Frame] role=Server simTicks=121 frames=121 meanTicksPerFrameX100=100 p50=1 p99=1 max=2 meanFrameUs=16586
LogOGRelayProbe: Warning: [Warning][RelayProbe.Frame] role=Server cadence dFrame1=119 dFrame0=0 dFrameGt1=1 discont=0 numSteps total=121 max=2 gt1=1
LogOGRelayProbe: Warning: [Warning][RelayProbe.Budget] conn=28260 frames=120 elapsedMs=2028 netSpeedBps=250000 allowanceBytesPerTick=4166 outBytes=51607 bytesPerTick=430 occupancyPctX10=103
LogOGRelayProbe: Warning: [Warning][RelayProbe.Budget] conn=28260 queuedBits min=-66666 max=-64048 mean=-65970 notReadyFrames=0 outPackets=122 bytesPerPacket=423 lost=0
LogOGInputRelay: Warning: [RelayFlush] window owner=OGBrawlerUECharacter_2147482376 flushedRounds=8011 entries=9977 entriesPerRoundX100=124 suppressed=1949 stageOverflowDrops=0
LogOGNet: Warning: [Warning][InputStats] dropped 0 / 119 remote inputs = 0%
LogOGRelayProbe: Warning: [Warning][RelayProbe.Write] id=28318 runs=120 writes=157 observableWrites=157 captureSpan=157 receivedX1000=1000 observableX1000=1000 deliverableX1000=1000 replaceLatestObservableX1000=764
LogOGRelayProbe: Warning: [Warning][RelayProbe.Write] id=28318 writesPerFrame p50=1 p99=2 max=2 emptyFrames=37 nonConsecutive=0 missedCaptureTicks=0 captures=[15932,16088] discont=0
LogOGRelayProbe: Warning: [Warning][RelayProbe.Frame] role=Server simTicks=122 frames=123 meanTicksPerFrameX100=99 p50=1 p99=2 max=2 meanFrameUs=16629
LogOGRelayProbe: Warning: [Warning][RelayProbe.Frame] role=Server cadence dFrame1=117 dFrame0=0 dFrameGt1=3 discont=0 numSteps total=122 max=2 gt1=2
LogOGRelayProbe: Warning: [Warning][RelayProbe.Budget] conn=28260 frames=120 elapsedMs=2024 netSpeedBps=250000 allowanceBytesPerTick=4166 outBytes=51598 bytesPerTick=429 occupancyPctX10=102
LogOGRelayProbe: Warning: [Warning][RelayProbe.Budget] conn=28260 queuedBits min=-66666 max=-63818 mean=-65881 notReadyFrames=0 outPackets=122 bytesPerPacket=422 lost=0
LogOGInputRelay: Warning: [RelayFlush] window owner=OGBrawlerUECharacter_2147482376 flushedRounds=8111 entries=10095 entriesPerRoundX100=124 suppressed=1969 stageOverflowDrops=0
LogOGNet: Warning: [Warning][InputStats] dropped 0 / 119 remote inputs = 0%
LogOGRelayProbe: Warning: [Warning][RelayProbe.Write] id=28318 runs=120 writes=134 observableWrites=134 captureSpan=134 receivedX1000=1000 observableX1000=1000 deliverableX1000=1000 replaceLatestObservableX1000=895
LogOGRelayProbe: Warning: [Warning][RelayProbe.Write] id=28318 writesPerFrame p50=1 p99=2 max=2 emptyFrames=15 nonConsecutive=0 missedCaptureTicks=0 captures=[16089,16222] discont=0
LogOGRelayProbe: Warning: [Warning][RelayProbe.Frame] role=Server simTicks=120 frames=121 meanTicksPerFrameX100=99 p50=1 p99=1 max=1 meanFrameUs=16511
LogOGRelayProbe: Warning: [Warning][RelayProbe.Frame] role=Server cadence dFrame1=119 dFrame0=0 dFrameGt1=1 discont=0 numSteps total=120 max=1 gt1=0
LogOGRelayProbe: Warning: [Warning][RelayProbe.Budget] conn=28260 frames=120 elapsedMs=2001 netSpeedBps=250000 allowanceBytesPerTick=4166 outBytes=51565 bytesPerTick=429 occupancyPctX10=102
LogOGRelayProbe: Warning: [Warning][RelayProbe.Budget] conn=28260 queuedBits min=-66666 max=-64040 mean=-65751 notReadyFrames=0 outPackets=121 bytesPerPacket=426 lost=0
LogOGInputRelay: Warning: [RelayFlush] window owner=OGBrawlerUECharacter_2147482376 flushedRounds=8225 entries=10215 entriesPerRoundX100=124 suppressed=1975 stageOverflowDrops=0
LogOGNet: Warning: [Warning][InputStats] dropped 0 / 119 remote inputs = 0%
LogOGRelayProbe: Warning: [Warning][RelayProbe.Frame] role=Server simTicks=120 frames=121 meanTicksPerFrameX100=99 p50=1 p99=1 max=1 meanFrameUs=16557
LogOGRelayProbe: Warning: [Warning][RelayProbe.Frame] role=Server cadence dFrame1=119 dFrame0=0 dFrameGt1=1 discont=0 numSteps total=120 max=1 gt1=0
LogOGRelayProbe: Warning: [Warning][RelayProbe.Write] id=28318 runs=120 writes=139 observableWrites=139 captureSpan=139 receivedX1000=1000 observableX1000=1000 deliverableX1000=1000 replaceLatestObservableX1000=863
LogOGRelayProbe: Warning: [Warning][RelayProbe.Write] id=28318 writesPerFrame p50=1 p99=2 max=2 emptyFrames=20 nonConsecutive=0 missedCaptureTicks=0 captures=[16223,16361] discont=0
LogOGRelayProbe: Warning: [Warning][RelayProbe.Budget] conn=28260 frames=120 elapsedMs=2003 netSpeedBps=250000 allowanceBytesPerTick=4166 outBytes=51577 bytesPerTick=429 occupancyPctX10=102
LogOGRelayProbe: Warning: [Warning][RelayProbe.Budget] conn=28260 queuedBits min=-66666 max=-64020 mean=-65873 notReadyFrames=0 outPackets=121 bytesPerPacket=426 lost=0
LogOGInputRelay: Warning: [RelayFlush] window owner=OGBrawlerUECharacter_2147482376 flushedRounds=8330 entries=10334 entriesPerRoundX100=124 suppressed=1990 stageOverflowDrops=0
LogOGNet: Warning: [Warning][InputStats] dropped 0 / 119 remote inputs = 0%
LogOGRelayProbe: Warning: [Warning][RelayProbe.Frame] role=Server simTicks=120 frames=120 meanTicksPerFrameX100=100 p50=1 p99=1 max=1 meanFrameUs=16608
LogOGRelayProbe: Warning: [Warning][RelayProbe.Frame] role=Server cadence dFrame1=120 dFrame0=0 dFrameGt1=0 discont=0 numSteps total=120 max=1 gt1=0
LogOGRelayProbe: Warning: [Warning][RelayProbe.Write] id=28318 runs=120 writes=123 observableWrites=123 captureSpan=123 receivedX1000=1000 observableX1000=1000 deliverableX1000=1000 replaceLatestObservableX1000=975
LogOGRelayProbe: Warning: [Warning][RelayProbe.Write] id=28318 writesPerFrame p50=1 p99=2 max=2 emptyFrames=3 nonConsecutive=0 missedCaptureTicks=0 captures=[16362,16484] discont=0
LogOGRelayProbe: Warning: [Warning][RelayProbe.Budget] conn=28260 frames=120 elapsedMs=1996 netSpeedBps=250000 allowanceBytesPerTick=4166 outBytes=51526 bytesPerTick=429 occupancyPctX10=102
LogOGRelayProbe: Warning: [Warning][RelayProbe.Budget] conn=28260 queuedBits min=-66666 max=-64036 mean=-66050 notReadyFrames=0 outPackets=120 bytesPerPacket=429 lost=0
LogOGInputRelay: Warning: [RelayFlush] window owner=OGBrawlerUECharacter_2147482376 flushedRounds=8437 entries=10454 entriesPerRoundX100=123 suppressed=2003 stageOverflowDrops=0
LogOGNet: Warning: [Warning][InputStats] dropped 0 / 119 remote inputs = 0%
LogOGRelayProbe: Warning: [Warning][RelayProbe.Frame] role=Server simTicks=120 frames=120 meanTicksPerFrameX100=100 p50=1 p99=1 max=1 meanFrameUs=16627
LogOGRelayProbe: Warning: [Warning][RelayProbe.Frame] role=Server cadence dFrame1=120 dFrame0=0 dFrameGt1=0 discont=0 numSteps total=120 max=1 gt1=0
LogOGRelayProbe: Warning: [Warning][RelayProbe.Budget] conn=28260 frames=120 elapsedMs=1994 netSpeedBps=250000 allowanceBytesPerTick=4166 outBytes=51526 bytesPerTick=429 occupancyPctX10=102
LogOGRelayProbe: Warning: [Warning][RelayProbe.Budget] conn=28260 queuedBits min=-66666 max=-64062 mean=-65942 notReadyFrames=0 outPackets=120 bytesPerPacket=429 lost=0
LogOGRelayProbe: Warning: [Warning][RelayProbe.Write] id=28318 runs=120 writes=162 observableWrites=162 captureSpan=162 receivedX1000=1000 observableX1000=1000 deliverableX1000=1000 replaceLatestObservableX1000=740
LogOGRelayProbe: Warning: [Warning][RelayProbe.Write] id=28318 writesPerFrame p50=1 p99=2 max=2 emptyFrames=43 nonConsecutive=0 missedCaptureTicks=0 captures=[16485,16646] discont=0
LogOGInputRelay: Warning: [RelayFlush] window owner=OGBrawlerUECharacter_2147482376 flushedRounds=8523 entries=10574 entriesPerRoundX100=124 suppressed=2037 stageOverflowDrops=0
LogOGNet: Warning: [Warning][InputStats] dropped 0 / 119 remote inputs = 0%
LogOGRelayProbe: Warning: [Warning][RelayProbe.Frame] role=Server simTicks=120 frames=121 meanTicksPerFrameX100=99 p50=1 p99=1 max=1 meanFrameUs=16627
LogOGRelayProbe: Warning: [Warning][RelayProbe.Frame] role=Server cadence dFrame1=119 dFrame0=0 dFrameGt1=1 discont=0 numSteps total=120 max=1 gt1=0
LogOGRelayProbe: Warning: [Warning][RelayProbe.Budget] conn=28260 frames=120 elapsedMs=2006 netSpeedBps=250000 allowanceBytesPerTick=4166 outBytes=51565 bytesPerTick=429 occupancyPctX10=102
LogOGRelayProbe: Warning: [Warning][RelayProbe.Budget] conn=28260 queuedBits min=-66666 max=-63830 mean=-65860 notReadyFrames=0 outPackets=121 bytesPerPacket=426 lost=0
LogOGInputRelay: Warning: [RelayFlush] window owner=OGBrawlerUECharacter_2147482376 flushedRounds=8617 entries=10692 entriesPerRoundX100=124 suppressed=2063 stageOverflowDrops=0
LogOGNet: Warning: [Warning][InputStats] dropped 0 / 119 remote inputs = 0%
LogOGRelayProbe: Warning: [Warning][RelayProbe.Write] id=28318 runs=120 writes=147 observableWrites=147 captureSpan=147 receivedX1000=1000 observableX1000=1000 deliverableX1000=1000 replaceLatestObservableX1000=816
LogOGRelayProbe: Warning: [Warning][RelayProbe.Write] id=28318 writesPerFrame p50=1 p99=2 max=2 emptyFrames=27 nonConsecutive=0 missedCaptureTicks=0 captures=[16647,16793] discont=0
LogOGRelayProbe: Warning: [Warning][RelayProbe.Frame] role=Server simTicks=120 frames=120 meanTicksPerFrameX100=100 p50=1 p99=1 max=1 meanFrameUs=16569
LogOGRelayProbe: Warning: [Warning][RelayProbe.Frame] role=Server cadence dFrame1=120 dFrame0=0 dFrameGt1=0 discont=0 numSteps total=120 max=1 gt1=0
LogOGRelayProbe: Warning: [Warning][RelayProbe.Budget] conn=28260 frames=120 elapsedMs=2007 netSpeedBps=250000 allowanceBytesPerTick=4166 outBytes=51574 bytesPerTick=429 occupancyPctX10=102
LogOGRelayProbe: Warning: [Warning][RelayProbe.Budget] conn=28260 queuedBits min=-66666 max=-63958 mean=-65824 notReadyFrames=0 outPackets=121 bytesPerPacket=426 lost=0
LogOGInputRelay: Warning: [RelayFlush] window owner=OGBrawlerUECharacter_2147482376 flushedRounds=8719 entries=10812 entriesPerRoundX100=124 suppressed=2081 stageOverflowDrops=0
LogOGNet: Warning: [Warning][InputStats] dropped 0 / 119 remote inputs = 0%
LogOGRelayProbe: Warning: [Warning][RelayProbe.Write] id=28318 runs=120 writes=141 observableWrites=141 captureSpan=141 receivedX1000=1000 observableX1000=1000 deliverableX1000=1000 replaceLatestObservableX1000=851
LogOGRelayProbe: Warning: [Warning][RelayProbe.Write] id=28318 writesPerFrame p50=1 p99=2 max=2 emptyFrames=22 nonConsecutive=0 missedCaptureTicks=0 captures=[16794,16934] discont=0
LogOGRelayProbe: Warning: [Warning][RelayProbe.Frame] role=Server simTicks=121 frames=122 meanTicksPerFrameX100=99 p50=1 p99=1 max=1 meanFrameUs=16547
LogOGRelayProbe: Warning: [Warning][RelayProbe.Frame] role=Server cadence dFrame1=118 dFrame0=0 dFrameGt1=2 discont=0 numSteps total=121 max=2 gt1=1
LogOGRelayProbe: Warning: [Warning][RelayProbe.Budget] conn=28260 frames=120 elapsedMs=2004 netSpeedBps=250000 allowanceBytesPerTick=4166 outBytes=51572 bytesPerTick=429 occupancyPctX10=102
LogOGRelayProbe: Warning: [Warning][RelayProbe.Budget] conn=28260 queuedBits min=-66666 max=-63646 mean=-65772 notReadyFrames=0 outPackets=121 bytesPerPacket=426 lost=0
LogOGInputRelay: Warning: [RelayFlush] window owner=OGBrawlerUECharacter_2147482376 flushedRounds=8812 entries=10932 entriesPerRoundX100=124 suppressed=2108 stageOverflowDrops=0
LogOGNet: Warning: [Warning][InputStats] dropped 0 / 119 remote inputs = 0%
LogOGRelayProbe: Warning: [Warning][RelayProbe.Frame] role=Server simTicks=120 frames=120 meanTicksPerFrameX100=100 p50=1 p99=1 max=1 meanFrameUs=16633
LogOGRelayProbe: Warning: [Warning][RelayProbe.Frame] role=Server cadence dFrame1=120 dFrame0=0 dFrameGt1=0 discont=0 numSteps total=120 max=1 gt1=0
LogOGRelayProbe: Warning: [Warning][RelayProbe.Budget] conn=28260 frames=120 elapsedMs=2007 netSpeedBps=250000 allowanceBytesPerTick=4166 outBytes=51553 bytesPerTick=429 occupancyPctX10=102
LogOGRelayProbe: Warning: [Warning][RelayProbe.Budget] conn=28260 queuedBits min=-66666 max=-63996 mean=-65950 notReadyFrames=0 outPackets=121 bytesPerPacket=426 lost=0
LogOGRelayProbe: Warning: [Warning][RelayProbe.Write] id=28318 runs=120 writes=166 observableWrites=166 captureSpan=166 receivedX1000=1000 observableX1000=1000 deliverableX1000=1000 replaceLatestObservableX1000=722
LogOGRelayProbe: Warning: [Warning][RelayProbe.Write] id=28318 writesPerFrame p50=1 p99=2 max=2 emptyFrames=47 nonConsecutive=0 missedCaptureTicks=0 captures=[16935,17100] discont=0
LogOGInputRelay: Warning: [RelayFlush] window owner=OGBrawlerUECharacter_2147482376 flushedRounds=8906 entries=11051 entriesPerRoundX100=124 suppressed=2134 stageOverflowDrops=0
LogOGNet: Warning: [Warning][InputStats] dropped 0 / 119 remote inputs = 0%
LogOGRelayProbe: Warning: [Warning][RelayProbe.Frame] role=Server simTicks=120 frames=121 meanTicksPerFrameX100=99 p50=1 p99=1 max=1 meanFrameUs=16564
LogOGRelayProbe: Warning: [Warning][RelayProbe.Frame] role=Server cadence dFrame1=119 dFrame0=0 dFrameGt1=1 discont=0 numSteps total=120 max=1 gt1=0
LogOGRelayProbe: Warning: [Warning][RelayProbe.Budget] conn=28260 frames=120 elapsedMs=1992 netSpeedBps=250000 allowanceBytesPerTick=4166 outBytes=51526 bytesPerTick=429 occupancyPctX10=102
LogOGRelayProbe: Warning: [Warning][RelayProbe.Budget] conn=28260 queuedBits min=-66666 max=-63546 mean=-65843 notReadyFrames=0 outPackets=120 bytesPerPacket=429 lost=0
LogOGInputRelay: Warning: [RelayFlush] window owner=OGBrawlerUECharacter_2147482376 flushedRounds=8997 entries=11171 entriesPerRoundX100=124 suppressed=2163 stageOverflowDrops=0
LogOGRelayProbe: Warning: [Warning][RelayProbe.Write] id=28318 runs=120 writes=152 observableWrites=152 captureSpan=152 receivedX1000=1000 observableX1000=1000 deliverableX1000=1000 replaceLatestObservableX1000=789
LogOGRelayProbe: Warning: [Warning][RelayProbe.Write] id=28318 writesPerFrame p50=1 p99=2 max=2 emptyFrames=33 nonConsecutive=0 missedCaptureTicks=0 captures=[17101,17252] discont=0
LogOGNet: Warning: [Warning][InputStats] dropped 0 / 119 remote inputs = 0%
LogOGRelayProbe: Warning: [Warning][RelayProbe.Frame] role=Server simTicks=121 frames=122 meanTicksPerFrameX100=99 p50=1 p99=1 max=2 meanFrameUs=16583
LogOGRelayProbe: Warning: [Warning][RelayProbe.Frame] role=Server cadence dFrame1=118 dFrame0=0 dFrameGt1=2 discont=0 numSteps total=121 max=2 gt1=1
LogOGRelayProbe: Warning: [Warning][RelayProbe.Budget] conn=28260 frames=120 elapsedMs=2022 netSpeedBps=250000 allowanceBytesPerTick=4166 outBytes=51631 bytesPerTick=430 occupancyPctX10=103
LogOGRelayProbe: Warning: [Warning][RelayProbe.Budget] conn=28260 queuedBits min=-66666 max=-64064 mean=-65928 notReadyFrames=0 outPackets=122 bytesPerPacket=423 lost=0
LogOGInputRelay: Warning: [RelayFlush] window owner=OGBrawlerUECharacter_2147482376 flushedRounds=9105 entries=11289 entriesPerRoundX100=123 suppressed=2175 stageOverflowDrops=0
LogOGNet: Warning: [Warning][InputStats] dropped 0 / 119 remote inputs = 0%
LogOGRelayProbe: Warning: [Warning][RelayProbe.Write] id=28318 runs=120 writes=137 observableWrites=137 captureSpan=137 receivedX1000=1000 observableX1000=1000 deliverableX1000=1000 replaceLatestObservableX1000=875
LogOGRelayProbe: Warning: [Warning][RelayProbe.Write] id=28318 writesPerFrame p50=1 p99=2 max=2 emptyFrames=17 nonConsecutive=0 missedCaptureTicks=0 captures=[17253,17389] discont=0
LogOGRelayProbe: Warning: [Warning][RelayProbe.Frame] role=Server simTicks=121 frames=122 meanTicksPerFrameX100=99 p50=1 p99=1 max=2 meanFrameUs=16561
LogOGRelayProbe: Warning: [Warning][RelayProbe.Frame] role=Server cadence dFrame1=118 dFrame0=0 dFrameGt1=2 discont=0 numSteps total=121 max=2 gt1=1
LogOGRelayProbe: Warning: [Warning][RelayProbe.Budget] conn=28260 frames=120 elapsedMs=2018 netSpeedBps=250000 allowanceBytesPerTick=4166 outBytes=51601 bytesPerTick=430 occupancyPctX10=103
LogOGRelayProbe: Warning: [Warning][RelayProbe.Budget] conn=28260 queuedBits min=-66666 max=-63774 mean=-65843 notReadyFrames=0 outPackets=122 bytesPerPacket=422 lost=0
LogOGInputRelay: Warning: [RelayFlush] window owner=OGBrawlerUECharacter_2147482376 flushedRounds=9204 entries=11409 entriesPerRoundX100=123 suppressed=2196 stageOverflowDrops=0
LogOGNet: Warning: [Warning][InputStats] dropped 0 / 119 remote inputs = 0%
LogOGRelayProbe: Warning: [Warning][RelayProbe.Write] id=28318 runs=120 writes=135 observableWrites=135 captureSpan=135 receivedX1000=1000 observableX1000=1000 deliverableX1000=1000 replaceLatestObservableX1000=888
LogOGRelayProbe: Warning: [Warning][RelayProbe.Write] id=28318 writesPerFrame p50=1 p99=2 max=2 emptyFrames=16 nonConsecutive=0 missedCaptureTicks=0 captures=[17390,17524] discont=0
LogOGRelayProbe: Warning: [Warning][RelayProbe.Frame] role=Server simTicks=120 frames=120 meanTicksPerFrameX100=100 p50=1 p99=1 max=1 meanFrameUs=16586
LogOGRelayProbe: Warning: [Warning][RelayProbe.Frame] role=Server cadence dFrame1=120 dFrame0=0 dFrameGt1=0 discont=0 numSteps total=120 max=1 gt1=0
LogOGRelayProbe: Warning: [Warning][RelayProbe.Budget] conn=28260 frames=120 elapsedMs=1987 netSpeedBps=250000 allowanceBytesPerTick=4166 outBytes=51525 bytesPerTick=429 occupancyPctX10=102
LogOGRelayProbe: Warning: [Warning][RelayProbe.Budget] conn=28260 queuedBits min=-66666 max=-63682 mean=-65842 notReadyFrames=0 outPackets=120 bytesPerPacket=429 lost=0
LogOGInputRelay: Warning: [RelayFlush] window owner=OGBrawlerUECharacter_2147482376 flushedRounds=9304 entries=11528 entriesPerRoundX100=123 suppressed=2216 stageOverflowDrops=0
LogOGNet: Warning: [Warning][InputStats] dropped 0 / 119 remote inputs = 0%
LogOGRelayProbe: Warning: [Warning][RelayProbe.Write] id=28318 runs=120 writes=139 observableWrites=139 captureSpan=139 receivedX1000=1000 observableX1000=1000 deliverableX1000=1000 replaceLatestObservableX1000=863
LogOGRelayProbe: Warning: [Warning][RelayProbe.Write] id=28318 writesPerFrame p50=1 p99=2 max=2 emptyFrames=21 nonConsecutive=0 missedCaptureTicks=0 captures=[17525,17663] discont=0
LogOGRelayProbe: Warning: [Warning][RelayProbe.Frame] role=Server simTicks=120 frames=121 meanTicksPerFrameX100=99 p50=1 p99=1 max=1 meanFrameUs=16529
LogOGRelayProbe: Warning: [Warning][RelayProbe.Frame] role=Server cadence dFrame1=119 dFrame0=0 dFrameGt1=1 discont=0 numSteps total=120 max=1 gt1=0
LogOGRelayProbe: Warning: [Warning][RelayProbe.Budget] conn=28260 frames=120 elapsedMs=2004 netSpeedBps=250000 allowanceBytesPerTick=4166 outBytes=51560 bytesPerTick=429 occupancyPctX10=102
LogOGRelayProbe: Warning: [Warning][RelayProbe.Budget] conn=28260 queuedBits min=-66666 max=-63568 mean=-65756 notReadyFrames=0 outPackets=121 bytesPerPacket=426 lost=0
LogOGInputRelay: Warning: [RelayFlush] window owner=OGBrawlerUECharacter_2147482376 flushedRounds=9410 entries=11648 entriesPerRoundX100=123 suppressed=2230 stageOverflowDrops=0
LogOGNet: Warning: [Warning][InputStats] dropped 0 / 119 remote inputs = 0%
LogOGRelayProbe: Warning: [Warning][RelayProbe.Frame] role=Server simTicks=121 frames=122 meanTicksPerFrameX100=99 p50=1 p99=1 max=2 meanFrameUs=16566
LogOGRelayProbe: Warning: [Warning][RelayProbe.Frame] role=Server cadence dFrame1=118 dFrame0=0 dFrameGt1=2 discont=0 numSteps total=121 max=2 gt1=1
LogOGRelayProbe: Warning: [Warning][RelayProbe.Write] id=28318 runs=120 writes=135 observableWrites=135 captureSpan=135 receivedX1000=1000 observableX1000=1000 deliverableX1000=1000 replaceLatestObservableX1000=888
LogOGRelayProbe: Warning: [Warning][RelayProbe.Write] id=28318 writesPerFrame p50=1 p99=2 max=2 emptyFrames=15 nonConsecutive=0 missedCaptureTicks=0 captures=[17664,17798] discont=0
LogOGRelayProbe: Warning: [Warning][RelayProbe.Budget] conn=28260 frames=120 elapsedMs=2022 netSpeedBps=250000 allowanceBytesPerTick=4166 outBytes=51636 bytesPerTick=430 occupancyPctX10=103
LogOGRelayProbe: Warning: [Warning][RelayProbe.Budget] conn=28260 queuedBits min=-66666 max=-63606 mean=-65904 notReadyFrames=0 outPackets=122 bytesPerPacket=423 lost=0
LogOGInputRelay: Warning: [RelayFlush] window owner=OGBrawlerUECharacter_2147482376 flushedRounds=9524 entries=11767 entriesPerRoundX100=123 suppressed=2236 stageOverflowDrops=0
LogOGNet: Warning: [Warning][InputStats] dropped 0 / 119 remote inputs = 0%
LogOGRelayProbe: Warning: [Warning][RelayProbe.Frame] role=Server simTicks=120 frames=121 meanTicksPerFrameX100=99 p50=1 p99=1 max=1 meanFrameUs=16573
LogOGRelayProbe: Warning: [Warning][RelayProbe.Frame] role=Server cadence dFrame1=119 dFrame0=0 dFrameGt1=1 discont=0 numSteps total=120 max=1 gt1=0
LogOGRelayProbe: Warning: [Warning][RelayProbe.Write] id=28318 runs=120 writes=132 observableWrites=132 captureSpan=132 receivedX1000=1000 observableX1000=1000 deliverableX1000=1000 replaceLatestObservableX1000=909
LogOGRelayProbe: Warning: [Warning][RelayProbe.Write] id=28318 writesPerFrame p50=1 p99=2 max=2 emptyFrames=13 nonConsecutive=0 missedCaptureTicks=0 captures=[17799,17930] discont=0
LogOGRelayProbe: Warning: [Warning][RelayProbe.Budget] conn=28260 frames=120 elapsedMs=2017 netSpeedBps=250000 allowanceBytesPerTick=4166 outBytes=51604 bytesPerTick=430 occupancyPctX10=103
LogOGRelayProbe: Warning: [Warning][RelayProbe.Budget] conn=28260 queuedBits min=-66666 max=-63548 mean=-65698 notReadyFrames=0 outPackets=122 bytesPerPacket=422 lost=0
LogOGInputRelay: Warning: [RelayFlush] window owner=OGBrawlerUECharacter_2147482376 flushedRounds=9633 entries=11886 entriesPerRoundX100=123 suppressed=2247 stageOverflowDrops=0
LogOGNet: Warning: [Warning][InputStats] dropped 0 / 119 remote inputs = 0%
LogOGRelayProbe: Warning: [Warning][RelayProbe.Frame] role=Server simTicks=121 frames=121 meanTicksPerFrameX100=100 p50=1 p99=1 max=1 meanFrameUs=16603
LogOGRelayProbe: Warning: [Warning][RelayProbe.Frame] role=Server cadence dFrame1=119 dFrame0=0 dFrameGt1=1 discont=0 numSteps total=121 max=2 gt1=1
LogOGRelayProbe: Warning: [Warning][RelayProbe.Write] id=28318 runs=120 writes=123 observableWrites=123 captureSpan=123 receivedX1000=1000 observableX1000=1000 deliverableX1000=1000 replaceLatestObservableX1000=975
LogOGRelayProbe: Warning: [Warning][RelayProbe.Write] id=28318 writesPerFrame p50=1 p99=2 max=2 emptyFrames=4 nonConsecutive=0 missedCaptureTicks=0 captures=[17931,18053] discont=0
LogOGRelayProbe: Warning: [Warning][RelayProbe.Budget] conn=28260 frames=120 elapsedMs=1992 netSpeedBps=250000 allowanceBytesPerTick=4166 outBytes=51526 bytesPerTick=429 occupancyPctX10=102
LogOGRelayProbe: Warning: [Warning][RelayProbe.Budget] conn=28260 queuedBits min=-66666 max=-64042 mean=-65863 notReadyFrames=0 outPackets=120 bytesPerPacket=429 lost=0
LogOGInputRelay: Warning: [RelayFlush] window owner=OGBrawlerUECharacter_2147482376 flushedRounds=9741 entries=12005 entriesPerRoundX100=123 suppressed=2259 stageOverflowDrops=0
LogOGNet: Warning: [Warning][InputStats] dropped 0 / 119 remote inputs = 0%
LogOGRelayProbe: Warning: [Warning][RelayProbe.Frame] role=Server simTicks=120 frames=121 meanTicksPerFrameX100=99 p50=1 p99=1 max=1 meanFrameUs=16483
LogOGRelayProbe: Warning: [Warning][RelayProbe.Frame] role=Server cadence dFrame1=119 dFrame0=0 dFrameGt1=1 discont=0 numSteps total=120 max=1 gt1=0
LogOGRelayProbe: Warning: [Warning][RelayProbe.Budget] conn=28260 frames=120 elapsedMs=2077 netSpeedBps=250000 allowanceBytesPerTick=4166 outBytes=51794 bytesPerTick=431 occupancyPctX10=103
LogOGRelayProbe: Warning: [Warning][RelayProbe.Budget] conn=28260 queuedBits min=-66666 max=-63464 mean=-65645 notReadyFrames=0 outPackets=126 bytesPerPacket=411 lost=0
LogOGRelayProbe: Warning: [Warning][RelayProbe.Write] id=28318 runs=120 writes=147 observableWrites=147 captureSpan=147 receivedX1000=1000 observableX1000=1000 deliverableX1000=1000 replaceLatestObservableX1000=816
LogOGRelayProbe: Warning: [Warning][RelayProbe.Write] id=28318 writesPerFrame p50=1 p99=2 max=2 emptyFrames=28 nonConsecutive=0 missedCaptureTicks=0 captures=[18054,18200] discont=0
LogOGInputRelay: Warning: [RelayFlush] window owner=OGBrawlerUECharacter_2147482376 flushedRounds=9841 entries=12124 entriesPerRoundX100=123 suppressed=2279 stageOverflowDrops=0
LogOGNet: Warning: [Warning][InputStats] dropped 0 / 119 remote inputs = 0%
LogOGRelayProbe: Warning: [Warning][RelayProbe.Frame] role=Server simTicks=125 frames=127 meanTicksPerFrameX100=98 p50=1 p99=2 max=2 meanFrameUs=16513
LogOGRelayProbe: Warning: [Warning][RelayProbe.Frame] role=Server cadence dFrame1=113 dFrame0=0 dFrameGt1=7 discont=0 numSteps total=125 max=2 gt1=5
LogOGRelayProbe: Warning: [Warning][RelayProbe.Budget] conn=28260 frames=120 elapsedMs=2016 netSpeedBps=250000 allowanceBytesPerTick=4166 outBytes=51580 bytesPerTick=429 occupancyPctX10=102
LogOGRelayProbe: Warning: [Warning][RelayProbe.Budget] conn=28260 queuedBits min=-66666 max=-63620 mean=-65739 notReadyFrames=0 outPackets=122 bytesPerPacket=422 lost=0
LogOGInputRelay: Warning: [RelayFlush] window owner=OGBrawlerUECharacter_2147482376 flushedRounds=9950 entries=12243 entriesPerRoundX100=123 suppressed=2290 stageOverflowDrops=0
LogOGRelayProbe: Warning: [Warning][RelayProbe.Write] id=28318 runs=120 writes=130 observableWrites=130 captureSpan=130 receivedX1000=1000 observableX1000=1000 deliverableX1000=1000 replaceLatestObservableX1000=923
LogOGRelayProbe: Warning: [Warning][RelayProbe.Write] id=28318 writesPerFrame p50=1 p99=2 max=2 emptyFrames=11 nonConsecutive=0 missedCaptureTicks=0 captures=[18201,18330] discont=0
LogOGNet: Warning: [Warning][InputStats] dropped 0 / 119 remote inputs = 0%
LogOGRelayProbe: Warning: [Warning][RelayProbe.Frame] role=Server simTicks=120 frames=120 meanTicksPerFrameX100=100 p50=1 p99=1 max=1 meanFrameUs=16571
LogOGRelayProbe: Warning: [Warning][RelayProbe.Frame] role=Server cadence dFrame1=120 dFrame0=0 dFrameGt1=0 discont=0 numSteps total=120 max=1 gt1=0
LogOGRelayProbe: Warning: [Warning][RelayProbe.Budget] conn=28260 frames=120 elapsedMs=2000 netSpeedBps=250000 allowanceBytesPerTick=4166 outBytes=51578 bytesPerTick=429 occupancyPctX10=102
LogOGRelayProbe: Warning: [Warning][RelayProbe.Budget] conn=28260 queuedBits min=-66666 max=-64046 mean=-65802 notReadyFrames=0 outPackets=121 bytesPerPacket=426 lost=0
LogOGInputRelay: Warning: [RelayFlush] window owner=OGBrawlerUECharacter_2147482376 flushedRounds=10056 entries=12362 entriesPerRoundX100=122 suppressed=2304 stageOverflowDrops=0
LogOGNet: Warning: [Warning][InputStats] dropped 0 / 119 remote inputs = 0%
LogOGRelayProbe: Warning: [Warning][RelayProbe.Write] id=28318 runs=120 writes=133 observableWrites=133 captureSpan=133 receivedX1000=1000 observableX1000=1000 deliverableX1000=1000 replaceLatestObservableX1000=902
LogOGRelayProbe: Warning: [Warning][RelayProbe.Write] id=28318 writesPerFrame p50=1 p99=2 max=2 emptyFrames=14 nonConsecutive=0 missedCaptureTicks=0 captures=[18331,18463] discont=0
LogOGRelayProbe: Warning: [Warning][RelayProbe.Frame] role=Server simTicks=120 frames=121 meanTicksPerFrameX100=99 p50=1 p99=1 max=1 meanFrameUs=16609
LogOGRelayProbe: Warning: [Warning][RelayProbe.Frame] role=Server cadence dFrame1=119 dFrame0=0 dFrameGt1=1 discont=0 numSteps total=120 max=1 gt1=0
LogOGRelayProbe: Warning: [Warning][RelayProbe.Budget] conn=28260 frames=120 elapsedMs=1995 netSpeedBps=250000 allowanceBytesPerTick=4166 outBytes=51511 bytesPerTick=429 occupancyPctX10=102
LogOGRelayProbe: Warning: [Warning][RelayProbe.Budget] conn=28260 queuedBits min=-66666 max=-63426 mean=-65934 notReadyFrames=0 outPackets=120 bytesPerPacket=429 lost=0
LogOGInputRelay: Warning: [RelayFlush] window owner=OGBrawlerUECharacter_2147482376 flushedRounds=10176 entries=12482 entriesPerRoundX100=122 suppressed=2304 stageOverflowDrops=0
LogOGNet: Warning: [Warning][InputStats] dropped 0 / 119 remote inputs = 0%
LogOGRelayProbe: Warning: [Warning][RelayProbe.Write] id=28318 runs=120 writes=121 observableWrites=121 captureSpan=121 receivedX1000=1000 observableX1000=1000 deliverableX1000=1000 replaceLatestObservableX1000=991
LogOGRelayProbe: Warning: [Warning][RelayProbe.Write] id=28318 writesPerFrame p50=1 p99=1 max=2 emptyFrames=1 nonConsecutive=0 missedCaptureTicks=0 captures=[18464,18584] discont=0
LogOGRelayProbe: Warning: [Warning][RelayProbe.Frame] role=Server simTicks=120 frames=120 meanTicksPerFrameX100=100 p50=1 p99=1 max=1 meanFrameUs=16572
LogOGRelayProbe: Warning: [Warning][RelayProbe.Frame] role=Server cadence dFrame1=120 dFrame0=0 dFrameGt1=0 discont=0 numSteps total=120 max=1 gt1=0
LogOGRelayProbe: Warning: [Warning][RelayProbe.Budget] conn=28260 frames=120 elapsedMs=2037 netSpeedBps=250000 allowanceBytesPerTick=4166 outBytes=51673 bytesPerTick=430 occupancyPctX10=103
LogOGRelayProbe: Warning: [Warning][RelayProbe.Budget] conn=28260 queuedBits min=-66666 max=-63606 mean=-65803 notReadyFrames=0 outPackets=123 bytesPerPacket=420 lost=0
LogOGInputRelay: Warning: [RelayFlush] window owner=OGBrawlerUECharacter_2147482376 flushedRounds=10276 entries=12601 entriesPerRoundX100=122 suppressed=2324 stageOverflowDrops=0
LogOGNet: Warning: [Warning][InputStats] dropped 0 / 119 remote inputs = 0%
LogOGRelayProbe: Warning: [Warning][RelayProbe.Write] id=28318 runs=120 writes=138 observableWrites=138 captureSpan=138 receivedX1000=1000 observableX1000=1000 deliverableX1000=1000 replaceLatestObservableX1000=869
LogOGRelayProbe: Warning: [Warning][RelayProbe.Write] id=28318 writesPerFrame p50=1 p99=2 max=2 emptyFrames=19 nonConsecutive=0 missedCaptureTicks=0 captures=[18585,18722] discont=0
LogOGRelayProbe: Warning: [Warning][RelayProbe.Frame] role=Server simTicks=124 frames=125 meanTicksPerFrameX100=99 p50=1 p99=2 max=2 meanFrameUs=16625
LogOGRelayProbe: Warning: [Warning][RelayProbe.Frame] role=Server cadence dFrame1=115 dFrame0=0 dFrameGt1=5 discont=0 numSteps total=124 max=2 gt1=4
LogOGRelayProbe: Warning: [Warning][RelayProbe.Budget] conn=28260 frames=120 elapsedMs=2027 netSpeedBps=250000 allowanceBytesPerTick=4166 outBytes=51597 bytesPerTick=429 occupancyPctX10=102
LogOGRelayProbe: Warning: [Warning][RelayProbe.Budget] conn=28260 queuedBits min=-66666 max=-63646 mean=-65881 notReadyFrames=0 outPackets=122 bytesPerPacket=422 lost=0
LogOGInputRelay: Warning: [RelayFlush] window owner=OGBrawlerUECharacter_2147482376 flushedRounds=10392 entries=12721 entriesPerRoundX100=122 suppressed=2328 stageOverflowDrops=0
LogOGNet: Warning: [Warning][InputStats] dropped 0 / 119 remote inputs = 0%
LogOGRelayProbe: Warning: [Warning][RelayProbe.Write] id=28318 runs=120 writes=135 observableWrites=135 captureSpan=135 receivedX1000=1000 observableX1000=1000 deliverableX1000=1000 replaceLatestObservableX1000=888
LogOGRelayProbe: Warning: [Warning][RelayProbe.Write] id=28318 writesPerFrame p50=1 p99=2 max=2 emptyFrames=16 nonConsecutive=0 missedCaptureTicks=0 captures=[18723,18857] discont=0
LogOGRelayProbe: Warning: [Warning][RelayProbe.Frame] role=Server simTicks=122 frames=123 meanTicksPerFrameX100=99 p50=1 p99=2 max=2 meanFrameUs=16510
LogOGRelayProbe: Warning: [Warning][RelayProbe.Frame] role=Server cadence dFrame1=117 dFrame0=0 dFrameGt1=3 discont=0 numSteps total=122 max=2 gt1=2
LogOGRelayProbe: Warning: [Warning][RelayProbe.Budget] conn=28260 frames=120 elapsedMs=2034 netSpeedBps=250000 allowanceBytesPerTick=4166 outBytes=51678 bytesPerTick=430 occupancyPctX10=103
LogOGRelayProbe: Warning: [Warning][RelayProbe.Budget] conn=28260 queuedBits min=-66666 max=-64058 mean=-65705 notReadyFrames=0 outPackets=123 bytesPerPacket=420 lost=0
LogOGInputRelay: Warning: [RelayFlush] window owner=OGBrawlerUECharacter_2147482376 flushedRounds=10499 entries=12840 entriesPerRoundX100=122 suppressed=2341 stageOverflowDrops=0
LogOGNet: Warning: [Warning][InputStats] dropped 0 / 119 remote inputs = 0%
LogOGRelayProbe: Warning: [Warning][RelayProbe.Write] id=28318 runs=120 writes=133 observableWrites=133 captureSpan=133 receivedX1000=1000 observableX1000=1000 deliverableX1000=1000 replaceLatestObservableX1000=902
LogOGRelayProbe: Warning: [Warning][RelayProbe.Write] id=28318 writesPerFrame p50=1 p99=2 max=2 emptyFrames=14 nonConsecutive=0 missedCaptureTicks=0 captures=[18858,18990] discont=0
LogOGRelayProbe: Warning: [Warning][RelayProbe.Frame] role=Server simTicks=120 frames=121 meanTicksPerFrameX100=99 p50=1 p99=1 max=1 meanFrameUs=16548
LogOGRelayProbe: Warning: [Warning][RelayProbe.Frame] role=Server cadence dFrame1=119 dFrame0=0 dFrameGt1=1 discont=0 numSteps total=120 max=1 gt1=0
LogOGRelayProbe: Warning: [Warning][RelayProbe.Budget] conn=28260 frames=120 elapsedMs=2036 netSpeedBps=250000 allowanceBytesPerTick=4166 outBytes=51665 bytesPerTick=430 occupancyPctX10=103
LogOGRelayProbe: Warning: [Warning][RelayProbe.Budget] conn=28260 queuedBits min=-66666 max=-63522 mean=-65846 notReadyFrames=0 outPackets=123 bytesPerPacket=420 lost=0
LogOGInputRelay: Warning: [RelayFlush] window owner=OGBrawlerUECharacter_2147482376 flushedRounds=10605 entries=12959 entriesPerRoundX100=122 suppressed=2355 stageOverflowDrops=0
LogOGNet: Warning: [Warning][InputStats] dropped 0 / 119 remote inputs = 0%
LogOGRelayProbe: Warning: [Warning][RelayProbe.Write] id=28318 runs=120 writes=121 observableWrites=121 captureSpan=121 receivedX1000=1000 observableX1000=1000 deliverableX1000=1000 replaceLatestObservableX1000=991
LogOGRelayProbe: Warning: [Warning][RelayProbe.Write] id=28318 writesPerFrame p50=1 p99=1 max=2 emptyFrames=1 nonConsecutive=0 missedCaptureTicks=0 captures=[18991,19111] discont=0
LogOGRelayProbe: Warning: [Warning][RelayProbe.Frame] role=Server simTicks=122 frames=122 meanTicksPerFrameX100=100 p50=1 p99=1 max=2 meanFrameUs=16641
LogOGRelayProbe: Warning: [Warning][RelayProbe.Frame] role=Server cadence dFrame1=118 dFrame0=0 dFrameGt1=2 discont=0 numSteps total=122 max=2 gt1=2
LogOGRelayProbe: Warning: [Warning][RelayProbe.Budget] conn=28260 frames=120 elapsedMs=1992 netSpeedBps=250000 allowanceBytesPerTick=4166 outBytes=51528 bytesPerTick=429 occupancyPctX10=102
LogOGRelayProbe: Warning: [Warning][RelayProbe.Budget] conn=28260 queuedBits min=-66666 max=-63080 mean=-65904 notReadyFrames=0 outPackets=120 bytesPerPacket=429 lost=0
LogOGInputRelay: Warning: [RelayFlush] window owner=OGBrawlerUECharacter_2147482376 flushedRounds=10720 entries=13079 entriesPerRoundX100=122 suppressed=2360 stageOverflowDrops=0
LogOGNet: Warning: [Warning][InputStats] dropped 0 / 119 remote inputs = 0%
LogOGRelayProbe: Warning: [Warning][RelayProbe.Frame] role=Server simTicks=120 frames=121 meanTicksPerFrameX100=99 p50=1 p99=1 max=1 meanFrameUs=16509
LogOGRelayProbe: Warning: [Warning][RelayProbe.Frame] role=Server cadence dFrame1=119 dFrame0=0 dFrameGt1=1 discont=0 numSteps total=120 max=1 gt1=0
LogOGRelayProbe: Warning: [Warning][RelayProbe.Write] id=28318 runs=120 writes=137 observableWrites=137 captureSpan=137 receivedX1000=1000 observableX1000=1000 deliverableX1000=1000 replaceLatestObservableX1000=875
LogOGRelayProbe: Warning: [Warning][RelayProbe.Write] id=28318 writesPerFrame p50=1 p99=2 max=2 emptyFrames=18 nonConsecutive=0 missedCaptureTicks=0 captures=[19112,19248] discont=0
LogOGRelayProbe: Warning: [Warning][RelayProbe.Budget] conn=28260 frames=120 elapsedMs=2000 netSpeedBps=250000 allowanceBytesPerTick=4166 outBytes=51530 bytesPerTick=429 occupancyPctX10=102
LogOGRelayProbe: Warning: [Warning][RelayProbe.Budget] conn=28260 queuedBits min=-66666 max=-63512 mean=-65772 notReadyFrames=0 outPackets=121 bytesPerPacket=425 lost=0
LogOGInputRelay: Warning: [RelayFlush] window owner=OGBrawlerUECharacter_2147482376 flushedRounds=10823 entries=13197 entriesPerRoundX100=121 suppressed=2377 stageOverflowDrops=0
LogOGNet: Warning: [Warning][InputStats] dropped 0 / 119 remote inputs = 0%
LogOGRelayProbe: Warning: [Warning][RelayProbe.Frame] role=Server simTicks=124 frames=125 meanTicksPerFrameX100=99 p50=1 p99=1 max=2 meanFrameUs=16567
LogOGRelayProbe: Warning: [Warning][RelayProbe.Frame] role=Server cadence dFrame1=115 dFrame0=0 dFrameGt1=5 discont=0 numSteps total=124 max=2 gt1=4
LogOGRelayProbe: Warning: [Warning][RelayProbe.Write] id=28318 runs=120 writes=143 observableWrites=143 captureSpan=143 receivedX1000=1000 observableX1000=1000 deliverableX1000=1000 replaceLatestObservableX1000=839
LogOGRelayProbe: Warning: [Warning][RelayProbe.Write] id=28318 writesPerFrame p50=1 p99=2 max=2 emptyFrames=24 nonConsecutive=0 missedCaptureTicks=0 captures=[19249,19391] discont=0
LogOGInputRelay: Warning: [RelayFlush] window owner=OGBrawlerUECharacter_2147482376 flushedRounds=10923 entries=13317 entriesPerRoundX100=121 suppressed=2397 stageOverflowDrops=0
LogOGRelayProbe: Warning: [Warning][RelayProbe.Budget] conn=28260 frames=120 elapsedMs=2074 netSpeedBps=250000 allowanceBytesPerTick=4166 outBytes=51803 bytesPerTick=431 occupancyPctX10=103
LogOGRelayProbe: Warning: [Warning][RelayProbe.Budget] conn=28260 queuedBits min=-66666 max=-63824 mean=-65863 notReadyFrames=0 outPackets=125 bytesPerPacket=414 lost=0
LogOGNet: Warning: [Warning][InputStats] dropped 0 / 119 remote inputs = 0%
LogOGRelayProbe: Warning: [Warning][RelayProbe.Frame] role=Server simTicks=120 frames=120 meanTicksPerFrameX100=100 p50=1 p99=1 max=1 meanFrameUs=16605
LogOGRelayProbe: Warning: [Warning][RelayProbe.Frame] role=Server cadence dFrame1=120 dFrame0=0 dFrameGt1=0 discont=0 numSteps total=120 max=1 gt1=0
LogOGInputRelay: Warning: [RelayFlush] window owner=OGBrawlerUECharacter_2147482376 flushedRounds=11033 entries=13437 entriesPerRoundX100=121 suppressed=2407 stageOverflowDrops=0
LogOGRelayProbe: Warning: [Warning][RelayProbe.Budget] conn=28260 frames=120 elapsedMs=1991 netSpeedBps=250000 allowanceBytesPerTick=4166 outBytes=51525 bytesPerTick=429 occupancyPctX10=102
LogOGRelayProbe: Warning: [Warning][RelayProbe.Budget] conn=28260 queuedBits min=-66666 max=-63668 mean=-65866 notReadyFrames=0 outPackets=120 bytesPerPacket=429 lost=0
LogOGNet: Warning: [Warning][InputStats] dropped 0 / 119 remote inputs = 0%
LogOGRelayProbe: Warning: [Warning][RelayProbe.Write] id=28318 runs=120 writes=134 observableWrites=134 captureSpan=134 receivedX1000=1000 observableX1000=1000 deliverableX1000=1000 replaceLatestObservableX1000=895
LogOGRelayProbe: Warning: [Warning][RelayProbe.Write] id=28318 writesPerFrame p50=1 p99=2 max=2 emptyFrames=14 nonConsecutive=0 missedCaptureTicks=0 captures=[19392,19525] discont=0
LogOGRelayProbe: Warning: [Warning][RelayProbe.Frame] role=Server simTicks=121 frames=121 meanTicksPerFrameX100=100 p50=1 p99=1 max=2 meanFrameUs=16625
LogOGRelayProbe: Warning: [Warning][RelayProbe.Frame] role=Server cadence dFrame1=119 dFrame0=0 dFrameGt1=1 discont=0 numSteps total=121 max=2 gt1=1
LogOGInputRelay: Warning: [RelayFlush] window owner=OGBrawlerUECharacter_2147482376 flushedRounds=11131 entries=13556 entriesPerRoundX100=121 suppressed=2429 stageOverflowDrops=0
LogOGRelayProbe: Warning: [Warning][RelayProbe.Budget] conn=28260 frames=120 elapsedMs=2026 netSpeedBps=250000 allowanceBytesPerTick=4166 outBytes=51638 bytesPerTick=430 occupancyPctX10=103
LogOGRelayProbe: Warning: [Warning][RelayProbe.Budget] conn=28260 queuedBits min=-66666 max=-63550 mean=-65897 notReadyFrames=0 outPackets=122 bytesPerPacket=423 lost=0
LogOGNet: Warning: [Warning][InputStats] dropped 0 / 119 remote inputs = 0%
LogOGRelayProbe: Warning: [Warning][RelayProbe.Write] id=28318 runs=120 writes=137 observableWrites=137 captureSpan=137 receivedX1000=1000 observableX1000=1000 deliverableX1000=1000 replaceLatestObservableX1000=875
LogOGRelayProbe: Warning: [Warning][RelayProbe.Write] id=28318 writesPerFrame p50=1 p99=2 max=2 emptyFrames=18 nonConsecutive=0 missedCaptureTicks=0 captures=[19526,19662] discont=0
LogOGRelayProbe: Warning: [Warning][RelayProbe.Frame] role=Server simTicks=120 frames=121 meanTicksPerFrameX100=99 p50=1 p99=1 max=1 meanFrameUs=16576
LogOGRelayProbe: Warning: [Warning][RelayProbe.Frame] role=Server cadence dFrame1=119 dFrame0=0 dFrameGt1=1 discont=0 numSteps total=120 max=1 gt1=0
LogOGInputRelay: Warning: [RelayFlush] window owner=OGBrawlerUECharacter_2147482376 flushedRounds=11240 entries=13676 entriesPerRoundX100=121 suppressed=2440 stageOverflowDrops=0
LogOGRelayProbe: Warning: [Warning][RelayProbe.Budget] conn=28260 frames=120 elapsedMs=1987 netSpeedBps=250000 allowanceBytesPerTick=4166 outBytes=51512 bytesPerTick=429 occupancyPctX10=102
LogOGRelayProbe: Warning: [Warning][RelayProbe.Budget] conn=28260 queuedBits min=-66666 max=-64008 mean=-65823 notReadyFrames=0 outPackets=120 bytesPerPacket=429 lost=0
LogOGNet: Warning: [Warning][InputStats] dropped 0 / 119 remote inputs = 0%
LogOGRelayProbe: Warning: [Warning][RelayProbe.Write] id=28318 runs=120 writes=147 observableWrites=147 captureSpan=147 receivedX1000=1000 observableX1000=1000 deliverableX1000=1000 replaceLatestObservableX1000=816
LogOGRelayProbe: Warning: [Warning][RelayProbe.Write] id=28318 writesPerFrame p50=1 p99=2 max=2 emptyFrames=28 nonConsecutive=0 missedCaptureTicks=0 captures=[19663,19809] discont=0
LogOGRelayProbe: Warning: [Warning][RelayProbe.Frame] role=Server simTicks=121 frames=122 meanTicksPerFrameX100=99 p50=1 p99=1 max=2 meanFrameUs=16525
LogOGRelayProbe: Warning: [Warning][RelayProbe.Frame] role=Server cadence dFrame1=118 dFrame0=0 dFrameGt1=2 discont=0 numSteps total=121 max=2 gt1=1
LogOGInputRelay: Warning: [RelayFlush] window owner=OGBrawlerUECharacter_2147482376 flushedRounds=11333 entries=13794 entriesPerRoundX100=121 suppressed=2467 stageOverflowDrops=0
LogOGNet: Warning: [Warning][InputStats] dropped 0 / 119 remote inputs = 0%
LogOGRelayProbe: Warning: [Warning][RelayProbe.Budget] conn=28260 frames=120 elapsedMs=2017 netSpeedBps=250000 allowanceBytesPerTick=4166 outBytes=51596 bytesPerTick=429 occupancyPctX10=102
LogOGRelayProbe: Warning: [Warning][RelayProbe.Budget] conn=28260 queuedBits min=-66666 max=-63496 mean=-65784 notReadyFrames=0 outPackets=122 bytesPerPacket=422 lost=0
LogOGRelayProbe: Warning: [Warning][RelayProbe.Write] id=28318 runs=120 writes=139 observableWrites=139 captureSpan=139 receivedX1000=1000 observableX1000=1000 deliverableX1000=1000 replaceLatestObservableX1000=863
LogOGRelayProbe: Warning: [Warning][RelayProbe.Write] id=28318 writesPerFrame p50=1 p99=2 max=2 emptyFrames=20 nonConsecutive=0 missedCaptureTicks=0 captures=[19810,19948] discont=0
LogOGRelayProbe: Warning: [Warning][RelayProbe.Frame] role=Server simTicks=120 frames=121 meanTicksPerFrameX100=99 p50=1 p99=1 max=1 meanFrameUs=16534
LogOGRelayProbe: Warning: [Warning][RelayProbe.Frame] role=Server cadence dFrame1=119 dFrame0=0 dFrameGt1=1 discont=0 numSteps total=120 max=1 gt1=0
LogOGInputRelay: Warning: [RelayFlush] window owner=OGBrawlerUECharacter_2147482376 flushedRounds=11432 entries=13914 entriesPerRoundX100=121 suppressed=2488 stageOverflowDrops=0
LogOGNet: Warning: [Warning][InputStats] dropped 0 / 119 remote inputs = 0%
LogOGRelayProbe: Warning: [Warning][RelayProbe.Budget] conn=28260 frames=120 elapsedMs=2005 netSpeedBps=250000 allowanceBytesPerTick=4166 outBytes=51579 bytesPerTick=429 occupancyPctX10=102
LogOGRelayProbe: Warning: [Warning][RelayProbe.Budget] conn=28260 queuedBits min=-66666 max=-63702 mean=-65805 notReadyFrames=0 outPackets=121 bytesPerPacket=426 lost=0
LogOGRelayProbe: Warning: [Warning][RelayProbe.Frame] role=Server simTicks=120 frames=121 meanTicksPerFrameX100=99 p50=1 p99=1 max=1 meanFrameUs=16582
LogOGRelayProbe: Warning: [Warning][RelayProbe.Frame] role=Server cadence dFrame1=119 dFrame0=0 dFrameGt1=1 discont=0 numSteps total=120 max=1 gt1=0
LogOGRelayProbe: Warning: [Warning][RelayProbe.Write] id=28318 runs=120 writes=155 observableWrites=155 captureSpan=155 receivedX1000=1000 observableX1000=1000 deliverableX1000=1000 replaceLatestObservableX1000=774
LogOGRelayProbe: Warning: [Warning][RelayProbe.Write] id=28318 writesPerFrame p50=1 p99=2 max=2 emptyFrames=36 nonConsecutive=0 missedCaptureTicks=0 captures=[19949,20103] discont=0
LogOGInputRelay: Warning: [RelayFlush] window owner=OGBrawlerUECharacter_2147482376 flushedRounds=11527 entries=14033 entriesPerRoundX100=121 suppressed=2513 stageOverflowDrops=0
LogOGNet: Warning: [Warning][InputStats] dropped 0 / 119 remote inputs = 0%
LogOGRelayProbe: Warning: [Warning][RelayProbe.Budget] conn=28260 frames=120 elapsedMs=2000 netSpeedBps=250000 allowanceBytesPerTick=4166 outBytes=51562 bytesPerTick=429 occupancyPctX10=102
LogOGRelayProbe: Warning: [Warning][RelayProbe.Budget] conn=28260 queuedBits min=-66666 max=-63762 mean=-65779 notReadyFrames=0 outPackets=121 bytesPerPacket=426 lost=0
LogOGRelayProbe: Warning: [Warning][RelayProbe.Frame] role=Server simTicks=121 frames=121 meanTicksPerFrameX100=100 p50=1 p99=1 max=2 meanFrameUs=16564
LogOGRelayProbe: Warning: [Warning][RelayProbe.Frame] role=Server cadence dFrame1=119 dFrame0=0 dFrameGt1=1 discont=0 numSteps total=121 max=2 gt1=1
LogOGInputRelay: Warning: [RelayFlush] window owner=OGBrawlerUECharacter_2147482376 flushedRounds=11614 entries=14152 entriesPerRoundX100=121 suppressed=2546 stageOverflowDrops=0
LogOGNet: Warning: [Warning][InputStats] dropped 0 / 119 remote inputs = 0%
LogOGRelayProbe: Warning: [Warning][RelayProbe.Budget] conn=28260 frames=120 elapsedMs=2021 netSpeedBps=250000 allowanceBytesPerTick=4166 outBytes=51635 bytesPerTick=430 occupancyPctX10=103
LogOGRelayProbe: Warning: [Warning][RelayProbe.Budget] conn=28260 queuedBits min=-66666 max=-63650 mean=-65899 notReadyFrames=0 outPackets=122 bytesPerPacket=423 lost=0
LogOGRelayProbe: Warning: [Warning][RelayProbe.Write] id=28318 runs=120 writes=152 observableWrites=152 captureSpan=152 receivedX1000=1000 observableX1000=1000 deliverableX1000=1000 replaceLatestObservableX1000=789
LogOGRelayProbe: Warning: [Warning][RelayProbe.Write] id=28318 writesPerFrame p50=1 p99=2 max=2 emptyFrames=33 nonConsecutive=0 missedCaptureTicks=0 captures=[20104,20255] discont=0
LogOGRelayProbe: Warning: [Warning][RelayProbe.Frame] role=Server simTicks=120 frames=121 meanTicksPerFrameX100=99 p50=1 p99=1 max=1 meanFrameUs=16564
LogOGRelayProbe: Warning: [Warning][RelayProbe.Frame] role=Server cadence dFrame1=119 dFrame0=0 dFrameGt1=1 discont=0 numSteps total=120 max=1 gt1=0
LogOGInputRelay: Warning: [RelayFlush] window owner=OGBrawlerUECharacter_2147482376 flushedRounds=11712 entries=14271 entriesPerRoundX100=121 suppressed=2568 stageOverflowDrops=0
LogOGNet: Warning: [Warning][InputStats] dropped 0 / 119 remote inputs = 0%
LogOGRelayProbe: Warning: [Warning][RelayProbe.Budget] conn=28260 frames=120 elapsedMs=1987 netSpeedBps=250000 allowanceBytesPerTick=4166 outBytes=51511 bytesPerTick=429 occupancyPctX10=102
LogOGRelayProbe: Warning: [Warning][RelayProbe.Budget] conn=28260 queuedBits min=-66666 max=-63852 mean=-65779 notReadyFrames=0 outPackets=120 bytesPerPacket=429 lost=0
LogOGRelayProbe: Warning: [Warning][RelayProbe.Write] id=28318 runs=120 writes=150 observableWrites=150 captureSpan=150 receivedX1000=1000 observableX1000=1000 deliverableX1000=1000 replaceLatestObservableX1000=800
LogOGRelayProbe: Warning: [Warning][RelayProbe.Write] id=28318 writesPerFrame p50=1 p99=2 max=2 emptyFrames=31 nonConsecutive=0 missedCaptureTicks=0 captures=[20256,20405] discont=0
LogOGRelayProbe: Warning: [Warning][RelayProbe.Frame] role=Server simTicks=122 frames=124 meanTicksPerFrameX100=98 p50=1 p99=2 max=2 meanFrameUs=16485
LogOGRelayProbe: Warning: [Warning][RelayProbe.Frame] role=Server cadence dFrame1=116 dFrame0=0 dFrameGt1=4 discont=0 numSteps total=122 max=2 gt1=2
LogOGInputRelay: Warning: [RelayFlush] window owner=OGBrawlerUECharacter_2147482376 flushedRounds=11811 entries=14390 entriesPerRoundX100=121 suppressed=2589 stageOverflowDrops=0
LogOGNet: Warning: [Warning][InputStats] dropped 0 / 119 remote inputs = 0%
LogOGRelayProbe: Warning: [Warning][RelayProbe.Budget] conn=28260 frames=120 elapsedMs=2065 netSpeedBps=250000 allowanceBytesPerTick=4166 outBytes=51741 bytesPerTick=431 occupancyPctX10=103
LogOGRelayProbe: Warning: [Warning][RelayProbe.Budget] conn=28260 queuedBits min=-66666 max=-63394 mean=-65656 notReadyFrames=0 outPackets=125 bytesPerPacket=413 lost=0
LogOGRelayProbe: Warning: [Warning][RelayProbe.Write] id=28318 runs=120 writes=135 observableWrites=135 captureSpan=135 receivedX1000=1000 observableX1000=1000 deliverableX1000=1000 replaceLatestObservableX1000=888
LogOGRelayProbe: Warning: [Warning][RelayProbe.Write] id=28318 writesPerFrame p50=1 p99=2 max=2 emptyFrames=16 nonConsecutive=0 missedCaptureTicks=0 captures=[20406,20540] discont=0
LogOGRelayProbe: Warning: [Warning][RelayProbe.Frame] role=Server simTicks=121 frames=121 meanTicksPerFrameX100=100 p50=1 p99=1 max=2 meanFrameUs=16558
LogOGRelayProbe: Warning: [Warning][RelayProbe.Frame] role=Server cadence dFrame1=119 dFrame0=0 dFrameGt1=1 discont=0 numSteps total=121 max=2 gt1=1
LogOGInputRelay: Warning: [RelayFlush] window owner=OGBrawlerUECharacter_2147482376 flushedRounds=11913 entries=14510 entriesPerRoundX100=121 suppressed=2607 stageOverflowDrops=0
LogOGNet: Warning: [Warning][InputStats] dropped 0 / 119 remote inputs = 0%
LogOGRelayProbe: Warning: [Warning][RelayProbe.Budget] conn=28260 frames=120 elapsedMs=1986 netSpeedBps=250000 allowanceBytesPerTick=4166 outBytes=51512 bytesPerTick=429 occupancyPctX10=102
LogOGRelayProbe: Warning: [Warning][RelayProbe.Budget] conn=28260 queuedBits min=-66666 max=-63650 mean=-65769 notReadyFrames=0 outPackets=120 bytesPerPacket=429 lost=0
LogOGRelayProbe: Warning: [Warning][RelayProbe.Write] id=28318 runs=120 writes=154 observableWrites=154 captureSpan=154 receivedX1000=1000 observableX1000=1000 deliverableX1000=1000 replaceLatestObservableX1000=779
LogOGRelayProbe: Warning: [Warning][RelayProbe.Write] id=28318 writesPerFrame p50=1 p99=2 max=2 emptyFrames=36 nonConsecutive=0 missedCaptureTicks=0 captures=[20541,20694] discont=0
LogOGRelayProbe: Warning: [Warning][RelayProbe.Frame] role=Server simTicks=121 frames=122 meanTicksPerFrameX100=99 p50=1 p99=1 max=2 meanFrameUs=16591
LogOGRelayProbe: Warning: [Warning][RelayProbe.Frame] role=Server cadence dFrame1=118 dFrame0=0 dFrameGt1=2 discont=0 numSteps total=121 max=2 gt1=1
LogOGInputRelay: Warning: [RelayFlush] window owner=OGBrawlerUECharacter_2147482376 flushedRounds=12009 entries=14629 entriesPerRoundX100=121 suppressed=2631 stageOverflowDrops=0
LogOGNet: Warning: [Warning][InputStats] dropped 0 / 119 remote inputs = 0%
LogOGRelayProbe: Warning: [Warning][RelayProbe.Budget] conn=28260 frames=120 elapsedMs=2019 netSpeedBps=250000 allowanceBytesPerTick=4166 outBytes=51624 bytesPerTick=430 occupancyPctX10=103
LogOGRelayProbe: Warning: [Warning][RelayProbe.Budget] conn=28260 queuedBits min=-66666 max=-63646 mean=-65830 notReadyFrames=0 outPackets=122 bytesPerPacket=423 lost=0
LogOGRelayProbe: Warning: [Warning][RelayProbe.Frame] role=Server simTicks=120 frames=120 meanTicksPerFrameX100=100 p50=1 p99=1 max=1 meanFrameUs=16591
LogOGRelayProbe: Warning: [Warning][RelayProbe.Frame] role=Server cadence dFrame1=120 dFrame0=0 dFrameGt1=0 discont=0 numSteps total=120 max=1 gt1=0
LogOGInputRelay: Warning: [RelayFlush] window owner=OGBrawlerUECharacter_2147482376 flushedRounds=12099 entries=14748 entriesPerRoundX100=121 suppressed=2661 stageOverflowDrops=0
LogOGNet: Warning: [Warning][InputStats] dropped 0 / 119 remote inputs = 0%
LogOGRelayProbe: Warning: [Warning][RelayProbe.Budget] conn=28260 frames=120 elapsedMs=2006 netSpeedBps=250000 allowanceBytesPerTick=4166 outBytes=51577 bytesPerTick=429 occupancyPctX10=102
LogOGRelayProbe: Warning: [Warning][RelayProbe.Budget] conn=28260 queuedBits min=-66666 max=-63320 mean=-65842 notReadyFrames=0 outPackets=121 bytesPerPacket=426 lost=0
LogOGRelayProbe: Warning: [Warning][RelayProbe.Write] id=28318 runs=120 writes=152 observableWrites=152 captureSpan=152 receivedX1000=1000 observableX1000=1000 deliverableX1000=1000 replaceLatestObservableX1000=789
LogOGRelayProbe: Warning: [Warning][RelayProbe.Write] id=28318 writesPerFrame p50=1 p99=2 max=2 emptyFrames=32 nonConsecutive=0 missedCaptureTicks=0 captures=[20695,20846] discont=0
LogOGRelayProbe: Warning: [Warning][RelayProbe.Frame] role=Server simTicks=120 frames=121 meanTicksPerFrameX100=99 p50=1 p99=1 max=1 meanFrameUs=16558
LogOGRelayProbe: Warning: [Warning][RelayProbe.Frame] role=Server cadence dFrame1=119 dFrame0=0 dFrameGt1=1 discont=0 numSteps total=120 max=1 gt1=0
LogOGInputRelay: Warning: [RelayFlush] window owner=OGBrawlerUECharacter_2147482376 flushedRounds=12207 entries=14868 entriesPerRoundX100=121 suppressed=2673 stageOverflowDrops=0
LogOGNet: Warning: [Warning][InputStats] dropped 0 / 119 remote inputs = 0%
LogOGRelayProbe: Warning: [Warning][RelayProbe.Budget] conn=28260 frames=120 elapsedMs=1997 netSpeedBps=250000 allowanceBytesPerTick=4166 outBytes=51524 bytesPerTick=429 occupancyPctX10=102
LogOGRelayProbe: Warning: [Warning][RelayProbe.Budget] conn=28260 queuedBits min=-66666 max=-63822 mean=-65931 notReadyFrames=0 outPackets=120 bytesPerPacket=429 lost=0
LogOGRelayProbe: Warning: [Warning][RelayProbe.Write] id=28318 runs=120 writes=138 observableWrites=138 captureSpan=138 receivedX1000=1000 observableX1000=1000 deliverableX1000=1000 replaceLatestObservableX1000=869
LogOGRelayProbe: Warning: [Warning][RelayProbe.Write] id=28318 writesPerFrame p50=1 p99=2 max=2 emptyFrames=18 nonConsecutive=0 missedCaptureTicks=0 captures=[20847,20984] discont=0
LogOGRelayProbe: Warning: [Warning][RelayProbe.Frame] role=Server simTicks=120 frames=120 meanTicksPerFrameX100=100 p50=1 p99=1 max=1 meanFrameUs=16657
LogOGRelayProbe: Warning: [Warning][RelayProbe.Frame] role=Server cadence dFrame1=120 dFrame0=0 dFrameGt1=0 discont=0 numSteps total=120 max=1 gt1=0
LogOGInputRelay: Warning: [RelayFlush] window owner=OGBrawlerUECharacter_2147482376 flushedRounds=12294 entries=14987 entriesPerRoundX100=121 suppressed=2706 stageOverflowDrops=0
LogOGNet: Warning: [Warning][InputStats] dropped 0 / 119 remote inputs = 0%
LogOGRelayProbe: Warning: [Warning][RelayProbe.Budget] conn=28260 frames=120 elapsedMs=1994 netSpeedBps=250000 allowanceBytesPerTick=4166 outBytes=51529 bytesPerTick=429 occupancyPctX10=102
LogOGRelayProbe: Warning: [Warning][RelayProbe.Budget] conn=28260 queuedBits min=-66666 max=-63750 mean=-65873 notReadyFrames=0 outPackets=120 bytesPerPacket=429 lost=0
LogOGRelayProbe: Warning: [Warning][RelayProbe.Write] id=28318 runs=120 writes=177 observableWrites=177 captureSpan=177 receivedX1000=1000 observableX1000=1000 deliverableX1000=1000 replaceLatestObservableX1000=677
LogOGRelayProbe: Warning: [Warning][RelayProbe.Write] id=28318 writesPerFrame p50=1 p99=2 max=2 emptyFrames=58 nonConsecutive=0 missedCaptureTicks=0 captures=[20985,21161] discont=0
LogOGRelayProbe: Warning: [Warning][RelayProbe.Frame] role=Server simTicks=120 frames=120 meanTicksPerFrameX100=100 p50=1 p99=1 max=1 meanFrameUs=16657
LogOGRelayProbe: Warning: [Warning][RelayProbe.Frame] role=Server cadence dFrame1=120 dFrame0=0 dFrameGt1=0 discont=0 numSteps total=120 max=1 gt1=0
LogOGInputRelay: Warning: [RelayFlush] window owner=OGBrawlerUECharacter_2147482376 flushedRounds=12375 entries=15107 entriesPerRoundX100=122 suppressed=2745 stageOverflowDrops=0
LogOGNet: Warning: [Warning][InputStats] dropped 0 / 119 remote inputs = 0%
LogOGRelayProbe: Warning: [Warning][RelayProbe.Budget] conn=28260 frames=120 elapsedMs=2010 netSpeedBps=250000 allowanceBytesPerTick=4166 outBytes=51575 bytesPerTick=429 occupancyPctX10=102
LogOGRelayProbe: Warning: [Warning][RelayProbe.Budget] conn=28260 queuedBits min=-66666 max=-63748 mean=-66021 notReadyFrames=0 outPackets=121 bytesPerPacket=426 lost=0
LogOGRelayProbe: Warning: [Warning][RelayProbe.Frame] role=Server simTicks=120 frames=121 meanTicksPerFrameX100=99 p50=1 p99=1 max=1 meanFrameUs=16526
LogOGRelayProbe: Warning: [Warning][RelayProbe.Frame] role=Server cadence dFrame1=119 dFrame0=0 dFrameGt1=1 discont=0 numSteps total=120 max=1 gt1=0
LogOGInputRelay: Warning: [RelayFlush] window owner=OGBrawlerUECharacter_2147482376 flushedRounds=12476 entries=15227 entriesPerRoundX100=122 suppressed=2764 stageOverflowDrops=0
LogOGNet: Warning: [Warning][InputStats] dropped 0 / 119 remote inputs = 0%
LogOGRelayProbe: Warning: [Warning][RelayProbe.Write] id=28318 runs=120 writes=149 observableWrites=149 captureSpan=149 receivedX1000=1000 observableX1000=1000 deliverableX1000=1000 replaceLatestObservableX1000=805
LogOGRelayProbe: Warning: [Warning][RelayProbe.Write] id=28318 writesPerFrame p50=1 p99=2 max=2 emptyFrames=30 nonConsecutive=0 missedCaptureTicks=0 captures=[21162,21310] discont=0
LogOGRelayProbe: Warning: [Warning][RelayProbe.Budget] conn=28260 frames=120 elapsedMs=1987 netSpeedBps=250000 allowanceBytesPerTick=4166 outBytes=51527 bytesPerTick=429 occupancyPctX10=102
LogOGRelayProbe: Warning: [Warning][RelayProbe.Budget] conn=28260 queuedBits min=-66666 max=-63646 mean=-65788 notReadyFrames=0 outPackets=120 bytesPerPacket=429 lost=0
LogOGRelayProbe: Warning: [Warning][RelayProbe.Frame] role=Server simTicks=121 frames=122 meanTicksPerFrameX100=99 p50=1 p99=1 max=2 meanFrameUs=16548
LogOGRelayProbe: Warning: [Warning][RelayProbe.Frame] role=Server cadence dFrame1=118 dFrame0=0 dFrameGt1=2 discont=0 numSteps total=121 max=2 gt1=1
LogOGInputRelay: Warning: [RelayFlush] window owner=OGBrawlerUECharacter_2147482376 flushedRounds=12568 entries=15345 entriesPerRoundX100=122 suppressed=2792 stageOverflowDrops=0
LogOGNet: Warning: [Warning][InputStats] dropped 0 / 119 remote inputs = 0%
LogOGRelayProbe: Warning: [Warning][RelayProbe.Budget] conn=28260 frames=120 elapsedMs=2018 netSpeedBps=250000 allowanceBytesPerTick=4166 outBytes=51576 bytesPerTick=429 occupancyPctX10=102
LogOGRelayProbe: Warning: [Warning][RelayProbe.Budget] conn=28260 queuedBits min=-66666 max=-64014 mean=-65733 notReadyFrames=0 outPackets=122 bytesPerPacket=422 lost=0
LogOGRelayProbe: Warning: [Warning][RelayProbe.Write] id=28318 runs=120 writes=160 observableWrites=160 captureSpan=160 receivedX1000=1000 observableX1000=1000 deliverableX1000=1000 replaceLatestObservableX1000=750
LogOGRelayProbe: Warning: [Warning][RelayProbe.Write] id=28318 writesPerFrame p50=1 p99=2 max=2 emptyFrames=41 nonConsecutive=0 missedCaptureTicks=0 captures=[21311,21470] discont=0
LogOGRelayProbe: Warning: [Warning][RelayProbe.Frame] role=Server simTicks=122 frames=123 meanTicksPerFrameX100=99 p50=1 p99=1 max=2 meanFrameUs=16568
LogOGRelayProbe: Warning: [Warning][RelayProbe.Frame] role=Server cadence dFrame1=117 dFrame0=0 dFrameGt1=3 discont=0 numSteps total=122 max=2 gt1=2
LogOGInputRelay: Warning: [RelayFlush] window owner=OGBrawlerUECharacter_2147482376 flushedRounds=12665 entries=15465 entriesPerRoundX100=122 suppressed=2815 stageOverflowDrops=0
LogOGNet: Warning: [Warning][InputStats] dropped 0 / 119 remote inputs = 0%
LogOGRelayProbe: Warning: [Warning][RelayProbe.Budget] conn=28260 frames=120 elapsedMs=2037 netSpeedBps=250000 allowanceBytesPerTick=4166 outBytes=51680 bytesPerTick=430 occupancyPctX10=103
LogOGRelayProbe: Warning: [Warning][RelayProbe.Budget] conn=28260 queuedBits min=-66666 max=-63928 mean=-65789 notReadyFrames=0 outPackets=123 bytesPerPacket=420 lost=0
LogOGRelayProbe: Warning: [Warning][RelayProbe.Write] id=28318 runs=120 writes=135 observableWrites=135 captureSpan=135 receivedX1000=1000 observableX1000=1000 deliverableX1000=1000 replaceLatestObservableX1000=888
LogOGRelayProbe: Warning: [Warning][RelayProbe.Write] id=28318 writesPerFrame p50=1 p99=2 max=2 emptyFrames=15 nonConsecutive=0 missedCaptureTicks=0 captures=[21471,21605] discont=0
LogOGRelayProbe: Warning: [Warning][RelayProbe.Frame] role=Server simTicks=120 frames=120 meanTicksPerFrameX100=100 p50=1 p99=1 max=1 meanFrameUs=16619
LogOGRelayProbe: Warning: [Warning][RelayProbe.Frame] role=Server cadence dFrame1=120 dFrame0=0 dFrameGt1=0 discont=0 numSteps total=120 max=1 gt1=0
LogOGInputRelay: Warning: [RelayFlush] window owner=OGBrawlerUECharacter_2147482376 flushedRounds=12764 entries=15585 entriesPerRoundX100=122 suppressed=2836 stageOverflowDrops=0
LogOGNet: Warning: [Warning][InputStats] dropped 0 / 119 remote inputs = 0%
LogOGRelayProbe: Warning: [Warning][RelayProbe.Budget] conn=28260 frames=120 elapsedMs=2008 netSpeedBps=250000 allowanceBytesPerTick=4166 outBytes=51578 bytesPerTick=429 occupancyPctX10=102
LogOGRelayProbe: Warning: [Warning][RelayProbe.Budget] conn=28260 queuedBits min=-66666 max=-63576 mean=-65865 notReadyFrames=0 outPackets=121 bytesPerPacket=426 lost=0
LogOGRelayProbe: Warning: [Warning][RelayProbe.Write] id=28318 runs=120 writes=145 observableWrites=145 captureSpan=145 receivedX1000=1000 observableX1000=1000 deliverableX1000=1000 replaceLatestObservableX1000=827
LogOGRelayProbe: Warning: [Warning][RelayProbe.Write] id=28318 writesPerFrame p50=1 p99=2 max=2 emptyFrames=26 nonConsecutive=0 missedCaptureTicks=0 captures=[21606,21750] discont=0
LogOGInputRelay: Warning: [RelayFlush] window owner=OGBrawlerUECharacter_2147482376 flushedRounds=12870 entries=15704 entriesPerRoundX100=122 suppressed=2850 stageOverflowDrops=0
LogOGRelayProbe: Warning: [Warning][RelayProbe.Frame] role=Server simTicks=122 frames=123 meanTicksPerFrameX100=99 p50=1 p99=2 max=2 meanFrameUs=16578
LogOGRelayProbe: Warning: [Warning][RelayProbe.Frame] role=Server cadence dFrame1=117 dFrame0=0 dFrameGt1=3 discont=0 numSteps total=122 max=2 gt1=2
LogOGNet: Warning: [Warning][InputStats] dropped 0 / 119 remote inputs = 0%
LogOGRelayProbe: Warning: [Warning][RelayProbe.Budget] conn=28260 frames=120 elapsedMs=2022 netSpeedBps=250000 allowanceBytesPerTick=4166 outBytes=51610 bytesPerTick=430 occupancyPctX10=103
LogOGRelayProbe: Warning: [Warning][RelayProbe.Budget] conn=28260 queuedBits min=-66666 max=-63560 mean=-65832 notReadyFrames=0 outPackets=122 bytesPerPacket=423 lost=0
LogOGRelayProbe: Warning: [Warning][RelayProbe.Write] id=28318 runs=120 writes=124 observableWrites=124 captureSpan=124 receivedX1000=1000 observableX1000=1000 deliverableX1000=1000 replaceLatestObservableX1000=967
LogOGRelayProbe: Warning: [Warning][RelayProbe.Write] id=28318 writesPerFrame p50=1 p99=2 max=2 emptyFrames=4 nonConsecutive=0 missedCaptureTicks=0 captures=[21751,21874] discont=0
LogOGInputRelay: Warning: [RelayFlush] window owner=OGBrawlerUECharacter_2147482376 flushedRounds=12980 entries=15824 entriesPerRoundX100=121 suppressed=2860 stageOverflowDrops=0
LogOGRelayProbe: Warning: [Warning][RelayProbe.Frame] role=Server simTicks=120 frames=120 meanTicksPerFrameX100=100 p50=1 p99=1 max=1 meanFrameUs=16659
LogOGRelayProbe: Warning: [Warning][RelayProbe.Frame] role=Server cadence dFrame1=120 dFrame0=0 dFrameGt1=0 discont=0 numSteps total=120 max=1 gt1=0
LogOGNet: Warning: [Warning][InputStats] dropped 0 / 119 remote inputs = 0%
LogOGRelayProbe: Warning: [Warning][RelayProbe.Budget] conn=28260 frames=120 elapsedMs=2001 netSpeedBps=250000 allowanceBytesPerTick=4166 outBytes=51525 bytesPerTick=429 occupancyPctX10=102
LogOGRelayProbe: Warning: [Warning][RelayProbe.Budget] conn=28260 queuedBits min=-66666 max=-63630 mean=-66002 notReadyFrames=0 outPackets=120 bytesPerPacket=429 lost=0
LogOGRelayProbe: Warning: [Warning][RelayProbe.Write] id=28318 runs=120 writes=133 observableWrites=133 captureSpan=133 receivedX1000=1000 observableX1000=1000 deliverableX1000=1000 replaceLatestObservableX1000=902
LogOGRelayProbe: Warning: [Warning][RelayProbe.Write] id=28318 writesPerFrame p50=1 p99=2 max=2 emptyFrames=13 nonConsecutive=0 missedCaptureTicks=0 captures=[21875,22007] discont=0
LogOGNet: Warning: [Warning][InputStats] dropped 0 / 119 remote inputs = 0%
LogOGInputRelay: Warning: [RelayFlush] window owner=OGBrawlerUECharacter_2147482376 flushedRounds=13093 entries=15944 entriesPerRoundX100=121 suppressed=2867 stageOverflowDrops=0
LogOGRelayProbe: Warning: [Warning][RelayProbe.Frame] role=Server simTicks=120 frames=120 meanTicksPerFrameX100=100 p50=1 p99=1 max=1 meanFrameUs=16658
LogOGRelayProbe: Warning: [Warning][RelayProbe.Frame] role=Server cadence dFrame1=120 dFrame0=0 dFrameGt1=0 discont=0 numSteps total=120 max=1 gt1=0
LogOGRelayProbe: Warning: [Warning][RelayProbe.Budget] conn=28260 frames=120 elapsedMs=1993 netSpeedBps=250000 allowanceBytesPerTick=4166 outBytes=51527 bytesPerTick=429 occupancyPctX10=102
LogOGRelayProbe: Warning: [Warning][RelayProbe.Budget] conn=28260 queuedBits min=-66666 max=-63848 mean=-65934 notReadyFrames=0 outPackets=120 bytesPerPacket=429 lost=0
LogOGNet: Warning: [Warning][InputStats] dropped 0 / 119 remote inputs = 0%
LogOGInputRelay: Warning: [RelayFlush] window owner=OGBrawlerUECharacter_2147482376 flushedRounds=13198 entries=16063 entriesPerRoundX100=121 suppressed=2882 stageOverflowDrops=0
LogOGRelayProbe: Warning: [Warning][RelayProbe.Frame] role=Server simTicks=120 frames=121 meanTicksPerFrameX100=99 p50=1 p99=1 max=1 meanFrameUs=16544
LogOGRelayProbe: Warning: [Warning][RelayProbe.Frame] role=Server cadence dFrame1=119 dFrame0=0 dFrameGt1=1 discont=0 numSteps total=120 max=1 gt1=0
LogOGRelayProbe: Warning: [Warning][RelayProbe.Write] id=28318 runs=120 writes=135 observableWrites=135 captureSpan=135 receivedX1000=1000 observableX1000=1000 deliverableX1000=1000 replaceLatestObservableX1000=888
LogOGRelayProbe: Warning: [Warning][RelayProbe.Write] id=28318 writesPerFrame p50=1 p99=2 max=2 emptyFrames=16 nonConsecutive=0 missedCaptureTicks=0 captures=[22008,22142] discont=0
LogOGRelayProbe: Warning: [Warning][RelayProbe.Budget] conn=28260 frames=120 elapsedMs=2004 netSpeedBps=250000 allowanceBytesPerTick=4166 outBytes=51562 bytesPerTick=429 occupancyPctX10=102
LogOGRelayProbe: Warning: [Warning][RelayProbe.Budget] conn=28260 queuedBits min=-66666 max=-63312 mean=-65804 notReadyFrames=0 outPackets=121 bytesPerPacket=426 lost=0
LogOGNet: Warning: [Warning][InputStats] dropped 0 / 119 remote inputs = 0%
LogOGInputRelay: Warning: [RelayFlush] window owner=OGBrawlerUECharacter_2147482376 flushedRounds=13302 entries=16182 entriesPerRoundX100=121 suppressed=2898 stageOverflowDrops=0
LogOGRelayProbe: Warning: [Warning][RelayProbe.Frame] role=Server simTicks=123 frames=124 meanTicksPerFrameX100=99 p50=1 p99=2 max=2 meanFrameUs=16549
LogOGRelayProbe: Warning: [Warning][RelayProbe.Frame] role=Server cadence dFrame1=116 dFrame0=0 dFrameGt1=4 discont=0 numSteps total=123 max=2 gt1=3
LogOGRelayProbe: Warning: [Warning][RelayProbe.Write] id=28318 runs=120 writes=136 observableWrites=136 captureSpan=136 receivedX1000=1000 observableX1000=1000 deliverableX1000=1000 replaceLatestObservableX1000=882
LogOGRelayProbe: Warning: [Warning][RelayProbe.Write] id=28318 writesPerFrame p50=1 p99=2 max=2 emptyFrames=17 nonConsecutive=0 missedCaptureTicks=0 captures=[22143,22278] discont=0
LogOGRelayProbe: Warning: [Warning][RelayProbe.Budget] conn=28260 frames=120 elapsedMs=2055 netSpeedBps=250000 allowanceBytesPerTick=4166 outBytes=51705 bytesPerTick=430 occupancyPctX10=103
LogOGRelayProbe: Warning: [Warning][RelayProbe.Budget] conn=28260 queuedBits min=-66666 max=-63646 mean=-65768 notReadyFrames=0 outPackets=124 bytesPerPacket=416 lost=0
LogOGNet: Warning: [Warning][InputStats] dropped 0 / 119 remote inputs = 0%
LogOGInputRelay: Warning: [RelayFlush] window owner=OGBrawlerUECharacter_2147482376 flushedRounds=13418 entries=16302 entriesPerRoundX100=121 suppressed=2902 stageOverflowDrops=0
LogOGRelayProbe: Warning: [Warning][RelayProbe.Frame] role=Server simTicks=120 frames=120 meanTicksPerFrameX100=100 p50=1 p99=1 max=1 meanFrameUs=16670
LogOGRelayProbe: Warning: [Warning][RelayProbe.Frame] role=Server cadence dFrame1=120 dFrame0=0 dFrameGt1=0 discont=0 numSteps total=120 max=1 gt1=0
LogOGRelayProbe: Warning: [Warning][RelayProbe.Write] id=28318 runs=120 writes=125 observableWrites=125 captureSpan=125 receivedX1000=1000 observableX1000=1000 deliverableX1000=1000 replaceLatestObservableX1000=960
LogOGRelayProbe: Warning: [Warning][RelayProbe.Write] id=28318 writesPerFrame p50=1 p99=2 max=2 emptyFrames=5 nonConsecutive=0 missedCaptureTicks=0 captures=[22279,22403] discont=0
LogOGRelayProbe: Warning: [Warning][RelayProbe.Budget] conn=28260 frames=120 elapsedMs=1998 netSpeedBps=250000 allowanceBytesPerTick=4166 outBytes=51527 bytesPerTick=429 occupancyPctX10=102
LogOGRelayProbe: Warning: [Warning][RelayProbe.Budget] conn=28260 queuedBits min=-66666 max=-63592 mean=-66027 notReadyFrames=0 outPackets=120 bytesPerPacket=429 lost=0
LogOGNet: Warning: [Warning][InputStats] dropped 0 / 119 remote inputs = 0%
LogOGInputRelay: Warning: [RelayFlush] window owner=OGBrawlerUECharacter_2147482376 flushedRounds=13528 entries=16421 entriesPerRoundX100=121 suppressed=2912 stageOverflowDrops=0
LogOGRelayProbe: Warning: [Warning][RelayProbe.Frame] role=Server simTicks=120 frames=121 meanTicksPerFrameX100=99 p50=1 p99=1 max=1 meanFrameUs=16554
LogOGRelayProbe: Warning: [Warning][RelayProbe.Frame] role=Server cadence dFrame1=119 dFrame0=0 dFrameGt1=1 discont=0 numSteps total=120 max=1 gt1=0
LogOGRelayProbe: Warning: [Warning][RelayProbe.Write] id=28318 runs=120 writes=127 observableWrites=127 captureSpan=127 receivedX1000=1000 observableX1000=1000 deliverableX1000=1000 replaceLatestObservableX1000=944
LogOGRelayProbe: Warning: [Warning][RelayProbe.Write] id=28318 writesPerFrame p50=1 p99=2 max=2 emptyFrames=8 nonConsecutive=0 missedCaptureTicks=0 captures=[22404,22530] discont=0
LogOGRelayProbe: Warning: [Warning][RelayProbe.Budget] conn=28260 frames=120 elapsedMs=2001 netSpeedBps=250000 allowanceBytesPerTick=4166 outBytes=51552 bytesPerTick=429 occupancyPctX10=102
LogOGRelayProbe: Warning: [Warning][RelayProbe.Budget] conn=28260 queuedBits min=-66666 max=-63650 mean=-65758 notReadyFrames=0 outPackets=121 bytesPerPacket=426 lost=0
LogOGInputRelay: Warning: [RelayFlush] FINAL owner=OGBrawlerUECharacter_2147482376 flushedRounds=13631 entries=16533 entriesPerRoundX100=121 suppressed=2922 stageOverflowDrops=0
LogOGNet: Warning: [Warning][InputStats] dropped 0 / 113 remote inputs = 0%
