LogInit: Display: No sandbox specified, assuming ../../Saved/Cooked/WindowsClient/
LogCsvProfiler: Display: Metadata set : systemresolution.resx="1280"
LogCsvProfiler: Display: Metadata set : systemresolution.resy="720"
LogAudio: Display: Pre-Initializing Audio Device Manager...
LogAudio: Display: AudioInfo: 'OPUS' Registered
LogAudioDebug: Display: Lib vorbis DLL was dynamically loaded.
LogAudio: Display: AudioInfo: 'OGG' Registered
LogAudio: Display: AudioInfo: 'ADPCM' Registered
LogAudio: Display: AudioInfo: 'PCM' Registered
LogAudio: Display: AudioInfo: 'BINKA' Registered
LogAudio: Display: AudioInfo: 'RADA' Registered
LogAudio: Display: Audio Device Manager Pre-Initialized
RenderDocPlugin: Display: RenderDoc plugin will not be loaded. Use '-AttachRenderDoc' on the cmd line or enable 'renderdoc.AutoAttach' in the plugin settings.
LogCsvProfiler: Display: Metadata set : systemresolution.resx="1920"
LogCsvProfiler: Display: Metadata set : systemresolution.resy="1080"
LogHAL: Display: Platform has ~ 32 GB [33510694912 / 34359738368 / 32], which maps to Largest [LargestMinGB=32, LargerMinGB=12, DefaultMinGB=8, SmallerMinGB=6, SmallestMinGB=0)
LogCsvProfiler: Display: Metadata set : extradevelopmentmemorymb="0"
LogWindowsTouchpad: Display: CacheForceMaxTouchpadSensitivityMode SetMaxTouchpadSensitivity
LogObj: Display: Attempting to load config data for Default__SlateThemeManager before the Class has been constructed/registered/linked (likely during module loading or early startup). This will result in the load silently failing and should be fixed.
LogCsvProfiler: Display: Metadata set : verbatimrhiname="Null"
LogCsvProfiler: Display: Metadata set : rhiname="Null"
LogCsvProfiler: Display: Metadata set : rhifeaturelevel="SM6"
LogCsvProfiler: Display: Metadata set : shaderplatform="PCD3D_SM6"
LogStreaming: Display: FlushAsyncLoading(1): 1 QueuedPackages, 0 AsyncPackages
LogConfig: Display: Read in platform Android ini files took 0.02 seconds
LogConfig: Display: Read in platform IOS ini files took 0.02 seconds
LogConfig: Display: Read in platform Linux ini files took 0.03 seconds
LogConfig: Display: Read in platform LinuxArm64 ini files took 0.03 seconds
LogConfig: Display: Read in platform Mac ini files took 0.02 seconds
LogConfig: Display: Read in platform TVOS ini files took 0.02 seconds
LogConfig: Display: Read in platform VisionOS ini files took 0.02 seconds
LogDeviceProfileManager: Display: Deviceprofile LinuxArm64Editor not found.
LogDeviceProfileManager: Display: Deviceprofile LinuxArm64 not found.
LogCsvProfiler: Display: Metadata set : deviceprofile="WindowsClient"
LogAudioCaptureCore: Display: No Audio Capture implementations found. Audio input will be silent.
LogMetaSound: Display: MetaSound Page Target Initialized to 'Default'
LogAudioCaptureCore: Display: No Audio Capture implementations found. Audio input will be silent.
LogAudio: Display: Registering Engine Module Parameter Interfaces...
LogAudio: Display: Initializing Audio Device Manager...
LogAudio: Display: Loading Default Audio Settings Objects...
LogAudio: Display: No default SoundConcurrencyObject specified (or failed to load).
LogAudio: Display: Audio Device Manager Initialized
LogAudio: Display: Creating Audio Device:                 Id: 1, Scope: Shared, Realtime: True
LogAudioMixer: Display: Audio Mixer Platform Settings:
LogAudioMixer: Display: 	Sample Rate:						  48000
LogAudioMixer: Display: 	Callback Buffer Frame Size Requested: 1024
LogAudioMixer: Display: 	Callback Buffer Frame Size To Use:	  1024
LogAudioMixer: Display: 	Number of buffers to queue:			  1
LogAudioMixer: Display: 	Max Channels (voices):				  32
LogAudioMixer: Display: 	Number of Async Source Workers:		  4
LogAudio: Display: AudioDevice MaxSources: 32
LogAudio: Display: Audio Spatialization Plugin: None (built-in).
LogAudio: Display: Audio Reverb Plugin: None (built-in).
LogAudio: Display: Audio Occlusion Plugin: None (built-in).
LogAudioMixer: Display: Initializing audio mixer using platform API: 'XAudio2'
LogAudioMixer: Display: Using Audio Hardware Device Headphones (ROG CETRA OPEN WIRELESS)
LogAudioMixer: Display: Initializing Sound Submixes...
LogAudioMixer: Display: Creating Master Submix 'MasterSubmixDefault'
LogAudioMixer: Display: Creating Master Submix 'MasterReverbSubmixDefault'
LogAudioMixer: Display: Output buffers initialized: Frames=1024, Channels=2, Samples=2048, InstanceID=1
LogAudioMixer: Display: Starting AudioMixerPlatformInterface::RunInternal(), InstanceID=1
LogAudioMixer: Display: FMixerPlatformXAudio2::SubmitBuffer() called for the first time. InstanceID=1
LogCsvProfiler: Display: Metadata set : largeworldcoordinates="1"
LogAudio: Display: Audio Device (ID: 1) registered with world 'Untitled'.
LogInit: Display: Game Engine Initialized.
LogInit: Display: Starting Game.
LogCsvProfiler: Display: Metadata set : iris="1"
LogIris: Display: Iris ReplicationSystem[0]: ReplicationSystem_2147482512 (0x0000018C89EE8440) is created
LogIris: Display: FInternalNetSerializerDelegates::BroadcastLoadedModulesUpdated() called while there are 0 active ReplicationSystems. This is good. Total loaded modules: 62.
LogInit: Display: Engine is initialized. Leaving FEngineLoop::Init()
LogTrace: Display: Control listening on port 37418
LogIris: Warning: FInternalNetSerializerDelegates::BroadcastLoadedModulesUpdated() called while there are 1 active ReplicationSystems. If polymorphic types are registered we may have corrupt data. A restart of the ReplicationSystem or NetDriver is recommended. Total loaded modules: 64.
LogAudio: Display: Audio Device unregistered from world 'None'.
LogStreaming: Display: FlushAsyncLoading(61): 1 QueuedPackages, 0 AsyncPackages
LogAudio: Display: Audio Device (ID: 1) registered with world 'ThirdPersonMap'.
LogWorldPartition: Display: WorldPartition initialize started...
LogWorldPartition: Display: WorldPartition initialize took 47 us
LogIris: Warning: FInternalNetSerializerDelegates::BroadcastLoadedModulesUpdated() called while there are 1 active ReplicationSystems. If polymorphic types are registered we may have corrupt data. A restart of the ReplicationSystem or NetDriver is recommended. Total loaded modules: 65.
LogIris: Warning: Generating descriptor for struct UpdateLevelVisibilityLevelInfo that has custom serialization.
LogOGResimProbe: Warning: [ResimProbe.Session] resim-gate probe LIVE ? verbosity=Warning verboseDetail=off windowSamples=120
LogOGNet: Warning: [ResimGate] session policy = OnDisagreement (ini override), depthPolicy = skip beyond 12 ticks, rateLimit = none (structural: one resim in flight, one pending)
LogOGIrisNet: Display: [IrisSerializerProof] struct=RelayedInputRing dir=Load state=live NetSerialize IS BEING CALLED ON A REAL PAYLOAD. payloadBytes=85 arrayElements=83 | wire bits: memberWise(pre-T29)=681 lastResort(post-T29)=700 delta=+19 bits (+2.4 B)
LogOGInputRelay: Warning: [InputRelay] ring OnRep with no consumer bound (owner=None) ? dropped; healed by the next replication if the owner resolves
LogOGNet: Warning: [RelayDelayFloor] floor = 6 ticks, UPWARD, requesting 2-tick prediction stall
LogViewport: Display: Player bShowMouseCursor Changed, False -> True
LogOGIrisNet: Display: [IrisSerializerProof] struct=SimulationStateSyncBuffer dir=Load state=live NetSerialize IS BEING CALLED ON A REAL PAYLOAD. payloadBytes=311 arrayElements=384 | wire bits: memberWise(pre-T29)=3089 lastResort(post-T29)=2508 delta=-581 bits (-72.6 B)
LogOG: Warning: [Warning] PCTM CPC: hard resync oldTick=0 -> newTick=2330 drift=2330
LogOGResimProbe: Warning: [Warning][ResimProbe.Gate] checks=120 declined=19 requested=101 requestedPerMille=842 deepSkips=0 survivingAnchors=0
LogOGResimProbe: Warning: [Warning][ResimProbe.Chaos] requests=101 grants=99 refused=2 refusedPerMille=20 repeat=2 clamped=0 depthMin=3 depthMax=5
LogOGResimProbe: Warning: [Warning][ResimProbe.Apply] prepares=99 finishes=99 abandoned=0 stuck=0 replayTicks=474 replayOverruns=0 freshProtects=12 staleProtects=0
LogOGRelayProbe: Warning: [Warning][RelayProbe.Read] window=[2330,2450] src=Prediction hit=115 miss=4 verifyFail=0 rung0=0 total=119
LogOGRelayProbe: Warning: [Warning][RelayProbe.Read] window=[2330,2450] src=Resim hit=461 miss=6 verifyFail=0 rung0=0 total=467
LogOGRelayProbe: Warning: [Warning][RelayProbe.Miss] window=[2330,2450] src=Prediction inSpan=0 aboveNewest=0 belowOldest=4 noProbeTick=0 miss=4
LogOGRelayProbe: Warning: [Warning][RelayProbe.Miss] window=[2330,2450] src=Resim inSpan=0 aboveNewest=0 belowOldest=6 noProbeTick=0 miss=6
LogOGRelayProbe: Warning: [Warning][RelayProbe.Delta] window=[2330,2450] src=Prediction n=119 p10=-5 p50=-4 p90=-3 min=-5 max=-2 satLow=0 satHigh=0
LogOGRelayProbe: Warning: [Warning][RelayProbe.Delta] window=[2330,2450] src=Resim n=467 p10=-7 p50=-5 p90=-3 min=-9 max=-2 satLow=0 satHigh=0
LogOGRelayProbe: Warning: [Warning][RelayProbe.Stale] window=[2330,2450] maxConsecutiveFallbackRun=4 id=28397
LogOGResimProbe: Warning: [Warning][ResimProbe.Frame] role=Client simTicks=119 frames=197 meanTicksPerFrameX100=60 p50=1 p99=1 max=1 meanFrameUs=10003
LogOGResimProbe: Warning: [Warning][ResimProbe.Frame] role=Client cadence dFrame1=41 dFrame0=0 dFrameGt1=79 discont=1 numSteps total=122 max=1 gt1=0
LogOGResimProbe: Warning: [Warning][ResimProbe.Landing] class=LocallyPredicted behind=58 atFrontier=0 discarded=2 atFrontierPerMille=0 windowSamples=120
LogOGResimProbe: Warning: [Warning][ResimProbe.Landing] class=RemoteProxy behind=58 atFrontier=0 discarded=2 atFrontierPerMille=0 windowSamples=120
LogOGDivergenceProbe: Warning: [Warning][DivergenceProbe.Window] class=LocallyPredicted corrections=60 disagreed=60 ratePerMille=1000 windowSamples=120
LogOGDivergenceProbe: Warning: [Warning][DivergenceProbe.Window] class=RemoteProxy corrections=60 disagreed=60 ratePerMille=1000 windowSamples=120
LogOGRelayProbe: Warning: [Warning][RelayProbe.Arrival] samples=120 gapCaptureTicks p50=1 p99=3 max=3 noAdvance=0 saturated=0 lostCaptureTicksX1000=0 lost=0 delivered=165 expected=165 discont=0 discontMax=0
LogOGResimProbe: Warning: [Warning][ResimProbe.Gate] checks=120 declined=24 requested=96 requestedPerMille=800 deepSkips=0 survivingAnchors=0
LogOGResimProbe: Warning: [Warning][ResimProbe.Chaos] requests=95 grants=91 refused=4 refusedPerMille=42 repeat=4 clamped=0 depthMin=3 depthMax=5
LogOGResimProbe: Warning: [Warning][ResimProbe.Apply] prepares=91 finishes=91 abandoned=0 stuck=0 replayTicks=413 replayOverruns=0 freshProtects=27 staleProtects=0
LogOGRelayProbe: Warning: [Warning][RelayProbe.Read] window=[2450,2570] src=Prediction hit=120 miss=0 verifyFail=0 rung0=0 total=120
LogOGRelayProbe: Warning: [Warning][RelayProbe.Read] window=[2450,2570] src=Resim hit=402 miss=0 verifyFail=0 rung0=0 total=402
LogOGRelayProbe: Warning: [Warning][RelayProbe.Delta] window=[2450,2570] src=Prediction n=120 p10=-5 p50=-4 p90=-3 min=-5 max=-3 satLow=0 satHigh=0
LogOGRelayProbe: Warning: [Warning][RelayProbe.Delta] window=[2450,2570] src=Resim n=402 p10=-7 p50=-6 p90=-4 min=-9 max=-3 satLow=0 satHigh=0
LogOGResimProbe: Warning: [Warning][ResimProbe.Landing] class=LocallyPredicted behind=60 atFrontier=0 discarded=0 atFrontierPerMille=0 windowSamples=120
LogOGResimProbe: Warning: [Warning][ResimProbe.Landing] class=RemoteProxy behind=60 atFrontier=0 discarded=0 atFrontierPerMille=0 windowSamples=120
LogOGResimProbe: Warning: [Warning][ResimProbe.Frame] role=Client simTicks=120 frames=200 meanTicksPerFrameX100=60 p50=1 p99=1 max=1 meanFrameUs=10000
LogOGResimProbe: Warning: [Warning][ResimProbe.Frame] role=Client cadence dFrame1=40 dFrame0=0 dFrameGt1=80 discont=0 numSteps total=120 max=1 gt1=0
LogOGDivergenceProbe: Warning: [Warning][DivergenceProbe.Window] class=LocallyPredicted corrections=60 disagreed=60 ratePerMille=1000 windowSamples=120
LogOGDivergenceProbe: Warning: [Warning][DivergenceProbe.Window] class=RemoteProxy corrections=60 disagreed=60 ratePerMille=1000 windowSamples=120
LogIris: Warning: FInternalNetSerializerDelegates::BroadcastLoadedModulesUpdated() called while there are 1 active ReplicationSystems. If polymorphic types are registered we may have corrupt data. A restart of the ReplicationSystem or NetDriver is recommended. Total loaded modules: 66.
LogOGRelayProbe: Warning: [Warning][RelayProbe.Arrival] samples=120 gapCaptureTicks p50=1 p99=2 max=2 noAdvance=0 saturated=0 lostCaptureTicksX1000=0 lost=0 delivered=178 expected=178 discont=0 discontMax=0
LogOGResimProbe: Warning: [Warning][ResimProbe.Gate] checks=120 declined=8 requested=112 requestedPerMille=933 deepSkips=0 survivingAnchors=0
LogOGResimProbe: Warning: [Warning][ResimProbe.Chaos] requests=113 grants=111 refused=2 refusedPerMille=18 repeat=2 clamped=0 depthMin=3 depthMax=5
LogOGResimProbe: Warning: [Warning][ResimProbe.Apply] prepares=111 finishes=111 abandoned=0 stuck=0 replayTicks=501 replayOverruns=0 freshProtects=9 staleProtects=0
LogOGRelayProbe: Warning: [Warning][RelayProbe.Read] window=[2570,2690] src=Prediction hit=120 miss=0 verifyFail=0 rung0=0 total=120
LogOGRelayProbe: Warning: [Warning][RelayProbe.Read] window=[2570,2690] src=Resim hit=493 miss=0 verifyFail=0 rung0=0 total=493
LogOGRelayProbe: Warning: [Warning][RelayProbe.Delta] window=[2570,2690] src=Prediction n=120 p10=-5 p50=-4 p90=-3 min=-5 max=-2 satLow=0 satHigh=0
LogOGRelayProbe: Warning: [Warning][RelayProbe.Delta] window=[2570,2690] src=Resim n=493 p10=-7 p50=-5 p90=-3 min=-9 max=-2 satLow=0 satHigh=0
LogOGResimProbe: Warning: [Warning][ResimProbe.Landing] class=LocallyPredicted behind=60 atFrontier=0 discarded=0 atFrontierPerMille=0 windowSamples=120
LogOGResimProbe: Warning: [Warning][ResimProbe.Landing] class=RemoteProxy behind=60 atFrontier=0 discarded=0 atFrontierPerMille=0 windowSamples=120
LogOGResimProbe: Warning: [Warning][ResimProbe.Frame] role=Client simTicks=120 frames=200 meanTicksPerFrameX100=60 p50=1 p99=1 max=1 meanFrameUs=9999
LogOGResimProbe: Warning: [Warning][ResimProbe.Frame] role=Client cadence dFrame1=40 dFrame0=0 dFrameGt1=80 discont=0 numSteps total=120 max=1 gt1=0
LogOGDivergenceProbe: Warning: [Warning][DivergenceProbe.Window] class=LocallyPredicted corrections=60 disagreed=60 ratePerMille=1000 windowSamples=120
LogOGDivergenceProbe: Warning: [Warning][DivergenceProbe.Window] class=RemoteProxy corrections=60 disagreed=60 ratePerMille=1000 windowSamples=120
LogOGResimProbe: Warning: [Warning][ResimProbe.Gate] checks=120 declined=17 requested=103 requestedPerMille=858 deepSkips=0 survivingAnchors=0
LogOGResimProbe: Warning: [Warning][ResimProbe.Chaos] requests=103 grants=99 refused=4 refusedPerMille=39 repeat=4 clamped=0 depthMin=3 depthMax=5
LogOGResimProbe: Warning: [Warning][ResimProbe.Apply] prepares=99 finishes=99 abandoned=0 stuck=0 replayTicks=473 replayOverruns=0 freshProtects=19 staleProtects=0
LogOGResimProbe: Warning: [Warning][ResimProbe.Landing] class=LocallyPredicted behind=60 atFrontier=0 discarded=0 atFrontierPerMille=0 windowSamples=120
LogOGResimProbe: Warning: [Warning][ResimProbe.Landing] class=RemoteProxy behind=60 atFrontier=0 discarded=0 atFrontierPerMille=0 windowSamples=120
LogOGRelayProbe: Warning: [Warning][RelayProbe.Read] window=[2690,2810] src=Prediction hit=120 miss=0 verifyFail=0 rung0=0 total=120
LogOGRelayProbe: Warning: [Warning][RelayProbe.Read] window=[2690,2810] src=Resim hit=464 miss=0 verifyFail=0 rung0=0 total=464
LogOGRelayProbe: Warning: [Warning][RelayProbe.Delta] window=[2690,2810] src=Prediction n=120 p10=-5 p50=-3 p90=-3 min=-5 max=-2 satLow=0 satHigh=0
LogOGRelayProbe: Warning: [Warning][RelayProbe.Delta] window=[2690,2810] src=Resim n=464 p10=-7 p50=-5 p90=-3 min=-9 max=-2 satLow=0 satHigh=0
LogOGResimProbe: Warning: [Warning][ResimProbe.Frame] role=Client simTicks=120 frames=200 meanTicksPerFrameX100=60 p50=1 p99=1 max=1 meanFrameUs=10000
LogOGResimProbe: Warning: [Warning][ResimProbe.Frame] role=Client cadence dFrame1=40 dFrame0=0 dFrameGt1=80 discont=0 numSteps total=120 max=1 gt1=0
LogOGDivergenceProbe: Warning: [Warning][DivergenceProbe.Window] class=LocallyPredicted corrections=60 disagreed=60 ratePerMille=1000 windowSamples=120
LogOGDivergenceProbe: Warning: [Warning][DivergenceProbe.Window] class=RemoteProxy corrections=60 disagreed=60 ratePerMille=1000 windowSamples=120
LogOGRelayProbe: Warning: [Warning][RelayProbe.Arrival] samples=120 gapCaptureTicks p50=2 p99=2 max=3 noAdvance=0 saturated=0 lostCaptureTicksX1000=0 lost=0 delivered=182 expected=182 discont=0 discontMax=0
LogOGResimProbe: Warning: [Warning][ResimProbe.Landing] class=LocallyPredicted behind=60 atFrontier=0 discarded=0 atFrontierPerMille=0 windowSamples=120
LogOGResimProbe: Warning: [Warning][ResimProbe.Landing] class=RemoteProxy behind=60 atFrontier=0 discarded=0 atFrontierPerMille=0 windowSamples=120
LogOGResimProbe: Warning: [Warning][ResimProbe.Gate] checks=120 declined=27 requested=93 requestedPerMille=775 deepSkips=0 survivingAnchors=0
LogOGResimProbe: Warning: [Warning][ResimProbe.Chaos] requests=93 grants=91 refused=2 refusedPerMille=22 repeat=2 clamped=0 depthMin=3 depthMax=5
LogOGResimProbe: Warning: [Warning][ResimProbe.Apply] prepares=91 finishes=91 abandoned=0 stuck=0 replayTicks=431 replayOverruns=0 freshProtects=29 staleProtects=0
LogOGRelayProbe: Warning: [Warning][RelayProbe.Read] window=[2810,2930] src=Prediction hit=120 miss=0 verifyFail=0 rung0=0 total=120
LogOGRelayProbe: Warning: [Warning][RelayProbe.Read] window=[2810,2930] src=Resim hit=417 miss=0 verifyFail=0 rung0=0 total=417
LogOGRelayProbe: Warning: [Warning][RelayProbe.Delta] window=[2810,2930] src=Prediction n=120 p10=-5 p50=-3 p90=-3 min=-5 max=-2 satLow=0 satHigh=0
LogOGRelayProbe: Warning: [Warning][RelayProbe.Delta] window=[2810,2930] src=Resim n=417 p10=-7 p50=-6 p90=-3 min=-9 max=-2 satLow=0 satHigh=0
LogOGResimProbe: Warning: [Warning][ResimProbe.Frame] role=Client simTicks=120 frames=200 meanTicksPerFrameX100=60 p50=1 p99=1 max=1 meanFrameUs=10000
LogOGResimProbe: Warning: [Warning][ResimProbe.Frame] role=Client cadence dFrame1=40 dFrame0=0 dFrameGt1=80 discont=0 numSteps total=120 max=1 gt1=0
LogOGDivergenceProbe: Warning: [Warning][DivergenceProbe.Window] class=LocallyPredicted corrections=60 disagreed=60 ratePerMille=1000 windowSamples=120
LogOGDivergenceProbe: Warning: [Warning][DivergenceProbe.Window] class=RemoteProxy corrections=60 disagreed=60 ratePerMille=1000 windowSamples=120
LogOGRelayProbe: Warning: [Warning][RelayProbe.Arrival] samples=120 gapCaptureTicks p50=1 p99=2 max=2 noAdvance=0 saturated=0 lostCaptureTicksX1000=0 lost=0 delivered=177 expected=177 discont=0 discontMax=0
LogOGResimProbe: Warning: [Warning][ResimProbe.Landing] class=LocallyPredicted behind=60 atFrontier=0 discarded=0 atFrontierPerMille=0 windowSamples=120
LogOGResimProbe: Warning: [Warning][ResimProbe.Landing] class=RemoteProxy behind=60 atFrontier=0 discarded=0 atFrontierPerMille=0 windowSamples=120
LogOGResimProbe: Warning: [Warning][ResimProbe.Gate] checks=120 declined=11 requested=109 requestedPerMille=908 deepSkips=0 survivingAnchors=0
LogOGResimProbe: Warning: [Warning][ResimProbe.Chaos] requests=108 grants=104 refused=4 refusedPerMille=37 repeat=4 clamped=0 depthMin=3 depthMax=5
LogOGResimProbe: Warning: [Warning][ResimProbe.Apply] prepares=104 finishes=104 abandoned=0 stuck=0 replayTicks=489 replayOverruns=0 freshProtects=14 staleProtects=0
LogOGRelayProbe: Warning: [Warning][RelayProbe.Read] window=[2930,3050] src=Prediction hit=120 miss=0 verifyFail=0 rung0=0 total=120
LogOGRelayProbe: Warning: [Warning][RelayProbe.Read] window=[2930,3050] src=Resim hit=487 miss=0 verifyFail=0 rung0=0 total=487
LogOGRelayProbe: Warning: [Warning][RelayProbe.Delta] window=[2930,3050] src=Prediction n=120 p10=-5 p50=-3 p90=-3 min=-5 max=-2 satLow=0 satHigh=0
LogOGRelayProbe: Warning: [Warning][RelayProbe.Delta] window=[2930,3050] src=Resim n=487 p10=-7 p50=-5 p90=-3 min=-9 max=-2 satLow=0 satHigh=0
LogOGResimProbe: Warning: [Warning][ResimProbe.Frame] role=Client simTicks=120 frames=200 meanTicksPerFrameX100=60 p50=1 p99=1 max=1 meanFrameUs=9999
LogOGResimProbe: Warning: [Warning][ResimProbe.Frame] role=Client cadence dFrame1=40 dFrame0=0 dFrameGt1=80 discont=0 numSteps total=120 max=1 gt1=0
LogOGDivergenceProbe: Warning: [Warning][DivergenceProbe.Window] class=LocallyPredicted corrections=60 disagreed=60 ratePerMille=1000 windowSamples=120
LogOGDivergenceProbe: Warning: [Warning][DivergenceProbe.Window] class=RemoteProxy corrections=60 disagreed=60 ratePerMille=1000 windowSamples=120
LogOGResimProbe: Warning: [Warning][ResimProbe.Landing] class=LocallyPredicted behind=60 atFrontier=0 discarded=0 atFrontierPerMille=0 windowSamples=120
LogOGResimProbe: Warning: [Warning][ResimProbe.Landing] class=RemoteProxy behind=60 atFrontier=0 discarded=0 atFrontierPerMille=0 windowSamples=120
LogOGResimProbe: Warning: [Warning][ResimProbe.Gate] checks=120 declined=11 requested=109 requestedPerMille=908 deepSkips=0 survivingAnchors=0
LogOGResimProbe: Warning: [Warning][ResimProbe.Chaos] requests=109 grants=107 refused=2 refusedPerMille=18 repeat=2 clamped=0 depthMin=3 depthMax=5
LogOGResimProbe: Warning: [Warning][ResimProbe.Apply] prepares=107 finishes=107 abandoned=0 stuck=0 replayTicks=516 replayOverruns=0 freshProtects=13 staleProtects=0
LogOGRelayProbe: Warning: [Warning][RelayProbe.Read] window=[3050,3170] src=Prediction hit=120 miss=0 verifyFail=0 rung0=0 total=120
LogOGRelayProbe: Warning: [Warning][RelayProbe.Read] window=[3050,3170] src=Resim hit=510 miss=0 verifyFail=0 rung0=0 total=510
LogOGRelayProbe: Warning: [Warning][RelayProbe.Delta] window=[3050,3170] src=Prediction n=120 p10=-4 p50=-3 p90=-2 min=-5 max=-2 satLow=0 satHigh=0
LogOGRelayProbe: Warning: [Warning][RelayProbe.Delta] window=[3050,3170] src=Resim n=510 p10=-7 p50=-5 p90=-3 min=-9 max=-2 satLow=0 satHigh=0
LogOGDivergenceProbe: Warning: [Warning][DivergenceProbe.Window] class=LocallyPredicted corrections=60 disagreed=60 ratePerMille=1000 windowSamples=120
LogOGDivergenceProbe: Warning: [Warning][DivergenceProbe.Window] class=RemoteProxy corrections=60 disagreed=60 ratePerMille=1000 windowSamples=120
LogOGResimProbe: Warning: [Warning][ResimProbe.Frame] role=Client simTicks=120 frames=200 meanTicksPerFrameX100=60 p50=1 p99=1 max=1 meanFrameUs=10000
LogOGResimProbe: Warning: [Warning][ResimProbe.Frame] role=Client cadence dFrame1=40 dFrame0=0 dFrameGt1=80 discont=0 numSteps total=120 max=1 gt1=0
LogOGRelayProbe: Warning: [Warning][RelayProbe.Arrival] samples=120 gapCaptureTicks p50=1 p99=3 max=3 noAdvance=0 saturated=0 lostCaptureTicksX1000=0 lost=0 delivered=182 expected=182 discont=0 discontMax=0
LogOGResimProbe: Warning: [Warning][ResimProbe.Landing] class=LocallyPredicted behind=60 atFrontier=0 discarded=0 atFrontierPerMille=0 windowSamples=120
LogOGResimProbe: Warning: [Warning][ResimProbe.Landing] class=RemoteProxy behind=60 atFrontier=0 discarded=0 atFrontierPerMille=0 windowSamples=120
LogOGResimProbe: Warning: [Warning][ResimProbe.Gate] checks=120 declined=16 requested=104 requestedPerMille=867 deepSkips=0 survivingAnchors=0
LogOGResimProbe: Warning: [Warning][ResimProbe.Chaos] requests=104 grants=98 refused=6 refusedPerMille=58 repeat=6 clamped=0 depthMin=3 depthMax=5
LogOGResimProbe: Warning: [Warning][ResimProbe.Apply] prepares=98 finishes=98 abandoned=0 stuck=0 replayTicks=477 replayOverruns=0 freshProtects=20 staleProtects=0
LogOGDivergenceProbe: Warning: [Warning][DivergenceProbe.Window] class=LocallyPredicted corrections=60 disagreed=60 ratePerMille=1000 windowSamples=120
LogOGDivergenceProbe: Warning: [Warning][DivergenceProbe.Window] class=RemoteProxy corrections=60 disagreed=60 ratePerMille=1000 windowSamples=120
LogOGRelayProbe: Warning: [Warning][RelayProbe.Read] window=[3170,3290] src=Prediction hit=120 miss=0 verifyFail=0 rung0=0 total=120
LogOGRelayProbe: Warning: [Warning][RelayProbe.Read] window=[3170,3290] src=Resim hit=468 miss=0 verifyFail=0 rung0=0 total=468
LogOGRelayProbe: Warning: [Warning][RelayProbe.Delta] window=[3170,3290] src=Prediction n=120 p10=-4 p50=-3 p90=-3 min=-5 max=-2 satLow=0 satHigh=0
LogOGRelayProbe: Warning: [Warning][RelayProbe.Delta] window=[3170,3290] src=Resim n=468 p10=-7 p50=-5 p90=-3 min=-9 max=-2 satLow=0 satHigh=0
LogOGResimProbe: Warning: [Warning][ResimProbe.Frame] role=Client simTicks=120 frames=200 meanTicksPerFrameX100=60 p50=1 p99=1 max=1 meanFrameUs=10000
LogOGResimProbe: Warning: [Warning][ResimProbe.Frame] role=Client cadence dFrame1=40 dFrame0=0 dFrameGt1=80 discont=0 numSteps total=120 max=1 gt1=0
LogOGRelayProbe: Warning: [Warning][RelayProbe.Arrival] samples=120 gapCaptureTicks p50=1 p99=2 max=3 noAdvance=0 saturated=0 lostCaptureTicksX1000=0 lost=0 delivered=171 expected=171 discont=0 discontMax=0
LogOGResimProbe: Warning: [Warning][ResimProbe.Landing] class=LocallyPredicted behind=60 atFrontier=0 discarded=0 atFrontierPerMille=0 windowSamples=120
LogOGResimProbe: Warning: [Warning][ResimProbe.Landing] class=RemoteProxy behind=60 atFrontier=0 discarded=0 atFrontierPerMille=0 windowSamples=120
LogOGDivergenceProbe: Warning: [Warning][DivergenceProbe.Window] class=LocallyPredicted corrections=60 disagreed=60 ratePerMille=1000 windowSamples=120
LogOGDivergenceProbe: Warning: [Warning][DivergenceProbe.Window] class=RemoteProxy corrections=60 disagreed=60 ratePerMille=1000 windowSamples=120
LogOGResimProbe: Warning: [Warning][ResimProbe.Gate] checks=120 declined=17 requested=103 requestedPerMille=858 deepSkips=0 survivingAnchors=0
LogOGResimProbe: Warning: [Warning][ResimProbe.Chaos] requests=103 grants=101 refused=2 refusedPerMille=19 repeat=2 clamped=0 depthMin=3 depthMax=5
LogOGResimProbe: Warning: [Warning][ResimProbe.Apply] prepares=101 finishes=101 abandoned=0 stuck=0 replayTicks=473 replayOverruns=0 freshProtects=18 staleProtects=0
LogOGRelayProbe: Warning: [Warning][RelayProbe.Read] window=[3290,3410] src=Prediction hit=120 miss=0 verifyFail=0 rung0=0 total=120
LogOGRelayProbe: Warning: [Warning][RelayProbe.Read] window=[3290,3410] src=Resim hit=463 miss=0 verifyFail=0 rung0=0 total=463
LogOGRelayProbe: Warning: [Warning][RelayProbe.Delta] window=[3290,3410] src=Prediction n=120 p10=-5 p50=-3 p90=-3 min=-5 max=-2 satLow=0 satHigh=0
LogOGRelayProbe: Warning: [Warning][RelayProbe.Delta] window=[3290,3410] src=Resim n=463 p10=-7 p50=-5 p90=-3 min=-9 max=-2 satLow=0 satHigh=0
LogOGResimProbe: Warning: [Warning][ResimProbe.Frame] role=Client simTicks=120 frames=200 meanTicksPerFrameX100=60 p50=1 p99=1 max=1 meanFrameUs=10000
LogOGResimProbe: Warning: [Warning][ResimProbe.Frame] role=Client cadence dFrame1=40 dFrame0=0 dFrameGt1=80 discont=0 numSteps total=120 max=1 gt1=0
LogOGResimProbe: Warning: [Warning][ResimProbe.Landing] class=LocallyPredicted behind=60 atFrontier=0 discarded=0 atFrontierPerMille=0 windowSamples=120
LogOGResimProbe: Warning: [Warning][ResimProbe.Landing] class=RemoteProxy behind=60 atFrontier=0 discarded=0 atFrontierPerMille=0 windowSamples=120
LogOGDivergenceProbe: Warning: [Warning][DivergenceProbe.Window] class=LocallyPredicted corrections=60 disagreed=60 ratePerMille=1000 windowSamples=120
LogOGDivergenceProbe: Warning: [Warning][DivergenceProbe.Window] class=RemoteProxy corrections=60 disagreed=60 ratePerMille=1000 windowSamples=120
LogOGResimProbe: Warning: [Warning][ResimProbe.Gate] checks=120 declined=10 requested=110 requestedPerMille=917 deepSkips=0 survivingAnchors=0
LogOGResimProbe: Warning: [Warning][ResimProbe.Chaos] requests=111 grants=107 refused=4 refusedPerMille=36 repeat=4 clamped=0 depthMin=3 depthMax=5
LogOGResimProbe: Warning: [Warning][ResimProbe.Apply] prepares=107 finishes=107 abandoned=0 stuck=0 replayTicks=531 replayOverruns=0 freshProtects=13 staleProtects=0
LogOGRelayProbe: Warning: [Warning][RelayProbe.Read] window=[3410,3530] src=Prediction hit=120 miss=0 verifyFail=0 rung0=0 total=120
LogOGRelayProbe: Warning: [Warning][RelayProbe.Read] window=[3410,3530] src=Resim hit=521 miss=0 verifyFail=0 rung0=0 total=521
LogOGRelayProbe: Warning: [Warning][RelayProbe.Delta] window=[3410,3530] src=Prediction n=120 p10=-4 p50=-3 p90=-2 min=-5 max=-2 satLow=0 satHigh=0
LogOGRelayProbe: Warning: [Warning][RelayProbe.Delta] window=[3410,3530] src=Resim n=521 p10=-7 p50=-5 p90=-3 min=-9 max=-2 satLow=0 satHigh=0
LogOGResimProbe: Warning: [Warning][ResimProbe.Frame] role=Client simTicks=120 frames=200 meanTicksPerFrameX100=60 p50=1 p99=1 max=1 meanFrameUs=10000
LogOGResimProbe: Warning: [Warning][ResimProbe.Frame] role=Client cadence dFrame1=40 dFrame0=0 dFrameGt1=80 discont=0 numSteps total=120 max=1 gt1=0
LogOGRelayProbe: Warning: [Warning][RelayProbe.Arrival] samples=120 gapCaptureTicks p50=1 p99=2 max=2 noAdvance=0 saturated=0 lostCaptureTicksX1000=0 lost=0 delivered=178 expected=178 discont=0 discontMax=0
LogOGResimProbe: Warning: [Warning][ResimProbe.Landing] class=LocallyPredicted behind=60 atFrontier=0 discarded=0 atFrontierPerMille=0 windowSamples=120
LogOGResimProbe: Warning: [Warning][ResimProbe.Landing] class=RemoteProxy behind=60 atFrontier=0 discarded=0 atFrontierPerMille=0 windowSamples=120
LogOGDivergenceProbe: Warning: [Warning][DivergenceProbe.Window] class=LocallyPredicted corrections=60 disagreed=60 ratePerMille=1000 windowSamples=120
LogOGDivergenceProbe: Warning: [Warning][DivergenceProbe.Window] class=RemoteProxy corrections=60 disagreed=60 ratePerMille=1000 windowSamples=120
LogOGResimProbe: Warning: [Warning][ResimProbe.Gate] checks=120 declined=15 requested=105 requestedPerMille=875 deepSkips=0 survivingAnchors=0
LogOGResimProbe: Warning: [Warning][ResimProbe.Chaos] requests=104 grants=96 refused=8 refusedPerMille=77 repeat=8 clamped=0 depthMin=3 depthMax=5
LogOGResimProbe: Warning: [Warning][ResimProbe.Apply] prepares=96 finishes=96 abandoned=0 stuck=0 replayTicks=431 replayOverruns=0 freshProtects=19 staleProtects=0
LogOGRelayProbe: Warning: [Warning][RelayProbe.Read] window=[3530,3650] src=Prediction hit=120 miss=0 verifyFail=0 rung0=0 total=120
LogOGRelayProbe: Warning: [Warning][RelayProbe.Read] window=[3530,3650] src=Resim hit=426 miss=0 verifyFail=0 rung0=0 total=426
LogOGRelayProbe: Warning: [Warning][RelayProbe.Delta] window=[3530,3650] src=Prediction n=120 p10=-5 p50=-4 p90=-3 min=-5 max=-2 satLow=0 satHigh=0
LogOGRelayProbe: Warning: [Warning][RelayProbe.Delta] window=[3530,3650] src=Resim n=426 p10=-8 p50=-6 p90=-4 min=-9 max=-2 satLow=0 satHigh=0
LogOGResimProbe: Warning: [Warning][ResimProbe.Frame] role=Client simTicks=120 frames=200 meanTicksPerFrameX100=60 p50=1 p99=1 max=1 meanFrameUs=9999
LogOGResimProbe: Warning: [Warning][ResimProbe.Frame] role=Client cadence dFrame1=40 dFrame0=0 dFrameGt1=80 discont=0 numSteps total=120 max=1 gt1=0
LogOGRelayProbe: Warning: [Warning][RelayProbe.Arrival] samples=120 gapCaptureTicks p50=1 p99=2 max=3 noAdvance=0 saturated=0 lostCaptureTicksX1000=0 lost=0 delivered=178 expected=178 discont=0 discontMax=0
LogOGResimProbe: Warning: [Warning][ResimProbe.Landing] class=LocallyPredicted behind=60 atFrontier=0 discarded=0 atFrontierPerMille=0 windowSamples=120
LogOGResimProbe: Warning: [Warning][ResimProbe.Landing] class=RemoteProxy behind=60 atFrontier=0 discarded=0 atFrontierPerMille=0 windowSamples=120
LogOGDivergenceProbe: Warning: [Warning][DivergenceProbe.Window] class=LocallyPredicted corrections=60 disagreed=60 ratePerMille=1000 windowSamples=120
LogOGDivergenceProbe: Warning: [Warning][DivergenceProbe.Window] class=RemoteProxy corrections=60 disagreed=60 ratePerMille=1000 windowSamples=120
LogOGResimProbe: Warning: [Warning][ResimProbe.Gate] checks=120 declined=0 requested=120 requestedPerMille=1000 deepSkips=0 survivingAnchors=0
LogOGResimProbe: Warning: [Warning][ResimProbe.Chaos] requests=120 grants=120 refused=0 refusedPerMille=0 repeat=0 clamped=0 depthMin=4 depthMax=4
LogOGResimProbe: Warning: [Warning][ResimProbe.Apply] prepares=120 finishes=120 abandoned=0 stuck=0 replayTicks=600 replayOverruns=0 freshProtects=0 staleProtects=0
LogOGRelayProbe: Warning: [Warning][RelayProbe.Read] window=[3650,3770] src=Prediction hit=120 miss=0 verifyFail=0 rung0=0 total=120
LogOGRelayProbe: Warning: [Warning][RelayProbe.Read] window=[3650,3770] src=Resim hit=600 miss=0 verifyFail=0 rung0=0 total=600
LogOGRelayProbe: Warning: [Warning][RelayProbe.Delta] window=[3650,3770] src=Prediction n=120 p10=-4 p50=-3 p90=-2 min=-4 max=-2 satLow=0 satHigh=0
LogOGRelayProbe: Warning: [Warning][RelayProbe.Delta] window=[3650,3770] src=Resim n=600 p10=-7 p50=-5 p90=-3 min=-8 max=-2 satLow=0 satHigh=0
LogOGResimProbe: Warning: [Warning][ResimProbe.Frame] role=Client simTicks=120 frames=200 meanTicksPerFrameX100=60 p50=1 p99=1 max=1 meanFrameUs=10000
LogOGResimProbe: Warning: [Warning][ResimProbe.Frame] role=Client cadence dFrame1=40 dFrame0=0 dFrameGt1=80 discont=0 numSteps total=120 max=1 gt1=0
LogOGResimProbe: Warning: [Warning][ResimProbe.Landing] class=LocallyPredicted behind=60 atFrontier=0 discarded=0 atFrontierPerMille=0 windowSamples=120
LogOGResimProbe: Warning: [Warning][ResimProbe.Landing] class=RemoteProxy behind=60 atFrontier=0 discarded=0 atFrontierPerMille=0 windowSamples=120
LogOGDivergenceProbe: Warning: [Warning][DivergenceProbe.Window] class=LocallyPredicted corrections=60 disagreed=60 ratePerMille=1000 windowSamples=120
LogOGDivergenceProbe: Warning: [Warning][DivergenceProbe.Window] class=RemoteProxy corrections=60 disagreed=60 ratePerMille=1000 windowSamples=120
LogOGResimProbe: Warning: [Warning][ResimProbe.Gate] checks=120 declined=22 requested=98 requestedPerMille=817 deepSkips=0 survivingAnchors=0
LogOGResimProbe: Warning: [Warning][ResimProbe.Chaos] requests=99 grants=99 refused=0 refusedPerMille=0 repeat=0 clamped=0 depthMin=3 depthMax=4
LogOGResimProbe: Warning: [Warning][ResimProbe.Apply] prepares=99 finishes=99 abandoned=0 stuck=0 replayTicks=494 replayOverruns=0 freshProtects=22 staleProtects=0
LogOGRelayProbe: Warning: [Warning][RelayProbe.Read] window=[3770,3890] src=Prediction hit=120 miss=0 verifyFail=0 rung0=0 total=120
LogOGRelayProbe: Warning: [Warning][RelayProbe.Read] window=[3770,3890] src=Resim hit=479 miss=0 verifyFail=0 rung0=0 total=479
LogOGRelayProbe: Warning: [Warning][RelayProbe.Delta] window=[3770,3890] src=Prediction n=120 p10=-4 p50=-3 p90=-3 min=-5 max=-2 satLow=0 satHigh=0
LogOGRelayProbe: Warning: [Warning][RelayProbe.Delta] window=[3770,3890] src=Resim n=479 p10=-7 p50=-5 p90=-3 min=-9 max=-2 satLow=0 satHigh=0
LogOGResimProbe: Warning: [Warning][ResimProbe.Frame] role=Client simTicks=120 frames=200 meanTicksPerFrameX100=60 p50=1 p99=1 max=1 meanFrameUs=9999
LogOGResimProbe: Warning: [Warning][ResimProbe.Frame] role=Client cadence dFrame1=40 dFrame0=0 dFrameGt1=80 discont=0 numSteps total=120 max=1 gt1=0
LogOGRelayProbe: Warning: [Warning][RelayProbe.Arrival] samples=120 gapCaptureTicks p50=1 p99=2 max=2 noAdvance=0 saturated=0 lostCaptureTicksX1000=0 lost=0 delivered=173 expected=173 discont=0 discontMax=0
LogOGResimProbe: Warning: [Warning][ResimProbe.Landing] class=LocallyPredicted behind=60 atFrontier=0 discarded=0 atFrontierPerMille=0 windowSamples=120
LogOGResimProbe: Warning: [Warning][ResimProbe.Landing] class=RemoteProxy behind=60 atFrontier=0 discarded=0 atFrontierPerMille=0 windowSamples=120
LogOGDivergenceProbe: Warning: [Warning][DivergenceProbe.Window] class=LocallyPredicted corrections=60 disagreed=60 ratePerMille=1000 windowSamples=120
LogOGDivergenceProbe: Warning: [Warning][DivergenceProbe.Window] class=RemoteProxy corrections=60 disagreed=60 ratePerMille=1000 windowSamples=120
LogOGResimProbe: Warning: [Warning][ResimProbe.Gate] checks=120 declined=32 requested=88 requestedPerMille=733 deepSkips=0 survivingAnchors=0
LogOGResimProbe: Warning: [Warning][ResimProbe.Chaos] requests=87 grants=85 refused=2 refusedPerMille=23 repeat=2 clamped=0 depthMin=3 depthMax=5
LogOGResimProbe: Warning: [Warning][ResimProbe.Apply] prepares=85 finishes=85 abandoned=0 stuck=0 replayTicks=391 replayOverruns=0 freshProtects=34 staleProtects=0
LogOGRelayProbe: Warning: [Warning][RelayProbe.Read] window=[3890,4010] src=Prediction hit=120 miss=0 verifyFail=0 rung0=0 total=120
LogOGRelayProbe: Warning: [Warning][RelayProbe.Read] window=[3890,4010] src=Resim hit=378 miss=0 verifyFail=0 rung0=0 total=378
LogOGRelayProbe: Warning: [Warning][RelayProbe.Delta] window=[3890,4010] src=Prediction n=120 p10=-5 p50=-4 p90=-3 min=-5 max=-3 satLow=0 satHigh=0
LogOGRelayProbe: Warning: [Warning][RelayProbe.Delta] window=[3890,4010] src=Resim n=378 p10=-8 p50=-6 p90=-4 min=-9 max=-3 satLow=0 satHigh=0
LogOGResimProbe: Warning: [Warning][ResimProbe.Frame] role=Client simTicks=120 frames=200 meanTicksPerFrameX100=60 p50=1 p99=1 max=1 meanFrameUs=10008
LogOGResimProbe: Warning: [Warning][ResimProbe.Frame] role=Client cadence dFrame1=40 dFrame0=0 dFrameGt1=80 discont=0 numSteps total=120 max=1 gt1=0
LogOGRelayProbe: Warning: [Warning][RelayProbe.Arrival] samples=120 gapCaptureTicks p50=1 p99=2 max=3 noAdvance=0 saturated=0 lostCaptureTicksX1000=0 lost=0 delivered=169 expected=169 discont=0 discontMax=0
LogOGResimProbe: Warning: [Warning][ResimProbe.Landing] class=LocallyPredicted behind=60 atFrontier=0 discarded=0 atFrontierPerMille=0 windowSamples=120
LogOGResimProbe: Warning: [Warning][ResimProbe.Landing] class=RemoteProxy behind=60 atFrontier=0 discarded=0 atFrontierPerMille=0 windowSamples=120
LogOGDivergenceProbe: Warning: [Warning][DivergenceProbe.Window] class=LocallyPredicted corrections=60 disagreed=60 ratePerMille=1000 windowSamples=120
LogOGDivergenceProbe: Warning: [Warning][DivergenceProbe.Window] class=RemoteProxy corrections=60 disagreed=60 ratePerMille=1000 windowSamples=120
LogOGResimProbe: Warning: [Warning][ResimProbe.Gate] checks=120 declined=22 requested=98 requestedPerMille=817 deepSkips=0 survivingAnchors=0
LogOGResimProbe: Warning: [Warning][ResimProbe.Chaos] requests=98 grants=98 refused=0 refusedPerMille=0 repeat=0 clamped=0 depthMin=3 depthMax=4
LogOGResimProbe: Warning: [Warning][ResimProbe.Apply] prepares=98 finishes=98 abandoned=0 stuck=0 replayTicks=455 replayOverruns=0 freshProtects=23 staleProtects=0
LogOGRelayProbe: Warning: [Warning][RelayProbe.Read] window=[4010,4130] src=Prediction hit=120 miss=0 verifyFail=0 rung0=0 total=120
LogOGRelayProbe: Warning: [Warning][RelayProbe.Read] window=[4010,4130] src=Resim hit=445 miss=0 verifyFail=0 rung0=0 total=445
LogOGRelayProbe: Warning: [Warning][RelayProbe.Delta] window=[4010,4130] src=Prediction n=120 p10=-5 p50=-4 p90=-3 min=-5 max=-2 satLow=0 satHigh=0
LogOGRelayProbe: Warning: [Warning][RelayProbe.Delta] window=[4010,4130] src=Resim n=445 p10=-7 p50=-5 p90=-4 min=-9 max=-2 satLow=0 satHigh=0
LogOGResimProbe: Warning: [Warning][ResimProbe.Frame] role=Client simTicks=120 frames=200 meanTicksPerFrameX100=60 p50=1 p99=1 max=1 meanFrameUs=10000
LogOGResimProbe: Warning: [Warning][ResimProbe.Frame] role=Client cadence dFrame1=40 dFrame0=0 dFrameGt1=80 discont=0 numSteps total=120 max=1 gt1=0
LogOGResimProbe: Warning: [Warning][ResimProbe.Landing] class=LocallyPredicted behind=60 atFrontier=0 discarded=0 atFrontierPerMille=0 windowSamples=120
LogOGResimProbe: Warning: [Warning][ResimProbe.Landing] class=RemoteProxy behind=60 atFrontier=0 discarded=0 atFrontierPerMille=0 windowSamples=120
LogOGDivergenceProbe: Warning: [Warning][DivergenceProbe.Window] class=LocallyPredicted corrections=60 disagreed=60 ratePerMille=1000 windowSamples=120
LogOGDivergenceProbe: Warning: [Warning][DivergenceProbe.Window] class=RemoteProxy corrections=60 disagreed=60 ratePerMille=1000 windowSamples=120
LogOGResimProbe: Warning: [Warning][ResimProbe.Gate] checks=120 declined=2 requested=118 requestedPerMille=983 deepSkips=0 survivingAnchors=0
LogOGResimProbe: Warning: [Warning][ResimProbe.Chaos] requests=118 grants=112 refused=6 refusedPerMille=51 repeat=6 clamped=0 depthMin=3 depthMax=5
LogOGResimProbe: Warning: [Warning][ResimProbe.Apply] prepares=112 finishes=112 abandoned=0 stuck=0 replayTicks=514 replayOverruns=0 freshProtects=5 staleProtects=0
LogOGRelayProbe: Warning: [Warning][RelayProbe.Read] window=[4130,4250] src=Prediction hit=120 miss=0 verifyFail=0 rung0=0 total=120
LogOGRelayProbe: Warning: [Warning][RelayProbe.Read] window=[4130,4250] src=Resim hit=513 miss=0 verifyFail=0 rung0=0 total=513
LogOGRelayProbe: Warning: [Warning][RelayProbe.Delta] window=[4130,4250] src=Prediction n=120 p10=-4 p50=-3 p90=-3 min=-5 max=-2 satLow=0 satHigh=0
LogOGRelayProbe: Warning: [Warning][RelayProbe.Delta] window=[4130,4250] src=Resim n=513 p10=-7 p50=-5 p90=-3 min=-9 max=-2 satLow=0 satHigh=0
LogOGResimProbe: Warning: [Warning][ResimProbe.Frame] role=Client simTicks=120 frames=200 meanTicksPerFrameX100=60 p50=1 p99=1 max=1 meanFrameUs=10000
LogOGResimProbe: Warning: [Warning][ResimProbe.Frame] role=Client cadence dFrame1=40 dFrame0=0 dFrameGt1=80 discont=0 numSteps total=120 max=1 gt1=0
LogOGRelayProbe: Warning: [Warning][RelayProbe.Arrival] samples=120 gapCaptureTicks p50=1 p99=2 max=3 noAdvance=0 saturated=0 lostCaptureTicksX1000=0 lost=0 delivered=171 expected=171 discont=0 discontMax=0
LogOGResimProbe: Warning: [Warning][ResimProbe.Landing] class=LocallyPredicted behind=60 atFrontier=0 discarded=0 atFrontierPerMille=0 windowSamples=120
LogOGResimProbe: Warning: [Warning][ResimProbe.Landing] class=RemoteProxy behind=60 atFrontier=0 discarded=0 atFrontierPerMille=0 windowSamples=120
LogOGDivergenceProbe: Warning: [Warning][DivergenceProbe.Window] class=LocallyPredicted corrections=60 disagreed=60 ratePerMille=1000 windowSamples=120
LogOGDivergenceProbe: Warning: [Warning][DivergenceProbe.Window] class=RemoteProxy corrections=60 disagreed=60 ratePerMille=1000 windowSamples=120
LogOGResimProbe: Warning: [Warning][ResimProbe.Gate] checks=120 declined=36 requested=84 requestedPerMille=700 deepSkips=0 survivingAnchors=0
LogOGResimProbe: Warning: [Warning][ResimProbe.Chaos] requests=84 grants=84 refused=0 refusedPerMille=0 repeat=0 clamped=0 depthMin=3 depthMax=4
LogOGResimProbe: Warning: [Warning][ResimProbe.Apply] prepares=84 finishes=84 abandoned=0 stuck=0 replayTicks=418 replayOverruns=0 freshProtects=36 staleProtects=0
LogOGRelayProbe: Warning: [Warning][RelayProbe.Read] window=[4250,4370] src=Prediction hit=120 miss=0 verifyFail=0 rung0=0 total=120
LogOGRelayProbe: Warning: [Warning][RelayProbe.Read] window=[4250,4370] src=Resim hit=402 miss=0 verifyFail=0 rung0=0 total=402
LogOGRelayProbe: Warning: [Warning][RelayProbe.Delta] window=[4250,4370] src=Prediction n=120 p10=-4 p50=-3 p90=-3 min=-5 max=-2 satLow=0 satHigh=0
LogOGRelayProbe: Warning: [Warning][RelayProbe.Delta] window=[4250,4370] src=Resim n=402 p10=-7 p50=-5 p90=-3 min=-9 max=-2 satLow=0 satHigh=0
LogOGResimProbe: Warning: [Warning][ResimProbe.Frame] role=Client simTicks=120 frames=200 meanTicksPerFrameX100=60 p50=1 p99=1 max=1 meanFrameUs=10000
LogOGResimProbe: Warning: [Warning][ResimProbe.Frame] role=Client cadence dFrame1=40 dFrame0=0 dFrameGt1=80 discont=0 numSteps total=120 max=1 gt1=0
LogOGRelayProbe: Warning: [Warning][RelayProbe.Arrival] samples=120 gapCaptureTicks p50=1 p99=3 max=3 noAdvance=0 saturated=0 lostCaptureTicksX1000=0 lost=0 delivered=173 expected=173 discont=0 discontMax=0
LogOGResimProbe: Warning: [Warning][ResimProbe.Landing] class=LocallyPredicted behind=60 atFrontier=0 discarded=0 atFrontierPerMille=0 windowSamples=120
LogOGResimProbe: Warning: [Warning][ResimProbe.Landing] class=RemoteProxy behind=60 atFrontier=0 discarded=0 atFrontierPerMille=0 windowSamples=120
LogOGDivergenceProbe: Warning: [Warning][DivergenceProbe.Window] class=LocallyPredicted corrections=60 disagreed=60 ratePerMille=1000 windowSamples=120
LogOGDivergenceProbe: Warning: [Warning][DivergenceProbe.Window] class=RemoteProxy corrections=60 disagreed=60 ratePerMille=1000 windowSamples=120
LogOGResimProbe: Warning: [Warning][ResimProbe.Gate] checks=120 declined=16 requested=104 requestedPerMille=867 deepSkips=0 survivingAnchors=0
LogOGResimProbe: Warning: [Warning][ResimProbe.Chaos] requests=105 grants=97 refused=8 refusedPerMille=76 repeat=8 clamped=0 depthMin=3 depthMax=5
LogOGResimProbe: Warning: [Warning][ResimProbe.Apply] prepares=97 finishes=97 abandoned=0 stuck=0 replayTicks=475 replayOverruns=0 freshProtects=20 staleProtects=0
LogOGRelayProbe: Warning: [Warning][RelayProbe.Read] window=[4370,4490] src=Prediction hit=120 miss=0 verifyFail=0 rung0=0 total=120
LogOGRelayProbe: Warning: [Warning][RelayProbe.Read] window=[4370,4490] src=Resim hit=460 miss=0 verifyFail=0 rung0=0 total=460
LogOGRelayProbe: Warning: [Warning][RelayProbe.Delta] window=[4370,4490] src=Prediction n=120 p10=-4 p50=-3 p90=-3 min=-5 max=-2 satLow=0 satHigh=0
LogOGRelayProbe: Warning: [Warning][RelayProbe.Delta] window=[4370,4490] src=Resim n=460 p10=-7 p50=-5 p90=-3 min=-9 max=-2 satLow=0 satHigh=0
LogOGResimProbe: Warning: [Warning][ResimProbe.Frame] role=Client simTicks=120 frames=200 meanTicksPerFrameX100=60 p50=1 p99=1 max=1 meanFrameUs=9999
LogOGResimProbe: Warning: [Warning][ResimProbe.Frame] role=Client cadence dFrame1=40 dFrame0=0 dFrameGt1=80 discont=0 numSteps total=120 max=1 gt1=0
LogOGResimProbe: Warning: [Warning][ResimProbe.Landing] class=LocallyPredicted behind=60 atFrontier=0 discarded=0 atFrontierPerMille=0 windowSamples=120
LogOGResimProbe: Warning: [Warning][ResimProbe.Landing] class=RemoteProxy behind=60 atFrontier=0 discarded=0 atFrontierPerMille=0 windowSamples=120
LogOGRelayProbe: Warning: [Warning][RelayProbe.Arrival] samples=120 gapCaptureTicks p50=1 p99=2 max=2 noAdvance=0 saturated=0 lostCaptureTicksX1000=0 lost=0 delivered=175 expected=175 discont=0 discontMax=0
LogOGDivergenceProbe: Warning: [Warning][DivergenceProbe.Window] class=LocallyPredicted corrections=60 disagreed=60 ratePerMille=1000 windowSamples=120
LogOGDivergenceProbe: Warning: [Warning][DivergenceProbe.Window] class=RemoteProxy corrections=60 disagreed=60 ratePerMille=1000 windowSamples=120
LogOGResimProbe: Warning: [Warning][ResimProbe.Gate] checks=120 declined=17 requested=103 requestedPerMille=858 deepSkips=0 survivingAnchors=0
LogOGResimProbe: Warning: [Warning][ResimProbe.Chaos] requests=102 grants=101 refused=1 refusedPerMille=10 repeat=1 clamped=0 depthMin=3 depthMax=4
LogOGResimProbe: Warning: [Warning][ResimProbe.Apply] prepares=101 finishes=101 abandoned=0 stuck=0 replayTicks=430 replayOverruns=0 freshProtects=18 staleProtects=0
LogOGRelayProbe: Warning: [Warning][RelayProbe.Read] window=[4490,4610] src=Prediction hit=120 miss=0 verifyFail=0 rung0=0 total=120
LogOGRelayProbe: Warning: [Warning][RelayProbe.Read] window=[4490,4610] src=Resim hit=421 miss=0 verifyFail=0 rung0=0 total=421
LogOGRelayProbe: Warning: [Warning][RelayProbe.Delta] window=[4490,4610] src=Prediction n=120 p10=-5 p50=-4 p90=-3 min=-5 max=-3 satLow=0 satHigh=0
LogOGRelayProbe: Warning: [Warning][RelayProbe.Delta] window=[4490,4610] src=Resim n=421 p10=-7 p50=-6 p90=-4 min=-9 max=-3 satLow=0 satHigh=0
LogOGResimProbe: Warning: [Warning][ResimProbe.Frame] role=Client simTicks=120 frames=200 meanTicksPerFrameX100=60 p50=1 p99=1 max=1 meanFrameUs=10000
LogOGResimProbe: Warning: [Warning][ResimProbe.Frame] role=Client cadence dFrame1=40 dFrame0=0 dFrameGt1=80 discont=0 numSteps total=120 max=1 gt1=0
LogOGResimProbe: Warning: [Warning][ResimProbe.Landing] class=LocallyPredicted behind=60 atFrontier=0 discarded=0 atFrontierPerMille=0 windowSamples=120
LogOGResimProbe: Warning: [Warning][ResimProbe.Landing] class=RemoteProxy behind=60 atFrontier=0 discarded=0 atFrontierPerMille=0 windowSamples=120
LogOGDivergenceProbe: Warning: [Warning][DivergenceProbe.Window] class=LocallyPredicted corrections=60 disagreed=60 ratePerMille=1000 windowSamples=120
LogOGDivergenceProbe: Warning: [Warning][DivergenceProbe.Window] class=RemoteProxy corrections=60 disagreed=60 ratePerMille=1000 windowSamples=120
LogOGResimProbe: Warning: [Warning][ResimProbe.Gate] checks=120 declined=4 requested=116 requestedPerMille=967 deepSkips=0 survivingAnchors=0
LogOGResimProbe: Warning: [Warning][ResimProbe.Chaos] requests=117 grants=114 refused=3 refusedPerMille=26 repeat=3 clamped=0 depthMin=3 depthMax=5
LogOGResimProbe: Warning: [Warning][ResimProbe.Apply] prepares=114 finishes=114 abandoned=0 stuck=0 replayTicks=545 replayOverruns=0 freshProtects=6 staleProtects=0
LogOGRelayProbe: Warning: [Warning][RelayProbe.Read] window=[4610,4730] src=Prediction hit=120 miss=0 verifyFail=0 rung0=0 total=120
LogOGRelayProbe: Warning: [Warning][RelayProbe.Read] window=[4610,4730] src=Resim hit=543 miss=0 verifyFail=0 rung0=0 total=543
LogOGRelayProbe: Warning: [Warning][RelayProbe.Delta] window=[4610,4730] src=Prediction n=120 p10=-4 p50=-3 p90=-3 min=-4 max=-2 satLow=0 satHigh=0
LogOGRelayProbe: Warning: [Warning][RelayProbe.Delta] window=[4610,4730] src=Resim n=543 p10=-7 p50=-5 p90=-3 min=-9 max=-2 satLow=0 satHigh=0
LogOGResimProbe: Warning: [Warning][ResimProbe.Frame] role=Client simTicks=120 frames=200 meanTicksPerFrameX100=60 p50=1 p99=1 max=1 meanFrameUs=10000
LogOGResimProbe: Warning: [Warning][ResimProbe.Frame] role=Client cadence dFrame1=40 dFrame0=0 dFrameGt1=80 discont=0 numSteps total=120 max=1 gt1=0
LogOGRelayProbe: Warning: [Warning][RelayProbe.Arrival] samples=120 gapCaptureTicks p50=1 p99=2 max=3 noAdvance=0 saturated=0 lostCaptureTicksX1000=0 lost=0 delivered=176 expected=176 discont=0 discontMax=0
LogOGResimProbe: Warning: [Warning][ResimProbe.Landing] class=LocallyPredicted behind=60 atFrontier=0 discarded=0 atFrontierPerMille=0 windowSamples=120
LogOGResimProbe: Warning: [Warning][ResimProbe.Landing] class=RemoteProxy behind=60 atFrontier=0 discarded=0 atFrontierPerMille=0 windowSamples=120
LogOGDivergenceProbe: Warning: [Warning][DivergenceProbe.Window] class=LocallyPredicted corrections=60 disagreed=60 ratePerMille=1000 windowSamples=120
LogOGDivergenceProbe: Warning: [Warning][DivergenceProbe.Window] class=RemoteProxy corrections=60 disagreed=60 ratePerMille=1000 windowSamples=120
LogOGResimProbe: Warning: [Warning][ResimProbe.Gate] checks=120 declined=20 requested=100 requestedPerMille=833 deepSkips=0 survivingAnchors=0
LogOGResimProbe: Warning: [Warning][ResimProbe.Chaos] requests=99 grants=97 refused=2 refusedPerMille=20 repeat=2 clamped=0 depthMin=3 depthMax=5
LogOGResimProbe: Warning: [Warning][ResimProbe.Apply] prepares=97 finishes=97 abandoned=0 stuck=0 replayTicks=471 replayOverruns=0 freshProtects=23 staleProtects=0
LogOGRelayProbe: Warning: [Warning][RelayProbe.Read] window=[4730,4850] src=Prediction hit=120 miss=0 verifyFail=0 rung0=0 total=120
LogOGRelayProbe: Warning: [Warning][RelayProbe.Read] window=[4730,4850] src=Resim hit=463 miss=0 verifyFail=0 rung0=0 total=463
LogOGRelayProbe: Warning: [Warning][RelayProbe.Delta] window=[4730,4850] src=Prediction n=120 p10=-5 p50=-3 p90=-2 min=-5 max=-2 satLow=0 satHigh=0
LogOGRelayProbe: Warning: [Warning][RelayProbe.Delta] window=[4730,4850] src=Resim n=463 p10=-7 p50=-5 p90=-3 min=-9 max=-2 satLow=0 satHigh=0
LogOGResimProbe: Warning: [Warning][ResimProbe.Frame] role=Client simTicks=120 frames=200 meanTicksPerFrameX100=60 p50=1 p99=1 max=1 meanFrameUs=10000
LogOGResimProbe: Warning: [Warning][ResimProbe.Frame] role=Client cadence dFrame1=40 dFrame0=0 dFrameGt1=80 discont=0 numSteps total=120 max=1 gt1=0
LogOGResimProbe: Warning: [Warning][ResimProbe.Landing] class=LocallyPredicted behind=59 atFrontier=0 discarded=1 atFrontierPerMille=0 windowSamples=120
LogOGResimProbe: Warning: [Warning][ResimProbe.Landing] class=RemoteProxy behind=58 atFrontier=1 discarded=1 atFrontierPerMille=17 windowSamples=120
LogOGRelayProbe: Warning: [Warning][RelayProbe.Arrival] samples=120 gapCaptureTicks p50=1 p99=3 max=5 noAdvance=0 saturated=0 lostCaptureTicksX1000=10 lost=2 delivered=183 expected=185 discont=0 discontMax=0
LogOGDivergenceProbe: Warning: [Warning][DivergenceProbe.Window] class=LocallyPredicted corrections=60 disagreed=60 ratePerMille=1000 windowSamples=120
LogOGDivergenceProbe: Warning: [Warning][DivergenceProbe.Window] class=RemoteProxy corrections=60 disagreed=60 ratePerMille=1000 windowSamples=120
LogOGResimProbe: Warning: [Warning][ResimProbe.Gate] checks=120 declined=16 requested=104 requestedPerMille=867 deepSkips=0 survivingAnchors=0
LogOGResimProbe: Warning: [Warning][ResimProbe.Chaos] requests=104 grants=104 refused=0 refusedPerMille=0 repeat=0 clamped=0 depthMin=1 depthMax=5
LogOGResimProbe: Warning: [Warning][ResimProbe.Apply] prepares=104 finishes=104 abandoned=0 stuck=0 replayTicks=489 replayOverruns=0 freshProtects=9 staleProtects=0
LogOGRelayProbe: Warning: [Warning][RelayProbe.Read] window=[4850,4970] src=Prediction hit=118 miss=2 verifyFail=0 rung0=0 total=120
LogOGRelayProbe: Warning: [Warning][RelayProbe.Read] window=[4850,4970] src=Resim hit=478 miss=8 verifyFail=0 rung0=0 total=486
LogOGRelayProbe: Warning: [Warning][RelayProbe.Miss] window=[4850,4970] src=Prediction inSpan=2 aboveNewest=0 belowOldest=0 noProbeTick=0 miss=2
LogOGRelayProbe: Warning: [Warning][RelayProbe.Miss] window=[4850,4970] src=Resim inSpan=8 aboveNewest=0 belowOldest=0 noProbeTick=0 miss=8
LogOGRelayProbe: Warning: [Warning][RelayProbe.Delta] window=[4850,4970] src=Prediction n=120 p10=-5 p50=-4 p90=-3 min=-5 max=0 satLow=0 satHigh=0
LogOGRelayProbe: Warning: [Warning][RelayProbe.Delta] window=[4850,4970] src=Resim n=486 p10=-8 p50=-6 p90=-4 min=-10 max=-3 satLow=0 satHigh=0
LogOGRelayProbe: Warning: [Warning][RelayProbe.Stale] window=[4850,4970] maxConsecutiveFallbackRun=2 id=28397
LogOGResimProbe: Warning: [Warning][ResimProbe.Frame] role=Client simTicks=125 frames=199 meanTicksPerFrameX100=62 p50=1 p99=6 max=6 meanFrameUs=10437
LogOGResimProbe: Warning: [Warning][ResimProbe.Frame] role=Client cadence dFrame1=41 dFrame0=0 dFrameGt1=79 discont=0 numSteps total=125 max=6 gt1=1
LogOGResimProbe: Warning: [Warning][ResimProbe.Landing] class=LocallyPredicted behind=60 atFrontier=0 discarded=0 atFrontierPerMille=0 windowSamples=120
LogOGResimProbe: Warning: [Warning][ResimProbe.Landing] class=RemoteProxy behind=60 atFrontier=0 discarded=0 atFrontierPerMille=0 windowSamples=120
LogOGDivergenceProbe: Warning: [Warning][DivergenceProbe.Window] class=LocallyPredicted corrections=60 disagreed=60 ratePerMille=1000 windowSamples=120
LogOGDivergenceProbe: Warning: [Warning][DivergenceProbe.Window] class=RemoteProxy corrections=60 disagreed=60 ratePerMille=1000 windowSamples=120
LogOGResimProbe: Warning: [Warning][ResimProbe.Gate] checks=120 declined=5 requested=115 requestedPerMille=958 deepSkips=0 survivingAnchors=0
LogOGResimProbe: Warning: [Warning][ResimProbe.Chaos] requests=115 grants=115 refused=0 refusedPerMille=0 repeat=0 clamped=0 depthMin=3 depthMax=5
LogOGResimProbe: Warning: [Warning][ResimProbe.Apply] prepares=115 finishes=115 abandoned=0 stuck=0 replayTicks=575 replayOverruns=0 freshProtects=5 staleProtects=0
LogOGRelayProbe: Warning: [Warning][RelayProbe.Read] window=[4970,5090] src=Prediction hit=120 miss=0 verifyFail=0 rung0=0 total=120
LogOGRelayProbe: Warning: [Warning][RelayProbe.Read] window=[4970,5090] src=Resim hit=572 miss=0 verifyFail=0 rung0=0 total=572
LogOGRelayProbe: Warning: [Warning][RelayProbe.Delta] window=[4970,5090] src=Prediction n=120 p10=-4 p50=-4 p90=-3 min=-5 max=-2 satLow=0 satHigh=0
LogOGRelayProbe: Warning: [Warning][RelayProbe.Delta] window=[4970,5090] src=Resim n=572 p10=-8 p50=-6 p90=-4 min=-10 max=-2 satLow=0 satHigh=0
LogOGResimProbe: Warning: [Warning][ResimProbe.Frame] role=Client simTicks=120 frames=200 meanTicksPerFrameX100=60 p50=1 p99=1 max=1 meanFrameUs=10002
LogOGResimProbe: Warning: [Warning][ResimProbe.Frame] role=Client cadence dFrame1=40 dFrame0=0 dFrameGt1=80 discont=0 numSteps total=120 max=1 gt1=0
LogOGRelayProbe: Warning: [Warning][RelayProbe.Arrival] samples=120 gapCaptureTicks p50=1 p99=2 max=3 noAdvance=0 saturated=0 lostCaptureTicksX1000=0 lost=0 delivered=178 expected=178 discont=0 discontMax=0
LogOGResimProbe: Warning: [Warning][ResimProbe.Landing] class=LocallyPredicted behind=60 atFrontier=0 discarded=0 atFrontierPerMille=0 windowSamples=120
LogOGResimProbe: Warning: [Warning][ResimProbe.Landing] class=RemoteProxy behind=60 atFrontier=0 discarded=0 atFrontierPerMille=0 windowSamples=120
LogOGDivergenceProbe: Warning: [Warning][DivergenceProbe.Window] class=LocallyPredicted corrections=60 disagreed=60 ratePerMille=1000 windowSamples=120
LogOGDivergenceProbe: Warning: [Warning][DivergenceProbe.Window] class=RemoteProxy corrections=60 disagreed=60 ratePerMille=1000 windowSamples=120
LogOGResimProbe: Warning: [Warning][ResimProbe.Gate] checks=120 declined=4 requested=116 requestedPerMille=967 deepSkips=0 survivingAnchors=0
LogOGResimProbe: Warning: [Warning][ResimProbe.Chaos] requests=116 grants=116 refused=0 refusedPerMille=0 repeat=0 clamped=0 depthMin=3 depthMax=5
LogOGResimProbe: Warning: [Warning][ResimProbe.Apply] prepares=116 finishes=116 abandoned=0 stuck=0 replayTicks=579 replayOverruns=0 freshProtects=3 staleProtects=0
LogOGRelayProbe: Warning: [Warning][RelayProbe.Read] window=[5090,5210] src=Prediction hit=120 miss=0 verifyFail=0 rung0=0 total=120
LogOGRelayProbe: Warning: [Warning][RelayProbe.Read] window=[5090,5210] src=Resim hit=577 miss=0 verifyFail=0 rung0=0 total=577
LogOGRelayProbe: Warning: [Warning][RelayProbe.Delta] window=[5090,5210] src=Prediction n=120 p10=-5 p50=-4 p90=-3 min=-5 max=-3 satLow=0 satHigh=0
LogOGRelayProbe: Warning: [Warning][RelayProbe.Delta] window=[5090,5210] src=Resim n=577 p10=-8 p50=-6 p90=-4 min=-10 max=-3 satLow=0 satHigh=0
LogOGResimProbe: Warning: [Warning][ResimProbe.Frame] role=Client simTicks=120 frames=199 meanTicksPerFrameX100=60 p50=1 p99=1 max=1 meanFrameUs=10001
LogOGResimProbe: Warning: [Warning][ResimProbe.Frame] role=Client cadence dFrame1=41 dFrame0=0 dFrameGt1=79 discont=0 numSteps total=120 max=1 gt1=0
LogOGResimProbe: Warning: [Warning][ResimProbe.Landing] class=LocallyPredicted behind=60 atFrontier=0 discarded=0 atFrontierPerMille=0 windowSamples=120
LogOGResimProbe: Warning: [Warning][ResimProbe.Landing] class=RemoteProxy behind=60 atFrontier=0 discarded=0 atFrontierPerMille=0 windowSamples=120
LogOGRelayProbe: Warning: [Warning][RelayProbe.Arrival] samples=120 gapCaptureTicks p50=1 p99=2 max=2 noAdvance=0 saturated=0 lostCaptureTicksX1000=0 lost=0 delivered=180 expected=180 discont=0 discontMax=0
LogOGDivergenceProbe: Warning: [Warning][DivergenceProbe.Window] class=LocallyPredicted corrections=60 disagreed=60 ratePerMille=1000 windowSamples=120
LogOGDivergenceProbe: Warning: [Warning][DivergenceProbe.Window] class=RemoteProxy corrections=60 disagreed=60 ratePerMille=1000 windowSamples=120
LogOGResimProbe: Warning: [Warning][ResimProbe.Gate] checks=120 declined=0 requested=120 requestedPerMille=1000 deepSkips=0 survivingAnchors=0
LogOGResimProbe: Warning: [Warning][ResimProbe.Chaos] requests=120 grants=120 refused=0 refusedPerMille=0 repeat=0 clamped=0 depthMin=4 depthMax=4
LogOGResimProbe: Warning: [Warning][ResimProbe.Apply] prepares=120 finishes=120 abandoned=0 stuck=0 replayTicks=600 replayOverruns=0 freshProtects=0 staleProtects=0
LogOGRelayProbe: Warning: [Warning][RelayProbe.Read] window=[5210,5330] src=Prediction hit=120 miss=0 verifyFail=0 rung0=0 total=120
LogOGRelayProbe: Warning: [Warning][RelayProbe.Read] window=[5210,5330] src=Resim hit=600 miss=0 verifyFail=0 rung0=0 total=600
LogOGRelayProbe: Warning: [Warning][RelayProbe.Delta] window=[5210,5330] src=Prediction n=120 p10=-5 p50=-4 p90=-4 min=-5 max=-3 satLow=0 satHigh=0
LogOGRelayProbe: Warning: [Warning][RelayProbe.Delta] window=[5210,5330] src=Resim n=600 p10=-8 p50=-6 p90=-4 min=-9 max=-3 satLow=0 satHigh=0
LogOGResimProbe: Warning: [Warning][ResimProbe.Frame] role=Client simTicks=120 frames=201 meanTicksPerFrameX100=59 p50=1 p99=1 max=1 meanFrameUs=10003
LogOGResimProbe: Warning: [Warning][ResimProbe.Frame] role=Client cadence dFrame1=39 dFrame0=0 dFrameGt1=81 discont=0 numSteps total=120 max=1 gt1=0
LogOGResimProbe: Warning: [Warning][ResimProbe.Landing] class=LocallyPredicted behind=60 atFrontier=0 discarded=0 atFrontierPerMille=0 windowSamples=120
LogOGResimProbe: Warning: [Warning][ResimProbe.Landing] class=RemoteProxy behind=60 atFrontier=0 discarded=0 atFrontierPerMille=0 windowSamples=120
LogOGDivergenceProbe: Warning: [Warning][DivergenceProbe.Window] class=LocallyPredicted corrections=60 disagreed=60 ratePerMille=1000 windowSamples=120
LogOGDivergenceProbe: Warning: [Warning][DivergenceProbe.Window] class=RemoteProxy corrections=60 disagreed=60 ratePerMille=1000 windowSamples=120
LogOGResimProbe: Warning: [Warning][ResimProbe.Gate] checks=120 declined=5 requested=115 requestedPerMille=958 deepSkips=0 survivingAnchors=0
LogOGResimProbe: Warning: [Warning][ResimProbe.Chaos] requests=115 grants=115 refused=0 refusedPerMille=0 repeat=0 clamped=0 depthMin=4 depthMax=4
LogOGResimProbe: Warning: [Warning][ResimProbe.Apply] prepares=115 finishes=115 abandoned=0 stuck=0 replayTicks=575 replayOverruns=0 freshProtects=5 staleProtects=0
LogOGRelayProbe: Warning: [Warning][RelayProbe.Read] window=[5330,5450] src=Prediction hit=120 miss=0 verifyFail=0 rung0=0 total=120
LogOGRelayProbe: Warning: [Warning][RelayProbe.Read] window=[5330,5450] src=Resim hit=571 miss=0 verifyFail=0 rung0=0 total=571
LogOGRelayProbe: Warning: [Warning][RelayProbe.Delta] window=[5330,5450] src=Prediction n=120 p10=-4 p50=-4 p90=-3 min=-5 max=-2 satLow=0 satHigh=0
LogOGRelayProbe: Warning: [Warning][RelayProbe.Delta] window=[5330,5450] src=Resim n=571 p10=-8 p50=-6 p90=-4 min=-9 max=-2 satLow=0 satHigh=0
LogOGResimProbe: Warning: [Warning][ResimProbe.Frame] role=Client simTicks=120 frames=199 meanTicksPerFrameX100=60 p50=1 p99=1 max=1 meanFrameUs=10000
LogOGResimProbe: Warning: [Warning][ResimProbe.Frame] role=Client cadence dFrame1=41 dFrame0=0 dFrameGt1=79 discont=0 numSteps total=120 max=1 gt1=0
LogOGRelayProbe: Warning: [Warning][RelayProbe.Arrival] samples=120 gapCaptureTicks p50=1 p99=2 max=2 noAdvance=0 saturated=0 lostCaptureTicksX1000=0 lost=0 delivered=169 expected=169 discont=0 discontMax=0
LogOGResimProbe: Warning: [Warning][ResimProbe.Landing] class=LocallyPredicted behind=60 atFrontier=0 discarded=0 atFrontierPerMille=0 windowSamples=120
LogOGResimProbe: Warning: [Warning][ResimProbe.Landing] class=RemoteProxy behind=60 atFrontier=0 discarded=0 atFrontierPerMille=0 windowSamples=120
LogOGDivergenceProbe: Warning: [Warning][DivergenceProbe.Window] class=LocallyPredicted corrections=60 disagreed=60 ratePerMille=1000 windowSamples=120
LogOGDivergenceProbe: Warning: [Warning][DivergenceProbe.Window] class=RemoteProxy corrections=60 disagreed=60 ratePerMille=1000 windowSamples=120
LogOGResimProbe: Warning: [Warning][ResimProbe.Gate] checks=120 declined=14 requested=106 requestedPerMille=883 deepSkips=0 survivingAnchors=0
LogOGResimProbe: Warning: [Warning][ResimProbe.Chaos] requests=106 grants=106 refused=0 refusedPerMille=0 repeat=0 clamped=0 depthMin=4 depthMax=4
LogOGResimProbe: Warning: [Warning][ResimProbe.Apply] prepares=106 finishes=106 abandoned=0 stuck=0 replayTicks=530 replayOverruns=0 freshProtects=14 staleProtects=0
LogOGRelayProbe: Warning: [Warning][RelayProbe.Read] window=[5450,5570] src=Prediction hit=120 miss=0 verifyFail=0 rung0=0 total=120
LogOGRelayProbe: Warning: [Warning][RelayProbe.Read] window=[5450,5570] src=Resim hit=524 miss=0 verifyFail=0 rung0=0 total=524
LogOGRelayProbe: Warning: [Warning][RelayProbe.Delta] window=[5450,5570] src=Prediction n=120 p10=-4 p50=-3 p90=-3 min=-4 max=-2 satLow=0 satHigh=0
LogOGRelayProbe: Warning: [Warning][RelayProbe.Delta] window=[5450,5570] src=Resim n=524 p10=-7 p50=-5 p90=-3 min=-8 max=-2 satLow=0 satHigh=0
LogOGResimProbe: Warning: [Warning][ResimProbe.Frame] role=Client simTicks=120 frames=200 meanTicksPerFrameX100=60 p50=1 p99=1 max=1 meanFrameUs=10001
LogOGResimProbe: Warning: [Warning][ResimProbe.Frame] role=Client cadence dFrame1=40 dFrame0=0 dFrameGt1=80 discont=0 numSteps total=120 max=1 gt1=0
LogOGRelayProbe: Warning: [Warning][RelayProbe.Arrival] samples=120 gapCaptureTicks p50=1 p99=3 max=3 noAdvance=0 saturated=0 lostCaptureTicksX1000=0 lost=0 delivered=180 expected=180 discont=0 discontMax=0
LogOGResimProbe: Warning: [Warning][ResimProbe.Landing] class=LocallyPredicted behind=60 atFrontier=0 discarded=0 atFrontierPerMille=0 windowSamples=120
LogOGResimProbe: Warning: [Warning][ResimProbe.Landing] class=RemoteProxy behind=60 atFrontier=0 discarded=0 atFrontierPerMille=0 windowSamples=120
LogOGDivergenceProbe: Warning: [Warning][DivergenceProbe.Window] class=LocallyPredicted corrections=60 disagreed=60 ratePerMille=1000 windowSamples=120
LogOGDivergenceProbe: Warning: [Warning][DivergenceProbe.Window] class=RemoteProxy corrections=60 disagreed=60 ratePerMille=1000 windowSamples=120
LogOGResimProbe: Warning: [Warning][ResimProbe.Gate] checks=120 declined=9 requested=111 requestedPerMille=925 deepSkips=0 survivingAnchors=0
LogOGResimProbe: Warning: [Warning][ResimProbe.Chaos] requests=111 grants=111 refused=0 refusedPerMille=0 repeat=0 clamped=0 depthMin=4 depthMax=4
LogOGResimProbe: Warning: [Warning][ResimProbe.Apply] prepares=111 finishes=111 abandoned=0 stuck=0 replayTicks=555 replayOverruns=0 freshProtects=9 staleProtects=0
LogOGRelayProbe: Warning: [Warning][RelayProbe.Read] window=[5570,5690] src=Prediction hit=120 miss=0 verifyFail=0 rung0=0 total=120
LogOGRelayProbe: Warning: [Warning][RelayProbe.Read] window=[5570,5690] src=Resim hit=549 miss=0 verifyFail=0 rung0=0 total=549
LogOGRelayProbe: Warning: [Warning][RelayProbe.Delta] window=[5570,5690] src=Prediction n=120 p10=-4 p50=-3 p90=-2 min=-4 max=-2 satLow=0 satHigh=0
LogOGRelayProbe: Warning: [Warning][RelayProbe.Delta] window=[5570,5690] src=Resim n=549 p10=-7 p50=-5 p90=-3 min=-8 max=-2 satLow=0 satHigh=0
LogOGResimProbe: Warning: [Warning][ResimProbe.Frame] role=Client simTicks=120 frames=200 meanTicksPerFrameX100=60 p50=1 p99=1 max=1 meanFrameUs=10000
LogOGResimProbe: Warning: [Warning][ResimProbe.Frame] role=Client cadence dFrame1=40 dFrame0=0 dFrameGt1=80 discont=0 numSteps total=120 max=1 gt1=0
LogOGResimProbe: Warning: [Warning][ResimProbe.Landing] class=LocallyPredicted behind=60 atFrontier=0 discarded=0 atFrontierPerMille=0 windowSamples=120
LogOGResimProbe: Warning: [Warning][ResimProbe.Landing] class=RemoteProxy behind=60 atFrontier=0 discarded=0 atFrontierPerMille=0 windowSamples=120
LogOGDivergenceProbe: Warning: [Warning][DivergenceProbe.Window] class=LocallyPredicted corrections=60 disagreed=60 ratePerMille=1000 windowSamples=120
LogOGDivergenceProbe: Warning: [Warning][DivergenceProbe.Window] class=RemoteProxy corrections=60 disagreed=60 ratePerMille=1000 windowSamples=120
LogOGResimProbe: Warning: [Warning][ResimProbe.Gate] checks=120 declined=0 requested=120 requestedPerMille=1000 deepSkips=0 survivingAnchors=0
LogOGResimProbe: Warning: [Warning][ResimProbe.Chaos] requests=120 grants=120 refused=0 refusedPerMille=0 repeat=0 clamped=0 depthMin=4 depthMax=4
LogOGResimProbe: Warning: [Warning][ResimProbe.Apply] prepares=120 finishes=120 abandoned=0 stuck=0 replayTicks=600 replayOverruns=0 freshProtects=0 staleProtects=0
LogOGRelayProbe: Warning: [Warning][RelayProbe.Read] window=[5690,5810] src=Prediction hit=120 miss=0 verifyFail=0 rung0=0 total=120
LogOGRelayProbe: Warning: [Warning][RelayProbe.Read] window=[5690,5810] src=Resim hit=600 miss=0 verifyFail=0 rung0=0 total=600
LogOGRelayProbe: Warning: [Warning][RelayProbe.Delta] window=[5690,5810] src=Prediction n=120 p10=-4 p50=-4 p90=-3 min=-5 max=-2 satLow=0 satHigh=0
LogOGRelayProbe: Warning: [Warning][RelayProbe.Delta] window=[5690,5810] src=Resim n=600 p10=-8 p50=-6 p90=-4 min=-9 max=-2 satLow=0 satHigh=0
LogOGResimProbe: Warning: [Warning][ResimProbe.Frame] role=Client simTicks=120 frames=201 meanTicksPerFrameX100=59 p50=1 p99=1 max=1 meanFrameUs=10001
LogOGResimProbe: Warning: [Warning][ResimProbe.Frame] role=Client cadence dFrame1=39 dFrame0=0 dFrameGt1=81 discont=0 numSteps total=120 max=1 gt1=0
LogOGRelayProbe: Warning: [Warning][RelayProbe.Arrival] samples=120 gapCaptureTicks p50=1 p99=2 max=2 noAdvance=0 saturated=0 lostCaptureTicksX1000=0 lost=0 delivered=177 expected=177 discont=0 discontMax=0
LogOGResimProbe: Warning: [Warning][ResimProbe.Landing] class=LocallyPredicted behind=60 atFrontier=0 discarded=0 atFrontierPerMille=0 windowSamples=120
LogOGResimProbe: Warning: [Warning][ResimProbe.Landing] class=RemoteProxy behind=60 atFrontier=0 discarded=0 atFrontierPerMille=0 windowSamples=120
LogOGDivergenceProbe: Warning: [Warning][DivergenceProbe.Window] class=LocallyPredicted corrections=60 disagreed=60 ratePerMille=1000 windowSamples=120
LogOGDivergenceProbe: Warning: [Warning][DivergenceProbe.Window] class=RemoteProxy corrections=60 disagreed=60 ratePerMille=1000 windowSamples=120
LogOGResimProbe: Warning: [Warning][ResimProbe.Gate] checks=120 declined=13 requested=107 requestedPerMille=892 deepSkips=0 survivingAnchors=0
LogOGResimProbe: Warning: [Warning][ResimProbe.Chaos] requests=107 grants=107 refused=0 refusedPerMille=0 repeat=0 clamped=0 depthMin=4 depthMax=4
LogOGResimProbe: Warning: [Warning][ResimProbe.Apply] prepares=107 finishes=107 abandoned=0 stuck=0 replayTicks=535 replayOverruns=0 freshProtects=13 staleProtects=0
LogOGRelayProbe: Warning: [Warning][RelayProbe.Read] window=[5810,5930] src=Prediction hit=120 miss=0 verifyFail=0 rung0=0 total=120
LogOGRelayProbe: Warning: [Warning][RelayProbe.Read] window=[5810,5930] src=Resim hit=527 miss=0 verifyFail=0 rung0=0 total=527
LogOGRelayProbe: Warning: [Warning][RelayProbe.Delta] window=[5810,5930] src=Prediction n=120 p10=-5 p50=-4 p90=-3 min=-5 max=-2 satLow=0 satHigh=0
LogOGRelayProbe: Warning: [Warning][RelayProbe.Delta] window=[5810,5930] src=Resim n=527 p10=-8 p50=-6 p90=-4 min=-9 max=-2 satLow=0 satHigh=0
LogOGResimProbe: Warning: [Warning][ResimProbe.Frame] role=Client simTicks=120 frames=199 meanTicksPerFrameX100=60 p50=1 p99=1 max=1 meanFrameUs=9997
LogOGResimProbe: Warning: [Warning][ResimProbe.Frame] role=Client cadence dFrame1=41 dFrame0=0 dFrameGt1=79 discont=0 numSteps total=120 max=1 gt1=0
LogOGRelayProbe: Warning: [Warning][RelayProbe.Arrival] samples=120 gapCaptureTicks p50=1 p99=3 max=3 noAdvance=0 saturated=0 lostCaptureTicksX1000=0 lost=0 delivered=174 expected=174 discont=0 discontMax=0
LogOGResimProbe: Warning: [Warning][ResimProbe.Landing] class=LocallyPredicted behind=60 atFrontier=0 discarded=0 atFrontierPerMille=0 windowSamples=120
LogOGResimProbe: Warning: [Warning][ResimProbe.Landing] class=RemoteProxy behind=60 atFrontier=0 discarded=0 atFrontierPerMille=0 windowSamples=120
LogOGDivergenceProbe: Warning: [Warning][DivergenceProbe.Window] class=LocallyPredicted corrections=60 disagreed=60 ratePerMille=1000 windowSamples=120
LogOGDivergenceProbe: Warning: [Warning][DivergenceProbe.Window] class=RemoteProxy corrections=60 disagreed=60 ratePerMille=1000 windowSamples=120
LogOGResimProbe: Warning: [Warning][ResimProbe.Gate] checks=120 declined=16 requested=104 requestedPerMille=867 deepSkips=0 survivingAnchors=0
LogOGResimProbe: Warning: [Warning][ResimProbe.Chaos] requests=104 grants=104 refused=0 refusedPerMille=0 repeat=0 clamped=0 depthMin=4 depthMax=5
LogOGResimProbe: Warning: [Warning][ResimProbe.Apply] prepares=104 finishes=104 abandoned=0 stuck=0 replayTicks=522 replayOverruns=0 freshProtects=17 staleProtects=0
LogOGRelayProbe: Warning: [Warning][RelayProbe.Read] window=[5930,6050] src=Prediction hit=120 miss=0 verifyFail=0 rung0=0 total=120
LogOGRelayProbe: Warning: [Warning][RelayProbe.Read] window=[5930,6050] src=Resim hit=514 miss=0 verifyFail=0 rung0=0 total=514
LogOGRelayProbe: Warning: [Warning][RelayProbe.Delta] window=[5930,6050] src=Prediction n=120 p10=-4 p50=-3 p90=-2 min=-5 max=-2 satLow=0 satHigh=0
LogOGRelayProbe: Warning: [Warning][RelayProbe.Delta] window=[5930,6050] src=Resim n=514 p10=-8 p50=-5 p90=-3 min=-9 max=-2 satLow=0 satHigh=0
LogOGResimProbe: Warning: [Warning][ResimProbe.Frame] role=Client simTicks=120 frames=200 meanTicksPerFrameX100=60 p50=1 p99=1 max=1 meanFrameUs=10000
LogOGResimProbe: Warning: [Warning][ResimProbe.Frame] role=Client cadence dFrame1=40 dFrame0=0 dFrameGt1=80 discont=0 numSteps total=120 max=1 gt1=0
LogOGResimProbe: Warning: [Warning][ResimProbe.Landing] class=LocallyPredicted behind=60 atFrontier=0 discarded=0 atFrontierPerMille=0 windowSamples=120
LogOGResimProbe: Warning: [Warning][ResimProbe.Landing] class=RemoteProxy behind=60 atFrontier=0 discarded=0 atFrontierPerMille=0 windowSamples=120
LogOGDivergenceProbe: Warning: [Warning][DivergenceProbe.Window] class=LocallyPredicted corrections=60 disagreed=60 ratePerMille=1000 windowSamples=120
LogOGDivergenceProbe: Warning: [Warning][DivergenceProbe.Window] class=RemoteProxy corrections=60 disagreed=60 ratePerMille=1000 windowSamples=120
LogOGResimProbe: Warning: [Warning][ResimProbe.Gate] checks=120 declined=22 requested=98 requestedPerMille=817 deepSkips=0 survivingAnchors=0
LogOGResimProbe: Warning: [Warning][ResimProbe.Chaos] requests=98 grants=98 refused=0 refusedPerMille=0 repeat=0 clamped=0 depthMin=4 depthMax=4
LogOGResimProbe: Warning: [Warning][ResimProbe.Apply] prepares=98 finishes=98 abandoned=0 stuck=0 replayTicks=490 replayOverruns=0 freshProtects=22 staleProtects=0
LogOGRelayProbe: Warning: [Warning][RelayProbe.Read] window=[6050,6170] src=Prediction hit=120 miss=0 verifyFail=0 rung0=0 total=120
LogOGRelayProbe: Warning: [Warning][RelayProbe.Read] window=[6050,6170] src=Resim hit=480 miss=0 verifyFail=0 rung0=0 total=480
LogOGRelayProbe: Warning: [Warning][RelayProbe.Delta] window=[6050,6170] src=Prediction n=120 p10=-4 p50=-3 p90=-2 min=-5 max=-2 satLow=0 satHigh=0
LogOGRelayProbe: Warning: [Warning][RelayProbe.Delta] window=[6050,6170] src=Resim n=480 p10=-7 p50=-5 p90=-3 min=-9 max=-2 satLow=0 satHigh=0
LogOGResimProbe: Warning: [Warning][ResimProbe.Frame] role=Client simTicks=120 frames=200 meanTicksPerFrameX100=60 p50=1 p99=1 max=1 meanFrameUs=9999
LogOGResimProbe: Warning: [Warning][ResimProbe.Frame] role=Client cadence dFrame1=40 dFrame0=0 dFrameGt1=80 discont=0 numSteps total=120 max=1 gt1=0
LogOGRelayProbe: Warning: [Warning][RelayProbe.Arrival] samples=120 gapCaptureTicks p50=1 p99=3 max=3 noAdvance=0 saturated=0 lostCaptureTicksX1000=0 lost=0 delivered=168 expected=168 discont=0 discontMax=0
LogOGResimProbe: Warning: [Warning][ResimProbe.Landing] class=LocallyPredicted behind=60 atFrontier=0 discarded=0 atFrontierPerMille=0 windowSamples=120
LogOGResimProbe: Warning: [Warning][ResimProbe.Landing] class=RemoteProxy behind=60 atFrontier=0 discarded=0 atFrontierPerMille=0 windowSamples=120
LogOGDivergenceProbe: Warning: [Warning][DivergenceProbe.Window] class=LocallyPredicted corrections=60 disagreed=60 ratePerMille=1000 windowSamples=120
LogOGDivergenceProbe: Warning: [Warning][DivergenceProbe.Window] class=RemoteProxy corrections=60 disagreed=60 ratePerMille=1000 windowSamples=120
LogOGResimProbe: Warning: [Warning][ResimProbe.Gate] checks=120 declined=17 requested=103 requestedPerMille=858 deepSkips=0 survivingAnchors=0
LogOGResimProbe: Warning: [Warning][ResimProbe.Chaos] requests=103 grants=102 refused=1 refusedPerMille=10 repeat=1 clamped=0 depthMin=3 depthMax=5
LogOGResimProbe: Warning: [Warning][ResimProbe.Apply] prepares=102 finishes=102 abandoned=0 stuck=0 replayTicks=512 replayOverruns=0 freshProtects=18 staleProtects=0
LogOGRelayProbe: Warning: [Warning][RelayProbe.Read] window=[6170,6290] src=Prediction hit=120 miss=0 verifyFail=0 rung0=0 total=120
LogOGRelayProbe: Warning: [Warning][RelayProbe.Read] window=[6170,6290] src=Resim hit=504 miss=0 verifyFail=0 rung0=0 total=504
LogOGRelayProbe: Warning: [Warning][RelayProbe.Delta] window=[6170,6290] src=Prediction n=120 p10=-4 p50=-3 p90=-2 min=-5 max=-2 satLow=0 satHigh=0
LogOGRelayProbe: Warning: [Warning][RelayProbe.Delta] window=[6170,6290] src=Resim n=504 p10=-7 p50=-5 p90=-3 min=-10 max=-2 satLow=0 satHigh=0
LogOGResimProbe: Warning: [Warning][ResimProbe.Frame] role=Client simTicks=120 frames=201 meanTicksPerFrameX100=59 p50=1 p99=1 max=1 meanFrameUs=10000
LogOGResimProbe: Warning: [Warning][ResimProbe.Frame] role=Client cadence dFrame1=39 dFrame0=0 dFrameGt1=81 discont=0 numSteps total=120 max=1 gt1=0
LogOGRelayProbe: Warning: [Warning][RelayProbe.Arrival] samples=120 gapCaptureTicks p50=1 p99=2 max=3 noAdvance=0 saturated=0 lostCaptureTicksX1000=0 lost=0 delivered=175 expected=175 discont=0 discontMax=0
LogOGResimProbe: Warning: [Warning][ResimProbe.Landing] class=LocallyPredicted behind=60 atFrontier=0 discarded=0 atFrontierPerMille=0 windowSamples=120
LogOGResimProbe: Warning: [Warning][ResimProbe.Landing] class=RemoteProxy behind=60 atFrontier=0 discarded=0 atFrontierPerMille=0 windowSamples=120
LogOGDivergenceProbe: Warning: [Warning][DivergenceProbe.Window] class=LocallyPredicted corrections=60 disagreed=60 ratePerMille=1000 windowSamples=120
LogOGDivergenceProbe: Warning: [Warning][DivergenceProbe.Window] class=RemoteProxy corrections=60 disagreed=60 ratePerMille=1000 windowSamples=120
LogOGResimProbe: Warning: [Warning][ResimProbe.Gate] checks=120 declined=10 requested=110 requestedPerMille=917 deepSkips=0 survivingAnchors=0
LogOGResimProbe: Warning: [Warning][ResimProbe.Chaos] requests=110 grants=110 refused=0 refusedPerMille=0 repeat=0 clamped=0 depthMin=3 depthMax=4
LogOGResimProbe: Warning: [Warning][ResimProbe.Apply] prepares=110 finishes=110 abandoned=0 stuck=0 replayTicks=549 replayOverruns=0 freshProtects=8 staleProtects=0
LogOGRelayProbe: Warning: [Warning][RelayProbe.Read] window=[6290,6410] src=Prediction hit=120 miss=0 verifyFail=0 rung0=0 total=120
LogOGRelayProbe: Warning: [Warning][RelayProbe.Read] window=[6290,6410] src=Resim hit=545 miss=0 verifyFail=0 rung0=0 total=545
LogOGRelayProbe: Warning: [Warning][RelayProbe.Delta] window=[6290,6410] src=Prediction n=120 p10=-5 p50=-4 p90=-3 min=-5 max=-2 satLow=0 satHigh=0
LogOGRelayProbe: Warning: [Warning][RelayProbe.Delta] window=[6290,6410] src=Resim n=545 p10=-8 p50=-6 p90=-4 min=-9 max=-2 satLow=0 satHigh=0
LogOGResimProbe: Warning: [Warning][ResimProbe.Frame] role=Client simTicks=120 frames=199 meanTicksPerFrameX100=60 p50=1 p99=1 max=1 meanFrameUs=10000
LogOGResimProbe: Warning: [Warning][ResimProbe.Frame] role=Client cadence dFrame1=41 dFrame0=0 dFrameGt1=79 discont=0 numSteps total=120 max=1 gt1=0
LogOGResimProbe: Warning: [Warning][ResimProbe.Landing] class=LocallyPredicted behind=60 atFrontier=0 discarded=0 atFrontierPerMille=0 windowSamples=120
LogOGResimProbe: Warning: [Warning][ResimProbe.Landing] class=RemoteProxy behind=60 atFrontier=0 discarded=0 atFrontierPerMille=0 windowSamples=120
LogOGDivergenceProbe: Warning: [Warning][DivergenceProbe.Window] class=LocallyPredicted corrections=60 disagreed=60 ratePerMille=1000 windowSamples=120
LogOGDivergenceProbe: Warning: [Warning][DivergenceProbe.Window] class=RemoteProxy corrections=60 disagreed=60 ratePerMille=1000 windowSamples=120
LogOGResimProbe: Warning: [Warning][ResimProbe.Gate] checks=120 declined=21 requested=99 requestedPerMille=825 deepSkips=0 survivingAnchors=0
LogOGResimProbe: Warning: [Warning][ResimProbe.Chaos] requests=99 grants=99 refused=0 refusedPerMille=0 repeat=0 clamped=0 depthMin=4 depthMax=5
LogOGResimProbe: Warning: [Warning][ResimProbe.Apply] prepares=99 finishes=99 abandoned=0 stuck=0 replayTicks=496 replayOverruns=0 freshProtects=22 staleProtects=0
LogOGRelayProbe: Warning: [Warning][RelayProbe.Read] window=[6410,6530] src=Prediction hit=120 miss=0 verifyFail=0 rung0=0 total=120
LogOGRelayProbe: Warning: [Warning][RelayProbe.Read] window=[6410,6530] src=Resim hit=486 miss=0 verifyFail=0 rung0=0 total=486
LogOGRelayProbe: Warning: [Warning][RelayProbe.Delta] window=[6410,6530] src=Prediction n=120 p10=-4 p50=-4 p90=-3 min=-4 max=-2 satLow=0 satHigh=0
LogOGRelayProbe: Warning: [Warning][RelayProbe.Delta] window=[6410,6530] src=Resim n=486 p10=-8 p50=-6 p90=-4 min=-8 max=-2 satLow=0 satHigh=0
LogOGResimProbe: Warning: [Warning][ResimProbe.Frame] role=Client simTicks=120 frames=200 meanTicksPerFrameX100=60 p50=1 p99=1 max=1 meanFrameUs=9999
LogOGResimProbe: Warning: [Warning][ResimProbe.Frame] role=Client cadence dFrame1=40 dFrame0=0 dFrameGt1=80 discont=0 numSteps total=120 max=1 gt1=0
LogOGRelayProbe: Warning: [Warning][RelayProbe.Arrival] samples=120 gapCaptureTicks p50=1 p99=2 max=2 noAdvance=0 saturated=0 lostCaptureTicksX1000=0 lost=0 delivered=172 expected=172 discont=0 discontMax=0
LogOGResimProbe: Warning: [Warning][ResimProbe.Landing] class=LocallyPredicted behind=60 atFrontier=0 discarded=0 atFrontierPerMille=0 windowSamples=120
LogOGResimProbe: Warning: [Warning][ResimProbe.Landing] class=RemoteProxy behind=60 atFrontier=0 discarded=0 atFrontierPerMille=0 windowSamples=120
LogOGDivergenceProbe: Warning: [Warning][DivergenceProbe.Window] class=LocallyPredicted corrections=60 disagreed=60 ratePerMille=1000 windowSamples=120
LogOGDivergenceProbe: Warning: [Warning][DivergenceProbe.Window] class=RemoteProxy corrections=60 disagreed=60 ratePerMille=1000 windowSamples=120
LogOGResimProbe: Warning: [Warning][ResimProbe.Gate] checks=120 declined=10 requested=110 requestedPerMille=917 deepSkips=0 survivingAnchors=0
LogOGResimProbe: Warning: [Warning][ResimProbe.Chaos] requests=110 grants=110 refused=0 refusedPerMille=0 repeat=0 clamped=0 depthMin=4 depthMax=5
LogOGResimProbe: Warning: [Warning][ResimProbe.Apply] prepares=110 finishes=110 abandoned=0 stuck=0 replayTicks=552 replayOverruns=0 freshProtects=10 staleProtects=0
LogOGRelayProbe: Warning: [Warning][RelayProbe.Read] window=[6530,6650] src=Prediction hit=120 miss=0 verifyFail=0 rung0=0 total=120
LogOGRelayProbe: Warning: [Warning][RelayProbe.Read] window=[6530,6650] src=Resim hit=546 miss=0 verifyFail=0 rung0=0 total=546
LogOGRelayProbe: Warning: [Warning][RelayProbe.Delta] window=[6530,6650] src=Prediction n=120 p10=-4 p50=-3 p90=-2 min=-4 max=-2 satLow=0 satHigh=0
LogOGRelayProbe: Warning: [Warning][RelayProbe.Delta] window=[6530,6650] src=Resim n=546 p10=-7 p50=-5 p90=-3 min=-8 max=-2 satLow=0 satHigh=0
LogOGResimProbe: Warning: [Warning][ResimProbe.Frame] role=Client simTicks=120 frames=200 meanTicksPerFrameX100=60 p50=1 p99=1 max=1 meanFrameUs=10000
LogOGResimProbe: Warning: [Warning][ResimProbe.Frame] role=Client cadence dFrame1=40 dFrame0=0 dFrameGt1=80 discont=0 numSteps total=120 max=1 gt1=0
LogOGRelayProbe: Warning: [Warning][RelayProbe.Arrival] samples=120 gapCaptureTicks p50=1 p99=2 max=3 noAdvance=0 saturated=0 lostCaptureTicksX1000=0 lost=0 delivered=173 expected=173 discont=0 discontMax=0
LogOGResimProbe: Warning: [Warning][ResimProbe.Landing] class=LocallyPredicted behind=60 atFrontier=0 discarded=0 atFrontierPerMille=0 windowSamples=120
LogOGResimProbe: Warning: [Warning][ResimProbe.Landing] class=RemoteProxy behind=60 atFrontier=0 discarded=0 atFrontierPerMille=0 windowSamples=120
LogOGDivergenceProbe: Warning: [Warning][DivergenceProbe.Window] class=LocallyPredicted corrections=60 disagreed=60 ratePerMille=1000 windowSamples=120
LogOGDivergenceProbe: Warning: [Warning][DivergenceProbe.Window] class=RemoteProxy corrections=60 disagreed=60 ratePerMille=1000 windowSamples=120
LogOGResimProbe: Warning: [Warning][ResimProbe.Gate] checks=120 declined=18 requested=102 requestedPerMille=850 deepSkips=0 survivingAnchors=0
LogOGResimProbe: Warning: [Warning][ResimProbe.Chaos] requests=102 grants=102 refused=0 refusedPerMille=0 repeat=0 clamped=0 depthMin=4 depthMax=5
LogOGResimProbe: Warning: [Warning][ResimProbe.Apply] prepares=102 finishes=102 abandoned=0 stuck=0 replayTicks=514 replayOverruns=0 freshProtects=17 staleProtects=0
LogOGRelayProbe: Warning: [Warning][RelayProbe.Read] window=[6650,6770] src=Prediction hit=120 miss=0 verifyFail=0 rung0=0 total=120
LogOGRelayProbe: Warning: [Warning][RelayProbe.Read] window=[6650,6770] src=Resim hit=507 miss=0 verifyFail=0 rung0=0 total=507
LogOGRelayProbe: Warning: [Warning][RelayProbe.Delta] window=[6650,6770] src=Prediction n=120 p10=-4 p50=-3 p90=-2 min=-4 max=-2 satLow=0 satHigh=0
LogOGRelayProbe: Warning: [Warning][RelayProbe.Delta] window=[6650,6770] src=Resim n=507 p10=-7 p50=-5 p90=-3 min=-9 max=-2 satLow=0 satHigh=0
LogOGResimProbe: Warning: [Warning][ResimProbe.Frame] role=Client simTicks=120 frames=200 meanTicksPerFrameX100=60 p50=1 p99=1 max=1 meanFrameUs=10000
LogOGResimProbe: Warning: [Warning][ResimProbe.Frame] role=Client cadence dFrame1=40 dFrame0=0 dFrameGt1=80 discont=0 numSteps total=120 max=1 gt1=0
LogOGResimProbe: Warning: [Warning][ResimProbe.Landing] class=LocallyPredicted behind=60 atFrontier=0 discarded=0 atFrontierPerMille=0 windowSamples=120
LogOGResimProbe: Warning: [Warning][ResimProbe.Landing] class=RemoteProxy behind=60 atFrontier=0 discarded=0 atFrontierPerMille=0 windowSamples=120
LogOGRelayProbe: Warning: [Warning][RelayProbe.Arrival] samples=120 gapCaptureTicks p50=1 p99=2 max=3 noAdvance=0 saturated=0 lostCaptureTicksX1000=0 lost=0 delivered=168 expected=168 discont=0 discontMax=0
LogOGDivergenceProbe: Warning: [Warning][DivergenceProbe.Window] class=LocallyPredicted corrections=60 disagreed=60 ratePerMille=1000 windowSamples=120
LogOGDivergenceProbe: Warning: [Warning][DivergenceProbe.Window] class=RemoteProxy corrections=60 disagreed=60 ratePerMille=1000 windowSamples=120
LogOGResimProbe: Warning: [Warning][ResimProbe.Gate] checks=120 declined=12 requested=108 requestedPerMille=900 deepSkips=0 survivingAnchors=0
LogOGResimProbe: Warning: [Warning][ResimProbe.Chaos] requests=108 grants=106 refused=2 refusedPerMille=19 repeat=2 clamped=0 depthMin=3 depthMax=5
LogOGResimProbe: Warning: [Warning][ResimProbe.Apply] prepares=106 finishes=106 abandoned=0 stuck=0 replayTicks=530 replayOverruns=0 freshProtects=13 staleProtects=0
LogOGRelayProbe: Warning: [Warning][RelayProbe.Read] window=[6770,6890] src=Prediction hit=120 miss=0 verifyFail=0 rung0=0 total=120
LogOGRelayProbe: Warning: [Warning][RelayProbe.Read] window=[6770,6890] src=Resim hit=524 miss=0 verifyFail=0 rung0=0 total=524
LogOGRelayProbe: Warning: [Warning][RelayProbe.Delta] window=[6770,6890] src=Prediction n=120 p10=-4 p50=-3 p90=-2 min=-4 max=-2 satLow=0 satHigh=0
LogOGRelayProbe: Warning: [Warning][RelayProbe.Delta] window=[6770,6890] src=Resim n=524 p10=-7 p50=-5 p90=-3 min=-9 max=-2 satLow=0 satHigh=0
LogOGResimProbe: Warning: [Warning][ResimProbe.Frame] role=Client simTicks=120 frames=201 meanTicksPerFrameX100=59 p50=1 p99=1 max=1 meanFrameUs=9999
LogOGResimProbe: Warning: [Warning][ResimProbe.Frame] role=Client cadence dFrame1=39 dFrame0=0 dFrameGt1=81 discont=0 numSteps total=120 max=1 gt1=0
LogOGResimProbe: Warning: [Warning][ResimProbe.Landing] class=LocallyPredicted behind=60 atFrontier=0 discarded=0 atFrontierPerMille=0 windowSamples=120
LogOGResimProbe: Warning: [Warning][ResimProbe.Landing] class=RemoteProxy behind=60 atFrontier=0 discarded=0 atFrontierPerMille=0 windowSamples=120
LogOGDivergenceProbe: Warning: [Warning][DivergenceProbe.Window] class=LocallyPredicted corrections=60 disagreed=60 ratePerMille=1000 windowSamples=120
LogOGDivergenceProbe: Warning: [Warning][DivergenceProbe.Window] class=RemoteProxy corrections=60 disagreed=60 ratePerMille=1000 windowSamples=120
LogOGResimProbe: Warning: [Warning][ResimProbe.Gate] checks=120 declined=12 requested=108 requestedPerMille=900 deepSkips=0 survivingAnchors=0
LogOGResimProbe: Warning: [Warning][ResimProbe.Chaos] requests=108 grants=108 refused=0 refusedPerMille=0 repeat=0 clamped=0 depthMin=4 depthMax=5
LogOGResimProbe: Warning: [Warning][ResimProbe.Apply] prepares=108 finishes=108 abandoned=0 stuck=0 replayTicks=543 replayOverruns=0 freshProtects=12 staleProtects=0
LogOGRelayProbe: Warning: [Warning][RelayProbe.Read] window=[6890,7010] src=Prediction hit=120 miss=0 verifyFail=0 rung0=0 total=120
LogOGRelayProbe: Warning: [Warning][RelayProbe.Read] window=[6890,7010] src=Resim hit=537 miss=0 verifyFail=0 rung0=0 total=537
LogOGRelayProbe: Warning: [Warning][RelayProbe.Delta] window=[6890,7010] src=Prediction n=120 p10=-4 p50=-3 p90=-3 min=-4 max=-2 satLow=0 satHigh=0
LogOGRelayProbe: Warning: [Warning][RelayProbe.Delta] window=[6890,7010] src=Resim n=537 p10=-7 p50=-5 p90=-3 min=-9 max=-2 satLow=0 satHigh=0
LogOGResimProbe: Warning: [Warning][ResimProbe.Frame] role=Client simTicks=120 frames=200 meanTicksPerFrameX100=60 p50=1 p99=1 max=1 meanFrameUs=10000
LogOGResimProbe: Warning: [Warning][ResimProbe.Frame] role=Client cadence dFrame1=40 dFrame0=0 dFrameGt1=80 discont=0 numSteps total=120 max=1 gt1=0
LogOGRelayProbe: Warning: [Warning][RelayProbe.Arrival] samples=120 gapCaptureTicks p50=1 p99=2 max=3 noAdvance=0 saturated=0 lostCaptureTicksX1000=0 lost=0 delivered=170 expected=170 discont=0 discontMax=0
LogOGResimProbe: Warning: [Warning][ResimProbe.Landing] class=LocallyPredicted behind=60 atFrontier=0 discarded=0 atFrontierPerMille=0 windowSamples=120
LogOGResimProbe: Warning: [Warning][ResimProbe.Landing] class=RemoteProxy behind=60 atFrontier=0 discarded=0 atFrontierPerMille=0 windowSamples=120
LogOGDivergenceProbe: Warning: [Warning][DivergenceProbe.Window] class=LocallyPredicted corrections=60 disagreed=60 ratePerMille=1000 windowSamples=120
LogOGDivergenceProbe: Warning: [Warning][DivergenceProbe.Window] class=RemoteProxy corrections=60 disagreed=60 ratePerMille=1000 windowSamples=120
LogOGResimProbe: Warning: [Warning][ResimProbe.Gate] checks=120 declined=12 requested=108 requestedPerMille=900 deepSkips=0 survivingAnchors=0
LogOGResimProbe: Warning: [Warning][ResimProbe.Chaos] requests=108 grants=108 refused=0 refusedPerMille=0 repeat=0 clamped=0 depthMin=3 depthMax=5
LogOGResimProbe: Warning: [Warning][ResimProbe.Apply] prepares=108 finishes=108 abandoned=0 stuck=0 replayTicks=542 replayOverruns=0 freshProtects=11 staleProtects=0
LogOGRelayProbe: Warning: [Warning][RelayProbe.Read] window=[7010,7130] src=Prediction hit=120 miss=0 verifyFail=0 rung0=0 total=120
LogOGRelayProbe: Warning: [Warning][RelayProbe.Read] window=[7010,7130] src=Resim hit=538 miss=0 verifyFail=0 rung0=0 total=538
LogOGRelayProbe: Warning: [Warning][RelayProbe.Delta] window=[7010,7130] src=Prediction n=120 p10=-4 p50=-3 p90=-2 min=-4 max=-2 satLow=0 satHigh=0
LogOGRelayProbe: Warning: [Warning][RelayProbe.Delta] window=[7010,7130] src=Resim n=538 p10=-7 p50=-5 p90=-3 min=-9 max=-2 satLow=0 satHigh=0
LogOGResimProbe: Warning: [Warning][ResimProbe.Frame] role=Client simTicks=120 frames=200 meanTicksPerFrameX100=60 p50=1 p99=1 max=1 meanFrameUs=9999
LogOGResimProbe: Warning: [Warning][ResimProbe.Frame] role=Client cadence dFrame1=40 dFrame0=0 dFrameGt1=80 discont=0 numSteps total=120 max=1 gt1=0
LogOGRelayProbe: Warning: [Warning][RelayProbe.Arrival] samples=120 gapCaptureTicks p50=1 p99=2 max=3 noAdvance=0 saturated=0 lostCaptureTicksX1000=0 lost=0 delivered=166 expected=166 discont=0 discontMax=0
LogOGResimProbe: Warning: [Warning][ResimProbe.Landing] class=LocallyPredicted behind=60 atFrontier=0 discarded=0 atFrontierPerMille=0 windowSamples=120
LogOGResimProbe: Warning: [Warning][ResimProbe.Landing] class=RemoteProxy behind=60 atFrontier=0 discarded=0 atFrontierPerMille=0 windowSamples=120
LogOGDivergenceProbe: Warning: [Warning][DivergenceProbe.Window] class=LocallyPredicted corrections=60 disagreed=60 ratePerMille=1000 windowSamples=120
LogOGDivergenceProbe: Warning: [Warning][DivergenceProbe.Window] class=RemoteProxy corrections=60 disagreed=60 ratePerMille=1000 windowSamples=120
LogOGResimProbe: Warning: [Warning][ResimProbe.Gate] checks=120 declined=22 requested=98 requestedPerMille=817 deepSkips=0 survivingAnchors=0
LogOGResimProbe: Warning: [Warning][ResimProbe.Chaos] requests=98 grants=98 refused=0 refusedPerMille=0 repeat=0 clamped=0 depthMin=4 depthMax=5
LogOGResimProbe: Warning: [Warning][ResimProbe.Apply] prepares=98 finishes=98 abandoned=0 stuck=0 replayTicks=494 replayOverruns=0 freshProtects=23 staleProtects=0
LogOGRelayProbe: Warning: [Warning][RelayProbe.Read] window=[7130,7250] src=Prediction hit=120 miss=0 verifyFail=0 rung0=0 total=120
LogOGRelayProbe: Warning: [Warning][RelayProbe.Read] window=[7130,7250] src=Resim hit=484 miss=0 verifyFail=0 rung0=0 total=484
LogOGRelayProbe: Warning: [Warning][RelayProbe.Delta] window=[7130,7250] src=Prediction n=120 p10=-4 p50=-3 p90=-2 min=-4 max=-2 satLow=0 satHigh=0
LogOGRelayProbe: Warning: [Warning][RelayProbe.Delta] window=[7130,7250] src=Resim n=484 p10=-7 p50=-5 p90=-3 min=-9 max=-2 satLow=0 satHigh=0
LogOGResimProbe: Warning: [Warning][ResimProbe.Frame] role=Client simTicks=120 frames=200 meanTicksPerFrameX100=60 p50=1 p99=1 max=1 meanFrameUs=9999
LogOGResimProbe: Warning: [Warning][ResimProbe.Frame] role=Client cadence dFrame1=40 dFrame0=0 dFrameGt1=80 discont=0 numSteps total=120 max=1 gt1=0
LogOGResimProbe: Warning: [Warning][ResimProbe.Landing] class=LocallyPredicted behind=60 atFrontier=0 discarded=0 atFrontierPerMille=0 windowSamples=120
LogOGResimProbe: Warning: [Warning][ResimProbe.Landing] class=RemoteProxy behind=60 atFrontier=0 discarded=0 atFrontierPerMille=0 windowSamples=120
LogOGDivergenceProbe: Warning: [Warning][DivergenceProbe.Window] class=LocallyPredicted corrections=60 disagreed=60 ratePerMille=1000 windowSamples=120
LogOGDivergenceProbe: Warning: [Warning][DivergenceProbe.Window] class=RemoteProxy corrections=60 disagreed=60 ratePerMille=1000 windowSamples=120
LogOGResimProbe: Warning: [Warning][ResimProbe.Gate] checks=120 declined=21 requested=99 requestedPerMille=825 deepSkips=0 survivingAnchors=0
LogOGResimProbe: Warning: [Warning][ResimProbe.Chaos] requests=99 grants=99 refused=0 refusedPerMille=0 repeat=0 clamped=0 depthMin=3 depthMax=4
LogOGResimProbe: Warning: [Warning][ResimProbe.Apply] prepares=99 finishes=99 abandoned=0 stuck=0 replayTicks=494 replayOverruns=0 freshProtects=17 staleProtects=0
LogOGRelayProbe: Warning: [Warning][RelayProbe.Read] window=[7250,7370] src=Prediction hit=120 miss=0 verifyFail=0 rung0=0 total=120
LogOGRelayProbe: Warning: [Warning][RelayProbe.Read] window=[7250,7370] src=Resim hit=486 miss=0 verifyFail=0 rung0=0 total=486
LogOGRelayProbe: Warning: [Warning][RelayProbe.Delta] window=[7250,7370] src=Prediction n=120 p10=-4 p50=-3 p90=-2 min=-4 max=-2 satLow=0 satHigh=0
LogOGRelayProbe: Warning: [Warning][RelayProbe.Delta] window=[7250,7370] src=Resim n=486 p10=-7 p50=-5 p90=-3 min=-8 max=-2 satLow=0 satHigh=0
LogOGResimProbe: Warning: [Warning][ResimProbe.Frame] role=Client simTicks=120 frames=199 meanTicksPerFrameX100=60 p50=1 p99=1 max=1 meanFrameUs=10000
LogOGResimProbe: Warning: [Warning][ResimProbe.Frame] role=Client cadence dFrame1=41 dFrame0=0 dFrameGt1=79 discont=0 numSteps total=120 max=1 gt1=0
LogOGRelayProbe: Warning: [Warning][RelayProbe.Arrival] samples=120 gapCaptureTicks p50=1 p99=3 max=3 noAdvance=0 saturated=0 lostCaptureTicksX1000=0 lost=0 delivered=173 expected=173 discont=0 discontMax=0
LogOGResimProbe: Warning: [Warning][ResimProbe.Landing] class=LocallyPredicted behind=60 atFrontier=0 discarded=0 atFrontierPerMille=0 windowSamples=120
LogOGResimProbe: Warning: [Warning][ResimProbe.Landing] class=RemoteProxy behind=60 atFrontier=0 discarded=0 atFrontierPerMille=0 windowSamples=120
LogOGDivergenceProbe: Warning: [Warning][DivergenceProbe.Window] class=LocallyPredicted corrections=60 disagreed=60 ratePerMille=1000 windowSamples=120
LogOGDivergenceProbe: Warning: [Warning][DivergenceProbe.Window] class=RemoteProxy corrections=60 disagreed=60 ratePerMille=1000 windowSamples=120
LogOGResimProbe: Warning: [Warning][ResimProbe.Gate] checks=120 declined=16 requested=104 requestedPerMille=867 deepSkips=0 survivingAnchors=0
LogOGResimProbe: Warning: [Warning][ResimProbe.Chaos] requests=104 grants=104 refused=0 refusedPerMille=0 repeat=0 clamped=0 depthMin=4 depthMax=5
LogOGResimProbe: Warning: [Warning][ResimProbe.Apply] prepares=104 finishes=104 abandoned=0 stuck=0 replayTicks=523 replayOverruns=0 freshProtects=17 staleProtects=0
LogOGRelayProbe: Warning: [Warning][RelayProbe.Read] window=[7370,7490] src=Prediction hit=120 miss=0 verifyFail=0 rung0=0 total=120
LogOGRelayProbe: Warning: [Warning][RelayProbe.Read] window=[7370,7490] src=Resim hit=514 miss=0 verifyFail=0 rung0=0 total=514
LogOGRelayProbe: Warning: [Warning][RelayProbe.Delta] window=[7370,7490] src=Prediction n=120 p10=-4 p50=-3 p90=-2 min=-4 max=-2 satLow=0 satHigh=0
LogOGRelayProbe: Warning: [Warning][RelayProbe.Delta] window=[7370,7490] src=Resim n=514 p10=-7 p50=-5 p90=-3 min=-9 max=-2 satLow=0 satHigh=0
LogOGResimProbe: Warning: [Warning][ResimProbe.Frame] role=Client simTicks=120 frames=200 meanTicksPerFrameX100=60 p50=1 p99=1 max=1 meanFrameUs=9999
LogOGResimProbe: Warning: [Warning][ResimProbe.Frame] role=Client cadence dFrame1=40 dFrame0=0 dFrameGt1=80 discont=0 numSteps total=120 max=1 gt1=0
LogOGRelayProbe: Warning: [Warning][RelayProbe.Arrival] samples=120 gapCaptureTicks p50=1 p99=2 max=3 noAdvance=0 saturated=0 lostCaptureTicksX1000=0 lost=0 delivered=172 expected=172 discont=0 discontMax=0
LogOGResimProbe: Warning: [Warning][ResimProbe.Landing] class=LocallyPredicted behind=60 atFrontier=0 discarded=0 atFrontierPerMille=0 windowSamples=120
LogOGResimProbe: Warning: [Warning][ResimProbe.Landing] class=RemoteProxy behind=60 atFrontier=0 discarded=0 atFrontierPerMille=0 windowSamples=120
LogOGDivergenceProbe: Warning: [Warning][DivergenceProbe.Window] class=LocallyPredicted corrections=60 disagreed=60 ratePerMille=1000 windowSamples=120
LogOGDivergenceProbe: Warning: [Warning][DivergenceProbe.Window] class=RemoteProxy corrections=60 disagreed=60 ratePerMille=1000 windowSamples=120
LogOGResimProbe: Warning: [Warning][ResimProbe.Gate] checks=120 declined=16 requested=104 requestedPerMille=867 deepSkips=0 survivingAnchors=0
LogOGResimProbe: Warning: [Warning][ResimProbe.Chaos] requests=104 grants=104 refused=0 refusedPerMille=0 repeat=0 clamped=0 depthMin=4 depthMax=5
LogOGResimProbe: Warning: [Warning][ResimProbe.Apply] prepares=104 finishes=104 abandoned=0 stuck=0 replayTicks=523 replayOverruns=0 freshProtects=15 staleProtects=0
LogOGRelayProbe: Warning: [Warning][RelayProbe.Read] window=[7490,7610] src=Prediction hit=120 miss=0 verifyFail=0 rung0=0 total=120
LogOGRelayProbe: Warning: [Warning][RelayProbe.Read] window=[7490,7610] src=Resim hit=515 miss=0 verifyFail=0 rung0=0 total=515
LogOGRelayProbe: Warning: [Warning][RelayProbe.Delta] window=[7490,7610] src=Prediction n=120 p10=-4 p50=-3 p90=-2 min=-4 max=-2 satLow=0 satHigh=0
LogOGRelayProbe: Warning: [Warning][RelayProbe.Delta] window=[7490,7610] src=Resim n=515 p10=-7 p50=-5 p90=-3 min=-8 max=-2 satLow=0 satHigh=0
LogOGResimProbe: Warning: [Warning][ResimProbe.Frame] role=Client simTicks=120 frames=200 meanTicksPerFrameX100=60 p50=1 p99=1 max=1 meanFrameUs=10001
LogOGResimProbe: Warning: [Warning][ResimProbe.Frame] role=Client cadence dFrame1=40 dFrame0=0 dFrameGt1=80 discont=0 numSteps total=120 max=1 gt1=0
LogOGResimProbe: Warning: [Warning][ResimProbe.Landing] class=LocallyPredicted behind=60 atFrontier=0 discarded=0 atFrontierPerMille=0 windowSamples=120
LogOGResimProbe: Warning: [Warning][ResimProbe.Landing] class=RemoteProxy behind=60 atFrontier=0 discarded=0 atFrontierPerMille=0 windowSamples=120
LogOGDivergenceProbe: Warning: [Warning][DivergenceProbe.Window] class=LocallyPredicted corrections=60 disagreed=60 ratePerMille=1000 windowSamples=120
LogOGDivergenceProbe: Warning: [Warning][DivergenceProbe.Window] class=RemoteProxy corrections=60 disagreed=60 ratePerMille=1000 windowSamples=120
LogOGResimProbe: Warning: [Warning][ResimProbe.Gate] checks=120 declined=7 requested=113 requestedPerMille=942 deepSkips=0 survivingAnchors=0
LogOGResimProbe: Warning: [Warning][ResimProbe.Chaos] requests=113 grants=113 refused=0 refusedPerMille=0 repeat=0 clamped=0 depthMin=4 depthMax=5
LogOGResimProbe: Warning: [Warning][ResimProbe.Apply] prepares=113 finishes=113 abandoned=0 stuck=0 replayTicks=569 replayOverruns=0 freshProtects=7 staleProtects=0
LogOGRelayProbe: Warning: [Warning][RelayProbe.Read] window=[7610,7730] src=Prediction hit=120 miss=0 verifyFail=0 rung0=0 total=120
LogOGRelayProbe: Warning: [Warning][RelayProbe.Read] window=[7610,7730] src=Resim hit=566 miss=0 verifyFail=0 rung0=0 total=566
LogOGRelayProbe: Warning: [Warning][RelayProbe.Delta] window=[7610,7730] src=Prediction n=120 p10=-4 p50=-3 p90=-2 min=-4 max=-2 satLow=0 satHigh=0
LogOGRelayProbe: Warning: [Warning][RelayProbe.Delta] window=[7610,7730] src=Resim n=566 p10=-7 p50=-5 p90=-3 min=-8 max=-2 satLow=0 satHigh=0
LogOGRelayProbe: Warning: [Warning][RelayProbe.Arrival] samples=120 gapCaptureTicks p50=1 p99=2 max=2 noAdvance=0 saturated=0 lostCaptureTicksX1000=0 lost=0 delivered=171 expected=171 discont=0 discontMax=0
LogOGResimProbe: Warning: [Warning][ResimProbe.Frame] role=Client simTicks=120 frames=201 meanTicksPerFrameX100=59 p50=1 p99=1 max=1 meanFrameUs=10000
LogOGResimProbe: Warning: [Warning][ResimProbe.Frame] role=Client cadence dFrame1=39 dFrame0=0 dFrameGt1=81 discont=0 numSteps total=120 max=1 gt1=0
LogOGResimProbe: Warning: [Warning][ResimProbe.Landing] class=LocallyPredicted behind=60 atFrontier=0 discarded=0 atFrontierPerMille=0 windowSamples=120
LogOGResimProbe: Warning: [Warning][ResimProbe.Landing] class=RemoteProxy behind=60 atFrontier=0 discarded=0 atFrontierPerMille=0 windowSamples=120
LogOGDivergenceProbe: Warning: [Warning][DivergenceProbe.Window] class=LocallyPredicted corrections=60 disagreed=60 ratePerMille=1000 windowSamples=120
LogOGDivergenceProbe: Warning: [Warning][DivergenceProbe.Window] class=RemoteProxy corrections=60 disagreed=60 ratePerMille=1000 windowSamples=120
LogOGResimProbe: Warning: [Warning][ResimProbe.Gate] checks=120 declined=7 requested=113 requestedPerMille=942 deepSkips=0 survivingAnchors=0
LogOGResimProbe: Warning: [Warning][ResimProbe.Chaos] requests=113 grants=113 refused=0 refusedPerMille=0 repeat=0 clamped=0 depthMin=4 depthMax=4
LogOGResimProbe: Warning: [Warning][ResimProbe.Apply] prepares=113 finishes=113 abandoned=0 stuck=0 replayTicks=565 replayOverruns=0 freshProtects=7 staleProtects=0
LogOGRelayProbe: Warning: [Warning][RelayProbe.Read] window=[7730,7850] src=Prediction hit=120 miss=0 verifyFail=0 rung0=0 total=120
LogOGRelayProbe: Warning: [Warning][RelayProbe.Read] window=[7730,7850] src=Resim hit=561 miss=0 verifyFail=0 rung0=0 total=561
LogOGRelayProbe: Warning: [Warning][RelayProbe.Delta] window=[7730,7850] src=Prediction n=120 p10=-4 p50=-3 p90=-2 min=-4 max=-2 satLow=0 satHigh=0
LogOGRelayProbe: Warning: [Warning][RelayProbe.Delta] window=[7730,7850] src=Resim n=561 p10=-7 p50=-5 p90=-3 min=-8 max=-2 satLow=0 satHigh=0
LogOGResimProbe: Warning: [Warning][ResimProbe.Frame] role=Client simTicks=120 frames=199 meanTicksPerFrameX100=60 p50=1 p99=1 max=1 meanFrameUs=10000
LogOGResimProbe: Warning: [Warning][ResimProbe.Frame] role=Client cadence dFrame1=41 dFrame0=0 dFrameGt1=79 discont=0 numSteps total=120 max=1 gt1=0
LogOGRelayProbe: Warning: [Warning][RelayProbe.Arrival] samples=120 gapCaptureTicks p50=1 p99=2 max=2 noAdvance=0 saturated=0 lostCaptureTicksX1000=0 lost=0 delivered=176 expected=176 discont=0 discontMax=0
LogOGResimProbe: Warning: [Warning][ResimProbe.Landing] class=LocallyPredicted behind=60 atFrontier=0 discarded=0 atFrontierPerMille=0 windowSamples=120
LogOGResimProbe: Warning: [Warning][ResimProbe.Landing] class=RemoteProxy behind=60 atFrontier=0 discarded=0 atFrontierPerMille=0 windowSamples=120
LogOGDivergenceProbe: Warning: [Warning][DivergenceProbe.Window] class=LocallyPredicted corrections=60 disagreed=60 ratePerMille=1000 windowSamples=120
LogOGDivergenceProbe: Warning: [Warning][DivergenceProbe.Window] class=RemoteProxy corrections=60 disagreed=60 ratePerMille=1000 windowSamples=120
LogOGResimProbe: Warning: [Warning][ResimProbe.Gate] checks=120 declined=16 requested=104 requestedPerMille=867 deepSkips=0 survivingAnchors=0
LogOGResimProbe: Warning: [Warning][ResimProbe.Chaos] requests=104 grants=102 refused=2 refusedPerMille=19 repeat=2 clamped=0 depthMin=3 depthMax=5
LogOGResimProbe: Warning: [Warning][ResimProbe.Apply] prepares=102 finishes=102 abandoned=0 stuck=0 replayTicks=511 replayOverruns=0 freshProtects=18 staleProtects=0
LogOGRelayProbe: Warning: [Warning][RelayProbe.Read] window=[7850,7970] src=Prediction hit=120 miss=0 verifyFail=0 rung0=0 total=120
LogOGRelayProbe: Warning: [Warning][RelayProbe.Read] window=[7850,7970] src=Resim hit=501 miss=0 verifyFail=0 rung0=0 total=501
LogOGRelayProbe: Warning: [Warning][RelayProbe.Delta] window=[7850,7970] src=Prediction n=120 p10=-4 p50=-3 p90=-2 min=-4 max=-2 satLow=0 satHigh=0
LogOGRelayProbe: Warning: [Warning][RelayProbe.Delta] window=[7850,7970] src=Resim n=501 p10=-7 p50=-5 p90=-3 min=-8 max=-2 satLow=0 satHigh=0
LogOGResimProbe: Warning: [Warning][ResimProbe.Frame] role=Client simTicks=120 frames=200 meanTicksPerFrameX100=60 p50=1 p99=1 max=1 meanFrameUs=9999
LogOGResimProbe: Warning: [Warning][ResimProbe.Frame] role=Client cadence dFrame1=40 dFrame0=0 dFrameGt1=80 discont=0 numSteps total=120 max=1 gt1=0
LogOGResimProbe: Warning: [Warning][ResimProbe.Landing] class=LocallyPredicted behind=60 atFrontier=0 discarded=0 atFrontierPerMille=0 windowSamples=120
LogOGResimProbe: Warning: [Warning][ResimProbe.Landing] class=RemoteProxy behind=60 atFrontier=0 discarded=0 atFrontierPerMille=0 windowSamples=120
LogOGDivergenceProbe: Warning: [Warning][DivergenceProbe.Window] class=LocallyPredicted corrections=60 disagreed=60 ratePerMille=1000 windowSamples=120
LogOGDivergenceProbe: Warning: [Warning][DivergenceProbe.Window] class=RemoteProxy corrections=60 disagreed=60 ratePerMille=1000 windowSamples=120
LogOGRelayProbe: Warning: [Warning][RelayProbe.Arrival] samples=120 gapCaptureTicks p50=1 p99=3 max=3 noAdvance=0 saturated=0 lostCaptureTicksX1000=0 lost=0 delivered=169 expected=169 discont=0 discontMax=0
LogOGResimProbe: Warning: [Warning][ResimProbe.Gate] checks=120 declined=11 requested=109 requestedPerMille=908 deepSkips=0 survivingAnchors=0
LogOGResimProbe: Warning: [Warning][ResimProbe.Chaos] requests=109 grants=109 refused=0 refusedPerMille=0 repeat=0 clamped=0 depthMin=4 depthMax=5
LogOGResimProbe: Warning: [Warning][ResimProbe.Apply] prepares=109 finishes=109 abandoned=0 stuck=0 replayTicks=549 replayOverruns=0 freshProtects=11 staleProtects=0
LogOGRelayProbe: Warning: [Warning][RelayProbe.Read] window=[7970,8090] src=Prediction hit=120 miss=0 verifyFail=0 rung0=0 total=120
LogOGRelayProbe: Warning: [Warning][RelayProbe.Read] window=[7970,8090] src=Resim hit=545 miss=0 verifyFail=0 rung0=0 total=545
LogOGRelayProbe: Warning: [Warning][RelayProbe.Delta] window=[7970,8090] src=Prediction n=120 p10=-3 p50=-3 p90=-2 min=-4 max=-2 satLow=0 satHigh=0
LogOGRelayProbe: Warning: [Warning][RelayProbe.Delta] window=[7970,8090] src=Resim n=545 p10=-7 p50=-5 p90=-3 min=-8 max=-2 satLow=0 satHigh=0
LogOGResimProbe: Warning: [Warning][ResimProbe.Frame] role=Client simTicks=120 frames=201 meanTicksPerFrameX100=59 p50=1 p99=1 max=1 meanFrameUs=10000
LogOGResimProbe: Warning: [Warning][ResimProbe.Frame] role=Client cadence dFrame1=39 dFrame0=0 dFrameGt1=81 discont=0 numSteps total=120 max=1 gt1=0
LogOGResimProbe: Warning: [Warning][ResimProbe.Landing] class=LocallyPredicted behind=60 atFrontier=0 discarded=0 atFrontierPerMille=0 windowSamples=120
LogOGResimProbe: Warning: [Warning][ResimProbe.Landing] class=RemoteProxy behind=60 atFrontier=0 discarded=0 atFrontierPerMille=0 windowSamples=120
LogOGDivergenceProbe: Warning: [Warning][DivergenceProbe.Window] class=LocallyPredicted corrections=60 disagreed=60 ratePerMille=1000 windowSamples=120
LogOGDivergenceProbe: Warning: [Warning][DivergenceProbe.Window] class=RemoteProxy corrections=60 disagreed=60 ratePerMille=1000 windowSamples=120
LogOGResimProbe: Warning: [Warning][ResimProbe.Gate] checks=120 declined=16 requested=104 requestedPerMille=867 deepSkips=0 survivingAnchors=0
LogOGResimProbe: Warning: [Warning][ResimProbe.Chaos] requests=104 grants=104 refused=0 refusedPerMille=0 repeat=0 clamped=0 depthMin=3 depthMax=4
LogOGResimProbe: Warning: [Warning][ResimProbe.Apply] prepares=104 finishes=104 abandoned=0 stuck=0 replayTicks=519 replayOverruns=0 freshProtects=16 staleProtects=0
LogOGRelayProbe: Warning: [Warning][RelayProbe.Read] window=[8090,8210] src=Prediction hit=120 miss=0 verifyFail=0 rung0=0 total=120
LogOGRelayProbe: Warning: [Warning][RelayProbe.Read] window=[8090,8210] src=Resim hit=511 miss=0 verifyFail=0 rung0=0 total=511
LogOGRelayProbe: Warning: [Warning][RelayProbe.Delta] window=[8090,8210] src=Prediction n=120 p10=-4 p50=-3 p90=-2 min=-4 max=-2 satLow=0 satHigh=0
LogOGRelayProbe: Warning: [Warning][RelayProbe.Delta] window=[8090,8210] src=Resim n=511 p10=-7 p50=-5 p90=-3 min=-8 max=-2 satLow=0 satHigh=0
LogOGResimProbe: Warning: [Warning][ResimProbe.Frame] role=Client simTicks=120 frames=199 meanTicksPerFrameX100=60 p50=1 p99=1 max=1 meanFrameUs=9999
LogOGResimProbe: Warning: [Warning][ResimProbe.Frame] role=Client cadence dFrame1=41 dFrame0=0 dFrameGt1=79 discont=0 numSteps total=120 max=1 gt1=0
LogOGRelayProbe: Warning: [Warning][RelayProbe.Arrival] samples=120 gapCaptureTicks p50=1 p99=2 max=2 noAdvance=0 saturated=0 lostCaptureTicksX1000=0 lost=0 delivered=168 expected=168 discont=0 discontMax=0
LogOGResimProbe: Warning: [Warning][ResimProbe.Landing] class=LocallyPredicted behind=60 atFrontier=0 discarded=0 atFrontierPerMille=0 windowSamples=120
LogOGResimProbe: Warning: [Warning][ResimProbe.Landing] class=RemoteProxy behind=60 atFrontier=0 discarded=0 atFrontierPerMille=0 windowSamples=120
LogOGDivergenceProbe: Warning: [Warning][DivergenceProbe.Window] class=LocallyPredicted corrections=60 disagreed=60 ratePerMille=1000 windowSamples=120
LogOGDivergenceProbe: Warning: [Warning][DivergenceProbe.Window] class=RemoteProxy corrections=60 disagreed=60 ratePerMille=1000 windowSamples=120
LogOGResimProbe: Warning: [Warning][ResimProbe.Gate] checks=120 declined=16 requested=104 requestedPerMille=867 deepSkips=0 survivingAnchors=0
LogOGResimProbe: Warning: [Warning][ResimProbe.Chaos] requests=104 grants=104 refused=0 refusedPerMille=0 repeat=0 clamped=0 depthMin=4 depthMax=5
LogOGResimProbe: Warning: [Warning][ResimProbe.Apply] prepares=104 finishes=104 abandoned=0 stuck=0 replayTicks=525 replayOverruns=0 freshProtects=17 staleProtects=0
LogOGRelayProbe: Warning: [Warning][RelayProbe.Read] window=[8210,8330] src=Prediction hit=120 miss=0 verifyFail=0 rung0=0 total=120
LogOGRelayProbe: Warning: [Warning][RelayProbe.Read] window=[8210,8330] src=Resim hit=513 miss=0 verifyFail=0 rung0=0 total=513
LogOGRelayProbe: Warning: [Warning][RelayProbe.Delta] window=[8210,8330] src=Prediction n=120 p10=-4 p50=-3 p90=-2 min=-4 max=-2 satLow=0 satHigh=0
LogOGRelayProbe: Warning: [Warning][RelayProbe.Delta] window=[8210,8330] src=Resim n=513 p10=-7 p50=-5 p90=-3 min=-8 max=-2 satLow=0 satHigh=0
LogOGResimProbe: Warning: [Warning][ResimProbe.Frame] role=Client simTicks=120 frames=201 meanTicksPerFrameX100=59 p50=1 p99=1 max=1 meanFrameUs=10000
LogOGResimProbe: Warning: [Warning][ResimProbe.Frame] role=Client cadence dFrame1=39 dFrame0=0 dFrameGt1=81 discont=0 numSteps total=120 max=1 gt1=0
LogOGRelayProbe: Warning: [Warning][RelayProbe.Arrival] samples=120 gapCaptureTicks p50=1 p99=2 max=2 noAdvance=0 saturated=0 lostCaptureTicksX1000=0 lost=0 delivered=173 expected=173 discont=0 discontMax=0
LogOGResimProbe: Warning: [Warning][ResimProbe.Landing] class=LocallyPredicted behind=60 atFrontier=0 discarded=0 atFrontierPerMille=0 windowSamples=120
LogOGResimProbe: Warning: [Warning][ResimProbe.Landing] class=RemoteProxy behind=60 atFrontier=0 discarded=0 atFrontierPerMille=0 windowSamples=120
LogOGDivergenceProbe: Warning: [Warning][DivergenceProbe.Window] class=LocallyPredicted corrections=60 disagreed=60 ratePerMille=1000 windowSamples=120
LogOGDivergenceProbe: Warning: [Warning][DivergenceProbe.Window] class=RemoteProxy corrections=60 disagreed=60 ratePerMille=1000 windowSamples=120
LogOGResimProbe: Warning: [Warning][ResimProbe.Gate] checks=120 declined=14 requested=106 requestedPerMille=883 deepSkips=0 survivingAnchors=0
LogOGResimProbe: Warning: [Warning][ResimProbe.Chaos] requests=106 grants=105 refused=1 refusedPerMille=9 repeat=1 clamped=0 depthMin=3 depthMax=5
LogOGResimProbe: Warning: [Warning][ResimProbe.Apply] prepares=105 finishes=105 abandoned=0 stuck=0 replayTicks=525 replayOverruns=0 freshProtects=14 staleProtects=0
LogOGRelayProbe: Warning: [Warning][RelayProbe.Read] window=[8330,8450] src=Prediction hit=120 miss=0 verifyFail=0 rung0=0 total=120
LogOGRelayProbe: Warning: [Warning][RelayProbe.Read] window=[8330,8450] src=Resim hit=518 miss=0 verifyFail=0 rung0=0 total=518
LogOGRelayProbe: Warning: [Warning][RelayProbe.Delta] window=[8330,8450] src=Prediction n=120 p10=-4 p50=-3 p90=-2 min=-4 max=-2 satLow=0 satHigh=0
LogOGRelayProbe: Warning: [Warning][RelayProbe.Delta] window=[8330,8450] src=Resim n=518 p10=-7 p50=-5 p90=-3 min=-8 max=-2 satLow=0 satHigh=0
LogOGResimProbe: Warning: [Warning][ResimProbe.Frame] role=Client simTicks=120 frames=199 meanTicksPerFrameX100=60 p50=1 p99=1 max=1 meanFrameUs=10000
LogOGResimProbe: Warning: [Warning][ResimProbe.Frame] role=Client cadence dFrame1=41 dFrame0=0 dFrameGt1=79 discont=0 numSteps total=120 max=1 gt1=0
LogOGResimProbe: Warning: [Warning][ResimProbe.Landing] class=LocallyPredicted behind=60 atFrontier=0 discarded=0 atFrontierPerMille=0 windowSamples=120
LogOGResimProbe: Warning: [Warning][ResimProbe.Landing] class=RemoteProxy behind=60 atFrontier=0 discarded=0 atFrontierPerMille=0 windowSamples=120
LogOGDivergenceProbe: Warning: [Warning][DivergenceProbe.Window] class=LocallyPredicted corrections=60 disagreed=60 ratePerMille=1000 windowSamples=120
LogOGDivergenceProbe: Warning: [Warning][DivergenceProbe.Window] class=RemoteProxy corrections=60 disagreed=60 ratePerMille=1000 windowSamples=120
LogOGResimProbe: Warning: [Warning][ResimProbe.Gate] checks=120 declined=8 requested=112 requestedPerMille=933 deepSkips=0 survivingAnchors=0
LogOGResimProbe: Warning: [Warning][ResimProbe.Chaos] requests=112 grants=111 refused=1 refusedPerMille=9 repeat=1 clamped=0 depthMin=3 depthMax=5
LogOGResimProbe: Warning: [Warning][ResimProbe.Apply] prepares=111 finishes=111 abandoned=0 stuck=0 replayTicks=557 replayOverruns=0 freshProtects=8 staleProtects=0
LogOGRelayProbe: Warning: [Warning][RelayProbe.Read] window=[8450,8570] src=Prediction hit=120 miss=0 verifyFail=0 rung0=0 total=120
LogOGRelayProbe: Warning: [Warning][RelayProbe.Read] window=[8450,8570] src=Resim hit=552 miss=0 verifyFail=0 rung0=0 total=552
LogOGRelayProbe: Warning: [Warning][RelayProbe.Delta] window=[8450,8570] src=Prediction n=120 p10=-4 p50=-3 p90=-3 min=-4 max=-2 satLow=0 satHigh=0
LogOGRelayProbe: Warning: [Warning][RelayProbe.Delta] window=[8450,8570] src=Resim n=552 p10=-7 p50=-5 p90=-3 min=-8 max=-2 satLow=0 satHigh=0
LogOGResimProbe: Warning: [Warning][ResimProbe.Frame] role=Client simTicks=120 frames=200 meanTicksPerFrameX100=60 p50=1 p99=1 max=1 meanFrameUs=9999
LogOGResimProbe: Warning: [Warning][ResimProbe.Frame] role=Client cadence dFrame1=40 dFrame0=0 dFrameGt1=80 discont=0 numSteps total=120 max=1 gt1=0
LogOGRelayProbe: Warning: [Warning][RelayProbe.Arrival] samples=120 gapCaptureTicks p50=1 p99=2 max=2 noAdvance=0 saturated=0 lostCaptureTicksX1000=0 lost=0 delivered=174 expected=174 discont=0 discontMax=0
LogOGResimProbe: Warning: [Warning][ResimProbe.Landing] class=LocallyPredicted behind=60 atFrontier=0 discarded=0 atFrontierPerMille=0 windowSamples=120
LogOGResimProbe: Warning: [Warning][ResimProbe.Landing] class=RemoteProxy behind=60 atFrontier=0 discarded=0 atFrontierPerMille=0 windowSamples=120
LogOGDivergenceProbe: Warning: [Warning][DivergenceProbe.Window] class=LocallyPredicted corrections=60 disagreed=60 ratePerMille=1000 windowSamples=120
LogOGDivergenceProbe: Warning: [Warning][DivergenceProbe.Window] class=RemoteProxy corrections=60 disagreed=60 ratePerMille=1000 windowSamples=120
LogOGResimProbe: Warning: [Warning][ResimProbe.Gate] checks=120 declined=38 requested=82 requestedPerMille=683 deepSkips=0 survivingAnchors=0
LogOGResimProbe: Warning: [Warning][ResimProbe.Chaos] requests=82 grants=81 refused=1 refusedPerMille=12 repeat=1 clamped=0 depthMin=3 depthMax=5
LogOGResimProbe: Warning: [Warning][ResimProbe.Apply] prepares=81 finishes=81 abandoned=0 stuck=0 replayTicks=404 replayOverruns=0 freshProtects=38 staleProtects=0
LogOGRelayProbe: Warning: [Warning][RelayProbe.Read] window=[8570,8690] src=Prediction hit=120 miss=0 verifyFail=0 rung0=0 total=120
LogOGRelayProbe: Warning: [Warning][RelayProbe.Read] window=[8570,8690] src=Resim hit=385 miss=0 verifyFail=0 rung0=0 total=385
LogOGRelayProbe: Warning: [Warning][RelayProbe.Delta] window=[8570,8690] src=Prediction n=120 p10=-3 p50=-3 p90=-2 min=-4 max=-2 satLow=0 satHigh=0
LogOGRelayProbe: Warning: [Warning][RelayProbe.Delta] window=[8570,8690] src=Resim n=385 p10=-7 p50=-5 p90=-3 min=-8 max=-2 satLow=0 satHigh=0
LogOGResimProbe: Warning: [Warning][ResimProbe.Frame] role=Client simTicks=120 frames=200 meanTicksPerFrameX100=60 p50=1 p99=1 max=1 meanFrameUs=10000
LogOGResimProbe: Warning: [Warning][ResimProbe.Frame] role=Client cadence dFrame1=40 dFrame0=0 dFrameGt1=80 discont=0 numSteps total=120 max=1 gt1=0
LogOGRelayProbe: Warning: [Warning][RelayProbe.Arrival] samples=120 gapCaptureTicks p50=1 p99=2 max=2 noAdvance=0 saturated=0 lostCaptureTicksX1000=0 lost=0 delivered=175 expected=175 discont=0 discontMax=0
LogOGResimProbe: Warning: [Warning][ResimProbe.Landing] class=LocallyPredicted behind=60 atFrontier=0 discarded=0 atFrontierPerMille=0 windowSamples=120
LogOGResimProbe: Warning: [Warning][ResimProbe.Landing] class=RemoteProxy behind=60 atFrontier=0 discarded=0 atFrontierPerMille=0 windowSamples=120
LogOGDivergenceProbe: Warning: [Warning][DivergenceProbe.Window] class=LocallyPredicted corrections=60 disagreed=60 ratePerMille=1000 windowSamples=120
LogOGDivergenceProbe: Warning: [Warning][DivergenceProbe.Window] class=RemoteProxy corrections=60 disagreed=60 ratePerMille=1000 windowSamples=120
LogOGResimProbe: Warning: [Warning][ResimProbe.Gate] checks=120 declined=10 requested=110 requestedPerMille=917 deepSkips=0 survivingAnchors=0
LogOGResimProbe: Warning: [Warning][ResimProbe.Chaos] requests=110 grants=110 refused=0 refusedPerMille=0 repeat=0 clamped=0 depthMin=4 depthMax=5
LogOGResimProbe: Warning: [Warning][ResimProbe.Apply] prepares=110 finishes=110 abandoned=0 stuck=0 replayTicks=553 replayOverruns=0 freshProtects=12 staleProtects=0
LogOGRelayProbe: Warning: [Warning][RelayProbe.Read] window=[8690,8810] src=Prediction hit=120 miss=0 verifyFail=0 rung0=0 total=120
LogOGRelayProbe: Warning: [Warning][RelayProbe.Read] window=[8690,8810] src=Resim hit=546 miss=0 verifyFail=0 rung0=0 total=546
LogOGRelayProbe: Warning: [Warning][RelayProbe.Delta] window=[8690,8810] src=Prediction n=120 p10=-4 p50=-3 p90=-2 min=-4 max=-2 satLow=0 satHigh=0
LogOGRelayProbe: Warning: [Warning][RelayProbe.Delta] window=[8690,8810] src=Resim n=546 p10=-7 p50=-5 p90=-3 min=-8 max=-2 satLow=0 satHigh=0
LogOGResimProbe: Warning: [Warning][ResimProbe.Frame] role=Client simTicks=120 frames=200 meanTicksPerFrameX100=60 p50=1 p99=1 max=1 meanFrameUs=10000
LogOGResimProbe: Warning: [Warning][ResimProbe.Frame] role=Client cadence dFrame1=40 dFrame0=0 dFrameGt1=80 discont=0 numSteps total=120 max=1 gt1=0
LogOGResimProbe: Warning: [Warning][ResimProbe.Landing] class=LocallyPredicted behind=60 atFrontier=0 discarded=0 atFrontierPerMille=0 windowSamples=120
LogOGResimProbe: Warning: [Warning][ResimProbe.Landing] class=RemoteProxy behind=60 atFrontier=0 discarded=0 atFrontierPerMille=0 windowSamples=120
LogOGDivergenceProbe: Warning: [Warning][DivergenceProbe.Window] class=LocallyPredicted corrections=60 disagreed=60 ratePerMille=1000 windowSamples=120
LogOGDivergenceProbe: Warning: [Warning][DivergenceProbe.Window] class=RemoteProxy corrections=60 disagreed=60 ratePerMille=1000 windowSamples=120
LogOGResimProbe: Warning: [Warning][ResimProbe.Gate] checks=120 declined=22 requested=98 requestedPerMille=817 deepSkips=0 survivingAnchors=0
LogOGResimProbe: Warning: [Warning][ResimProbe.Chaos] requests=98 grants=97 refused=1 refusedPerMille=10 repeat=1 clamped=0 depthMin=3 depthMax=5
LogOGResimProbe: Warning: [Warning][ResimProbe.Apply] prepares=97 finishes=97 abandoned=0 stuck=0 replayTicks=486 replayOverruns=0 freshProtects=21 staleProtects=0
LogOGRelayProbe: Warning: [Warning][RelayProbe.Read] window=[8810,8930] src=Prediction hit=120 miss=0 verifyFail=0 rung0=0 total=120
LogOGRelayProbe: Warning: [Warning][RelayProbe.Read] window=[8810,8930] src=Resim hit=477 miss=0 verifyFail=0 rung0=0 total=477
LogOGRelayProbe: Warning: [Warning][RelayProbe.Delta] window=[8810,8930] src=Prediction n=120 p10=-4 p50=-3 p90=-2 min=-4 max=-2 satLow=0 satHigh=0
LogOGRelayProbe: Warning: [Warning][RelayProbe.Delta] window=[8810,8930] src=Resim n=477 p10=-7 p50=-5 p90=-3 min=-9 max=-2 satLow=0 satHigh=0
LogOGResimProbe: Warning: [Warning][ResimProbe.Frame] role=Client simTicks=120 frames=200 meanTicksPerFrameX100=60 p50=1 p99=1 max=1 meanFrameUs=10000
LogOGResimProbe: Warning: [Warning][ResimProbe.Frame] role=Client cadence dFrame1=40 dFrame0=0 dFrameGt1=80 discont=0 numSteps total=120 max=1 gt1=0
LogOGRelayProbe: Warning: [Warning][RelayProbe.Arrival] samples=120 gapCaptureTicks p50=1 p99=2 max=3 noAdvance=0 saturated=0 lostCaptureTicksX1000=0 lost=0 delivered=174 expected=174 discont=0 discontMax=0
LogOGResimProbe: Warning: [Warning][ResimProbe.Landing] class=LocallyPredicted behind=60 atFrontier=0 discarded=0 atFrontierPerMille=0 windowSamples=120
LogOGResimProbe: Warning: [Warning][ResimProbe.Landing] class=RemoteProxy behind=60 atFrontier=0 discarded=0 atFrontierPerMille=0 windowSamples=120
LogOGDivergenceProbe: Warning: [Warning][DivergenceProbe.Window] class=LocallyPredicted corrections=60 disagreed=60 ratePerMille=1000 windowSamples=120
LogOGDivergenceProbe: Warning: [Warning][DivergenceProbe.Window] class=RemoteProxy corrections=60 disagreed=60 ratePerMille=1000 windowSamples=120
LogOGResimProbe: Warning: [Warning][ResimProbe.Gate] checks=120 declined=24 requested=96 requestedPerMille=800 deepSkips=0 survivingAnchors=0
LogOGResimProbe: Warning: [Warning][ResimProbe.Chaos] requests=96 grants=96 refused=0 refusedPerMille=0 repeat=0 clamped=0 depthMin=4 depthMax=5
LogOGResimProbe: Warning: [Warning][ResimProbe.Apply] prepares=96 finishes=96 abandoned=0 stuck=0 replayTicks=482 replayOverruns=0 freshProtects=24 staleProtects=0
LogOGRelayProbe: Warning: [Warning][RelayProbe.Read] window=[8930,9050] src=Prediction hit=120 miss=0 verifyFail=0 rung0=0 total=120
LogOGRelayProbe: Warning: [Warning][RelayProbe.Read] window=[8930,9050] src=Resim hit=471 miss=0 verifyFail=0 rung0=0 total=471
LogOGRelayProbe: Warning: [Warning][RelayProbe.Delta] window=[8930,9050] src=Prediction n=120 p10=-4 p50=-3 p90=-2 min=-4 max=-2 satLow=0 satHigh=0
LogOGRelayProbe: Warning: [Warning][RelayProbe.Delta] window=[8930,9050] src=Resim n=471 p10=-7 p50=-5 p90=-3 min=-8 max=-2 satLow=0 satHigh=0
LogOGResimProbe: Warning: [Warning][ResimProbe.Frame] role=Client simTicks=120 frames=201 meanTicksPerFrameX100=59 p50=1 p99=1 max=1 meanFrameUs=9999
LogOGResimProbe: Warning: [Warning][ResimProbe.Frame] role=Client cadence dFrame1=39 dFrame0=0 dFrameGt1=81 discont=0 numSteps total=120 max=1 gt1=0
LogOGRelayProbe: Warning: [Warning][RelayProbe.Arrival] samples=120 gapCaptureTicks p50=1 p99=2 max=2 noAdvance=0 saturated=0 lostCaptureTicksX1000=0 lost=0 delivered=179 expected=179 discont=0 discontMax=0
LogOGResimProbe: Warning: [Warning][ResimProbe.Landing] class=LocallyPredicted behind=60 atFrontier=0 discarded=0 atFrontierPerMille=0 windowSamples=120
LogOGResimProbe: Warning: [Warning][ResimProbe.Landing] class=RemoteProxy behind=60 atFrontier=0 discarded=0 atFrontierPerMille=0 windowSamples=120
LogOGDivergenceProbe: Warning: [Warning][DivergenceProbe.Window] class=LocallyPredicted corrections=60 disagreed=60 ratePerMille=1000 windowSamples=120
LogOGDivergenceProbe: Warning: [Warning][DivergenceProbe.Window] class=RemoteProxy corrections=60 disagreed=60 ratePerMille=1000 windowSamples=120
LogOGResimProbe: Warning: [Warning][ResimProbe.Gate] checks=120 declined=18 requested=102 requestedPerMille=850 deepSkips=0 survivingAnchors=0
LogOGResimProbe: Warning: [Warning][ResimProbe.Chaos] requests=102 grants=102 refused=0 refusedPerMille=0 repeat=0 clamped=0 depthMin=4 depthMax=4
LogOGResimProbe: Warning: [Warning][ResimProbe.Apply] prepares=102 finishes=102 abandoned=0 stuck=0 replayTicks=510 replayOverruns=0 freshProtects=18 staleProtects=0
LogOGRelayProbe: Warning: [Warning][RelayProbe.Read] window=[9050,9170] src=Prediction hit=120 miss=0 verifyFail=0 rung0=0 total=120
LogOGRelayProbe: Warning: [Warning][RelayProbe.Read] window=[9050,9170] src=Resim hit=500 miss=0 verifyFail=0 rung0=0 total=500
LogOGRelayProbe: Warning: [Warning][RelayProbe.Delta] window=[9050,9170] src=Prediction n=120 p10=-4 p50=-3 p90=-2 min=-4 max=-2 satLow=0 satHigh=0
LogOGRelayProbe: Warning: [Warning][RelayProbe.Delta] window=[9050,9170] src=Resim n=500 p10=-7 p50=-5 p90=-3 min=-8 max=-2 satLow=0 satHigh=0
LogOGResimProbe: Warning: [Warning][ResimProbe.Frame] role=Client simTicks=120 frames=199 meanTicksPerFrameX100=60 p50=1 p99=1 max=1 meanFrameUs=10000
LogOGResimProbe: Warning: [Warning][ResimProbe.Frame] role=Client cadence dFrame1=41 dFrame0=0 dFrameGt1=79 discont=0 numSteps total=120 max=1 gt1=0
LogOGResimProbe: Warning: [Warning][ResimProbe.Landing] class=LocallyPredicted behind=60 atFrontier=0 discarded=0 atFrontierPerMille=0 windowSamples=120
LogOGResimProbe: Warning: [Warning][ResimProbe.Landing] class=RemoteProxy behind=60 atFrontier=0 discarded=0 atFrontierPerMille=0 windowSamples=120
LogOGDivergenceProbe: Warning: [Warning][DivergenceProbe.Window] class=LocallyPredicted corrections=60 disagreed=60 ratePerMille=1000 windowSamples=120
LogOGDivergenceProbe: Warning: [Warning][DivergenceProbe.Window] class=RemoteProxy corrections=60 disagreed=60 ratePerMille=1000 windowSamples=120
LogOGRelayProbe: Warning: [Warning][RelayProbe.Arrival] samples=120 gapCaptureTicks p50=1 p99=2 max=2 noAdvance=0 saturated=0 lostCaptureTicksX1000=0 lost=0 delivered=163 expected=163 discont=0 discontMax=0
LogOGResimProbe: Warning: [Warning][ResimProbe.Gate] checks=120 declined=11 requested=109 requestedPerMille=908 deepSkips=0 survivingAnchors=0
LogOGResimProbe: Warning: [Warning][ResimProbe.Chaos] requests=109 grants=108 refused=1 refusedPerMille=9 repeat=1 clamped=0 depthMin=3 depthMax=5
LogOGResimProbe: Warning: [Warning][ResimProbe.Apply] prepares=108 finishes=108 abandoned=0 stuck=0 replayTicks=541 replayOverruns=0 freshProtects=12 staleProtects=0
LogOGRelayProbe: Warning: [Warning][RelayProbe.Read] window=[9170,9290] src=Prediction hit=120 miss=0 verifyFail=0 rung0=0 total=120
LogOGRelayProbe: Warning: [Warning][RelayProbe.Read] window=[9170,9290] src=Resim hit=538 miss=0 verifyFail=0 rung0=0 total=538
LogOGRelayProbe: Warning: [Warning][RelayProbe.Delta] window=[9170,9290] src=Prediction n=120 p10=-4 p50=-3 p90=-2 min=-4 max=-2 satLow=0 satHigh=0
LogOGRelayProbe: Warning: [Warning][RelayProbe.Delta] window=[9170,9290] src=Resim n=538 p10=-7 p50=-5 p90=-3 min=-9 max=-2 satLow=0 satHigh=0
LogOGResimProbe: Warning: [Warning][ResimProbe.Frame] role=Client simTicks=120 frames=201 meanTicksPerFrameX100=59 p50=1 p99=1 max=1 meanFrameUs=10000
LogOGResimProbe: Warning: [Warning][ResimProbe.Frame] role=Client cadence dFrame1=39 dFrame0=0 dFrameGt1=81 discont=0 numSteps total=120 max=1 gt1=0
LogOGResimProbe: Warning: [Warning][ResimProbe.Landing] class=LocallyPredicted behind=60 atFrontier=0 discarded=0 atFrontierPerMille=0 windowSamples=120
LogOGResimProbe: Warning: [Warning][ResimProbe.Landing] class=RemoteProxy behind=60 atFrontier=0 discarded=0 atFrontierPerMille=0 windowSamples=120
LogOGDivergenceProbe: Warning: [Warning][DivergenceProbe.Window] class=LocallyPredicted corrections=60 disagreed=60 ratePerMille=1000 windowSamples=120
LogOGDivergenceProbe: Warning: [Warning][DivergenceProbe.Window] class=RemoteProxy corrections=60 disagreed=60 ratePerMille=1000 windowSamples=120
LogOGResimProbe: Warning: [Warning][ResimProbe.Gate] checks=120 declined=17 requested=103 requestedPerMille=858 deepSkips=0 survivingAnchors=0
LogOGResimProbe: Warning: [Warning][ResimProbe.Chaos] requests=103 grants=103 refused=0 refusedPerMille=0 repeat=0 clamped=0 depthMin=4 depthMax=5
LogOGResimProbe: Warning: [Warning][ResimProbe.Apply] prepares=103 finishes=103 abandoned=0 stuck=0 replayTicks=517 replayOverruns=0 freshProtects=17 staleProtects=0
LogOGRelayProbe: Warning: [Warning][RelayProbe.Read] window=[9290,9410] src=Prediction hit=120 miss=0 verifyFail=0 rung0=0 total=120
LogOGRelayProbe: Warning: [Warning][RelayProbe.Read] window=[9290,9410] src=Resim hit=508 miss=0 verifyFail=0 rung0=0 total=508
LogOGRelayProbe: Warning: [Warning][RelayProbe.Delta] window=[9290,9410] src=Prediction n=120 p10=-4 p50=-3 p90=-2 min=-4 max=-2 satLow=0 satHigh=0
LogOGRelayProbe: Warning: [Warning][RelayProbe.Delta] window=[9290,9410] src=Resim n=508 p10=-7 p50=-5 p90=-3 min=-8 max=-2 satLow=0 satHigh=0
LogOGResimProbe: Warning: [Warning][ResimProbe.Frame] role=Client simTicks=120 frames=200 meanTicksPerFrameX100=60 p50=1 p99=1 max=1 meanFrameUs=9999
LogOGResimProbe: Warning: [Warning][ResimProbe.Frame] role=Client cadence dFrame1=40 dFrame0=0 dFrameGt1=80 discont=0 numSteps total=120 max=1 gt1=0
LogOGRelayProbe: Warning: [Warning][RelayProbe.Arrival] samples=120 gapCaptureTicks p50=1 p99=2 max=2 noAdvance=0 saturated=0 lostCaptureTicksX1000=0 lost=0 delivered=177 expected=177 discont=0 discontMax=0
LogOGResimProbe: Warning: [Warning][ResimProbe.Landing] class=LocallyPredicted behind=60 atFrontier=0 discarded=0 atFrontierPerMille=0 windowSamples=120
LogOGResimProbe: Warning: [Warning][ResimProbe.Landing] class=RemoteProxy behind=60 atFrontier=0 discarded=0 atFrontierPerMille=0 windowSamples=120
LogOGDivergenceProbe: Warning: [Warning][DivergenceProbe.Window] class=LocallyPredicted corrections=60 disagreed=60 ratePerMille=1000 windowSamples=120
LogOGDivergenceProbe: Warning: [Warning][DivergenceProbe.Window] class=RemoteProxy corrections=60 disagreed=60 ratePerMille=1000 windowSamples=120
LogOGResimProbe: Warning: [Warning][ResimProbe.Gate] checks=120 declined=12 requested=108 requestedPerMille=900 deepSkips=0 survivingAnchors=0
LogOGResimProbe: Warning: [Warning][ResimProbe.Chaos] requests=108 grants=108 refused=0 refusedPerMille=0 repeat=0 clamped=0 depthMin=4 depthMax=5
LogOGResimProbe: Warning: [Warning][ResimProbe.Apply] prepares=108 finishes=108 abandoned=0 stuck=0 replayTicks=542 replayOverruns=0 freshProtects=13 staleProtects=0
LogOGRelayProbe: Warning: [Warning][RelayProbe.Read] window=[9410,9530] src=Prediction hit=120 miss=0 verifyFail=0 rung0=0 total=120
LogOGRelayProbe: Warning: [Warning][RelayProbe.Read] window=[9410,9530] src=Resim hit=536 miss=0 verifyFail=0 rung0=0 total=536
LogOGRelayProbe: Warning: [Warning][RelayProbe.Delta] window=[9410,9530] src=Prediction n=120 p10=-4 p50=-3 p90=-2 min=-4 max=-2 satLow=0 satHigh=0
LogOGRelayProbe: Warning: [Warning][RelayProbe.Delta] window=[9410,9530] src=Resim n=536 p10=-7 p50=-5 p90=-3 min=-8 max=-2 satLow=0 satHigh=0
LogOGResimProbe: Warning: [Warning][ResimProbe.Frame] role=Client simTicks=120 frames=199 meanTicksPerFrameX100=60 p50=1 p99=1 max=1 meanFrameUs=10000
LogOGResimProbe: Warning: [Warning][ResimProbe.Frame] role=Client cadence dFrame1=41 dFrame0=0 dFrameGt1=79 discont=0 numSteps total=120 max=1 gt1=0
LogOGResimProbe: Warning: [Warning][ResimProbe.Landing] class=LocallyPredicted behind=60 atFrontier=0 discarded=0 atFrontierPerMille=0 windowSamples=120
LogOGResimProbe: Warning: [Warning][ResimProbe.Landing] class=RemoteProxy behind=60 atFrontier=0 discarded=0 atFrontierPerMille=0 windowSamples=120
LogOGDivergenceProbe: Warning: [Warning][DivergenceProbe.Window] class=LocallyPredicted corrections=60 disagreed=60 ratePerMille=1000 windowSamples=120
LogOGDivergenceProbe: Warning: [Warning][DivergenceProbe.Window] class=RemoteProxy corrections=60 disagreed=60 ratePerMille=1000 windowSamples=120
LogOGRelayProbe: Warning: [Warning][RelayProbe.Arrival] samples=120 gapCaptureTicks p50=1 p99=2 max=2 noAdvance=0 saturated=0 lostCaptureTicksX1000=0 lost=0 delivered=177 expected=177 discont=0 discontMax=0
LogOGResimProbe: Warning: [Warning][ResimProbe.Gate] checks=120 declined=27 requested=93 requestedPerMille=775 deepSkips=0 survivingAnchors=0
LogOGResimProbe: Warning: [Warning][ResimProbe.Chaos] requests=93 grants=92 refused=1 refusedPerMille=11 repeat=1 clamped=0 depthMin=3 depthMax=5
LogOGResimProbe: Warning: [Warning][ResimProbe.Apply] prepares=92 finishes=92 abandoned=0 stuck=0 replayTicks=461 replayOverruns=0 freshProtects=28 staleProtects=0
LogOGRelayProbe: Warning: [Warning][RelayProbe.Read] window=[9530,9650] src=Prediction hit=120 miss=0 verifyFail=0 rung0=0 total=120
LogOGRelayProbe: Warning: [Warning][RelayProbe.Read] window=[9530,9650] src=Resim hit=446 miss=0 verifyFail=0 rung0=0 total=446
LogOGRelayProbe: Warning: [Warning][RelayProbe.Delta] window=[9530,9650] src=Prediction n=120 p10=-4 p50=-3 p90=-2 min=-4 max=-2 satLow=0 satHigh=0
LogOGRelayProbe: Warning: [Warning][RelayProbe.Delta] window=[9530,9650] src=Resim n=446 p10=-7 p50=-5 p90=-3 min=-9 max=-2 satLow=0 satHigh=0
LogOGResimProbe: Warning: [Warning][ResimProbe.Frame] role=Client simTicks=120 frames=201 meanTicksPerFrameX100=59 p50=1 p99=1 max=1 meanFrameUs=10001
LogOGResimProbe: Warning: [Warning][ResimProbe.Frame] role=Client cadence dFrame1=39 dFrame0=0 dFrameGt1=81 discont=0 numSteps total=120 max=1 gt1=0
LogOGResimProbe: Warning: [Warning][ResimProbe.Landing] class=LocallyPredicted behind=60 atFrontier=0 discarded=0 atFrontierPerMille=0 windowSamples=120
LogOGResimProbe: Warning: [Warning][ResimProbe.Landing] class=RemoteProxy behind=60 atFrontier=0 discarded=0 atFrontierPerMille=0 windowSamples=120
LogOGDivergenceProbe: Warning: [Warning][DivergenceProbe.Window] class=LocallyPredicted corrections=60 disagreed=60 ratePerMille=1000 windowSamples=120
LogOGDivergenceProbe: Warning: [Warning][DivergenceProbe.Window] class=RemoteProxy corrections=60 disagreed=60 ratePerMille=1000 windowSamples=120
LogOGResimProbe: Warning: [Warning][ResimProbe.Gate] checks=120 declined=11 requested=109 requestedPerMille=908 deepSkips=0 survivingAnchors=0
LogOGResimProbe: Warning: [Warning][ResimProbe.Chaos] requests=109 grants=109 refused=0 refusedPerMille=0 repeat=0 clamped=0 depthMin=4 depthMax=5
LogOGResimProbe: Warning: [Warning][ResimProbe.Apply] prepares=109 finishes=109 abandoned=0 stuck=0 replayTicks=549 replayOverruns=0 freshProtects=12 staleProtects=0
LogOGRelayProbe: Warning: [Warning][RelayProbe.Read] window=[9650,9770] src=Prediction hit=120 miss=0 verifyFail=0 rung0=0 total=120
LogOGRelayProbe: Warning: [Warning][RelayProbe.Read] window=[9650,9770] src=Resim hit=543 miss=0 verifyFail=0 rung0=0 total=543
LogOGRelayProbe: Warning: [Warning][RelayProbe.Delta] window=[9650,9770] src=Prediction n=120 p10=-4 p50=-3 p90=-2 min=-4 max=-2 satLow=0 satHigh=0
LogOGRelayProbe: Warning: [Warning][RelayProbe.Delta] window=[9650,9770] src=Resim n=543 p10=-7 p50=-5 p90=-3 min=-9 max=-2 satLow=0 satHigh=0
LogOGResimProbe: Warning: [Warning][ResimProbe.Frame] role=Client simTicks=120 frames=200 meanTicksPerFrameX100=60 p50=1 p99=1 max=1 meanFrameUs=10000
LogOGResimProbe: Warning: [Warning][ResimProbe.Frame] role=Client cadence dFrame1=40 dFrame0=0 dFrameGt1=80 discont=0 numSteps total=120 max=1 gt1=0
LogOGRelayProbe: Warning: [Warning][RelayProbe.Arrival] samples=120 gapCaptureTicks p50=1 p99=3 max=3 noAdvance=0 saturated=0 lostCaptureTicksX1000=0 lost=0 delivered=174 expected=174 discont=0 discontMax=0
LogOGResimProbe: Warning: [Warning][ResimProbe.Landing] class=LocallyPredicted behind=60 atFrontier=0 discarded=0 atFrontierPerMille=0 windowSamples=120
LogOGResimProbe: Warning: [Warning][ResimProbe.Landing] class=RemoteProxy behind=60 atFrontier=0 discarded=0 atFrontierPerMille=0 windowSamples=120
LogOGDivergenceProbe: Warning: [Warning][DivergenceProbe.Window] class=LocallyPredicted corrections=60 disagreed=60 ratePerMille=1000 windowSamples=120
LogOGDivergenceProbe: Warning: [Warning][DivergenceProbe.Window] class=RemoteProxy corrections=60 disagreed=60 ratePerMille=1000 windowSamples=120
LogOGResimProbe: Warning: [Warning][ResimProbe.Gate] checks=120 declined=0 requested=120 requestedPerMille=1000 deepSkips=0 survivingAnchors=0
LogOGResimProbe: Warning: [Warning][ResimProbe.Chaos] requests=120 grants=120 refused=0 refusedPerMille=0 repeat=0 clamped=0 depthMin=4 depthMax=4
LogOGResimProbe: Warning: [Warning][ResimProbe.Apply] prepares=120 finishes=120 abandoned=0 stuck=0 replayTicks=600 replayOverruns=0 freshProtects=0 staleProtects=0
LogOGRelayProbe: Warning: [Warning][RelayProbe.Read] window=[9770,9890] src=Prediction hit=120 miss=0 verifyFail=0 rung0=0 total=120
LogOGRelayProbe: Warning: [Warning][RelayProbe.Read] window=[9770,9890] src=Resim hit=600 miss=0 verifyFail=0 rung0=0 total=600
LogOGRelayProbe: Warning: [Warning][RelayProbe.Delta] window=[9770,9890] src=Prediction n=120 p10=-4 p50=-3 p90=-2 min=-4 max=-2 satLow=0 satHigh=0
LogOGRelayProbe: Warning: [Warning][RelayProbe.Delta] window=[9770,9890] src=Resim n=600 p10=-7 p50=-5 p90=-3 min=-8 max=-2 satLow=0 satHigh=0
LogOGResimProbe: Warning: [Warning][ResimProbe.Frame] role=Client simTicks=120 frames=199 meanTicksPerFrameX100=60 p50=1 p99=1 max=1 meanFrameUs=10000
LogOGResimProbe: Warning: [Warning][ResimProbe.Frame] role=Client cadence dFrame1=41 dFrame0=0 dFrameGt1=79 discont=0 numSteps total=120 max=1 gt1=0
LogOGResimProbe: Warning: [Warning][ResimProbe.Landing] class=LocallyPredicted behind=60 atFrontier=0 discarded=0 atFrontierPerMille=0 windowSamples=120
LogOGResimProbe: Warning: [Warning][ResimProbe.Landing] class=RemoteProxy behind=60 atFrontier=0 discarded=0 atFrontierPerMille=0 windowSamples=120
LogOGDivergenceProbe: Warning: [Warning][DivergenceProbe.Window] class=LocallyPredicted corrections=60 disagreed=60 ratePerMille=1000 windowSamples=120
LogOGDivergenceProbe: Warning: [Warning][DivergenceProbe.Window] class=RemoteProxy corrections=60 disagreed=60 ratePerMille=1000 windowSamples=120
LogOGRelayProbe: Warning: [Warning][RelayProbe.Arrival] samples=120 gapCaptureTicks p50=1 p99=2 max=2 noAdvance=0 saturated=0 lostCaptureTicksX1000=0 lost=0 delivered=176 expected=176 discont=0 discontMax=0
LogOGResimProbe: Warning: [Warning][ResimProbe.Gate] checks=120 declined=12 requested=108 requestedPerMille=900 deepSkips=0 survivingAnchors=0
LogOGResimProbe: Warning: [Warning][ResimProbe.Chaos] requests=108 grants=108 refused=0 refusedPerMille=0 repeat=0 clamped=0 depthMin=4 depthMax=5
LogOGResimProbe: Warning: [Warning][ResimProbe.Apply] prepares=108 finishes=108 abandoned=0 stuck=0 replayTicks=542 replayOverruns=0 freshProtects=13 staleProtects=0
LogOGRelayProbe: Warning: [Warning][RelayProbe.Read] window=[9890,10010] src=Prediction hit=120 miss=0 verifyFail=0 rung0=0 total=120
LogOGRelayProbe: Warning: [Warning][RelayProbe.Read] window=[9890,10010] src=Resim hit=535 miss=0 verifyFail=0 rung0=0 total=535
LogOGRelayProbe: Warning: [Warning][RelayProbe.Delta] window=[9890,10010] src=Prediction n=120 p10=-4 p50=-3 p90=-2 min=-4 max=-2 satLow=0 satHigh=0
LogOGRelayProbe: Warning: [Warning][RelayProbe.Delta] window=[9890,10010] src=Resim n=535 p10=-7 p50=-5 p90=-3 min=-8 max=-2 satLow=0 satHigh=0
LogOGResimProbe: Warning: [Warning][ResimProbe.Frame] role=Client simTicks=120 frames=200 meanTicksPerFrameX100=60 p50=1 p99=1 max=1 meanFrameUs=9999
LogOGResimProbe: Warning: [Warning][ResimProbe.Frame] role=Client cadence dFrame1=40 dFrame0=0 dFrameGt1=80 discont=0 numSteps total=120 max=1 gt1=0
LogOGResimProbe: Warning: [Warning][ResimProbe.Landing] class=LocallyPredicted behind=60 atFrontier=0 discarded=0 atFrontierPerMille=0 windowSamples=120
LogOGResimProbe: Warning: [Warning][ResimProbe.Landing] class=RemoteProxy behind=60 atFrontier=0 discarded=0 atFrontierPerMille=0 windowSamples=120
LogOGDivergenceProbe: Warning: [Warning][DivergenceProbe.Window] class=LocallyPredicted corrections=60 disagreed=60 ratePerMille=1000 windowSamples=120
LogOGDivergenceProbe: Warning: [Warning][DivergenceProbe.Window] class=RemoteProxy corrections=60 disagreed=60 ratePerMille=1000 windowSamples=120
LogOGResimProbe: Warning: [Warning][ResimProbe.Gate] checks=120 declined=10 requested=110 requestedPerMille=917 deepSkips=0 survivingAnchors=0
LogOGResimProbe: Warning: [Warning][ResimProbe.Chaos] requests=110 grants=110 refused=0 refusedPerMille=0 repeat=0 clamped=0 depthMin=3 depthMax=5
LogOGResimProbe: Warning: [Warning][ResimProbe.Apply] prepares=110 finishes=110 abandoned=0 stuck=0 replayTicks=551 replayOverruns=0 freshProtects=11 staleProtects=0
LogOGRelayProbe: Warning: [Warning][RelayProbe.Read] window=[10010,10130] src=Prediction hit=120 miss=0 verifyFail=0 rung0=0 total=120
LogOGRelayProbe: Warning: [Warning][RelayProbe.Read] window=[10010,10130] src=Resim hit=544 miss=0 verifyFail=0 rung0=0 total=544
LogOGRelayProbe: Warning: [Warning][RelayProbe.Delta] window=[10010,10130] src=Prediction n=120 p10=-4 p50=-3 p90=-2 min=-4 max=-2 satLow=0 satHigh=0
LogOGRelayProbe: Warning: [Warning][RelayProbe.Delta] window=[10010,10130] src=Resim n=544 p10=-7 p50=-5 p90=-3 min=-9 max=-2 satLow=0 satHigh=0
LogOGResimProbe: Warning: [Warning][ResimProbe.Frame] role=Client simTicks=120 frames=200 meanTicksPerFrameX100=60 p50=1 p99=1 max=1 meanFrameUs=10000
LogOGResimProbe: Warning: [Warning][ResimProbe.Frame] role=Client cadence dFrame1=40 dFrame0=0 dFrameGt1=80 discont=0 numSteps total=120 max=1 gt1=0
LogOGRelayProbe: Warning: [Warning][RelayProbe.Arrival] samples=120 gapCaptureTicks p50=1 p99=2 max=2 noAdvance=0 saturated=0 lostCaptureTicksX1000=0 lost=0 delivered=176 expected=176 discont=0 discontMax=0
LogOGResimProbe: Warning: [Warning][ResimProbe.Landing] class=LocallyPredicted behind=60 atFrontier=0 discarded=0 atFrontierPerMille=0 windowSamples=120
LogOGResimProbe: Warning: [Warning][ResimProbe.Landing] class=RemoteProxy behind=60 atFrontier=0 discarded=0 atFrontierPerMille=0 windowSamples=120
LogOGDivergenceProbe: Warning: [Warning][DivergenceProbe.Window] class=LocallyPredicted corrections=60 disagreed=60 ratePerMille=1000 windowSamples=120
LogOGDivergenceProbe: Warning: [Warning][DivergenceProbe.Window] class=RemoteProxy corrections=60 disagreed=60 ratePerMille=1000 windowSamples=120
LogOGResimProbe: Warning: [Warning][ResimProbe.Gate] checks=120 declined=13 requested=107 requestedPerMille=892 deepSkips=0 survivingAnchors=0
LogOGResimProbe: Warning: [Warning][ResimProbe.Chaos] requests=107 grants=107 refused=0 refusedPerMille=0 repeat=0 clamped=0 depthMin=3 depthMax=5
LogOGResimProbe: Warning: [Warning][ResimProbe.Apply] prepares=107 finishes=107 abandoned=0 stuck=0 replayTicks=537 replayOverruns=0 freshProtects=14 staleProtects=0
LogOGRelayProbe: Warning: [Warning][RelayProbe.Read] window=[10130,10250] src=Prediction hit=120 miss=0 verifyFail=0 rung0=0 total=120
LogOGRelayProbe: Warning: [Warning][RelayProbe.Read] window=[10130,10250] src=Resim hit=532 miss=0 verifyFail=0 rung0=0 total=532
LogOGRelayProbe: Warning: [Warning][RelayProbe.Delta] window=[10130,10250] src=Prediction n=120 p10=-4 p50=-3 p90=-2 min=-4 max=-2 satLow=0 satHigh=0
LogOGRelayProbe: Warning: [Warning][RelayProbe.Delta] window=[10130,10250] src=Resim n=532 p10=-7 p50=-5 p90=-3 min=-9 max=-2 satLow=0 satHigh=0
LogOGResimProbe: Warning: [Warning][ResimProbe.Frame] role=Client simTicks=120 frames=200 meanTicksPerFrameX100=60 p50=1 p99=1 max=1 meanFrameUs=10000
LogOGResimProbe: Warning: [Warning][ResimProbe.Frame] role=Client cadence dFrame1=40 dFrame0=0 dFrameGt1=80 discont=0 numSteps total=120 max=1 gt1=0
LogOGRelayProbe: Warning: [Warning][RelayProbe.Arrival] samples=120 gapCaptureTicks p50=1 p99=2 max=3 noAdvance=0 saturated=0 lostCaptureTicksX1000=0 lost=0 delivered=169 expected=169 discont=0 discontMax=0
LogOGResimProbe: Warning: [Warning][ResimProbe.Landing] class=LocallyPredicted behind=60 atFrontier=0 discarded=0 atFrontierPerMille=0 windowSamples=120
LogOGResimProbe: Warning: [Warning][ResimProbe.Landing] class=RemoteProxy behind=60 atFrontier=0 discarded=0 atFrontierPerMille=0 windowSamples=120
LogOGDivergenceProbe: Warning: [Warning][DivergenceProbe.Window] class=LocallyPredicted corrections=60 disagreed=60 ratePerMille=1000 windowSamples=120
LogOGDivergenceProbe: Warning: [Warning][DivergenceProbe.Window] class=RemoteProxy corrections=60 disagreed=60 ratePerMille=1000 windowSamples=120
LogOGResimProbe: Warning: [Warning][ResimProbe.Gate] checks=120 declined=24 requested=96 requestedPerMille=800 deepSkips=0 survivingAnchors=0
LogOGResimProbe: Warning: [Warning][ResimProbe.Chaos] requests=96 grants=93 refused=3 refusedPerMille=31 repeat=3 clamped=0 depthMin=3 depthMax=5
LogOGResimProbe: Warning: [Warning][ResimProbe.Apply] prepares=93 finishes=93 abandoned=0 stuck=0 replayTicks=464 replayOverruns=0 freshProtects=25 staleProtects=0
LogOGRelayProbe: Warning: [Warning][RelayProbe.Read] window=[10250,10370] src=Prediction hit=120 miss=0 verifyFail=0 rung0=0 total=120
LogOGRelayProbe: Warning: [Warning][RelayProbe.Read] window=[10250,10370] src=Resim hit=448 miss=0 verifyFail=0 rung0=0 total=448
LogOGRelayProbe: Warning: [Warning][RelayProbe.Delta] window=[10250,10370] src=Prediction n=120 p10=-4 p50=-3 p90=-2 min=-4 max=-2 satLow=0 satHigh=0
LogOGRelayProbe: Warning: [Warning][RelayProbe.Delta] window=[10250,10370] src=Resim n=448 p10=-7 p50=-5 p90=-3 min=-8 max=-2 satLow=0 satHigh=0
LogOGResimProbe: Warning: [Warning][ResimProbe.Frame] role=Client simTicks=120 frames=200 meanTicksPerFrameX100=60 p50=1 p99=1 max=1 meanFrameUs=10000
LogOGResimProbe: Warning: [Warning][ResimProbe.Frame] role=Client cadence dFrame1=40 dFrame0=0 dFrameGt1=80 discont=0 numSteps total=120 max=1 gt1=0
LogOGResimProbe: Warning: [Warning][ResimProbe.Landing] class=LocallyPredicted behind=60 atFrontier=0 discarded=0 atFrontierPerMille=0 windowSamples=120
LogOGResimProbe: Warning: [Warning][ResimProbe.Landing] class=RemoteProxy behind=60 atFrontier=0 discarded=0 atFrontierPerMille=0 windowSamples=120
LogOGDivergenceProbe: Warning: [Warning][DivergenceProbe.Window] class=LocallyPredicted corrections=60 disagreed=60 ratePerMille=1000 windowSamples=120
LogOGDivergenceProbe: Warning: [Warning][DivergenceProbe.Window] class=RemoteProxy corrections=60 disagreed=60 ratePerMille=1000 windowSamples=120
LogOGResimProbe: Warning: [Warning][ResimProbe.Gate] checks=120 declined=15 requested=105 requestedPerMille=875 deepSkips=0 survivingAnchors=0
LogOGResimProbe: Warning: [Warning][ResimProbe.Chaos] requests=105 grants=105 refused=0 refusedPerMille=0 repeat=0 clamped=0 depthMin=3 depthMax=5
LogOGResimProbe: Warning: [Warning][ResimProbe.Apply] prepares=105 finishes=105 abandoned=0 stuck=0 replayTicks=526 replayOverruns=0 freshProtects=15 staleProtects=0
LogOGRelayProbe: Warning: [Warning][RelayProbe.Read] window=[10370,10490] src=Prediction hit=120 miss=0 verifyFail=0 rung0=0 total=120
LogOGRelayProbe: Warning: [Warning][RelayProbe.Read] window=[10370,10490] src=Resim hit=518 miss=0 verifyFail=0 rung0=0 total=518
LogOGRelayProbe: Warning: [Warning][RelayProbe.Delta] window=[10370,10490] src=Prediction n=120 p10=-4 p50=-3 p90=-2 min=-4 max=-2 satLow=0 satHigh=0
LogOGRelayProbe: Warning: [Warning][RelayProbe.Delta] window=[10370,10490] src=Resim n=518 p10=-7 p50=-5 p90=-3 min=-9 max=-2 satLow=0 satHigh=0
LogOGResimProbe: Warning: [Warning][ResimProbe.Frame] role=Client simTicks=120 frames=200 meanTicksPerFrameX100=60 p50=1 p99=1 max=1 meanFrameUs=10001
LogOGResimProbe: Warning: [Warning][ResimProbe.Frame] role=Client cadence dFrame1=40 dFrame0=0 dFrameGt1=80 discont=0 numSteps total=120 max=1 gt1=0
LogOGRelayProbe: Warning: [Warning][RelayProbe.Arrival] samples=120 gapCaptureTicks p50=1 p99=2 max=2 noAdvance=0 saturated=0 lostCaptureTicksX1000=0 lost=0 delivered=169 expected=169 discont=0 discontMax=0
LogOGResimProbe: Warning: [Warning][ResimProbe.Landing] class=LocallyPredicted behind=60 atFrontier=0 discarded=0 atFrontierPerMille=0 windowSamples=120
LogOGResimProbe: Warning: [Warning][ResimProbe.Landing] class=RemoteProxy behind=60 atFrontier=0 discarded=0 atFrontierPerMille=0 windowSamples=120
LogOGDivergenceProbe: Warning: [Warning][DivergenceProbe.Window] class=LocallyPredicted corrections=60 disagreed=60 ratePerMille=1000 windowSamples=120
LogOGDivergenceProbe: Warning: [Warning][DivergenceProbe.Window] class=RemoteProxy corrections=60 disagreed=60 ratePerMille=1000 windowSamples=120
LogOGResimProbe: Warning: [Warning][ResimProbe.Gate] checks=120 declined=23 requested=97 requestedPerMille=808 deepSkips=0 survivingAnchors=0
LogOGResimProbe: Warning: [Warning][ResimProbe.Chaos] requests=97 grants=97 refused=0 refusedPerMille=0 repeat=0 clamped=0 depthMin=4 depthMax=4
LogOGResimProbe: Warning: [Warning][ResimProbe.Apply] prepares=97 finishes=97 abandoned=0 stuck=0 replayTicks=485 replayOverruns=0 freshProtects=23 staleProtects=0
LogOGRelayProbe: Warning: [Warning][RelayProbe.Read] window=[10490,10610] src=Prediction hit=120 miss=0 verifyFail=0 rung0=0 total=120
LogOGRelayProbe: Warning: [Warning][RelayProbe.Read] window=[10490,10610] src=Resim hit=473 miss=0 verifyFail=0 rung0=0 total=473
LogOGRelayProbe: Warning: [Warning][RelayProbe.Delta] window=[10490,10610] src=Prediction n=120 p10=-4 p50=-3 p90=-2 min=-4 max=-2 satLow=0 satHigh=0
LogOGRelayProbe: Warning: [Warning][RelayProbe.Delta] window=[10490,10610] src=Resim n=473 p10=-7 p50=-5 p90=-3 min=-8 max=-2 satLow=0 satHigh=0
LogOGResimProbe: Warning: [Warning][ResimProbe.Frame] role=Client simTicks=120 frames=200 meanTicksPerFrameX100=60 p50=1 p99=1 max=1 meanFrameUs=9999
LogOGResimProbe: Warning: [Warning][ResimProbe.Frame] role=Client cadence dFrame1=40 dFrame0=0 dFrameGt1=80 discont=0 numSteps total=120 max=1 gt1=0
LogOGRelayProbe: Warning: [Warning][RelayProbe.Arrival] samples=120 gapCaptureTicks p50=1 p99=2 max=2 noAdvance=0 saturated=0 lostCaptureTicksX1000=0 lost=0 delivered=177 expected=177 discont=0 discontMax=0
LogOGResimProbe: Warning: [Warning][ResimProbe.Landing] class=LocallyPredicted behind=60 atFrontier=0 discarded=0 atFrontierPerMille=0 windowSamples=120
LogOGResimProbe: Warning: [Warning][ResimProbe.Landing] class=RemoteProxy behind=60 atFrontier=0 discarded=0 atFrontierPerMille=0 windowSamples=120
LogOGDivergenceProbe: Warning: [Warning][DivergenceProbe.Window] class=LocallyPredicted corrections=60 disagreed=60 ratePerMille=1000 windowSamples=120
LogOGDivergenceProbe: Warning: [Warning][DivergenceProbe.Window] class=RemoteProxy corrections=60 disagreed=60 ratePerMille=1000 windowSamples=120
LogOGResimProbe: Warning: [Warning][ResimProbe.Gate] checks=120 declined=11 requested=109 requestedPerMille=908 deepSkips=0 survivingAnchors=0
LogOGResimProbe: Warning: [Warning][ResimProbe.Chaos] requests=109 grants=109 refused=0 refusedPerMille=0 repeat=0 clamped=0 depthMin=4 depthMax=5
LogOGResimProbe: Warning: [Warning][ResimProbe.Apply] prepares=109 finishes=109 abandoned=0 stuck=0 replayTicks=549 replayOverruns=0 freshProtects=12 staleProtects=0
LogOGRelayProbe: Warning: [Warning][RelayProbe.Read] window=[10610,10730] src=Prediction hit=120 miss=0 verifyFail=0 rung0=0 total=120
LogOGRelayProbe: Warning: [Warning][RelayProbe.Read] window=[10610,10730] src=Resim hit=542 miss=0 verifyFail=0 rung0=0 total=542
LogOGRelayProbe: Warning: [Warning][RelayProbe.Delta] window=[10610,10730] src=Prediction n=120 p10=-4 p50=-3 p90=-2 min=-4 max=-2 satLow=0 satHigh=0
LogOGRelayProbe: Warning: [Warning][RelayProbe.Delta] window=[10610,10730] src=Resim n=542 p10=-7 p50=-5 p90=-3 min=-9 max=-2 satLow=0 satHigh=0
LogOGResimProbe: Warning: [Warning][ResimProbe.Frame] role=Client simTicks=120 frames=200 meanTicksPerFrameX100=60 p50=1 p99=1 max=1 meanFrameUs=10000
LogOGResimProbe: Warning: [Warning][ResimProbe.Frame] role=Client cadence dFrame1=40 dFrame0=0 dFrameGt1=80 discont=0 numSteps total=120 max=1 gt1=0
LogOGResimProbe: Warning: [Warning][ResimProbe.Landing] class=LocallyPredicted behind=60 atFrontier=0 discarded=0 atFrontierPerMille=0 windowSamples=120
LogOGResimProbe: Warning: [Warning][ResimProbe.Landing] class=RemoteProxy behind=60 atFrontier=0 discarded=0 atFrontierPerMille=0 windowSamples=120
LogOGDivergenceProbe: Warning: [Warning][DivergenceProbe.Window] class=LocallyPredicted corrections=60 disagreed=60 ratePerMille=1000 windowSamples=120
LogOGDivergenceProbe: Warning: [Warning][DivergenceProbe.Window] class=RemoteProxy corrections=60 disagreed=60 ratePerMille=1000 windowSamples=120
LogOGResimProbe: Warning: [Warning][ResimProbe.Gate] checks=120 declined=23 requested=97 requestedPerMille=808 deepSkips=0 survivingAnchors=0
LogOGResimProbe: Warning: [Warning][ResimProbe.Chaos] requests=97 grants=97 refused=0 refusedPerMille=0 repeat=0 clamped=0 depthMin=4 depthMax=4
LogOGResimProbe: Warning: [Warning][ResimProbe.Apply] prepares=97 finishes=97 abandoned=0 stuck=0 replayTicks=485 replayOverruns=0 freshProtects=23 staleProtects=0
LogOGRelayProbe: Warning: [Warning][RelayProbe.Read] window=[10730,10850] src=Prediction hit=120 miss=0 verifyFail=0 rung0=0 total=120
LogOGRelayProbe: Warning: [Warning][RelayProbe.Read] window=[10730,10850] src=Resim hit=471 miss=0 verifyFail=0 rung0=0 total=471
LogOGRelayProbe: Warning: [Warning][RelayProbe.Delta] window=[10730,10850] src=Prediction n=120 p10=-3 p50=-3 p90=-2 min=-4 max=-2 satLow=0 satHigh=0
LogOGRelayProbe: Warning: [Warning][RelayProbe.Delta] window=[10730,10850] src=Resim n=471 p10=-7 p50=-5 p90=-3 min=-8 max=-2 satLow=0 satHigh=0
LogOGRelayProbe: Warning: [Warning][RelayProbe.Arrival] samples=120 gapCaptureTicks p50=1 p99=2 max=2 noAdvance=0 saturated=0 lostCaptureTicksX1000=0 lost=0 delivered=176 expected=176 discont=0 discontMax=0
LogOGResimProbe: Warning: [Warning][ResimProbe.Frame] role=Client simTicks=120 frames=200 meanTicksPerFrameX100=60 p50=1 p99=1 max=1 meanFrameUs=9999
LogOGResimProbe: Warning: [Warning][ResimProbe.Frame] role=Client cadence dFrame1=40 dFrame0=0 dFrameGt1=80 discont=0 numSteps total=120 max=1 gt1=0
LogOGResimProbe: Warning: [Warning][ResimProbe.Landing] class=LocallyPredicted behind=60 atFrontier=0 discarded=0 atFrontierPerMille=0 windowSamples=120
LogOGResimProbe: Warning: [Warning][ResimProbe.Landing] class=RemoteProxy behind=60 atFrontier=0 discarded=0 atFrontierPerMille=0 windowSamples=120
LogOGDivergenceProbe: Warning: [Warning][DivergenceProbe.Window] class=LocallyPredicted corrections=60 disagreed=60 ratePerMille=1000 windowSamples=120
LogOGDivergenceProbe: Warning: [Warning][DivergenceProbe.Window] class=RemoteProxy corrections=60 disagreed=60 ratePerMille=1000 windowSamples=120
LogOGResimProbe: Warning: [Warning][ResimProbe.Gate] checks=120 declined=15 requested=105 requestedPerMille=875 deepSkips=0 survivingAnchors=0
LogOGResimProbe: Warning: [Warning][ResimProbe.Chaos] requests=105 grants=105 refused=0 refusedPerMille=0 repeat=0 clamped=0 depthMin=3 depthMax=5
LogOGResimProbe: Warning: [Warning][ResimProbe.Apply] prepares=105 finishes=105 abandoned=0 stuck=0 replayTicks=527 replayOverruns=0 freshProtects=14 staleProtects=0
LogOGRelayProbe: Warning: [Warning][RelayProbe.Read] window=[10850,10970] src=Prediction hit=120 miss=0 verifyFail=0 rung0=0 total=120
LogOGRelayProbe: Warning: [Warning][RelayProbe.Read] window=[10850,10970] src=Resim hit=521 miss=0 verifyFail=0 rung0=0 total=521
LogOGRelayProbe: Warning: [Warning][RelayProbe.Delta] window=[10850,10970] src=Prediction n=120 p10=-4 p50=-3 p90=-3 min=-4 max=-2 satLow=0 satHigh=0
LogOGRelayProbe: Warning: [Warning][RelayProbe.Delta] window=[10850,10970] src=Resim n=521 p10=-7 p50=-5 p90=-3 min=-8 max=-2 satLow=0 satHigh=0
LogOGResimProbe: Warning: [Warning][ResimProbe.Frame] role=Client simTicks=120 frames=200 meanTicksPerFrameX100=60 p50=1 p99=1 max=1 meanFrameUs=10000
LogOGResimProbe: Warning: [Warning][ResimProbe.Frame] role=Client cadence dFrame1=40 dFrame0=0 dFrameGt1=80 discont=0 numSteps total=120 max=1 gt1=0
LogOGRelayProbe: Warning: [Warning][RelayProbe.Arrival] samples=120 gapCaptureTicks p50=1 p99=2 max=2 noAdvance=0 saturated=0 lostCaptureTicksX1000=0 lost=0 delivered=173 expected=173 discont=0 discontMax=0
LogOGResimProbe: Warning: [Warning][ResimProbe.Landing] class=LocallyPredicted behind=60 atFrontier=0 discarded=0 atFrontierPerMille=0 windowSamples=120
LogOGResimProbe: Warning: [Warning][ResimProbe.Landing] class=RemoteProxy behind=60 atFrontier=0 discarded=0 atFrontierPerMille=0 windowSamples=120
LogOGDivergenceProbe: Warning: [Warning][DivergenceProbe.Window] class=LocallyPredicted corrections=60 disagreed=60 ratePerMille=1000 windowSamples=120
LogOGDivergenceProbe: Warning: [Warning][DivergenceProbe.Window] class=RemoteProxy corrections=60 disagreed=60 ratePerMille=1000 windowSamples=120
LogOGResimProbe: Warning: [Warning][ResimProbe.Gate] checks=120 declined=11 requested=109 requestedPerMille=908 deepSkips=0 survivingAnchors=0
LogOGResimProbe: Warning: [Warning][ResimProbe.Chaos] requests=109 grants=105 refused=4 refusedPerMille=37 repeat=4 clamped=0 depthMin=3 depthMax=6
LogOGResimProbe: Warning: [Warning][ResimProbe.Apply] prepares=105 finishes=105 abandoned=0 stuck=0 replayTicks=527 replayOverruns=0 freshProtects=10 staleProtects=0
LogOGRelayProbe: Warning: [Warning][RelayProbe.Read] window=[10970,11090] src=Prediction hit=120 miss=0 verifyFail=0 rung0=0 total=120
LogOGRelayProbe: Warning: [Warning][RelayProbe.Read] window=[10970,11090] src=Resim hit=522 miss=0 verifyFail=0 rung0=0 total=522
LogOGRelayProbe: Warning: [Warning][RelayProbe.Delta] window=[10970,11090] src=Prediction n=120 p10=-4 p50=-3 p90=-2 min=-4 max=-2 satLow=0 satHigh=0
LogOGRelayProbe: Warning: [Warning][RelayProbe.Delta] window=[10970,11090] src=Resim n=522 p10=-7 p50=-5 p90=-3 min=-8 max=-2 satLow=0 satHigh=0
LogOGResimProbe: Warning: [Warning][ResimProbe.Frame] role=Client simTicks=120 frames=201 meanTicksPerFrameX100=59 p50=1 p99=1 max=1 meanFrameUs=10000
LogOGResimProbe: Warning: [Warning][ResimProbe.Frame] role=Client cadence dFrame1=39 dFrame0=0 dFrameGt1=81 discont=0 numSteps total=120 max=1 gt1=0
LogOGResimProbe: Warning: [Warning][ResimProbe.Landing] class=LocallyPredicted behind=60 atFrontier=0 discarded=0 atFrontierPerMille=0 windowSamples=120
LogOGResimProbe: Warning: [Warning][ResimProbe.Landing] class=RemoteProxy behind=60 atFrontier=0 discarded=0 atFrontierPerMille=0 windowSamples=120
LogOGDivergenceProbe: Warning: [Warning][DivergenceProbe.Window] class=LocallyPredicted corrections=60 disagreed=60 ratePerMille=1000 windowSamples=120
LogOGDivergenceProbe: Warning: [Warning][DivergenceProbe.Window] class=RemoteProxy corrections=60 disagreed=60 ratePerMille=1000 windowSamples=120
LogOGRelayProbe: Warning: [Warning][RelayProbe.Arrival] samples=120 gapCaptureTicks p50=1 p99=2 max=2 noAdvance=0 saturated=0 lostCaptureTicksX1000=0 lost=0 delivered=169 expected=169 discont=0 discontMax=0
LogOGResimProbe: Warning: [Warning][ResimProbe.Gate] checks=120 declined=11 requested=109 requestedPerMille=908 deepSkips=0 survivingAnchors=0
LogOGResimProbe: Warning: [Warning][ResimProbe.Chaos] requests=109 grants=109 refused=0 refusedPerMille=0 repeat=0 clamped=0 depthMin=3 depthMax=5
LogOGResimProbe: Warning: [Warning][ResimProbe.Apply] prepares=109 finishes=109 abandoned=0 stuck=0 replayTicks=547 replayOverruns=0 freshProtects=12 staleProtects=0
LogOGRelayProbe: Warning: [Warning][RelayProbe.Read] window=[11090,11210] src=Prediction hit=120 miss=0 verifyFail=0 rung0=0 total=120
LogOGRelayProbe: Warning: [Warning][RelayProbe.Read] window=[11090,11210] src=Resim hit=540 miss=0 verifyFail=0 rung0=0 total=540
LogOGRelayProbe: Warning: [Warning][RelayProbe.Delta] window=[11090,11210] src=Prediction n=120 p10=-4 p50=-3 p90=-3 min=-4 max=-2 satLow=0 satHigh=0
LogOGRelayProbe: Warning: [Warning][RelayProbe.Delta] window=[11090,11210] src=Resim n=540 p10=-7 p50=-5 p90=-3 min=-8 max=-2 satLow=0 satHigh=0
LogOGResimProbe: Warning: [Warning][ResimProbe.Frame] role=Client simTicks=120 frames=200 meanTicksPerFrameX100=60 p50=1 p99=1 max=1 meanFrameUs=10000
LogOGResimProbe: Warning: [Warning][ResimProbe.Frame] role=Client cadence dFrame1=40 dFrame0=0 dFrameGt1=80 discont=0 numSteps total=120 max=1 gt1=0
LogOGResimProbe: Warning: [Warning][ResimProbe.Landing] class=LocallyPredicted behind=60 atFrontier=0 discarded=0 atFrontierPerMille=0 windowSamples=120
LogOGResimProbe: Warning: [Warning][ResimProbe.Landing] class=RemoteProxy behind=60 atFrontier=0 discarded=0 atFrontierPerMille=0 windowSamples=120
LogOGDivergenceProbe: Warning: [Warning][DivergenceProbe.Window] class=LocallyPredicted corrections=60 disagreed=60 ratePerMille=1000 windowSamples=120
LogOGDivergenceProbe: Warning: [Warning][DivergenceProbe.Window] class=RemoteProxy corrections=60 disagreed=60 ratePerMille=1000 windowSamples=120
LogOGResimProbe: Warning: [Warning][ResimProbe.Gate] checks=120 declined=19 requested=101 requestedPerMille=842 deepSkips=0 survivingAnchors=0
LogOGResimProbe: Warning: [Warning][ResimProbe.Chaos] requests=101 grants=101 refused=0 refusedPerMille=0 repeat=0 clamped=0 depthMin=3 depthMax=4
LogOGResimProbe: Warning: [Warning][ResimProbe.Apply] prepares=101 finishes=101 abandoned=0 stuck=0 replayTicks=502 replayOverruns=0 freshProtects=19 staleProtects=0
LogOGRelayProbe: Warning: [Warning][RelayProbe.Read] window=[11210,11330] src=Prediction hit=120 miss=0 verifyFail=0 rung0=0 total=120
LogOGRelayProbe: Warning: [Warning][RelayProbe.Read] window=[11210,11330] src=Resim hit=491 miss=0 verifyFail=0 rung0=0 total=491
LogOGRelayProbe: Warning: [Warning][RelayProbe.Delta] window=[11210,11330] src=Prediction n=120 p10=-4 p50=-3 p90=-2 min=-4 max=-2 satLow=0 satHigh=0
LogOGRelayProbe: Warning: [Warning][RelayProbe.Delta] window=[11210,11330] src=Resim n=491 p10=-7 p50=-5 p90=-3 min=-8 max=-2 satLow=0 satHigh=0
LogOGResimProbe: Warning: [Warning][ResimProbe.Frame] role=Client simTicks=120 frames=200 meanTicksPerFrameX100=60 p50=1 p99=1 max=1 meanFrameUs=10000
LogOGResimProbe: Warning: [Warning][ResimProbe.Frame] role=Client cadence dFrame1=40 dFrame0=0 dFrameGt1=80 discont=0 numSteps total=120 max=1 gt1=0
LogOGRelayProbe: Warning: [Warning][RelayProbe.Arrival] samples=120 gapCaptureTicks p50=1 p99=2 max=2 noAdvance=0 saturated=0 lostCaptureTicksX1000=0 lost=0 delivered=169 expected=169 discont=0 discontMax=0
LogOGResimProbe: Warning: [Warning][ResimProbe.Landing] class=LocallyPredicted behind=60 atFrontier=0 discarded=0 atFrontierPerMille=0 windowSamples=120
LogOGResimProbe: Warning: [Warning][ResimProbe.Landing] class=RemoteProxy behind=60 atFrontier=0 discarded=0 atFrontierPerMille=0 windowSamples=120
LogOGDivergenceProbe: Warning: [Warning][DivergenceProbe.Window] class=LocallyPredicted corrections=60 disagreed=60 ratePerMille=1000 windowSamples=120
LogOGDivergenceProbe: Warning: [Warning][DivergenceProbe.Window] class=RemoteProxy corrections=60 disagreed=60 ratePerMille=1000 windowSamples=120
LogOGResimProbe: Warning: [Warning][ResimProbe.Gate] checks=120 declined=2 requested=118 requestedPerMille=983 deepSkips=0 survivingAnchors=0
LogOGResimProbe: Warning: [Warning][ResimProbe.Chaos] requests=118 grants=118 refused=0 refusedPerMille=0 repeat=0 clamped=0 depthMin=4 depthMax=5
LogOGResimProbe: Warning: [Warning][ResimProbe.Apply] prepares=118 finishes=118 abandoned=0 stuck=0 replayTicks=592 replayOverruns=0 freshProtects=2 staleProtects=0
LogOGRelayProbe: Warning: [Warning][RelayProbe.Read] window=[11330,11450] src=Prediction hit=120 miss=0 verifyFail=0 rung0=0 total=120
LogOGRelayProbe: Warning: [Warning][RelayProbe.Read] window=[11330,11450] src=Resim hit=591 miss=0 verifyFail=0 rung0=0 total=591
LogOGRelayProbe: Warning: [Warning][RelayProbe.Delta] window=[11330,11450] src=Prediction n=120 p10=-4 p50=-3 p90=-3 min=-4 max=-2 satLow=0 satHigh=0
LogOGRelayProbe: Warning: [Warning][RelayProbe.Delta] window=[11330,11450] src=Resim n=591 p10=-7 p50=-5 p90=-3 min=-8 max=-2 satLow=0 satHigh=0
LogOGResimProbe: Warning: [Warning][ResimProbe.Frame] role=Client simTicks=120 frames=200 meanTicksPerFrameX100=60 p50=1 p99=1 max=1 meanFrameUs=9999
LogOGResimProbe: Warning: [Warning][ResimProbe.Frame] role=Client cadence dFrame1=40 dFrame0=0 dFrameGt1=80 discont=0 numSteps total=120 max=1 gt1=0
LogOGResimProbe: Warning: [Warning][ResimProbe.Landing] class=LocallyPredicted behind=60 atFrontier=0 discarded=0 atFrontierPerMille=0 windowSamples=120
LogOGResimProbe: Warning: [Warning][ResimProbe.Landing] class=RemoteProxy behind=60 atFrontier=0 discarded=0 atFrontierPerMille=0 windowSamples=120
LogOGDivergenceProbe: Warning: [Warning][DivergenceProbe.Window] class=LocallyPredicted corrections=60 disagreed=60 ratePerMille=1000 windowSamples=120
LogOGDivergenceProbe: Warning: [Warning][DivergenceProbe.Window] class=RemoteProxy corrections=60 disagreed=60 ratePerMille=1000 windowSamples=120
LogOGRelayProbe: Warning: [Warning][RelayProbe.Arrival] samples=120 gapCaptureTicks p50=1 p99=2 max=2 noAdvance=0 saturated=0 lostCaptureTicksX1000=0 lost=0 delivered=178 expected=178 discont=0 discontMax=0
LogOGResimProbe: Warning: [Warning][ResimProbe.Gate] checks=120 declined=9 requested=111 requestedPerMille=925 deepSkips=0 survivingAnchors=0
LogOGResimProbe: Warning: [Warning][ResimProbe.Chaos] requests=111 grants=111 refused=0 refusedPerMille=0 repeat=0 clamped=0 depthMin=4 depthMax=5
LogOGResimProbe: Warning: [Warning][ResimProbe.Apply] prepares=111 finishes=111 abandoned=0 stuck=0 replayTicks=557 replayOverruns=0 freshProtects=10 staleProtects=0
LogOGRelayProbe: Warning: [Warning][RelayProbe.Read] window=[11450,11570] src=Prediction hit=120 miss=0 verifyFail=0 rung0=0 total=120
LogOGRelayProbe: Warning: [Warning][RelayProbe.Read] window=[11450,11570] src=Resim hit=551 miss=0 verifyFail=0 rung0=0 total=551
LogOGRelayProbe: Warning: [Warning][RelayProbe.Delta] window=[11450,11570] src=Prediction n=120 p10=-4 p50=-3 p90=-2 min=-4 max=-2 satLow=0 satHigh=0
LogOGRelayProbe: Warning: [Warning][RelayProbe.Delta] window=[11450,11570] src=Resim n=551 p10=-7 p50=-5 p90=-3 min=-9 max=-2 satLow=0 satHigh=0
LogOGResimProbe: Warning: [Warning][ResimProbe.Frame] role=Client simTicks=120 frames=200 meanTicksPerFrameX100=60 p50=1 p99=1 max=1 meanFrameUs=10000
LogOGResimProbe: Warning: [Warning][ResimProbe.Frame] role=Client cadence dFrame1=40 dFrame0=0 dFrameGt1=80 discont=0 numSteps total=120 max=1 gt1=0
LogOGResimProbe: Warning: [Warning][ResimProbe.Landing] class=LocallyPredicted behind=60 atFrontier=0 discarded=0 atFrontierPerMille=0 windowSamples=120
LogOGResimProbe: Warning: [Warning][ResimProbe.Landing] class=RemoteProxy behind=60 atFrontier=0 discarded=0 atFrontierPerMille=0 windowSamples=120
LogOGDivergenceProbe: Warning: [Warning][DivergenceProbe.Window] class=LocallyPredicted corrections=60 disagreed=60 ratePerMille=1000 windowSamples=120
LogOGDivergenceProbe: Warning: [Warning][DivergenceProbe.Window] class=RemoteProxy corrections=60 disagreed=60 ratePerMille=1000 windowSamples=120
LogOGResimProbe: Warning: [Warning][ResimProbe.Gate] checks=120 declined=1 requested=119 requestedPerMille=992 deepSkips=0 survivingAnchors=0
LogOGResimProbe: Warning: [Warning][ResimProbe.Chaos] requests=119 grants=119 refused=0 refusedPerMille=0 repeat=0 clamped=0 depthMin=4 depthMax=4
LogOGResimProbe: Warning: [Warning][ResimProbe.Apply] prepares=119 finishes=119 abandoned=0 stuck=0 replayTicks=595 replayOverruns=0 freshProtects=1 staleProtects=0
LogOGRelayProbe: Warning: [Warning][RelayProbe.Read] window=[11570,11690] src=Prediction hit=120 miss=0 verifyFail=0 rung0=0 total=120
LogOGRelayProbe: Warning: [Warning][RelayProbe.Read] window=[11570,11690] src=Resim hit=594 miss=0 verifyFail=0 rung0=0 total=594
LogOGRelayProbe: Warning: [Warning][RelayProbe.Delta] window=[11570,11690] src=Prediction n=120 p10=-4 p50=-3 p90=-2 min=-4 max=-2 satLow=0 satHigh=0
LogOGRelayProbe: Warning: [Warning][RelayProbe.Delta] window=[11570,11690] src=Resim n=594 p10=-7 p50=-5 p90=-3 min=-8 max=-2 satLow=0 satHigh=0
LogOGResimProbe: Warning: [Warning][ResimProbe.Frame] role=Client simTicks=120 frames=199 meanTicksPerFrameX100=60 p50=1 p99=1 max=1 meanFrameUs=10000
LogOGResimProbe: Warning: [Warning][ResimProbe.Frame] role=Client cadence dFrame1=41 dFrame0=0 dFrameGt1=79 discont=0 numSteps total=120 max=1 gt1=0
LogOGRelayProbe: Warning: [Warning][RelayProbe.Arrival] samples=120 gapCaptureTicks p50=1 p99=2 max=2 noAdvance=0 saturated=0 lostCaptureTicksX1000=0 lost=0 delivered=169 expected=169 discont=0 discontMax=0
LogOGResimProbe: Warning: [Warning][ResimProbe.Landing] class=LocallyPredicted behind=60 atFrontier=0 discarded=0 atFrontierPerMille=0 windowSamples=120
LogOGResimProbe: Warning: [Warning][ResimProbe.Landing] class=RemoteProxy behind=60 atFrontier=0 discarded=0 atFrontierPerMille=0 windowSamples=120
LogOGDivergenceProbe: Warning: [Warning][DivergenceProbe.Window] class=LocallyPredicted corrections=60 disagreed=60 ratePerMille=1000 windowSamples=120
LogOGDivergenceProbe: Warning: [Warning][DivergenceProbe.Window] class=RemoteProxy corrections=60 disagreed=60 ratePerMille=1000 windowSamples=120
LogOGResimProbe: Warning: [Warning][ResimProbe.Gate] checks=120 declined=17 requested=103 requestedPerMille=858 deepSkips=0 survivingAnchors=0
LogOGResimProbe: Warning: [Warning][ResimProbe.Chaos] requests=103 grants=103 refused=0 refusedPerMille=0 repeat=0 clamped=0 depthMin=4 depthMax=4
LogOGResimProbe: Warning: [Warning][ResimProbe.Apply] prepares=103 finishes=103 abandoned=0 stuck=0 replayTicks=515 replayOverruns=0 freshProtects=17 staleProtects=0
LogOGRelayProbe: Warning: [Warning][RelayProbe.Read] window=[11690,11810] src=Prediction hit=120 miss=0 verifyFail=0 rung0=0 total=120
LogOGRelayProbe: Warning: [Warning][RelayProbe.Read] window=[11690,11810] src=Resim hit=505 miss=0 verifyFail=0 rung0=0 total=505
LogOGRelayProbe: Warning: [Warning][RelayProbe.Delta] window=[11690,11810] src=Prediction n=120 p10=-4 p50=-3 p90=-2 min=-4 max=-2 satLow=0 satHigh=0
LogOGRelayProbe: Warning: [Warning][RelayProbe.Delta] window=[11690,11810] src=Resim n=505 p10=-7 p50=-5 p90=-3 min=-8 max=-2 satLow=0 satHigh=0
LogOGResimProbe: Warning: [Warning][ResimProbe.Frame] role=Client simTicks=120 frames=200 meanTicksPerFrameX100=60 p50=1 p99=1 max=1 meanFrameUs=10000
LogOGResimProbe: Warning: [Warning][ResimProbe.Frame] role=Client cadence dFrame1=40 dFrame0=0 dFrameGt1=80 discont=0 numSteps total=120 max=1 gt1=0
LogOGRelayProbe: Warning: [Warning][RelayProbe.Arrival] samples=120 gapCaptureTicks p50=1 p99=2 max=2 noAdvance=0 saturated=0 lostCaptureTicksX1000=0 lost=0 delivered=171 expected=171 discont=0 discontMax=0
LogOGResimProbe: Warning: [Warning][ResimProbe.Landing] class=LocallyPredicted behind=60 atFrontier=0 discarded=0 atFrontierPerMille=0 windowSamples=120
LogOGResimProbe: Warning: [Warning][ResimProbe.Landing] class=RemoteProxy behind=60 atFrontier=0 discarded=0 atFrontierPerMille=0 windowSamples=120
LogOGDivergenceProbe: Warning: [Warning][DivergenceProbe.Window] class=LocallyPredicted corrections=60 disagreed=60 ratePerMille=1000 windowSamples=120
LogOGDivergenceProbe: Warning: [Warning][DivergenceProbe.Window] class=RemoteProxy corrections=60 disagreed=60 ratePerMille=1000 windowSamples=120
LogOGResimProbe: Warning: [Warning][ResimProbe.Gate] checks=120 declined=18 requested=102 requestedPerMille=850 deepSkips=0 survivingAnchors=0
LogOGResimProbe: Warning: [Warning][ResimProbe.Chaos] requests=102 grants=102 refused=0 refusedPerMille=0 repeat=0 clamped=0 depthMin=3 depthMax=5
LogOGResimProbe: Warning: [Warning][ResimProbe.Apply] prepares=102 finishes=102 abandoned=0 stuck=0 replayTicks=513 replayOverruns=0 freshProtects=18 staleProtects=0
LogOGRelayProbe: Warning: [Warning][RelayProbe.Read] window=[11810,11930] src=Prediction hit=120 miss=0 verifyFail=0 rung0=0 total=120
LogOGRelayProbe: Warning: [Warning][RelayProbe.Read] window=[11810,11930] src=Resim hit=505 miss=0 verifyFail=0 rung0=0 total=505
LogOGRelayProbe: Warning: [Warning][RelayProbe.Delta] window=[11810,11930] src=Prediction n=120 p10=-4 p50=-3 p90=-2 min=-4 max=-2 satLow=0 satHigh=0
LogOGRelayProbe: Warning: [Warning][RelayProbe.Delta] window=[11810,11930] src=Resim n=505 p10=-7 p50=-5 p90=-3 min=-9 max=-2 satLow=0 satHigh=0
LogOGResimProbe: Warning: [Warning][ResimProbe.Frame] role=Client simTicks=120 frames=201 meanTicksPerFrameX100=59 p50=1 p99=1 max=1 meanFrameUs=10000
LogOGResimProbe: Warning: [Warning][ResimProbe.Frame] role=Client cadence dFrame1=39 dFrame0=0 dFrameGt1=81 discont=0 numSteps total=120 max=1 gt1=0
LogOGResimProbe: Warning: [Warning][ResimProbe.Landing] class=LocallyPredicted behind=60 atFrontier=0 discarded=0 atFrontierPerMille=0 windowSamples=120
LogOGResimProbe: Warning: [Warning][ResimProbe.Landing] class=RemoteProxy behind=60 atFrontier=0 discarded=0 atFrontierPerMille=0 windowSamples=120
LogOGDivergenceProbe: Warning: [Warning][DivergenceProbe.Window] class=LocallyPredicted corrections=60 disagreed=60 ratePerMille=1000 windowSamples=120
LogOGDivergenceProbe: Warning: [Warning][DivergenceProbe.Window] class=RemoteProxy corrections=60 disagreed=60 ratePerMille=1000 windowSamples=120
LogOGResimProbe: Warning: [Warning][ResimProbe.Gate] checks=120 declined=11 requested=109 requestedPerMille=908 deepSkips=0 survivingAnchors=0
LogOGResimProbe: Warning: [Warning][ResimProbe.Chaos] requests=109 grants=109 refused=0 refusedPerMille=0 repeat=0 clamped=0 depthMin=3 depthMax=5
LogOGResimProbe: Warning: [Warning][ResimProbe.Apply] prepares=109 finishes=109 abandoned=0 stuck=0 replayTicks=547 replayOverruns=0 freshProtects=12 staleProtects=0
LogOGRelayProbe: Warning: [Warning][RelayProbe.Read] window=[11930,12050] src=Prediction hit=120 miss=0 verifyFail=0 rung0=0 total=120
LogOGRelayProbe: Warning: [Warning][RelayProbe.Read] window=[11930,12050] src=Resim hit=542 miss=0 verifyFail=0 rung0=0 total=542
LogOGRelayProbe: Warning: [Warning][RelayProbe.Delta] window=[11930,12050] src=Prediction n=120 p10=-4 p50=-3 p90=-2 min=-4 max=-2 satLow=0 satHigh=0
LogOGRelayProbe: Warning: [Warning][RelayProbe.Delta] window=[11930,12050] src=Resim n=542 p10=-7 p50=-5 p90=-3 min=-9 max=-2 satLow=0 satHigh=0
LogOGRelayProbe: Warning: [Warning][RelayProbe.Arrival] samples=120 gapCaptureTicks p50=1 p99=2 max=3 noAdvance=0 saturated=0 lostCaptureTicksX1000=0 lost=0 delivered=174 expected=174 discont=0 discontMax=0
LogOGResimProbe: Warning: [Warning][ResimProbe.Frame] role=Client simTicks=120 frames=200 meanTicksPerFrameX100=60 p50=1 p99=1 max=1 meanFrameUs=10001
LogOGResimProbe: Warning: [Warning][ResimProbe.Frame] role=Client cadence dFrame1=40 dFrame0=0 dFrameGt1=80 discont=0 numSteps total=120 max=1 gt1=0
LogOGResimProbe: Warning: [Warning][ResimProbe.Landing] class=LocallyPredicted behind=60 atFrontier=0 discarded=0 atFrontierPerMille=0 windowSamples=120
LogOGResimProbe: Warning: [Warning][ResimProbe.Landing] class=RemoteProxy behind=60 atFrontier=0 discarded=0 atFrontierPerMille=0 windowSamples=120
LogOGDivergenceProbe: Warning: [Warning][DivergenceProbe.Window] class=LocallyPredicted corrections=60 disagreed=60 ratePerMille=1000 windowSamples=120
LogOGDivergenceProbe: Warning: [Warning][DivergenceProbe.Window] class=RemoteProxy corrections=60 disagreed=60 ratePerMille=1000 windowSamples=120
LogOGResimProbe: Warning: [Warning][ResimProbe.Gate] checks=120 declined=11 requested=109 requestedPerMille=908 deepSkips=0 survivingAnchors=0
LogOGResimProbe: Warning: [Warning][ResimProbe.Chaos] requests=109 grants=106 refused=3 refusedPerMille=28 repeat=3 clamped=0 depthMin=3 depthMax=5
LogOGResimProbe: Warning: [Warning][ResimProbe.Apply] prepares=106 finishes=106 abandoned=0 stuck=0 replayTicks=529 replayOverruns=0 freshProtects=10 staleProtects=0
LogOGRelayProbe: Warning: [Warning][RelayProbe.Read] window=[12050,12170] src=Prediction hit=120 miss=0 verifyFail=0 rung0=0 total=120
LogOGRelayProbe: Warning: [Warning][RelayProbe.Read] window=[12050,12170] src=Resim hit=523 miss=0 verifyFail=0 rung0=0 total=523
LogOGRelayProbe: Warning: [Warning][RelayProbe.Delta] window=[12050,12170] src=Prediction n=120 p10=-4 p50=-3 p90=-2 min=-4 max=-2 satLow=0 satHigh=0
LogOGRelayProbe: Warning: [Warning][RelayProbe.Delta] window=[12050,12170] src=Resim n=523 p10=-7 p50=-5 p90=-3 min=-9 max=-2 satLow=0 satHigh=0
LogOGResimProbe: Warning: [Warning][ResimProbe.Frame] role=Client simTicks=120 frames=200 meanTicksPerFrameX100=60 p50=1 p99=1 max=1 meanFrameUs=10000
LogOGResimProbe: Warning: [Warning][ResimProbe.Frame] role=Client cadence dFrame1=40 dFrame0=0 dFrameGt1=80 discont=0 numSteps total=120 max=1 gt1=0
LogOGRelayProbe: Warning: [Warning][RelayProbe.Arrival] samples=120 gapCaptureTicks p50=1 p99=2 max=3 noAdvance=0 saturated=0 lostCaptureTicksX1000=0 lost=0 delivered=167 expected=167 discont=0 discontMax=0
LogOGResimProbe: Warning: [Warning][ResimProbe.Landing] class=LocallyPredicted behind=60 atFrontier=0 discarded=0 atFrontierPerMille=0 windowSamples=120
LogOGResimProbe: Warning: [Warning][ResimProbe.Landing] class=RemoteProxy behind=60 atFrontier=0 discarded=0 atFrontierPerMille=0 windowSamples=120
LogOGDivergenceProbe: Warning: [Warning][DivergenceProbe.Window] class=LocallyPredicted corrections=60 disagreed=60 ratePerMille=1000 windowSamples=120
LogOGDivergenceProbe: Warning: [Warning][DivergenceProbe.Window] class=RemoteProxy corrections=60 disagreed=60 ratePerMille=1000 windowSamples=120
LogOGResimProbe: Warning: [Warning][ResimProbe.Gate] checks=120 declined=0 requested=120 requestedPerMille=1000 deepSkips=0 survivingAnchors=0
LogOGResimProbe: Warning: [Warning][ResimProbe.Chaos] requests=120 grants=120 refused=0 refusedPerMille=0 repeat=0 clamped=0 depthMin=4 depthMax=4
LogOGResimProbe: Warning: [Warning][ResimProbe.Apply] prepares=120 finishes=120 abandoned=0 stuck=0 replayTicks=600 replayOverruns=0 freshProtects=0 staleProtects=0
LogOGRelayProbe: Warning: [Warning][RelayProbe.Read] window=[12170,12290] src=Prediction hit=120 miss=0 verifyFail=0 rung0=0 total=120
LogOGRelayProbe: Warning: [Warning][RelayProbe.Read] window=[12170,12290] src=Resim hit=600 miss=0 verifyFail=0 rung0=0 total=600
LogOGRelayProbe: Warning: [Warning][RelayProbe.Delta] window=[12170,12290] src=Prediction n=120 p10=-4 p50=-3 p90=-2 min=-4 max=-2 satLow=0 satHigh=0
LogOGRelayProbe: Warning: [Warning][RelayProbe.Delta] window=[12170,12290] src=Resim n=600 p10=-7 p50=-5 p90=-3 min=-8 max=-2 satLow=0 satHigh=0
LogOGResimProbe: Warning: [Warning][ResimProbe.Frame] role=Client simTicks=120 frames=200 meanTicksPerFrameX100=60 p50=1 p99=1 max=1 meanFrameUs=10000
LogOGResimProbe: Warning: [Warning][ResimProbe.Frame] role=Client cadence dFrame1=40 dFrame0=0 dFrameGt1=80 discont=0 numSteps total=120 max=1 gt1=0
LogOGResimProbe: Warning: [Warning][ResimProbe.Landing] class=LocallyPredicted behind=60 atFrontier=0 discarded=0 atFrontierPerMille=0 windowSamples=120
LogOGResimProbe: Warning: [Warning][ResimProbe.Landing] class=RemoteProxy behind=60 atFrontier=0 discarded=0 atFrontierPerMille=0 windowSamples=120
LogOGDivergenceProbe: Warning: [Warning][DivergenceProbe.Window] class=LocallyPredicted corrections=60 disagreed=60 ratePerMille=1000 windowSamples=120
LogOGDivergenceProbe: Warning: [Warning][DivergenceProbe.Window] class=RemoteProxy corrections=60 disagreed=60 ratePerMille=1000 windowSamples=120
LogOGRelayProbe: Warning: [Warning][RelayProbe.Arrival] samples=120 gapCaptureTicks p50=1 p99=2 max=2 noAdvance=0 saturated=0 lostCaptureTicksX1000=0 lost=0 delivered=178 expected=178 discont=0 discontMax=0
LogOGResimProbe: Warning: [Warning][ResimProbe.Gate] checks=120 declined=1 requested=119 requestedPerMille=992 deepSkips=0 survivingAnchors=0
LogOGResimProbe: Warning: [Warning][ResimProbe.Chaos] requests=119 grants=119 refused=0 refusedPerMille=0 repeat=0 clamped=0 depthMin=4 depthMax=4
LogOGResimProbe: Warning: [Warning][ResimProbe.Apply] prepares=119 finishes=119 abandoned=0 stuck=0 replayTicks=595 replayOverruns=0 freshProtects=1 staleProtects=0
LogOGRelayProbe: Warning: [Warning][RelayProbe.Read] window=[12290,12410] src=Prediction hit=120 miss=0 verifyFail=0 rung0=0 total=120
LogOGRelayProbe: Warning: [Warning][RelayProbe.Read] window=[12290,12410] src=Resim hit=595 miss=0 verifyFail=0 rung0=0 total=595
LogOGRelayProbe: Warning: [Warning][RelayProbe.Delta] window=[12290,12410] src=Prediction n=120 p10=-4 p50=-3 p90=-3 min=-4 max=-2 satLow=0 satHigh=0
LogOGRelayProbe: Warning: [Warning][RelayProbe.Delta] window=[12290,12410] src=Resim n=595 p10=-7 p50=-5 p90=-3 min=-8 max=-2 satLow=0 satHigh=0
LogOGResimProbe: Warning: [Warning][ResimProbe.Frame] role=Client simTicks=120 frames=199 meanTicksPerFrameX100=60 p50=1 p99=1 max=1 meanFrameUs=10000
LogOGResimProbe: Warning: [Warning][ResimProbe.Frame] role=Client cadence dFrame1=41 dFrame0=0 dFrameGt1=79 discont=0 numSteps total=120 max=1 gt1=0
LogOGResimProbe: Warning: [Warning][ResimProbe.Landing] class=LocallyPredicted behind=60 atFrontier=0 discarded=0 atFrontierPerMille=0 windowSamples=120
LogOGResimProbe: Warning: [Warning][ResimProbe.Landing] class=RemoteProxy behind=60 atFrontier=0 discarded=0 atFrontierPerMille=0 windowSamples=120
LogOGDivergenceProbe: Warning: [Warning][DivergenceProbe.Window] class=LocallyPredicted corrections=60 disagreed=60 ratePerMille=1000 windowSamples=120
LogOGDivergenceProbe: Warning: [Warning][DivergenceProbe.Window] class=RemoteProxy corrections=60 disagreed=60 ratePerMille=1000 windowSamples=120
LogOGResimProbe: Warning: [Warning][ResimProbe.Gate] checks=120 declined=7 requested=113 requestedPerMille=942 deepSkips=0 survivingAnchors=0
LogOGResimProbe: Warning: [Warning][ResimProbe.Chaos] requests=113 grants=110 refused=3 refusedPerMille=27 repeat=3 clamped=0 depthMin=3 depthMax=5
LogOGResimProbe: Warning: [Warning][ResimProbe.Apply] prepares=110 finishes=110 abandoned=0 stuck=0 replayTicks=544 replayOverruns=0 freshProtects=8 staleProtects=0
LogOGRelayProbe: Warning: [Warning][RelayProbe.Read] window=[12410,12530] src=Prediction hit=120 miss=0 verifyFail=0 rung0=0 total=120
LogOGRelayProbe: Warning: [Warning][RelayProbe.Read] window=[12410,12530] src=Resim hit=540 miss=0 verifyFail=0 rung0=0 total=540
LogOGRelayProbe: Warning: [Warning][RelayProbe.Delta] window=[12410,12530] src=Prediction n=120 p10=-4 p50=-3 p90=-2 min=-4 max=-2 satLow=0 satHigh=0
LogOGRelayProbe: Warning: [Warning][RelayProbe.Delta] window=[12410,12530] src=Resim n=540 p10=-7 p50=-5 p90=-3 min=-9 max=-2 satLow=0 satHigh=0
LogOGResimProbe: Warning: [Warning][ResimProbe.Frame] role=Client simTicks=120 frames=200 meanTicksPerFrameX100=60 p50=1 p99=1 max=1 meanFrameUs=10000
LogOGResimProbe: Warning: [Warning][ResimProbe.Frame] role=Client cadence dFrame1=40 dFrame0=0 dFrameGt1=80 discont=0 numSteps total=120 max=1 gt1=0
LogOGRelayProbe: Warning: [Warning][RelayProbe.Arrival] samples=120 gapCaptureTicks p50=1 p99=2 max=3 noAdvance=0 saturated=0 lostCaptureTicksX1000=0 lost=0 delivered=168 expected=168 discont=0 discontMax=0
LogOGResimProbe: Warning: [Warning][ResimProbe.Landing] class=LocallyPredicted behind=60 atFrontier=0 discarded=0 atFrontierPerMille=0 windowSamples=120
LogOGResimProbe: Warning: [Warning][ResimProbe.Landing] class=RemoteProxy behind=60 atFrontier=0 discarded=0 atFrontierPerMille=0 windowSamples=120
LogOGDivergenceProbe: Warning: [Warning][DivergenceProbe.Window] class=LocallyPredicted corrections=60 disagreed=60 ratePerMille=1000 windowSamples=120
LogOGDivergenceProbe: Warning: [Warning][DivergenceProbe.Window] class=RemoteProxy corrections=60 disagreed=60 ratePerMille=1000 windowSamples=120
LogOGResimProbe: Warning: [Warning][ResimProbe.Gate] checks=120 declined=1 requested=119 requestedPerMille=992 deepSkips=0 survivingAnchors=0
LogOGResimProbe: Warning: [Warning][ResimProbe.Chaos] requests=119 grants=117 refused=2 refusedPerMille=17 repeat=2 clamped=0 depthMin=3 depthMax=5
LogOGResimProbe: Warning: [Warning][ResimProbe.Apply] prepares=117 finishes=117 abandoned=0 stuck=0 replayTicks=584 replayOverruns=0 freshProtects=2 staleProtects=0
LogOGRelayProbe: Warning: [Warning][RelayProbe.Read] window=[12530,12650] src=Prediction hit=120 miss=0 verifyFail=0 rung0=0 total=120
LogOGRelayProbe: Warning: [Warning][RelayProbe.Read] window=[12530,12650] src=Resim hit=584 miss=0 verifyFail=0 rung0=0 total=584
LogOGRelayProbe: Warning: [Warning][RelayProbe.Delta] window=[12530,12650] src=Prediction n=120 p10=-4 p50=-3 p90=-2 min=-4 max=-2 satLow=0 satHigh=0
LogOGRelayProbe: Warning: [Warning][RelayProbe.Delta] window=[12530,12650] src=Resim n=584 p10=-7 p50=-5 p90=-3 min=-8 max=-2 satLow=0 satHigh=0
LogOGResimProbe: Warning: [Warning][ResimProbe.Frame] role=Client simTicks=120 frames=201 meanTicksPerFrameX100=59 p50=1 p99=1 max=1 meanFrameUs=9999
LogOGResimProbe: Warning: [Warning][ResimProbe.Frame] role=Client cadence dFrame1=39 dFrame0=0 dFrameGt1=81 discont=0 numSteps total=120 max=1 gt1=0
LogOGResimProbe: Warning: [Warning][ResimProbe.Landing] class=LocallyPredicted behind=60 atFrontier=0 discarded=0 atFrontierPerMille=0 windowSamples=120
LogOGResimProbe: Warning: [Warning][ResimProbe.Landing] class=RemoteProxy behind=60 atFrontier=0 discarded=0 atFrontierPerMille=0 windowSamples=120
LogOGDivergenceProbe: Warning: [Warning][DivergenceProbe.Window] class=LocallyPredicted corrections=60 disagreed=60 ratePerMille=1000 windowSamples=120
LogOGDivergenceProbe: Warning: [Warning][DivergenceProbe.Window] class=RemoteProxy corrections=60 disagreed=60 ratePerMille=1000 windowSamples=120
LogOGRelayProbe: Warning: [Warning][RelayProbe.Arrival] samples=120 gapCaptureTicks p50=1 p99=2 max=3 noAdvance=0 saturated=0 lostCaptureTicksX1000=0 lost=0 delivered=172 expected=172 discont=0 discontMax=0
LogOGResimProbe: Warning: [Warning][ResimProbe.Gate] checks=120 declined=0 requested=120 requestedPerMille=1000 deepSkips=0 survivingAnchors=0
LogOGResimProbe: Warning: [Warning][ResimProbe.Chaos] requests=120 grants=120 refused=0 refusedPerMille=0 repeat=0 clamped=0 depthMin=4 depthMax=4
LogOGResimProbe: Warning: [Warning][ResimProbe.Apply] prepares=120 finishes=120 abandoned=0 stuck=0 replayTicks=600 replayOverruns=0 freshProtects=0 staleProtects=0
LogOGRelayProbe: Warning: [Warning][RelayProbe.Read] window=[12650,12770] src=Prediction hit=120 miss=0 verifyFail=0 rung0=0 total=120
LogOGRelayProbe: Warning: [Warning][RelayProbe.Read] window=[12650,12770] src=Resim hit=600 miss=0 verifyFail=0 rung0=0 total=600
LogOGRelayProbe: Warning: [Warning][RelayProbe.Delta] window=[12650,12770] src=Prediction n=120 p10=-4 p50=-3 p90=-3 min=-4 max=-2 satLow=0 satHigh=0
LogOGRelayProbe: Warning: [Warning][RelayProbe.Delta] window=[12650,12770] src=Resim n=600 p10=-7 p50=-5 p90=-3 min=-8 max=-2 satLow=0 satHigh=0
LogOGResimProbe: Warning: [Warning][ResimProbe.Frame] role=Client simTicks=120 frames=200 meanTicksPerFrameX100=60 p50=1 p99=1 max=1 meanFrameUs=10000
LogOGResimProbe: Warning: [Warning][ResimProbe.Frame] role=Client cadence dFrame1=40 dFrame0=0 dFrameGt1=80 discont=0 numSteps total=120 max=1 gt1=0
LogOGResimProbe: Warning: [Warning][ResimProbe.Landing] class=LocallyPredicted behind=60 atFrontier=0 discarded=0 atFrontierPerMille=0 windowSamples=120
LogOGResimProbe: Warning: [Warning][ResimProbe.Landing] class=RemoteProxy behind=60 atFrontier=0 discarded=0 atFrontierPerMille=0 windowSamples=120
LogOGDivergenceProbe: Warning: [Warning][DivergenceProbe.Window] class=LocallyPredicted corrections=60 disagreed=60 ratePerMille=1000 windowSamples=120
LogOGDivergenceProbe: Warning: [Warning][DivergenceProbe.Window] class=RemoteProxy corrections=60 disagreed=60 ratePerMille=1000 windowSamples=120
LogOGResimProbe: Warning: [Warning][ResimProbe.Gate] checks=120 declined=12 requested=108 requestedPerMille=900 deepSkips=0 survivingAnchors=0
LogOGResimProbe: Warning: [Warning][ResimProbe.Chaos] requests=108 grants=108 refused=0 refusedPerMille=0 repeat=0 clamped=0 depthMin=4 depthMax=4
LogOGResimProbe: Warning: [Warning][ResimProbe.Apply] prepares=108 finishes=108 abandoned=0 stuck=0 replayTicks=540 replayOverruns=0 freshProtects=13 staleProtects=0
LogOGRelayProbe: Warning: [Warning][RelayProbe.Read] window=[12770,12890] src=Prediction hit=120 miss=0 verifyFail=0 rung0=0 total=120
LogOGRelayProbe: Warning: [Warning][RelayProbe.Read] window=[12770,12890] src=Resim hit=534 miss=0 verifyFail=0 rung0=0 total=534
LogOGRelayProbe: Warning: [Warning][RelayProbe.Delta] window=[12770,12890] src=Prediction n=120 p10=-4 p50=-3 p90=-2 min=-4 max=-2 satLow=0 satHigh=0
LogOGRelayProbe: Warning: [Warning][RelayProbe.Delta] window=[12770,12890] src=Resim n=534 p10=-7 p50=-5 p90=-3 min=-8 max=-2 satLow=0 satHigh=0
LogOGResimProbe: Warning: [Warning][ResimProbe.Frame] role=Client simTicks=120 frames=199 meanTicksPerFrameX100=60 p50=1 p99=1 max=1 meanFrameUs=10000
LogOGResimProbe: Warning: [Warning][ResimProbe.Frame] role=Client cadence dFrame1=41 dFrame0=0 dFrameGt1=79 discont=0 numSteps total=120 max=1 gt1=0
LogOGRelayProbe: Warning: [Warning][RelayProbe.Arrival] samples=120 gapCaptureTicks p50=1 p99=2 max=2 noAdvance=0 saturated=0 lostCaptureTicksX1000=0 lost=0 delivered=168 expected=168 discont=0 discontMax=0
LogOGResimProbe: Warning: [Warning][ResimProbe.Landing] class=LocallyPredicted behind=60 atFrontier=0 discarded=0 atFrontierPerMille=0 windowSamples=120
LogOGResimProbe: Warning: [Warning][ResimProbe.Landing] class=RemoteProxy behind=60 atFrontier=0 discarded=0 atFrontierPerMille=0 windowSamples=120
LogOGDivergenceProbe: Warning: [Warning][DivergenceProbe.Window] class=LocallyPredicted corrections=60 disagreed=60 ratePerMille=1000 windowSamples=120
LogOGDivergenceProbe: Warning: [Warning][DivergenceProbe.Window] class=RemoteProxy corrections=60 disagreed=60 ratePerMille=1000 windowSamples=120
LogOGResimProbe: Warning: [Warning][ResimProbe.Gate] checks=120 declined=38 requested=82 requestedPerMille=683 deepSkips=0 survivingAnchors=0
LogOGResimProbe: Warning: [Warning][ResimProbe.Chaos] requests=82 grants=82 refused=0 refusedPerMille=0 repeat=0 clamped=0 depthMin=3 depthMax=5
LogOGResimProbe: Warning: [Warning][ResimProbe.Apply] prepares=82 finishes=82 abandoned=0 stuck=0 replayTicks=410 replayOverruns=0 freshProtects=38 staleProtects=0
LogOGRelayProbe: Warning: [Warning][RelayProbe.Read] window=[12890,13010] src=Prediction hit=120 miss=0 verifyFail=0 rung0=0 total=120
LogOGRelayProbe: Warning: [Warning][RelayProbe.Read] window=[12890,13010] src=Resim hit=392 miss=0 verifyFail=0 rung0=0 total=392
LogOGRelayProbe: Warning: [Warning][RelayProbe.Delta] window=[12890,13010] src=Prediction n=120 p10=-3 p50=-3 p90=-2 min=-4 max=-2 satLow=0 satHigh=0
LogOGRelayProbe: Warning: [Warning][RelayProbe.Delta] window=[12890,13010] src=Resim n=392 p10=-7 p50=-5 p90=-3 min=-8 max=-2 satLow=0 satHigh=0
LogOGResimProbe: Warning: [Warning][ResimProbe.Frame] role=Client simTicks=120 frames=200 meanTicksPerFrameX100=60 p50=1 p99=1 max=1 meanFrameUs=10000
LogOGResimProbe: Warning: [Warning][ResimProbe.Frame] role=Client cadence dFrame1=40 dFrame0=0 dFrameGt1=80 discont=0 numSteps total=120 max=1 gt1=0
LogOGRelayProbe: Warning: [Warning][RelayProbe.Arrival] samples=120 gapCaptureTicks p50=1 p99=2 max=2 noAdvance=0 saturated=0 lostCaptureTicksX1000=0 lost=0 delivered=170 expected=170 discont=0 discontMax=0
LogOGResimProbe: Warning: [Warning][ResimProbe.Landing] class=LocallyPredicted behind=60 atFrontier=0 discarded=0 atFrontierPerMille=0 windowSamples=120
LogOGResimProbe: Warning: [Warning][ResimProbe.Landing] class=RemoteProxy behind=60 atFrontier=0 discarded=0 atFrontierPerMille=0 windowSamples=120
LogOGDivergenceProbe: Warning: [Warning][DivergenceProbe.Window] class=LocallyPredicted corrections=60 disagreed=60 ratePerMille=1000 windowSamples=120
LogOGDivergenceProbe: Warning: [Warning][DivergenceProbe.Window] class=RemoteProxy corrections=60 disagreed=60 ratePerMille=1000 windowSamples=120
LogOGResimProbe: Warning: [Warning][ResimProbe.Gate] checks=120 declined=18 requested=102 requestedPerMille=850 deepSkips=0 survivingAnchors=0
LogOGResimProbe: Warning: [Warning][ResimProbe.Chaos] requests=102 grants=101 refused=1 refusedPerMille=10 repeat=1 clamped=0 depthMin=3 depthMax=5
LogOGResimProbe: Warning: [Warning][ResimProbe.Apply] prepares=101 finishes=101 abandoned=0 stuck=0 replayTicks=506 replayOverruns=0 freshProtects=18 staleProtects=0
LogOGRelayProbe: Warning: [Warning][RelayProbe.Read] window=[13010,13130] src=Prediction hit=120 miss=0 verifyFail=0 rung0=0 total=120
LogOGRelayProbe: Warning: [Warning][RelayProbe.Read] window=[13010,13130] src=Resim hit=499 miss=0 verifyFail=0 rung0=0 total=499
LogOGRelayProbe: Warning: [Warning][RelayProbe.Delta] window=[13010,13130] src=Prediction n=120 p10=-4 p50=-3 p90=-2 min=-4 max=-2 satLow=0 satHigh=0
LogOGRelayProbe: Warning: [Warning][RelayProbe.Delta] window=[13010,13130] src=Resim n=499 p10=-7 p50=-5 p90=-3 min=-9 max=-2 satLow=0 satHigh=0
LogOGResimProbe: Warning: [Warning][ResimProbe.Frame] role=Client simTicks=120 frames=201 meanTicksPerFrameX100=59 p50=1 p99=1 max=1 meanFrameUs=10000
LogOGResimProbe: Warning: [Warning][ResimProbe.Frame] role=Client cadence dFrame1=39 dFrame0=0 dFrameGt1=81 discont=0 numSteps total=120 max=1 gt1=0
LogOGResimProbe: Warning: [Warning][ResimProbe.Landing] class=LocallyPredicted behind=60 atFrontier=0 discarded=0 atFrontierPerMille=0 windowSamples=120
LogOGResimProbe: Warning: [Warning][ResimProbe.Landing] class=RemoteProxy behind=60 atFrontier=0 discarded=0 atFrontierPerMille=0 windowSamples=120
LogOGDivergenceProbe: Warning: [Warning][DivergenceProbe.Window] class=LocallyPredicted corrections=60 disagreed=60 ratePerMille=1000 windowSamples=120
LogOGDivergenceProbe: Warning: [Warning][DivergenceProbe.Window] class=RemoteProxy corrections=60 disagreed=60 ratePerMille=1000 windowSamples=120
LogOGResimProbe: Warning: [Warning][ResimProbe.Gate] checks=120 declined=13 requested=107 requestedPerMille=892 deepSkips=0 survivingAnchors=0
LogOGResimProbe: Warning: [Warning][ResimProbe.Chaos] requests=107 grants=107 refused=0 refusedPerMille=0 repeat=0 clamped=0 depthMin=3 depthMax=5
LogOGResimProbe: Warning: [Warning][ResimProbe.Apply] prepares=107 finishes=107 abandoned=0 stuck=0 replayTicks=535 replayOverruns=0 freshProtects=13 staleProtects=0
LogOGRelayProbe: Warning: [Warning][RelayProbe.Read] window=[13130,13250] src=Prediction hit=120 miss=0 verifyFail=0 rung0=0 total=120
LogOGRelayProbe: Warning: [Warning][RelayProbe.Read] window=[13130,13250] src=Resim hit=530 miss=0 verifyFail=0 rung0=0 total=530
LogOGRelayProbe: Warning: [Warning][RelayProbe.Delta] window=[13130,13250] src=Prediction n=120 p10=-4 p50=-3 p90=-2 min=-4 max=-2 satLow=0 satHigh=0
LogOGRelayProbe: Warning: [Warning][RelayProbe.Delta] window=[13130,13250] src=Resim n=530 p10=-7 p50=-5 p90=-3 min=-8 max=-2 satLow=0 satHigh=0
LogOGRelayProbe: Warning: [Warning][RelayProbe.Arrival] samples=120 gapCaptureTicks p50=1 p99=2 max=2 noAdvance=0 saturated=0 lostCaptureTicksX1000=0 lost=0 delivered=174 expected=174 discont=0 discontMax=0
LogOGResimProbe: Warning: [Warning][ResimProbe.Frame] role=Client simTicks=120 frames=199 meanTicksPerFrameX100=60 p50=1 p99=1 max=1 meanFrameUs=10000
LogOGResimProbe: Warning: [Warning][ResimProbe.Frame] role=Client cadence dFrame1=41 dFrame0=0 dFrameGt1=79 discont=0 numSteps total=120 max=1 gt1=0
LogOGResimProbe: Warning: [Warning][ResimProbe.Landing] class=LocallyPredicted behind=60 atFrontier=0 discarded=0 atFrontierPerMille=0 windowSamples=120
LogOGResimProbe: Warning: [Warning][ResimProbe.Landing] class=RemoteProxy behind=60 atFrontier=0 discarded=0 atFrontierPerMille=0 windowSamples=120
LogOGDivergenceProbe: Warning: [Warning][DivergenceProbe.Window] class=LocallyPredicted corrections=60 disagreed=60 ratePerMille=1000 windowSamples=120
LogOGDivergenceProbe: Warning: [Warning][DivergenceProbe.Window] class=RemoteProxy corrections=60 disagreed=60 ratePerMille=1000 windowSamples=120
LogOGResimProbe: Warning: [Warning][ResimProbe.Gate] checks=120 declined=31 requested=89 requestedPerMille=742 deepSkips=0 survivingAnchors=0
LogOGResimProbe: Warning: [Warning][ResimProbe.Chaos] requests=89 grants=89 refused=0 refusedPerMille=0 repeat=0 clamped=0 depthMin=4 depthMax=4
LogOGResimProbe: Warning: [Warning][ResimProbe.Apply] prepares=89 finishes=89 abandoned=0 stuck=0 replayTicks=445 replayOverruns=0 freshProtects=31 staleProtects=0
LogOGRelayProbe: Warning: [Warning][RelayProbe.Read] window=[13250,13370] src=Prediction hit=120 miss=0 verifyFail=0 rung0=0 total=120
LogOGRelayProbe: Warning: [Warning][RelayProbe.Read] window=[13250,13370] src=Resim hit=429 miss=0 verifyFail=0 rung0=0 total=429
LogOGRelayProbe: Warning: [Warning][RelayProbe.Delta] window=[13250,13370] src=Prediction n=120 p10=-3 p50=-3 p90=-2 min=-4 max=-2 satLow=0 satHigh=0
LogOGRelayProbe: Warning: [Warning][RelayProbe.Delta] window=[13250,13370] src=Resim n=429 p10=-7 p50=-5 p90=-3 min=-8 max=-2 satLow=0 satHigh=0
LogOGResimProbe: Warning: [Warning][ResimProbe.Frame] role=Client simTicks=120 frames=200 meanTicksPerFrameX100=60 p50=1 p99=1 max=1 meanFrameUs=9999
LogOGResimProbe: Warning: [Warning][ResimProbe.Frame] role=Client cadence dFrame1=40 dFrame0=0 dFrameGt1=80 discont=0 numSteps total=120 max=1 gt1=0
LogOGRelayProbe: Warning: [Warning][RelayProbe.Arrival] samples=120 gapCaptureTicks p50=1 p99=2 max=2 noAdvance=0 saturated=0 lostCaptureTicksX1000=0 lost=0 delivered=178 expected=178 discont=0 discontMax=0
LogOGResimProbe: Warning: [Warning][ResimProbe.Landing] class=LocallyPredicted behind=60 atFrontier=0 discarded=0 atFrontierPerMille=0 windowSamples=120
LogOGResimProbe: Warning: [Warning][ResimProbe.Landing] class=RemoteProxy behind=60 atFrontier=0 discarded=0 atFrontierPerMille=0 windowSamples=120
LogOGDivergenceProbe: Warning: [Warning][DivergenceProbe.Window] class=LocallyPredicted corrections=60 disagreed=60 ratePerMille=1000 windowSamples=120
LogOGDivergenceProbe: Warning: [Warning][DivergenceProbe.Window] class=RemoteProxy corrections=60 disagreed=60 ratePerMille=1000 windowSamples=120
LogOGResimProbe: Warning: [Warning][ResimProbe.Gate] checks=120 declined=40 requested=80 requestedPerMille=667 deepSkips=0 survivingAnchors=0
LogOGResimProbe: Warning: [Warning][ResimProbe.Chaos] requests=80 grants=80 refused=0 refusedPerMille=0 repeat=0 clamped=0 depthMin=4 depthMax=4
LogOGResimProbe: Warning: [Warning][ResimProbe.Apply] prepares=80 finishes=80 abandoned=0 stuck=0 replayTicks=400 replayOverruns=0 freshProtects=40 staleProtects=0
LogOGRelayProbe: Warning: [Warning][RelayProbe.Read] window=[13370,13490] src=Prediction hit=120 miss=0 verifyFail=0 rung0=0 total=120
LogOGRelayProbe: Warning: [Warning][RelayProbe.Read] window=[13370,13490] src=Resim hit=379 miss=0 verifyFail=0 rung0=0 total=379
LogOGRelayProbe: Warning: [Warning][RelayProbe.Delta] window=[13370,13490] src=Prediction n=120 p10=-3 p50=-3 p90=-2 min=-4 max=-2 satLow=0 satHigh=0
LogOGRelayProbe: Warning: [Warning][RelayProbe.Delta] window=[13370,13490] src=Resim n=379 p10=-7 p50=-5 p90=-3 min=-8 max=-3 satLow=0 satHigh=0
LogOGResimProbe: Warning: [Warning][ResimProbe.Frame] role=Client simTicks=120 frames=200 meanTicksPerFrameX100=60 p50=1 p99=1 max=1 meanFrameUs=10000
LogOGResimProbe: Warning: [Warning][ResimProbe.Frame] role=Client cadence dFrame1=40 dFrame0=0 dFrameGt1=80 discont=0 numSteps total=120 max=1 gt1=0
LogOGResimProbe: Warning: [Warning][ResimProbe.Landing] class=LocallyPredicted behind=60 atFrontier=0 discarded=0 atFrontierPerMille=0 windowSamples=120
LogOGResimProbe: Warning: [Warning][ResimProbe.Landing] class=RemoteProxy behind=60 atFrontier=0 discarded=0 atFrontierPerMille=0 windowSamples=120
LogOGDivergenceProbe: Warning: [Warning][DivergenceProbe.Window] class=LocallyPredicted corrections=60 disagreed=60 ratePerMille=1000 windowSamples=120
LogOGDivergenceProbe: Warning: [Warning][DivergenceProbe.Window] class=RemoteProxy corrections=60 disagreed=60 ratePerMille=1000 windowSamples=120
LogOGRelayProbe: Warning: [Warning][RelayProbe.Arrival] samples=120 gapCaptureTicks p50=1 p99=2 max=3 noAdvance=0 saturated=0 lostCaptureTicksX1000=0 lost=0 delivered=166 expected=166 discont=0 discontMax=0
LogOGResimProbe: Warning: [Warning][ResimProbe.Gate] checks=120 declined=24 requested=96 requestedPerMille=800 deepSkips=0 survivingAnchors=0
LogOGResimProbe: Warning: [Warning][ResimProbe.Chaos] requests=96 grants=96 refused=0 refusedPerMille=0 repeat=0 clamped=0 depthMin=3 depthMax=5
LogOGResimProbe: Warning: [Warning][ResimProbe.Apply] prepares=96 finishes=96 abandoned=0 stuck=0 replayTicks=476 replayOverruns=0 freshProtects=24 staleProtects=0
LogOGRelayProbe: Warning: [Warning][RelayProbe.Read] window=[13490,13610] src=Prediction hit=120 miss=0 verifyFail=0 rung0=0 total=120
LogOGRelayProbe: Warning: [Warning][RelayProbe.Read] window=[13490,13610] src=Resim hit=464 miss=0 verifyFail=0 rung0=0 total=464
LogOGRelayProbe: Warning: [Warning][RelayProbe.Delta] window=[13490,13610] src=Prediction n=120 p10=-4 p50=-3 p90=-2 min=-4 max=-2 satLow=0 satHigh=0
LogOGRelayProbe: Warning: [Warning][RelayProbe.Delta] window=[13490,13610] src=Resim n=464 p10=-7 p50=-5 p90=-3 min=-9 max=-2 satLow=0 satHigh=0
LogOGResimProbe: Warning: [Warning][ResimProbe.Frame] role=Client simTicks=120 frames=201 meanTicksPerFrameX100=59 p50=1 p99=1 max=1 meanFrameUs=10000
LogOGResimProbe: Warning: [Warning][ResimProbe.Frame] role=Client cadence dFrame1=39 dFrame0=0 dFrameGt1=81 discont=0 numSteps total=120 max=1 gt1=0
LogOGResimProbe: Warning: [Warning][ResimProbe.Landing] class=LocallyPredicted behind=60 atFrontier=0 discarded=0 atFrontierPerMille=0 windowSamples=120
LogOGResimProbe: Warning: [Warning][ResimProbe.Landing] class=RemoteProxy behind=60 atFrontier=0 discarded=0 atFrontierPerMille=0 windowSamples=120
LogOGDivergenceProbe: Warning: [Warning][DivergenceProbe.Window] class=LocallyPredicted corrections=60 disagreed=60 ratePerMille=1000 windowSamples=120
LogOGDivergenceProbe: Warning: [Warning][DivergenceProbe.Window] class=RemoteProxy corrections=60 disagreed=60 ratePerMille=1000 windowSamples=120
LogOGResimProbe: Warning: [Warning][ResimProbe.Gate] checks=120 declined=2 requested=118 requestedPerMille=983 deepSkips=0 survivingAnchors=0
LogOGResimProbe: Warning: [Warning][ResimProbe.Chaos] requests=118 grants=118 refused=0 refusedPerMille=0 repeat=0 clamped=0 depthMin=4 depthMax=4
LogOGResimProbe: Warning: [Warning][ResimProbe.Apply] prepares=118 finishes=118 abandoned=0 stuck=0 replayTicks=590 replayOverruns=0 freshProtects=2 staleProtects=0
LogOGRelayProbe: Warning: [Warning][RelayProbe.Read] window=[13610,13730] src=Prediction hit=120 miss=0 verifyFail=0 rung0=0 total=120
LogOGRelayProbe: Warning: [Warning][RelayProbe.Read] window=[13610,13730] src=Resim hit=589 miss=0 verifyFail=0 rung0=0 total=589
LogOGRelayProbe: Warning: [Warning][RelayProbe.Delta] window=[13610,13730] src=Prediction n=120 p10=-4 p50=-3 p90=-3 min=-4 max=-2 satLow=0 satHigh=0
LogOGRelayProbe: Warning: [Warning][RelayProbe.Delta] window=[13610,13730] src=Resim n=589 p10=-7 p50=-5 p90=-3 min=-8 max=-2 satLow=0 satHigh=0
LogOGResimProbe: Warning: [Warning][ResimProbe.Frame] role=Client simTicks=120 frames=199 meanTicksPerFrameX100=60 p50=1 p99=1 max=1 meanFrameUs=10001
LogOGResimProbe: Warning: [Warning][ResimProbe.Frame] role=Client cadence dFrame1=41 dFrame0=0 dFrameGt1=79 discont=0 numSteps total=120 max=1 gt1=0
