LogInit: Display: No sandbox specified, assuming ../../Saved/Cooked/WindowsClient/
LogCsvProfiler: Display: Metadata set : systemresolution.resx="1280"
LogCsvProfiler: Display: Metadata set : systemresolution.resy="720"
LogAudio: Display: Pre-Initializing Audio Device Manager...
LogAudio: Display: AudioInfo: 'OPUS' Registered
LogAudioDebug: Display: Lib vorbis DLL was dynamically loaded.
LogAudio: Display: AudioInfo: 'OGG' Registered
LogAudio: Display: AudioInfo: 'ADPCM' Registered
LogAudio: Display: AudioInfo: 'PCM' Registered
LogAudio: Display: AudioInfo: 'BINKA' Registered
LogAudio: Display: AudioInfo: 'RADA' Registered
LogAudio: Display: Audio Device Manager Pre-Initialized
RenderDocPlugin: Display: RenderDoc plugin will not be loaded. Use '-AttachRenderDoc' on the cmd line or enable 'renderdoc.AutoAttach' in the plugin settings.
LogCsvProfiler: Display: Metadata set : systemresolution.resx="1920"
LogCsvProfiler: Display: Metadata set : systemresolution.resy="1080"
LogHAL: Display: Platform has ~ 32 GB [33510694912 / 34359738368 / 32], which maps to Largest [LargestMinGB=32, LargerMinGB=12, DefaultMinGB=8, SmallerMinGB=6, SmallestMinGB=0)
LogCsvProfiler: Display: Metadata set : extradevelopmentmemorymb="0"
LogWindowsTouchpad: Display: CacheForceMaxTouchpadSensitivityMode SetMaxTouchpadSensitivity
LogObj: Display: Attempting to load config data for Default__SlateThemeManager before the Class has been constructed/registered/linked (likely during module loading or early startup). This will result in the load silently failing and should be fixed.
LogCsvProfiler: Display: Metadata set : verbatimrhiname="Null"
LogCsvProfiler: Display: Metadata set : rhiname="Null"
LogCsvProfiler: Display: Metadata set : rhifeaturelevel="SM6"
LogCsvProfiler: Display: Metadata set : shaderplatform="PCD3D_SM6"
LogStreaming: Display: FlushAsyncLoading(1): 1 QueuedPackages, 0 AsyncPackages
LogConfig: Display: Read in platform Android ini files took 0.02 seconds
LogConfig: Display: Read in platform IOS ini files took 0.02 seconds
LogConfig: Display: Read in platform Linux ini files took 0.03 seconds
LogConfig: Display: Read in platform LinuxArm64 ini files took 0.03 seconds
LogConfig: Display: Read in platform Mac ini files took 0.02 seconds
LogConfig: Display: Read in platform TVOS ini files took 0.02 seconds
LogConfig: Display: Read in platform VisionOS ini files took 0.02 seconds
LogDeviceProfileManager: Display: Deviceprofile LinuxArm64Editor not found.
LogDeviceProfileManager: Display: Deviceprofile LinuxArm64 not found.
LogCsvProfiler: Display: Metadata set : deviceprofile="WindowsClient"
LogAudioCaptureCore: Display: No Audio Capture implementations found. Audio input will be silent.
LogMetaSound: Display: MetaSound Page Target Initialized to 'Default'
LogAudioCaptureCore: Display: No Audio Capture implementations found. Audio input will be silent.
LogAudio: Display: Registering Engine Module Parameter Interfaces...
LogAudio: Display: Initializing Audio Device Manager...
LogAudio: Display: Loading Default Audio Settings Objects...
LogAudio: Display: No default SoundConcurrencyObject specified (or failed to load).
LogAudio: Display: Audio Device Manager Initialized
LogAudio: Display: Creating Audio Device:                 Id: 1, Scope: Shared, Realtime: True
LogAudioMixer: Display: Audio Mixer Platform Settings:
LogAudioMixer: Display: 	Sample Rate:						  48000
LogAudioMixer: Display: 	Callback Buffer Frame Size Requested: 1024
LogAudioMixer: Display: 	Callback Buffer Frame Size To Use:	  1024
LogAudioMixer: Display: 	Number of buffers to queue:			  1
LogAudioMixer: Display: 	Max Channels (voices):				  32
LogAudioMixer: Display: 	Number of Async Source Workers:		  4
LogAudio: Display: AudioDevice MaxSources: 32
LogAudio: Display: Audio Spatialization Plugin: None (built-in).
LogAudio: Display: Audio Reverb Plugin: None (built-in).
LogAudio: Display: Audio Occlusion Plugin: None (built-in).
LogAudioMixer: Display: Initializing audio mixer using platform API: 'XAudio2'
LogAudioMixer: Display: Using Audio Hardware Device Headphones (ROG CETRA OPEN WIRELESS)
LogAudioMixer: Display: Initializing Sound Submixes...
LogAudioMixer: Display: Creating Master Submix 'MasterSubmixDefault'
LogAudioMixer: Display: Creating Master Submix 'MasterReverbSubmixDefault'
LogAudioMixer: Display: Output buffers initialized: Frames=1024, Channels=2, Samples=2048, InstanceID=1
LogAudioMixer: Display: Starting AudioMixerPlatformInterface::RunInternal(), InstanceID=1
LogAudioMixer: Display: FMixerPlatformXAudio2::SubmitBuffer() called for the first time. InstanceID=1
LogCsvProfiler: Display: Metadata set : largeworldcoordinates="1"
LogAudio: Display: Audio Device (ID: 1) registered with world 'Untitled'.
LogInit: Display: Game Engine Initialized.
LogInit: Display: Starting Game.
LogCsvProfiler: Display: Metadata set : iris="1"
LogIris: Display: Iris ReplicationSystem[0]: ReplicationSystem_2147482512 (0x0000028821382500) is created
LogIris: Display: FInternalNetSerializerDelegates::BroadcastLoadedModulesUpdated() called while there are 0 active ReplicationSystems. This is good. Total loaded modules: 43.
LogInit: Display: Engine is initialized. Leaving FEngineLoop::Init()
LogTrace: Display: Control listening on port 34584
LogIris: Warning: FInternalNetSerializerDelegates::BroadcastLoadedModulesUpdated() called while there are 1 active ReplicationSystems. If polymorphic types are registered we may have corrupt data. A restart of the ReplicationSystem or NetDriver is recommended. Total loaded modules: 45.
LogAudio: Display: Audio Device unregistered from world 'None'.
LogStreaming: Display: FlushAsyncLoading(61): 1 QueuedPackages, 0 AsyncPackages
LogAudio: Display: Audio Device (ID: 1) registered with world 'ThirdPersonMap'.
LogWorldPartition: Display: WorldPartition initialize started...
LogWorldPartition: Display: WorldPartition initialize took 209 us
LogIris: Warning: FInternalNetSerializerDelegates::BroadcastLoadedModulesUpdated() called while there are 1 active ReplicationSystems. If polymorphic types are registered we may have corrupt data. A restart of the ReplicationSystem or NetDriver is recommended. Total loaded modules: 46.
LogIris: Warning: Generating descriptor for struct UpdateLevelVisibilityLevelInfo that has custom serialization.
LogOGResimProbe: Warning: [ResimProbe.Session] resim-gate probe LIVE ? verbosity=Warning verboseDetail=off windowSamples=120
LogOGNet: Warning: [ResimGate] session policy = OnDisagreement (ini override), depthPolicy = skip beyond 12 ticks, rateLimit = none (structural: one resim in flight, one pending)
LogOGNet: Warning: [RelayDelayFloor] floor = 6 ticks, UPWARD, requesting 2-tick prediction stall
LogViewport: Display: Player bShowMouseCursor Changed, False -> True
LogOG: Warning: [Warning] PCTM CPC: hard resync oldTick=0 -> newTick=1979 drift=1979
LogOGIrisNet: Display: [IrisSerializerProof] struct=SimulationStateSyncBuffer dir=Load state=live NetSerialize IS BEING CALLED ON A REAL PAYLOAD. payloadBytes=311 arrayElements=384 | wire bits: memberWise(pre-T29)=3089 lastResort(post-T29)=2508 delta=-581 bits (-72.6 B)
LogIris: Warning: FInternalNetSerializerDelegates::BroadcastLoadedModulesUpdated() called while there are 1 active ReplicationSystems. If polymorphic types are registered we may have corrupt data. A restart of the ReplicationSystem or NetDriver is recommended. Total loaded modules: 47.
LogOGResimProbe: Warning: [Warning][ResimProbe.Gate] checks=120 declined=26 requested=94 requestedPerMille=783 deepSkips=0 survivingAnchors=0
LogOGResimProbe: Warning: [Warning][ResimProbe.Chaos] requests=93 grants=93 refused=0 refusedPerMille=0 repeat=0 clamped=0 depthMin=2 depthMax=3
LogOGResimProbe: Warning: [Warning][ResimProbe.Apply] prepares=93 finishes=93 abandoned=0 stuck=0 replayTicks=322 replayOverruns=0 freshProtects=0 staleProtects=0
LogOGResimProbe: Warning: [Warning][ResimProbe.Frame] role=Client simTicks=119 frames=198 meanTicksPerFrameX100=60 p50=1 p99=1 max=1 meanFrameUs=10000
LogOGResimProbe: Warning: [Warning][ResimProbe.Frame] role=Client cadence dFrame1=40 dFrame0=0 dFrameGt1=80 discont=1 numSteps total=122 max=1 gt1=0
LogOGResimProbe: Warning: [Warning][ResimProbe.Landing] class=LocallyPredicted behind=117 atFrontier=0 discarded=3 atFrontierPerMille=0 windowSamples=120
LogOGDivergenceProbe: Warning: [Warning][DivergenceProbe.Window] class=LocallyPredicted corrections=120 disagreed=120 ratePerMille=1000 windowSamples=120
LogOGResimProbe: Warning: [Warning][ResimProbe.Gate] checks=120 declined=21 requested=99 requestedPerMille=825 deepSkips=0 survivingAnchors=0
LogOGResimProbe: Warning: [Warning][ResimProbe.Chaos] requests=100 grants=100 refused=0 refusedPerMille=0 repeat=0 clamped=0 depthMin=2 depthMax=3
LogOGResimProbe: Warning: [Warning][ResimProbe.Apply] prepares=100 finishes=100 abandoned=0 stuck=0 replayTicks=375 replayOverruns=0 freshProtects=0 staleProtects=0
LogOGResimProbe: Warning: [Warning][ResimProbe.Frame] role=Client simTicks=120 frames=200 meanTicksPerFrameX100=60 p50=1 p99=1 max=1 meanFrameUs=10001
LogOGResimProbe: Warning: [Warning][ResimProbe.Frame] role=Client cadence dFrame1=40 dFrame0=0 dFrameGt1=80 discont=0 numSteps total=120 max=1 gt1=0
LogOGResimProbe: Warning: [Warning][ResimProbe.Landing] class=LocallyPredicted behind=120 atFrontier=0 discarded=0 atFrontierPerMille=0 windowSamples=120
LogOGDivergenceProbe: Warning: [Warning][DivergenceProbe.Window] class=LocallyPredicted corrections=120 disagreed=120 ratePerMille=1000 windowSamples=120
LogOG: Warning: [Warning] tryInsertingResimulatedState: tick=2328 not in cache window, discarding
LogOG: Warning: [Warning] tryInsertingResimulatedState: tick=2329 not in cache window, discarding
LogOG: Warning: [Warning] tryInsertingResimulatedState: tick=2330 not in cache window, discarding
LogOGIrisNet: Display: [IrisSerializerProof] struct=RelayedInputRing dir=Load state=live NetSerialize IS BEING CALLED ON A REAL PAYLOAD. payloadBytes=85 arrayElements=83 | wire bits: memberWise(pre-T29)=681 lastResort(post-T29)=700 delta=+19 bits (+2.4 B)
LogOG: Warning: [Warning] tryInsertingResimulatedState: tick=2330 not in cache window, discarding
LogOGResimProbe: Warning: [Warning][ResimProbe.Gate] checks=120 declined=14 requested=106 requestedPerMille=883 deepSkips=0 survivingAnchors=0
LogOGResimProbe: Warning: [Warning][ResimProbe.Chaos] requests=105 grants=105 refused=0 refusedPerMille=0 repeat=0 clamped=0 depthMin=2 depthMax=3
LogOGResimProbe: Warning: [Warning][ResimProbe.Apply] prepares=105 finishes=105 abandoned=0 stuck=0 replayTicks=407 replayOverruns=4 freshProtects=0 staleProtects=0
LogOGRelayProbe: Warning: [Warning][RelayProbe.Read] window=[2219,2339] src=Prediction hit=3 miss=5 verifyFail=0 rung0=1 total=9
LogOGRelayProbe: Warning: [Warning][RelayProbe.Read] window=[2219,2339] src=Resim hit=3 miss=16 verifyFail=0 rung0=1 total=20
LogOGRelayProbe: Warning: [Warning][RelayProbe.Miss] window=[2219,2339] src=Prediction inSpan=0 aboveNewest=0 belowOldest=5 noProbeTick=0 miss=5
LogOGRelayProbe: Warning: [Warning][RelayProbe.Miss] window=[2219,2339] src=Resim inSpan=0 aboveNewest=0 belowOldest=16 noProbeTick=0 miss=16
LogOGRelayProbe: Warning: [Warning][RelayProbe.Delta] window=[2219,2339] src=Prediction n=8 p10=-5 p50=-5 p90=-5 min=-5 max=-5 satLow=0 satHigh=0
LogOGRelayProbe: Warning: [Warning][RelayProbe.Delta] window=[2219,2339] src=Resim n=19 p10=-8 p50=-6 p90=-5 min=-8 max=-5 satLow=0 satHigh=0
LogOGRelayProbe: Warning: [Warning][RelayProbe.Stale] window=[2219,2339] maxConsecutiveFallbackRun=5 id=28414
LogOGResimProbe: Warning: [Warning][ResimProbe.Frame] role=Client simTicks=120 frames=200 meanTicksPerFrameX100=60 p50=1 p99=1 max=1 meanFrameUs=10001
LogOGResimProbe: Warning: [Warning][ResimProbe.Frame] role=Client cadence dFrame1=40 dFrame0=0 dFrameGt1=80 discont=0 numSteps total=120 max=1 gt1=0
LogOGResimProbe: Warning: [Warning][ResimProbe.Landing] class=LocallyPredicted behind=113 atFrontier=0 discarded=0 atFrontierPerMille=0 windowSamples=120
LogOGResimProbe: Warning: [Warning][ResimProbe.Landing] class=RemoteProxy behind=5 atFrontier=0 discarded=2 atFrontierPerMille=0 windowSamples=120
LogOGDivergenceProbe: Warning: [Warning][DivergenceProbe.Window] class=LocallyPredicted corrections=112 disagreed=112 ratePerMille=1000 windowSamples=120
LogOGDivergenceProbe: Warning: [Warning][DivergenceProbe.Window] class=RemoteProxy corrections=8 disagreed=8 ratePerMille=1000 windowSamples=120
LogOGResimProbe: Warning: [Warning][ResimProbe.Gate] checks=120 declined=2 requested=118 requestedPerMille=983 deepSkips=0 survivingAnchors=0
LogOGResimProbe: Warning: [Warning][ResimProbe.Chaos] requests=118 grants=116 refused=2 refusedPerMille=17 repeat=2 clamped=0 depthMin=2 depthMax=4
LogOGResimProbe: Warning: [Warning][ResimProbe.Apply] prepares=116 finishes=116 abandoned=0 stuck=0 replayTicks=461 replayOverruns=0 freshProtects=2 staleProtects=0
LogOGRelayProbe: Warning: [Warning][RelayProbe.Read] window=[2339,2459] src=Prediction hit=120 miss=0 verifyFail=0 rung0=0 total=120
LogOGRelayProbe: Warning: [Warning][RelayProbe.Read] window=[2339,2459] src=Resim hit=459 miss=1 verifyFail=0 rung0=0 total=460
LogOGRelayProbe: Warning: [Warning][RelayProbe.Miss] window=[2339,2459] src=Resim inSpan=0 aboveNewest=0 belowOldest=1 noProbeTick=0 miss=1
LogOGRelayProbe: Warning: [Warning][RelayProbe.Delta] window=[2339,2459] src=Prediction n=120 p10=-6 p50=-5 p90=-5 min=-7 max=-4 satLow=0 satHigh=0
LogOGRelayProbe: Warning: [Warning][RelayProbe.Delta] window=[2339,2459] src=Resim n=460 p10=-8 p50=-7 p90=-5 min=-9 max=-4 satLow=0 satHigh=0
LogOGResimProbe: Warning: [Warning][ResimProbe.Frame] role=Client simTicks=120 frames=200 meanTicksPerFrameX100=60 p50=1 p99=1 max=1 meanFrameUs=10000
LogOGResimProbe: Warning: [Warning][ResimProbe.Frame] role=Client cadence dFrame1=40 dFrame0=0 dFrameGt1=80 discont=0 numSteps total=120 max=1 gt1=0
LogOGResimProbe: Warning: [Warning][ResimProbe.Landing] class=LocallyPredicted behind=60 atFrontier=0 discarded=0 atFrontierPerMille=0 windowSamples=120
LogOGResimProbe: Warning: [Warning][ResimProbe.Landing] class=RemoteProxy behind=60 atFrontier=0 discarded=0 atFrontierPerMille=0 windowSamples=120
LogOGDivergenceProbe: Warning: [Warning][DivergenceProbe.Window] class=LocallyPredicted corrections=60 disagreed=60 ratePerMille=1000 windowSamples=120
LogOGDivergenceProbe: Warning: [Warning][DivergenceProbe.Window] class=RemoteProxy corrections=60 disagreed=60 ratePerMille=1000 windowSamples=120
LogOGRelayProbe: Warning: [Warning][RelayProbe.Arrival] samples=120 gapCaptureTicks p50=1 p99=2 max=3 noAdvance=0 saturated=0 lostCaptureTicksX1000=0 lost=0 delivered=166 expected=166 discont=0 discontMax=0
LogOGResimProbe: Warning: [Warning][ResimProbe.Gate] checks=120 declined=24 requested=96 requestedPerMille=800 deepSkips=0 survivingAnchors=0
LogOGResimProbe: Warning: [Warning][ResimProbe.Chaos] requests=97 grants=97 refused=0 refusedPerMille=0 repeat=0 clamped=0 depthMin=2 depthMax=3
LogOGResimProbe: Warning: [Warning][ResimProbe.Apply] prepares=97 finishes=97 abandoned=0 stuck=0 replayTicks=371 replayOverruns=0 freshProtects=22 staleProtects=0
LogOGRelayProbe: Warning: [Warning][RelayProbe.Read] window=[2459,2579] src=Prediction hit=120 miss=0 verifyFail=0 rung0=0 total=120
LogOGRelayProbe: Warning: [Warning][RelayProbe.Read] window=[2459,2579] src=Resim hit=357 miss=0 verifyFail=0 rung0=0 total=357
LogOGRelayProbe: Warning: [Warning][RelayProbe.Delta] window=[2459,2579] src=Prediction n=120 p10=-6 p50=-5 p90=-4 min=-7 max=-4 satLow=0 satHigh=0
LogOGRelayProbe: Warning: [Warning][RelayProbe.Delta] window=[2459,2579] src=Resim n=357 p10=-8 p50=-7 p90=-5 min=-10 max=-5 satLow=0 satHigh=0
LogOGResimProbe: Warning: [Warning][ResimProbe.Frame] role=Client simTicks=120 frames=200 meanTicksPerFrameX100=60 p50=1 p99=1 max=1 meanFrameUs=10000
LogOGResimProbe: Warning: [Warning][ResimProbe.Frame] role=Client cadence dFrame1=40 dFrame0=0 dFrameGt1=80 discont=0 numSteps total=120 max=1 gt1=0
LogOGResimProbe: Warning: [Warning][ResimProbe.Landing] class=LocallyPredicted behind=60 atFrontier=0 discarded=0 atFrontierPerMille=0 windowSamples=120
LogOGResimProbe: Warning: [Warning][ResimProbe.Landing] class=RemoteProxy behind=60 atFrontier=0 discarded=0 atFrontierPerMille=0 windowSamples=120
LogOGDivergenceProbe: Warning: [Warning][DivergenceProbe.Window] class=LocallyPredicted corrections=60 disagreed=60 ratePerMille=1000 windowSamples=120
LogOGDivergenceProbe: Warning: [Warning][DivergenceProbe.Window] class=RemoteProxy corrections=60 disagreed=60 ratePerMille=1000 windowSamples=120
LogOGRelayProbe: Warning: [Warning][RelayProbe.Arrival] samples=120 gapCaptureTicks p50=1 p99=2 max=2 noAdvance=0 saturated=0 lostCaptureTicksX1000=0 lost=0 delivered=178 expected=178 discont=0 discontMax=0
LogOGResimProbe: Warning: [Warning][ResimProbe.Gate] checks=120 declined=18 requested=102 requestedPerMille=850 deepSkips=0 survivingAnchors=0
LogOGResimProbe: Warning: [Warning][ResimProbe.Chaos] requests=101 grants=99 refused=2 refusedPerMille=20 repeat=2 clamped=0 depthMin=2 depthMax=4
LogOGResimProbe: Warning: [Warning][ResimProbe.Apply] prepares=99 finishes=99 abandoned=0 stuck=0 replayTicks=384 replayOverruns=0 freshProtects=20 staleProtects=0
LogOGRelayProbe: Warning: [Warning][RelayProbe.Read] window=[2579,2699] src=Prediction hit=120 miss=0 verifyFail=0 rung0=0 total=120
LogOGRelayProbe: Warning: [Warning][RelayProbe.Read] window=[2579,2699] src=Resim hit=378 miss=0 verifyFail=0 rung0=0 total=378
LogOGRelayProbe: Warning: [Warning][RelayProbe.Delta] window=[2579,2699] src=Prediction n=120 p10=-6 p50=-5 p90=-4 min=-6 max=-4 satLow=0 satHigh=0
LogOGRelayProbe: Warning: [Warning][RelayProbe.Delta] window=[2579,2699] src=Resim n=378 p10=-8 p50=-6 p90=-5 min=-9 max=-4 satLow=0 satHigh=0
LogOGResimProbe: Warning: [Warning][ResimProbe.Frame] role=Client simTicks=120 frames=200 meanTicksPerFrameX100=60 p50=1 p99=1 max=1 meanFrameUs=9999
LogOGResimProbe: Warning: [Warning][ResimProbe.Frame] role=Client cadence dFrame1=40 dFrame0=0 dFrameGt1=80 discont=0 numSteps total=120 max=1 gt1=0
LogOGResimProbe: Warning: [Warning][ResimProbe.Landing] class=LocallyPredicted behind=60 atFrontier=0 discarded=0 atFrontierPerMille=0 windowSamples=120
LogOGResimProbe: Warning: [Warning][ResimProbe.Landing] class=RemoteProxy behind=60 atFrontier=0 discarded=0 atFrontierPerMille=0 windowSamples=120
LogOGDivergenceProbe: Warning: [Warning][DivergenceProbe.Window] class=LocallyPredicted corrections=60 disagreed=60 ratePerMille=1000 windowSamples=120
LogOGDivergenceProbe: Warning: [Warning][DivergenceProbe.Window] class=RemoteProxy corrections=60 disagreed=60 ratePerMille=1000 windowSamples=120
LogOGResimProbe: Warning: [Warning][ResimProbe.Gate] checks=120 declined=16 requested=104 requestedPerMille=867 deepSkips=0 survivingAnchors=0
LogOGResimProbe: Warning: [Warning][ResimProbe.Chaos] requests=104 grants=102 refused=2 refusedPerMille=19 repeat=2 clamped=0 depthMin=2 depthMax=4
LogOGResimProbe: Warning: [Warning][ResimProbe.Apply] prepares=102 finishes=102 abandoned=0 stuck=0 replayTicks=404 replayOverruns=0 freshProtects=17 staleProtects=0
LogOGRelayProbe: Warning: [Warning][RelayProbe.Read] window=[2699,2819] src=Prediction hit=120 miss=0 verifyFail=0 rung0=0 total=120
LogOGRelayProbe: Warning: [Warning][RelayProbe.Read] window=[2699,2819] src=Resim hit=396 miss=0 verifyFail=0 rung0=0 total=396
LogOGRelayProbe: Warning: [Warning][RelayProbe.Delta] window=[2699,2819] src=Prediction n=120 p10=-6 p50=-5 p90=-4 min=-7 max=-4 satLow=0 satHigh=0
LogOGRelayProbe: Warning: [Warning][RelayProbe.Delta] window=[2699,2819] src=Resim n=396 p10=-8 p50=-7 p90=-5 min=-10 max=-4 satLow=0 satHigh=0
LogOGResimProbe: Warning: [Warning][ResimProbe.Frame] role=Client simTicks=120 frames=200 meanTicksPerFrameX100=60 p50=1 p99=1 max=1 meanFrameUs=10000
LogOGResimProbe: Warning: [Warning][ResimProbe.Frame] role=Client cadence dFrame1=40 dFrame0=0 dFrameGt1=80 discont=0 numSteps total=120 max=1 gt1=0
LogOGResimProbe: Warning: [Warning][ResimProbe.Landing] class=LocallyPredicted behind=60 atFrontier=0 discarded=0 atFrontierPerMille=0 windowSamples=120
LogOGResimProbe: Warning: [Warning][ResimProbe.Landing] class=RemoteProxy behind=60 atFrontier=0 discarded=0 atFrontierPerMille=0 windowSamples=120
LogOGDivergenceProbe: Warning: [Warning][DivergenceProbe.Window] class=LocallyPredicted corrections=60 disagreed=60 ratePerMille=1000 windowSamples=120
LogOGDivergenceProbe: Warning: [Warning][DivergenceProbe.Window] class=RemoteProxy corrections=60 disagreed=60 ratePerMille=1000 windowSamples=120
LogOGRelayProbe: Warning: [Warning][RelayProbe.Arrival] samples=120 gapCaptureTicks p50=1 p99=2 max=2 noAdvance=0 saturated=0 lostCaptureTicksX1000=0 lost=0 delivered=180 expected=180 discont=0 discontMax=0
LogOGResimProbe: Warning: [Warning][ResimProbe.Gate] checks=120 declined=20 requested=100 requestedPerMille=833 deepSkips=0 survivingAnchors=0
LogOGResimProbe: Warning: [Warning][ResimProbe.Chaos] requests=100 grants=98 refused=2 refusedPerMille=20 repeat=2 clamped=0 depthMin=2 depthMax=4
LogOGResimProbe: Warning: [Warning][ResimProbe.Apply] prepares=98 finishes=98 abandoned=0 stuck=0 replayTicks=391 replayOverruns=0 freshProtects=22 staleProtects=0
LogOGRelayProbe: Warning: [Warning][RelayProbe.Read] window=[2819,2939] src=Prediction hit=120 miss=0 verifyFail=0 rung0=0 total=120
LogOGRelayProbe: Warning: [Warning][RelayProbe.Read] window=[2819,2939] src=Resim hit=380 miss=0 verifyFail=0 rung0=0 total=380
LogOGRelayProbe: Warning: [Warning][RelayProbe.Delta] window=[2819,2939] src=Prediction n=120 p10=-6 p50=-5 p90=-4 min=-7 max=-4 satLow=0 satHigh=0
LogOGRelayProbe: Warning: [Warning][RelayProbe.Delta] window=[2819,2939] src=Resim n=380 p10=-8 p50=-7 p90=-5 min=-10 max=-4 satLow=0 satHigh=0
LogOGResimProbe: Warning: [Warning][ResimProbe.Frame] role=Client simTicks=120 frames=200 meanTicksPerFrameX100=60 p50=1 p99=1 max=1 meanFrameUs=10001
LogOGResimProbe: Warning: [Warning][ResimProbe.Frame] role=Client cadence dFrame1=40 dFrame0=0 dFrameGt1=80 discont=0 numSteps total=120 max=1 gt1=0
LogOGResimProbe: Warning: [Warning][ResimProbe.Landing] class=LocallyPredicted behind=60 atFrontier=0 discarded=0 atFrontierPerMille=0 windowSamples=120
LogOGResimProbe: Warning: [Warning][ResimProbe.Landing] class=RemoteProxy behind=60 atFrontier=0 discarded=0 atFrontierPerMille=0 windowSamples=120
LogOGDivergenceProbe: Warning: [Warning][DivergenceProbe.Window] class=LocallyPredicted corrections=60 disagreed=60 ratePerMille=1000 windowSamples=120
LogOGDivergenceProbe: Warning: [Warning][DivergenceProbe.Window] class=RemoteProxy corrections=60 disagreed=60 ratePerMille=1000 windowSamples=120
LogOGRelayProbe: Warning: [Warning][RelayProbe.Arrival] samples=120 gapCaptureTicks p50=1 p99=2 max=2 noAdvance=0 saturated=0 lostCaptureTicksX1000=0 lost=0 delivered=177 expected=177 discont=0 discontMax=0
LogOGResimProbe: Warning: [Warning][ResimProbe.Gate] checks=120 declined=15 requested=105 requestedPerMille=875 deepSkips=0 survivingAnchors=0
LogOGResimProbe: Warning: [Warning][ResimProbe.Chaos] requests=105 grants=103 refused=2 refusedPerMille=19 repeat=2 clamped=0 depthMin=2 depthMax=4
LogOGResimProbe: Warning: [Warning][ResimProbe.Apply] prepares=103 finishes=103 abandoned=0 stuck=0 replayTicks=404 replayOverruns=0 freshProtects=17 staleProtects=0
LogOGRelayProbe: Warning: [Warning][RelayProbe.Read] window=[2939,3059] src=Prediction hit=120 miss=0 verifyFail=0 rung0=0 total=120
LogOGRelayProbe: Warning: [Warning][RelayProbe.Read] window=[2939,3059] src=Resim hit=397 miss=0 verifyFail=0 rung0=0 total=397
LogOGRelayProbe: Warning: [Warning][RelayProbe.Delta] window=[2939,3059] src=Prediction n=120 p10=-6 p50=-5 p90=-4 min=-7 max=-4 satLow=0 satHigh=0
LogOGRelayProbe: Warning: [Warning][RelayProbe.Delta] window=[2939,3059] src=Resim n=397 p10=-8 p50=-6 p90=-5 min=-10 max=-4 satLow=0 satHigh=0
LogOGResimProbe: Warning: [Warning][ResimProbe.Frame] role=Client simTicks=120 frames=200 meanTicksPerFrameX100=60 p50=1 p99=1 max=1 meanFrameUs=10000
LogOGResimProbe: Warning: [Warning][ResimProbe.Frame] role=Client cadence dFrame1=40 dFrame0=0 dFrameGt1=80 discont=0 numSteps total=120 max=1 gt1=0
LogOGResimProbe: Warning: [Warning][ResimProbe.Landing] class=LocallyPredicted behind=60 atFrontier=0 discarded=0 atFrontierPerMille=0 windowSamples=120
LogOGResimProbe: Warning: [Warning][ResimProbe.Landing] class=RemoteProxy behind=60 atFrontier=0 discarded=0 atFrontierPerMille=0 windowSamples=120
LogOGDivergenceProbe: Warning: [Warning][DivergenceProbe.Window] class=LocallyPredicted corrections=60 disagreed=60 ratePerMille=1000 windowSamples=120
LogOGDivergenceProbe: Warning: [Warning][DivergenceProbe.Window] class=RemoteProxy corrections=60 disagreed=60 ratePerMille=1000 windowSamples=120
LogOGResimProbe: Warning: [Warning][ResimProbe.Gate] checks=120 declined=11 requested=109 requestedPerMille=908 deepSkips=0 survivingAnchors=0
LogOGResimProbe: Warning: [Warning][ResimProbe.Chaos] requests=109 grants=109 refused=0 refusedPerMille=0 repeat=0 clamped=0 depthMin=2 depthMax=3
LogOGResimProbe: Warning: [Warning][ResimProbe.Apply] prepares=109 finishes=109 abandoned=0 stuck=0 replayTicks=430 replayOverruns=0 freshProtects=12 staleProtects=0
LogOGRelayProbe: Warning: [Warning][RelayProbe.Read] window=[3059,3179] src=Prediction hit=120 miss=0 verifyFail=0 rung0=0 total=120
LogOGRelayProbe: Warning: [Warning][RelayProbe.Read] window=[3059,3179] src=Resim hit=424 miss=0 verifyFail=0 rung0=0 total=424
LogOGRelayProbe: Warning: [Warning][RelayProbe.Delta] window=[3059,3179] src=Prediction n=120 p10=-6 p50=-5 p90=-4 min=-7 max=-4 satLow=0 satHigh=0
LogOGRelayProbe: Warning: [Warning][RelayProbe.Delta] window=[3059,3179] src=Resim n=424 p10=-8 p50=-6 p90=-5 min=-10 max=-4 satLow=0 satHigh=0
LogOGResimProbe: Warning: [Warning][ResimProbe.Landing] class=LocallyPredicted behind=60 atFrontier=0 discarded=0 atFrontierPerMille=0 windowSamples=120
LogOGResimProbe: Warning: [Warning][ResimProbe.Landing] class=RemoteProxy behind=60 atFrontier=0 discarded=0 atFrontierPerMille=0 windowSamples=120
LogOGResimProbe: Warning: [Warning][ResimProbe.Frame] role=Client simTicks=120 frames=200 meanTicksPerFrameX100=60 p50=1 p99=1 max=1 meanFrameUs=9999
LogOGResimProbe: Warning: [Warning][ResimProbe.Frame] role=Client cadence dFrame1=40 dFrame0=0 dFrameGt1=80 discont=0 numSteps total=120 max=1 gt1=0
LogOGDivergenceProbe: Warning: [Warning][DivergenceProbe.Window] class=LocallyPredicted corrections=60 disagreed=60 ratePerMille=1000 windowSamples=120
LogOGDivergenceProbe: Warning: [Warning][DivergenceProbe.Window] class=RemoteProxy corrections=60 disagreed=60 ratePerMille=1000 windowSamples=120
LogOGRelayProbe: Warning: [Warning][RelayProbe.Arrival] samples=120 gapCaptureTicks p50=1 p99=3 max=3 noAdvance=0 saturated=0 lostCaptureTicksX1000=0 lost=0 delivered=183 expected=183 discont=0 discontMax=0
LogOGResimProbe: Warning: [Warning][ResimProbe.Gate] checks=120 declined=7 requested=113 requestedPerMille=942 deepSkips=0 survivingAnchors=0
LogOGResimProbe: Warning: [Warning][ResimProbe.Chaos] requests=113 grants=109 refused=4 refusedPerMille=35 repeat=4 clamped=0 depthMin=2 depthMax=4
LogOGResimProbe: Warning: [Warning][ResimProbe.Apply] prepares=109 finishes=109 abandoned=0 stuck=0 replayTicks=432 replayOverruns=0 freshProtects=10 staleProtects=0
LogOGResimProbe: Warning: [Warning][ResimProbe.Landing] class=LocallyPredicted behind=60 atFrontier=0 discarded=0 atFrontierPerMille=0 windowSamples=120
LogOGResimProbe: Warning: [Warning][ResimProbe.Landing] class=RemoteProxy behind=60 atFrontier=0 discarded=0 atFrontierPerMille=0 windowSamples=120
LogOGRelayProbe: Warning: [Warning][RelayProbe.Read] window=[3179,3299] src=Prediction hit=120 miss=0 verifyFail=0 rung0=0 total=120
LogOGRelayProbe: Warning: [Warning][RelayProbe.Read] window=[3179,3299] src=Resim hit=427 miss=0 verifyFail=0 rung0=0 total=427
LogOGRelayProbe: Warning: [Warning][RelayProbe.Delta] window=[3179,3299] src=Prediction n=120 p10=-6 p50=-5 p90=-4 min=-7 max=-4 satLow=0 satHigh=0
LogOGRelayProbe: Warning: [Warning][RelayProbe.Delta] window=[3179,3299] src=Resim n=427 p10=-8 p50=-7 p90=-5 min=-10 max=-4 satLow=0 satHigh=0
LogOGResimProbe: Warning: [Warning][ResimProbe.Frame] role=Client simTicks=120 frames=200 meanTicksPerFrameX100=60 p50=1 p99=1 max=1 meanFrameUs=9999
LogOGResimProbe: Warning: [Warning][ResimProbe.Frame] role=Client cadence dFrame1=40 dFrame0=0 dFrameGt1=80 discont=0 numSteps total=120 max=1 gt1=0
LogOGDivergenceProbe: Warning: [Warning][DivergenceProbe.Window] class=LocallyPredicted corrections=60 disagreed=60 ratePerMille=1000 windowSamples=120
LogOGDivergenceProbe: Warning: [Warning][DivergenceProbe.Window] class=RemoteProxy corrections=60 disagreed=60 ratePerMille=1000 windowSamples=120
LogOGRelayProbe: Warning: [Warning][RelayProbe.Arrival] samples=120 gapCaptureTicks p50=1 p99=2 max=2 noAdvance=0 saturated=0 lostCaptureTicksX1000=0 lost=0 delivered=177 expected=177 discont=0 discontMax=0
LogOGResimProbe: Warning: [Warning][ResimProbe.Landing] class=LocallyPredicted behind=60 atFrontier=0 discarded=0 atFrontierPerMille=0 windowSamples=120
LogOGResimProbe: Warning: [Warning][ResimProbe.Landing] class=RemoteProxy behind=60 atFrontier=0 discarded=0 atFrontierPerMille=0 windowSamples=120
LogOGResimProbe: Warning: [Warning][ResimProbe.Gate] checks=120 declined=18 requested=102 requestedPerMille=850 deepSkips=0 survivingAnchors=0
LogOGResimProbe: Warning: [Warning][ResimProbe.Chaos] requests=102 grants=97 refused=5 refusedPerMille=49 repeat=5 clamped=0 depthMin=2 depthMax=4
LogOGResimProbe: Warning: [Warning][ResimProbe.Apply] prepares=97 finishes=97 abandoned=0 stuck=0 replayTicks=374 replayOverruns=0 freshProtects=21 staleProtects=0
LogOGRelayProbe: Warning: [Warning][RelayProbe.Read] window=[3299,3419] src=Prediction hit=120 miss=0 verifyFail=0 rung0=0 total=120
LogOGRelayProbe: Warning: [Warning][RelayProbe.Read] window=[3299,3419] src=Resim hit=360 miss=0 verifyFail=0 rung0=0 total=360
LogOGRelayProbe: Warning: [Warning][RelayProbe.Delta] window=[3299,3419] src=Prediction n=120 p10=-6 p50=-5 p90=-4 min=-7 max=-4 satLow=0 satHigh=0
LogOGRelayProbe: Warning: [Warning][RelayProbe.Delta] window=[3299,3419] src=Resim n=360 p10=-8 p50=-7 p90=-5 min=-10 max=-4 satLow=0 satHigh=0
LogOGResimProbe: Warning: [Warning][ResimProbe.Frame] role=Client simTicks=120 frames=200 meanTicksPerFrameX100=60 p50=1 p99=1 max=1 meanFrameUs=10001
LogOGResimProbe: Warning: [Warning][ResimProbe.Frame] role=Client cadence dFrame1=40 dFrame0=0 dFrameGt1=80 discont=0 numSteps total=120 max=1 gt1=0
LogOGDivergenceProbe: Warning: [Warning][DivergenceProbe.Window] class=LocallyPredicted corrections=60 disagreed=60 ratePerMille=1000 windowSamples=120
LogOGDivergenceProbe: Warning: [Warning][DivergenceProbe.Window] class=RemoteProxy corrections=60 disagreed=60 ratePerMille=1000 windowSamples=120
LogOGResimProbe: Warning: [Warning][ResimProbe.Landing] class=LocallyPredicted behind=60 atFrontier=0 discarded=0 atFrontierPerMille=0 windowSamples=120
LogOGResimProbe: Warning: [Warning][ResimProbe.Landing] class=RemoteProxy behind=60 atFrontier=0 discarded=0 atFrontierPerMille=0 windowSamples=120
LogOGResimProbe: Warning: [Warning][ResimProbe.Gate] checks=120 declined=6 requested=114 requestedPerMille=950 deepSkips=0 survivingAnchors=0
LogOGResimProbe: Warning: [Warning][ResimProbe.Chaos] requests=115 grants=114 refused=1 refusedPerMille=9 repeat=1 clamped=0 depthMin=3 depthMax=4
LogOGResimProbe: Warning: [Warning][ResimProbe.Apply] prepares=114 finishes=114 abandoned=0 stuck=0 replayTicks=457 replayOverruns=0 freshProtects=7 staleProtects=0
LogOGRelayProbe: Warning: [Warning][RelayProbe.Read] window=[3419,3539] src=Prediction hit=120 miss=0 verifyFail=0 rung0=0 total=120
LogOGRelayProbe: Warning: [Warning][RelayProbe.Read] window=[3419,3539] src=Resim hit=453 miss=0 verifyFail=0 rung0=0 total=453
LogOGRelayProbe: Warning: [Warning][RelayProbe.Delta] window=[3419,3539] src=Prediction n=120 p10=-6 p50=-5 p90=-4 min=-7 max=-4 satLow=0 satHigh=0
LogOGRelayProbe: Warning: [Warning][RelayProbe.Delta] window=[3419,3539] src=Resim n=453 p10=-8 p50=-7 p90=-5 min=-10 max=-4 satLow=0 satHigh=0
LogOGResimProbe: Warning: [Warning][ResimProbe.Frame] role=Client simTicks=120 frames=200 meanTicksPerFrameX100=60 p50=1 p99=1 max=1 meanFrameUs=9999
LogOGResimProbe: Warning: [Warning][ResimProbe.Frame] role=Client cadence dFrame1=40 dFrame0=0 dFrameGt1=80 discont=0 numSteps total=120 max=1 gt1=0
LogOGDivergenceProbe: Warning: [Warning][DivergenceProbe.Window] class=LocallyPredicted corrections=60 disagreed=60 ratePerMille=1000 windowSamples=120
LogOGDivergenceProbe: Warning: [Warning][DivergenceProbe.Window] class=RemoteProxy corrections=60 disagreed=60 ratePerMille=1000 windowSamples=120
LogOGRelayProbe: Warning: [Warning][RelayProbe.Arrival] samples=120 gapCaptureTicks p50=1 p99=2 max=2 noAdvance=0 saturated=0 lostCaptureTicksX1000=0 lost=0 delivered=176 expected=176 discont=0 discontMax=0
LogOGResimProbe: Warning: [Warning][ResimProbe.Landing] class=LocallyPredicted behind=60 atFrontier=0 discarded=0 atFrontierPerMille=0 windowSamples=120
LogOGResimProbe: Warning: [Warning][ResimProbe.Landing] class=RemoteProxy behind=60 atFrontier=0 discarded=0 atFrontierPerMille=0 windowSamples=120
LogOGResimProbe: Warning: [Warning][ResimProbe.Gate] checks=120 declined=21 requested=99 requestedPerMille=825 deepSkips=0 survivingAnchors=0
LogOGResimProbe: Warning: [Warning][ResimProbe.Chaos] requests=98 grants=90 refused=8 refusedPerMille=82 repeat=8 clamped=0 depthMin=2 depthMax=4
LogOGResimProbe: Warning: [Warning][ResimProbe.Apply] prepares=90 finishes=90 abandoned=0 stuck=0 replayTicks=348 replayOverruns=0 freshProtects=25 staleProtects=0
LogOGRelayProbe: Warning: [Warning][RelayProbe.Read] window=[3539,3659] src=Prediction hit=120 miss=0 verifyFail=0 rung0=0 total=120
LogOGRelayProbe: Warning: [Warning][RelayProbe.Read] window=[3539,3659] src=Resim hit=336 miss=0 verifyFail=0 rung0=0 total=336
LogOGRelayProbe: Warning: [Warning][RelayProbe.Delta] window=[3539,3659] src=Prediction n=120 p10=-6 p50=-5 p90=-4 min=-7 max=-4 satLow=0 satHigh=0
LogOGRelayProbe: Warning: [Warning][RelayProbe.Delta] window=[3539,3659] src=Resim n=336 p10=-8 p50=-7 p90=-5 min=-10 max=-4 satLow=0 satHigh=0
LogOGResimProbe: Warning: [Warning][ResimProbe.Frame] role=Client simTicks=120 frames=200 meanTicksPerFrameX100=60 p50=1 p99=1 max=1 meanFrameUs=10000
LogOGResimProbe: Warning: [Warning][ResimProbe.Frame] role=Client cadence dFrame1=40 dFrame0=0 dFrameGt1=80 discont=0 numSteps total=120 max=1 gt1=0
LogOGDivergenceProbe: Warning: [Warning][DivergenceProbe.Window] class=LocallyPredicted corrections=60 disagreed=60 ratePerMille=1000 windowSamples=120
LogOGDivergenceProbe: Warning: [Warning][DivergenceProbe.Window] class=RemoteProxy corrections=60 disagreed=60 ratePerMille=1000 windowSamples=120
LogOGRelayProbe: Warning: [Warning][RelayProbe.Arrival] samples=120 gapCaptureTicks p50=1 p99=3 max=3 noAdvance=0 saturated=0 lostCaptureTicksX1000=0 lost=0 delivered=178 expected=178 discont=0 discontMax=0
LogOGResimProbe: Warning: [Warning][ResimProbe.Landing] class=LocallyPredicted behind=60 atFrontier=0 discarded=0 atFrontierPerMille=0 windowSamples=120
LogOGResimProbe: Warning: [Warning][ResimProbe.Landing] class=RemoteProxy behind=60 atFrontier=0 discarded=0 atFrontierPerMille=0 windowSamples=120
LogOGResimProbe: Warning: [Warning][ResimProbe.Gate] checks=120 declined=0 requested=120 requestedPerMille=1000 deepSkips=0 survivingAnchors=0
LogOGResimProbe: Warning: [Warning][ResimProbe.Chaos] requests=120 grants=120 refused=0 refusedPerMille=0 repeat=0 clamped=0 depthMin=3 depthMax=3
LogOGResimProbe: Warning: [Warning][ResimProbe.Apply] prepares=120 finishes=120 abandoned=0 stuck=0 replayTicks=480 replayOverruns=0 freshProtects=0 staleProtects=0
LogOGRelayProbe: Warning: [Warning][RelayProbe.Read] window=[3659,3779] src=Prediction hit=120 miss=0 verifyFail=0 rung0=0 total=120
LogOGRelayProbe: Warning: [Warning][RelayProbe.Read] window=[3659,3779] src=Resim hit=480 miss=0 verifyFail=0 rung0=0 total=480
LogOGRelayProbe: Warning: [Warning][RelayProbe.Delta] window=[3659,3779] src=Prediction n=120 p10=-5 p50=-5 p90=-4 min=-6 max=-4 satLow=0 satHigh=0
LogOGRelayProbe: Warning: [Warning][RelayProbe.Delta] window=[3659,3779] src=Resim n=480 p10=-8 p50=-6 p90=-5 min=-9 max=-4 satLow=0 satHigh=0
LogOGResimProbe: Warning: [Warning][ResimProbe.Frame] role=Client simTicks=120 frames=200 meanTicksPerFrameX100=60 p50=1 p99=1 max=1 meanFrameUs=10000
LogOGResimProbe: Warning: [Warning][ResimProbe.Frame] role=Client cadence dFrame1=40 dFrame0=0 dFrameGt1=80 discont=0 numSteps total=120 max=1 gt1=0
LogOGDivergenceProbe: Warning: [Warning][DivergenceProbe.Window] class=LocallyPredicted corrections=60 disagreed=60 ratePerMille=1000 windowSamples=120
LogOGDivergenceProbe: Warning: [Warning][DivergenceProbe.Window] class=RemoteProxy corrections=60 disagreed=60 ratePerMille=1000 windowSamples=120
LogOGResimProbe: Warning: [Warning][ResimProbe.Landing] class=LocallyPredicted behind=60 atFrontier=0 discarded=0 atFrontierPerMille=0 windowSamples=120
LogOGResimProbe: Warning: [Warning][ResimProbe.Landing] class=RemoteProxy behind=60 atFrontier=0 discarded=0 atFrontierPerMille=0 windowSamples=120
LogOGResimProbe: Warning: [Warning][ResimProbe.Gate] checks=120 declined=0 requested=120 requestedPerMille=1000 deepSkips=0 survivingAnchors=0
LogOGResimProbe: Warning: [Warning][ResimProbe.Chaos] requests=120 grants=120 refused=0 refusedPerMille=0 repeat=0 clamped=0 depthMin=3 depthMax=3
LogOGResimProbe: Warning: [Warning][ResimProbe.Apply] prepares=120 finishes=120 abandoned=0 stuck=0 replayTicks=480 replayOverruns=0 freshProtects=0 staleProtects=0
LogOGRelayProbe: Warning: [Warning][RelayProbe.Read] window=[3779,3899] src=Prediction hit=120 miss=0 verifyFail=0 rung0=0 total=120
LogOGRelayProbe: Warning: [Warning][RelayProbe.Read] window=[3779,3899] src=Resim hit=480 miss=0 verifyFail=0 rung0=0 total=480
LogOGRelayProbe: Warning: [Warning][RelayProbe.Delta] window=[3779,3899] src=Prediction n=120 p10=-6 p50=-5 p90=-4 min=-6 max=-4 satLow=0 satHigh=0
LogOGRelayProbe: Warning: [Warning][RelayProbe.Delta] window=[3779,3899] src=Resim n=480 p10=-8 p50=-7 p90=-5 min=-9 max=-4 satLow=0 satHigh=0
LogOGResimProbe: Warning: [Warning][ResimProbe.Frame] role=Client simTicks=120 frames=200 meanTicksPerFrameX100=60 p50=1 p99=1 max=1 meanFrameUs=10000
LogOGResimProbe: Warning: [Warning][ResimProbe.Frame] role=Client cadence dFrame1=40 dFrame0=0 dFrameGt1=80 discont=0 numSteps total=120 max=1 gt1=0
LogOGDivergenceProbe: Warning: [Warning][DivergenceProbe.Window] class=LocallyPredicted corrections=60 disagreed=60 ratePerMille=1000 windowSamples=120
LogOGDivergenceProbe: Warning: [Warning][DivergenceProbe.Window] class=RemoteProxy corrections=60 disagreed=60 ratePerMille=1000 windowSamples=120
LogOGRelayProbe: Warning: [Warning][RelayProbe.Arrival] samples=120 gapCaptureTicks p50=2 p99=2 max=3 noAdvance=0 saturated=0 lostCaptureTicksX1000=0 lost=0 delivered=182 expected=182 discont=0 discontMax=0
LogOGResimProbe: Warning: [Warning][ResimProbe.Landing] class=LocallyPredicted behind=60 atFrontier=0 discarded=0 atFrontierPerMille=0 windowSamples=120
LogOGResimProbe: Warning: [Warning][ResimProbe.Landing] class=RemoteProxy behind=60 atFrontier=0 discarded=0 atFrontierPerMille=0 windowSamples=120
LogOGResimProbe: Warning: [Warning][ResimProbe.Gate] checks=120 declined=23 requested=97 requestedPerMille=808 deepSkips=0 survivingAnchors=0
LogOGResimProbe: Warning: [Warning][ResimProbe.Chaos] requests=97 grants=95 refused=2 refusedPerMille=21 repeat=2 clamped=0 depthMin=2 depthMax=4
LogOGResimProbe: Warning: [Warning][ResimProbe.Apply] prepares=95 finishes=95 abandoned=0 stuck=0 replayTicks=371 replayOverruns=0 freshProtects=25 staleProtects=0
LogOGRelayProbe: Warning: [Warning][RelayProbe.Read] window=[3899,4019] src=Prediction hit=120 miss=0 verifyFail=0 rung0=0 total=120
LogOGRelayProbe: Warning: [Warning][RelayProbe.Read] window=[3899,4019] src=Resim hit=359 miss=0 verifyFail=0 rung0=0 total=359
LogOGRelayProbe: Warning: [Warning][RelayProbe.Delta] window=[3899,4019] src=Prediction n=120 p10=-6 p50=-5 p90=-4 min=-7 max=-4 satLow=0 satHigh=0
LogOGRelayProbe: Warning: [Warning][RelayProbe.Delta] window=[3899,4019] src=Resim n=359 p10=-8 p50=-7 p90=-5 min=-10 max=-4 satLow=0 satHigh=0
LogOGResimProbe: Warning: [Warning][ResimProbe.Frame] role=Client simTicks=120 frames=200 meanTicksPerFrameX100=60 p50=1 p99=1 max=1 meanFrameUs=10003
LogOGResimProbe: Warning: [Warning][ResimProbe.Frame] role=Client cadence dFrame1=40 dFrame0=0 dFrameGt1=80 discont=0 numSteps total=120 max=1 gt1=0
LogOGDivergenceProbe: Warning: [Warning][DivergenceProbe.Window] class=LocallyPredicted corrections=60 disagreed=60 ratePerMille=1000 windowSamples=120
LogOGDivergenceProbe: Warning: [Warning][DivergenceProbe.Window] class=RemoteProxy corrections=60 disagreed=60 ratePerMille=1000 windowSamples=120
LogOGRelayProbe: Warning: [Warning][RelayProbe.Arrival] samples=120 gapCaptureTicks p50=1 p99=2 max=2 noAdvance=0 saturated=0 lostCaptureTicksX1000=0 lost=0 delivered=178 expected=178 discont=0 discontMax=0
LogOGResimProbe: Warning: [Warning][ResimProbe.Landing] class=LocallyPredicted behind=60 atFrontier=0 discarded=0 atFrontierPerMille=0 windowSamples=120
LogOGResimProbe: Warning: [Warning][ResimProbe.Landing] class=RemoteProxy behind=60 atFrontier=0 discarded=0 atFrontierPerMille=0 windowSamples=120
LogOGResimProbe: Warning: [Warning][ResimProbe.Gate] checks=120 declined=20 requested=100 requestedPerMille=833 deepSkips=0 survivingAnchors=0
LogOGResimProbe: Warning: [Warning][ResimProbe.Chaos] requests=101 grants=101 refused=0 refusedPerMille=0 repeat=0 clamped=0 depthMin=2 depthMax=3
LogOGResimProbe: Warning: [Warning][ResimProbe.Apply] prepares=101 finishes=101 abandoned=0 stuck=0 replayTicks=396 replayOverruns=0 freshProtects=20 staleProtects=0
LogOGRelayProbe: Warning: [Warning][RelayProbe.Read] window=[4019,4139] src=Prediction hit=120 miss=0 verifyFail=0 rung0=0 total=120
LogOGRelayProbe: Warning: [Warning][RelayProbe.Read] window=[4019,4139] src=Resim hit=383 miss=0 verifyFail=0 rung0=0 total=383
LogOGRelayProbe: Warning: [Warning][RelayProbe.Delta] window=[4019,4139] src=Prediction n=120 p10=-6 p50=-5 p90=-4 min=-7 max=-4 satLow=0 satHigh=0
LogOGRelayProbe: Warning: [Warning][RelayProbe.Delta] window=[4019,4139] src=Resim n=383 p10=-8 p50=-7 p90=-5 min=-10 max=-4 satLow=0 satHigh=0
LogOGDivergenceProbe: Warning: [Warning][DivergenceProbe.Window] class=LocallyPredicted corrections=60 disagreed=60 ratePerMille=1000 windowSamples=120
LogOGDivergenceProbe: Warning: [Warning][DivergenceProbe.Window] class=RemoteProxy corrections=60 disagreed=60 ratePerMille=1000 windowSamples=120
LogOGResimProbe: Warning: [Warning][ResimProbe.Frame] role=Client simTicks=120 frames=200 meanTicksPerFrameX100=60 p50=1 p99=1 max=1 meanFrameUs=10000
LogOGResimProbe: Warning: [Warning][ResimProbe.Frame] role=Client cadence dFrame1=40 dFrame0=0 dFrameGt1=80 discont=0 numSteps total=120 max=1 gt1=0
LogOGResimProbe: Warning: [Warning][ResimProbe.Landing] class=LocallyPredicted behind=60 atFrontier=0 discarded=0 atFrontierPerMille=0 windowSamples=120
LogOGResimProbe: Warning: [Warning][ResimProbe.Landing] class=RemoteProxy behind=60 atFrontier=0 discarded=0 atFrontierPerMille=0 windowSamples=120
LogOGResimProbe: Warning: [Warning][ResimProbe.Gate] checks=120 declined=10 requested=110 requestedPerMille=917 deepSkips=0 survivingAnchors=0
LogOGResimProbe: Warning: [Warning][ResimProbe.Chaos] requests=109 grants=107 refused=2 refusedPerMille=18 repeat=2 clamped=0 depthMin=2 depthMax=4
LogOGResimProbe: Warning: [Warning][ResimProbe.Apply] prepares=107 finishes=107 abandoned=0 stuck=0 replayTicks=410 replayOverruns=0 freshProtects=11 staleProtects=0
LogOGRelayProbe: Warning: [Warning][RelayProbe.Read] window=[4139,4259] src=Prediction hit=120 miss=0 verifyFail=0 rung0=0 total=120
LogOGRelayProbe: Warning: [Warning][RelayProbe.Read] window=[4139,4259] src=Resim hit=408 miss=0 verifyFail=0 rung0=0 total=408
LogOGRelayProbe: Warning: [Warning][RelayProbe.Delta] window=[4139,4259] src=Prediction n=120 p10=-6 p50=-5 p90=-4 min=-6 max=-4 satLow=0 satHigh=0
LogOGRelayProbe: Warning: [Warning][RelayProbe.Delta] window=[4139,4259] src=Resim n=408 p10=-8 p50=-6 p90=-5 min=-9 max=-4 satLow=0 satHigh=0
LogOGDivergenceProbe: Warning: [Warning][DivergenceProbe.Window] class=LocallyPredicted corrections=60 disagreed=60 ratePerMille=1000 windowSamples=120
LogOGDivergenceProbe: Warning: [Warning][DivergenceProbe.Window] class=RemoteProxy corrections=60 disagreed=60 ratePerMille=1000 windowSamples=120
LogOGResimProbe: Warning: [Warning][ResimProbe.Frame] role=Client simTicks=120 frames=200 meanTicksPerFrameX100=60 p50=1 p99=1 max=1 meanFrameUs=9999
LogOGResimProbe: Warning: [Warning][ResimProbe.Frame] role=Client cadence dFrame1=40 dFrame0=0 dFrameGt1=80 discont=0 numSteps total=120 max=1 gt1=0
LogOGRelayProbe: Warning: [Warning][RelayProbe.Arrival] samples=120 gapCaptureTicks p50=1 p99=3 max=3 noAdvance=0 saturated=0 lostCaptureTicksX1000=0 lost=0 delivered=177 expected=177 discont=0 discontMax=0
LogOGResimProbe: Warning: [Warning][ResimProbe.Landing] class=LocallyPredicted behind=60 atFrontier=0 discarded=0 atFrontierPerMille=0 windowSamples=120
LogOGResimProbe: Warning: [Warning][ResimProbe.Landing] class=RemoteProxy behind=60 atFrontier=0 discarded=0 atFrontierPerMille=0 windowSamples=120
LogOGResimProbe: Warning: [Warning][ResimProbe.Gate] checks=120 declined=1 requested=119 requestedPerMille=992 deepSkips=0 survivingAnchors=0
LogOGResimProbe: Warning: [Warning][ResimProbe.Chaos] requests=119 grants=119 refused=0 refusedPerMille=0 repeat=0 clamped=0 depthMin=3 depthMax=3
LogOGResimProbe: Warning: [Warning][ResimProbe.Apply] prepares=119 finishes=119 abandoned=0 stuck=0 replayTicks=476 replayOverruns=0 freshProtects=1 staleProtects=0
LogOGRelayProbe: Warning: [Warning][RelayProbe.Read] window=[4259,4379] src=Prediction hit=120 miss=0 verifyFail=0 rung0=0 total=120
LogOGRelayProbe: Warning: [Warning][RelayProbe.Read] window=[4259,4379] src=Resim hit=476 miss=0 verifyFail=0 rung0=0 total=476
LogOGRelayProbe: Warning: [Warning][RelayProbe.Delta] window=[4259,4379] src=Prediction n=120 p10=-6 p50=-5 p90=-5 min=-6 max=-4 satLow=0 satHigh=0
LogOGRelayProbe: Warning: [Warning][RelayProbe.Delta] window=[4259,4379] src=Resim n=476 p10=-8 p50=-7 p90=-5 min=-9 max=-4 satLow=0 satHigh=0
LogOGDivergenceProbe: Warning: [Warning][DivergenceProbe.Window] class=LocallyPredicted corrections=60 disagreed=60 ratePerMille=1000 windowSamples=120
LogOGDivergenceProbe: Warning: [Warning][DivergenceProbe.Window] class=RemoteProxy corrections=60 disagreed=60 ratePerMille=1000 windowSamples=120
LogOGResimProbe: Warning: [Warning][ResimProbe.Frame] role=Client simTicks=120 frames=200 meanTicksPerFrameX100=60 p50=1 p99=1 max=1 meanFrameUs=10001
LogOGResimProbe: Warning: [Warning][ResimProbe.Frame] role=Client cadence dFrame1=40 dFrame0=0 dFrameGt1=80 discont=0 numSteps total=120 max=1 gt1=0
LogOGRelayProbe: Warning: [Warning][RelayProbe.Arrival] samples=120 gapCaptureTicks p50=1 p99=2 max=2 noAdvance=0 saturated=0 lostCaptureTicksX1000=0 lost=0 delivered=176 expected=176 discont=0 discontMax=0
LogOGResimProbe: Warning: [Warning][ResimProbe.Landing] class=LocallyPredicted behind=60 atFrontier=0 discarded=0 atFrontierPerMille=0 windowSamples=120
LogOGResimProbe: Warning: [Warning][ResimProbe.Landing] class=RemoteProxy behind=60 atFrontier=0 discarded=0 atFrontierPerMille=0 windowSamples=120
LogOGResimProbe: Warning: [Warning][ResimProbe.Gate] checks=120 declined=11 requested=109 requestedPerMille=908 deepSkips=0 survivingAnchors=0
LogOGResimProbe: Warning: [Warning][ResimProbe.Chaos] requests=110 grants=102 refused=8 refusedPerMille=73 repeat=8 clamped=0 depthMin=2 depthMax=4
LogOGResimProbe: Warning: [Warning][ResimProbe.Apply] prepares=102 finishes=102 abandoned=0 stuck=0 replayTicks=404 replayOverruns=0 freshProtects=15 staleProtects=0
LogOGRelayProbe: Warning: [Warning][RelayProbe.Read] window=[4379,4499] src=Prediction hit=120 miss=0 verifyFail=0 rung0=0 total=120
LogOGRelayProbe: Warning: [Warning][RelayProbe.Read] window=[4379,4499] src=Resim hit=393 miss=0 verifyFail=0 rung0=0 total=393
LogOGRelayProbe: Warning: [Warning][RelayProbe.Delta] window=[4379,4499] src=Prediction n=120 p10=-6 p50=-5 p90=-4 min=-7 max=-4 satLow=0 satHigh=0
LogOGRelayProbe: Warning: [Warning][RelayProbe.Delta] window=[4379,4499] src=Resim n=393 p10=-8 p50=-7 p90=-5 min=-10 max=-4 satLow=0 satHigh=0
LogOGDivergenceProbe: Warning: [Warning][DivergenceProbe.Window] class=LocallyPredicted corrections=60 disagreed=60 ratePerMille=1000 windowSamples=120
LogOGDivergenceProbe: Warning: [Warning][DivergenceProbe.Window] class=RemoteProxy corrections=60 disagreed=60 ratePerMille=1000 windowSamples=120
LogOGResimProbe: Warning: [Warning][ResimProbe.Frame] role=Client simTicks=120 frames=200 meanTicksPerFrameX100=60 p50=1 p99=1 max=1 meanFrameUs=10001
LogOGResimProbe: Warning: [Warning][ResimProbe.Frame] role=Client cadence dFrame1=40 dFrame0=0 dFrameGt1=80 discont=0 numSteps total=120 max=1 gt1=0
LogOGResimProbe: Warning: [Warning][ResimProbe.Landing] class=LocallyPredicted behind=60 atFrontier=0 discarded=0 atFrontierPerMille=0 windowSamples=120
LogOGResimProbe: Warning: [Warning][ResimProbe.Landing] class=RemoteProxy behind=60 atFrontier=0 discarded=0 atFrontierPerMille=0 windowSamples=120
LogOGResimProbe: Warning: [Warning][ResimProbe.Gate] checks=120 declined=25 requested=95 requestedPerMille=792 deepSkips=0 survivingAnchors=0
LogOGResimProbe: Warning: [Warning][ResimProbe.Chaos] requests=94 grants=92 refused=2 refusedPerMille=21 repeat=2 clamped=0 depthMin=2 depthMax=4
LogOGResimProbe: Warning: [Warning][ResimProbe.Apply] prepares=92 finishes=92 abandoned=0 stuck=0 replayTicks=351 replayOverruns=0 freshProtects=27 staleProtects=0
LogOGDivergenceProbe: Warning: [Warning][DivergenceProbe.Window] class=LocallyPredicted corrections=60 disagreed=60 ratePerMille=1000 windowSamples=120
LogOGDivergenceProbe: Warning: [Warning][DivergenceProbe.Window] class=RemoteProxy corrections=60 disagreed=60 ratePerMille=1000 windowSamples=120
LogOGRelayProbe: Warning: [Warning][RelayProbe.Read] window=[4499,4619] src=Prediction hit=120 miss=0 verifyFail=0 rung0=0 total=120
LogOGRelayProbe: Warning: [Warning][RelayProbe.Read] window=[4499,4619] src=Resim hit=339 miss=0 verifyFail=0 rung0=0 total=339
LogOGRelayProbe: Warning: [Warning][RelayProbe.Delta] window=[4499,4619] src=Prediction n=120 p10=-6 p50=-5 p90=-4 min=-7 max=-4 satLow=0 satHigh=0
LogOGRelayProbe: Warning: [Warning][RelayProbe.Delta] window=[4499,4619] src=Resim n=339 p10=-8 p50=-7 p90=-5 min=-10 max=-4 satLow=0 satHigh=0
LogOGResimProbe: Warning: [Warning][ResimProbe.Frame] role=Client simTicks=120 frames=200 meanTicksPerFrameX100=60 p50=1 p99=1 max=1 meanFrameUs=10000
LogOGResimProbe: Warning: [Warning][ResimProbe.Frame] role=Client cadence dFrame1=40 dFrame0=0 dFrameGt1=80 discont=0 numSteps total=120 max=1 gt1=0
LogOGRelayProbe: Warning: [Warning][RelayProbe.Arrival] samples=120 gapCaptureTicks p50=1 p99=2 max=3 noAdvance=0 saturated=0 lostCaptureTicksX1000=0 lost=0 delivered=181 expected=181 discont=0 discontMax=0
LogOGResimProbe: Warning: [Warning][ResimProbe.Landing] class=LocallyPredicted behind=60 atFrontier=0 discarded=0 atFrontierPerMille=0 windowSamples=120
LogOGResimProbe: Warning: [Warning][ResimProbe.Landing] class=RemoteProxy behind=60 atFrontier=0 discarded=0 atFrontierPerMille=0 windowSamples=120
LogOGResimProbe: Warning: [Warning][ResimProbe.Gate] checks=120 declined=5 requested=115 requestedPerMille=958 deepSkips=0 survivingAnchors=0
LogOGResimProbe: Warning: [Warning][ResimProbe.Chaos] requests=115 grants=113 refused=2 refusedPerMille=17 repeat=2 clamped=0 depthMin=2 depthMax=4
LogOGResimProbe: Warning: [Warning][ResimProbe.Apply] prepares=113 finishes=113 abandoned=0 stuck=0 replayTicks=437 replayOverruns=0 freshProtects=6 staleProtects=0
LogOGDivergenceProbe: Warning: [Warning][DivergenceProbe.Window] class=LocallyPredicted corrections=60 disagreed=60 ratePerMille=1000 windowSamples=120
LogOGDivergenceProbe: Warning: [Warning][DivergenceProbe.Window] class=RemoteProxy corrections=60 disagreed=60 ratePerMille=1000 windowSamples=120
LogOGRelayProbe: Warning: [Warning][RelayProbe.Read] window=[4619,4739] src=Prediction hit=120 miss=0 verifyFail=0 rung0=0 total=120
LogOGRelayProbe: Warning: [Warning][RelayProbe.Read] window=[4619,4739] src=Resim hit=433 miss=0 verifyFail=0 rung0=0 total=433
LogOGRelayProbe: Warning: [Warning][RelayProbe.Delta] window=[4619,4739] src=Prediction n=120 p10=-6 p50=-5 p90=-4 min=-6 max=-4 satLow=0 satHigh=0
LogOGRelayProbe: Warning: [Warning][RelayProbe.Delta] window=[4619,4739] src=Resim n=433 p10=-8 p50=-6 p90=-5 min=-9 max=-4 satLow=0 satHigh=0
LogOGResimProbe: Warning: [Warning][ResimProbe.Frame] role=Client simTicks=120 frames=200 meanTicksPerFrameX100=60 p50=1 p99=1 max=1 meanFrameUs=10000
LogOGResimProbe: Warning: [Warning][ResimProbe.Frame] role=Client cadence dFrame1=40 dFrame0=0 dFrameGt1=80 discont=0 numSteps total=120 max=1 gt1=0
LogOGRelayProbe: Warning: [Warning][RelayProbe.Arrival] samples=120 gapCaptureTicks p50=1 p99=2 max=2 noAdvance=0 saturated=0 lostCaptureTicksX1000=0 lost=0 delivered=179 expected=179 discont=0 discontMax=0
LogOGResimProbe: Warning: [Warning][ResimProbe.Landing] class=LocallyPredicted behind=60 atFrontier=0 discarded=0 atFrontierPerMille=0 windowSamples=120
LogOGResimProbe: Warning: [Warning][ResimProbe.Landing] class=RemoteProxy behind=60 atFrontier=0 discarded=0 atFrontierPerMille=0 windowSamples=120
LogOGDivergenceProbe: Warning: [Warning][DivergenceProbe.Window] class=LocallyPredicted corrections=60 disagreed=60 ratePerMille=1000 windowSamples=120
LogOGDivergenceProbe: Warning: [Warning][DivergenceProbe.Window] class=RemoteProxy corrections=60 disagreed=60 ratePerMille=1000 windowSamples=120
LogOGResimProbe: Warning: [Warning][ResimProbe.Gate] checks=120 declined=15 requested=105 requestedPerMille=875 deepSkips=0 survivingAnchors=0
LogOGResimProbe: Warning: [Warning][ResimProbe.Chaos] requests=106 grants=104 refused=2 refusedPerMille=19 repeat=2 clamped=0 depthMin=2 depthMax=4
LogOGResimProbe: Warning: [Warning][ResimProbe.Apply] prepares=104 finishes=104 abandoned=0 stuck=0 replayTicks=414 replayOverruns=0 freshProtects=17 staleProtects=0
LogOGRelayProbe: Warning: [Warning][RelayProbe.Read] window=[4739,4859] src=Prediction hit=120 miss=0 verifyFail=0 rung0=0 total=120
LogOGRelayProbe: Warning: [Warning][RelayProbe.Read] window=[4739,4859] src=Resim hit=403 miss=0 verifyFail=0 rung0=0 total=403
LogOGRelayProbe: Warning: [Warning][RelayProbe.Delta] window=[4739,4859] src=Prediction n=120 p10=-6 p50=-5 p90=-4 min=-7 max=-4 satLow=0 satHigh=0
LogOGRelayProbe: Warning: [Warning][RelayProbe.Delta] window=[4739,4859] src=Resim n=403 p10=-8 p50=-6 p90=-5 min=-10 max=-4 satLow=0 satHigh=0
LogOGResimProbe: Warning: [Warning][ResimProbe.Frame] role=Client simTicks=120 frames=200 meanTicksPerFrameX100=60 p50=1 p99=1 max=1 meanFrameUs=10000
LogOGResimProbe: Warning: [Warning][ResimProbe.Frame] role=Client cadence dFrame1=40 dFrame0=0 dFrameGt1=80 discont=0 numSteps total=120 max=1 gt1=0
LogOGResimProbe: Warning: [Warning][ResimProbe.Landing] class=LocallyPredicted behind=58 atFrontier=1 discarded=1 atFrontierPerMille=17 windowSamples=120
LogOGResimProbe: Warning: [Warning][ResimProbe.Landing] class=RemoteProxy behind=59 atFrontier=0 discarded=1 atFrontierPerMille=0 windowSamples=120
LogOGResimProbe: Warning: [Warning][ResimProbe.Gate] checks=120 declined=22 requested=98 requestedPerMille=817 deepSkips=0 survivingAnchors=0
LogOGResimProbe: Warning: [Warning][ResimProbe.Chaos] requests=97 grants=95 refused=2 refusedPerMille=21 repeat=2 clamped=0 depthMin=1 depthMax=5
LogOGResimProbe: Warning: [Warning][ResimProbe.Apply] prepares=95 finishes=95 abandoned=0 stuck=0 replayTicks=407 replayOverruns=0 freshProtects=18 staleProtects=0
LogOGRelayProbe: Warning: [Warning][RelayProbe.Read] window=[4859,4979] src=Prediction hit=117 miss=3 verifyFail=0 rung0=0 total=120
LogOGRelayProbe: Warning: [Warning][RelayProbe.Read] window=[4859,4979] src=Resim hit=395 miss=8 verifyFail=0 rung0=0 total=403
LogOGRelayProbe: Warning: [Warning][RelayProbe.Miss] window=[4859,4979] src=Prediction inSpan=3 aboveNewest=0 belowOldest=0 noProbeTick=0 miss=3
LogOGRelayProbe: Warning: [Warning][RelayProbe.Miss] window=[4859,4979] src=Resim inSpan=8 aboveNewest=0 belowOldest=0 noProbeTick=0 miss=8
LogOGRelayProbe: Warning: [Warning][RelayProbe.Delta] window=[4859,4979] src=Prediction n=120 p10=-6 p50=-5 p90=-4 min=-6 max=-1 satLow=0 satHigh=0
LogOGRelayProbe: Warning: [Warning][RelayProbe.Delta] window=[4859,4979] src=Resim n=403 p10=-8 p50=-7 p90=-5 min=-10 max=-4 satLow=0 satHigh=0
LogOGRelayProbe: Warning: [Warning][RelayProbe.Stale] window=[4859,4979] maxConsecutiveFallbackRun=3 id=28414
LogOGDivergenceProbe: Warning: [Warning][DivergenceProbe.Window] class=LocallyPredicted corrections=60 disagreed=60 ratePerMille=1000 windowSamples=120
LogOGDivergenceProbe: Warning: [Warning][DivergenceProbe.Window] class=RemoteProxy corrections=60 disagreed=60 ratePerMille=1000 windowSamples=120
LogOGResimProbe: Warning: [Warning][ResimProbe.Frame] role=Client simTicks=124 frames=197 meanTicksPerFrameX100=62 p50=1 p99=5 max=5 meanFrameUs=10441
LogOGResimProbe: Warning: [Warning][ResimProbe.Frame] role=Client cadence dFrame1=43 dFrame0=0 dFrameGt1=77 discont=0 numSteps total=124 max=5 gt1=1
LogOGRelayProbe: Warning: [Warning][RelayProbe.Arrival] samples=120 gapCaptureTicks p50=1 p99=3 max=6 noAdvance=0 saturated=0 lostCaptureTicksX1000=16 lost=3 delivered=181 expected=184 discont=0 discontMax=0
LogOGResimProbe: Warning: [Warning][ResimProbe.Landing] class=LocallyPredicted behind=60 atFrontier=0 discarded=0 atFrontierPerMille=0 windowSamples=120
LogOGResimProbe: Warning: [Warning][ResimProbe.Landing] class=RemoteProxy behind=60 atFrontier=0 discarded=0 atFrontierPerMille=0 windowSamples=120
LogOGResimProbe: Warning: [Warning][ResimProbe.Gate] checks=120 declined=11 requested=109 requestedPerMille=908 deepSkips=0 survivingAnchors=0
LogOGResimProbe: Warning: [Warning][ResimProbe.Chaos] requests=109 grants=109 refused=0 refusedPerMille=0 repeat=0 clamped=0 depthMin=3 depthMax=4
LogOGResimProbe: Warning: [Warning][ResimProbe.Apply] prepares=109 finishes=109 abandoned=0 stuck=0 replayTicks=447 replayOverruns=0 freshProtects=11 staleProtects=0
LogOGRelayProbe: Warning: [Warning][RelayProbe.Read] window=[4979,5099] src=Prediction hit=120 miss=0 verifyFail=0 rung0=0 total=120
LogOGRelayProbe: Warning: [Warning][RelayProbe.Read] window=[4979,5099] src=Resim hit=442 miss=0 verifyFail=0 rung0=0 total=442
LogOGRelayProbe: Warning: [Warning][RelayProbe.Delta] window=[4979,5099] src=Prediction n=120 p10=-5 p50=-5 p90=-4 min=-6 max=-4 satLow=0 satHigh=0
LogOGRelayProbe: Warning: [Warning][RelayProbe.Delta] window=[4979,5099] src=Resim n=442 p10=-8 p50=-6 p90=-5 min=-10 max=-4 satLow=0 satHigh=0
LogOGDivergenceProbe: Warning: [Warning][DivergenceProbe.Window] class=LocallyPredicted corrections=60 disagreed=60 ratePerMille=1000 windowSamples=120
LogOGDivergenceProbe: Warning: [Warning][DivergenceProbe.Window] class=RemoteProxy corrections=60 disagreed=60 ratePerMille=1000 windowSamples=120
LogOGResimProbe: Warning: [Warning][ResimProbe.Frame] role=Client simTicks=120 frames=200 meanTicksPerFrameX100=60 p50=1 p99=1 max=1 meanFrameUs=9999
LogOGResimProbe: Warning: [Warning][ResimProbe.Frame] role=Client cadence dFrame1=40 dFrame0=0 dFrameGt1=80 discont=0 numSteps total=120 max=1 gt1=0
LogOGRelayProbe: Warning: [Warning][RelayProbe.Arrival] samples=120 gapCaptureTicks p50=1 p99=2 max=3 noAdvance=0 saturated=0 lostCaptureTicksX1000=0 lost=0 delivered=181 expected=181 discont=0 discontMax=0
LogOGResimProbe: Warning: [Warning][ResimProbe.Landing] class=LocallyPredicted behind=60 atFrontier=0 discarded=0 atFrontierPerMille=0 windowSamples=120
LogOGResimProbe: Warning: [Warning][ResimProbe.Landing] class=RemoteProxy behind=60 atFrontier=0 discarded=0 atFrontierPerMille=0 windowSamples=120
LogOGResimProbe: Warning: [Warning][ResimProbe.Gate] checks=120 declined=30 requested=90 requestedPerMille=750 deepSkips=0 survivingAnchors=0
LogOGResimProbe: Warning: [Warning][ResimProbe.Chaos] requests=90 grants=90 refused=0 refusedPerMille=0 repeat=0 clamped=0 depthMin=3 depthMax=4
LogOGResimProbe: Warning: [Warning][ResimProbe.Apply] prepares=90 finishes=90 abandoned=0 stuck=0 replayTicks=410 replayOverruns=0 freshProtects=29 staleProtects=0
LogOGRelayProbe: Warning: [Warning][RelayProbe.Read] window=[5099,5219] src=Prediction hit=120 miss=0 verifyFail=0 rung0=0 total=120
LogOGRelayProbe: Warning: [Warning][RelayProbe.Read] window=[5099,5219] src=Resim hit=397 miss=0 verifyFail=0 rung0=0 total=397
LogOGRelayProbe: Warning: [Warning][RelayProbe.Delta] window=[5099,5219] src=Prediction n=120 p10=-5 p50=-4 p90=-4 min=-6 max=-4 satLow=0 satHigh=0
LogOGRelayProbe: Warning: [Warning][RelayProbe.Delta] window=[5099,5219] src=Resim n=397 p10=-8 p50=-6 p90=-5 min=-10 max=-4 satLow=0 satHigh=0
LogOGDivergenceProbe: Warning: [Warning][DivergenceProbe.Window] class=LocallyPredicted corrections=60 disagreed=60 ratePerMille=1000 windowSamples=120
LogOGDivergenceProbe: Warning: [Warning][DivergenceProbe.Window] class=RemoteProxy corrections=60 disagreed=60 ratePerMille=1000 windowSamples=120
LogOGResimProbe: Warning: [Warning][ResimProbe.Frame] role=Client simTicks=120 frames=200 meanTicksPerFrameX100=60 p50=1 p99=1 max=1 meanFrameUs=10000
LogOGResimProbe: Warning: [Warning][ResimProbe.Frame] role=Client cadence dFrame1=40 dFrame0=0 dFrameGt1=80 discont=0 numSteps total=120 max=1 gt1=0
LogOGResimProbe: Warning: [Warning][ResimProbe.Landing] class=LocallyPredicted behind=60 atFrontier=0 discarded=0 atFrontierPerMille=0 windowSamples=120
LogOGResimProbe: Warning: [Warning][ResimProbe.Landing] class=RemoteProxy behind=60 atFrontier=0 discarded=0 atFrontierPerMille=0 windowSamples=120
LogOGResimProbe: Warning: [Warning][ResimProbe.Gate] checks=120 declined=37 requested=83 requestedPerMille=692 deepSkips=0 survivingAnchors=0
LogOGResimProbe: Warning: [Warning][ResimProbe.Chaos] requests=83 grants=83 refused=0 refusedPerMille=0 repeat=0 clamped=0 depthMin=3 depthMax=4
LogOGResimProbe: Warning: [Warning][ResimProbe.Apply] prepares=83 finishes=83 abandoned=0 stuck=0 replayTicks=387 replayOverruns=0 freshProtects=36 staleProtects=0
LogOGRelayProbe: Warning: [Warning][RelayProbe.Read] window=[5219,5339] src=Prediction hit=120 miss=0 verifyFail=0 rung0=0 total=120
LogOGRelayProbe: Warning: [Warning][RelayProbe.Read] window=[5219,5339] src=Resim hit=370 miss=0 verifyFail=0 rung0=0 total=370
LogOGRelayProbe: Warning: [Warning][RelayProbe.Delta] window=[5219,5339] src=Prediction n=120 p10=-5 p50=-4 p90=-4 min=-6 max=-4 satLow=0 satHigh=0
LogOGRelayProbe: Warning: [Warning][RelayProbe.Delta] window=[5219,5339] src=Resim n=370 p10=-8 p50=-6 p90=-5 min=-10 max=-4 satLow=0 satHigh=0
LogOGDivergenceProbe: Warning: [Warning][DivergenceProbe.Window] class=LocallyPredicted corrections=60 disagreed=60 ratePerMille=1000 windowSamples=120
LogOGDivergenceProbe: Warning: [Warning][DivergenceProbe.Window] class=RemoteProxy corrections=60 disagreed=60 ratePerMille=1000 windowSamples=120
LogOGResimProbe: Warning: [Warning][ResimProbe.Frame] role=Client simTicks=120 frames=200 meanTicksPerFrameX100=60 p50=1 p99=1 max=1 meanFrameUs=9999
LogOGResimProbe: Warning: [Warning][ResimProbe.Frame] role=Client cadence dFrame1=40 dFrame0=0 dFrameGt1=80 discont=0 numSteps total=120 max=1 gt1=0
LogOGRelayProbe: Warning: [Warning][RelayProbe.Arrival] samples=120 gapCaptureTicks p50=1 p99=2 max=2 noAdvance=0 saturated=0 lostCaptureTicksX1000=0 lost=0 delivered=178 expected=178 discont=0 discontMax=0
LogOGResimProbe: Warning: [Warning][ResimProbe.Landing] class=LocallyPredicted behind=60 atFrontier=0 discarded=0 atFrontierPerMille=0 windowSamples=120
LogOGResimProbe: Warning: [Warning][ResimProbe.Landing] class=RemoteProxy behind=60 atFrontier=0 discarded=0 atFrontierPerMille=0 windowSamples=120
LogOGResimProbe: Warning: [Warning][ResimProbe.Gate] checks=120 declined=8 requested=112 requestedPerMille=933 deepSkips=0 survivingAnchors=0
LogOGResimProbe: Warning: [Warning][ResimProbe.Chaos] requests=112 grants=112 refused=0 refusedPerMille=0 repeat=0 clamped=0 depthMin=3 depthMax=4
LogOGResimProbe: Warning: [Warning][ResimProbe.Apply] prepares=112 finishes=112 abandoned=0 stuck=0 replayTicks=457 replayOverruns=0 freshProtects=9 staleProtects=0
LogOGRelayProbe: Warning: [Warning][RelayProbe.Read] window=[5339,5459] src=Prediction hit=120 miss=0 verifyFail=0 rung0=0 total=120
LogOGRelayProbe: Warning: [Warning][RelayProbe.Read] window=[5339,5459] src=Resim hit=452 miss=0 verifyFail=0 rung0=0 total=452
LogOGRelayProbe: Warning: [Warning][RelayProbe.Delta] window=[5339,5459] src=Prediction n=120 p10=-6 p50=-5 p90=-4 min=-6 max=-4 satLow=0 satHigh=0
LogOGRelayProbe: Warning: [Warning][RelayProbe.Delta] window=[5339,5459] src=Resim n=452 p10=-8 p50=-6 p90=-5 min=-9 max=-4 satLow=0 satHigh=0
LogOGDivergenceProbe: Warning: [Warning][DivergenceProbe.Window] class=LocallyPredicted corrections=60 disagreed=60 ratePerMille=1000 windowSamples=120
LogOGDivergenceProbe: Warning: [Warning][DivergenceProbe.Window] class=RemoteProxy corrections=60 disagreed=60 ratePerMille=1000 windowSamples=120
LogOGResimProbe: Warning: [Warning][ResimProbe.Frame] role=Client simTicks=120 frames=200 meanTicksPerFrameX100=60 p50=1 p99=1 max=1 meanFrameUs=10000
LogOGResimProbe: Warning: [Warning][ResimProbe.Frame] role=Client cadence dFrame1=40 dFrame0=0 dFrameGt1=80 discont=0 numSteps total=120 max=1 gt1=0
LogOGRelayProbe: Warning: [Warning][RelayProbe.Arrival] samples=120 gapCaptureTicks p50=1 p99=3 max=3 noAdvance=0 saturated=0 lostCaptureTicksX1000=0 lost=0 delivered=183 expected=183 discont=0 discontMax=0
LogOGResimProbe: Warning: [Warning][ResimProbe.Landing] class=LocallyPredicted behind=60 atFrontier=0 discarded=0 atFrontierPerMille=0 windowSamples=120
LogOGResimProbe: Warning: [Warning][ResimProbe.Landing] class=RemoteProxy behind=60 atFrontier=0 discarded=0 atFrontierPerMille=0 windowSamples=120
LogOGResimProbe: Warning: [Warning][ResimProbe.Gate] checks=120 declined=2 requested=118 requestedPerMille=983 deepSkips=0 survivingAnchors=0
LogOGResimProbe: Warning: [Warning][ResimProbe.Chaos] requests=118 grants=118 refused=0 refusedPerMille=0 repeat=0 clamped=0 depthMin=3 depthMax=4
LogOGResimProbe: Warning: [Warning][ResimProbe.Apply] prepares=118 finishes=118 abandoned=0 stuck=0 replayTicks=474 replayOverruns=0 freshProtects=2 staleProtects=0
LogOGRelayProbe: Warning: [Warning][RelayProbe.Read] window=[5459,5579] src=Prediction hit=120 miss=0 verifyFail=0 rung0=0 total=120
LogOGRelayProbe: Warning: [Warning][RelayProbe.Read] window=[5459,5579] src=Resim hit=473 miss=0 verifyFail=0 rung0=0 total=473
LogOGRelayProbe: Warning: [Warning][RelayProbe.Delta] window=[5459,5579] src=Prediction n=120 p10=-6 p50=-5 p90=-4 min=-6 max=-4 satLow=0 satHigh=0
LogOGRelayProbe: Warning: [Warning][RelayProbe.Delta] window=[5459,5579] src=Resim n=473 p10=-8 p50=-6 p90=-5 min=-9 max=-4 satLow=0 satHigh=0
LogOGDivergenceProbe: Warning: [Warning][DivergenceProbe.Window] class=LocallyPredicted corrections=60 disagreed=60 ratePerMille=1000 windowSamples=120
LogOGDivergenceProbe: Warning: [Warning][DivergenceProbe.Window] class=RemoteProxy corrections=60 disagreed=60 ratePerMille=1000 windowSamples=120
LogOGResimProbe: Warning: [Warning][ResimProbe.Frame] role=Client simTicks=120 frames=200 meanTicksPerFrameX100=60 p50=1 p99=1 max=1 meanFrameUs=10000
LogOGResimProbe: Warning: [Warning][ResimProbe.Frame] role=Client cadence dFrame1=40 dFrame0=0 dFrameGt1=80 discont=0 numSteps total=120 max=1 gt1=0
LogOGResimProbe: Warning: [Warning][ResimProbe.Landing] class=LocallyPredicted behind=60 atFrontier=0 discarded=0 atFrontierPerMille=0 windowSamples=120
LogOGResimProbe: Warning: [Warning][ResimProbe.Landing] class=RemoteProxy behind=60 atFrontier=0 discarded=0 atFrontierPerMille=0 windowSamples=120
LogOGResimProbe: Warning: [Warning][ResimProbe.Gate] checks=120 declined=0 requested=120 requestedPerMille=1000 deepSkips=0 survivingAnchors=0
LogOGResimProbe: Warning: [Warning][ResimProbe.Chaos] requests=120 grants=120 refused=0 refusedPerMille=0 repeat=0 clamped=0 depthMin=3 depthMax=3
LogOGResimProbe: Warning: [Warning][ResimProbe.Apply] prepares=120 finishes=120 abandoned=0 stuck=0 replayTicks=480 replayOverruns=0 freshProtects=0 staleProtects=0
LogOGRelayProbe: Warning: [Warning][RelayProbe.Read] window=[5579,5699] src=Prediction hit=120 miss=0 verifyFail=0 rung0=0 total=120
LogOGRelayProbe: Warning: [Warning][RelayProbe.Read] window=[5579,5699] src=Resim hit=480 miss=0 verifyFail=0 rung0=0 total=480
LogOGRelayProbe: Warning: [Warning][RelayProbe.Delta] window=[5579,5699] src=Prediction n=120 p10=-6 p50=-5 p90=-4 min=-6 max=-4 satLow=0 satHigh=0
LogOGRelayProbe: Warning: [Warning][RelayProbe.Delta] window=[5579,5699] src=Resim n=480 p10=-8 p50=-6 p90=-5 min=-9 max=-4 satLow=0 satHigh=0
LogOGDivergenceProbe: Warning: [Warning][DivergenceProbe.Window] class=LocallyPredicted corrections=60 disagreed=60 ratePerMille=1000 windowSamples=120
LogOGDivergenceProbe: Warning: [Warning][DivergenceProbe.Window] class=RemoteProxy corrections=60 disagreed=60 ratePerMille=1000 windowSamples=120
LogOGResimProbe: Warning: [Warning][ResimProbe.Frame] role=Client simTicks=120 frames=200 meanTicksPerFrameX100=60 p50=1 p99=1 max=1 meanFrameUs=10000
LogOGResimProbe: Warning: [Warning][ResimProbe.Frame] role=Client cadence dFrame1=40 dFrame0=0 dFrameGt1=80 discont=0 numSteps total=120 max=1 gt1=0
LogOGRelayProbe: Warning: [Warning][RelayProbe.Arrival] samples=120 gapCaptureTicks p50=2 p99=3 max=3 noAdvance=0 saturated=0 lostCaptureTicksX1000=0 lost=0 delivered=188 expected=188 discont=0 discontMax=0
LogOGResimProbe: Warning: [Warning][ResimProbe.Landing] class=LocallyPredicted behind=60 atFrontier=0 discarded=0 atFrontierPerMille=0 windowSamples=120
LogOGResimProbe: Warning: [Warning][ResimProbe.Landing] class=RemoteProxy behind=60 atFrontier=0 discarded=0 atFrontierPerMille=0 windowSamples=120
LogOGResimProbe: Warning: [Warning][ResimProbe.Gate] checks=120 declined=18 requested=102 requestedPerMille=850 deepSkips=0 survivingAnchors=0
LogOGResimProbe: Warning: [Warning][ResimProbe.Chaos] requests=102 grants=102 refused=0 refusedPerMille=0 repeat=0 clamped=0 depthMin=3 depthMax=4
LogOGResimProbe: Warning: [Warning][ResimProbe.Apply] prepares=102 finishes=102 abandoned=0 stuck=0 replayTicks=425 replayOverruns=0 freshProtects=17 staleProtects=0
LogOGRelayProbe: Warning: [Warning][RelayProbe.Read] window=[5699,5819] src=Prediction hit=120 miss=0 verifyFail=0 rung0=0 total=120
LogOGRelayProbe: Warning: [Warning][RelayProbe.Read] window=[5699,5819] src=Resim hit=418 miss=0 verifyFail=0 rung0=0 total=418
LogOGRelayProbe: Warning: [Warning][RelayProbe.Delta] window=[5699,5819] src=Prediction n=120 p10=-5 p50=-5 p90=-4 min=-6 max=-4 satLow=0 satHigh=0
LogOGRelayProbe: Warning: [Warning][RelayProbe.Delta] window=[5699,5819] src=Resim n=418 p10=-8 p50=-6 p90=-5 min=-10 max=-4 satLow=0 satHigh=0
LogOGDivergenceProbe: Warning: [Warning][DivergenceProbe.Window] class=LocallyPredicted corrections=60 disagreed=60 ratePerMille=1000 windowSamples=120
LogOGDivergenceProbe: Warning: [Warning][DivergenceProbe.Window] class=RemoteProxy corrections=60 disagreed=60 ratePerMille=1000 windowSamples=120
LogOGResimProbe: Warning: [Warning][ResimProbe.Frame] role=Client simTicks=120 frames=200 meanTicksPerFrameX100=60 p50=1 p99=1 max=1 meanFrameUs=10000
LogOGResimProbe: Warning: [Warning][ResimProbe.Frame] role=Client cadence dFrame1=40 dFrame0=0 dFrameGt1=80 discont=0 numSteps total=120 max=1 gt1=0
LogOGRelayProbe: Warning: [Warning][RelayProbe.Arrival] samples=120 gapCaptureTicks p50=2 p99=2 max=3 noAdvance=0 saturated=0 lostCaptureTicksX1000=0 lost=0 delivered=182 expected=182 discont=0 discontMax=0
LogOGResimProbe: Warning: [Warning][ResimProbe.Landing] class=LocallyPredicted behind=60 atFrontier=0 discarded=0 atFrontierPerMille=0 windowSamples=120
LogOGResimProbe: Warning: [Warning][ResimProbe.Landing] class=RemoteProxy behind=60 atFrontier=0 discarded=0 atFrontierPerMille=0 windowSamples=120
LogOGResimProbe: Warning: [Warning][ResimProbe.Gate] checks=120 declined=13 requested=107 requestedPerMille=892 deepSkips=0 survivingAnchors=0
LogOGResimProbe: Warning: [Warning][ResimProbe.Chaos] requests=107 grants=107 refused=0 refusedPerMille=0 repeat=0 clamped=0 depthMin=3 depthMax=4
LogOGResimProbe: Warning: [Warning][ResimProbe.Apply] prepares=107 finishes=107 abandoned=0 stuck=0 replayTicks=443 replayOverruns=0 freshProtects=14 staleProtects=0
LogOGRelayProbe: Warning: [Warning][RelayProbe.Read] window=[5819,5939] src=Prediction hit=120 miss=0 verifyFail=0 rung0=0 total=120
LogOGRelayProbe: Warning: [Warning][RelayProbe.Read] window=[5819,5939] src=Resim hit=436 miss=0 verifyFail=0 rung0=0 total=436
LogOGRelayProbe: Warning: [Warning][RelayProbe.Delta] window=[5819,5939] src=Prediction n=120 p10=-6 p50=-5 p90=-4 min=-6 max=-4 satLow=0 satHigh=0
LogOGRelayProbe: Warning: [Warning][RelayProbe.Delta] window=[5819,5939] src=Resim n=436 p10=-8 p50=-7 p90=-5 min=-9 max=-4 satLow=0 satHigh=0
LogOGDivergenceProbe: Warning: [Warning][DivergenceProbe.Window] class=LocallyPredicted corrections=60 disagreed=60 ratePerMille=1000 windowSamples=120
LogOGDivergenceProbe: Warning: [Warning][DivergenceProbe.Window] class=RemoteProxy corrections=60 disagreed=60 ratePerMille=1000 windowSamples=120
LogOGResimProbe: Warning: [Warning][ResimProbe.Frame] role=Client simTicks=120 frames=200 meanTicksPerFrameX100=60 p50=1 p99=1 max=1 meanFrameUs=9999
LogOGResimProbe: Warning: [Warning][ResimProbe.Frame] role=Client cadence dFrame1=40 dFrame0=0 dFrameGt1=80 discont=0 numSteps total=120 max=1 gt1=0
LogOGResimProbe: Warning: [Warning][ResimProbe.Landing] class=LocallyPredicted behind=60 atFrontier=0 discarded=0 atFrontierPerMille=0 windowSamples=120
LogOGResimProbe: Warning: [Warning][ResimProbe.Landing] class=RemoteProxy behind=60 atFrontier=0 discarded=0 atFrontierPerMille=0 windowSamples=120
LogOGResimProbe: Warning: [Warning][ResimProbe.Gate] checks=120 declined=9 requested=111 requestedPerMille=925 deepSkips=0 survivingAnchors=0
LogOGResimProbe: Warning: [Warning][ResimProbe.Chaos] requests=111 grants=109 refused=2 refusedPerMille=18 repeat=2 clamped=0 depthMin=3 depthMax=5
LogOGResimProbe: Warning: [Warning][ResimProbe.Apply] prepares=109 finishes=109 abandoned=0 stuck=0 replayTicks=451 replayOverruns=0 freshProtects=11 staleProtects=0
LogOGRelayProbe: Warning: [Warning][RelayProbe.Read] window=[5939,6059] src=Prediction hit=120 miss=0 verifyFail=0 rung0=0 total=120
LogOGRelayProbe: Warning: [Warning][RelayProbe.Read] window=[5939,6059] src=Resim hit=447 miss=0 verifyFail=0 rung0=0 total=447
LogOGRelayProbe: Warning: [Warning][RelayProbe.Delta] window=[5939,6059] src=Prediction n=120 p10=-6 p50=-5 p90=-4 min=-6 max=-4 satLow=0 satHigh=0
LogOGRelayProbe: Warning: [Warning][RelayProbe.Delta] window=[5939,6059] src=Resim n=447 p10=-8 p50=-6 p90=-5 min=-10 max=-4 satLow=0 satHigh=0
LogOGDivergenceProbe: Warning: [Warning][DivergenceProbe.Window] class=LocallyPredicted corrections=60 disagreed=60 ratePerMille=1000 windowSamples=120
LogOGDivergenceProbe: Warning: [Warning][DivergenceProbe.Window] class=RemoteProxy corrections=60 disagreed=60 ratePerMille=1000 windowSamples=120
LogOGResimProbe: Warning: [Warning][ResimProbe.Frame] role=Client simTicks=120 frames=200 meanTicksPerFrameX100=60 p50=1 p99=1 max=1 meanFrameUs=10000
LogOGResimProbe: Warning: [Warning][ResimProbe.Frame] role=Client cadence dFrame1=40 dFrame0=0 dFrameGt1=80 discont=0 numSteps total=120 max=1 gt1=0
LogOGRelayProbe: Warning: [Warning][RelayProbe.Arrival] samples=120 gapCaptureTicks p50=1 p99=2 max=3 noAdvance=0 saturated=0 lostCaptureTicksX1000=0 lost=0 delivered=181 expected=181 discont=0 discontMax=0
LogOGResimProbe: Warning: [Warning][ResimProbe.Landing] class=LocallyPredicted behind=60 atFrontier=0 discarded=0 atFrontierPerMille=0 windowSamples=120
LogOGResimProbe: Warning: [Warning][ResimProbe.Landing] class=RemoteProxy behind=60 atFrontier=0 discarded=0 atFrontierPerMille=0 windowSamples=120
LogOGResimProbe: Warning: [Warning][ResimProbe.Gate] checks=120 declined=3 requested=117 requestedPerMille=975 deepSkips=0 survivingAnchors=0
LogOGResimProbe: Warning: [Warning][ResimProbe.Chaos] requests=117 grants=117 refused=0 refusedPerMille=0 repeat=0 clamped=0 depthMin=3 depthMax=3
LogOGResimProbe: Warning: [Warning][ResimProbe.Apply] prepares=117 finishes=117 abandoned=0 stuck=0 replayTicks=468 replayOverruns=0 freshProtects=3 staleProtects=0
LogOGRelayProbe: Warning: [Warning][RelayProbe.Read] window=[6059,6179] src=Prediction hit=120 miss=0 verifyFail=0 rung0=0 total=120
LogOGRelayProbe: Warning: [Warning][RelayProbe.Read] window=[6059,6179] src=Resim hit=466 miss=0 verifyFail=0 rung0=0 total=466
LogOGRelayProbe: Warning: [Warning][RelayProbe.Delta] window=[6059,6179] src=Prediction n=120 p10=-6 p50=-5 p90=-4 min=-6 max=-4 satLow=0 satHigh=0
LogOGRelayProbe: Warning: [Warning][RelayProbe.Delta] window=[6059,6179] src=Resim n=466 p10=-8 p50=-7 p90=-5 min=-9 max=-4 satLow=0 satHigh=0
LogOGDivergenceProbe: Warning: [Warning][DivergenceProbe.Window] class=LocallyPredicted corrections=60 disagreed=60 ratePerMille=1000 windowSamples=120
LogOGDivergenceProbe: Warning: [Warning][DivergenceProbe.Window] class=RemoteProxy corrections=60 disagreed=60 ratePerMille=1000 windowSamples=120
LogOGResimProbe: Warning: [Warning][ResimProbe.Frame] role=Client simTicks=120 frames=200 meanTicksPerFrameX100=60 p50=1 p99=1 max=1 meanFrameUs=10000
LogOGResimProbe: Warning: [Warning][ResimProbe.Frame] role=Client cadence dFrame1=40 dFrame0=0 dFrameGt1=80 discont=0 numSteps total=120 max=1 gt1=0
LogOGRelayProbe: Warning: [Warning][RelayProbe.Arrival] samples=120 gapCaptureTicks p50=1 p99=2 max=2 noAdvance=0 saturated=0 lostCaptureTicksX1000=0 lost=0 delivered=180 expected=180 discont=0 discontMax=0
LogOGResimProbe: Warning: [Warning][ResimProbe.Landing] class=LocallyPredicted behind=60 atFrontier=0 discarded=0 atFrontierPerMille=0 windowSamples=120
LogOGResimProbe: Warning: [Warning][ResimProbe.Landing] class=RemoteProxy behind=60 atFrontier=0 discarded=0 atFrontierPerMille=0 windowSamples=120
LogOGResimProbe: Warning: [Warning][ResimProbe.Gate] checks=120 declined=10 requested=110 requestedPerMille=917 deepSkips=0 survivingAnchors=0
LogOGResimProbe: Warning: [Warning][ResimProbe.Chaos] requests=110 grants=108 refused=2 refusedPerMille=18 repeat=2 clamped=0 depthMin=3 depthMax=5
LogOGResimProbe: Warning: [Warning][ResimProbe.Apply] prepares=108 finishes=108 abandoned=0 stuck=0 replayTicks=447 replayOverruns=0 freshProtects=11 staleProtects=0
LogOGRelayProbe: Warning: [Warning][RelayProbe.Read] window=[6179,6299] src=Prediction hit=120 miss=0 verifyFail=0 rung0=0 total=120
LogOGRelayProbe: Warning: [Warning][RelayProbe.Read] window=[6179,6299] src=Resim hit=440 miss=0 verifyFail=0 rung0=0 total=440
LogOGRelayProbe: Warning: [Warning][RelayProbe.Delta] window=[6179,6299] src=Prediction n=120 p10=-6 p50=-5 p90=-4 min=-6 max=-4 satLow=0 satHigh=0
LogOGRelayProbe: Warning: [Warning][RelayProbe.Delta] window=[6179,6299] src=Resim n=440 p10=-8 p50=-6 p90=-5 min=-10 max=-4 satLow=0 satHigh=0
LogOGDivergenceProbe: Warning: [Warning][DivergenceProbe.Window] class=LocallyPredicted corrections=60 disagreed=60 ratePerMille=1000 windowSamples=120
LogOGDivergenceProbe: Warning: [Warning][DivergenceProbe.Window] class=RemoteProxy corrections=60 disagreed=60 ratePerMille=1000 windowSamples=120
LogOGResimProbe: Warning: [Warning][ResimProbe.Frame] role=Client simTicks=120 frames=200 meanTicksPerFrameX100=60 p50=1 p99=1 max=1 meanFrameUs=10000
LogOGResimProbe: Warning: [Warning][ResimProbe.Frame] role=Client cadence dFrame1=40 dFrame0=0 dFrameGt1=80 discont=0 numSteps total=120 max=1 gt1=0
LogOGResimProbe: Warning: [Warning][ResimProbe.Landing] class=LocallyPredicted behind=60 atFrontier=0 discarded=0 atFrontierPerMille=0 windowSamples=120
LogOGResimProbe: Warning: [Warning][ResimProbe.Landing] class=RemoteProxy behind=60 atFrontier=0 discarded=0 atFrontierPerMille=0 windowSamples=120
LogOGResimProbe: Warning: [Warning][ResimProbe.Gate] checks=120 declined=21 requested=99 requestedPerMille=825 deepSkips=0 survivingAnchors=0
LogOGResimProbe: Warning: [Warning][ResimProbe.Chaos] requests=100 grants=100 refused=0 refusedPerMille=0 repeat=0 clamped=0 depthMin=2 depthMax=4
LogOGResimProbe: Warning: [Warning][ResimProbe.Apply] prepares=100 finishes=100 abandoned=0 stuck=0 replayTicks=416 replayOverruns=0 freshProtects=21 staleProtects=0
LogOGDivergenceProbe: Warning: [Warning][DivergenceProbe.Window] class=LocallyPredicted corrections=60 disagreed=60 ratePerMille=1000 windowSamples=120
LogOGDivergenceProbe: Warning: [Warning][DivergenceProbe.Window] class=RemoteProxy corrections=60 disagreed=60 ratePerMille=1000 windowSamples=120
LogOGRelayProbe: Warning: [Warning][RelayProbe.Read] window=[6299,6419] src=Prediction hit=120 miss=0 verifyFail=0 rung0=0 total=120
LogOGRelayProbe: Warning: [Warning][RelayProbe.Read] window=[6299,6419] src=Resim hit=401 miss=0 verifyFail=0 rung0=0 total=401
LogOGRelayProbe: Warning: [Warning][RelayProbe.Delta] window=[6299,6419] src=Prediction n=120 p10=-6 p50=-5 p90=-4 min=-6 max=-4 satLow=0 satHigh=0
LogOGRelayProbe: Warning: [Warning][RelayProbe.Delta] window=[6299,6419] src=Resim n=401 p10=-8 p50=-7 p90=-5 min=-9 max=-4 satLow=0 satHigh=0
LogOGResimProbe: Warning: [Warning][ResimProbe.Frame] role=Client simTicks=120 frames=200 meanTicksPerFrameX100=60 p50=1 p99=1 max=1 meanFrameUs=10000
LogOGResimProbe: Warning: [Warning][ResimProbe.Frame] role=Client cadence dFrame1=40 dFrame0=0 dFrameGt1=80 discont=0 numSteps total=120 max=1 gt1=0
LogOGRelayProbe: Warning: [Warning][RelayProbe.Arrival] samples=120 gapCaptureTicks p50=2 p99=2 max=3 noAdvance=0 saturated=0 lostCaptureTicksX1000=0 lost=0 delivered=182 expected=182 discont=0 discontMax=0
LogOGResimProbe: Warning: [Warning][ResimProbe.Landing] class=LocallyPredicted behind=60 atFrontier=0 discarded=0 atFrontierPerMille=0 windowSamples=120
LogOGResimProbe: Warning: [Warning][ResimProbe.Landing] class=RemoteProxy behind=60 atFrontier=0 discarded=0 atFrontierPerMille=0 windowSamples=120
LogOGDivergenceProbe: Warning: [Warning][DivergenceProbe.Window] class=LocallyPredicted corrections=60 disagreed=60 ratePerMille=1000 windowSamples=120
LogOGDivergenceProbe: Warning: [Warning][DivergenceProbe.Window] class=RemoteProxy corrections=60 disagreed=60 ratePerMille=1000 windowSamples=120
LogOGResimProbe: Warning: [Warning][ResimProbe.Gate] checks=120 declined=30 requested=90 requestedPerMille=750 deepSkips=0 survivingAnchors=0
LogOGResimProbe: Warning: [Warning][ResimProbe.Chaos] requests=89 grants=89 refused=0 refusedPerMille=0 repeat=0 clamped=0 depthMin=2 depthMax=4
LogOGResimProbe: Warning: [Warning][ResimProbe.Apply] prepares=89 finishes=89 abandoned=0 stuck=0 replayTicks=348 replayOverruns=0 freshProtects=32 staleProtects=0
LogOGRelayProbe: Warning: [Warning][RelayProbe.Read] window=[6419,6539] src=Prediction hit=120 miss=0 verifyFail=0 rung0=0 total=120
LogOGRelayProbe: Warning: [Warning][RelayProbe.Read] window=[6419,6539] src=Resim hit=333 miss=0 verifyFail=0 rung0=0 total=333
LogOGRelayProbe: Warning: [Warning][RelayProbe.Delta] window=[6419,6539] src=Prediction n=120 p10=-6 p50=-6 p90=-5 min=-7 max=-4 satLow=0 satHigh=0
LogOGRelayProbe: Warning: [Warning][RelayProbe.Delta] window=[6419,6539] src=Resim n=333 p10=-9 p50=-7 p90=-5 min=-10 max=-4 satLow=0 satHigh=0
LogOGResimProbe: Warning: [Warning][ResimProbe.Frame] role=Client simTicks=120 frames=201 meanTicksPerFrameX100=59 p50=1 p99=1 max=1 meanFrameUs=9999
LogOGResimProbe: Warning: [Warning][ResimProbe.Frame] role=Client cadence dFrame1=39 dFrame0=0 dFrameGt1=81 discont=0 numSteps total=120 max=1 gt1=0
LogOGRelayProbe: Warning: [Warning][RelayProbe.Arrival] samples=120 gapCaptureTicks p50=1 p99=2 max=2 noAdvance=0 saturated=0 lostCaptureTicksX1000=0 lost=0 delivered=180 expected=180 discont=0 discontMax=0
LogOGResimProbe: Warning: [Warning][ResimProbe.Landing] class=LocallyPredicted behind=60 atFrontier=0 discarded=0 atFrontierPerMille=0 windowSamples=120
LogOGResimProbe: Warning: [Warning][ResimProbe.Landing] class=RemoteProxy behind=60 atFrontier=0 discarded=0 atFrontierPerMille=0 windowSamples=120
LogOGDivergenceProbe: Warning: [Warning][DivergenceProbe.Window] class=LocallyPredicted corrections=60 disagreed=60 ratePerMille=1000 windowSamples=120
LogOGDivergenceProbe: Warning: [Warning][DivergenceProbe.Window] class=RemoteProxy corrections=60 disagreed=60 ratePerMille=1000 windowSamples=120
LogOGResimProbe: Warning: [Warning][ResimProbe.Gate] checks=120 declined=15 requested=105 requestedPerMille=875 deepSkips=0 survivingAnchors=0
LogOGResimProbe: Warning: [Warning][ResimProbe.Chaos] requests=105 grants=103 refused=2 refusedPerMille=19 repeat=2 clamped=0 depthMin=2 depthMax=4
LogOGResimProbe: Warning: [Warning][ResimProbe.Apply] prepares=103 finishes=103 abandoned=0 stuck=0 replayTicks=366 replayOverruns=0 freshProtects=17 staleProtects=0
LogOGRelayProbe: Warning: [Warning][RelayProbe.Read] window=[6539,6659] src=Prediction hit=120 miss=0 verifyFail=0 rung0=0 total=120
LogOGRelayProbe: Warning: [Warning][RelayProbe.Read] window=[6539,6659] src=Resim hit=357 miss=0 verifyFail=0 rung0=0 total=357
LogOGRelayProbe: Warning: [Warning][RelayProbe.Delta] window=[6539,6659] src=Prediction n=120 p10=-6 p50=-6 p90=-5 min=-7 max=-4 satLow=0 satHigh=0
LogOGRelayProbe: Warning: [Warning][RelayProbe.Delta] window=[6539,6659] src=Resim n=357 p10=-8 p50=-7 p90=-5 min=-11 max=-5 satLow=0 satHigh=0
LogOGResimProbe: Warning: [Warning][ResimProbe.Frame] role=Client simTicks=120 frames=200 meanTicksPerFrameX100=60 p50=1 p99=1 max=1 meanFrameUs=10000
LogOGResimProbe: Warning: [Warning][ResimProbe.Frame] role=Client cadence dFrame1=40 dFrame0=0 dFrameGt1=80 discont=0 numSteps total=120 max=1 gt1=0
LogOGResimProbe: Warning: [Warning][ResimProbe.Landing] class=LocallyPredicted behind=60 atFrontier=0 discarded=0 atFrontierPerMille=0 windowSamples=120
LogOGResimProbe: Warning: [Warning][ResimProbe.Landing] class=RemoteProxy behind=60 atFrontier=0 discarded=0 atFrontierPerMille=0 windowSamples=120
LogOGDivergenceProbe: Warning: [Warning][DivergenceProbe.Window] class=LocallyPredicted corrections=60 disagreed=60 ratePerMille=1000 windowSamples=120
LogOGDivergenceProbe: Warning: [Warning][DivergenceProbe.Window] class=RemoteProxy corrections=60 disagreed=60 ratePerMille=1000 windowSamples=120
LogOGResimProbe: Warning: [Warning][ResimProbe.Gate] checks=120 declined=21 requested=99 requestedPerMille=825 deepSkips=0 survivingAnchors=0
LogOGResimProbe: Warning: [Warning][ResimProbe.Chaos] requests=99 grants=95 refused=4 refusedPerMille=40 repeat=4 clamped=0 depthMin=2 depthMax=4
LogOGResimProbe: Warning: [Warning][ResimProbe.Apply] prepares=95 finishes=95 abandoned=0 stuck=0 replayTicks=347 replayOverruns=0 freshProtects=23 staleProtects=0
LogOGRelayProbe: Warning: [Warning][RelayProbe.Read] window=[6659,6779] src=Prediction hit=120 miss=0 verifyFail=0 rung0=0 total=120
LogOGRelayProbe: Warning: [Warning][RelayProbe.Read] window=[6659,6779] src=Resim hit=336 miss=0 verifyFail=0 rung0=0 total=336
LogOGRelayProbe: Warning: [Warning][RelayProbe.Delta] window=[6659,6779] src=Prediction n=120 p10=-7 p50=-5 p90=-4 min=-7 max=-4 satLow=0 satHigh=0
LogOGRelayProbe: Warning: [Warning][RelayProbe.Delta] window=[6659,6779] src=Resim n=336 p10=-8 p50=-7 p90=-5 min=-11 max=-4 satLow=0 satHigh=0
LogOGResimProbe: Warning: [Warning][ResimProbe.Frame] role=Client simTicks=120 frames=200 meanTicksPerFrameX100=60 p50=1 p99=1 max=1 meanFrameUs=10000
LogOGResimProbe: Warning: [Warning][ResimProbe.Frame] role=Client cadence dFrame1=40 dFrame0=0 dFrameGt1=80 discont=0 numSteps total=120 max=1 gt1=0
LogOGRelayProbe: Warning: [Warning][RelayProbe.Arrival] samples=120 gapCaptureTicks p50=1 p99=2 max=2 noAdvance=0 saturated=0 lostCaptureTicksX1000=0 lost=0 delivered=179 expected=179 discont=0 discontMax=0
LogOGResimProbe: Warning: [Warning][ResimProbe.Landing] class=LocallyPredicted behind=60 atFrontier=0 discarded=0 atFrontierPerMille=0 windowSamples=120
LogOGResimProbe: Warning: [Warning][ResimProbe.Landing] class=RemoteProxy behind=60 atFrontier=0 discarded=0 atFrontierPerMille=0 windowSamples=120
LogOGDivergenceProbe: Warning: [Warning][DivergenceProbe.Window] class=LocallyPredicted corrections=60 disagreed=60 ratePerMille=1000 windowSamples=120
LogOGDivergenceProbe: Warning: [Warning][DivergenceProbe.Window] class=RemoteProxy corrections=60 disagreed=60 ratePerMille=1000 windowSamples=120
LogOGResimProbe: Warning: [Warning][ResimProbe.Gate] checks=120 declined=2 requested=118 requestedPerMille=983 deepSkips=0 survivingAnchors=0
LogOGResimProbe: Warning: [Warning][ResimProbe.Chaos] requests=118 grants=110 refused=8 refusedPerMille=68 repeat=8 clamped=0 depthMin=2 depthMax=4
LogOGResimProbe: Warning: [Warning][ResimProbe.Apply] prepares=110 finishes=110 abandoned=0 stuck=0 replayTicks=411 replayOverruns=0 freshProtects=7 staleProtects=0
LogOGRelayProbe: Warning: [Warning][RelayProbe.Read] window=[6779,6899] src=Prediction hit=120 miss=0 verifyFail=0 rung0=0 total=120
LogOGRelayProbe: Warning: [Warning][RelayProbe.Read] window=[6779,6899] src=Resim hit=407 miss=0 verifyFail=0 rung0=0 total=407
LogOGRelayProbe: Warning: [Warning][RelayProbe.Delta] window=[6779,6899] src=Prediction n=120 p10=-6 p50=-6 p90=-5 min=-7 max=-4 satLow=0 satHigh=0
LogOGRelayProbe: Warning: [Warning][RelayProbe.Delta] window=[6779,6899] src=Resim n=407 p10=-9 p50=-7 p90=-5 min=-11 max=-4 satLow=0 satHigh=0
LogOGResimProbe: Warning: [Warning][ResimProbe.Frame] role=Client simTicks=120 frames=200 meanTicksPerFrameX100=60 p50=1 p99=1 max=1 meanFrameUs=10000
LogOGResimProbe: Warning: [Warning][ResimProbe.Frame] role=Client cadence dFrame1=40 dFrame0=0 dFrameGt1=80 discont=0 numSteps total=120 max=1 gt1=0
LogOGRelayProbe: Warning: [Warning][RelayProbe.Arrival] samples=120 gapCaptureTicks p50=1 p99=2 max=2 noAdvance=0 saturated=0 lostCaptureTicksX1000=0 lost=0 delivered=177 expected=177 discont=0 discontMax=0
LogOGResimProbe: Warning: [Warning][ResimProbe.Landing] class=LocallyPredicted behind=60 atFrontier=0 discarded=0 atFrontierPerMille=0 windowSamples=120
LogOGResimProbe: Warning: [Warning][ResimProbe.Landing] class=RemoteProxy behind=60 atFrontier=0 discarded=0 atFrontierPerMille=0 windowSamples=120
LogOGDivergenceProbe: Warning: [Warning][DivergenceProbe.Window] class=LocallyPredicted corrections=60 disagreed=60 ratePerMille=1000 windowSamples=120
LogOGDivergenceProbe: Warning: [Warning][DivergenceProbe.Window] class=RemoteProxy corrections=60 disagreed=60 ratePerMille=1000 windowSamples=120
LogOGResimProbe: Warning: [Warning][ResimProbe.Gate] checks=120 declined=24 requested=96 requestedPerMille=800 deepSkips=0 survivingAnchors=0
LogOGResimProbe: Warning: [Warning][ResimProbe.Chaos] requests=96 grants=94 refused=2 refusedPerMille=21 repeat=2 clamped=0 depthMin=2 depthMax=4
LogOGResimProbe: Warning: [Warning][ResimProbe.Apply] prepares=94 finishes=94 abandoned=0 stuck=0 replayTicks=349 replayOverruns=0 freshProtects=26 staleProtects=0
LogOGRelayProbe: Warning: [Warning][RelayProbe.Read] window=[6899,7019] src=Prediction hit=120 miss=0 verifyFail=0 rung0=0 total=120
LogOGRelayProbe: Warning: [Warning][RelayProbe.Read] window=[6899,7019] src=Resim hit=335 miss=0 verifyFail=0 rung0=0 total=335
LogOGRelayProbe: Warning: [Warning][RelayProbe.Delta] window=[6899,7019] src=Prediction n=120 p10=-7 p50=-5 p90=-4 min=-7 max=-4 satLow=0 satHigh=0
LogOGRelayProbe: Warning: [Warning][RelayProbe.Delta] window=[6899,7019] src=Resim n=335 p10=-8 p50=-7 p90=-5 min=-10 max=-4 satLow=0 satHigh=0
LogOGResimProbe: Warning: [Warning][ResimProbe.Frame] role=Client simTicks=120 frames=200 meanTicksPerFrameX100=60 p50=1 p99=1 max=1 meanFrameUs=10000
LogOGResimProbe: Warning: [Warning][ResimProbe.Frame] role=Client cadence dFrame1=40 dFrame0=0 dFrameGt1=80 discont=0 numSteps total=120 max=1 gt1=0
LogOGResimProbe: Warning: [Warning][ResimProbe.Landing] class=LocallyPredicted behind=60 atFrontier=0 discarded=0 atFrontierPerMille=0 windowSamples=120
LogOGResimProbe: Warning: [Warning][ResimProbe.Landing] class=RemoteProxy behind=60 atFrontier=0 discarded=0 atFrontierPerMille=0 windowSamples=120
LogOGDivergenceProbe: Warning: [Warning][DivergenceProbe.Window] class=LocallyPredicted corrections=60 disagreed=60 ratePerMille=1000 windowSamples=120
LogOGDivergenceProbe: Warning: [Warning][DivergenceProbe.Window] class=RemoteProxy corrections=60 disagreed=60 ratePerMille=1000 windowSamples=120
LogOGResimProbe: Warning: [Warning][ResimProbe.Gate] checks=120 declined=18 requested=102 requestedPerMille=850 deepSkips=0 survivingAnchors=0
LogOGResimProbe: Warning: [Warning][ResimProbe.Chaos] requests=102 grants=98 refused=4 refusedPerMille=39 repeat=4 clamped=0 depthMin=2 depthMax=4
LogOGResimProbe: Warning: [Warning][ResimProbe.Apply] prepares=98 finishes=98 abandoned=0 stuck=0 replayTicks=366 replayOverruns=0 freshProtects=21 staleProtects=0
LogOGRelayProbe: Warning: [Warning][RelayProbe.Read] window=[7019,7139] src=Prediction hit=120 miss=0 verifyFail=0 rung0=0 total=120
LogOGRelayProbe: Warning: [Warning][RelayProbe.Read] window=[7019,7139] src=Resim hit=354 miss=0 verifyFail=0 rung0=0 total=354
LogOGRelayProbe: Warning: [Warning][RelayProbe.Delta] window=[7019,7139] src=Prediction n=120 p10=-6 p50=-6 p90=-5 min=-7 max=-4 satLow=0 satHigh=0
LogOGRelayProbe: Warning: [Warning][RelayProbe.Delta] window=[7019,7139] src=Resim n=354 p10=-9 p50=-7 p90=-5 min=-10 max=-5 satLow=0 satHigh=0
LogOGResimProbe: Warning: [Warning][ResimProbe.Frame] role=Client simTicks=120 frames=200 meanTicksPerFrameX100=60 p50=1 p99=1 max=1 meanFrameUs=9999
LogOGResimProbe: Warning: [Warning][ResimProbe.Frame] role=Client cadence dFrame1=40 dFrame0=0 dFrameGt1=80 discont=0 numSteps total=120 max=1 gt1=0
LogOGRelayProbe: Warning: [Warning][RelayProbe.Arrival] samples=120 gapCaptureTicks p50=1 p99=2 max=2 noAdvance=0 saturated=0 lostCaptureTicksX1000=0 lost=0 delivered=179 expected=179 discont=0 discontMax=0
LogOGResimProbe: Warning: [Warning][ResimProbe.Landing] class=LocallyPredicted behind=60 atFrontier=0 discarded=0 atFrontierPerMille=0 windowSamples=120
LogOGResimProbe: Warning: [Warning][ResimProbe.Landing] class=RemoteProxy behind=60 atFrontier=0 discarded=0 atFrontierPerMille=0 windowSamples=120
LogOGDivergenceProbe: Warning: [Warning][DivergenceProbe.Window] class=LocallyPredicted corrections=60 disagreed=60 ratePerMille=1000 windowSamples=120
LogOGDivergenceProbe: Warning: [Warning][DivergenceProbe.Window] class=RemoteProxy corrections=60 disagreed=60 ratePerMille=1000 windowSamples=120
LogOGResimProbe: Warning: [Warning][ResimProbe.Gate] checks=120 declined=10 requested=110 requestedPerMille=917 deepSkips=0 survivingAnchors=0
LogOGResimProbe: Warning: [Warning][ResimProbe.Chaos] requests=110 grants=108 refused=2 refusedPerMille=18 repeat=2 clamped=0 depthMin=2 depthMax=4
LogOGResimProbe: Warning: [Warning][ResimProbe.Apply] prepares=108 finishes=108 abandoned=0 stuck=0 replayTicks=372 replayOverruns=0 freshProtects=12 staleProtects=0
LogOGRelayProbe: Warning: [Warning][RelayProbe.Read] window=[7139,7259] src=Prediction hit=120 miss=0 verifyFail=0 rung0=0 total=120
LogOGRelayProbe: Warning: [Warning][RelayProbe.Read] window=[7139,7259] src=Resim hit=367 miss=0 verifyFail=0 rung0=0 total=367
LogOGRelayProbe: Warning: [Warning][RelayProbe.Delta] window=[7139,7259] src=Prediction n=120 p10=-7 p50=-6 p90=-5 min=-7 max=-4 satLow=0 satHigh=0
LogOGRelayProbe: Warning: [Warning][RelayProbe.Delta] window=[7139,7259] src=Resim n=367 p10=-8 p50=-7 p90=-6 min=-10 max=-5 satLow=0 satHigh=0
LogOGResimProbe: Warning: [Warning][ResimProbe.Frame] role=Client simTicks=120 frames=200 meanTicksPerFrameX100=60 p50=1 p99=1 max=1 meanFrameUs=10000
LogOGResimProbe: Warning: [Warning][ResimProbe.Frame] role=Client cadence dFrame1=40 dFrame0=0 dFrameGt1=80 discont=0 numSteps total=120 max=1 gt1=0
LogOGRelayProbe: Warning: [Warning][RelayProbe.Arrival] samples=120 gapCaptureTicks p50=1 p99=2 max=2 noAdvance=0 saturated=0 lostCaptureTicksX1000=0 lost=0 delivered=180 expected=180 discont=0 discontMax=0
LogOGResimProbe: Warning: [Warning][ResimProbe.Landing] class=LocallyPredicted behind=60 atFrontier=0 discarded=0 atFrontierPerMille=0 windowSamples=120
LogOGResimProbe: Warning: [Warning][ResimProbe.Landing] class=RemoteProxy behind=60 atFrontier=0 discarded=0 atFrontierPerMille=0 windowSamples=120
LogOGDivergenceProbe: Warning: [Warning][DivergenceProbe.Window] class=LocallyPredicted corrections=60 disagreed=60 ratePerMille=1000 windowSamples=120
LogOGDivergenceProbe: Warning: [Warning][DivergenceProbe.Window] class=RemoteProxy corrections=60 disagreed=60 ratePerMille=1000 windowSamples=120
LogOGResimProbe: Warning: [Warning][ResimProbe.Gate] checks=120 declined=14 requested=106 requestedPerMille=883 deepSkips=0 survivingAnchors=0
LogOGResimProbe: Warning: [Warning][ResimProbe.Chaos] requests=106 grants=100 refused=6 refusedPerMille=57 repeat=6 clamped=0 depthMin=2 depthMax=4
LogOGResimProbe: Warning: [Warning][ResimProbe.Apply] prepares=100 finishes=100 abandoned=0 stuck=0 replayTicks=325 replayOverruns=0 freshProtects=17 staleProtects=0
LogOGRelayProbe: Warning: [Warning][RelayProbe.Read] window=[7259,7379] src=Prediction hit=120 miss=0 verifyFail=0 rung0=0 total=120
LogOGRelayProbe: Warning: [Warning][RelayProbe.Read] window=[7259,7379] src=Resim hit=313 miss=0 verifyFail=0 rung0=0 total=313
LogOGRelayProbe: Warning: [Warning][RelayProbe.Delta] window=[7259,7379] src=Prediction n=120 p10=-7 p50=-6 p90=-5 min=-7 max=-4 satLow=0 satHigh=0
LogOGRelayProbe: Warning: [Warning][RelayProbe.Delta] window=[7259,7379] src=Resim n=313 p10=-8 p50=-7 p90=-6 min=-11 max=-5 satLow=0 satHigh=0
LogOGResimProbe: Warning: [Warning][ResimProbe.Frame] role=Client simTicks=120 frames=200 meanTicksPerFrameX100=60 p50=1 p99=1 max=1 meanFrameUs=10000
LogOGResimProbe: Warning: [Warning][ResimProbe.Frame] role=Client cadence dFrame1=40 dFrame0=0 dFrameGt1=80 discont=0 numSteps total=120 max=1 gt1=0
LogOGResimProbe: Warning: [Warning][ResimProbe.Landing] class=LocallyPredicted behind=60 atFrontier=0 discarded=0 atFrontierPerMille=0 windowSamples=120
LogOGResimProbe: Warning: [Warning][ResimProbe.Landing] class=RemoteProxy behind=60 atFrontier=0 discarded=0 atFrontierPerMille=0 windowSamples=120
LogOGDivergenceProbe: Warning: [Warning][DivergenceProbe.Window] class=LocallyPredicted corrections=60 disagreed=60 ratePerMille=1000 windowSamples=120
LogOGDivergenceProbe: Warning: [Warning][DivergenceProbe.Window] class=RemoteProxy corrections=60 disagreed=60 ratePerMille=1000 windowSamples=120
LogOGResimProbe: Warning: [Warning][ResimProbe.Gate] checks=120 declined=16 requested=104 requestedPerMille=867 deepSkips=0 survivingAnchors=0
LogOGResimProbe: Warning: [Warning][ResimProbe.Chaos] requests=104 grants=102 refused=2 refusedPerMille=19 repeat=2 clamped=0 depthMin=2 depthMax=4
LogOGResimProbe: Warning: [Warning][ResimProbe.Apply] prepares=102 finishes=102 abandoned=0 stuck=0 replayTicks=361 replayOverruns=0 freshProtects=18 staleProtects=0
LogOGRelayProbe: Warning: [Warning][RelayProbe.Read] window=[7379,7499] src=Prediction hit=120 miss=0 verifyFail=0 rung0=0 total=120
LogOGRelayProbe: Warning: [Warning][RelayProbe.Read] window=[7379,7499] src=Resim hit=353 miss=0 verifyFail=0 rung0=0 total=353
LogOGRelayProbe: Warning: [Warning][RelayProbe.Delta] window=[7379,7499] src=Prediction n=120 p10=-7 p50=-6 p90=-5 min=-7 max=-4 satLow=0 satHigh=0
LogOGRelayProbe: Warning: [Warning][RelayProbe.Delta] window=[7379,7499] src=Resim n=353 p10=-8 p50=-7 p90=-5 min=-10 max=-5 satLow=0 satHigh=0
LogOGResimProbe: Warning: [Warning][ResimProbe.Frame] role=Client simTicks=120 frames=200 meanTicksPerFrameX100=60 p50=1 p99=1 max=1 meanFrameUs=10000
LogOGResimProbe: Warning: [Warning][ResimProbe.Frame] role=Client cadence dFrame1=40 dFrame0=0 dFrameGt1=80 discont=0 numSteps total=120 max=1 gt1=0
LogOGRelayProbe: Warning: [Warning][RelayProbe.Arrival] samples=120 gapCaptureTicks p50=1 p99=2 max=2 noAdvance=0 saturated=0 lostCaptureTicksX1000=0 lost=0 delivered=180 expected=180 discont=0 discontMax=0
LogOGResimProbe: Warning: [Warning][ResimProbe.Landing] class=LocallyPredicted behind=60 atFrontier=0 discarded=0 atFrontierPerMille=0 windowSamples=120
LogOGResimProbe: Warning: [Warning][ResimProbe.Landing] class=RemoteProxy behind=60 atFrontier=0 discarded=0 atFrontierPerMille=0 windowSamples=120
LogOGDivergenceProbe: Warning: [Warning][DivergenceProbe.Window] class=LocallyPredicted corrections=60 disagreed=60 ratePerMille=1000 windowSamples=120
LogOGDivergenceProbe: Warning: [Warning][DivergenceProbe.Window] class=RemoteProxy corrections=60 disagreed=60 ratePerMille=1000 windowSamples=120
LogOGResimProbe: Warning: [Warning][ResimProbe.Gate] checks=120 declined=17 requested=103 requestedPerMille=858 deepSkips=0 survivingAnchors=0
LogOGResimProbe: Warning: [Warning][ResimProbe.Chaos] requests=103 grants=95 refused=8 refusedPerMille=78 repeat=8 clamped=0 depthMin=2 depthMax=4
LogOGResimProbe: Warning: [Warning][ResimProbe.Apply] prepares=95 finishes=95 abandoned=0 stuck=0 replayTicks=346 replayOverruns=0 freshProtects=22 staleProtects=0
LogOGRelayProbe: Warning: [Warning][RelayProbe.Read] window=[7499,7619] src=Prediction hit=120 miss=0 verifyFail=0 rung0=0 total=120
LogOGRelayProbe: Warning: [Warning][RelayProbe.Read] window=[7499,7619] src=Resim hit=334 miss=0 verifyFail=0 rung0=0 total=334
LogOGRelayProbe: Warning: [Warning][RelayProbe.Delta] window=[7499,7619] src=Prediction n=120 p10=-7 p50=-6 p90=-5 min=-7 max=-4 satLow=0 satHigh=0
LogOGRelayProbe: Warning: [Warning][RelayProbe.Delta] window=[7499,7619] src=Resim n=334 p10=-9 p50=-7 p90=-5 min=-11 max=-5 satLow=0 satHigh=0
LogOGResimProbe: Warning: [Warning][ResimProbe.Frame] role=Client simTicks=120 frames=200 meanTicksPerFrameX100=60 p50=1 p99=1 max=1 meanFrameUs=10000
LogOGResimProbe: Warning: [Warning][ResimProbe.Frame] role=Client cadence dFrame1=40 dFrame0=0 dFrameGt1=80 discont=0 numSteps total=120 max=1 gt1=0
LogOGRelayProbe: Warning: [Warning][RelayProbe.Arrival] samples=120 gapCaptureTicks p50=1 p99=2 max=2 noAdvance=0 saturated=0 lostCaptureTicksX1000=0 lost=0 delivered=178 expected=178 discont=0 discontMax=0
LogOGResimProbe: Warning: [Warning][ResimProbe.Landing] class=LocallyPredicted behind=60 atFrontier=0 discarded=0 atFrontierPerMille=0 windowSamples=120
LogOGResimProbe: Warning: [Warning][ResimProbe.Landing] class=RemoteProxy behind=60 atFrontier=0 discarded=0 atFrontierPerMille=0 windowSamples=120
LogOGDivergenceProbe: Warning: [Warning][DivergenceProbe.Window] class=LocallyPredicted corrections=60 disagreed=60 ratePerMille=1000 windowSamples=120
LogOGDivergenceProbe: Warning: [Warning][DivergenceProbe.Window] class=RemoteProxy corrections=60 disagreed=60 ratePerMille=1000 windowSamples=120
LogOGResimProbe: Warning: [Warning][ResimProbe.Gate] checks=120 declined=20 requested=100 requestedPerMille=833 deepSkips=0 survivingAnchors=0
LogOGResimProbe: Warning: [Warning][ResimProbe.Chaos] requests=100 grants=100 refused=0 refusedPerMille=0 repeat=0 clamped=0 depthMin=2 depthMax=3
LogOGResimProbe: Warning: [Warning][ResimProbe.Apply] prepares=100 finishes=100 abandoned=0 stuck=0 replayTicks=396 replayOverruns=0 freshProtects=20 staleProtects=0
LogOGRelayProbe: Warning: [Warning][RelayProbe.Read] window=[7619,7739] src=Prediction hit=120 miss=0 verifyFail=0 rung0=0 total=120
LogOGRelayProbe: Warning: [Warning][RelayProbe.Read] window=[7619,7739] src=Resim hit=386 miss=0 verifyFail=0 rung0=0 total=386
LogOGRelayProbe: Warning: [Warning][RelayProbe.Delta] window=[7619,7739] src=Prediction n=120 p10=-6 p50=-5 p90=-4 min=-7 max=-4 satLow=0 satHigh=0
LogOGRelayProbe: Warning: [Warning][RelayProbe.Delta] window=[7619,7739] src=Resim n=386 p10=-8 p50=-7 p90=-5 min=-9 max=-4 satLow=0 satHigh=0
LogOGResimProbe: Warning: [Warning][ResimProbe.Frame] role=Client simTicks=120 frames=200 meanTicksPerFrameX100=60 p50=1 p99=1 max=1 meanFrameUs=10000
LogOGResimProbe: Warning: [Warning][ResimProbe.Frame] role=Client cadence dFrame1=40 dFrame0=0 dFrameGt1=80 discont=0 numSteps total=120 max=1 gt1=0
LogOGResimProbe: Warning: [Warning][ResimProbe.Landing] class=LocallyPredicted behind=60 atFrontier=0 discarded=0 atFrontierPerMille=0 windowSamples=120
LogOGResimProbe: Warning: [Warning][ResimProbe.Landing] class=RemoteProxy behind=60 atFrontier=0 discarded=0 atFrontierPerMille=0 windowSamples=120
LogOGDivergenceProbe: Warning: [Warning][DivergenceProbe.Window] class=LocallyPredicted corrections=60 disagreed=60 ratePerMille=1000 windowSamples=120
LogOGDivergenceProbe: Warning: [Warning][DivergenceProbe.Window] class=RemoteProxy corrections=60 disagreed=60 ratePerMille=1000 windowSamples=120
LogOGResimProbe: Warning: [Warning][ResimProbe.Gate] checks=120 declined=27 requested=93 requestedPerMille=775 deepSkips=0 survivingAnchors=0
LogOGResimProbe: Warning: [Warning][ResimProbe.Chaos] requests=93 grants=93 refused=0 refusedPerMille=0 repeat=0 clamped=0 depthMin=2 depthMax=3
LogOGResimProbe: Warning: [Warning][ResimProbe.Apply] prepares=93 finishes=93 abandoned=0 stuck=0 replayTicks=312 replayOverruns=0 freshProtects=28 staleProtects=0
LogOGRelayProbe: Warning: [Warning][RelayProbe.Read] window=[7739,7859] src=Prediction hit=120 miss=0 verifyFail=0 rung0=0 total=120
LogOGRelayProbe: Warning: [Warning][RelayProbe.Read] window=[7739,7859] src=Resim hit=296 miss=0 verifyFail=0 rung0=0 total=296
LogOGRelayProbe: Warning: [Warning][RelayProbe.Delta] window=[7739,7859] src=Prediction n=120 p10=-6 p50=-6 p90=-5 min=-7 max=-4 satLow=0 satHigh=0
LogOGRelayProbe: Warning: [Warning][RelayProbe.Delta] window=[7739,7859] src=Resim n=296 p10=-8 p50=-7 p90=-5 min=-9 max=-5 satLow=0 satHigh=0
LogOGResimProbe: Warning: [Warning][ResimProbe.Frame] role=Client simTicks=120 frames=200 meanTicksPerFrameX100=60 p50=1 p99=1 max=1 meanFrameUs=10000
LogOGResimProbe: Warning: [Warning][ResimProbe.Frame] role=Client cadence dFrame1=40 dFrame0=0 dFrameGt1=80 discont=0 numSteps total=120 max=1 gt1=0
LogOGRelayProbe: Warning: [Warning][RelayProbe.Arrival] samples=120 gapCaptureTicks p50=1 p99=2 max=2 noAdvance=0 saturated=0 lostCaptureTicksX1000=0 lost=0 delivered=178 expected=178 discont=0 discontMax=0
LogOGResimProbe: Warning: [Warning][ResimProbe.Landing] class=LocallyPredicted behind=60 atFrontier=0 discarded=0 atFrontierPerMille=0 windowSamples=120
LogOGResimProbe: Warning: [Warning][ResimProbe.Landing] class=RemoteProxy behind=60 atFrontier=0 discarded=0 atFrontierPerMille=0 windowSamples=120
LogOGDivergenceProbe: Warning: [Warning][DivergenceProbe.Window] class=LocallyPredicted corrections=60 disagreed=60 ratePerMille=1000 windowSamples=120
LogOGDivergenceProbe: Warning: [Warning][DivergenceProbe.Window] class=RemoteProxy corrections=60 disagreed=60 ratePerMille=1000 windowSamples=120
LogOGResimProbe: Warning: [Warning][ResimProbe.Gate] checks=120 declined=12 requested=108 requestedPerMille=900 deepSkips=0 survivingAnchors=0
LogOGResimProbe: Warning: [Warning][ResimProbe.Chaos] requests=108 grants=104 refused=4 refusedPerMille=37 repeat=4 clamped=0 depthMin=2 depthMax=4
LogOGResimProbe: Warning: [Warning][ResimProbe.Apply] prepares=104 finishes=104 abandoned=0 stuck=0 replayTicks=365 replayOverruns=0 freshProtects=15 staleProtects=0
LogOGRelayProbe: Warning: [Warning][RelayProbe.Read] window=[7859,7979] src=Prediction hit=120 miss=0 verifyFail=0 rung0=0 total=120
LogOGRelayProbe: Warning: [Warning][RelayProbe.Read] window=[7859,7979] src=Resim hit=359 miss=0 verifyFail=0 rung0=0 total=359
LogOGRelayProbe: Warning: [Warning][RelayProbe.Delta] window=[7859,7979] src=Prediction n=120 p10=-7 p50=-6 p90=-5 min=-7 max=-4 satLow=0 satHigh=0
LogOGRelayProbe: Warning: [Warning][RelayProbe.Delta] window=[7859,7979] src=Resim n=359 p10=-8 p50=-7 p90=-6 min=-10 max=-5 satLow=0 satHigh=0
LogOGResimProbe: Warning: [Warning][ResimProbe.Frame] role=Client simTicks=120 frames=200 meanTicksPerFrameX100=60 p50=1 p99=1 max=1 meanFrameUs=9999
LogOGResimProbe: Warning: [Warning][ResimProbe.Frame] role=Client cadence dFrame1=40 dFrame0=0 dFrameGt1=80 discont=0 numSteps total=120 max=1 gt1=0
LogOGRelayProbe: Warning: [Warning][RelayProbe.Arrival] samples=120 gapCaptureTicks p50=1 p99=2 max=2 noAdvance=0 saturated=0 lostCaptureTicksX1000=0 lost=0 delivered=178 expected=178 discont=0 discontMax=0
LogOGResimProbe: Warning: [Warning][ResimProbe.Landing] class=LocallyPredicted behind=60 atFrontier=0 discarded=0 atFrontierPerMille=0 windowSamples=120
LogOGResimProbe: Warning: [Warning][ResimProbe.Landing] class=RemoteProxy behind=60 atFrontier=0 discarded=0 atFrontierPerMille=0 windowSamples=120
LogOGDivergenceProbe: Warning: [Warning][DivergenceProbe.Window] class=LocallyPredicted corrections=60 disagreed=60 ratePerMille=1000 windowSamples=120
LogOGDivergenceProbe: Warning: [Warning][DivergenceProbe.Window] class=RemoteProxy corrections=60 disagreed=60 ratePerMille=1000 windowSamples=120
LogOGResimProbe: Warning: [Warning][ResimProbe.Gate] checks=120 declined=0 requested=120 requestedPerMille=1000 deepSkips=0 survivingAnchors=0
LogOGResimProbe: Warning: [Warning][ResimProbe.Chaos] requests=120 grants=116 refused=4 refusedPerMille=33 repeat=4 clamped=0 depthMin=2 depthMax=4
LogOGResimProbe: Warning: [Warning][ResimProbe.Apply] prepares=116 finishes=116 abandoned=0 stuck=0 replayTicks=453 replayOverruns=0 freshProtects=1 staleProtects=0
LogOGRelayProbe: Warning: [Warning][RelayProbe.Read] window=[7979,8099] src=Prediction hit=120 miss=0 verifyFail=0 rung0=0 total=120
LogOGRelayProbe: Warning: [Warning][RelayProbe.Read] window=[7979,8099] src=Resim hit=454 miss=0 verifyFail=0 rung0=0 total=454
LogOGRelayProbe: Warning: [Warning][RelayProbe.Delta] window=[7979,8099] src=Prediction n=120 p10=-6 p50=-5 p90=-5 min=-7 max=-4 satLow=0 satHigh=0
LogOGRelayProbe: Warning: [Warning][RelayProbe.Delta] window=[7979,8099] src=Resim n=454 p10=-8 p50=-7 p90=-5 min=-10 max=-4 satLow=0 satHigh=0
LogOGResimProbe: Warning: [Warning][ResimProbe.Frame] role=Client simTicks=120 frames=200 meanTicksPerFrameX100=60 p50=1 p99=1 max=1 meanFrameUs=10000
LogOGResimProbe: Warning: [Warning][ResimProbe.Frame] role=Client cadence dFrame1=40 dFrame0=0 dFrameGt1=80 discont=0 numSteps total=120 max=1 gt1=0
LogOGResimProbe: Warning: [Warning][ResimProbe.Landing] class=LocallyPredicted behind=60 atFrontier=0 discarded=0 atFrontierPerMille=0 windowSamples=120
LogOGResimProbe: Warning: [Warning][ResimProbe.Landing] class=RemoteProxy behind=60 atFrontier=0 discarded=0 atFrontierPerMille=0 windowSamples=120
LogOGDivergenceProbe: Warning: [Warning][DivergenceProbe.Window] class=LocallyPredicted corrections=60 disagreed=60 ratePerMille=1000 windowSamples=120
LogOGDivergenceProbe: Warning: [Warning][DivergenceProbe.Window] class=RemoteProxy corrections=60 disagreed=60 ratePerMille=1000 windowSamples=120
LogOGResimProbe: Warning: [Warning][ResimProbe.Gate] checks=120 declined=17 requested=103 requestedPerMille=858 deepSkips=0 survivingAnchors=0
LogOGResimProbe: Warning: [Warning][ResimProbe.Chaos] requests=104 grants=100 refused=4 refusedPerMille=38 repeat=4 clamped=0 depthMin=2 depthMax=4
LogOGResimProbe: Warning: [Warning][ResimProbe.Apply] prepares=100 finishes=100 abandoned=0 stuck=0 replayTicks=347 replayOverruns=0 freshProtects=20 staleProtects=0
LogOGRelayProbe: Warning: [Warning][RelayProbe.Read] window=[8099,8219] src=Prediction hit=120 miss=0 verifyFail=0 rung0=0 total=120
LogOGRelayProbe: Warning: [Warning][RelayProbe.Read] window=[8099,8219] src=Resim hit=335 miss=0 verifyFail=0 rung0=0 total=335
LogOGRelayProbe: Warning: [Warning][RelayProbe.Delta] window=[8099,8219] src=Prediction n=120 p10=-7 p50=-6 p90=-4 min=-7 max=-4 satLow=0 satHigh=0
LogOGRelayProbe: Warning: [Warning][RelayProbe.Delta] window=[8099,8219] src=Resim n=335 p10=-8 p50=-7 p90=-5 min=-10 max=-4 satLow=0 satHigh=0
LogOGResimProbe: Warning: [Warning][ResimProbe.Frame] role=Client simTicks=120 frames=200 meanTicksPerFrameX100=60 p50=1 p99=1 max=1 meanFrameUs=10000
LogOGResimProbe: Warning: [Warning][ResimProbe.Frame] role=Client cadence dFrame1=40 dFrame0=0 dFrameGt1=80 discont=0 numSteps total=120 max=1 gt1=0
LogOGRelayProbe: Warning: [Warning][RelayProbe.Arrival] samples=120 gapCaptureTicks p50=1 p99=2 max=2 noAdvance=0 saturated=0 lostCaptureTicksX1000=0 lost=0 delivered=180 expected=180 discont=0 discontMax=0
LogOGResimProbe: Warning: [Warning][ResimProbe.Landing] class=LocallyPredicted behind=60 atFrontier=0 discarded=0 atFrontierPerMille=0 windowSamples=120
LogOGResimProbe: Warning: [Warning][ResimProbe.Landing] class=RemoteProxy behind=60 atFrontier=0 discarded=0 atFrontierPerMille=0 windowSamples=120
LogOGDivergenceProbe: Warning: [Warning][DivergenceProbe.Window] class=LocallyPredicted corrections=60 disagreed=60 ratePerMille=1000 windowSamples=120
LogOGDivergenceProbe: Warning: [Warning][DivergenceProbe.Window] class=RemoteProxy corrections=60 disagreed=60 ratePerMille=1000 windowSamples=120
LogOGResimProbe: Warning: [Warning][ResimProbe.Gate] checks=120 declined=7 requested=113 requestedPerMille=942 deepSkips=0 survivingAnchors=0
LogOGResimProbe: Warning: [Warning][ResimProbe.Chaos] requests=112 grants=108 refused=4 refusedPerMille=36 repeat=4 clamped=0 depthMin=2 depthMax=4
LogOGResimProbe: Warning: [Warning][ResimProbe.Apply] prepares=108 finishes=108 abandoned=0 stuck=0 replayTicks=398 replayOverruns=0 freshProtects=10 staleProtects=0
LogOGRelayProbe: Warning: [Warning][RelayProbe.Read] window=[8219,8339] src=Prediction hit=120 miss=0 verifyFail=0 rung0=0 total=120
LogOGRelayProbe: Warning: [Warning][RelayProbe.Read] window=[8219,8339] src=Resim hit=396 miss=0 verifyFail=0 rung0=0 total=396
LogOGRelayProbe: Warning: [Warning][RelayProbe.Delta] window=[8219,8339] src=Prediction n=120 p10=-7 p50=-6 p90=-5 min=-7 max=-4 satLow=0 satHigh=0
LogOGRelayProbe: Warning: [Warning][RelayProbe.Delta] window=[8219,8339] src=Resim n=396 p10=-9 p50=-7 p90=-5 min=-10 max=-4 satLow=0 satHigh=0
LogOGResimProbe: Warning: [Warning][ResimProbe.Frame] role=Client simTicks=120 frames=200 meanTicksPerFrameX100=60 p50=1 p99=1 max=1 meanFrameUs=10000
LogOGResimProbe: Warning: [Warning][ResimProbe.Frame] role=Client cadence dFrame1=40 dFrame0=0 dFrameGt1=80 discont=0 numSteps total=120 max=1 gt1=0
LogOGRelayProbe: Warning: [Warning][RelayProbe.Arrival] samples=120 gapCaptureTicks p50=1 p99=2 max=2 noAdvance=0 saturated=0 lostCaptureTicksX1000=0 lost=0 delivered=180 expected=180 discont=0 discontMax=0
LogOGResimProbe: Warning: [Warning][ResimProbe.Landing] class=LocallyPredicted behind=60 atFrontier=0 discarded=0 atFrontierPerMille=0 windowSamples=120
LogOGResimProbe: Warning: [Warning][ResimProbe.Landing] class=RemoteProxy behind=60 atFrontier=0 discarded=0 atFrontierPerMille=0 windowSamples=120
LogOGDivergenceProbe: Warning: [Warning][DivergenceProbe.Window] class=LocallyPredicted corrections=60 disagreed=60 ratePerMille=1000 windowSamples=120
LogOGDivergenceProbe: Warning: [Warning][DivergenceProbe.Window] class=RemoteProxy corrections=60 disagreed=60 ratePerMille=1000 windowSamples=120
LogOGResimProbe: Warning: [Warning][ResimProbe.Gate] checks=120 declined=17 requested=103 requestedPerMille=858 deepSkips=0 survivingAnchors=0
LogOGResimProbe: Warning: [Warning][ResimProbe.Chaos] requests=103 grants=101 refused=2 refusedPerMille=19 repeat=2 clamped=0 depthMin=2 depthMax=4
LogOGResimProbe: Warning: [Warning][ResimProbe.Apply] prepares=101 finishes=101 abandoned=0 stuck=0 replayTicks=353 replayOverruns=0 freshProtects=18 staleProtects=0
LogOGRelayProbe: Warning: [Warning][RelayProbe.Read] window=[8339,8459] src=Prediction hit=120 miss=0 verifyFail=0 rung0=0 total=120
LogOGRelayProbe: Warning: [Warning][RelayProbe.Read] window=[8339,8459] src=Resim hit=344 miss=0 verifyFail=0 rung0=0 total=344
LogOGRelayProbe: Warning: [Warning][RelayProbe.Delta] window=[8339,8459] src=Prediction n=120 p10=-7 p50=-6 p90=-5 min=-7 max=-4 satLow=0 satHigh=0
LogOGRelayProbe: Warning: [Warning][RelayProbe.Delta] window=[8339,8459] src=Resim n=344 p10=-8 p50=-7 p90=-5 min=-10 max=-4 satLow=0 satHigh=0
LogOGResimProbe: Warning: [Warning][ResimProbe.Frame] role=Client simTicks=120 frames=200 meanTicksPerFrameX100=60 p50=1 p99=1 max=1 meanFrameUs=10000
LogOGResimProbe: Warning: [Warning][ResimProbe.Frame] role=Client cadence dFrame1=40 dFrame0=0 dFrameGt1=80 discont=0 numSteps total=120 max=1 gt1=0
LogOGResimProbe: Warning: [Warning][ResimProbe.Landing] class=LocallyPredicted behind=60 atFrontier=0 discarded=0 atFrontierPerMille=0 windowSamples=120
LogOGResimProbe: Warning: [Warning][ResimProbe.Landing] class=RemoteProxy behind=60 atFrontier=0 discarded=0 atFrontierPerMille=0 windowSamples=120
LogOGDivergenceProbe: Warning: [Warning][DivergenceProbe.Window] class=LocallyPredicted corrections=60 disagreed=60 ratePerMille=1000 windowSamples=120
LogOGDivergenceProbe: Warning: [Warning][DivergenceProbe.Window] class=RemoteProxy corrections=60 disagreed=60 ratePerMille=1000 windowSamples=120
LogOGResimProbe: Warning: [Warning][ResimProbe.Gate] checks=120 declined=26 requested=94 requestedPerMille=783 deepSkips=0 survivingAnchors=0
LogOGResimProbe: Warning: [Warning][ResimProbe.Chaos] requests=94 grants=94 refused=0 refusedPerMille=0 repeat=0 clamped=0 depthMin=2 depthMax=3
LogOGResimProbe: Warning: [Warning][ResimProbe.Apply] prepares=94 finishes=94 abandoned=0 stuck=0 replayTicks=349 replayOverruns=0 freshProtects=27 staleProtects=0
LogOGRelayProbe: Warning: [Warning][RelayProbe.Read] window=[8459,8579] src=Prediction hit=120 miss=0 verifyFail=0 rung0=0 total=120
LogOGRelayProbe: Warning: [Warning][RelayProbe.Read] window=[8459,8579] src=Resim hit=334 miss=0 verifyFail=0 rung0=0 total=334
LogOGRelayProbe: Warning: [Warning][RelayProbe.Delta] window=[8459,8579] src=Prediction n=120 p10=-6 p50=-5 p90=-4 min=-7 max=-4 satLow=0 satHigh=0
LogOGRelayProbe: Warning: [Warning][RelayProbe.Delta] window=[8459,8579] src=Resim n=334 p10=-8 p50=-7 p90=-5 min=-10 max=-4 satLow=0 satHigh=0
LogOGResimProbe: Warning: [Warning][ResimProbe.Frame] role=Client simTicks=120 frames=200 meanTicksPerFrameX100=60 p50=1 p99=1 max=1 meanFrameUs=10000
LogOGResimProbe: Warning: [Warning][ResimProbe.Frame] role=Client cadence dFrame1=40 dFrame0=0 dFrameGt1=80 discont=0 numSteps total=120 max=1 gt1=0
LogOGRelayProbe: Warning: [Warning][RelayProbe.Arrival] samples=120 gapCaptureTicks p50=1 p99=2 max=2 noAdvance=0 saturated=0 lostCaptureTicksX1000=0 lost=0 delivered=180 expected=180 discont=0 discontMax=0
LogOGResimProbe: Warning: [Warning][ResimProbe.Landing] class=LocallyPredicted behind=60 atFrontier=0 discarded=0 atFrontierPerMille=0 windowSamples=120
LogOGResimProbe: Warning: [Warning][ResimProbe.Landing] class=RemoteProxy behind=60 atFrontier=0 discarded=0 atFrontierPerMille=0 windowSamples=120
LogOGDivergenceProbe: Warning: [Warning][DivergenceProbe.Window] class=LocallyPredicted corrections=60 disagreed=60 ratePerMille=1000 windowSamples=120
LogOGDivergenceProbe: Warning: [Warning][DivergenceProbe.Window] class=RemoteProxy corrections=60 disagreed=60 ratePerMille=1000 windowSamples=120
LogOGResimProbe: Warning: [Warning][ResimProbe.Gate] checks=120 declined=0 requested=120 requestedPerMille=1000 deepSkips=0 survivingAnchors=0
LogOGResimProbe: Warning: [Warning][ResimProbe.Chaos] requests=120 grants=116 refused=4 refusedPerMille=33 repeat=4 clamped=0 depthMin=2 depthMax=4
LogOGResimProbe: Warning: [Warning][ResimProbe.Apply] prepares=116 finishes=116 abandoned=0 stuck=0 replayTicks=354 replayOverruns=0 freshProtects=2 staleProtects=0
LogOGRelayProbe: Warning: [Warning][RelayProbe.Read] window=[8579,8699] src=Prediction hit=120 miss=0 verifyFail=0 rung0=0 total=120
LogOGRelayProbe: Warning: [Warning][RelayProbe.Read] window=[8579,8699] src=Resim hit=353 miss=0 verifyFail=0 rung0=0 total=353
LogOGRelayProbe: Warning: [Warning][RelayProbe.Delta] window=[8579,8699] src=Prediction n=120 p10=-7 p50=-6 p90=-6 min=-7 max=-5 satLow=0 satHigh=0
LogOGRelayProbe: Warning: [Warning][RelayProbe.Delta] window=[8579,8699] src=Resim n=353 p10=-9 p50=-7 p90=-6 min=-10 max=-5 satLow=0 satHigh=0
LogOGResimProbe: Warning: [Warning][ResimProbe.Frame] role=Client simTicks=120 frames=200 meanTicksPerFrameX100=60 p50=1 p99=1 max=1 meanFrameUs=10000
LogOGResimProbe: Warning: [Warning][ResimProbe.Frame] role=Client cadence dFrame1=40 dFrame0=0 dFrameGt1=80 discont=0 numSteps total=120 max=1 gt1=0
LogOGRelayProbe: Warning: [Warning][RelayProbe.Arrival] samples=120 gapCaptureTicks p50=1 p99=2 max=2 noAdvance=0 saturated=0 lostCaptureTicksX1000=0 lost=0 delivered=179 expected=179 discont=0 discontMax=0
LogOGResimProbe: Warning: [Warning][ResimProbe.Landing] class=LocallyPredicted behind=60 atFrontier=0 discarded=0 atFrontierPerMille=0 windowSamples=120
LogOGResimProbe: Warning: [Warning][ResimProbe.Landing] class=RemoteProxy behind=60 atFrontier=0 discarded=0 atFrontierPerMille=0 windowSamples=120
LogOGDivergenceProbe: Warning: [Warning][DivergenceProbe.Window] class=LocallyPredicted corrections=60 disagreed=60 ratePerMille=1000 windowSamples=120
LogOGDivergenceProbe: Warning: [Warning][DivergenceProbe.Window] class=RemoteProxy corrections=60 disagreed=60 ratePerMille=1000 windowSamples=120
LogOGResimProbe: Warning: [Warning][ResimProbe.Gate] checks=120 declined=25 requested=95 requestedPerMille=792 deepSkips=0 survivingAnchors=0
LogOGResimProbe: Warning: [Warning][ResimProbe.Chaos] requests=95 grants=93 refused=2 refusedPerMille=21 repeat=2 clamped=0 depthMin=2 depthMax=4
LogOGResimProbe: Warning: [Warning][ResimProbe.Apply] prepares=93 finishes=93 abandoned=0 stuck=0 replayTicks=340 replayOverruns=0 freshProtects=27 staleProtects=0
LogOGRelayProbe: Warning: [Warning][RelayProbe.Read] window=[8699,8819] src=Prediction hit=120 miss=0 verifyFail=0 rung0=0 total=120
LogOGRelayProbe: Warning: [Warning][RelayProbe.Read] window=[8699,8819] src=Resim hit=327 miss=0 verifyFail=0 rung0=0 total=327
LogOGRelayProbe: Warning: [Warning][RelayProbe.Delta] window=[8699,8819] src=Prediction n=120 p10=-6 p50=-5 p90=-4 min=-7 max=-4 satLow=0 satHigh=0
LogOGRelayProbe: Warning: [Warning][RelayProbe.Delta] window=[8699,8819] src=Resim n=327 p10=-8 p50=-7 p90=-5 min=-10 max=-4 satLow=0 satHigh=0
LogOGResimProbe: Warning: [Warning][ResimProbe.Frame] role=Client simTicks=120 frames=200 meanTicksPerFrameX100=60 p50=1 p99=1 max=1 meanFrameUs=10000
LogOGResimProbe: Warning: [Warning][ResimProbe.Frame] role=Client cadence dFrame1=40 dFrame0=0 dFrameGt1=80 discont=0 numSteps total=120 max=1 gt1=0
LogOGResimProbe: Warning: [Warning][ResimProbe.Landing] class=LocallyPredicted behind=60 atFrontier=0 discarded=0 atFrontierPerMille=0 windowSamples=120
LogOGResimProbe: Warning: [Warning][ResimProbe.Landing] class=RemoteProxy behind=60 atFrontier=0 discarded=0 atFrontierPerMille=0 windowSamples=120
LogOGDivergenceProbe: Warning: [Warning][DivergenceProbe.Window] class=LocallyPredicted corrections=60 disagreed=60 ratePerMille=1000 windowSamples=120
LogOGDivergenceProbe: Warning: [Warning][DivergenceProbe.Window] class=RemoteProxy corrections=60 disagreed=60 ratePerMille=1000 windowSamples=120
LogOGResimProbe: Warning: [Warning][ResimProbe.Gate] checks=120 declined=19 requested=101 requestedPerMille=842 deepSkips=0 survivingAnchors=0
LogOGResimProbe: Warning: [Warning][ResimProbe.Chaos] requests=101 grants=93 refused=8 refusedPerMille=79 repeat=8 clamped=0 depthMin=2 depthMax=4
LogOGResimProbe: Warning: [Warning][ResimProbe.Apply] prepares=93 finishes=93 abandoned=0 stuck=0 replayTicks=324 replayOverruns=0 freshProtects=23 staleProtects=0
LogOGRelayProbe: Warning: [Warning][RelayProbe.Read] window=[8819,8939] src=Prediction hit=120 miss=0 verifyFail=0 rung0=0 total=120
LogOGRelayProbe: Warning: [Warning][RelayProbe.Read] window=[8819,8939] src=Resim hit=313 miss=0 verifyFail=0 rung0=0 total=313
LogOGRelayProbe: Warning: [Warning][RelayProbe.Delta] window=[8819,8939] src=Prediction n=120 p10=-7 p50=-6 p90=-5 min=-7 max=-4 satLow=0 satHigh=0
LogOGRelayProbe: Warning: [Warning][RelayProbe.Delta] window=[8819,8939] src=Resim n=313 p10=-8 p50=-7 p90=-6 min=-10 max=-5 satLow=0 satHigh=0
LogOGResimProbe: Warning: [Warning][ResimProbe.Frame] role=Client simTicks=120 frames=200 meanTicksPerFrameX100=60 p50=1 p99=1 max=1 meanFrameUs=9999
LogOGResimProbe: Warning: [Warning][ResimProbe.Frame] role=Client cadence dFrame1=40 dFrame0=0 dFrameGt1=80 discont=0 numSteps total=120 max=1 gt1=0
LogOGRelayProbe: Warning: [Warning][RelayProbe.Arrival] samples=120 gapCaptureTicks p50=1 p99=2 max=2 noAdvance=0 saturated=0 lostCaptureTicksX1000=0 lost=0 delivered=180 expected=180 discont=0 discontMax=0
LogOGResimProbe: Warning: [Warning][ResimProbe.Landing] class=LocallyPredicted behind=60 atFrontier=0 discarded=0 atFrontierPerMille=0 windowSamples=120
LogOGResimProbe: Warning: [Warning][ResimProbe.Landing] class=RemoteProxy behind=60 atFrontier=0 discarded=0 atFrontierPerMille=0 windowSamples=120
LogOGDivergenceProbe: Warning: [Warning][DivergenceProbe.Window] class=LocallyPredicted corrections=60 disagreed=60 ratePerMille=1000 windowSamples=120
LogOGDivergenceProbe: Warning: [Warning][DivergenceProbe.Window] class=RemoteProxy corrections=60 disagreed=60 ratePerMille=1000 windowSamples=120
LogOGResimProbe: Warning: [Warning][ResimProbe.Gate] checks=120 declined=5 requested=115 requestedPerMille=958 deepSkips=0 survivingAnchors=0
LogOGResimProbe: Warning: [Warning][ResimProbe.Chaos] requests=115 grants=113 refused=2 refusedPerMille=17 repeat=2 clamped=0 depthMin=2 depthMax=4
LogOGResimProbe: Warning: [Warning][ResimProbe.Apply] prepares=113 finishes=113 abandoned=0 stuck=0 replayTicks=386 replayOverruns=0 freshProtects=6 staleProtects=0
LogOGRelayProbe: Warning: [Warning][RelayProbe.Read] window=[8939,9059] src=Prediction hit=120 miss=0 verifyFail=0 rung0=0 total=120
LogOGRelayProbe: Warning: [Warning][RelayProbe.Read] window=[8939,9059] src=Resim hit=383 miss=0 verifyFail=0 rung0=0 total=383
LogOGRelayProbe: Warning: [Warning][RelayProbe.Delta] window=[8939,9059] src=Prediction n=120 p10=-7 p50=-6 p90=-5 min=-7 max=-4 satLow=0 satHigh=0
LogOGRelayProbe: Warning: [Warning][RelayProbe.Delta] window=[8939,9059] src=Resim n=383 p10=-9 p50=-7 p90=-6 min=-10 max=-4 satLow=0 satHigh=0
LogOGResimProbe: Warning: [Warning][ResimProbe.Frame] role=Client simTicks=120 frames=200 meanTicksPerFrameX100=60 p50=1 p99=1 max=1 meanFrameUs=10000
LogOGResimProbe: Warning: [Warning][ResimProbe.Frame] role=Client cadence dFrame1=40 dFrame0=0 dFrameGt1=80 discont=0 numSteps total=120 max=1 gt1=0
LogOGRelayProbe: Warning: [Warning][RelayProbe.Arrival] samples=120 gapCaptureTicks p50=1 p99=2 max=3 noAdvance=0 saturated=0 lostCaptureTicksX1000=0 lost=0 delivered=181 expected=181 discont=0 discontMax=0
LogOGResimProbe: Warning: [Warning][ResimProbe.Landing] class=LocallyPredicted behind=60 atFrontier=0 discarded=0 atFrontierPerMille=0 windowSamples=120
LogOGResimProbe: Warning: [Warning][ResimProbe.Landing] class=RemoteProxy behind=60 atFrontier=0 discarded=0 atFrontierPerMille=0 windowSamples=120
LogOGDivergenceProbe: Warning: [Warning][DivergenceProbe.Window] class=LocallyPredicted corrections=60 disagreed=60 ratePerMille=1000 windowSamples=120
LogOGDivergenceProbe: Warning: [Warning][DivergenceProbe.Window] class=RemoteProxy corrections=60 disagreed=60 ratePerMille=1000 windowSamples=120
LogOGResimProbe: Warning: [Warning][ResimProbe.Gate] checks=120 declined=17 requested=103 requestedPerMille=858 deepSkips=0 survivingAnchors=0
LogOGResimProbe: Warning: [Warning][ResimProbe.Chaos] requests=103 grants=103 refused=0 refusedPerMille=0 repeat=0 clamped=0 depthMin=2 depthMax=3
LogOGResimProbe: Warning: [Warning][ResimProbe.Apply] prepares=103 finishes=103 abandoned=0 stuck=0 replayTicks=330 replayOverruns=0 freshProtects=18 staleProtects=0
LogOGRelayProbe: Warning: [Warning][RelayProbe.Read] window=[9059,9179] src=Prediction hit=120 miss=0 verifyFail=0 rung0=0 total=120
LogOGRelayProbe: Warning: [Warning][RelayProbe.Read] window=[9059,9179] src=Resim hit=318 miss=0 verifyFail=0 rung0=0 total=318
LogOGRelayProbe: Warning: [Warning][RelayProbe.Delta] window=[9059,9179] src=Prediction n=120 p10=-7 p50=-6 p90=-5 min=-7 max=-4 satLow=0 satHigh=0
LogOGRelayProbe: Warning: [Warning][RelayProbe.Delta] window=[9059,9179] src=Resim n=318 p10=-8 p50=-7 p90=-6 min=-9 max=-5 satLow=0 satHigh=0
LogOGResimProbe: Warning: [Warning][ResimProbe.Frame] role=Client simTicks=120 frames=200 meanTicksPerFrameX100=60 p50=1 p99=1 max=1 meanFrameUs=10000
LogOGResimProbe: Warning: [Warning][ResimProbe.Frame] role=Client cadence dFrame1=40 dFrame0=0 dFrameGt1=80 discont=0 numSteps total=120 max=1 gt1=0
LogOGResimProbe: Warning: [Warning][ResimProbe.Landing] class=LocallyPredicted behind=60 atFrontier=0 discarded=0 atFrontierPerMille=0 windowSamples=120
LogOGResimProbe: Warning: [Warning][ResimProbe.Landing] class=RemoteProxy behind=60 atFrontier=0 discarded=0 atFrontierPerMille=0 windowSamples=120
LogOGDivergenceProbe: Warning: [Warning][DivergenceProbe.Window] class=LocallyPredicted corrections=60 disagreed=60 ratePerMille=1000 windowSamples=120
LogOGDivergenceProbe: Warning: [Warning][DivergenceProbe.Window] class=RemoteProxy corrections=60 disagreed=60 ratePerMille=1000 windowSamples=120
LogOGResimProbe: Warning: [Warning][ResimProbe.Gate] checks=120 declined=11 requested=109 requestedPerMille=908 deepSkips=0 survivingAnchors=0
LogOGResimProbe: Warning: [Warning][ResimProbe.Chaos] requests=109 grants=101 refused=8 refusedPerMille=73 repeat=8 clamped=0 depthMin=2 depthMax=4
LogOGResimProbe: Warning: [Warning][ResimProbe.Apply] prepares=101 finishes=101 abandoned=0 stuck=0 replayTicks=394 replayOverruns=0 freshProtects=15 staleProtects=0
LogOGRelayProbe: Warning: [Warning][RelayProbe.Read] window=[9179,9299] src=Prediction hit=120 miss=0 verifyFail=0 rung0=0 total=120
LogOGRelayProbe: Warning: [Warning][RelayProbe.Read] window=[9179,9299] src=Resim hit=388 miss=0 verifyFail=0 rung0=0 total=388
LogOGRelayProbe: Warning: [Warning][RelayProbe.Delta] window=[9179,9299] src=Prediction n=120 p10=-6 p50=-5 p90=-4 min=-7 max=-4 satLow=0 satHigh=0
LogOGRelayProbe: Warning: [Warning][RelayProbe.Delta] window=[9179,9299] src=Resim n=388 p10=-8 p50=-7 p90=-5 min=-10 max=-4 satLow=0 satHigh=0
LogOGResimProbe: Warning: [Warning][ResimProbe.Frame] role=Client simTicks=120 frames=200 meanTicksPerFrameX100=60 p50=1 p99=1 max=1 meanFrameUs=9999
LogOGResimProbe: Warning: [Warning][ResimProbe.Frame] role=Client cadence dFrame1=40 dFrame0=0 dFrameGt1=80 discont=0 numSteps total=120 max=1 gt1=0
LogOGRelayProbe: Warning: [Warning][RelayProbe.Arrival] samples=120 gapCaptureTicks p50=1 p99=2 max=2 noAdvance=0 saturated=0 lostCaptureTicksX1000=0 lost=0 delivered=180 expected=180 discont=0 discontMax=0
LogOGResimProbe: Warning: [Warning][ResimProbe.Landing] class=LocallyPredicted behind=60 atFrontier=0 discarded=0 atFrontierPerMille=0 windowSamples=120
LogOGResimProbe: Warning: [Warning][ResimProbe.Landing] class=RemoteProxy behind=60 atFrontier=0 discarded=0 atFrontierPerMille=0 windowSamples=120
LogOGDivergenceProbe: Warning: [Warning][DivergenceProbe.Window] class=LocallyPredicted corrections=60 disagreed=60 ratePerMille=1000 windowSamples=120
LogOGDivergenceProbe: Warning: [Warning][DivergenceProbe.Window] class=RemoteProxy corrections=60 disagreed=60 ratePerMille=1000 windowSamples=120
LogOGResimProbe: Warning: [Warning][ResimProbe.Gate] checks=120 declined=13 requested=107 requestedPerMille=892 deepSkips=0 survivingAnchors=0
LogOGResimProbe: Warning: [Warning][ResimProbe.Chaos] requests=107 grants=105 refused=2 refusedPerMille=19 repeat=2 clamped=0 depthMin=2 depthMax=4
LogOGResimProbe: Warning: [Warning][ResimProbe.Apply] prepares=105 finishes=105 abandoned=0 stuck=0 replayTicks=368 replayOverruns=0 freshProtects=15 staleProtects=0
LogOGRelayProbe: Warning: [Warning][RelayProbe.Read] window=[9299,9419] src=Prediction hit=120 miss=0 verifyFail=0 rung0=0 total=120
LogOGRelayProbe: Warning: [Warning][RelayProbe.Read] window=[9299,9419] src=Resim hit=361 miss=0 verifyFail=0 rung0=0 total=361
LogOGRelayProbe: Warning: [Warning][RelayProbe.Delta] window=[9299,9419] src=Prediction n=120 p10=-7 p50=-6 p90=-5 min=-7 max=-4 satLow=0 satHigh=0
LogOGRelayProbe: Warning: [Warning][RelayProbe.Delta] window=[9299,9419] src=Resim n=361 p10=-8 p50=-7 p90=-6 min=-11 max=-5 satLow=0 satHigh=0
LogOGResimProbe: Warning: [Warning][ResimProbe.Frame] role=Client simTicks=120 frames=200 meanTicksPerFrameX100=60 p50=1 p99=1 max=1 meanFrameUs=10000
LogOGResimProbe: Warning: [Warning][ResimProbe.Frame] role=Client cadence dFrame1=40 dFrame0=0 dFrameGt1=80 discont=0 numSteps total=120 max=1 gt1=0
LogOGRelayProbe: Warning: [Warning][RelayProbe.Arrival] samples=120 gapCaptureTicks p50=1 p99=2 max=2 noAdvance=0 saturated=0 lostCaptureTicksX1000=0 lost=0 delivered=178 expected=178 discont=0 discontMax=0
LogOGResimProbe: Warning: [Warning][ResimProbe.Landing] class=LocallyPredicted behind=60 atFrontier=0 discarded=0 atFrontierPerMille=0 windowSamples=120
LogOGResimProbe: Warning: [Warning][ResimProbe.Landing] class=RemoteProxy behind=60 atFrontier=0 discarded=0 atFrontierPerMille=0 windowSamples=120
LogOGDivergenceProbe: Warning: [Warning][DivergenceProbe.Window] class=LocallyPredicted corrections=60 disagreed=60 ratePerMille=1000 windowSamples=120
LogOGDivergenceProbe: Warning: [Warning][DivergenceProbe.Window] class=RemoteProxy corrections=60 disagreed=60 ratePerMille=1000 windowSamples=120
LogOGResimProbe: Warning: [Warning][ResimProbe.Gate] checks=120 declined=22 requested=98 requestedPerMille=817 deepSkips=0 survivingAnchors=0
LogOGResimProbe: Warning: [Warning][ResimProbe.Chaos] requests=98 grants=96 refused=2 refusedPerMille=20 repeat=2 clamped=0 depthMin=2 depthMax=4
LogOGResimProbe: Warning: [Warning][ResimProbe.Apply] prepares=96 finishes=96 abandoned=0 stuck=0 replayTicks=332 replayOverruns=0 freshProtects=25 staleProtects=0
LogOGRelayProbe: Warning: [Warning][RelayProbe.Read] window=[9419,9539] src=Prediction hit=120 miss=0 verifyFail=0 rung0=0 total=120
LogOGRelayProbe: Warning: [Warning][RelayProbe.Read] window=[9419,9539] src=Resim hit=318 miss=0 verifyFail=0 rung0=0 total=318
LogOGRelayProbe: Warning: [Warning][RelayProbe.Delta] window=[9419,9539] src=Prediction n=120 p10=-7 p50=-6 p90=-4 min=-7 max=-4 satLow=0 satHigh=0
LogOGRelayProbe: Warning: [Warning][RelayProbe.Delta] window=[9419,9539] src=Resim n=318 p10=-8 p50=-7 p90=-5 min=-10 max=-5 satLow=0 satHigh=0
LogOGResimProbe: Warning: [Warning][ResimProbe.Frame] role=Client simTicks=120 frames=200 meanTicksPerFrameX100=60 p50=1 p99=1 max=1 meanFrameUs=10000
LogOGResimProbe: Warning: [Warning][ResimProbe.Frame] role=Client cadence dFrame1=40 dFrame0=0 dFrameGt1=80 discont=0 numSteps total=120 max=1 gt1=0
LogOGResimProbe: Warning: [Warning][ResimProbe.Landing] class=LocallyPredicted behind=60 atFrontier=0 discarded=0 atFrontierPerMille=0 windowSamples=120
LogOGResimProbe: Warning: [Warning][ResimProbe.Landing] class=RemoteProxy behind=60 atFrontier=0 discarded=0 atFrontierPerMille=0 windowSamples=120
LogOGDivergenceProbe: Warning: [Warning][DivergenceProbe.Window] class=LocallyPredicted corrections=60 disagreed=60 ratePerMille=1000 windowSamples=120
LogOGDivergenceProbe: Warning: [Warning][DivergenceProbe.Window] class=RemoteProxy corrections=60 disagreed=60 ratePerMille=1000 windowSamples=120
LogOGResimProbe: Warning: [Warning][ResimProbe.Gate] checks=120 declined=5 requested=115 requestedPerMille=958 deepSkips=0 survivingAnchors=0
LogOGResimProbe: Warning: [Warning][ResimProbe.Chaos] requests=115 grants=109 refused=6 refusedPerMille=52 repeat=6 clamped=0 depthMin=2 depthMax=4
LogOGResimProbe: Warning: [Warning][ResimProbe.Apply] prepares=109 finishes=109 abandoned=0 stuck=0 replayTicks=376 replayOverruns=0 freshProtects=8 staleProtects=0
LogOGRelayProbe: Warning: [Warning][RelayProbe.Read] window=[9539,9659] src=Prediction hit=120 miss=0 verifyFail=0 rung0=0 total=120
LogOGRelayProbe: Warning: [Warning][RelayProbe.Read] window=[9539,9659] src=Resim hit=372 miss=0 verifyFail=0 rung0=0 total=372
LogOGRelayProbe: Warning: [Warning][RelayProbe.Delta] window=[9539,9659] src=Prediction n=120 p10=-7 p50=-6 p90=-5 min=-7 max=-4 satLow=0 satHigh=0
LogOGRelayProbe: Warning: [Warning][RelayProbe.Delta] window=[9539,9659] src=Resim n=372 p10=-8 p50=-7 p90=-6 min=-10 max=-4 satLow=0 satHigh=0
LogOGResimProbe: Warning: [Warning][ResimProbe.Frame] role=Client simTicks=120 frames=200 meanTicksPerFrameX100=60 p50=1 p99=1 max=1 meanFrameUs=10000
LogOGResimProbe: Warning: [Warning][ResimProbe.Frame] role=Client cadence dFrame1=40 dFrame0=0 dFrameGt1=80 discont=0 numSteps total=120 max=1 gt1=0
LogOGRelayProbe: Warning: [Warning][RelayProbe.Arrival] samples=120 gapCaptureTicks p50=1 p99=2 max=2 noAdvance=0 saturated=0 lostCaptureTicksX1000=0 lost=0 delivered=179 expected=179 discont=0 discontMax=0
LogOGResimProbe: Warning: [Warning][ResimProbe.Landing] class=LocallyPredicted behind=60 atFrontier=0 discarded=0 atFrontierPerMille=0 windowSamples=120
LogOGResimProbe: Warning: [Warning][ResimProbe.Landing] class=RemoteProxy behind=60 atFrontier=0 discarded=0 atFrontierPerMille=0 windowSamples=120
LogOGDivergenceProbe: Warning: [Warning][DivergenceProbe.Window] class=LocallyPredicted corrections=60 disagreed=60 ratePerMille=1000 windowSamples=120
LogOGDivergenceProbe: Warning: [Warning][DivergenceProbe.Window] class=RemoteProxy corrections=60 disagreed=60 ratePerMille=1000 windowSamples=120
LogOGResimProbe: Warning: [Warning][ResimProbe.Gate] checks=120 declined=24 requested=96 requestedPerMille=800 deepSkips=0 survivingAnchors=0
LogOGResimProbe: Warning: [Warning][ResimProbe.Chaos] requests=96 grants=94 refused=2 refusedPerMille=21 repeat=2 clamped=0 depthMin=2 depthMax=4
LogOGResimProbe: Warning: [Warning][ResimProbe.Apply] prepares=94 finishes=94 abandoned=0 stuck=0 replayTicks=351 replayOverruns=0 freshProtects=26 staleProtects=0
LogOGRelayProbe: Warning: [Warning][RelayProbe.Read] window=[9659,9779] src=Prediction hit=120 miss=0 verifyFail=0 rung0=0 total=120
LogOGRelayProbe: Warning: [Warning][RelayProbe.Read] window=[9659,9779] src=Resim hit=335 miss=0 verifyFail=0 rung0=0 total=335
LogOGRelayProbe: Warning: [Warning][RelayProbe.Delta] window=[9659,9779] src=Prediction n=120 p10=-6 p50=-5 p90=-5 min=-7 max=-4 satLow=0 satHigh=0
LogOGRelayProbe: Warning: [Warning][RelayProbe.Delta] window=[9659,9779] src=Resim n=335 p10=-8 p50=-7 p90=-5 min=-10 max=-4 satLow=0 satHigh=0
LogOGResimProbe: Warning: [Warning][ResimProbe.Frame] role=Client simTicks=120 frames=200 meanTicksPerFrameX100=60 p50=1 p99=1 max=1 meanFrameUs=10000
LogOGResimProbe: Warning: [Warning][ResimProbe.Frame] role=Client cadence dFrame1=40 dFrame0=0 dFrameGt1=80 discont=0 numSteps total=120 max=1 gt1=0
LogOGRelayProbe: Warning: [Warning][RelayProbe.Arrival] samples=120 gapCaptureTicks p50=1 p99=2 max=3 noAdvance=0 saturated=0 lostCaptureTicksX1000=0 lost=0 delivered=177 expected=177 discont=0 discontMax=0
LogOGResimProbe: Warning: [Warning][ResimProbe.Landing] class=LocallyPredicted behind=60 atFrontier=0 discarded=0 atFrontierPerMille=0 windowSamples=120
LogOGResimProbe: Warning: [Warning][ResimProbe.Landing] class=RemoteProxy behind=60 atFrontier=0 discarded=0 atFrontierPerMille=0 windowSamples=120
LogOGDivergenceProbe: Warning: [Warning][DivergenceProbe.Window] class=LocallyPredicted corrections=60 disagreed=60 ratePerMille=1000 windowSamples=120
LogOGDivergenceProbe: Warning: [Warning][DivergenceProbe.Window] class=RemoteProxy corrections=60 disagreed=60 ratePerMille=1000 windowSamples=120
LogOGResimProbe: Warning: [Warning][ResimProbe.Gate] checks=120 declined=31 requested=89 requestedPerMille=742 deepSkips=0 survivingAnchors=0
LogOGResimProbe: Warning: [Warning][ResimProbe.Chaos] requests=89 grants=89 refused=0 refusedPerMille=0 repeat=0 clamped=0 depthMin=2 depthMax=3
LogOGResimProbe: Warning: [Warning][ResimProbe.Apply] prepares=89 finishes=89 abandoned=0 stuck=0 replayTicks=336 replayOverruns=0 freshProtects=31 staleProtects=0
LogOGRelayProbe: Warning: [Warning][RelayProbe.Read] window=[9779,9899] src=Prediction hit=120 miss=0 verifyFail=0 rung0=0 total=120
LogOGRelayProbe: Warning: [Warning][RelayProbe.Read] window=[9779,9899] src=Resim hit=321 miss=0 verifyFail=0 rung0=0 total=321
LogOGRelayProbe: Warning: [Warning][RelayProbe.Delta] window=[9779,9899] src=Prediction n=120 p10=-6 p50=-5 p90=-5 min=-7 max=-4 satLow=0 satHigh=0
LogOGRelayProbe: Warning: [Warning][RelayProbe.Delta] window=[9779,9899] src=Resim n=321 p10=-8 p50=-7 p90=-5 min=-9 max=-5 satLow=0 satHigh=0
LogOGResimProbe: Warning: [Warning][ResimProbe.Frame] role=Client simTicks=120 frames=200 meanTicksPerFrameX100=60 p50=1 p99=1 max=1 meanFrameUs=10000
LogOGResimProbe: Warning: [Warning][ResimProbe.Frame] role=Client cadence dFrame1=40 dFrame0=0 dFrameGt1=80 discont=0 numSteps total=120 max=1 gt1=0
LogOGResimProbe: Warning: [Warning][ResimProbe.Landing] class=LocallyPredicted behind=60 atFrontier=0 discarded=0 atFrontierPerMille=0 windowSamples=120
LogOGResimProbe: Warning: [Warning][ResimProbe.Landing] class=RemoteProxy behind=60 atFrontier=0 discarded=0 atFrontierPerMille=0 windowSamples=120
LogOGDivergenceProbe: Warning: [Warning][DivergenceProbe.Window] class=LocallyPredicted corrections=60 disagreed=60 ratePerMille=1000 windowSamples=120
LogOGDivergenceProbe: Warning: [Warning][DivergenceProbe.Window] class=RemoteProxy corrections=60 disagreed=60 ratePerMille=1000 windowSamples=120
LogOGResimProbe: Warning: [Warning][ResimProbe.Gate] checks=120 declined=20 requested=100 requestedPerMille=833 deepSkips=0 survivingAnchors=0
LogOGResimProbe: Warning: [Warning][ResimProbe.Chaos] requests=100 grants=98 refused=2 refusedPerMille=20 repeat=2 clamped=0 depthMin=2 depthMax=4
LogOGResimProbe: Warning: [Warning][ResimProbe.Apply] prepares=98 finishes=98 abandoned=0 stuck=0 replayTicks=348 replayOverruns=0 freshProtects=23 staleProtects=0
LogOGRelayProbe: Warning: [Warning][RelayProbe.Read] window=[9899,10019] src=Prediction hit=120 miss=0 verifyFail=0 rung0=0 total=120
LogOGRelayProbe: Warning: [Warning][RelayProbe.Read] window=[9899,10019] src=Resim hit=337 miss=0 verifyFail=0 rung0=0 total=337
LogOGRelayProbe: Warning: [Warning][RelayProbe.Delta] window=[9899,10019] src=Prediction n=120 p10=-7 p50=-6 p90=-5 min=-7 max=-4 satLow=0 satHigh=0
LogOGRelayProbe: Warning: [Warning][RelayProbe.Delta] window=[9899,10019] src=Resim n=337 p10=-8 p50=-7 p90=-5 min=-10 max=-4 satLow=0 satHigh=0
LogOGResimProbe: Warning: [Warning][ResimProbe.Frame] role=Client simTicks=120 frames=200 meanTicksPerFrameX100=60 p50=1 p99=1 max=1 meanFrameUs=10000
LogOGResimProbe: Warning: [Warning][ResimProbe.Frame] role=Client cadence dFrame1=40 dFrame0=0 dFrameGt1=80 discont=0 numSteps total=120 max=1 gt1=0
LogOGRelayProbe: Warning: [Warning][RelayProbe.Arrival] samples=120 gapCaptureTicks p50=1 p99=2 max=2 noAdvance=0 saturated=0 lostCaptureTicksX1000=0 lost=0 delivered=180 expected=180 discont=0 discontMax=0
LogOGResimProbe: Warning: [Warning][ResimProbe.Landing] class=LocallyPredicted behind=60 atFrontier=0 discarded=0 atFrontierPerMille=0 windowSamples=120
LogOGResimProbe: Warning: [Warning][ResimProbe.Landing] class=RemoteProxy behind=60 atFrontier=0 discarded=0 atFrontierPerMille=0 windowSamples=120
LogOGDivergenceProbe: Warning: [Warning][DivergenceProbe.Window] class=LocallyPredicted corrections=60 disagreed=60 ratePerMille=1000 windowSamples=120
LogOGDivergenceProbe: Warning: [Warning][DivergenceProbe.Window] class=RemoteProxy corrections=60 disagreed=60 ratePerMille=1000 windowSamples=120
LogOGResimProbe: Warning: [Warning][ResimProbe.Gate] checks=120 declined=26 requested=94 requestedPerMille=783 deepSkips=0 survivingAnchors=0
LogOGResimProbe: Warning: [Warning][ResimProbe.Chaos] requests=94 grants=92 refused=2 refusedPerMille=21 repeat=2 clamped=0 depthMin=2 depthMax=4
LogOGResimProbe: Warning: [Warning][ResimProbe.Apply] prepares=92 finishes=92 abandoned=0 stuck=0 replayTicks=345 replayOverruns=0 freshProtects=28 staleProtects=0
LogOGRelayProbe: Warning: [Warning][RelayProbe.Read] window=[10019,10139] src=Prediction hit=120 miss=0 verifyFail=0 rung0=0 total=120
LogOGRelayProbe: Warning: [Warning][RelayProbe.Read] window=[10019,10139] src=Resim hit=330 miss=0 verifyFail=0 rung0=0 total=330
LogOGRelayProbe: Warning: [Warning][RelayProbe.Delta] window=[10019,10139] src=Prediction n=120 p10=-6 p50=-5 p90=-4 min=-7 max=-4 satLow=0 satHigh=0
LogOGRelayProbe: Warning: [Warning][RelayProbe.Delta] window=[10019,10139] src=Resim n=330 p10=-8 p50=-7 p90=-5 min=-10 max=-4 satLow=0 satHigh=0
LogOGResimProbe: Warning: [Warning][ResimProbe.Frame] role=Client simTicks=120 frames=200 meanTicksPerFrameX100=60 p50=1 p99=1 max=1 meanFrameUs=10000
LogOGResimProbe: Warning: [Warning][ResimProbe.Frame] role=Client cadence dFrame1=40 dFrame0=0 dFrameGt1=80 discont=0 numSteps total=120 max=1 gt1=0
LogOGRelayProbe: Warning: [Warning][RelayProbe.Arrival] samples=120 gapCaptureTicks p50=1 p99=2 max=3 noAdvance=0 saturated=0 lostCaptureTicksX1000=0 lost=0 delivered=180 expected=180 discont=0 discontMax=0
LogOGResimProbe: Warning: [Warning][ResimProbe.Landing] class=LocallyPredicted behind=60 atFrontier=0 discarded=0 atFrontierPerMille=0 windowSamples=120
LogOGResimProbe: Warning: [Warning][ResimProbe.Landing] class=RemoteProxy behind=60 atFrontier=0 discarded=0 atFrontierPerMille=0 windowSamples=120
LogOGDivergenceProbe: Warning: [Warning][DivergenceProbe.Window] class=LocallyPredicted corrections=60 disagreed=60 ratePerMille=1000 windowSamples=120
LogOGDivergenceProbe: Warning: [Warning][DivergenceProbe.Window] class=RemoteProxy corrections=60 disagreed=60 ratePerMille=1000 windowSamples=120
LogOGResimProbe: Warning: [Warning][ResimProbe.Gate] checks=120 declined=11 requested=109 requestedPerMille=908 deepSkips=0 survivingAnchors=0
LogOGResimProbe: Warning: [Warning][ResimProbe.Chaos] requests=109 grants=105 refused=4 refusedPerMille=37 repeat=4 clamped=0 depthMin=2 depthMax=4
LogOGResimProbe: Warning: [Warning][ResimProbe.Apply] prepares=105 finishes=105 abandoned=0 stuck=0 replayTicks=388 replayOverruns=0 freshProtects=14 staleProtects=0
LogOGRelayProbe: Warning: [Warning][RelayProbe.Read] window=[10139,10259] src=Prediction hit=120 miss=0 verifyFail=0 rung0=0 total=120
LogOGRelayProbe: Warning: [Warning][RelayProbe.Read] window=[10139,10259] src=Resim hit=377 miss=0 verifyFail=0 rung0=0 total=377
LogOGRelayProbe: Warning: [Warning][RelayProbe.Delta] window=[10139,10259] src=Prediction n=120 p10=-7 p50=-6 p90=-5 min=-7 max=-4 satLow=0 satHigh=0
LogOGRelayProbe: Warning: [Warning][RelayProbe.Delta] window=[10139,10259] src=Resim n=377 p10=-9 p50=-7 p90=-5 min=-10 max=-4 satLow=0 satHigh=0
LogOGResimProbe: Warning: [Warning][ResimProbe.Frame] role=Client simTicks=120 frames=200 meanTicksPerFrameX100=60 p50=1 p99=1 max=1 meanFrameUs=10000
LogOGResimProbe: Warning: [Warning][ResimProbe.Frame] role=Client cadence dFrame1=40 dFrame0=0 dFrameGt1=80 discont=0 numSteps total=120 max=1 gt1=0
LogOGResimProbe: Warning: [Warning][ResimProbe.Landing] class=LocallyPredicted behind=60 atFrontier=0 discarded=0 atFrontierPerMille=0 windowSamples=120
LogOGResimProbe: Warning: [Warning][ResimProbe.Landing] class=RemoteProxy behind=60 atFrontier=0 discarded=0 atFrontierPerMille=0 windowSamples=120
LogOGDivergenceProbe: Warning: [Warning][DivergenceProbe.Window] class=LocallyPredicted corrections=60 disagreed=60 ratePerMille=1000 windowSamples=120
LogOGDivergenceProbe: Warning: [Warning][DivergenceProbe.Window] class=RemoteProxy corrections=60 disagreed=60 ratePerMille=1000 windowSamples=120
LogOGResimProbe: Warning: [Warning][ResimProbe.Gate] checks=120 declined=9 requested=111 requestedPerMille=925 deepSkips=0 survivingAnchors=0
LogOGResimProbe: Warning: [Warning][ResimProbe.Chaos] requests=111 grants=101 refused=10 refusedPerMille=90 repeat=10 clamped=0 depthMin=2 depthMax=4
LogOGResimProbe: Warning: [Warning][ResimProbe.Apply] prepares=101 finishes=101 abandoned=0 stuck=0 replayTicks=347 replayOverruns=0 freshProtects=14 staleProtects=0
LogOGRelayProbe: Warning: [Warning][RelayProbe.Read] window=[10259,10379] src=Prediction hit=120 miss=0 verifyFail=0 rung0=0 total=120
LogOGRelayProbe: Warning: [Warning][RelayProbe.Read] window=[10259,10379] src=Resim hit=343 miss=0 verifyFail=0 rung0=0 total=343
LogOGRelayProbe: Warning: [Warning][RelayProbe.Delta] window=[10259,10379] src=Prediction n=120 p10=-7 p50=-6 p90=-5 min=-7 max=-4 satLow=0 satHigh=0
LogOGRelayProbe: Warning: [Warning][RelayProbe.Delta] window=[10259,10379] src=Resim n=343 p10=-9 p50=-7 p90=-6 min=-10 max=-4 satLow=0 satHigh=0
LogOGResimProbe: Warning: [Warning][ResimProbe.Frame] role=Client simTicks=120 frames=200 meanTicksPerFrameX100=60 p50=1 p99=1 max=1 meanFrameUs=10001
LogOGResimProbe: Warning: [Warning][ResimProbe.Frame] role=Client cadence dFrame1=40 dFrame0=0 dFrameGt1=80 discont=0 numSteps total=120 max=1 gt1=0
LogOGRelayProbe: Warning: [Warning][RelayProbe.Arrival] samples=120 gapCaptureTicks p50=1 p99=2 max=2 noAdvance=0 saturated=0 lostCaptureTicksX1000=0 lost=0 delivered=180 expected=180 discont=0 discontMax=0
LogOGResimProbe: Warning: [Warning][ResimProbe.Landing] class=LocallyPredicted behind=60 atFrontier=0 discarded=0 atFrontierPerMille=0 windowSamples=120
LogOGResimProbe: Warning: [Warning][ResimProbe.Landing] class=RemoteProxy behind=60 atFrontier=0 discarded=0 atFrontierPerMille=0 windowSamples=120
LogOGDivergenceProbe: Warning: [Warning][DivergenceProbe.Window] class=LocallyPredicted corrections=60 disagreed=60 ratePerMille=1000 windowSamples=120
LogOGDivergenceProbe: Warning: [Warning][DivergenceProbe.Window] class=RemoteProxy corrections=60 disagreed=60 ratePerMille=1000 windowSamples=120
LogOGResimProbe: Warning: [Warning][ResimProbe.Gate] checks=120 declined=29 requested=91 requestedPerMille=758 deepSkips=0 survivingAnchors=0
LogOGResimProbe: Warning: [Warning][ResimProbe.Chaos] requests=91 grants=89 refused=2 refusedPerMille=22 repeat=2 clamped=0 depthMin=2 depthMax=4
LogOGResimProbe: Warning: [Warning][ResimProbe.Apply] prepares=89 finishes=89 abandoned=0 stuck=0 replayTicks=323 replayOverruns=0 freshProtects=31 staleProtects=0
LogOGRelayProbe: Warning: [Warning][RelayProbe.Read] window=[10379,10499] src=Prediction hit=120 miss=0 verifyFail=0 rung0=0 total=120
LogOGRelayProbe: Warning: [Warning][RelayProbe.Read] window=[10379,10499] src=Resim hit=309 miss=0 verifyFail=0 rung0=0 total=309
LogOGRelayProbe: Warning: [Warning][RelayProbe.Delta] window=[10379,10499] src=Prediction n=120 p10=-6 p50=-5 p90=-5 min=-7 max=-4 satLow=0 satHigh=0
LogOGRelayProbe: Warning: [Warning][RelayProbe.Delta] window=[10379,10499] src=Resim n=309 p10=-8 p50=-7 p90=-5 min=-10 max=-4 satLow=0 satHigh=0
LogOGResimProbe: Warning: [Warning][ResimProbe.Frame] role=Client simTicks=120 frames=200 meanTicksPerFrameX100=60 p50=1 p99=1 max=1 meanFrameUs=9999
LogOGResimProbe: Warning: [Warning][ResimProbe.Frame] role=Client cadence dFrame1=40 dFrame0=0 dFrameGt1=80 discont=0 numSteps total=120 max=1 gt1=0
LogOGRelayProbe: Warning: [Warning][RelayProbe.Arrival] samples=120 gapCaptureTicks p50=1 p99=2 max=2 noAdvance=0 saturated=0 lostCaptureTicksX1000=0 lost=0 delivered=180 expected=180 discont=0 discontMax=0
LogOGResimProbe: Warning: [Warning][ResimProbe.Landing] class=LocallyPredicted behind=60 atFrontier=0 discarded=0 atFrontierPerMille=0 windowSamples=120
LogOGResimProbe: Warning: [Warning][ResimProbe.Landing] class=RemoteProxy behind=60 atFrontier=0 discarded=0 atFrontierPerMille=0 windowSamples=120
LogOGDivergenceProbe: Warning: [Warning][DivergenceProbe.Window] class=LocallyPredicted corrections=60 disagreed=60 ratePerMille=1000 windowSamples=120
LogOGDivergenceProbe: Warning: [Warning][DivergenceProbe.Window] class=RemoteProxy corrections=60 disagreed=60 ratePerMille=1000 windowSamples=120
LogOGResimProbe: Warning: [Warning][ResimProbe.Gate] checks=120 declined=13 requested=107 requestedPerMille=892 deepSkips=0 survivingAnchors=0
LogOGResimProbe: Warning: [Warning][ResimProbe.Chaos] requests=107 grants=105 refused=2 refusedPerMille=19 repeat=2 clamped=0 depthMin=2 depthMax=4
LogOGResimProbe: Warning: [Warning][ResimProbe.Apply] prepares=105 finishes=105 abandoned=0 stuck=0 replayTicks=345 replayOverruns=0 freshProtects=15 staleProtects=0
LogOGRelayProbe: Warning: [Warning][RelayProbe.Read] window=[10499,10619] src=Prediction hit=120 miss=0 verifyFail=0 rung0=0 total=120
LogOGRelayProbe: Warning: [Warning][RelayProbe.Read] window=[10499,10619] src=Resim hit=337 miss=0 verifyFail=0 rung0=0 total=337
LogOGRelayProbe: Warning: [Warning][RelayProbe.Delta] window=[10499,10619] src=Prediction n=120 p10=-7 p50=-6 p90=-5 min=-7 max=-4 satLow=0 satHigh=0
LogOGRelayProbe: Warning: [Warning][RelayProbe.Delta] window=[10499,10619] src=Resim n=337 p10=-8 p50=-7 p90=-6 min=-10 max=-5 satLow=0 satHigh=0
LogOGResimProbe: Warning: [Warning][ResimProbe.Frame] role=Client simTicks=120 frames=200 meanTicksPerFrameX100=60 p50=1 p99=1 max=1 meanFrameUs=10000
LogOGResimProbe: Warning: [Warning][ResimProbe.Frame] role=Client cadence dFrame1=40 dFrame0=0 dFrameGt1=80 discont=0 numSteps total=120 max=1 gt1=0
LogOGResimProbe: Warning: [Warning][ResimProbe.Landing] class=LocallyPredicted behind=60 atFrontier=0 discarded=0 atFrontierPerMille=0 windowSamples=120
LogOGResimProbe: Warning: [Warning][ResimProbe.Landing] class=RemoteProxy behind=60 atFrontier=0 discarded=0 atFrontierPerMille=0 windowSamples=120
LogOGDivergenceProbe: Warning: [Warning][DivergenceProbe.Window] class=LocallyPredicted corrections=60 disagreed=60 ratePerMille=1000 windowSamples=120
LogOGDivergenceProbe: Warning: [Warning][DivergenceProbe.Window] class=RemoteProxy corrections=60 disagreed=60 ratePerMille=1000 windowSamples=120
LogOGResimProbe: Warning: [Warning][ResimProbe.Gate] checks=120 declined=22 requested=98 requestedPerMille=817 deepSkips=0 survivingAnchors=0
LogOGResimProbe: Warning: [Warning][ResimProbe.Chaos] requests=98 grants=98 refused=0 refusedPerMille=0 repeat=0 clamped=0 depthMin=2 depthMax=3
LogOGResimProbe: Warning: [Warning][ResimProbe.Apply] prepares=98 finishes=98 abandoned=0 stuck=0 replayTicks=350 replayOverruns=0 freshProtects=23 staleProtects=0
LogOGRelayProbe: Warning: [Warning][RelayProbe.Read] window=[10619,10739] src=Prediction hit=120 miss=0 verifyFail=0 rung0=0 total=120
LogOGRelayProbe: Warning: [Warning][RelayProbe.Read] window=[10619,10739] src=Resim hit=338 miss=0 verifyFail=0 rung0=0 total=338
LogOGRelayProbe: Warning: [Warning][RelayProbe.Delta] window=[10619,10739] src=Prediction n=120 p10=-6 p50=-5 p90=-5 min=-7 max=-4 satLow=0 satHigh=0
LogOGRelayProbe: Warning: [Warning][RelayProbe.Delta] window=[10619,10739] src=Resim n=338 p10=-8 p50=-7 p90=-5 min=-9 max=-4 satLow=0 satHigh=0
LogOGResimProbe: Warning: [Warning][ResimProbe.Frame] role=Client simTicks=120 frames=200 meanTicksPerFrameX100=60 p50=1 p99=1 max=1 meanFrameUs=10000
LogOGResimProbe: Warning: [Warning][ResimProbe.Frame] role=Client cadence dFrame1=40 dFrame0=0 dFrameGt1=80 discont=0 numSteps total=120 max=1 gt1=0
LogOGRelayProbe: Warning: [Warning][RelayProbe.Arrival] samples=120 gapCaptureTicks p50=1 p99=2 max=2 noAdvance=0 saturated=0 lostCaptureTicksX1000=0 lost=0 delivered=179 expected=179 discont=0 discontMax=0
LogOGResimProbe: Warning: [Warning][ResimProbe.Landing] class=LocallyPredicted behind=60 atFrontier=0 discarded=0 atFrontierPerMille=0 windowSamples=120
LogOGResimProbe: Warning: [Warning][ResimProbe.Landing] class=RemoteProxy behind=60 atFrontier=0 discarded=0 atFrontierPerMille=0 windowSamples=120
LogOGDivergenceProbe: Warning: [Warning][DivergenceProbe.Window] class=LocallyPredicted corrections=60 disagreed=60 ratePerMille=1000 windowSamples=120
LogOGDivergenceProbe: Warning: [Warning][DivergenceProbe.Window] class=RemoteProxy corrections=60 disagreed=60 ratePerMille=1000 windowSamples=120
LogOGResimProbe: Warning: [Warning][ResimProbe.Gate] checks=120 declined=12 requested=108 requestedPerMille=900 deepSkips=0 survivingAnchors=0
LogOGResimProbe: Warning: [Warning][ResimProbe.Chaos] requests=108 grants=104 refused=4 refusedPerMille=37 repeat=4 clamped=0 depthMin=2 depthMax=4
LogOGResimProbe: Warning: [Warning][ResimProbe.Apply] prepares=104 finishes=104 abandoned=0 stuck=0 replayTicks=328 replayOverruns=0 freshProtects=14 staleProtects=0
LogOGRelayProbe: Warning: [Warning][RelayProbe.Read] window=[10739,10859] src=Prediction hit=120 miss=0 verifyFail=0 rung0=0 total=120
LogOGRelayProbe: Warning: [Warning][RelayProbe.Read] window=[10739,10859] src=Resim hit=323 miss=0 verifyFail=0 rung0=0 total=323
LogOGRelayProbe: Warning: [Warning][RelayProbe.Delta] window=[10739,10859] src=Prediction n=120 p10=-7 p50=-6 p90=-5 min=-7 max=-5 satLow=0 satHigh=0
LogOGRelayProbe: Warning: [Warning][RelayProbe.Delta] window=[10739,10859] src=Resim n=323 p10=-8 p50=-7 p90=-6 min=-10 max=-5 satLow=0 satHigh=0
LogOGResimProbe: Warning: [Warning][ResimProbe.Frame] role=Client simTicks=120 frames=200 meanTicksPerFrameX100=60 p50=1 p99=1 max=1 meanFrameUs=10000
LogOGResimProbe: Warning: [Warning][ResimProbe.Frame] role=Client cadence dFrame1=40 dFrame0=0 dFrameGt1=80 discont=0 numSteps total=120 max=1 gt1=0
LogOGRelayProbe: Warning: [Warning][RelayProbe.Arrival] samples=120 gapCaptureTicks p50=1 p99=2 max=2 noAdvance=0 saturated=0 lostCaptureTicksX1000=0 lost=0 delivered=179 expected=179 discont=0 discontMax=0
LogOGResimProbe: Warning: [Warning][ResimProbe.Landing] class=LocallyPredicted behind=60 atFrontier=0 discarded=0 atFrontierPerMille=0 windowSamples=120
LogOGResimProbe: Warning: [Warning][ResimProbe.Landing] class=RemoteProxy behind=60 atFrontier=0 discarded=0 atFrontierPerMille=0 windowSamples=120
LogOGDivergenceProbe: Warning: [Warning][DivergenceProbe.Window] class=LocallyPredicted corrections=60 disagreed=60 ratePerMille=1000 windowSamples=120
LogOGDivergenceProbe: Warning: [Warning][DivergenceProbe.Window] class=RemoteProxy corrections=60 disagreed=60 ratePerMille=1000 windowSamples=120
LogOGResimProbe: Warning: [Warning][ResimProbe.Gate] checks=120 declined=30 requested=90 requestedPerMille=750 deepSkips=0 survivingAnchors=0
LogOGResimProbe: Warning: [Warning][ResimProbe.Chaos] requests=90 grants=88 refused=2 refusedPerMille=22 repeat=2 clamped=0 depthMin=2 depthMax=4
LogOGResimProbe: Warning: [Warning][ResimProbe.Apply] prepares=88 finishes=88 abandoned=0 stuck=0 replayTicks=326 replayOverruns=0 freshProtects=31 staleProtects=0
LogOGRelayProbe: Warning: [Warning][RelayProbe.Read] window=[10859,10979] src=Prediction hit=120 miss=0 verifyFail=0 rung0=0 total=120
LogOGRelayProbe: Warning: [Warning][RelayProbe.Read] window=[10859,10979] src=Resim hit=310 miss=0 verifyFail=0 rung0=0 total=310
LogOGRelayProbe: Warning: [Warning][RelayProbe.Delta] window=[10859,10979] src=Prediction n=120 p10=-6 p50=-5 p90=-5 min=-7 max=-4 satLow=0 satHigh=0
LogOGRelayProbe: Warning: [Warning][RelayProbe.Delta] window=[10859,10979] src=Resim n=310 p10=-8 p50=-7 p90=-5 min=-10 max=-5 satLow=0 satHigh=0
LogOGResimProbe: Warning: [Warning][ResimProbe.Frame] role=Client simTicks=120 frames=200 meanTicksPerFrameX100=60 p50=1 p99=1 max=1 meanFrameUs=9999
LogOGResimProbe: Warning: [Warning][ResimProbe.Frame] role=Client cadence dFrame1=40 dFrame0=0 dFrameGt1=80 discont=0 numSteps total=120 max=1 gt1=0
LogOGResimProbe: Warning: [Warning][ResimProbe.Landing] class=LocallyPredicted behind=60 atFrontier=0 discarded=0 atFrontierPerMille=0 windowSamples=120
LogOGResimProbe: Warning: [Warning][ResimProbe.Landing] class=RemoteProxy behind=60 atFrontier=0 discarded=0 atFrontierPerMille=0 windowSamples=120
LogOGDivergenceProbe: Warning: [Warning][DivergenceProbe.Window] class=LocallyPredicted corrections=60 disagreed=60 ratePerMille=1000 windowSamples=120
LogOGDivergenceProbe: Warning: [Warning][DivergenceProbe.Window] class=RemoteProxy corrections=60 disagreed=60 ratePerMille=1000 windowSamples=120
LogOGResimProbe: Warning: [Warning][ResimProbe.Gate] checks=120 declined=12 requested=108 requestedPerMille=900 deepSkips=0 survivingAnchors=0
LogOGResimProbe: Warning: [Warning][ResimProbe.Chaos] requests=108 grants=102 refused=6 refusedPerMille=56 repeat=6 clamped=0 depthMin=2 depthMax=4
LogOGResimProbe: Warning: [Warning][ResimProbe.Apply] prepares=102 finishes=102 abandoned=0 stuck=0 replayTicks=382 replayOverruns=0 freshProtects=16 staleProtects=0
LogOGRelayProbe: Warning: [Warning][RelayProbe.Read] window=[10979,11099] src=Prediction hit=120 miss=0 verifyFail=0 rung0=0 total=120
LogOGRelayProbe: Warning: [Warning][RelayProbe.Read] window=[10979,11099] src=Resim hit=374 miss=0 verifyFail=0 rung0=0 total=374
LogOGRelayProbe: Warning: [Warning][RelayProbe.Delta] window=[10979,11099] src=Prediction n=120 p10=-6 p50=-6 p90=-5 min=-7 max=-4 satLow=0 satHigh=0
LogOGRelayProbe: Warning: [Warning][RelayProbe.Delta] window=[10979,11099] src=Resim n=374 p10=-9 p50=-7 p90=-5 min=-11 max=-5 satLow=0 satHigh=0
LogOGResimProbe: Warning: [Warning][ResimProbe.Frame] role=Client simTicks=120 frames=200 meanTicksPerFrameX100=60 p50=1 p99=1 max=1 meanFrameUs=10000
LogOGResimProbe: Warning: [Warning][ResimProbe.Frame] role=Client cadence dFrame1=40 dFrame0=0 dFrameGt1=80 discont=0 numSteps total=120 max=1 gt1=0
LogOGRelayProbe: Warning: [Warning][RelayProbe.Arrival] samples=120 gapCaptureTicks p50=1 p99=2 max=2 noAdvance=0 saturated=0 lostCaptureTicksX1000=0 lost=0 delivered=180 expected=180 discont=0 discontMax=0
LogOGResimProbe: Warning: [Warning][ResimProbe.Landing] class=LocallyPredicted behind=60 atFrontier=0 discarded=0 atFrontierPerMille=0 windowSamples=120
LogOGResimProbe: Warning: [Warning][ResimProbe.Landing] class=RemoteProxy behind=60 atFrontier=0 discarded=0 atFrontierPerMille=0 windowSamples=120
LogOGDivergenceProbe: Warning: [Warning][DivergenceProbe.Window] class=LocallyPredicted corrections=60 disagreed=60 ratePerMille=1000 windowSamples=120
LogOGDivergenceProbe: Warning: [Warning][DivergenceProbe.Window] class=RemoteProxy corrections=60 disagreed=60 ratePerMille=1000 windowSamples=120
LogOGResimProbe: Warning: [Warning][ResimProbe.Gate] checks=120 declined=18 requested=102 requestedPerMille=850 deepSkips=0 survivingAnchors=0
LogOGResimProbe: Warning: [Warning][ResimProbe.Chaos] requests=102 grants=100 refused=2 refusedPerMille=20 repeat=2 clamped=0 depthMin=2 depthMax=4
LogOGResimProbe: Warning: [Warning][ResimProbe.Apply] prepares=100 finishes=100 abandoned=0 stuck=0 replayTicks=370 replayOverruns=0 freshProtects=20 staleProtects=0
LogOGRelayProbe: Warning: [Warning][RelayProbe.Read] window=[11099,11219] src=Prediction hit=120 miss=0 verifyFail=0 rung0=0 total=120
LogOGRelayProbe: Warning: [Warning][RelayProbe.Read] window=[11099,11219] src=Resim hit=359 miss=0 verifyFail=0 rung0=0 total=359
LogOGRelayProbe: Warning: [Warning][RelayProbe.Delta] window=[11099,11219] src=Prediction n=120 p10=-6 p50=-5 p90=-4 min=-7 max=-4 satLow=0 satHigh=0
LogOGRelayProbe: Warning: [Warning][RelayProbe.Delta] window=[11099,11219] src=Resim n=359 p10=-8 p50=-7 p90=-5 min=-10 max=-4 satLow=0 satHigh=0
LogOGResimProbe: Warning: [Warning][ResimProbe.Frame] role=Client simTicks=120 frames=200 meanTicksPerFrameX100=60 p50=1 p99=1 max=1 meanFrameUs=9999
LogOGResimProbe: Warning: [Warning][ResimProbe.Frame] role=Client cadence dFrame1=40 dFrame0=0 dFrameGt1=80 discont=0 numSteps total=120 max=1 gt1=0
LogOGRelayProbe: Warning: [Warning][RelayProbe.Arrival] samples=120 gapCaptureTicks p50=2 p99=2 max=2 noAdvance=0 saturated=0 lostCaptureTicksX1000=0 lost=0 delivered=181 expected=181 discont=0 discontMax=0
LogOGResimProbe: Warning: [Warning][ResimProbe.Landing] class=LocallyPredicted behind=60 atFrontier=0 discarded=0 atFrontierPerMille=0 windowSamples=120
LogOGResimProbe: Warning: [Warning][ResimProbe.Landing] class=RemoteProxy behind=60 atFrontier=0 discarded=0 atFrontierPerMille=0 windowSamples=120
LogOGDivergenceProbe: Warning: [Warning][DivergenceProbe.Window] class=LocallyPredicted corrections=60 disagreed=60 ratePerMille=1000 windowSamples=120
LogOGDivergenceProbe: Warning: [Warning][DivergenceProbe.Window] class=RemoteProxy corrections=60 disagreed=60 ratePerMille=1000 windowSamples=120
LogOGResimProbe: Warning: [Warning][ResimProbe.Gate] checks=120 declined=13 requested=107 requestedPerMille=892 deepSkips=0 survivingAnchors=0
LogOGResimProbe: Warning: [Warning][ResimProbe.Chaos] requests=107 grants=105 refused=2 refusedPerMille=19 repeat=2 clamped=0 depthMin=2 depthMax=4
LogOGResimProbe: Warning: [Warning][ResimProbe.Apply] prepares=105 finishes=105 abandoned=0 stuck=0 replayTicks=342 replayOverruns=0 freshProtects=15 staleProtects=0
LogOGRelayProbe: Warning: [Warning][RelayProbe.Read] window=[11219,11339] src=Prediction hit=120 miss=0 verifyFail=0 rung0=0 total=120
LogOGRelayProbe: Warning: [Warning][RelayProbe.Read] window=[11219,11339] src=Resim hit=333 miss=0 verifyFail=0 rung0=0 total=333
LogOGRelayProbe: Warning: [Warning][RelayProbe.Delta] window=[11219,11339] src=Prediction n=120 p10=-7 p50=-6 p90=-5 min=-7 max=-4 satLow=0 satHigh=0
LogOGRelayProbe: Warning: [Warning][RelayProbe.Delta] window=[11219,11339] src=Resim n=333 p10=-8 p50=-7 p90=-6 min=-10 max=-5 satLow=0 satHigh=0
LogOGResimProbe: Warning: [Warning][ResimProbe.Frame] role=Client simTicks=120 frames=200 meanTicksPerFrameX100=60 p50=1 p99=1 max=1 meanFrameUs=10000
LogOGResimProbe: Warning: [Warning][ResimProbe.Frame] role=Client cadence dFrame1=40 dFrame0=0 dFrameGt1=80 discont=0 numSteps total=120 max=1 gt1=0
LogOGResimProbe: Warning: [Warning][ResimProbe.Landing] class=LocallyPredicted behind=60 atFrontier=0 discarded=0 atFrontierPerMille=0 windowSamples=120
LogOGResimProbe: Warning: [Warning][ResimProbe.Landing] class=RemoteProxy behind=60 atFrontier=0 discarded=0 atFrontierPerMille=0 windowSamples=120
LogOGDivergenceProbe: Warning: [Warning][DivergenceProbe.Window] class=LocallyPredicted corrections=60 disagreed=60 ratePerMille=1000 windowSamples=120
LogOGDivergenceProbe: Warning: [Warning][DivergenceProbe.Window] class=RemoteProxy corrections=60 disagreed=60 ratePerMille=1000 windowSamples=120
LogOGResimProbe: Warning: [Warning][ResimProbe.Gate] checks=120 declined=31 requested=89 requestedPerMille=742 deepSkips=0 survivingAnchors=0
LogOGResimProbe: Warning: [Warning][ResimProbe.Chaos] requests=89 grants=89 refused=0 refusedPerMille=0 repeat=0 clamped=0 depthMin=3 depthMax=3
LogOGResimProbe: Warning: [Warning][ResimProbe.Apply] prepares=89 finishes=89 abandoned=0 stuck=0 replayTicks=356 replayOverruns=0 freshProtects=31 staleProtects=0
LogOGRelayProbe: Warning: [Warning][RelayProbe.Read] window=[11339,11459] src=Prediction hit=120 miss=0 verifyFail=0 rung0=0 total=120
LogOGRelayProbe: Warning: [Warning][RelayProbe.Read] window=[11339,11459] src=Resim hit=340 miss=0 verifyFail=0 rung0=0 total=340
LogOGRelayProbe: Warning: [Warning][RelayProbe.Delta] window=[11339,11459] src=Prediction n=120 p10=-6 p50=-5 p90=-4 min=-6 max=-4 satLow=0 satHigh=0
LogOGRelayProbe: Warning: [Warning][RelayProbe.Delta] window=[11339,11459] src=Resim n=340 p10=-8 p50=-7 p90=-5 min=-9 max=-4 satLow=0 satHigh=0
LogOGResimProbe: Warning: [Warning][ResimProbe.Frame] role=Client simTicks=120 frames=200 meanTicksPerFrameX100=60 p50=1 p99=1 max=1 meanFrameUs=10000
LogOGResimProbe: Warning: [Warning][ResimProbe.Frame] role=Client cadence dFrame1=40 dFrame0=0 dFrameGt1=80 discont=0 numSteps total=120 max=1 gt1=0
LogOGRelayProbe: Warning: [Warning][RelayProbe.Arrival] samples=120 gapCaptureTicks p50=2 p99=2 max=3 noAdvance=0 saturated=0 lostCaptureTicksX1000=0 lost=0 delivered=183 expected=183 discont=0 discontMax=0
LogOGResimProbe: Warning: [Warning][ResimProbe.Landing] class=LocallyPredicted behind=60 atFrontier=0 discarded=0 atFrontierPerMille=0 windowSamples=120
LogOGResimProbe: Warning: [Warning][ResimProbe.Landing] class=RemoteProxy behind=60 atFrontier=0 discarded=0 atFrontierPerMille=0 windowSamples=120
LogOGDivergenceProbe: Warning: [Warning][DivergenceProbe.Window] class=LocallyPredicted corrections=60 disagreed=60 ratePerMille=1000 windowSamples=120
LogOGDivergenceProbe: Warning: [Warning][DivergenceProbe.Window] class=RemoteProxy corrections=60 disagreed=60 ratePerMille=1000 windowSamples=120
LogOGResimProbe: Warning: [Warning][ResimProbe.Gate] checks=120 declined=13 requested=107 requestedPerMille=892 deepSkips=0 survivingAnchors=0
LogOGResimProbe: Warning: [Warning][ResimProbe.Chaos] requests=107 grants=105 refused=2 refusedPerMille=19 repeat=2 clamped=0 depthMin=2 depthMax=4
LogOGResimProbe: Warning: [Warning][ResimProbe.Apply] prepares=105 finishes=105 abandoned=0 stuck=0 replayTicks=398 replayOverruns=0 freshProtects=15 staleProtects=0
LogOGRelayProbe: Warning: [Warning][RelayProbe.Read] window=[11459,11579] src=Prediction hit=120 miss=0 verifyFail=0 rung0=0 total=120
LogOGRelayProbe: Warning: [Warning][RelayProbe.Read] window=[11459,11579] src=Resim hit=390 miss=0 verifyFail=0 rung0=0 total=390
LogOGRelayProbe: Warning: [Warning][RelayProbe.Delta] window=[11459,11579] src=Prediction n=120 p10=-6 p50=-5 p90=-5 min=-7 max=-4 satLow=0 satHigh=0
LogOGRelayProbe: Warning: [Warning][RelayProbe.Delta] window=[11459,11579] src=Resim n=390 p10=-8 p50=-7 p90=-5 min=-9 max=-5 satLow=0 satHigh=0
LogOGResimProbe: Warning: [Warning][ResimProbe.Frame] role=Client simTicks=120 frames=200 meanTicksPerFrameX100=60 p50=1 p99=1 max=1 meanFrameUs=9999
LogOGResimProbe: Warning: [Warning][ResimProbe.Frame] role=Client cadence dFrame1=40 dFrame0=0 dFrameGt1=80 discont=0 numSteps total=120 max=1 gt1=0
LogOGResimProbe: Warning: [Warning][ResimProbe.Landing] class=LocallyPredicted behind=60 atFrontier=0 discarded=0 atFrontierPerMille=0 windowSamples=120
LogOGResimProbe: Warning: [Warning][ResimProbe.Landing] class=RemoteProxy behind=60 atFrontier=0 discarded=0 atFrontierPerMille=0 windowSamples=120
LogOGRelayProbe: Warning: [Warning][RelayProbe.Arrival] samples=120 gapCaptureTicks p50=1 p99=2 max=3 noAdvance=0 saturated=0 lostCaptureTicksX1000=0 lost=0 delivered=181 expected=181 discont=0 discontMax=0
LogOGDivergenceProbe: Warning: [Warning][DivergenceProbe.Window] class=LocallyPredicted corrections=60 disagreed=60 ratePerMille=1000 windowSamples=120
LogOGDivergenceProbe: Warning: [Warning][DivergenceProbe.Window] class=RemoteProxy corrections=60 disagreed=60 ratePerMille=1000 windowSamples=120
LogOGResimProbe: Warning: [Warning][ResimProbe.Gate] checks=120 declined=32 requested=88 requestedPerMille=733 deepSkips=0 survivingAnchors=0
LogOGResimProbe: Warning: [Warning][ResimProbe.Chaos] requests=88 grants=88 refused=0 refusedPerMille=0 repeat=0 clamped=0 depthMin=2 depthMax=3
LogOGResimProbe: Warning: [Warning][ResimProbe.Apply] prepares=88 finishes=88 abandoned=0 stuck=0 replayTicks=318 replayOverruns=0 freshProtects=33 staleProtects=0
LogOGRelayProbe: Warning: [Warning][RelayProbe.Read] window=[11579,11699] src=Prediction hit=120 miss=0 verifyFail=0 rung0=0 total=120
LogOGRelayProbe: Warning: [Warning][RelayProbe.Read] window=[11579,11699] src=Resim hit=302 miss=0 verifyFail=0 rung0=0 total=302
LogOGRelayProbe: Warning: [Warning][RelayProbe.Delta] window=[11579,11699] src=Prediction n=120 p10=-6 p50=-5 p90=-5 min=-7 max=-4 satLow=0 satHigh=0
LogOGRelayProbe: Warning: [Warning][RelayProbe.Delta] window=[11579,11699] src=Resim n=302 p10=-8 p50=-7 p90=-5 min=-9 max=-4 satLow=0 satHigh=0
LogOGResimProbe: Warning: [Warning][ResimProbe.Frame] role=Client simTicks=120 frames=200 meanTicksPerFrameX100=60 p50=1 p99=1 max=1 meanFrameUs=10000
LogOGResimProbe: Warning: [Warning][ResimProbe.Frame] role=Client cadence dFrame1=40 dFrame0=0 dFrameGt1=80 discont=0 numSteps total=120 max=1 gt1=0
LogOGResimProbe: Warning: [Warning][ResimProbe.Landing] class=LocallyPredicted behind=60 atFrontier=0 discarded=0 atFrontierPerMille=0 windowSamples=120
LogOGResimProbe: Warning: [Warning][ResimProbe.Landing] class=RemoteProxy behind=60 atFrontier=0 discarded=0 atFrontierPerMille=0 windowSamples=120
LogOGDivergenceProbe: Warning: [Warning][DivergenceProbe.Window] class=LocallyPredicted corrections=60 disagreed=60 ratePerMille=1000 windowSamples=120
LogOGDivergenceProbe: Warning: [Warning][DivergenceProbe.Window] class=RemoteProxy corrections=60 disagreed=60 ratePerMille=1000 windowSamples=120
LogOGResimProbe: Warning: [Warning][ResimProbe.Gate] checks=120 declined=25 requested=95 requestedPerMille=792 deepSkips=0 survivingAnchors=0
LogOGResimProbe: Warning: [Warning][ResimProbe.Chaos] requests=95 grants=93 refused=2 refusedPerMille=21 repeat=2 clamped=0 depthMin=2 depthMax=4
LogOGResimProbe: Warning: [Warning][ResimProbe.Apply] prepares=93 finishes=93 abandoned=0 stuck=0 replayTicks=324 replayOverruns=0 freshProtects=26 staleProtects=0
LogOGRelayProbe: Warning: [Warning][RelayProbe.Read] window=[11699,11819] src=Prediction hit=120 miss=0 verifyFail=0 rung0=0 total=120
LogOGRelayProbe: Warning: [Warning][RelayProbe.Read] window=[11699,11819] src=Resim hit=312 miss=0 verifyFail=0 rung0=0 total=312
LogOGRelayProbe: Warning: [Warning][RelayProbe.Delta] window=[11699,11819] src=Prediction n=120 p10=-7 p50=-6 p90=-4 min=-7 max=-4 satLow=0 satHigh=0
LogOGRelayProbe: Warning: [Warning][RelayProbe.Delta] window=[11699,11819] src=Resim n=312 p10=-8 p50=-7 p90=-5 min=-10 max=-5 satLow=0 satHigh=0
LogOGResimProbe: Warning: [Warning][ResimProbe.Frame] role=Client simTicks=120 frames=200 meanTicksPerFrameX100=60 p50=1 p99=1 max=1 meanFrameUs=10000
LogOGResimProbe: Warning: [Warning][ResimProbe.Frame] role=Client cadence dFrame1=40 dFrame0=0 dFrameGt1=80 discont=0 numSteps total=120 max=1 gt1=0
LogOGRelayProbe: Warning: [Warning][RelayProbe.Arrival] samples=120 gapCaptureTicks p50=1 p99=2 max=2 noAdvance=0 saturated=0 lostCaptureTicksX1000=0 lost=0 delivered=178 expected=178 discont=0 discontMax=0
LogOGResimProbe: Warning: [Warning][ResimProbe.Landing] class=LocallyPredicted behind=60 atFrontier=0 discarded=0 atFrontierPerMille=0 windowSamples=120
LogOGResimProbe: Warning: [Warning][ResimProbe.Landing] class=RemoteProxy behind=60 atFrontier=0 discarded=0 atFrontierPerMille=0 windowSamples=120
LogOGDivergenceProbe: Warning: [Warning][DivergenceProbe.Window] class=LocallyPredicted corrections=60 disagreed=60 ratePerMille=1000 windowSamples=120
LogOGDivergenceProbe: Warning: [Warning][DivergenceProbe.Window] class=RemoteProxy corrections=60 disagreed=60 ratePerMille=1000 windowSamples=120
LogOGResimProbe: Warning: [Warning][ResimProbe.Gate] checks=120 declined=10 requested=110 requestedPerMille=917 deepSkips=0 survivingAnchors=0
LogOGResimProbe: Warning: [Warning][ResimProbe.Chaos] requests=110 grants=106 refused=4 refusedPerMille=36 repeat=4 clamped=0 depthMin=2 depthMax=4
LogOGResimProbe: Warning: [Warning][ResimProbe.Apply] prepares=106 finishes=106 abandoned=0 stuck=0 replayTicks=391 replayOverruns=0 freshProtects=13 staleProtects=0
LogOGRelayProbe: Warning: [Warning][RelayProbe.Read] window=[11819,11939] src=Prediction hit=120 miss=0 verifyFail=0 rung0=0 total=120
LogOGRelayProbe: Warning: [Warning][RelayProbe.Read] window=[11819,11939] src=Resim hit=386 miss=0 verifyFail=0 rung0=0 total=386
LogOGRelayProbe: Warning: [Warning][RelayProbe.Delta] window=[11819,11939] src=Prediction n=120 p10=-7 p50=-6 p90=-5 min=-7 max=-4 satLow=0 satHigh=0
LogOGRelayProbe: Warning: [Warning][RelayProbe.Delta] window=[11819,11939] src=Resim n=386 p10=-9 p50=-7 p90=-5 min=-10 max=-5 satLow=0 satHigh=0
LogOGResimProbe: Warning: [Warning][ResimProbe.Frame] role=Client simTicks=120 frames=200 meanTicksPerFrameX100=60 p50=1 p99=1 max=1 meanFrameUs=10000
LogOGResimProbe: Warning: [Warning][ResimProbe.Frame] role=Client cadence dFrame1=40 dFrame0=0 dFrameGt1=80 discont=0 numSteps total=120 max=1 gt1=0
LogOGResimProbe: Warning: [Warning][ResimProbe.Landing] class=LocallyPredicted behind=60 atFrontier=0 discarded=0 atFrontierPerMille=0 windowSamples=120
LogOGResimProbe: Warning: [Warning][ResimProbe.Landing] class=RemoteProxy behind=60 atFrontier=0 discarded=0 atFrontierPerMille=0 windowSamples=120
LogOGDivergenceProbe: Warning: [Warning][DivergenceProbe.Window] class=LocallyPredicted corrections=60 disagreed=60 ratePerMille=1000 windowSamples=120
LogOGDivergenceProbe: Warning: [Warning][DivergenceProbe.Window] class=RemoteProxy corrections=60 disagreed=60 ratePerMille=1000 windowSamples=120
LogOGRelayProbe: Warning: [Warning][RelayProbe.Arrival] samples=120 gapCaptureTicks p50=2 p99=2 max=3 noAdvance=0 saturated=0 lostCaptureTicksX1000=0 lost=0 delivered=182 expected=182 discont=0 discontMax=0
LogOGResimProbe: Warning: [Warning][ResimProbe.Gate] checks=120 declined=13 requested=107 requestedPerMille=892 deepSkips=0 survivingAnchors=0
LogOGResimProbe: Warning: [Warning][ResimProbe.Chaos] requests=107 grants=105 refused=2 refusedPerMille=19 repeat=2 clamped=0 depthMin=2 depthMax=4
LogOGResimProbe: Warning: [Warning][ResimProbe.Apply] prepares=105 finishes=105 abandoned=0 stuck=0 replayTicks=400 replayOverruns=0 freshProtects=15 staleProtects=0
LogOGRelayProbe: Warning: [Warning][RelayProbe.Read] window=[11939,12059] src=Prediction hit=120 miss=0 verifyFail=0 rung0=0 total=120
LogOGRelayProbe: Warning: [Warning][RelayProbe.Read] window=[11939,12059] src=Resim hit=392 miss=0 verifyFail=0 rung0=0 total=392
LogOGRelayProbe: Warning: [Warning][RelayProbe.Delta] window=[11939,12059] src=Prediction n=120 p10=-6 p50=-5 p90=-4 min=-7 max=-4 satLow=0 satHigh=0
LogOGRelayProbe: Warning: [Warning][RelayProbe.Delta] window=[11939,12059] src=Resim n=392 p10=-8 p50=-7 p90=-5 min=-9 max=-4 satLow=0 satHigh=0
LogOGResimProbe: Warning: [Warning][ResimProbe.Frame] role=Client simTicks=120 frames=200 meanTicksPerFrameX100=60 p50=1 p99=1 max=1 meanFrameUs=10000
LogOGResimProbe: Warning: [Warning][ResimProbe.Frame] role=Client cadence dFrame1=40 dFrame0=0 dFrameGt1=80 discont=0 numSteps total=120 max=1 gt1=0
LogOGResimProbe: Warning: [Warning][ResimProbe.Landing] class=LocallyPredicted behind=60 atFrontier=0 discarded=0 atFrontierPerMille=0 windowSamples=120
LogOGResimProbe: Warning: [Warning][ResimProbe.Landing] class=RemoteProxy behind=60 atFrontier=0 discarded=0 atFrontierPerMille=0 windowSamples=120
LogOGDivergenceProbe: Warning: [Warning][DivergenceProbe.Window] class=LocallyPredicted corrections=60 disagreed=60 ratePerMille=1000 windowSamples=120
LogOGDivergenceProbe: Warning: [Warning][DivergenceProbe.Window] class=RemoteProxy corrections=60 disagreed=60 ratePerMille=1000 windowSamples=120
LogOGResimProbe: Warning: [Warning][ResimProbe.Gate] checks=120 declined=14 requested=106 requestedPerMille=883 deepSkips=0 survivingAnchors=0
LogOGResimProbe: Warning: [Warning][ResimProbe.Chaos] requests=106 grants=98 refused=8 refusedPerMille=75 repeat=8 clamped=0 depthMin=2 depthMax=4
LogOGResimProbe: Warning: [Warning][ResimProbe.Apply] prepares=98 finishes=98 abandoned=0 stuck=0 replayTicks=379 replayOverruns=0 freshProtects=17 staleProtects=0
LogOGRelayProbe: Warning: [Warning][RelayProbe.Read] window=[12059,12179] src=Prediction hit=120 miss=0 verifyFail=0 rung0=0 total=120
LogOGRelayProbe: Warning: [Warning][RelayProbe.Read] window=[12059,12179] src=Resim hit=371 miss=0 verifyFail=0 rung0=0 total=371
LogOGRelayProbe: Warning: [Warning][RelayProbe.Delta] window=[12059,12179] src=Prediction n=120 p10=-6 p50=-5 p90=-4 min=-7 max=-4 satLow=0 satHigh=0
LogOGRelayProbe: Warning: [Warning][RelayProbe.Delta] window=[12059,12179] src=Resim n=371 p10=-8 p50=-7 p90=-5 min=-11 max=-4 satLow=0 satHigh=0
LogOGResimProbe: Warning: [Warning][ResimProbe.Frame] role=Client simTicks=120 frames=200 meanTicksPerFrameX100=60 p50=1 p99=1 max=1 meanFrameUs=10000
LogOGResimProbe: Warning: [Warning][ResimProbe.Frame] role=Client cadence dFrame1=40 dFrame0=0 dFrameGt1=80 discont=0 numSteps total=120 max=1 gt1=0
LogOGRelayProbe: Warning: [Warning][RelayProbe.Arrival] samples=120 gapCaptureTicks p50=1 p99=2 max=2 noAdvance=0 saturated=0 lostCaptureTicksX1000=0 lost=0 delivered=174 expected=174 discont=0 discontMax=0
LogOGResimProbe: Warning: [Warning][ResimProbe.Landing] class=LocallyPredicted behind=60 atFrontier=0 discarded=0 atFrontierPerMille=0 windowSamples=120
LogOGResimProbe: Warning: [Warning][ResimProbe.Landing] class=RemoteProxy behind=60 atFrontier=0 discarded=0 atFrontierPerMille=0 windowSamples=120
LogOGDivergenceProbe: Warning: [Warning][DivergenceProbe.Window] class=LocallyPredicted corrections=60 disagreed=60 ratePerMille=1000 windowSamples=120
LogOGDivergenceProbe: Warning: [Warning][DivergenceProbe.Window] class=RemoteProxy corrections=60 disagreed=60 ratePerMille=1000 windowSamples=120
LogOGResimProbe: Warning: [Warning][ResimProbe.Gate] checks=120 declined=16 requested=104 requestedPerMille=867 deepSkips=0 survivingAnchors=0
LogOGResimProbe: Warning: [Warning][ResimProbe.Chaos] requests=104 grants=104 refused=0 refusedPerMille=0 repeat=0 clamped=0 depthMin=2 depthMax=3
LogOGResimProbe: Warning: [Warning][ResimProbe.Apply] prepares=104 finishes=104 abandoned=0 stuck=0 replayTicks=415 replayOverruns=0 freshProtects=16 staleProtects=0
LogOGRelayProbe: Warning: [Warning][RelayProbe.Read] window=[12179,12299] src=Prediction hit=120 miss=0 verifyFail=0 rung0=0 total=120
LogOGRelayProbe: Warning: [Warning][RelayProbe.Read] window=[12179,12299] src=Resim hit=406 miss=0 verifyFail=0 rung0=0 total=406
LogOGRelayProbe: Warning: [Warning][RelayProbe.Delta] window=[12179,12299] src=Prediction n=120 p10=-6 p50=-5 p90=-4 min=-6 max=-4 satLow=0 satHigh=0
LogOGRelayProbe: Warning: [Warning][RelayProbe.Delta] window=[12179,12299] src=Resim n=406 p10=-8 p50=-7 p90=-5 min=-9 max=-4 satLow=0 satHigh=0
LogOGResimProbe: Warning: [Warning][ResimProbe.Frame] role=Client simTicks=120 frames=200 meanTicksPerFrameX100=60 p50=1 p99=1 max=1 meanFrameUs=10000
LogOGResimProbe: Warning: [Warning][ResimProbe.Frame] role=Client cadence dFrame1=40 dFrame0=0 dFrameGt1=80 discont=0 numSteps total=120 max=1 gt1=0
LogOGResimProbe: Warning: [Warning][ResimProbe.Landing] class=LocallyPredicted behind=60 atFrontier=0 discarded=0 atFrontierPerMille=0 windowSamples=120
LogOGResimProbe: Warning: [Warning][ResimProbe.Landing] class=RemoteProxy behind=60 atFrontier=0 discarded=0 atFrontierPerMille=0 windowSamples=120
LogOGRelayProbe: Warning: [Warning][RelayProbe.Arrival] samples=120 gapCaptureTicks p50=1 p99=2 max=2 noAdvance=0 saturated=0 lostCaptureTicksX1000=0 lost=0 delivered=180 expected=180 discont=0 discontMax=0
LogOGDivergenceProbe: Warning: [Warning][DivergenceProbe.Window] class=LocallyPredicted corrections=60 disagreed=60 ratePerMille=1000 windowSamples=120
LogOGDivergenceProbe: Warning: [Warning][DivergenceProbe.Window] class=RemoteProxy corrections=60 disagreed=60 ratePerMille=1000 windowSamples=120
LogOGResimProbe: Warning: [Warning][ResimProbe.Gate] checks=120 declined=35 requested=85 requestedPerMille=708 deepSkips=0 survivingAnchors=0
LogOGResimProbe: Warning: [Warning][ResimProbe.Chaos] requests=85 grants=85 refused=0 refusedPerMille=0 repeat=0 clamped=0 depthMin=2 depthMax=3
LogOGResimProbe: Warning: [Warning][ResimProbe.Apply] prepares=85 finishes=85 abandoned=0 stuck=0 replayTicks=314 replayOverruns=0 freshProtects=36 staleProtects=0
LogOGRelayProbe: Warning: [Warning][RelayProbe.Read] window=[12299,12419] src=Prediction hit=120 miss=0 verifyFail=0 rung0=0 total=120
LogOGRelayProbe: Warning: [Warning][RelayProbe.Read] window=[12299,12419] src=Resim hit=296 miss=0 verifyFail=0 rung0=0 total=296
LogOGRelayProbe: Warning: [Warning][RelayProbe.Delta] window=[12299,12419] src=Prediction n=120 p10=-6 p50=-5 p90=-4 min=-7 max=-4 satLow=0 satHigh=0
LogOGRelayProbe: Warning: [Warning][RelayProbe.Delta] window=[12299,12419] src=Resim n=296 p10=-8 p50=-7 p90=-5 min=-9 max=-5 satLow=0 satHigh=0
LogOGResimProbe: Warning: [Warning][ResimProbe.Frame] role=Client simTicks=120 frames=200 meanTicksPerFrameX100=60 p50=1 p99=1 max=1 meanFrameUs=10000
LogOGResimProbe: Warning: [Warning][ResimProbe.Frame] role=Client cadence dFrame1=40 dFrame0=0 dFrameGt1=80 discont=0 numSteps total=120 max=1 gt1=0
LogOGResimProbe: Warning: [Warning][ResimProbe.Landing] class=LocallyPredicted behind=60 atFrontier=0 discarded=0 atFrontierPerMille=0 windowSamples=120
LogOGResimProbe: Warning: [Warning][ResimProbe.Landing] class=RemoteProxy behind=60 atFrontier=0 discarded=0 atFrontierPerMille=0 windowSamples=120
LogOGDivergenceProbe: Warning: [Warning][DivergenceProbe.Window] class=LocallyPredicted corrections=60 disagreed=60 ratePerMille=1000 windowSamples=120
LogOGDivergenceProbe: Warning: [Warning][DivergenceProbe.Window] class=RemoteProxy corrections=60 disagreed=60 ratePerMille=1000 windowSamples=120
LogOGResimProbe: Warning: [Warning][ResimProbe.Gate] checks=120 declined=12 requested=108 requestedPerMille=900 deepSkips=0 survivingAnchors=0
LogOGResimProbe: Warning: [Warning][ResimProbe.Chaos] requests=108 grants=102 refused=6 refusedPerMille=56 repeat=6 clamped=0 depthMin=2 depthMax=4
LogOGResimProbe: Warning: [Warning][ResimProbe.Apply] prepares=102 finishes=102 abandoned=0 stuck=0 replayTicks=396 replayOverruns=0 freshProtects=14 staleProtects=0
LogOGRelayProbe: Warning: [Warning][RelayProbe.Read] window=[12419,12539] src=Prediction hit=120 miss=0 verifyFail=0 rung0=0 total=120
LogOGRelayProbe: Warning: [Warning][RelayProbe.Read] window=[12419,12539] src=Resim hit=392 miss=0 verifyFail=0 rung0=0 total=392
LogOGRelayProbe: Warning: [Warning][RelayProbe.Delta] window=[12419,12539] src=Prediction n=120 p10=-6 p50=-5 p90=-4 min=-7 max=-4 satLow=0 satHigh=0
LogOGRelayProbe: Warning: [Warning][RelayProbe.Delta] window=[12419,12539] src=Resim n=392 p10=-8 p50=-7 p90=-5 min=-10 max=-4 satLow=0 satHigh=0
LogOGResimProbe: Warning: [Warning][ResimProbe.Frame] role=Client simTicks=120 frames=200 meanTicksPerFrameX100=60 p50=1 p99=1 max=1 meanFrameUs=9999
LogOGResimProbe: Warning: [Warning][ResimProbe.Frame] role=Client cadence dFrame1=40 dFrame0=0 dFrameGt1=80 discont=0 numSteps total=120 max=1 gt1=0
LogOGRelayProbe: Warning: [Warning][RelayProbe.Arrival] samples=120 gapCaptureTicks p50=1 p99=2 max=2 noAdvance=0 saturated=0 lostCaptureTicksX1000=0 lost=0 delivered=175 expected=175 discont=0 discontMax=0
LogOGResimProbe: Warning: [Warning][ResimProbe.Landing] class=LocallyPredicted behind=60 atFrontier=0 discarded=0 atFrontierPerMille=0 windowSamples=120
LogOGResimProbe: Warning: [Warning][ResimProbe.Landing] class=RemoteProxy behind=60 atFrontier=0 discarded=0 atFrontierPerMille=0 windowSamples=120
LogOGDivergenceProbe: Warning: [Warning][DivergenceProbe.Window] class=LocallyPredicted corrections=60 disagreed=60 ratePerMille=1000 windowSamples=120
LogOGDivergenceProbe: Warning: [Warning][DivergenceProbe.Window] class=RemoteProxy corrections=60 disagreed=60 ratePerMille=1000 windowSamples=120
LogOGResimProbe: Warning: [Warning][ResimProbe.Gate] checks=120 declined=14 requested=106 requestedPerMille=883 deepSkips=0 survivingAnchors=0
LogOGResimProbe: Warning: [Warning][ResimProbe.Chaos] requests=106 grants=106 refused=0 refusedPerMille=0 repeat=0 clamped=0 depthMin=3 depthMax=3
LogOGResimProbe: Warning: [Warning][ResimProbe.Apply] prepares=106 finishes=106 abandoned=0 stuck=0 replayTicks=424 replayOverruns=0 freshProtects=14 staleProtects=0
LogOGRelayProbe: Warning: [Warning][RelayProbe.Read] window=[12539,12659] src=Prediction hit=120 miss=0 verifyFail=0 rung0=0 total=120
LogOGRelayProbe: Warning: [Warning][RelayProbe.Read] window=[12539,12659] src=Resim hit=418 miss=0 verifyFail=0 rung0=0 total=418
LogOGRelayProbe: Warning: [Warning][RelayProbe.Delta] window=[12539,12659] src=Prediction n=120 p10=-6 p50=-5 p90=-4 min=-6 max=-4 satLow=0 satHigh=0
LogOGRelayProbe: Warning: [Warning][RelayProbe.Delta] window=[12539,12659] src=Resim n=418 p10=-8 p50=-7 p90=-5 min=-9 max=-4 satLow=0 satHigh=0
LogOGResimProbe: Warning: [Warning][ResimProbe.Frame] role=Client simTicks=120 frames=200 meanTicksPerFrameX100=60 p50=1 p99=1 max=1 meanFrameUs=10000
LogOGResimProbe: Warning: [Warning][ResimProbe.Frame] role=Client cadence dFrame1=40 dFrame0=0 dFrameGt1=80 discont=0 numSteps total=120 max=1 gt1=0
LogOGRelayProbe: Warning: [Warning][RelayProbe.Arrival] samples=120 gapCaptureTicks p50=1 p99=2 max=2 noAdvance=0 saturated=0 lostCaptureTicksX1000=0 lost=0 delivered=180 expected=180 discont=0 discontMax=0
LogOGResimProbe: Warning: [Warning][ResimProbe.Landing] class=LocallyPredicted behind=60 atFrontier=0 discarded=0 atFrontierPerMille=0 windowSamples=120
LogOGResimProbe: Warning: [Warning][ResimProbe.Landing] class=RemoteProxy behind=60 atFrontier=0 discarded=0 atFrontierPerMille=0 windowSamples=120
LogOGDivergenceProbe: Warning: [Warning][DivergenceProbe.Window] class=LocallyPredicted corrections=60 disagreed=60 ratePerMille=1000 windowSamples=120
LogOGDivergenceProbe: Warning: [Warning][DivergenceProbe.Window] class=RemoteProxy corrections=60 disagreed=60 ratePerMille=1000 windowSamples=120
LogOGResimProbe: Warning: [Warning][ResimProbe.Gate] checks=120 declined=27 requested=93 requestedPerMille=775 deepSkips=0 survivingAnchors=0
LogOGResimProbe: Warning: [Warning][ResimProbe.Chaos] requests=93 grants=93 refused=0 refusedPerMille=0 repeat=0 clamped=0 depthMin=3 depthMax=3
LogOGResimProbe: Warning: [Warning][ResimProbe.Apply] prepares=93 finishes=93 abandoned=0 stuck=0 replayTicks=372 replayOverruns=0 freshProtects=27 staleProtects=0
LogOGRelayProbe: Warning: [Warning][RelayProbe.Read] window=[12659,12779] src=Prediction hit=120 miss=0 verifyFail=0 rung0=0 total=120
LogOGRelayProbe: Warning: [Warning][RelayProbe.Read] window=[12659,12779] src=Resim hit=358 miss=0 verifyFail=0 rung0=0 total=358
LogOGRelayProbe: Warning: [Warning][RelayProbe.Delta] window=[12659,12779] src=Prediction n=120 p10=-6 p50=-5 p90=-4 min=-6 max=-4 satLow=0 satHigh=0
LogOGRelayProbe: Warning: [Warning][RelayProbe.Delta] window=[12659,12779] src=Resim n=358 p10=-8 p50=-7 p90=-5 min=-9 max=-4 satLow=0 satHigh=0
LogOGResimProbe: Warning: [Warning][ResimProbe.Frame] role=Client simTicks=120 frames=200 meanTicksPerFrameX100=60 p50=1 p99=1 max=1 meanFrameUs=10000
LogOGResimProbe: Warning: [Warning][ResimProbe.Frame] role=Client cadence dFrame1=40 dFrame0=0 dFrameGt1=80 discont=0 numSteps total=120 max=1 gt1=0
LogOGResimProbe: Warning: [Warning][ResimProbe.Landing] class=LocallyPredicted behind=60 atFrontier=0 discarded=0 atFrontierPerMille=0 windowSamples=120
LogOGResimProbe: Warning: [Warning][ResimProbe.Landing] class=RemoteProxy behind=60 atFrontier=0 discarded=0 atFrontierPerMille=0 windowSamples=120
LogOGDivergenceProbe: Warning: [Warning][DivergenceProbe.Window] class=LocallyPredicted corrections=60 disagreed=60 ratePerMille=1000 windowSamples=120
LogOGDivergenceProbe: Warning: [Warning][DivergenceProbe.Window] class=RemoteProxy corrections=60 disagreed=60 ratePerMille=1000 windowSamples=120
LogOGResimProbe: Warning: [Warning][ResimProbe.Gate] checks=120 declined=25 requested=95 requestedPerMille=792 deepSkips=0 survivingAnchors=0
LogOGResimProbe: Warning: [Warning][ResimProbe.Chaos] requests=95 grants=95 refused=0 refusedPerMille=0 repeat=0 clamped=0 depthMin=2 depthMax=3
LogOGResimProbe: Warning: [Warning][ResimProbe.Apply] prepares=95 finishes=95 abandoned=0 stuck=0 replayTicks=328 replayOverruns=0 freshProtects=26 staleProtects=0
LogOGRelayProbe: Warning: [Warning][RelayProbe.Read] window=[12779,12899] src=Prediction hit=120 miss=0 verifyFail=0 rung0=0 total=120
LogOGRelayProbe: Warning: [Warning][RelayProbe.Read] window=[12779,12899] src=Resim hit=313 miss=0 verifyFail=0 rung0=0 total=313
LogOGRelayProbe: Warning: [Warning][RelayProbe.Delta] window=[12779,12899] src=Prediction n=120 p10=-7 p50=-6 p90=-4 min=-7 max=-4 satLow=0 satHigh=0
LogOGRelayProbe: Warning: [Warning][RelayProbe.Delta] window=[12779,12899] src=Resim n=313 p10=-8 p50=-7 p90=-5 min=-9 max=-5 satLow=0 satHigh=0
LogOGResimProbe: Warning: [Warning][ResimProbe.Frame] role=Client simTicks=120 frames=200 meanTicksPerFrameX100=60 p50=1 p99=1 max=1 meanFrameUs=10000
LogOGResimProbe: Warning: [Warning][ResimProbe.Frame] role=Client cadence dFrame1=40 dFrame0=0 dFrameGt1=80 discont=0 numSteps total=120 max=1 gt1=0
LogOGRelayProbe: Warning: [Warning][RelayProbe.Arrival] samples=120 gapCaptureTicks p50=1 p99=2 max=3 noAdvance=0 saturated=0 lostCaptureTicksX1000=0 lost=0 delivered=178 expected=178 discont=0 discontMax=0
LogOGResimProbe: Warning: [Warning][ResimProbe.Landing] class=LocallyPredicted behind=60 atFrontier=0 discarded=0 atFrontierPerMille=0 windowSamples=120
LogOGResimProbe: Warning: [Warning][ResimProbe.Landing] class=RemoteProxy behind=60 atFrontier=0 discarded=0 atFrontierPerMille=0 windowSamples=120
LogOGDivergenceProbe: Warning: [Warning][DivergenceProbe.Window] class=LocallyPredicted corrections=60 disagreed=60 ratePerMille=1000 windowSamples=120
LogOGDivergenceProbe: Warning: [Warning][DivergenceProbe.Window] class=RemoteProxy corrections=60 disagreed=60 ratePerMille=1000 windowSamples=120
LogOGResimProbe: Warning: [Warning][ResimProbe.Gate] checks=120 declined=0 requested=120 requestedPerMille=1000 deepSkips=0 survivingAnchors=0
LogOGResimProbe: Warning: [Warning][ResimProbe.Chaos] requests=120 grants=116 refused=4 refusedPerMille=33 repeat=4 clamped=0 depthMin=2 depthMax=4
LogOGResimProbe: Warning: [Warning][ResimProbe.Apply] prepares=116 finishes=116 abandoned=0 stuck=0 replayTicks=357 replayOverruns=0 freshProtects=2 staleProtects=0
LogOGRelayProbe: Warning: [Warning][RelayProbe.Read] window=[12899,13019] src=Prediction hit=120 miss=0 verifyFail=0 rung0=0 total=120
LogOGRelayProbe: Warning: [Warning][RelayProbe.Read] window=[12899,13019] src=Resim hit=357 miss=0 verifyFail=0 rung0=0 total=357
LogOGRelayProbe: Warning: [Warning][RelayProbe.Delta] window=[12899,13019] src=Prediction n=120 p10=-7 p50=-6 p90=-6 min=-7 max=-5 satLow=0 satHigh=0
LogOGRelayProbe: Warning: [Warning][RelayProbe.Delta] window=[12899,13019] src=Resim n=357 p10=-9 p50=-7 p90=-6 min=-10 max=-5 satLow=0 satHigh=0
LogOGResimProbe: Warning: [Warning][ResimProbe.Frame] role=Client simTicks=120 frames=200 meanTicksPerFrameX100=60 p50=1 p99=1 max=1 meanFrameUs=10000
LogOGResimProbe: Warning: [Warning][ResimProbe.Frame] role=Client cadence dFrame1=40 dFrame0=0 dFrameGt1=80 discont=0 numSteps total=120 max=1 gt1=0
LogOGRelayProbe: Warning: [Warning][RelayProbe.Arrival] samples=120 gapCaptureTicks p50=1 p99=2 max=2 noAdvance=0 saturated=0 lostCaptureTicksX1000=0 lost=0 delivered=179 expected=179 discont=0 discontMax=0
LogOGResimProbe: Warning: [Warning][ResimProbe.Landing] class=LocallyPredicted behind=60 atFrontier=0 discarded=0 atFrontierPerMille=0 windowSamples=120
LogOGResimProbe: Warning: [Warning][ResimProbe.Landing] class=RemoteProxy behind=60 atFrontier=0 discarded=0 atFrontierPerMille=0 windowSamples=120
LogOGDivergenceProbe: Warning: [Warning][DivergenceProbe.Window] class=LocallyPredicted corrections=60 disagreed=60 ratePerMille=1000 windowSamples=120
LogOGDivergenceProbe: Warning: [Warning][DivergenceProbe.Window] class=RemoteProxy corrections=60 disagreed=60 ratePerMille=1000 windowSamples=120
LogOGResimProbe: Warning: [Warning][ResimProbe.Gate] checks=120 declined=7 requested=113 requestedPerMille=942 deepSkips=0 survivingAnchors=0
LogOGResimProbe: Warning: [Warning][ResimProbe.Chaos] requests=113 grants=111 refused=2 refusedPerMille=18 repeat=2 clamped=0 depthMin=2 depthMax=4
LogOGResimProbe: Warning: [Warning][ResimProbe.Apply] prepares=111 finishes=111 abandoned=0 stuck=0 replayTicks=409 replayOverruns=0 freshProtects=8 staleProtects=0
LogOGRelayProbe: Warning: [Warning][RelayProbe.Read] window=[13019,13139] src=Prediction hit=120 miss=0 verifyFail=0 rung0=0 total=120
LogOGRelayProbe: Warning: [Warning][RelayProbe.Read] window=[13019,13139] src=Resim hit=405 miss=0 verifyFail=0 rung0=0 total=405
LogOGRelayProbe: Warning: [Warning][RelayProbe.Delta] window=[13019,13139] src=Prediction n=120 p10=-7 p50=-6 p90=-5 min=-7 max=-4 satLow=0 satHigh=0
LogOGRelayProbe: Warning: [Warning][RelayProbe.Delta] window=[13019,13139] src=Resim n=405 p10=-8 p50=-7 p90=-5 min=-10 max=-4 satLow=0 satHigh=0
LogOGResimProbe: Warning: [Warning][ResimProbe.Frame] role=Client simTicks=120 frames=200 meanTicksPerFrameX100=60 p50=1 p99=1 max=1 meanFrameUs=10000
LogOGResimProbe: Warning: [Warning][ResimProbe.Frame] role=Client cadence dFrame1=40 dFrame0=0 dFrameGt1=80 discont=0 numSteps total=120 max=1 gt1=0
LogOGResimProbe: Warning: [Warning][ResimProbe.Landing] class=LocallyPredicted behind=60 atFrontier=0 discarded=0 atFrontierPerMille=0 windowSamples=120
LogOGResimProbe: Warning: [Warning][ResimProbe.Landing] class=RemoteProxy behind=60 atFrontier=0 discarded=0 atFrontierPerMille=0 windowSamples=120
LogOGDivergenceProbe: Warning: [Warning][DivergenceProbe.Window] class=LocallyPredicted corrections=60 disagreed=60 ratePerMille=1000 windowSamples=120
LogOGDivergenceProbe: Warning: [Warning][DivergenceProbe.Window] class=RemoteProxy corrections=60 disagreed=60 ratePerMille=1000 windowSamples=120
LogOGResimProbe: Warning: [Warning][ResimProbe.Gate] checks=120 declined=23 requested=97 requestedPerMille=808 deepSkips=0 survivingAnchors=0
LogOGResimProbe: Warning: [Warning][ResimProbe.Chaos] requests=97 grants=95 refused=2 refusedPerMille=21 repeat=2 clamped=0 depthMin=2 depthMax=4
LogOGResimProbe: Warning: [Warning][ResimProbe.Apply] prepares=95 finishes=95 abandoned=0 stuck=0 replayTicks=329 replayOverruns=0 freshProtects=25 staleProtects=0
LogOGRelayProbe: Warning: [Warning][RelayProbe.Read] window=[13139,13259] src=Prediction hit=120 miss=0 verifyFail=0 rung0=0 total=120
LogOGRelayProbe: Warning: [Warning][RelayProbe.Read] window=[13139,13259] src=Resim hit=318 miss=0 verifyFail=0 rung0=0 total=318
LogOGRelayProbe: Warning: [Warning][RelayProbe.Delta] window=[13139,13259] src=Prediction n=120 p10=-7 p50=-6 p90=-5 min=-7 max=-4 satLow=0 satHigh=0
LogOGRelayProbe: Warning: [Warning][RelayProbe.Delta] window=[13139,13259] src=Resim n=318 p10=-8 p50=-7 p90=-5 min=-9 max=-4 satLow=0 satHigh=0
LogOGResimProbe: Warning: [Warning][ResimProbe.Frame] role=Client simTicks=120 frames=200 meanTicksPerFrameX100=60 p50=1 p99=1 max=1 meanFrameUs=10000
LogOGResimProbe: Warning: [Warning][ResimProbe.Frame] role=Client cadence dFrame1=40 dFrame0=0 dFrameGt1=80 discont=0 numSteps total=120 max=1 gt1=0
LogOGRelayProbe: Warning: [Warning][RelayProbe.Arrival] samples=120 gapCaptureTicks p50=2 p99=2 max=2 noAdvance=0 saturated=0 lostCaptureTicksX1000=0 lost=0 delivered=181 expected=181 discont=0 discontMax=0
LogOGResimProbe: Warning: [Warning][ResimProbe.Landing] class=LocallyPredicted behind=60 atFrontier=0 discarded=0 atFrontierPerMille=0 windowSamples=120
LogOGResimProbe: Warning: [Warning][ResimProbe.Landing] class=RemoteProxy behind=60 atFrontier=0 discarded=0 atFrontierPerMille=0 windowSamples=120
LogOGDivergenceProbe: Warning: [Warning][DivergenceProbe.Window] class=LocallyPredicted corrections=60 disagreed=60 ratePerMille=1000 windowSamples=120
LogOGDivergenceProbe: Warning: [Warning][DivergenceProbe.Window] class=RemoteProxy corrections=60 disagreed=60 ratePerMille=1000 windowSamples=120
LogOGResimProbe: Warning: [Warning][ResimProbe.Gate] checks=120 declined=3 requested=117 requestedPerMille=975 deepSkips=0 survivingAnchors=0
LogOGResimProbe: Warning: [Warning][ResimProbe.Chaos] requests=117 grants=117 refused=0 refusedPerMille=0 repeat=0 clamped=0 depthMin=2 depthMax=3
LogOGResimProbe: Warning: [Warning][ResimProbe.Apply] prepares=117 finishes=117 abandoned=0 stuck=0 replayTicks=355 replayOverruns=0 freshProtects=4 staleProtects=0
LogOGRelayProbe: Warning: [Warning][RelayProbe.Read] window=[13259,13379] src=Prediction hit=120 miss=0 verifyFail=0 rung0=0 total=120
LogOGRelayProbe: Warning: [Warning][RelayProbe.Read] window=[13259,13379] src=Resim hit=352 miss=0 verifyFail=0 rung0=0 total=352
LogOGRelayProbe: Warning: [Warning][RelayProbe.Delta] window=[13259,13379] src=Prediction n=120 p10=-7 p50=-6 p90=-6 min=-7 max=-5 satLow=0 satHigh=0
LogOGRelayProbe: Warning: [Warning][RelayProbe.Delta] window=[13259,13379] src=Resim n=352 p10=-8 p50=-7 p90=-6 min=-9 max=-5 satLow=0 satHigh=0
LogOGResimProbe: Warning: [Warning][ResimProbe.Frame] role=Client simTicks=120 frames=200 meanTicksPerFrameX100=60 p50=1 p99=1 max=1 meanFrameUs=9999
LogOGResimProbe: Warning: [Warning][ResimProbe.Frame] role=Client cadence dFrame1=40 dFrame0=0 dFrameGt1=80 discont=0 numSteps total=120 max=1 gt1=0
LogOGRelayProbe: Warning: [Warning][RelayProbe.Arrival] samples=120 gapCaptureTicks p50=1 p99=2 max=2 noAdvance=0 saturated=0 lostCaptureTicksX1000=0 lost=0 delivered=180 expected=180 discont=0 discontMax=0
LogOGResimProbe: Warning: [Warning][ResimProbe.Landing] class=LocallyPredicted behind=60 atFrontier=0 discarded=0 atFrontierPerMille=0 windowSamples=120
LogOGResimProbe: Warning: [Warning][ResimProbe.Landing] class=RemoteProxy behind=60 atFrontier=0 discarded=0 atFrontierPerMille=0 windowSamples=120
LogOGDivergenceProbe: Warning: [Warning][DivergenceProbe.Window] class=LocallyPredicted corrections=60 disagreed=60 ratePerMille=1000 windowSamples=120
LogOGDivergenceProbe: Warning: [Warning][DivergenceProbe.Window] class=RemoteProxy corrections=60 disagreed=60 ratePerMille=1000 windowSamples=120
LogOGResimProbe: Warning: [Warning][ResimProbe.Gate] checks=120 declined=0 requested=120 requestedPerMille=1000 deepSkips=0 survivingAnchors=0
LogOGResimProbe: Warning: [Warning][ResimProbe.Chaos] requests=120 grants=118 refused=2 refusedPerMille=17 repeat=2 clamped=0 depthMin=2 depthMax=4
LogOGResimProbe: Warning: [Warning][ResimProbe.Apply] prepares=118 finishes=118 abandoned=0 stuck=0 replayTicks=355 replayOverruns=0 freshProtects=1 staleProtects=0
LogOGRelayProbe: Warning: [Warning][RelayProbe.Read] window=[13379,13499] src=Prediction hit=120 miss=0 verifyFail=0 rung0=0 total=120
LogOGRelayProbe: Warning: [Warning][RelayProbe.Read] window=[13379,13499] src=Resim hit=354 miss=0 verifyFail=0 rung0=0 total=354
LogOGRelayProbe: Warning: [Warning][RelayProbe.Delta] window=[13379,13499] src=Prediction n=120 p10=-7 p50=-6 p90=-6 min=-7 max=-6 satLow=0 satHigh=0
LogOGRelayProbe: Warning: [Warning][RelayProbe.Delta] window=[13379,13499] src=Resim n=354 p10=-9 p50=-7 p90=-6 min=-9 max=-6 satLow=0 satHigh=0
LogOGResimProbe: Warning: [Warning][ResimProbe.Frame] role=Client simTicks=120 frames=200 meanTicksPerFrameX100=60 p50=1 p99=1 max=1 meanFrameUs=10000
LogOGResimProbe: Warning: [Warning][ResimProbe.Frame] role=Client cadence dFrame1=40 dFrame0=0 dFrameGt1=80 discont=0 numSteps total=120 max=1 gt1=0
LogOGResimProbe: Warning: [Warning][ResimProbe.Landing] class=LocallyPredicted behind=60 atFrontier=0 discarded=0 atFrontierPerMille=0 windowSamples=120
LogOGResimProbe: Warning: [Warning][ResimProbe.Landing] class=RemoteProxy behind=60 atFrontier=0 discarded=0 atFrontierPerMille=0 windowSamples=120
LogOGDivergenceProbe: Warning: [Warning][DivergenceProbe.Window] class=LocallyPredicted corrections=60 disagreed=60 ratePerMille=1000 windowSamples=120
LogOGDivergenceProbe: Warning: [Warning][DivergenceProbe.Window] class=RemoteProxy corrections=60 disagreed=60 ratePerMille=1000 windowSamples=120
LogOGResimProbe: Warning: [Warning][ResimProbe.Gate] checks=120 declined=0 requested=120 requestedPerMille=1000 deepSkips=0 survivingAnchors=0
LogOGResimProbe: Warning: [Warning][ResimProbe.Chaos] requests=120 grants=110 refused=10 refusedPerMille=83 repeat=10 clamped=0 depthMin=2 depthMax=4
LogOGResimProbe: Warning: [Warning][ResimProbe.Apply] prepares=110 finishes=110 abandoned=0 stuck=0 replayTicks=399 replayOverruns=0 freshProtects=5 staleProtects=0
LogOGRelayProbe: Warning: [Warning][RelayProbe.Read] window=[13499,13619] src=Prediction hit=120 miss=0 verifyFail=0 rung0=0 total=120
LogOGRelayProbe: Warning: [Warning][RelayProbe.Read] window=[13499,13619] src=Resim hit=395 miss=0 verifyFail=0 rung0=0 total=395
LogOGRelayProbe: Warning: [Warning][RelayProbe.Delta] window=[13499,13619] src=Prediction n=120 p10=-7 p50=-6 p90=-5 min=-7 max=-4 satLow=0 satHigh=0
LogOGRelayProbe: Warning: [Warning][RelayProbe.Delta] window=[13499,13619] src=Resim n=395 p10=-9 p50=-7 p90=-5 min=-11 max=-4 satLow=0 satHigh=0
LogOGResimProbe: Warning: [Warning][ResimProbe.Frame] role=Client simTicks=120 frames=200 meanTicksPerFrameX100=60 p50=1 p99=1 max=1 meanFrameUs=9999
LogOGResimProbe: Warning: [Warning][ResimProbe.Frame] role=Client cadence dFrame1=40 dFrame0=0 dFrameGt1=80 discont=0 numSteps total=120 max=1 gt1=0
LogOGRelayProbe: Warning: [Warning][RelayProbe.Arrival] samples=120 gapCaptureTicks p50=1 p99=2 max=2 noAdvance=0 saturated=0 lostCaptureTicksX1000=0 lost=0 delivered=179 expected=179 discont=0 discontMax=0
LogOGResimProbe: Warning: [Warning][ResimProbe.Landing] class=LocallyPredicted behind=60 atFrontier=0 discarded=0 atFrontierPerMille=0 windowSamples=120
LogOGResimProbe: Warning: [Warning][ResimProbe.Landing] class=RemoteProxy behind=60 atFrontier=0 discarded=0 atFrontierPerMille=0 windowSamples=120
LogOGDivergenceProbe: Warning: [Warning][DivergenceProbe.Window] class=LocallyPredicted corrections=60 disagreed=60 ratePerMille=1000 windowSamples=120
LogOGDivergenceProbe: Warning: [Warning][DivergenceProbe.Window] class=RemoteProxy corrections=60 disagreed=60 ratePerMille=1000 windowSamples=120
LogOGResimProbe: Warning: [Warning][ResimProbe.Gate] checks=120 declined=34 requested=86 requestedPerMille=717 deepSkips=0 survivingAnchors=0
LogOGResimProbe: Warning: [Warning][ResimProbe.Chaos] requests=86 grants=86 refused=0 refusedPerMille=0 repeat=0 clamped=0 depthMin=2 depthMax=3
LogOGResimProbe: Warning: [Warning][ResimProbe.Apply] prepares=86 finishes=86 abandoned=0 stuck=0 replayTicks=326 replayOverruns=0 freshProtects=34 staleProtects=0
LogOGRelayProbe: Warning: [Warning][RelayProbe.Read] window=[13619,13739] src=Prediction hit=120 miss=0 verifyFail=0 rung0=0 total=120
LogOGRelayProbe: Warning: [Warning][RelayProbe.Read] window=[13619,13739] src=Resim hit=308 miss=0 verifyFail=0 rung0=0 total=308
LogOGRelayProbe: Warning: [Warning][RelayProbe.Delta] window=[13619,13739] src=Prediction n=120 p10=-6 p50=-5 p90=-4 min=-7 max=-4 satLow=0 satHigh=0
LogOGRelayProbe: Warning: [Warning][RelayProbe.Delta] window=[13619,13739] src=Resim n=308 p10=-8 p50=-7 p90=-5 min=-9 max=-4 satLow=0 satHigh=0
