LogInit: Display: No sandbox specified, assuming ../../Saved/Cooked/WindowsServer/
LogCsvProfiler: Display: Metadata set : systemresolution.resx="1280"
LogCsvProfiler: Display: Metadata set : systemresolution.resy="720"
LogAudio: Display: Audio Device Manager not initializing due to all audio being disabled. If this is not intentional, please check command line arguments for "-nosound".
RenderDocPlugin: Display: RenderDoc plugin will not be loaded. Use '-AttachRenderDoc' on the cmd line or enable 'renderdoc.AutoAttach' in the plugin settings.
LogHAL: Display: Platform has ~ 32 GB [33510694912 / 34359738368 / 32], which maps to Largest [LargestMinGB=32, LargerMinGB=12, DefaultMinGB=8, SmallerMinGB=6, SmallestMinGB=0)
LogCsvProfiler: Display: Metadata set : extradevelopmentmemorymb="0"
LogObj: Display: Attempting to load config data for Default__SlateThemeManager before the Class has been constructed/registered/linked (likely during module loading or early startup). This will result in the load silently failing and should be fixed.
LogCsvProfiler: Display: Metadata set : verbatimrhiname="Null"
LogCsvProfiler: Display: Metadata set : rhiname="Null"
LogCsvProfiler: Display: Metadata set : rhifeaturelevel="SM6"
LogCsvProfiler: Display: Metadata set : shaderplatform="PCD3D_SM6"
LogStreaming: Display: FlushAsyncLoading(1): 1 QueuedPackages, 0 AsyncPackages
LogConfig: Display: Read in platform Android ini files took 0.06 seconds
LogConfig: Display: Read in platform IOS ini files took 0.05 seconds
LogConfig: Display: Read in platform Linux ini files took 0.06 seconds
LogConfig: Display: Read in platform LinuxArm64 ini files took 0.05 seconds
LogConfig: Display: Read in platform Mac ini files took 0.03 seconds
LogConfig: Display: Read in platform TVOS ini files took 0.03 seconds
LogConfig: Display: Read in platform VisionOS ini files took 0.05 seconds
LogDeviceProfileManager: Display: Deviceprofile LinuxArm64Editor not found.
LogDeviceProfileManager: Display: Deviceprofile LinuxArm64 not found.
LogCsvProfiler: Display: Metadata set : deviceprofile="WindowsServer"
LogAudioCaptureCore: Display: No Audio Capture implementations found. Audio input will be silent.
LogMetaSound: Display: MetaSound Page Target Initialized to 'Default'
LogAudioCaptureCore: Display: No Audio Capture implementations found. Audio input will be silent.
LogAudio: Display: Registering Engine Module Parameter Interfaces...
LogCsvProfiler: Display: Metadata set : largeworldcoordinates="1"
LogInit: Display: Game Engine Initialized.
LogInit: Display: Starting Game.
LogWorldPartition: Display: WorldPartition initialize started...
LogWorldPartition: Display: WorldPartition initialize took 232 us
LogCsvProfiler: Display: Metadata set : iris="1"
LogIris: Display: Iris ReplicationSystem[0]: ReplicationSystem_2147482492 (0x00000140822EAF60) is created
LogIris: Display: FInternalNetSerializerDelegates::BroadcastLoadedModulesUpdated() called while there are 0 active ReplicationSystems. This is good. Total loaded modules: 32.
LogOGNet: Warning: [StateRotation] session K = 1 (compiled default)
LogOGNet: Warning: [ResimGate] session policy = OnDisagreement (ini override), depthPolicy = skip beyond 12 ticks, rateLimit = none (structural: one resim in flight, one pending)
LogInit: Display: Engine is initialized. Leaving FEngineLoop::Init()
LogTrace: Display: Control listening on port 1985
LogIris: Warning: FInternalNetSerializerDelegates::BroadcastLoadedModulesUpdated() called while there are 1 active ReplicationSystems. If polymorphic types are registered we may have corrupt data. A restart of the ReplicationSystem or NetDriver is recommended. Total loaded modules: 35.
LogOGRelayProbe: Warning: [Warning][RelayProbe.Frame] role=Server simTicks=123 frames=121 meanTicksPerFrameX100=101 p50=1 p99=2 max=2 meanFrameUs=16812
LogOGRelayProbe: Warning: [Warning][RelayProbe.Frame] role=Server cadence dFrame1=119 dFrame0=0 dFrameGt1=1 discont=0 numSteps total=124 max=2 gt1=3
LogOGRelayProbe: Warning: [Warning][RelayProbe.Frame] role=Server simTicks=121 frames=120 meanTicksPerFrameX100=100 p50=1 p99=1 max=2 meanFrameUs=16834
LogOGRelayProbe: Warning: [Warning][RelayProbe.Frame] role=Server cadence dFrame1=120 dFrame0=0 dFrameGt1=0 discont=0 numSteps total=121 max=2 gt1=1
LogOGRelayProbe: Warning: [Warning][RelayProbe.Frame] role=Server simTicks=122 frames=121 meanTicksPerFrameX100=100 p50=1 p99=1 max=2 meanFrameUs=16834
LogOGRelayProbe: Warning: [Warning][RelayProbe.Frame] role=Server cadence dFrame1=119 dFrame0=0 dFrameGt1=1 discont=0 numSteps total=122 max=2 gt1=2
LogOGRelayProbe: Warning: [Warning][RelayProbe.Frame] role=Server simTicks=121 frames=120 meanTicksPerFrameX100=100 p50=1 p99=1 max=2 meanFrameUs=16843
LogOGRelayProbe: Warning: [Warning][RelayProbe.Frame] role=Server cadence dFrame1=120 dFrame0=0 dFrameGt1=0 discont=0 numSteps total=121 max=2 gt1=1
LogOGRelayProbe: Warning: [Warning][RelayProbe.Frame] role=Server simTicks=121 frames=120 meanTicksPerFrameX100=100 p50=1 p99=1 max=2 meanFrameUs=16834
LogOGRelayProbe: Warning: [Warning][RelayProbe.Frame] role=Server cadence dFrame1=120 dFrame0=0 dFrameGt1=0 discont=0 numSteps total=121 max=2 gt1=1
LogOGRelayProbe: Warning: [Warning][RelayProbe.Frame] role=Server simTicks=124 frames=122 meanTicksPerFrameX100=101 p50=1 p99=2 max=2 meanFrameUs=16809
LogOGRelayProbe: Warning: [Warning][RelayProbe.Frame] role=Server cadence dFrame1=118 dFrame0=0 dFrameGt1=2 discont=0 numSteps total=124 max=2 gt1=4
LogOGRelayProbe: Warning: [Warning][RelayProbe.Frame] role=Server simTicks=121 frames=120 meanTicksPerFrameX100=100 p50=1 p99=1 max=2 meanFrameUs=16887
LogOGRelayProbe: Warning: [Warning][RelayProbe.Frame] role=Server cadence dFrame1=120 dFrame0=0 dFrameGt1=0 discont=0 numSteps total=121 max=2 gt1=1
LogOGRelayProbe: Warning: [Warning][RelayProbe.Frame] role=Server simTicks=121 frames=120 meanTicksPerFrameX100=100 p50=1 p99=1 max=2 meanFrameUs=16806
LogOGRelayProbe: Warning: [Warning][RelayProbe.Frame] role=Server cadence dFrame1=120 dFrame0=0 dFrameGt1=0 discont=0 numSteps total=121 max=2 gt1=1
LogOGRelayProbe: Warning: [Warning][RelayProbe.Frame] role=Server simTicks=122 frames=121 meanTicksPerFrameX100=100 p50=1 p99=1 max=2 meanFrameUs=16810
LogOGRelayProbe: Warning: [Warning][RelayProbe.Frame] role=Server cadence dFrame1=119 dFrame0=0 dFrameGt1=1 discont=0 numSteps total=122 max=2 gt1=2
LogOGRelayProbe: Warning: [Warning][RelayProbe.Frame] role=Server simTicks=121 frames=120 meanTicksPerFrameX100=100 p50=1 p99=1 max=2 meanFrameUs=16851
LogOGRelayProbe: Warning: [Warning][RelayProbe.Frame] role=Server cadence dFrame1=120 dFrame0=0 dFrameGt1=0 discont=0 numSteps total=121 max=2 gt1=1
LogOGRelayProbe: Warning: [Warning][RelayProbe.Frame] role=Server simTicks=121 frames=120 meanTicksPerFrameX100=100 p50=1 p99=1 max=2 meanFrameUs=16781
LogOGRelayProbe: Warning: [Warning][RelayProbe.Frame] role=Server cadence dFrame1=120 dFrame0=0 dFrameGt1=0 discont=0 numSteps total=121 max=2 gt1=1
LogOGRelayProbe: Warning: [Warning][RelayProbe.Frame] role=Server simTicks=124 frames=122 meanTicksPerFrameX100=101 p50=1 p99=2 max=2 meanFrameUs=16836
LogOGRelayProbe: Warning: [Warning][RelayProbe.Frame] role=Server cadence dFrame1=118 dFrame0=0 dFrameGt1=2 discont=0 numSteps total=124 max=2 gt1=4
LogOGRelayProbe: Warning: [Warning][RelayProbe.Frame] role=Server simTicks=121 frames=120 meanTicksPerFrameX100=100 p50=1 p99=1 max=2 meanFrameUs=16836
LogOGRelayProbe: Warning: [Warning][RelayProbe.Frame] role=Server cadence dFrame1=120 dFrame0=0 dFrameGt1=0 discont=0 numSteps total=121 max=2 gt1=1
LogOGRelayProbe: Warning: [Warning][RelayProbe.Frame] role=Server simTicks=120 frames=120 meanTicksPerFrameX100=100 p50=1 p99=1 max=1 meanFrameUs=16762
LogOGRelayProbe: Warning: [Warning][RelayProbe.Frame] role=Server cadence dFrame1=120 dFrame0=0 dFrameGt1=0 discont=0 numSteps total=120 max=1 gt1=0
LogOGRelayProbe: Warning: [Warning][RelayProbe.Frame] role=Server simTicks=122 frames=120 meanTicksPerFrameX100=101 p50=1 p99=2 max=2 meanFrameUs=16862
LogOGRelayProbe: Warning: [Warning][RelayProbe.Frame] role=Server cadence dFrame1=120 dFrame0=0 dFrameGt1=0 discont=0 numSteps total=122 max=2 gt1=2
LogOGRelayProbe: Warning: [Warning][RelayProbe.Frame] role=Server simTicks=122 frames=120 meanTicksPerFrameX100=101 p50=1 p99=2 max=2 meanFrameUs=16909
LogOGRelayProbe: Warning: [Warning][RelayProbe.Frame] role=Server cadence dFrame1=120 dFrame0=0 dFrameGt1=0 discont=0 numSteps total=122 max=2 gt1=2
LogOGNet: Warning: [PacketBudget] usableSingleBunchBytes = 952, handlerBits = 7 (maxPacket=1024, usableBits=7620)
LogIris: Warning: Generating descriptor for struct UpdateLevelVisibilityLevelInfo that has custom serialization.
LogIrisFiltering: Display: FReplicationFiltering::NotifyAddedDependentObject: Object doesn't have a dynamic filter set so having a dependency on it won't change when it's replicated. RootObject OGBrawlerUECharacter_2147482398 (InternalIndex: 8) (NetRefHandle (Id=10):(RepSystemId=0))
LogViewport: Display: Player bShowMouseCursor Changed, False -> True
LogIrisFiltering: Display: FReplicationFiltering::NotifyAddedDependentObject: Object doesn't have a dynamic filter set so having a dependency on it won't change when it's replicated. RootObject SimulationInputRelay_2147482389 (InternalIndex: 10) (NetRefHandle (Id=14):(RepSystemId=0))
LogOGIrisNet: Display: [IrisSerializerProof] struct=SimulationStateSyncBuffer dir=Save state=live NetSerialize IS BEING CALLED ON A REAL PAYLOAD. payloadBytes=311 arrayElements=384 | wire bits: memberWise(pre-T29)=3089 lastResort(post-T29)=2508 delta=-581 bits (-72.6 B)
LogOGIrisNet: Display: [IrisSerializerProof] struct=RelayedInputRing dir=Save state=live NetSerialize IS BEING CALLED ON A REAL PAYLOAD. payloadBytes=166 arrayElements=164 | wire bits: memberWise(pre-T29)=1329 lastResort(post-T29)=1348 delta=+19 bits (+2.4 B)
LogOGNet: Warning: [Warning][InputStats] dropped 0 / 40 remote inputs = 0%
LogOGRelayProbe: Warning: [Warning][RelayProbe.Frame] role=Server simTicks=124 frames=123 meanTicksPerFrameX100=100 p50=1 p99=2 max=2 meanFrameUs=16822
LogOGRelayProbe: Warning: [Warning][RelayProbe.Frame] role=Server cadence dFrame1=117 dFrame0=0 dFrameGt1=3 discont=0 numSteps total=124 max=2 gt1=4
LogOGRelayProbe: Warning: [Warning][RelayProbe.Budget] conn=28258 frames=120 elapsedMs=2066 netSpeedBps=250000 allowanceBytesPerTick=4166 outBytes=43741 bytesPerTick=364 occupancyPctX10=87
LogOGRelayProbe: Warning: [Warning][RelayProbe.Budget] conn=28258 queuedBits min=-132989 max=0 mean=-65100 notReadyFrames=2 outPackets=109 bytesPerPacket=401 lost=0
LogOGInputRelay: Warning: [RelayFlush] window owner=OGBrawlerUECharacter_2147482398 flushedRounds=97 entries=120 entriesPerRoundX100=123 suppressed=23 stageOverflowDrops=0
LogOGRelayProbe: Warning: [Warning][RelayProbe.Write] id=28281 runs=120 writes=150 observableWrites=150 captureSpan=150 receivedX1000=1000 observableX1000=1000 deliverableX1000=1000 replaceLatestObservableX1000=800
LogOGRelayProbe: Warning: [Warning][RelayProbe.Write] id=28281 writesPerFrame p50=1 p99=2 max=2 emptyFrames=28 nonConsecutive=0 missedCaptureTicks=0 captures=[1980,2129] discont=0
LogOGNet: Warning: [Warning][InputStats] dropped 0 / 119 remote inputs = 0%
LogOGRelayProbe: Warning: [Warning][RelayProbe.Frame] role=Server simTicks=121 frames=120 meanTicksPerFrameX100=100 p50=1 p99=1 max=2 meanFrameUs=16814
LogOGRelayProbe: Warning: [Warning][RelayProbe.Frame] role=Server cadence dFrame1=120 dFrame0=0 dFrameGt1=0 discont=0 numSteps total=121 max=2 gt1=1
LogOGRelayProbe: Warning: [Warning][RelayProbe.Budget] conn=28258 frames=120 elapsedMs=2015 netSpeedBps=250000 allowanceBytesPerTick=4166 outBytes=51538 bytesPerTick=429 occupancyPctX10=102
LogOGRelayProbe: Warning: [Warning][RelayProbe.Budget] conn=28258 queuedBits min=-66666 max=-62890 mean=-65986 notReadyFrames=0 outPackets=120 bytesPerPacket=429 lost=0
LogOGInputRelay: Warning: [RelayFlush] window owner=OGBrawlerUECharacter_2147482398 flushedRounds=192 entries=240 entriesPerRoundX100=125 suppressed=48 stageOverflowDrops=0
LogOGNet: Warning: [Warning][InputStats] dropped 0 / 119 remote inputs = 0%
LogOGRelayProbe: Warning: [Warning][RelayProbe.Write] id=28281 runs=120 writes=154 observableWrites=154 captureSpan=154 receivedX1000=1000 observableX1000=1000 deliverableX1000=1000 replaceLatestObservableX1000=779
LogOGRelayProbe: Warning: [Warning][RelayProbe.Write] id=28281 writesPerFrame p50=1 p99=2 max=2 emptyFrames=33 nonConsecutive=0 missedCaptureTicks=0 captures=[2130,2283] discont=0
LogOGRelayProbe: Warning: [Warning][RelayProbe.Frame] role=Server simTicks=120 frames=120 meanTicksPerFrameX100=100 p50=1 p99=1 max=1 meanFrameUs=16750
LogOGRelayProbe: Warning: [Warning][RelayProbe.Frame] role=Server cadence dFrame1=120 dFrame0=0 dFrameGt1=0 discont=0 numSteps total=120 max=1 gt1=0
LogOGRelayProbe: Warning: [Warning][RelayProbe.Budget] conn=28258 frames=120 elapsedMs=2012 netSpeedBps=250000 allowanceBytesPerTick=4166 outBytes=51542 bytesPerTick=429 occupancyPctX10=102
LogOGRelayProbe: Warning: [Warning][RelayProbe.Budget] conn=28258 queuedBits min=-66666 max=-63404 mean=-66060 notReadyFrames=0 outPackets=120 bytesPerPacket=429 lost=0
LogViewport: Display: Player bShowMouseCursor Changed, False -> True
LogOGInputRelay: Warning: [RelayFlush] window owner=OGBrawlerUECharacter_2147482398 flushedRounds=290 entries=361 entriesPerRoundX100=124 suppressed=70 stageOverflowDrops=0
LogOGNet: Warning: [Warning][InputStats] dropped 0 / 165 remote inputs = 0%
LogOGRelayProbe: Warning: [Warning][RelayProbe.Write] id=28281 runs=120 writes=148 observableWrites=148 captureSpan=148 receivedX1000=1000 observableX1000=1000 deliverableX1000=1000 replaceLatestObservableX1000=810
LogOGRelayProbe: Warning: [Warning][RelayProbe.Write] id=28281 writesPerFrame p50=1 p99=2 max=3 emptyFrames=29 nonConsecutive=0 missedCaptureTicks=0 captures=[2284,2431] discont=0
LogOGRelayProbe: Warning: [Warning][RelayProbe.Frame] role=Server simTicks=122 frames=122 meanTicksPerFrameX100=100 p50=1 p99=1 max=2 meanFrameUs=16631
LogOGRelayProbe: Warning: [Warning][RelayProbe.Frame] role=Server cadence dFrame1=118 dFrame0=0 dFrameGt1=2 discont=0 numSteps total=122 max=2 gt1=2
LogOGRelayProbe: Warning: [Warning][RelayProbe.Budget] conn=28258 frames=120 elapsedMs=2026 netSpeedBps=250000 allowanceBytesPerTick=4166 outBytes=62770 bytesPerTick=523 occupancyPctX10=125
LogOGRelayProbe: Warning: [Warning][RelayProbe.Budget] conn=28258 queuedBits min=-66666 max=-63614 mean=-65879 notReadyFrames=0 outPackets=122 bytesPerPacket=514 lost=0
LogOGRelayProbe: Warning: [Warning][RelayProbe.Budget] conn=28299 frames=120 elapsedMs=2026 netSpeedBps=250000 allowanceBytesPerTick=4166 outBytes=62620 bytesPerTick=521 occupancyPctX10=125
LogOGRelayProbe: Warning: [Warning][RelayProbe.Budget] conn=28299 queuedBits min=-132492 max=0 mean=-64870 notReadyFrames=2 outPackets=123 bytesPerPacket=509 lost=0
LogOGInputRelay: Warning: [RelayFlush] window owner=OGBrawlerUECharacter_2147482376 flushedRounds=90 entries=120 entriesPerRoundX100=133 suppressed=30 stageOverflowDrops=0
LogOGInputRelay: Warning: [RelayFlush] window owner=OGBrawlerUECharacter_2147482398 flushedRounds=380 entries=480 entriesPerRoundX100=126 suppressed=100 stageOverflowDrops=0
LogOGRelayProbe: Warning: [Warning][RelayProbe.Write] id=28321 runs=120 writes=165 observableWrites=165 captureSpan=165 receivedX1000=1000 observableX1000=1000 deliverableX1000=1000 replaceLatestObservableX1000=727
LogOGRelayProbe: Warning: [Warning][RelayProbe.Write] id=28321 writesPerFrame p50=1 p99=2 max=3 emptyFrames=45 nonConsecutive=0 missedCaptureTicks=0 captures=[2331,2495] discont=0
LogOGNet: Warning: [Warning][InputStats] dropped 0 / 238 remote inputs = 0%
LogOGRelayProbe: Warning: [Warning][RelayProbe.Frame] role=Server simTicks=122 frames=122 meanTicksPerFrameX100=100 p50=1 p99=2 max=2 meanFrameUs=16594
LogOGRelayProbe: Warning: [Warning][RelayProbe.Frame] role=Server cadence dFrame1=118 dFrame0=0 dFrameGt1=2 discont=0 numSteps total=122 max=2 gt1=2
LogOGRelayProbe: Warning: [Warning][RelayProbe.Budget] conn=28258 frames=120 elapsedMs=2026 netSpeedBps=250000 allowanceBytesPerTick=4166 outBytes=63159 bytesPerTick=526 occupancyPctX10=126
LogOGRelayProbe: Warning: [Warning][RelayProbe.Budget] conn=28258 queuedBits min=-66666 max=-63448 mean=-65800 notReadyFrames=0 outPackets=122 bytesPerPacket=517 lost=0
LogOGRelayProbe: Warning: [Warning][RelayProbe.Budget] conn=28299 frames=120 elapsedMs=2027 netSpeedBps=250000 allowanceBytesPerTick=4166 outBytes=63192 bytesPerTick=526 occupancyPctX10=126
LogOGRelayProbe: Warning: [Warning][RelayProbe.Budget] conn=28299 queuedBits min=-66666 max=-63448 mean=-65812 notReadyFrames=0 outPackets=122 bytesPerPacket=517 lost=0
LogOGInputRelay: Warning: [RelayFlush] window owner=OGBrawlerUECharacter_2147482376 flushedRounds=169 entries=239 entriesPerRoundX100=141 suppressed=71 stageOverflowDrops=0
LogOGInputRelay: Warning: [RelayFlush] window owner=OGBrawlerUECharacter_2147482398 flushedRounds=460 entries=600 entriesPerRoundX100=130 suppressed=140 stageOverflowDrops=0
LogOGRelayProbe: Warning: [Warning][RelayProbe.Write] id=28281 runs=120 writes=178 observableWrites=178 captureSpan=178 receivedX1000=1000 observableX1000=1000 deliverableX1000=1000 replaceLatestObservableX1000=674
LogOGRelayProbe: Warning: [Warning][RelayProbe.Write] id=28281 writesPerFrame p50=1 p99=2 max=3 emptyFrames=58 nonConsecutive=0 missedCaptureTicks=0 captures=[2432,2609] discont=0
LogOGNet: Warning: [Warning][InputStats] dropped 0 / 238 remote inputs = 0%
LogOGRelayProbe: Warning: [Warning][RelayProbe.Write] id=28321 runs=120 writes=179 observableWrites=179 captureSpan=179 receivedX1000=1000 observableX1000=1000 deliverableX1000=1000 replaceLatestObservableX1000=670
LogOGRelayProbe: Warning: [Warning][RelayProbe.Write] id=28321 writesPerFrame p50=1 p99=2 max=2 emptyFrames=60 nonConsecutive=0 missedCaptureTicks=0 captures=[2496,2674] discont=0
LogOGRelayProbe: Warning: [Warning][RelayProbe.Frame] role=Server simTicks=121 frames=122 meanTicksPerFrameX100=99 p50=1 p99=1 max=2 meanFrameUs=16592
LogOGRelayProbe: Warning: [Warning][RelayProbe.Frame] role=Server cadence dFrame1=118 dFrame0=0 dFrameGt1=2 discont=0 numSteps total=121 max=2 gt1=1
LogOGRelayProbe: Warning: [Warning][RelayProbe.Budget] conn=28258 frames=120 elapsedMs=2022 netSpeedBps=250000 allowanceBytesPerTick=4166 outBytes=63082 bytesPerTick=525 occupancyPctX10=126
LogOGRelayProbe: Warning: [Warning][RelayProbe.Budget] conn=28258 queuedBits min=-66666 max=-63496 mean=-65786 notReadyFrames=0 outPackets=122 bytesPerPacket=517 lost=0
LogOGInputRelay: Warning: [RelayFlush] window owner=OGBrawlerUECharacter_2147482376 flushedRounds=250 entries=359 entriesPerRoundX100=143 suppressed=110 stageOverflowDrops=0
LogOGRelayProbe: Warning: [Warning][RelayProbe.Budget] conn=28299 frames=120 elapsedMs=2022 netSpeedBps=250000 allowanceBytesPerTick=4166 outBytes=63261 bytesPerTick=527 occupancyPctX10=126
LogOGRelayProbe: Warning: [Warning][RelayProbe.Budget] conn=28299 queuedBits min=-66666 max=-63496 mean=-65786 notReadyFrames=0 outPackets=122 bytesPerPacket=518 lost=0
LogOGInputRelay: Warning: [RelayFlush] window owner=OGBrawlerUECharacter_2147482398 flushedRounds=539 entries=719 entriesPerRoundX100=133 suppressed=181 stageOverflowDrops=0
LogOGNet: Warning: [Warning][InputStats] dropped 0 / 240 remote inputs = 0%
LogOGRelayProbe: Warning: [Warning][RelayProbe.Write] id=28281 runs=120 writes=180 observableWrites=180 captureSpan=180 receivedX1000=1000 observableX1000=1000 deliverableX1000=1000 replaceLatestObservableX1000=666
LogOGRelayProbe: Warning: [Warning][RelayProbe.Write] id=28281 writesPerFrame p50=1 p99=2 max=3 emptyFrames=63 nonConsecutive=0 missedCaptureTicks=0 captures=[2610,2789] discont=0
LogOGRelayProbe: Warning: [Warning][RelayProbe.Frame] role=Server simTicks=122 frames=123 meanTicksPerFrameX100=99 p50=1 p99=1 max=2 meanFrameUs=16525
LogOGRelayProbe: Warning: [Warning][RelayProbe.Frame] role=Server cadence dFrame1=117 dFrame0=0 dFrameGt1=3 discont=0 numSteps total=122 max=2 gt1=2
LogOGInputRelay: Warning: [RelayFlush] window owner=OGBrawlerUECharacter_2147482376 flushedRounds=329 entries=477 entriesPerRoundX100=144 suppressed=151 stageOverflowDrops=0
LogOGRelayProbe: Warning: [Warning][RelayProbe.Budget] conn=28258 frames=120 elapsedMs=2033 netSpeedBps=250000 allowanceBytesPerTick=4166 outBytes=63515 bytesPerTick=529 occupancyPctX10=126
LogOGRelayProbe: Warning: [Warning][RelayProbe.Budget] conn=28258 queuedBits min=-66666 max=-63202 mean=-65748 notReadyFrames=0 outPackets=123 bytesPerPacket=516 lost=0
LogOGRelayProbe: Warning: [Warning][RelayProbe.Budget] conn=28299 frames=120 elapsedMs=2033 netSpeedBps=250000 allowanceBytesPerTick=4166 outBytes=63439 bytesPerTick=528 occupancyPctX10=126
LogOGRelayProbe: Warning: [Warning][RelayProbe.Budget] conn=28299 queuedBits min=-66666 max=-63202 mean=-65735 notReadyFrames=0 outPackets=123 bytesPerPacket=515 lost=0
LogOGInputRelay: Warning: [RelayFlush] window owner=OGBrawlerUECharacter_2147482398 flushedRounds=618 entries=837 entriesPerRoundX100=135 suppressed=222 stageOverflowDrops=0
LogOGRelayProbe: Warning: [Warning][RelayProbe.Write] id=28321 runs=120 writes=180 observableWrites=180 captureSpan=180 receivedX1000=1000 observableX1000=1000 deliverableX1000=1000 replaceLatestObservableX1000=666
LogOGRelayProbe: Warning: [Warning][RelayProbe.Write] id=28321 writesPerFrame p50=1 p99=2 max=2 emptyFrames=61 nonConsecutive=0 missedCaptureTicks=0 captures=[2675,2854] discont=0
LogOGNet: Warning: [Warning][InputStats] dropped 0 / 236 remote inputs = 0%
LogOGRelayProbe: Warning: [Warning][RelayProbe.Frame] role=Server simTicks=120 frames=121 meanTicksPerFrameX100=99 p50=1 p99=1 max=1 meanFrameUs=16534
LogOGRelayProbe: Warning: [Warning][RelayProbe.Frame] role=Server cadence dFrame1=119 dFrame0=0 dFrameGt1=1 discont=0 numSteps total=120 max=1 gt1=0
LogOGInputRelay: Warning: [RelayFlush] window owner=OGBrawlerUECharacter_2147482376 flushedRounds=409 entries=596 entriesPerRoundX100=145 suppressed=191 stageOverflowDrops=0
LogOGRelayProbe: Warning: [Warning][RelayProbe.Budget] conn=28258 frames=120 elapsedMs=1999 netSpeedBps=250000 allowanceBytesPerTick=4166 outBytes=62590 bytesPerTick=521 occupancyPctX10=125
LogOGRelayProbe: Warning: [Warning][RelayProbe.Budget] conn=28258 queuedBits min=-66666 max=-63106 mean=-65671 notReadyFrames=0 outPackets=121 bytesPerPacket=517 lost=0
LogOGRelayProbe: Warning: [Warning][RelayProbe.Budget] conn=28299 frames=120 elapsedMs=2000 netSpeedBps=250000 allowanceBytesPerTick=4166 outBytes=62574 bytesPerTick=521 occupancyPctX10=125
LogOGRelayProbe: Warning: [Warning][RelayProbe.Budget] conn=28299 queuedBits min=-66666 max=-63106 mean=-65679 notReadyFrames=0 outPackets=121 bytesPerPacket=517 lost=0
LogOGInputRelay: Warning: [RelayFlush] window owner=OGBrawlerUECharacter_2147482398 flushedRounds=698 entries=957 entriesPerRoundX100=137 suppressed=262 stageOverflowDrops=0
LogOGRelayProbe: Warning: [Warning][RelayProbe.Write] id=28281 runs=120 writes=179 observableWrites=179 captureSpan=179 receivedX1000=1000 observableX1000=1000 deliverableX1000=1000 replaceLatestObservableX1000=670
LogOGRelayProbe: Warning: [Warning][RelayProbe.Write] id=28281 writesPerFrame p50=1 p99=2 max=2 emptyFrames=59 nonConsecutive=0 missedCaptureTicks=0 captures=[2790,2968] discont=0
LogOGNet: Warning: [Warning][InputStats] dropped 0 / 238 remote inputs = 0%
LogOGRelayProbe: Warning: [Warning][RelayProbe.Write] id=28321 runs=120 writes=177 observableWrites=177 captureSpan=177 receivedX1000=1000 observableX1000=1000 deliverableX1000=1000 replaceLatestObservableX1000=677
LogOGRelayProbe: Warning: [Warning][RelayProbe.Write] id=28321 writesPerFrame p50=1 p99=2 max=2 emptyFrames=59 nonConsecutive=0 missedCaptureTicks=0 captures=[2855,3031] discont=0
LogOGRelayProbe: Warning: [Warning][RelayProbe.Frame] role=Server simTicks=122 frames=123 meanTicksPerFrameX100=99 p50=1 p99=1 max=2 meanFrameUs=16565
LogOGRelayProbe: Warning: [Warning][RelayProbe.Frame] role=Server cadence dFrame1=117 dFrame0=0 dFrameGt1=3 discont=0 numSteps total=122 max=2 gt1=2
LogOGInputRelay: Warning: [RelayFlush] window owner=OGBrawlerUECharacter_2147482376 flushedRounds=489 entries=714 entriesPerRoundX100=146 suppressed=231 stageOverflowDrops=0
LogOGRelayProbe: Warning: [Warning][RelayProbe.Budget] conn=28258 frames=120 elapsedMs=2035 netSpeedBps=250000 allowanceBytesPerTick=4166 outBytes=63458 bytesPerTick=528 occupancyPctX10=126
LogOGRelayProbe: Warning: [Warning][RelayProbe.Budget] conn=28258 queuedBits min=-66666 max=-63110 mean=-65761 notReadyFrames=0 outPackets=123 bytesPerPacket=515 lost=0
LogOGRelayProbe: Warning: [Warning][RelayProbe.Budget] conn=28299 frames=120 elapsedMs=2035 netSpeedBps=250000 allowanceBytesPerTick=4166 outBytes=63452 bytesPerTick=528 occupancyPctX10=126
LogOGRelayProbe: Warning: [Warning][RelayProbe.Budget] conn=28299 queuedBits min=-66666 max=-63110 mean=-65747 notReadyFrames=0 outPackets=123 bytesPerPacket=515 lost=0
LogOGInputRelay: Warning: [RelayFlush] window owner=OGBrawlerUECharacter_2147482398 flushedRounds=779 entries=1075 entriesPerRoundX100=137 suppressed=301 stageOverflowDrops=0
LogOGNet: Warning: [Warning][InputStats] dropped 0 / 238 remote inputs = 0%
LogOGRelayProbe: Warning: [Warning][RelayProbe.Write] id=28281 runs=120 writes=179 observableWrites=179 captureSpan=179 receivedX1000=1000 observableX1000=1000 deliverableX1000=1000 replaceLatestObservableX1000=670
LogOGRelayProbe: Warning: [Warning][RelayProbe.Write] id=28281 writesPerFrame p50=1 p99=3 max=3 emptyFrames=61 nonConsecutive=0 missedCaptureTicks=0 captures=[2969,3147] discont=0
LogOGInputRelay: Warning: [RelayFlush] window owner=OGBrawlerUECharacter_2147482376 flushedRounds=569 entries=834 entriesPerRoundX100=146 suppressed=271 stageOverflowDrops=0
LogOGRelayProbe: Warning: [Warning][RelayProbe.Frame] role=Server simTicks=120 frames=121 meanTicksPerFrameX100=99 p50=1 p99=1 max=1 meanFrameUs=16512
LogOGRelayProbe: Warning: [Warning][RelayProbe.Frame] role=Server cadence dFrame1=119 dFrame0=0 dFrameGt1=1 discont=0 numSteps total=120 max=1 gt1=0
LogOGRelayProbe: Warning: [Warning][RelayProbe.Budget] conn=28258 frames=120 elapsedMs=1999 netSpeedBps=250000 allowanceBytesPerTick=4166 outBytes=62574 bytesPerTick=521 occupancyPctX10=125
LogOGRelayProbe: Warning: [Warning][RelayProbe.Budget] conn=28258 queuedBits min=-66666 max=-63656 mean=-65684 notReadyFrames=0 outPackets=121 bytesPerPacket=517 lost=0
LogOGRelayProbe: Warning: [Warning][RelayProbe.Budget] conn=28299 frames=120 elapsedMs=1999 netSpeedBps=250000 allowanceBytesPerTick=4166 outBytes=62574 bytesPerTick=521 occupancyPctX10=125
LogOGRelayProbe: Warning: [Warning][RelayProbe.Budget] conn=28299 queuedBits min=-66666 max=-63656 mean=-65697 notReadyFrames=0 outPackets=121 bytesPerPacket=517 lost=0
LogOGInputRelay: Warning: [RelayFlush] window owner=OGBrawlerUECharacter_2147482398 flushedRounds=858 entries=1196 entriesPerRoundX100=139 suppressed=342 stageOverflowDrops=0
LogOGRelayProbe: Warning: [Warning][RelayProbe.Write] id=28321 runs=120 writes=183 observableWrites=183 captureSpan=183 receivedX1000=1000 observableX1000=1000 deliverableX1000=1000 replaceLatestObservableX1000=655
LogOGRelayProbe: Warning: [Warning][RelayProbe.Write] id=28321 writesPerFrame p50=1 p99=3 max=3 emptyFrames=64 nonConsecutive=0 missedCaptureTicks=0 captures=[3032,3214] discont=0
LogOGNet: Warning: [Warning][InputStats] dropped 0 / 238 remote inputs = 0%
LogOGInputRelay: Warning: [RelayFlush] window owner=OGBrawlerUECharacter_2147482376 flushedRounds=647 entries=952 entriesPerRoundX100=147 suppressed=313 stageOverflowDrops=0
LogOGRelayProbe: Warning: [Warning][RelayProbe.Frame] role=Server simTicks=122 frames=123 meanTicksPerFrameX100=99 p50=1 p99=1 max=2 meanFrameUs=16551
LogOGRelayProbe: Warning: [Warning][RelayProbe.Frame] role=Server cadence dFrame1=117 dFrame0=0 dFrameGt1=3 discont=0 numSteps total=122 max=2 gt1=2
LogOGRelayProbe: Warning: [Warning][RelayProbe.Budget] conn=28258 frames=120 elapsedMs=2034 netSpeedBps=250000 allowanceBytesPerTick=4166 outBytes=63643 bytesPerTick=530 occupancyPctX10=127
LogOGRelayProbe: Warning: [Warning][RelayProbe.Budget] conn=28258 queuedBits min=-66666 max=-63368 mean=-65711 notReadyFrames=0 outPackets=123 bytesPerPacket=517 lost=0
LogOGInputRelay: Warning: [RelayFlush] window owner=OGBrawlerUECharacter_2147482398 flushedRounds=939 entries=1314 entriesPerRoundX100=139 suppressed=381 stageOverflowDrops=0
LogOGRelayProbe: Warning: [Warning][RelayProbe.Budget] conn=28299 frames=120 elapsedMs=2035 netSpeedBps=250000 allowanceBytesPerTick=4166 outBytes=63647 bytesPerTick=530 occupancyPctX10=127
LogOGRelayProbe: Warning: [Warning][RelayProbe.Budget] conn=28299 queuedBits min=-66666 max=-63368 mean=-65717 notReadyFrames=0 outPackets=123 bytesPerPacket=517 lost=0
LogOGRelayProbe: Warning: [Warning][RelayProbe.Write] id=28281 runs=120 writes=176 observableWrites=176 captureSpan=176 receivedX1000=1000 observableX1000=1000 deliverableX1000=1000 replaceLatestObservableX1000=681
LogOGRelayProbe: Warning: [Warning][RelayProbe.Write] id=28281 writesPerFrame p50=1 p99=2 max=3 emptyFrames=58 nonConsecutive=0 missedCaptureTicks=0 captures=[3148,3323] discont=0
LogOGNet: Warning: [Warning][InputStats] dropped 0 / 238 remote inputs = 0%
LogOGRelayProbe: Warning: [Warning][RelayProbe.Write] id=28321 runs=120 writes=177 observableWrites=177 captureSpan=177 receivedX1000=1000 observableX1000=1000 deliverableX1000=1000 replaceLatestObservableX1000=677
LogOGRelayProbe: Warning: [Warning][RelayProbe.Write] id=28321 writesPerFrame p50=1 p99=2 max=2 emptyFrames=58 nonConsecutive=0 missedCaptureTicks=0 captures=[3215,3391] discont=0
LogOGInputRelay: Warning: [RelayFlush] window owner=OGBrawlerUECharacter_2147482376 flushedRounds=728 entries=1073 entriesPerRoundX100=147 suppressed=352 stageOverflowDrops=0
LogOGRelayProbe: Warning: [Warning][RelayProbe.Frame] role=Server simTicks=121 frames=121 meanTicksPerFrameX100=100 p50=1 p99=1 max=2 meanFrameUs=16553
LogOGRelayProbe: Warning: [Warning][RelayProbe.Frame] role=Server cadence dFrame1=119 dFrame0=0 dFrameGt1=1 discont=0 numSteps total=121 max=2 gt1=1
LogOGInputRelay: Warning: [RelayFlush] window owner=OGBrawlerUECharacter_2147482398 flushedRounds=1023 entries=1434 entriesPerRoundX100=140 suppressed=417 stageOverflowDrops=0
LogOGRelayProbe: Warning: [Warning][RelayProbe.Budget] conn=28258 frames=120 elapsedMs=2053 netSpeedBps=250000 allowanceBytesPerTick=4166 outBytes=64004 bytesPerTick=533 occupancyPctX10=127
LogOGRelayProbe: Warning: [Warning][RelayProbe.Budget] conn=28258 queuedBits min=-66666 max=-63030 mean=-65709 notReadyFrames=0 outPackets=124 bytesPerPacket=516 lost=0
LogOGRelayProbe: Warning: [Warning][RelayProbe.Budget] conn=28299 frames=120 elapsedMs=2052 netSpeedBps=250000 allowanceBytesPerTick=4166 outBytes=64143 bytesPerTick=534 occupancyPctX10=128
LogOGRelayProbe: Warning: [Warning][RelayProbe.Budget] conn=28299 queuedBits min=-66666 max=-63030 mean=-65662 notReadyFrames=0 outPackets=124 bytesPerPacket=517 lost=0
LogOGNet: Warning: [Warning][InputStats] dropped 0 / 238 remote inputs = 0%
LogOGRelayProbe: Warning: [Warning][RelayProbe.Write] id=28281 runs=120 writes=174 observableWrites=174 captureSpan=174 receivedX1000=1000 observableX1000=1000 deliverableX1000=1000 replaceLatestObservableX1000=689
LogOGRelayProbe: Warning: [Warning][RelayProbe.Write] id=28281 writesPerFrame p50=1 p99=2 max=2 emptyFrames=54 nonConsecutive=0 missedCaptureTicks=0 captures=[3324,3497] discont=0
LogOGInputRelay: Warning: [RelayFlush] window owner=OGBrawlerUECharacter_2147482376 flushedRounds=810 entries=1193 entriesPerRoundX100=147 suppressed=390 stageOverflowDrops=0
LogOGRelayProbe: Warning: [Warning][RelayProbe.Frame] role=Server simTicks=122 frames=123 meanTicksPerFrameX100=99 p50=1 p99=2 max=2 meanFrameUs=16575
LogOGRelayProbe: Warning: [Warning][RelayProbe.Frame] role=Server cadence dFrame1=117 dFrame0=0 dFrameGt1=3 discont=0 numSteps total=122 max=2 gt1=2
LogOGInputRelay: Warning: [RelayFlush] window owner=OGBrawlerUECharacter_2147482398 flushedRounds=1103 entries=1553 entriesPerRoundX100=140 suppressed=457 stageOverflowDrops=0
LogOGRelayProbe: Warning: [Warning][RelayProbe.Budget] conn=28258 frames=120 elapsedMs=1989 netSpeedBps=250000 allowanceBytesPerTick=4166 outBytes=62231 bytesPerTick=518 occupancyPctX10=124
LogOGRelayProbe: Warning: [Warning][RelayProbe.Budget] conn=28258 queuedBits min=-66666 max=-63290 mean=-65679 notReadyFrames=0 outPackets=120 bytesPerPacket=518 lost=0
LogOGRelayProbe: Warning: [Warning][RelayProbe.Budget] conn=28299 frames=120 elapsedMs=1989 netSpeedBps=250000 allowanceBytesPerTick=4166 outBytes=62231 bytesPerTick=518 occupancyPctX10=124
LogOGRelayProbe: Warning: [Warning][RelayProbe.Budget] conn=28299 queuedBits min=-66666 max=-63290 mean=-65706 notReadyFrames=0 outPackets=120 bytesPerPacket=518 lost=0
LogOGRelayProbe: Warning: [Warning][RelayProbe.Write] id=28321 runs=120 writes=175 observableWrites=175 captureSpan=175 receivedX1000=1000 observableX1000=1000 deliverableX1000=1000 replaceLatestObservableX1000=685
LogOGRelayProbe: Warning: [Warning][RelayProbe.Write] id=28321 writesPerFrame p50=1 p99=2 max=2 emptyFrames=57 nonConsecutive=0 missedCaptureTicks=0 captures=[3392,3566] discont=0
LogOGNet: Warning: [Warning][InputStats] dropped 0 / 238 remote inputs = 0%
LogOGInputRelay: Warning: [RelayFlush] window owner=OGBrawlerUECharacter_2147482376 flushedRounds=892 entries=1311 entriesPerRoundX100=146 suppressed=428 stageOverflowDrops=0
LogOGInputRelay: Warning: [RelayFlush] window owner=OGBrawlerUECharacter_2147482398 flushedRounds=1185 entries=1672 entriesPerRoundX100=141 suppressed=495 stageOverflowDrops=0
LogOGRelayProbe: Warning: [Warning][RelayProbe.Frame] role=Server simTicks=125 frames=126 meanTicksPerFrameX100=99 p50=1 p99=2 max=2 meanFrameUs=16606
LogOGRelayProbe: Warning: [Warning][RelayProbe.Frame] role=Server cadence dFrame1=114 dFrame0=0 dFrameGt1=6 discont=0 numSteps total=125 max=2 gt1=5
LogOGRelayProbe: Warning: [Warning][RelayProbe.Budget] conn=28258 frames=120 elapsedMs=2091 netSpeedBps=250000 allowanceBytesPerTick=4166 outBytes=64861 bytesPerTick=540 occupancyPctX10=129
LogOGRelayProbe: Warning: [Warning][RelayProbe.Budget] conn=28258 queuedBits min=-66666 max=-63722 mean=-65879 notReadyFrames=0 outPackets=126 bytesPerPacket=514 lost=0
LogOGRelayProbe: Warning: [Warning][RelayProbe.Budget] conn=28299 frames=120 elapsedMs=2091 netSpeedBps=250000 allowanceBytesPerTick=4166 outBytes=64852 bytesPerTick=540 occupancyPctX10=129
LogOGRelayProbe: Warning: [Warning][RelayProbe.Budget] conn=28299 queuedBits min=-66666 max=-63722 mean=-65875 notReadyFrames=0 outPackets=126 bytesPerPacket=514 lost=0
LogOGRelayProbe: Warning: [Warning][RelayProbe.Write] id=28281 runs=120 writes=178 observableWrites=178 captureSpan=178 receivedX1000=1000 observableX1000=1000 deliverableX1000=1000 replaceLatestObservableX1000=674
LogOGRelayProbe: Warning: [Warning][RelayProbe.Write] id=28281 writesPerFrame p50=1 p99=2 max=3 emptyFrames=60 nonConsecutive=0 missedCaptureTicks=0 captures=[3498,3675] discont=0
LogOGNet: Warning: [Warning][InputStats] dropped 0 / 238 remote inputs = 0%
LogOGRelayProbe: Warning: [Warning][RelayProbe.Write] id=28321 runs=120 writes=179 observableWrites=179 captureSpan=179 receivedX1000=1000 observableX1000=1000 deliverableX1000=1000 replaceLatestObservableX1000=670
LogOGRelayProbe: Warning: [Warning][RelayProbe.Write] id=28321 writesPerFrame p50=1 p99=3 max=3 emptyFrames=59 nonConsecutive=0 missedCaptureTicks=0 captures=[3567,3745] discont=0
LogOGInputRelay: Warning: [RelayFlush] window owner=OGBrawlerUECharacter_2147482376 flushedRounds=971 entries=1431 entriesPerRoundX100=147 suppressed=469 stageOverflowDrops=0
LogOGInputRelay: Warning: [RelayFlush] window owner=OGBrawlerUECharacter_2147482398 flushedRounds=1265 entries=1793 entriesPerRoundX100=141 suppressed=535 stageOverflowDrops=0
LogOGRelayProbe: Warning: [Warning][RelayProbe.Frame] role=Server simTicks=120 frames=120 meanTicksPerFrameX100=100 p50=1 p99=1 max=1 meanFrameUs=16625
LogOGRelayProbe: Warning: [Warning][RelayProbe.Frame] role=Server cadence dFrame1=120 dFrame0=0 dFrameGt1=0 discont=0 numSteps total=120 max=1 gt1=0
LogOGRelayProbe: Warning: [Warning][RelayProbe.Budget] conn=28258 frames=120 elapsedMs=1996 netSpeedBps=250000 allowanceBytesPerTick=4166 outBytes=62301 bytesPerTick=519 occupancyPctX10=124
LogOGRelayProbe: Warning: [Warning][RelayProbe.Budget] conn=28258 queuedBits min=-66666 max=-63400 mean=-65922 notReadyFrames=0 outPackets=120 bytesPerPacket=519 lost=0
LogOGRelayProbe: Warning: [Warning][RelayProbe.Budget] conn=28299 frames=120 elapsedMs=1996 netSpeedBps=250000 allowanceBytesPerTick=4166 outBytes=62228 bytesPerTick=518 occupancyPctX10=124
LogOGRelayProbe: Warning: [Warning][RelayProbe.Budget] conn=28299 queuedBits min=-66666 max=-63400 mean=-65944 notReadyFrames=0 outPackets=120 bytesPerPacket=518 lost=0
LogOGNet: Warning: [Warning][InputStats] dropped 0 / 238 remote inputs = 0%
LogOGRelayProbe: Warning: [Warning][RelayProbe.Write] id=28281 runs=120 writes=176 observableWrites=176 captureSpan=176 receivedX1000=1000 observableX1000=1000 deliverableX1000=1000 replaceLatestObservableX1000=681
LogOGRelayProbe: Warning: [Warning][RelayProbe.Write] id=28281 writesPerFrame p50=1 p99=2 max=2 emptyFrames=56 nonConsecutive=0 missedCaptureTicks=0 captures=[3676,3851] discont=0
LogOGInputRelay: Warning: [RelayFlush] window owner=OGBrawlerUECharacter_2147482376 flushedRounds=1050 entries=1551 entriesPerRoundX100=147 suppressed=510 stageOverflowDrops=0
LogOGInputRelay: Warning: [RelayFlush] window owner=OGBrawlerUECharacter_2147482398 flushedRounds=1347 entries=1912 entriesPerRoundX100=141 suppressed=573 stageOverflowDrops=0
LogOGRelayProbe: Warning: [Warning][RelayProbe.Frame] role=Server simTicks=120 frames=120 meanTicksPerFrameX100=100 p50=1 p99=1 max=1 meanFrameUs=16644
LogOGRelayProbe: Warning: [Warning][RelayProbe.Frame] role=Server cadence dFrame1=120 dFrame0=0 dFrameGt1=0 discont=0 numSteps total=120 max=1 gt1=0
LogOGRelayProbe: Warning: [Warning][RelayProbe.Budget] conn=28258 frames=120 elapsedMs=1998 netSpeedBps=250000 allowanceBytesPerTick=4166 outBytes=62245 bytesPerTick=518 occupancyPctX10=124
LogOGRelayProbe: Warning: [Warning][RelayProbe.Budget] conn=28258 queuedBits min=-66666 max=-63740 mean=-65976 notReadyFrames=0 outPackets=120 bytesPerPacket=518 lost=0
LogOGRelayProbe: Warning: [Warning][RelayProbe.Budget] conn=28299 frames=120 elapsedMs=1999 netSpeedBps=250000 allowanceBytesPerTick=4166 outBytes=62290 bytesPerTick=519 occupancyPctX10=124
LogOGRelayProbe: Warning: [Warning][RelayProbe.Budget] conn=28299 queuedBits min=-66666 max=-63740 mean=-65976 notReadyFrames=0 outPackets=120 bytesPerPacket=519 lost=0
LogOGRelayProbe: Warning: [Warning][RelayProbe.Write] id=28321 runs=120 writes=181 observableWrites=181 captureSpan=181 receivedX1000=1000 observableX1000=1000 deliverableX1000=1000 replaceLatestObservableX1000=662
LogOGRelayProbe: Warning: [Warning][RelayProbe.Write] id=28321 writesPerFrame p50=1 p99=2 max=3 emptyFrames=61 nonConsecutive=0 missedCaptureTicks=0 captures=[3746,3926] discont=0
LogOGNet: Warning: [Warning][InputStats] dropped 0 / 238 remote inputs = 0%
LogOGInputRelay: Warning: [RelayFlush] window owner=OGBrawlerUECharacter_2147482376 flushedRounds=1130 entries=1670 entriesPerRoundX100=147 suppressed=550 stageOverflowDrops=0
LogOGInputRelay: Warning: [RelayFlush] window owner=OGBrawlerUECharacter_2147482398 flushedRounds=1432 entries=2031 entriesPerRoundX100=141 suppressed=608 stageOverflowDrops=0
LogOGRelayProbe: Warning: [Warning][RelayProbe.Frame] role=Server simTicks=120 frames=121 meanTicksPerFrameX100=99 p50=1 p99=1 max=1 meanFrameUs=16597
LogOGRelayProbe: Warning: [Warning][RelayProbe.Frame] role=Server cadence dFrame1=119 dFrame0=0 dFrameGt1=1 discont=0 numSteps total=120 max=1 gt1=0
LogOGRelayProbe: Warning: [Warning][RelayProbe.Budget] conn=28258 frames=120 elapsedMs=2006 netSpeedBps=250000 allowanceBytesPerTick=4166 outBytes=62604 bytesPerTick=521 occupancyPctX10=125
LogOGRelayProbe: Warning: [Warning][RelayProbe.Budget] conn=28258 queuedBits min=-66666 max=-63010 mean=-65859 notReadyFrames=0 outPackets=121 bytesPerPacket=517 lost=0
LogOGRelayProbe: Warning: [Warning][RelayProbe.Write] id=28281 runs=120 writes=171 observableWrites=171 captureSpan=171 receivedX1000=1000 observableX1000=1000 deliverableX1000=1000 replaceLatestObservableX1000=701
LogOGRelayProbe: Warning: [Warning][RelayProbe.Write] id=28281 writesPerFrame p50=1 p99=2 max=2 emptyFrames=51 nonConsecutive=0 missedCaptureTicks=0 captures=[3852,4022] discont=0
LogOGRelayProbe: Warning: [Warning][RelayProbe.Budget] conn=28299 frames=120 elapsedMs=2006 netSpeedBps=250000 allowanceBytesPerTick=4166 outBytes=62651 bytesPerTick=522 occupancyPctX10=125
LogOGRelayProbe: Warning: [Warning][RelayProbe.Budget] conn=28299 queuedBits min=-66666 max=-63010 mean=-65853 notReadyFrames=0 outPackets=121 bytesPerPacket=517 lost=0
LogOGNet: Warning: [Warning][InputStats] dropped 0 / 238 remote inputs = 0%
LogOGRelayProbe: Warning: [Warning][RelayProbe.Write] id=28321 runs=120 writes=179 observableWrites=179 captureSpan=179 receivedX1000=1000 observableX1000=1000 deliverableX1000=1000 replaceLatestObservableX1000=670
LogOGRelayProbe: Warning: [Warning][RelayProbe.Write] id=28321 writesPerFrame p50=1 p99=2 max=2 emptyFrames=60 nonConsecutive=0 missedCaptureTicks=0 captures=[3927,4105] discont=0
LogOGInputRelay: Warning: [RelayFlush] window owner=OGBrawlerUECharacter_2147482376 flushedRounds=1210 entries=1790 entriesPerRoundX100=147 suppressed=590 stageOverflowDrops=0
LogOGInputRelay: Warning: [RelayFlush] window owner=OGBrawlerUECharacter_2147482398 flushedRounds=1517 entries=2151 entriesPerRoundX100=141 suppressed=643 stageOverflowDrops=0
LogOGRelayProbe: Warning: [Warning][RelayProbe.Frame] role=Server simTicks=120 frames=120 meanTicksPerFrameX100=100 p50=1 p99=1 max=1 meanFrameUs=16541
LogOGRelayProbe: Warning: [Warning][RelayProbe.Frame] role=Server cadence dFrame1=120 dFrame0=0 dFrameGt1=0 discont=0 numSteps total=120 max=1 gt1=0
LogOGRelayProbe: Warning: [Warning][RelayProbe.Budget] conn=28258 frames=120 elapsedMs=1985 netSpeedBps=250000 allowanceBytesPerTick=4166 outBytes=62213 bytesPerTick=518 occupancyPctX10=124
LogOGRelayProbe: Warning: [Warning][RelayProbe.Budget] conn=28258 queuedBits min=-66666 max=-63480 mean=-65753 notReadyFrames=0 outPackets=120 bytesPerPacket=518 lost=0
LogOGRelayProbe: Warning: [Warning][RelayProbe.Budget] conn=28299 frames=120 elapsedMs=1986 netSpeedBps=250000 allowanceBytesPerTick=4166 outBytes=62278 bytesPerTick=518 occupancyPctX10=124
LogOGRelayProbe: Warning: [Warning][RelayProbe.Budget] conn=28299 queuedBits min=-66666 max=-63480 mean=-65761 notReadyFrames=0 outPackets=120 bytesPerPacket=518 lost=0
LogOGNet: Warning: [Warning][InputStats] dropped 0 / 240 remote inputs = 0%
LogOGRelayProbe: Warning: [Warning][RelayProbe.Write] id=28281 runs=120 writes=168 observableWrites=168 captureSpan=168 receivedX1000=1000 observableX1000=1000 deliverableX1000=1000 replaceLatestObservableX1000=714
LogOGRelayProbe: Warning: [Warning][RelayProbe.Write] id=28281 writesPerFrame p50=1 p99=2 max=3 emptyFrames=49 nonConsecutive=0 missedCaptureTicks=0 captures=[4023,4190] discont=0
LogOGInputRelay: Warning: [RelayFlush] window owner=OGBrawlerUECharacter_2147482376 flushedRounds=1292 entries=1910 entriesPerRoundX100=147 suppressed=628 stageOverflowDrops=0
LogOGInputRelay: Warning: [RelayFlush] window owner=OGBrawlerUECharacter_2147482398 flushedRounds=1600 entries=2269 entriesPerRoundX100=141 suppressed=680 stageOverflowDrops=0
LogOGRelayProbe: Warning: [Warning][RelayProbe.Frame] role=Server simTicks=122 frames=123 meanTicksPerFrameX100=99 p50=1 p99=2 max=2 meanFrameUs=16622
LogOGRelayProbe: Warning: [Warning][RelayProbe.Frame] role=Server cadence dFrame1=117 dFrame0=0 dFrameGt1=3 discont=0 numSteps total=122 max=2 gt1=2
LogOGRelayProbe: Warning: [Warning][RelayProbe.Budget] conn=28258 frames=120 elapsedMs=2043 netSpeedBps=250000 allowanceBytesPerTick=4166 outBytes=63650 bytesPerTick=530 occupancyPctX10=127
LogOGRelayProbe: Warning: [Warning][RelayProbe.Budget] conn=28258 queuedBits min=-66666 max=-63296 mean=-65842 notReadyFrames=0 outPackets=123 bytesPerPacket=517 lost=0
LogOGRelayProbe: Warning: [Warning][RelayProbe.Budget] conn=28299 frames=120 elapsedMs=2042 netSpeedBps=250000 allowanceBytesPerTick=4166 outBytes=63502 bytesPerTick=529 occupancyPctX10=126
LogOGRelayProbe: Warning: [Warning][RelayProbe.Budget] conn=28299 queuedBits min=-66666 max=-63296 mean=-65839 notReadyFrames=0 outPackets=123 bytesPerPacket=516 lost=0
LogOGRelayProbe: Warning: [Warning][RelayProbe.Write] id=28321 runs=120 writes=177 observableWrites=177 captureSpan=177 receivedX1000=1000 observableX1000=1000 deliverableX1000=1000 replaceLatestObservableX1000=677
LogOGRelayProbe: Warning: [Warning][RelayProbe.Write] id=28321 writesPerFrame p50=1 p99=3 max=3 emptyFrames=58 nonConsecutive=0 missedCaptureTicks=0 captures=[4106,4282] discont=0
LogOGNet: Warning: [Warning][InputStats] dropped 0 / 236 remote inputs = 0%
LogOGInputRelay: Warning: [RelayFlush] window owner=OGBrawlerUECharacter_2147482376 flushedRounds=1372 entries=2030 entriesPerRoundX100=147 suppressed=668 stageOverflowDrops=0
LogOGRelayProbe: Warning: [Warning][RelayProbe.Write] id=28281 runs=120 writes=174 observableWrites=174 captureSpan=174 receivedX1000=1000 observableX1000=1000 deliverableX1000=1000 replaceLatestObservableX1000=689
LogOGRelayProbe: Warning: [Warning][RelayProbe.Write] id=28281 writesPerFrame p50=1 p99=3 max=3 emptyFrames=54 nonConsecutive=0 missedCaptureTicks=0 captures=[4191,4364] discont=0
LogOGInputRelay: Warning: [RelayFlush] window owner=OGBrawlerUECharacter_2147482398 flushedRounds=1683 entries=2390 entriesPerRoundX100=142 suppressed=717 stageOverflowDrops=0
LogOGRelayProbe: Warning: [Warning][RelayProbe.Frame] role=Server simTicks=120 frames=120 meanTicksPerFrameX100=100 p50=1 p99=1 max=1 meanFrameUs=16681
LogOGRelayProbe: Warning: [Warning][RelayProbe.Frame] role=Server cadence dFrame1=120 dFrame0=0 dFrameGt1=0 discont=0 numSteps total=120 max=1 gt1=0
LogOGRelayProbe: Warning: [Warning][RelayProbe.Budget] conn=28258 frames=120 elapsedMs=2005 netSpeedBps=250000 allowanceBytesPerTick=4166 outBytes=62146 bytesPerTick=517 occupancyPctX10=124
LogOGRelayProbe: Warning: [Warning][RelayProbe.Budget] conn=28258 queuedBits min=-66666 max=-63232 mean=-66000 notReadyFrames=0 outPackets=120 bytesPerPacket=517 lost=0
LogOGRelayProbe: Warning: [Warning][RelayProbe.Budget] conn=28299 frames=120 elapsedMs=2004 netSpeedBps=250000 allowanceBytesPerTick=4166 outBytes=62422 bytesPerTick=520 occupancyPctX10=124
LogOGRelayProbe: Warning: [Warning][RelayProbe.Budget] conn=28299 queuedBits min=-66666 max=-63116 mean=-65974 notReadyFrames=0 outPackets=120 bytesPerPacket=520 lost=0
LogOGNet: Warning: [Warning][InputStats] dropped 0 / 240 remote inputs = 0%
LogOGRelayProbe: Warning: [Warning][RelayProbe.Write] id=28321 runs=120 writes=175 observableWrites=175 captureSpan=175 receivedX1000=1000 observableX1000=1000 deliverableX1000=1000 replaceLatestObservableX1000=685
LogOGRelayProbe: Warning: [Warning][RelayProbe.Write] id=28321 writesPerFrame p50=1 p99=2 max=2 emptyFrames=55 nonConsecutive=0 missedCaptureTicks=0 captures=[4283,4457] discont=0
LogOGInputRelay: Warning: [RelayFlush] window owner=OGBrawlerUECharacter_2147482376 flushedRounds=1454 entries=2148 entriesPerRoundX100=147 suppressed=706 stageOverflowDrops=0
LogOGInputRelay: Warning: [RelayFlush] window owner=OGBrawlerUECharacter_2147482398 flushedRounds=1766 entries=2510 entriesPerRoundX100=142 suppressed=754 stageOverflowDrops=0
LogOGRelayProbe: Warning: [Warning][RelayProbe.Frame] role=Server simTicks=124 frames=124 meanTicksPerFrameX100=100 p50=1 p99=2 max=2 meanFrameUs=16629
LogOGRelayProbe: Warning: [Warning][RelayProbe.Frame] role=Server cadence dFrame1=116 dFrame0=0 dFrameGt1=4 discont=0 numSteps total=124 max=2 gt1=4
LogOGRelayProbe: Warning: [Warning][RelayProbe.Budget] conn=28258 frames=120 elapsedMs=2059 netSpeedBps=250000 allowanceBytesPerTick=4166 outBytes=64133 bytesPerTick=534 occupancyPctX10=128
LogOGRelayProbe: Warning: [Warning][RelayProbe.Budget] conn=28258 queuedBits min=-66666 max=-63116 mean=-65795 notReadyFrames=0 outPackets=124 bytesPerPacket=517 lost=0
LogOGRelayProbe: Warning: [Warning][RelayProbe.Budget] conn=28299 frames=120 elapsedMs=2061 netSpeedBps=250000 allowanceBytesPerTick=4166 outBytes=64056 bytesPerTick=533 occupancyPctX10=127
LogOGRelayProbe: Warning: [Warning][RelayProbe.Budget] conn=28299 queuedBits min=-66666 max=-63302 mean=-65816 notReadyFrames=0 outPackets=124 bytesPerPacket=516 lost=0
LogOGNet: Warning: [Warning][InputStats] dropped 0 / 238 remote inputs = 0%
LogOGRelayProbe: Warning: [Warning][RelayProbe.Write] id=28281 runs=120 writes=174 observableWrites=174 captureSpan=174 receivedX1000=1000 observableX1000=1000 deliverableX1000=1000 replaceLatestObservableX1000=689
LogOGRelayProbe: Warning: [Warning][RelayProbe.Write] id=28281 writesPerFrame p50=1 p99=2 max=2 emptyFrames=54 nonConsecutive=0 missedCaptureTicks=0 captures=[4365,4538] discont=0
LogOGInputRelay: Warning: [RelayFlush] window owner=OGBrawlerUECharacter_2147482376 flushedRounds=1534 entries=2268 entriesPerRoundX100=147 suppressed=746 stageOverflowDrops=0
LogOGInputRelay: Warning: [RelayFlush] window owner=OGBrawlerUECharacter_2147482398 flushedRounds=1850 entries=2630 entriesPerRoundX100=142 suppressed=790 stageOverflowDrops=0
LogOGRelayProbe: Warning: [Warning][RelayProbe.Frame] role=Server simTicks=121 frames=122 meanTicksPerFrameX100=99 p50=1 p99=1 max=2 meanFrameUs=16571
LogOGRelayProbe: Warning: [Warning][RelayProbe.Frame] role=Server cadence dFrame1=118 dFrame0=0 dFrameGt1=2 discont=0 numSteps total=121 max=2 gt1=1
LogOGRelayProbe: Warning: [Warning][RelayProbe.Budget] conn=28258 frames=120 elapsedMs=2024 netSpeedBps=250000 allowanceBytesPerTick=4166 outBytes=63036 bytesPerTick=525 occupancyPctX10=126
LogOGRelayProbe: Warning: [Warning][RelayProbe.Budget] conn=28258 queuedBits min=-66666 max=-63474 mean=-65774 notReadyFrames=0 outPackets=122 bytesPerPacket=516 lost=0
LogOGRelayProbe: Warning: [Warning][RelayProbe.Budget] conn=28299 frames=120 elapsedMs=2024 netSpeedBps=250000 allowanceBytesPerTick=4166 outBytes=63095 bytesPerTick=525 occupancyPctX10=126
LogOGRelayProbe: Warning: [Warning][RelayProbe.Budget] conn=28299 queuedBits min=-66666 max=-63474 mean=-65782 notReadyFrames=0 outPackets=122 bytesPerPacket=517 lost=0
LogOGRelayProbe: Warning: [Warning][RelayProbe.Write] id=28321 runs=120 writes=182 observableWrites=182 captureSpan=182 receivedX1000=1000 observableX1000=1000 deliverableX1000=1000 replaceLatestObservableX1000=659
LogOGRelayProbe: Warning: [Warning][RelayProbe.Write] id=28321 writesPerFrame p50=2 p99=2 max=3 emptyFrames=63 nonConsecutive=0 missedCaptureTicks=0 captures=[4458,4639] discont=0
LogOGNet: Warning: [Warning][InputStats] dropped 0 / 238 remote inputs = 0%
LogOGRelayProbe: Warning: [Warning][RelayProbe.Write] id=28281 runs=120 writes=173 observableWrites=173 captureSpan=173 receivedX1000=1000 observableX1000=1000 deliverableX1000=1000 replaceLatestObservableX1000=693
LogOGRelayProbe: Warning: [Warning][RelayProbe.Write] id=28281 writesPerFrame p50=1 p99=2 max=2 emptyFrames=54 nonConsecutive=0 missedCaptureTicks=0 captures=[4539,4711] discont=0
LogOGInputRelay: Warning: [RelayFlush] window owner=OGBrawlerUECharacter_2147482376 flushedRounds=1613 entries=2388 entriesPerRoundX100=148 suppressed=787 stageOverflowDrops=0
LogOGInputRelay: Warning: [RelayFlush] window owner=OGBrawlerUECharacter_2147482398 flushedRounds=1931 entries=2748 entriesPerRoundX100=142 suppressed=829 stageOverflowDrops=0
LogOGRelayProbe: Warning: [Warning][RelayProbe.Frame] role=Server simTicks=121 frames=121 meanTicksPerFrameX100=100 p50=1 p99=1 max=2 meanFrameUs=16634
LogOGRelayProbe: Warning: [Warning][RelayProbe.Frame] role=Server cadence dFrame1=119 dFrame0=0 dFrameGt1=1 discont=0 numSteps total=121 max=2 gt1=1
LogOGRelayProbe: Warning: [Warning][RelayProbe.Budget] conn=28258 frames=120 elapsedMs=2009 netSpeedBps=250000 allowanceBytesPerTick=4166 outBytes=62781 bytesPerTick=523 occupancyPctX10=125
LogOGRelayProbe: Warning: [Warning][RelayProbe.Budget] conn=28258 queuedBits min=-66666 max=-63504 mean=-65913 notReadyFrames=0 outPackets=121 bytesPerPacket=518 lost=0
LogOGRelayProbe: Warning: [Warning][RelayProbe.Budget] conn=28299 frames=120 elapsedMs=2008 netSpeedBps=250000 allowanceBytesPerTick=4166 outBytes=62709 bytesPerTick=522 occupancyPctX10=125
LogOGRelayProbe: Warning: [Warning][RelayProbe.Budget] conn=28299 queuedBits min=-66666 max=-63504 mean=-65912 notReadyFrames=0 outPackets=121 bytesPerPacket=518 lost=0
LogOGNet: Warning: [Warning][InputStats] dropped 0 / 238 remote inputs = 0%
LogOGRelayProbe: Warning: [Warning][RelayProbe.Write] id=28321 runs=120 writes=178 observableWrites=178 captureSpan=178 receivedX1000=1000 observableX1000=1000 deliverableX1000=1000 replaceLatestObservableX1000=674
LogOGRelayProbe: Warning: [Warning][RelayProbe.Write] id=28321 writesPerFrame p50=1 p99=2 max=2 emptyFrames=60 nonConsecutive=0 missedCaptureTicks=0 captures=[4640,4817] discont=0
LogOGInputRelay: Warning: [RelayFlush] window owner=OGBrawlerUECharacter_2147482376 flushedRounds=1693 entries=2507 entriesPerRoundX100=148 suppressed=827 stageOverflowDrops=0
LogOGInputRelay: Warning: [RelayFlush] window owner=OGBrawlerUECharacter_2147482398 flushedRounds=2010 entries=2868 entriesPerRoundX100=142 suppressed=870 stageOverflowDrops=0
LogOGRelayProbe: Warning: [Warning][RelayProbe.Frame] role=Server simTicks=120 frames=121 meanTicksPerFrameX100=99 p50=1 p99=1 max=1 meanFrameUs=16483
LogOGRelayProbe: Warning: [Warning][RelayProbe.Frame] role=Server cadence dFrame1=119 dFrame0=0 dFrameGt1=1 discont=0 numSteps total=120 max=1 gt1=0
LogOGRelayProbe: Warning: [Warning][RelayProbe.Budget] conn=28258 frames=120 elapsedMs=1994 netSpeedBps=250000 allowanceBytesPerTick=4166 outBytes=62536 bytesPerTick=521 occupancyPctX10=125
LogOGRelayProbe: Warning: [Warning][RelayProbe.Budget] conn=28258 queuedBits min=-66666 max=-62998 mean=-65537 notReadyFrames=0 outPackets=121 bytesPerPacket=516 lost=0
LogOGRelayProbe: Warning: [Warning][RelayProbe.Budget] conn=28299 frames=120 elapsedMs=1995 netSpeedBps=250000 allowanceBytesPerTick=4166 outBytes=62596 bytesPerTick=521 occupancyPctX10=125
LogOGRelayProbe: Warning: [Warning][RelayProbe.Budget] conn=28299 queuedBits min=-66666 max=-62998 mean=-65538 notReadyFrames=0 outPackets=121 bytesPerPacket=517 lost=0
LogOGNet: Warning: [Warning][InputGap] id=28281 lastDelivered=4873 now=4876 dropped=2
LogOGNet: Warning: [Warning][InputStats] dropped 2 / 235 remote inputs = 0%
LogOGNet: Warning: [Warning][InputGap] id=28321 lastDelivered=4873 now=4877 dropped=3
LogOGRelayProbe: Warning: [Warning][RelayProbe.Write] id=28281 runs=120 writes=183 observableWrites=183 captureSpan=185 receivedX1000=989 observableX1000=1000 deliverableX1000=989 replaceLatestObservableX1000=655
LogOGRelayProbe: Warning: [Warning][RelayProbe.Write] id=28281 writesPerFrame p50=2 p99=3 max=3 emptyFrames=66 nonConsecutive=1 missedCaptureTicks=2 captures=[4712,4896] discont=0
LogOGInputRelay: Warning: [RelayFlush] window owner=OGBrawlerUECharacter_2147482376 flushedRounds=1771 entries=2624 entriesPerRoundX100=148 suppressed=869 stageOverflowDrops=0
LogOGInputRelay: Warning: [RelayFlush] window owner=OGBrawlerUECharacter_2147482398 flushedRounds=2087 entries=2987 entriesPerRoundX100=143 suppressed=913 stageOverflowDrops=0
LogOGRelayProbe: Warning: [Warning][RelayProbe.Frame] role=Server simTicks=122 frames=121 meanTicksPerFrameX100=100 p50=1 p99=1 max=2 meanFrameUs=16800
LogOGRelayProbe: Warning: [Warning][RelayProbe.Frame] role=Server cadence dFrame1=119 dFrame0=0 dFrameGt1=1 discont=0 numSteps total=122 max=2 gt1=2
LogOGRelayProbe: Warning: [Warning][RelayProbe.Budget] conn=28258 frames=120 elapsedMs=2033 netSpeedBps=250000 allowanceBytesPerTick=4166 outBytes=62498 bytesPerTick=520 occupancyPctX10=124
LogOGRelayProbe: Warning: [Warning][RelayProbe.Budget] conn=28258 queuedBits min=-66666 max=-62990 mean=-66284 notReadyFrames=0 outPackets=121 bytesPerPacket=516 lost=0
LogOGRelayProbe: Warning: [Warning][RelayProbe.Budget] conn=28299 frames=120 elapsedMs=2033 netSpeedBps=250000 allowanceBytesPerTick=4166 outBytes=62584 bytesPerTick=521 occupancyPctX10=125
LogOGRelayProbe: Warning: [Warning][RelayProbe.Budget] conn=28299 queuedBits min=-66666 max=-62990 mean=-66284 notReadyFrames=0 outPackets=121 bytesPerPacket=517 lost=0
LogOGRelayProbe: Warning: [Warning][RelayProbe.Write] id=28321 runs=120 writes=181 observableWrites=181 captureSpan=184 receivedX1000=983 observableX1000=1000 deliverableX1000=983 replaceLatestObservableX1000=662
LogOGRelayProbe: Warning: [Warning][RelayProbe.Write] id=28321 writesPerFrame p50=1 p99=3 max=3 emptyFrames=63 nonConsecutive=1 missedCaptureTicks=3 captures=[4818,5001] discont=0
LogOGNet: Warning: [Warning][InputStats] dropped 3 / 241 remote inputs = 1%
LogOGInputRelay: Warning: [RelayFlush] window owner=OGBrawlerUECharacter_2147482376 flushedRounds=1850 entries=2745 entriesPerRoundX100=148 suppressed=910 stageOverflowDrops=0
LogOGRelayProbe: Warning: [Warning][RelayProbe.Write] id=28281 runs=120 writes=182 observableWrites=182 captureSpan=182 receivedX1000=1000 observableX1000=1000 deliverableX1000=1000 replaceLatestObservableX1000=659
LogOGRelayProbe: Warning: [Warning][RelayProbe.Write] id=28281 writesPerFrame p50=1 p99=3 max=3 emptyFrames=60 nonConsecutive=0 missedCaptureTicks=0 captures=[4897,5078] discont=0
LogOGInputRelay: Warning: [RelayFlush] window owner=OGBrawlerUECharacter_2147482398 flushedRounds=2167 entries=3107 entriesPerRoundX100=143 suppressed=953 stageOverflowDrops=0
LogOGRelayProbe: Warning: [Warning][RelayProbe.Frame] role=Server simTicks=120 frames=120 meanTicksPerFrameX100=100 p50=1 p99=1 max=1 meanFrameUs=16710
LogOGRelayProbe: Warning: [Warning][RelayProbe.Frame] role=Server cadence dFrame1=120 dFrame0=0 dFrameGt1=0 discont=0 numSteps total=120 max=1 gt1=0
LogOGRelayProbe: Warning: [Warning][RelayProbe.Budget] conn=28258 frames=120 elapsedMs=2006 netSpeedBps=250000 allowanceBytesPerTick=4166 outBytes=62138 bytesPerTick=517 occupancyPctX10=124
LogOGRelayProbe: Warning: [Warning][RelayProbe.Budget] conn=28258 queuedBits min=-66666 max=-63770 mean=-66112 notReadyFrames=0 outPackets=120 bytesPerPacket=517 lost=0
LogOGRelayProbe: Warning: [Warning][RelayProbe.Budget] conn=28299 frames=120 elapsedMs=2005 netSpeedBps=250000 allowanceBytesPerTick=4166 outBytes=62464 bytesPerTick=520 occupancyPctX10=124
LogOGRelayProbe: Warning: [Warning][RelayProbe.Budget] conn=28299 queuedBits min=-66666 max=-63770 mean=-66109 notReadyFrames=0 outPackets=120 bytesPerPacket=520 lost=0
LogOGNet: Warning: [Warning][InputStats] dropped 0 / 238 remote inputs = 0%
LogOGRelayProbe: Warning: [Warning][RelayProbe.Write] id=28321 runs=120 writes=181 observableWrites=181 captureSpan=181 receivedX1000=1000 observableX1000=1000 deliverableX1000=1000 replaceLatestObservableX1000=662
LogOGRelayProbe: Warning: [Warning][RelayProbe.Write] id=28321 writesPerFrame p50=1 p99=2 max=3 emptyFrames=60 nonConsecutive=0 missedCaptureTicks=0 captures=[5002,5182] discont=0
LogOGInputRelay: Warning: [RelayFlush] window owner=OGBrawlerUECharacter_2147482376 flushedRounds=1931 entries=2866 entriesPerRoundX100=148 suppressed=949 stageOverflowDrops=0
LogOGInputRelay: Warning: [RelayFlush] window owner=OGBrawlerUECharacter_2147482398 flushedRounds=2250 entries=3229 entriesPerRoundX100=143 suppressed=990 stageOverflowDrops=0
LogOGRelayProbe: Warning: [Warning][RelayProbe.Frame] role=Server simTicks=121 frames=120 meanTicksPerFrameX100=100 p50=1 p99=1 max=2 meanFrameUs=16794
LogOGRelayProbe: Warning: [Warning][RelayProbe.Frame] role=Server cadence dFrame1=120 dFrame0=0 dFrameGt1=0 discont=0 numSteps total=121 max=2 gt1=1
LogOGRelayProbe: Warning: [Warning][RelayProbe.Budget] conn=28258 frames=120 elapsedMs=2015 netSpeedBps=250000 allowanceBytesPerTick=4166 outBytes=62435 bytesPerTick=520 occupancyPctX10=124
LogOGRelayProbe: Warning: [Warning][RelayProbe.Budget] conn=28258 queuedBits min=-66666 max=-63700 mean=-66234 notReadyFrames=0 outPackets=120 bytesPerPacket=520 lost=0
LogOGRelayProbe: Warning: [Warning][RelayProbe.Budget] conn=28299 frames=120 elapsedMs=2015 netSpeedBps=250000 allowanceBytesPerTick=4166 outBytes=62256 bytesPerTick=518 occupancyPctX10=124
LogOGRelayProbe: Warning: [Warning][RelayProbe.Budget] conn=28299 queuedBits min=-66666 max=-63700 mean=-66237 notReadyFrames=0 outPackets=120 bytesPerPacket=518 lost=0
LogOGNet: Warning: [Warning][InputStats] dropped 0 / 238 remote inputs = 0%
LogOGRelayProbe: Warning: [Warning][RelayProbe.Write] id=28281 runs=120 writes=177 observableWrites=177 captureSpan=177 receivedX1000=1000 observableX1000=1000 deliverableX1000=1000 replaceLatestObservableX1000=677
LogOGRelayProbe: Warning: [Warning][RelayProbe.Write] id=28281 writesPerFrame p50=1 p99=2 max=2 emptyFrames=56 nonConsecutive=0 missedCaptureTicks=0 captures=[5079,5255] discont=0
LogOGInputRelay: Warning: [RelayFlush] window owner=OGBrawlerUECharacter_2147482376 flushedRounds=2013 entries=2987 entriesPerRoundX100=148 suppressed=987 stageOverflowDrops=0
LogOGInputRelay: Warning: [RelayFlush] window owner=OGBrawlerUECharacter_2147482398 flushedRounds=2331 entries=3350 entriesPerRoundX100=143 suppressed=1029 stageOverflowDrops=0
LogOGRelayProbe: Warning: [Warning][RelayProbe.Frame] role=Server simTicks=120 frames=120 meanTicksPerFrameX100=100 p50=1 p99=1 max=1 meanFrameUs=16694
LogOGRelayProbe: Warning: [Warning][RelayProbe.Frame] role=Server cadence dFrame1=120 dFrame0=0 dFrameGt1=0 discont=0 numSteps total=120 max=1 gt1=0
LogOGRelayProbe: Warning: [Warning][RelayProbe.Budget] conn=28258 frames=120 elapsedMs=2002 netSpeedBps=250000 allowanceBytesPerTick=4166 outBytes=62222 bytesPerTick=518 occupancyPctX10=124
LogOGRelayProbe: Warning: [Warning][RelayProbe.Budget] conn=28258 queuedBits min=-66666 max=-63676 mean=-66010 notReadyFrames=0 outPackets=120 bytesPerPacket=518 lost=0
LogOGRelayProbe: Warning: [Warning][RelayProbe.Budget] conn=28299 frames=120 elapsedMs=2002 netSpeedBps=250000 allowanceBytesPerTick=4166 outBytes=62152 bytesPerTick=517 occupancyPctX10=124
LogOGRelayProbe: Warning: [Warning][RelayProbe.Budget] conn=28299 queuedBits min=-66666 max=-63676 mean=-66002 notReadyFrames=0 outPackets=120 bytesPerPacket=517 lost=0
LogOGNet: Warning: [Warning][InputStats] dropped 0 / 238 remote inputs = 0%
LogOGRelayProbe: Warning: [Warning][RelayProbe.Write] id=28321 runs=120 writes=179 observableWrites=179 captureSpan=179 receivedX1000=1000 observableX1000=1000 deliverableX1000=1000 replaceLatestObservableX1000=670
LogOGRelayProbe: Warning: [Warning][RelayProbe.Write] id=28321 writesPerFrame p50=1 p99=2 max=2 emptyFrames=58 nonConsecutive=0 missedCaptureTicks=0 captures=[5183,5361] discont=0
LogOGRelayProbe: Warning: [Warning][RelayProbe.Write] id=28281 runs=120 writes=177 observableWrites=177 captureSpan=177 receivedX1000=1000 observableX1000=1000 deliverableX1000=1000 replaceLatestObservableX1000=677
LogOGRelayProbe: Warning: [Warning][RelayProbe.Write] id=28281 writesPerFrame p50=1 p99=2 max=2 emptyFrames=58 nonConsecutive=0 missedCaptureTicks=0 captures=[5256,5432] discont=0
LogOGInputRelay: Warning: [RelayFlush] window owner=OGBrawlerUECharacter_2147482376 flushedRounds=2092 entries=3106 entriesPerRoundX100=148 suppressed=1028 stageOverflowDrops=0
LogOGInputRelay: Warning: [RelayFlush] window owner=OGBrawlerUECharacter_2147482398 flushedRounds=2412 entries=3468 entriesPerRoundX100=143 suppressed=1068 stageOverflowDrops=0
LogOGRelayProbe: Warning: [Warning][RelayProbe.Frame] role=Server simTicks=120 frames=120 meanTicksPerFrameX100=100 p50=1 p99=1 max=1 meanFrameUs=16618
LogOGRelayProbe: Warning: [Warning][RelayProbe.Frame] role=Server cadence dFrame1=120 dFrame0=0 dFrameGt1=0 discont=0 numSteps total=120 max=1 gt1=0
LogOGRelayProbe: Warning: [Warning][RelayProbe.Budget] conn=28258 frames=120 elapsedMs=1992 netSpeedBps=250000 allowanceBytesPerTick=4166 outBytes=62224 bytesPerTick=518 occupancyPctX10=124
LogOGRelayProbe: Warning: [Warning][RelayProbe.Budget] conn=28258 queuedBits min=-66666 max=-63316 mean=-65778 notReadyFrames=0 outPackets=120 bytesPerPacket=518 lost=0
LogOGRelayProbe: Warning: [Warning][RelayProbe.Budget] conn=28299 frames=120 elapsedMs=1991 netSpeedBps=250000 allowanceBytesPerTick=4166 outBytes=62272 bytesPerTick=518 occupancyPctX10=124
LogOGRelayProbe: Warning: [Warning][RelayProbe.Budget] conn=28299 queuedBits min=-66666 max=-63316 mean=-65782 notReadyFrames=0 outPackets=120 bytesPerPacket=518 lost=0
LogOGNet: Warning: [Warning][InputStats] dropped 0 / 238 remote inputs = 0%
LogOGRelayProbe: Warning: [Warning][RelayProbe.Write] id=28321 runs=120 writes=183 observableWrites=183 captureSpan=183 receivedX1000=1000 observableX1000=1000 deliverableX1000=1000 replaceLatestObservableX1000=655
LogOGRelayProbe: Warning: [Warning][RelayProbe.Write] id=28321 writesPerFrame p50=1 p99=3 max=3 emptyFrames=63 nonConsecutive=0 missedCaptureTicks=0 captures=[5362,5544] discont=0
LogOGInputRelay: Warning: [RelayFlush] window owner=OGBrawlerUECharacter_2147482376 flushedRounds=2170 entries=3226 entriesPerRoundX100=148 suppressed=1070 stageOverflowDrops=0
LogOGInputRelay: Warning: [RelayFlush] window owner=OGBrawlerUECharacter_2147482398 flushedRounds=2498 entries=3588 entriesPerRoundX100=143 suppressed=1102 stageOverflowDrops=0
LogOGRelayProbe: Warning: [Warning][RelayProbe.Frame] role=Server simTicks=120 frames=120 meanTicksPerFrameX100=100 p50=1 p99=1 max=1 meanFrameUs=16682
LogOGRelayProbe: Warning: [Warning][RelayProbe.Frame] role=Server cadence dFrame1=120 dFrame0=0 dFrameGt1=0 discont=0 numSteps total=120 max=1 gt1=0
LogOGRelayProbe: Warning: [Warning][RelayProbe.Budget] conn=28258 frames=120 elapsedMs=2002 netSpeedBps=250000 allowanceBytesPerTick=4166 outBytes=62219 bytesPerTick=518 occupancyPctX10=124
LogOGRelayProbe: Warning: [Warning][RelayProbe.Budget] conn=28258 queuedBits min=-66666 max=-63588 mean=-66008 notReadyFrames=0 outPackets=120 bytesPerPacket=518 lost=0
LogOGRelayProbe: Warning: [Warning][RelayProbe.Budget] conn=28299 frames=120 elapsedMs=2003 netSpeedBps=250000 allowanceBytesPerTick=4166 outBytes=62292 bytesPerTick=519 occupancyPctX10=124
LogOGRelayProbe: Warning: [Warning][RelayProbe.Budget] conn=28299 queuedBits min=-66666 max=-63588 mean=-66001 notReadyFrames=0 outPackets=120 bytesPerPacket=519 lost=0
LogOGNet: Warning: [Warning][InputStats] dropped 0 / 238 remote inputs = 0%
LogOGRelayProbe: Warning: [Warning][RelayProbe.Write] id=28281 runs=120 writes=172 observableWrites=172 captureSpan=172 receivedX1000=1000 observableX1000=1000 deliverableX1000=1000 replaceLatestObservableX1000=697
LogOGRelayProbe: Warning: [Warning][RelayProbe.Write] id=28281 writesPerFrame p50=1 p99=3 max=3 emptyFrames=52 nonConsecutive=0 missedCaptureTicks=0 captures=[5433,5604] discont=0
LogOGInputRelay: Warning: [RelayFlush] window owner=OGBrawlerUECharacter_2147482376 flushedRounds=2248 entries=3346 entriesPerRoundX100=148 suppressed=1112 stageOverflowDrops=0
LogOGInputRelay: Warning: [RelayFlush] window owner=OGBrawlerUECharacter_2147482398 flushedRounds=2578 entries=3708 entriesPerRoundX100=143 suppressed=1142 stageOverflowDrops=0
LogOGRelayProbe: Warning: [Warning][RelayProbe.Frame] role=Server simTicks=120 frames=120 meanTicksPerFrameX100=100 p50=1 p99=1 max=1 meanFrameUs=16665
LogOGRelayProbe: Warning: [Warning][RelayProbe.Frame] role=Server cadence dFrame1=120 dFrame0=0 dFrameGt1=0 discont=0 numSteps total=120 max=1 gt1=0
LogOGRelayProbe: Warning: [Warning][RelayProbe.Budget] conn=28258 frames=120 elapsedMs=2000 netSpeedBps=250000 allowanceBytesPerTick=4166 outBytes=62188 bytesPerTick=518 occupancyPctX10=124
LogOGRelayProbe: Warning: [Warning][RelayProbe.Budget] conn=28258 queuedBits min=-66666 max=-63638 mean=-65964 notReadyFrames=0 outPackets=120 bytesPerPacket=518 lost=0
LogOGRelayProbe: Warning: [Warning][RelayProbe.Budget] conn=28299 frames=120 elapsedMs=2001 netSpeedBps=250000 allowanceBytesPerTick=4166 outBytes=62237 bytesPerTick=518 occupancyPctX10=124
LogOGRelayProbe: Warning: [Warning][RelayProbe.Budget] conn=28299 queuedBits min=-66666 max=-63638 mean=-65974 notReadyFrames=0 outPackets=120 bytesPerPacket=518 lost=0
LogOGNet: Warning: [Warning][InputStats] dropped 0 / 238 remote inputs = 0%
LogOGRelayProbe: Warning: [Warning][RelayProbe.Write] id=28321 runs=120 writes=188 observableWrites=188 captureSpan=188 receivedX1000=1000 observableX1000=1000 deliverableX1000=1000 replaceLatestObservableX1000=638
LogOGRelayProbe: Warning: [Warning][RelayProbe.Write] id=28321 writesPerFrame p50=2 p99=3 max=3 emptyFrames=68 nonConsecutive=0 missedCaptureTicks=0 captures=[5545,5732] discont=0
LogOGRelayProbe: Warning: [Warning][RelayProbe.Write] id=28281 runs=120 writes=178 observableWrites=178 captureSpan=178 receivedX1000=1000 observableX1000=1000 deliverableX1000=1000 replaceLatestObservableX1000=674
LogOGRelayProbe: Warning: [Warning][RelayProbe.Write] id=28281 writesPerFrame p50=1 p99=2 max=3 emptyFrames=57 nonConsecutive=0 missedCaptureTicks=0 captures=[5605,5782] discont=0
LogOGInputRelay: Warning: [RelayFlush] window owner=OGBrawlerUECharacter_2147482376 flushedRounds=2325 entries=3466 entriesPerRoundX100=149 suppressed=1155 stageOverflowDrops=0
LogOGInputRelay: Warning: [RelayFlush] window owner=OGBrawlerUECharacter_2147482398 flushedRounds=2659 entries=3830 entriesPerRoundX100=144 suppressed=1181 stageOverflowDrops=0
LogOGRelayProbe: Warning: [Warning][RelayProbe.Frame] role=Server simTicks=120 frames=120 meanTicksPerFrameX100=100 p50=1 p99=1 max=1 meanFrameUs=16719
LogOGRelayProbe: Warning: [Warning][RelayProbe.Frame] role=Server cadence dFrame1=120 dFrame0=0 dFrameGt1=0 discont=0 numSteps total=120 max=1 gt1=0
LogOGRelayProbe: Warning: [Warning][RelayProbe.Budget] conn=28258 frames=120 elapsedMs=2005 netSpeedBps=250000 allowanceBytesPerTick=4166 outBytes=62225 bytesPerTick=518 occupancyPctX10=124
LogOGRelayProbe: Warning: [Warning][RelayProbe.Budget] conn=28258 queuedBits min=-66666 max=-63300 mean=-66023 notReadyFrames=0 outPackets=120 bytesPerPacket=518 lost=0
LogOGRelayProbe: Warning: [Warning][RelayProbe.Budget] conn=28299 frames=120 elapsedMs=2004 netSpeedBps=250000 allowanceBytesPerTick=4166 outBytes=62334 bytesPerTick=519 occupancyPctX10=124
LogOGRelayProbe: Warning: [Warning][RelayProbe.Budget] conn=28299 queuedBits min=-66666 max=-63300 mean=-66012 notReadyFrames=0 outPackets=120 bytesPerPacket=519 lost=0
LogOGNet: Warning: [Warning][InputStats] dropped 0 / 238 remote inputs = 0%
LogOGRelayProbe: Warning: [Warning][RelayProbe.Write] id=28321 runs=120 writes=181 observableWrites=181 captureSpan=181 receivedX1000=1000 observableX1000=1000 deliverableX1000=1000 replaceLatestObservableX1000=662
LogOGRelayProbe: Warning: [Warning][RelayProbe.Write] id=28321 writesPerFrame p50=1 p99=2 max=3 emptyFrames=61 nonConsecutive=0 missedCaptureTicks=0 captures=[5733,5913] discont=0
LogOGInputRelay: Warning: [RelayFlush] window owner=OGBrawlerUECharacter_2147482376 flushedRounds=2404 entries=3586 entriesPerRoundX100=149 suppressed=1196 stageOverflowDrops=0
LogOGInputRelay: Warning: [RelayFlush] window owner=OGBrawlerUECharacter_2147482398 flushedRounds=2741 entries=3948 entriesPerRoundX100=144 suppressed=1219 stageOverflowDrops=0
LogOGRelayProbe: Warning: [Warning][RelayProbe.Frame] role=Server simTicks=120 frames=120 meanTicksPerFrameX100=100 p50=1 p99=1 max=1 meanFrameUs=16583
LogOGRelayProbe: Warning: [Warning][RelayProbe.Frame] role=Server cadence dFrame1=120 dFrame0=0 dFrameGt1=0 discont=0 numSteps total=120 max=1 gt1=0
LogOGRelayProbe: Warning: [Warning][RelayProbe.Budget] conn=28258 frames=120 elapsedMs=1990 netSpeedBps=250000 allowanceBytesPerTick=4166 outBytes=62224 bytesPerTick=518 occupancyPctX10=124
LogOGRelayProbe: Warning: [Warning][RelayProbe.Budget] conn=28258 queuedBits min=-66666 max=-63580 mean=-65773 notReadyFrames=0 outPackets=120 bytesPerPacket=518 lost=0
LogOGRelayProbe: Warning: [Warning][RelayProbe.Budget] conn=28299 frames=120 elapsedMs=1991 netSpeedBps=250000 allowanceBytesPerTick=4166 outBytes=62195 bytesPerTick=518 occupancyPctX10=124
LogOGRelayProbe: Warning: [Warning][RelayProbe.Budget] conn=28299 queuedBits min=-66666 max=-63580 mean=-65778 notReadyFrames=0 outPackets=120 bytesPerPacket=518 lost=0
LogOGNet: Warning: [Warning][InputStats] dropped 0 / 238 remote inputs = 0%
LogOGRelayProbe: Warning: [Warning][RelayProbe.Write] id=28281 runs=120 writes=173 observableWrites=173 captureSpan=173 receivedX1000=1000 observableX1000=1000 deliverableX1000=1000 replaceLatestObservableX1000=693
LogOGRelayProbe: Warning: [Warning][RelayProbe.Write] id=28281 writesPerFrame p50=1 p99=3 max=3 emptyFrames=54 nonConsecutive=0 missedCaptureTicks=0 captures=[5783,5955] discont=0
LogOGInputRelay: Warning: [RelayFlush] window owner=OGBrawlerUECharacter_2147482376 flushedRounds=2483 entries=3704 entriesPerRoundX100=149 suppressed=1237 stageOverflowDrops=0
LogOGInputRelay: Warning: [RelayFlush] window owner=OGBrawlerUECharacter_2147482398 flushedRounds=2822 entries=4067 entriesPerRoundX100=144 suppressed=1258 stageOverflowDrops=0
LogOGRelayProbe: Warning: [Warning][RelayProbe.Frame] role=Server simTicks=120 frames=121 meanTicksPerFrameX100=99 p50=1 p99=1 max=1 meanFrameUs=16536
LogOGRelayProbe: Warning: [Warning][RelayProbe.Frame] role=Server cadence dFrame1=119 dFrame0=0 dFrameGt1=1 discont=0 numSteps total=120 max=1 gt1=0
LogOGRelayProbe: Warning: [Warning][RelayProbe.Budget] conn=28258 frames=120 elapsedMs=2000 netSpeedBps=250000 allowanceBytesPerTick=4166 outBytes=62596 bytesPerTick=521 occupancyPctX10=125
LogOGRelayProbe: Warning: [Warning][RelayProbe.Budget] conn=28258 queuedBits min=-66666 max=-63618 mean=-65703 notReadyFrames=0 outPackets=121 bytesPerPacket=517 lost=0
LogOGRelayProbe: Warning: [Warning][RelayProbe.Budget] conn=28299 frames=120 elapsedMs=1999 netSpeedBps=250000 allowanceBytesPerTick=4166 outBytes=62571 bytesPerTick=521 occupancyPctX10=125
LogOGRelayProbe: Warning: [Warning][RelayProbe.Budget] conn=28299 queuedBits min=-66666 max=-63618 mean=-65693 notReadyFrames=0 outPackets=121 bytesPerPacket=517 lost=0
LogOGNet: Warning: [Warning][InputStats] dropped 0 / 238 remote inputs = 0%
LogOGRelayProbe: Warning: [Warning][RelayProbe.Write] id=28321 runs=120 writes=182 observableWrites=182 captureSpan=182 receivedX1000=1000 observableX1000=1000 deliverableX1000=1000 replaceLatestObservableX1000=659
LogOGRelayProbe: Warning: [Warning][RelayProbe.Write] id=28321 writesPerFrame p50=2 p99=2 max=3 emptyFrames=63 nonConsecutive=0 missedCaptureTicks=0 captures=[5914,6095] discont=0
LogOGRelayProbe: Warning: [Warning][RelayProbe.Write] id=28281 runs=120 writes=175 observableWrites=175 captureSpan=175 receivedX1000=1000 observableX1000=1000 deliverableX1000=1000 replaceLatestObservableX1000=685
LogOGRelayProbe: Warning: [Warning][RelayProbe.Write] id=28281 writesPerFrame p50=1 p99=3 max=3 emptyFrames=56 nonConsecutive=0 missedCaptureTicks=0 captures=[5956,6130] discont=0
LogOGInputRelay: Warning: [RelayFlush] window owner=OGBrawlerUECharacter_2147482376 flushedRounds=2562 entries=3825 entriesPerRoundX100=149 suppressed=1278 stageOverflowDrops=0
LogOGInputRelay: Warning: [RelayFlush] window owner=OGBrawlerUECharacter_2147482398 flushedRounds=2909 entries=4187 entriesPerRoundX100=143 suppressed=1291 stageOverflowDrops=0
LogOGRelayProbe: Warning: [Warning][RelayProbe.Frame] role=Server simTicks=120 frames=120 meanTicksPerFrameX100=100 p50=1 p99=1 max=1 meanFrameUs=16665
LogOGRelayProbe: Warning: [Warning][RelayProbe.Frame] role=Server cadence dFrame1=120 dFrame0=0 dFrameGt1=0 discont=0 numSteps total=120 max=1 gt1=0
LogOGRelayProbe: Warning: [Warning][RelayProbe.Budget] conn=28258 frames=120 elapsedMs=2001 netSpeedBps=250000 allowanceBytesPerTick=4166 outBytes=62235 bytesPerTick=518 occupancyPctX10=124
LogOGRelayProbe: Warning: [Warning][RelayProbe.Budget] conn=28258 queuedBits min=-66666 max=-63514 mean=-65967 notReadyFrames=0 outPackets=120 bytesPerPacket=518 lost=0
LogOGNet: Warning: [Warning][InputStats] dropped 0 / 238 remote inputs = 0%
LogOGRelayProbe: Warning: [Warning][RelayProbe.Budget] conn=28299 frames=120 elapsedMs=2001 netSpeedBps=250000 allowanceBytesPerTick=4166 outBytes=62349 bytesPerTick=519 occupancyPctX10=124
LogOGRelayProbe: Warning: [Warning][RelayProbe.Budget] conn=28299 queuedBits min=-66666 max=-63514 mean=-65983 notReadyFrames=0 outPackets=120 bytesPerPacket=519 lost=0
LogOGRelayProbe: Warning: [Warning][RelayProbe.Write] id=28321 runs=120 writes=180 observableWrites=180 captureSpan=180 receivedX1000=1000 observableX1000=1000 deliverableX1000=1000 replaceLatestObservableX1000=666
LogOGRelayProbe: Warning: [Warning][RelayProbe.Write] id=28321 writesPerFrame p50=1 p99=2 max=2 emptyFrames=60 nonConsecutive=0 missedCaptureTicks=0 captures=[6096,6275] discont=0
LogOGInputRelay: Warning: [RelayFlush] window owner=OGBrawlerUECharacter_2147482376 flushedRounds=2642 entries=3945 entriesPerRoundX100=149 suppressed=1318 stageOverflowDrops=0
LogOGInputRelay: Warning: [RelayFlush] window owner=OGBrawlerUECharacter_2147482398 flushedRounds=2992 entries=4307 entriesPerRoundX100=143 suppressed=1328 stageOverflowDrops=0
LogOGRelayProbe: Warning: [Warning][RelayProbe.Write] id=28281 runs=120 writes=170 observableWrites=170 captureSpan=170 receivedX1000=1000 observableX1000=1000 deliverableX1000=1000 replaceLatestObservableX1000=705
LogOGRelayProbe: Warning: [Warning][RelayProbe.Write] id=28281 writesPerFrame p50=1 p99=2 max=3 emptyFrames=50 nonConsecutive=0 missedCaptureTicks=0 captures=[6131,6300] discont=0
LogOGRelayProbe: Warning: [Warning][RelayProbe.Frame] role=Server simTicks=120 frames=121 meanTicksPerFrameX100=99 p50=1 p99=1 max=1 meanFrameUs=16624
LogOGRelayProbe: Warning: [Warning][RelayProbe.Frame] role=Server cadence dFrame1=119 dFrame0=0 dFrameGt1=1 discont=0 numSteps total=120 max=1 gt1=0
LogOGRelayProbe: Warning: [Warning][RelayProbe.Budget] conn=28258 frames=120 elapsedMs=2009 netSpeedBps=250000 allowanceBytesPerTick=4166 outBytes=62597 bytesPerTick=521 occupancyPctX10=125
LogOGRelayProbe: Warning: [Warning][RelayProbe.Budget] conn=28258 queuedBits min=-66666 max=-63198 mean=-65821 notReadyFrames=0 outPackets=121 bytesPerPacket=517 lost=0
LogOGNet: Warning: [Warning][InputStats] dropped 0 / 238 remote inputs = 0%
LogOGRelayProbe: Warning: [Warning][RelayProbe.Budget] conn=28299 frames=120 elapsedMs=2009 netSpeedBps=250000 allowanceBytesPerTick=4166 outBytes=62793 bytesPerTick=523 occupancyPctX10=125
LogOGRelayProbe: Warning: [Warning][RelayProbe.Budget] conn=28299 queuedBits min=-66666 max=-63198 mean=-65816 notReadyFrames=0 outPackets=121 bytesPerPacket=518 lost=0
LogOGInputRelay: Warning: [RelayFlush] window owner=OGBrawlerUECharacter_2147482376 flushedRounds=2721 entries=4065 entriesPerRoundX100=149 suppressed=1359 stageOverflowDrops=0
LogOGInputRelay: Warning: [RelayFlush] window owner=OGBrawlerUECharacter_2147482398 flushedRounds=3074 entries=4426 entriesPerRoundX100=143 suppressed=1366 stageOverflowDrops=0
LogOGRelayProbe: Warning: [Warning][RelayProbe.Frame] role=Server simTicks=122 frames=122 meanTicksPerFrameX100=100 p50=1 p99=2 max=2 meanFrameUs=16549
LogOGRelayProbe: Warning: [Warning][RelayProbe.Frame] role=Server cadence dFrame1=118 dFrame0=0 dFrameGt1=2 discont=0 numSteps total=122 max=2 gt1=2
LogOGNet: Warning: [Warning][InputStats] dropped 0 / 238 remote inputs = 0%
LogOGRelayProbe: Warning: [Warning][RelayProbe.Budget] conn=28258 frames=120 elapsedMs=2021 netSpeedBps=250000 allowanceBytesPerTick=4166 outBytes=63152 bytesPerTick=526 occupancyPctX10=126
LogOGRelayProbe: Warning: [Warning][RelayProbe.Budget] conn=28258 queuedBits min=-66666 max=-63150 mean=-65752 notReadyFrames=0 outPackets=122 bytesPerPacket=517 lost=0
LogOGRelayProbe: Warning: [Warning][RelayProbe.Budget] conn=28299 frames=120 elapsedMs=2021 netSpeedBps=250000 allowanceBytesPerTick=4166 outBytes=63080 bytesPerTick=525 occupancyPctX10=126
LogOGRelayProbe: Warning: [Warning][RelayProbe.Budget] conn=28299 queuedBits min=-66666 max=-63150 mean=-65747 notReadyFrames=0 outPackets=122 bytesPerPacket=517 lost=0
LogOGRelayProbe: Warning: [Warning][RelayProbe.Write] id=28321 runs=120 writes=181 observableWrites=181 captureSpan=181 receivedX1000=1000 observableX1000=1000 deliverableX1000=1000 replaceLatestObservableX1000=662
LogOGRelayProbe: Warning: [Warning][RelayProbe.Write] id=28321 writesPerFrame p50=1 p99=2 max=3 emptyFrames=62 nonConsecutive=0 missedCaptureTicks=0 captures=[6276,6456] discont=0
LogOGRelayProbe: Warning: [Warning][RelayProbe.Write] id=28281 runs=120 writes=174 observableWrites=174 captureSpan=174 receivedX1000=1000 observableX1000=1000 deliverableX1000=1000 replaceLatestObservableX1000=689
LogOGRelayProbe: Warning: [Warning][RelayProbe.Write] id=28281 writesPerFrame p50=1 p99=2 max=2 emptyFrames=56 nonConsecutive=0 missedCaptureTicks=0 captures=[6301,6474] discont=0
LogOGInputRelay: Warning: [RelayFlush] window owner=OGBrawlerUECharacter_2147482376 flushedRounds=2800 entries=4183 entriesPerRoundX100=149 suppressed=1400 stageOverflowDrops=0
LogOGInputRelay: Warning: [RelayFlush] window owner=OGBrawlerUECharacter_2147482398 flushedRounds=3157 entries=4546 entriesPerRoundX100=143 suppressed=1403 stageOverflowDrops=0
LogOGRelayProbe: Warning: [Warning][RelayProbe.Frame] role=Server simTicks=120 frames=122 meanTicksPerFrameX100=98 p50=1 p99=1 max=1 meanFrameUs=16515
LogOGRelayProbe: Warning: [Warning][RelayProbe.Frame] role=Server cadence dFrame1=118 dFrame0=0 dFrameGt1=2 discont=0 numSteps total=120 max=1 gt1=0
LogOGNet: Warning: [Warning][InputStats] dropped 0 / 238 remote inputs = 0%
LogOGRelayProbe: Warning: [Warning][RelayProbe.Budget] conn=28258 frames=120 elapsedMs=2012 netSpeedBps=250000 allowanceBytesPerTick=4166 outBytes=63050 bytesPerTick=525 occupancyPctX10=126
LogOGRelayProbe: Warning: [Warning][RelayProbe.Budget] conn=28258 queuedBits min=-66666 max=-63580 mean=-65638 notReadyFrames=0 outPackets=122 bytesPerPacket=516 lost=0
LogOGRelayProbe: Warning: [Warning][RelayProbe.Budget] conn=28299 frames=120 elapsedMs=2012 netSpeedBps=250000 allowanceBytesPerTick=4166 outBytes=62943 bytesPerTick=524 occupancyPctX10=125
LogOGRelayProbe: Warning: [Warning][RelayProbe.Budget] conn=28299 queuedBits min=-66666 max=-63580 mean=-65648 notReadyFrames=0 outPackets=122 bytesPerPacket=515 lost=0
LogOGInputRelay: Warning: [RelayFlush] window owner=OGBrawlerUECharacter_2147482376 flushedRounds=2879 entries=4302 entriesPerRoundX100=149 suppressed=1441 stageOverflowDrops=0
LogOGRelayProbe: Warning: [Warning][RelayProbe.Write] id=28321 runs=120 writes=180 observableWrites=180 captureSpan=180 receivedX1000=1000 observableX1000=1000 deliverableX1000=1000 replaceLatestObservableX1000=666
LogOGRelayProbe: Warning: [Warning][RelayProbe.Write] id=28321 writesPerFrame p50=1 p99=2 max=2 emptyFrames=63 nonConsecutive=0 missedCaptureTicks=0 captures=[6457,6636] discont=0
LogOGInputRelay: Warning: [RelayFlush] window owner=OGBrawlerUECharacter_2147482398 flushedRounds=3239 entries=4664 entriesPerRoundX100=143 suppressed=1441 stageOverflowDrops=0
LogOGRelayProbe: Warning: [Warning][RelayProbe.Write] id=28281 runs=120 writes=172 observableWrites=172 captureSpan=172 receivedX1000=1000 observableX1000=1000 deliverableX1000=1000 replaceLatestObservableX1000=697
LogOGRelayProbe: Warning: [Warning][RelayProbe.Write] id=28281 writesPerFrame p50=1 p99=2 max=3 emptyFrames=54 nonConsecutive=0 missedCaptureTicks=0 captures=[6475,6646] discont=0
LogOGRelayProbe: Warning: [Warning][RelayProbe.Frame] role=Server simTicks=122 frames=122 meanTicksPerFrameX100=100 p50=1 p99=1 max=2 meanFrameUs=16556
LogOGRelayProbe: Warning: [Warning][RelayProbe.Frame] role=Server cadence dFrame1=118 dFrame0=0 dFrameGt1=2 discont=0 numSteps total=122 max=2 gt1=2
LogOGNet: Warning: [Warning][InputStats] dropped 0 / 238 remote inputs = 0%
LogOGRelayProbe: Warning: [Warning][RelayProbe.Budget] conn=28258 frames=120 elapsedMs=2020 netSpeedBps=250000 allowanceBytesPerTick=4166 outBytes=63167 bytesPerTick=526 occupancyPctX10=126
LogOGRelayProbe: Warning: [Warning][RelayProbe.Budget] conn=28258 queuedBits min=-66666 max=-62832 mean=-65655 notReadyFrames=0 outPackets=122 bytesPerPacket=517 lost=0
LogOGRelayProbe: Warning: [Warning][RelayProbe.Budget] conn=28299 frames=120 elapsedMs=2020 netSpeedBps=250000 allowanceBytesPerTick=4166 outBytes=63091 bytesPerTick=525 occupancyPctX10=126
LogOGRelayProbe: Warning: [Warning][RelayProbe.Budget] conn=28299 queuedBits min=-66666 max=-62832 mean=-65649 notReadyFrames=0 outPackets=122 bytesPerPacket=517 lost=0
LogOGInputRelay: Warning: [RelayFlush] window owner=OGBrawlerUECharacter_2147482376 flushedRounds=2959 entries=4421 entriesPerRoundX100=149 suppressed=1481 stageOverflowDrops=0
LogOGInputRelay: Warning: [RelayFlush] window owner=OGBrawlerUECharacter_2147482398 flushedRounds=3322 entries=4784 entriesPerRoundX100=144 suppressed=1478 stageOverflowDrops=0
LogOGNet: Warning: [Warning][InputStats] dropped 0 / 238 remote inputs = 0%
LogOGRelayProbe: Warning: [Warning][RelayProbe.Frame] role=Server simTicks=120 frames=121 meanTicksPerFrameX100=99 p50=1 p99=1 max=1 meanFrameUs=16534
LogOGRelayProbe: Warning: [Warning][RelayProbe.Frame] role=Server cadence dFrame1=119 dFrame0=0 dFrameGt1=1 discont=0 numSteps total=120 max=1 gt1=0
LogOGRelayProbe: Warning: [Warning][RelayProbe.Budget] conn=28258 frames=120 elapsedMs=1999 netSpeedBps=250000 allowanceBytesPerTick=4166 outBytes=62572 bytesPerTick=521 occupancyPctX10=125
LogOGRelayProbe: Warning: [Warning][RelayProbe.Budget] conn=28258 queuedBits min=-66666 max=-63556 mean=-65659 notReadyFrames=0 outPackets=121 bytesPerPacket=517 lost=0
LogOGRelayProbe: Warning: [Warning][RelayProbe.Budget] conn=28299 frames=120 elapsedMs=1999 netSpeedBps=250000 allowanceBytesPerTick=4166 outBytes=62619 bytesPerTick=521 occupancyPctX10=125
LogOGRelayProbe: Warning: [Warning][RelayProbe.Budget] conn=28299 queuedBits min=-66666 max=-63556 mean=-65657 notReadyFrames=0 outPackets=121 bytesPerPacket=517 lost=0
LogOGRelayProbe: Warning: [Warning][RelayProbe.Write] id=28321 runs=120 writes=180 observableWrites=180 captureSpan=180 receivedX1000=1000 observableX1000=1000 deliverableX1000=1000 replaceLatestObservableX1000=666
LogOGRelayProbe: Warning: [Warning][RelayProbe.Write] id=28321 writesPerFrame p50=1 p99=2 max=2 emptyFrames=60 nonConsecutive=0 missedCaptureTicks=0 captures=[6637,6816] discont=0
LogOGRelayProbe: Warning: [Warning][RelayProbe.Write] id=28281 runs=120 writes=173 observableWrites=173 captureSpan=173 receivedX1000=1000 observableX1000=1000 deliverableX1000=1000 replaceLatestObservableX1000=693
LogOGRelayProbe: Warning: [Warning][RelayProbe.Write] id=28281 writesPerFrame p50=1 p99=2 max=2 emptyFrames=53 nonConsecutive=0 missedCaptureTicks=0 captures=[6647,6819] discont=0
LogOGInputRelay: Warning: [RelayFlush] window owner=OGBrawlerUECharacter_2147482376 flushedRounds=3039 entries=4540 entriesPerRoundX100=149 suppressed=1521 stageOverflowDrops=0
LogOGInputRelay: Warning: [RelayFlush] window owner=OGBrawlerUECharacter_2147482398 flushedRounds=3408 entries=4902 entriesPerRoundX100=143 suppressed=1512 stageOverflowDrops=0
LogOGNet: Warning: [Warning][InputStats] dropped 0 / 238 remote inputs = 0%
LogOGRelayProbe: Warning: [Warning][RelayProbe.Frame] role=Server simTicks=123 frames=124 meanTicksPerFrameX100=99 p50=1 p99=2 max=2 meanFrameUs=16588
LogOGRelayProbe: Warning: [Warning][RelayProbe.Frame] role=Server cadence dFrame1=116 dFrame0=0 dFrameGt1=4 discont=0 numSteps total=123 max=2 gt1=3
LogOGRelayProbe: Warning: [Warning][RelayProbe.Budget] conn=28258 frames=120 elapsedMs=2057 netSpeedBps=250000 allowanceBytesPerTick=4166 outBytes=63937 bytesPerTick=532 occupancyPctX10=127
LogOGRelayProbe: Warning: [Warning][RelayProbe.Budget] conn=28258 queuedBits min=-66666 max=-63174 mean=-65842 notReadyFrames=0 outPackets=124 bytesPerPacket=515 lost=0
LogOGRelayProbe: Warning: [Warning][RelayProbe.Budget] conn=28299 frames=120 elapsedMs=2057 netSpeedBps=250000 allowanceBytesPerTick=4166 outBytes=64268 bytesPerTick=535 occupancyPctX10=128
LogOGRelayProbe: Warning: [Warning][RelayProbe.Budget] conn=28299 queuedBits min=-66666 max=-63174 mean=-65830 notReadyFrames=0 outPackets=124 bytesPerPacket=518 lost=0
LogOGRelayProbe: Warning: [Warning][RelayProbe.Write] id=28281 runs=120 writes=166 observableWrites=166 captureSpan=166 receivedX1000=1000 observableX1000=1000 deliverableX1000=1000 replaceLatestObservableX1000=722
LogOGRelayProbe: Warning: [Warning][RelayProbe.Write] id=28281 writesPerFrame p50=1 p99=3 max=3 emptyFrames=48 nonConsecutive=0 missedCaptureTicks=0 captures=[6820,6985] discont=0
LogOGInputRelay: Warning: [RelayFlush] window owner=OGBrawlerUECharacter_2147482376 flushedRounds=3119 entries=4658 entriesPerRoundX100=149 suppressed=1561 stageOverflowDrops=0
LogOGRelayProbe: Warning: [Warning][RelayProbe.Write] id=28321 runs=120 writes=177 observableWrites=177 captureSpan=177 receivedX1000=1000 observableX1000=1000 deliverableX1000=1000 replaceLatestObservableX1000=677
LogOGRelayProbe: Warning: [Warning][RelayProbe.Write] id=28321 writesPerFrame p50=1 p99=2 max=2 emptyFrames=59 nonConsecutive=0 missedCaptureTicks=0 captures=[6817,6993] discont=0
LogOGInputRelay: Warning: [RelayFlush] window owner=OGBrawlerUECharacter_2147482398 flushedRounds=3493 entries=5021 entriesPerRoundX100=143 suppressed=1547 stageOverflowDrops=0
LogOGNet: Warning: [Warning][InputStats] dropped 0 / 238 remote inputs = 0%
LogOGRelayProbe: Warning: [Warning][RelayProbe.Frame] role=Server simTicks=120 frames=121 meanTicksPerFrameX100=99 p50=1 p99=1 max=1 meanFrameUs=16462
LogOGRelayProbe: Warning: [Warning][RelayProbe.Frame] role=Server cadence dFrame1=119 dFrame0=0 dFrameGt1=1 discont=0 numSteps total=120 max=1 gt1=0
LogOGRelayProbe: Warning: [Warning][RelayProbe.Budget] conn=28258 frames=120 elapsedMs=2007 netSpeedBps=250000 allowanceBytesPerTick=4166 outBytes=63049 bytesPerTick=525 occupancyPctX10=126
LogOGRelayProbe: Warning: [Warning][RelayProbe.Budget] conn=28258 queuedBits min=-66666 max=-63142 mean=-65501 notReadyFrames=0 outPackets=122 bytesPerPacket=516 lost=0
LogOGRelayProbe: Warning: [Warning][RelayProbe.Budget] conn=28299 frames=120 elapsedMs=2008 netSpeedBps=250000 allowanceBytesPerTick=4166 outBytes=63039 bytesPerTick=525 occupancyPctX10=126
LogOGRelayProbe: Warning: [Warning][RelayProbe.Budget] conn=28299 queuedBits min=-66666 max=-63142 mean=-65513 notReadyFrames=0 outPackets=122 bytesPerPacket=516 lost=0
LogOGInputRelay: Warning: [RelayFlush] window owner=OGBrawlerUECharacter_2147482376 flushedRounds=3200 entries=4778 entriesPerRoundX100=149 suppressed=1600 stageOverflowDrops=0
LogOGInputRelay: Warning: [RelayFlush] window owner=OGBrawlerUECharacter_2147482398 flushedRounds=3580 entries=5141 entriesPerRoundX100=143 suppressed=1580 stageOverflowDrops=0
LogOGNet: Warning: [Warning][InputStats] dropped 0 / 238 remote inputs = 0%
LogOGRelayProbe: Warning: [Warning][RelayProbe.Write] id=28281 runs=120 writes=165 observableWrites=165 captureSpan=165 receivedX1000=1000 observableX1000=1000 deliverableX1000=1000 replaceLatestObservableX1000=727
LogOGRelayProbe: Warning: [Warning][RelayProbe.Write] id=28281 writesPerFrame p50=1 p99=2 max=3 emptyFrames=47 nonConsecutive=0 missedCaptureTicks=0 captures=[6986,7150] discont=0
LogOGRelayProbe: Warning: [Warning][RelayProbe.Frame] role=Server simTicks=121 frames=122 meanTicksPerFrameX100=99 p50=1 p99=1 max=2 meanFrameUs=16535
LogOGRelayProbe: Warning: [Warning][RelayProbe.Frame] role=Server cadence dFrame1=118 dFrame0=0 dFrameGt1=2 discont=0 numSteps total=121 max=2 gt1=1
LogOGRelayProbe: Warning: [Warning][RelayProbe.Budget] conn=28258 frames=120 elapsedMs=2002 netSpeedBps=250000 allowanceBytesPerTick=4166 outBytes=62621 bytesPerTick=521 occupancyPctX10=125
LogOGRelayProbe: Warning: [Warning][RelayProbe.Budget] conn=28258 queuedBits min=-66666 max=-63308 mean=-65763 notReadyFrames=0 outPackets=121 bytesPerPacket=517 lost=0
LogOGRelayProbe: Warning: [Warning][RelayProbe.Budget] conn=28299 frames=120 elapsedMs=2001 netSpeedBps=250000 allowanceBytesPerTick=4166 outBytes=62679 bytesPerTick=522 occupancyPctX10=125
LogOGRelayProbe: Warning: [Warning][RelayProbe.Budget] conn=28299 queuedBits min=-66666 max=-63308 mean=-65743 notReadyFrames=0 outPackets=121 bytesPerPacket=518 lost=0
LogOGRelayProbe: Warning: [Warning][RelayProbe.Write] id=28321 runs=120 writes=179 observableWrites=179 captureSpan=179 receivedX1000=1000 observableX1000=1000 deliverableX1000=1000 replaceLatestObservableX1000=670
LogOGRelayProbe: Warning: [Warning][RelayProbe.Write] id=28321 writesPerFrame p50=1 p99=2 max=2 emptyFrames=60 nonConsecutive=0 missedCaptureTicks=0 captures=[6994,7172] discont=0
LogOGInputRelay: Warning: [RelayFlush] window owner=OGBrawlerUECharacter_2147482376 flushedRounds=3279 entries=4897 entriesPerRoundX100=149 suppressed=1641 stageOverflowDrops=0
LogOGInputRelay: Warning: [RelayFlush] window owner=OGBrawlerUECharacter_2147482398 flushedRounds=3664 entries=5259 entriesPerRoundX100=143 suppressed=1616 stageOverflowDrops=0
LogOGNet: Warning: [Warning][InputStats] dropped 0 / 238 remote inputs = 0%
LogOGRelayProbe: Warning: [Warning][RelayProbe.Frame] role=Server simTicks=120 frames=121 meanTicksPerFrameX100=99 p50=1 p99=1 max=1 meanFrameUs=16571
LogOGRelayProbe: Warning: [Warning][RelayProbe.Frame] role=Server cadence dFrame1=119 dFrame0=0 dFrameGt1=1 discont=0 numSteps total=120 max=1 gt1=0
LogOGRelayProbe: Warning: [Warning][RelayProbe.Budget] conn=28258 frames=120 elapsedMs=2002 netSpeedBps=250000 allowanceBytesPerTick=4166 outBytes=62585 bytesPerTick=521 occupancyPctX10=125
LogOGRelayProbe: Warning: [Warning][RelayProbe.Budget] conn=28258 queuedBits min=-66666 max=-62838 mean=-65627 notReadyFrames=0 outPackets=121 bytesPerPacket=517 lost=0
LogOGRelayProbe: Warning: [Warning][RelayProbe.Budget] conn=28299 frames=120 elapsedMs=2003 netSpeedBps=250000 allowanceBytesPerTick=4166 outBytes=62635 bytesPerTick=521 occupancyPctX10=125
LogOGRelayProbe: Warning: [Warning][RelayProbe.Budget] conn=28299 queuedBits min=-66666 max=-62838 mean=-65653 notReadyFrames=0 outPackets=121 bytesPerPacket=517 lost=0
LogOGRelayProbe: Warning: [Warning][RelayProbe.Write] id=28281 runs=120 writes=173 observableWrites=173 captureSpan=173 receivedX1000=1000 observableX1000=1000 deliverableX1000=1000 replaceLatestObservableX1000=693
LogOGRelayProbe: Warning: [Warning][RelayProbe.Write] id=28281 writesPerFrame p50=1 p99=2 max=3 emptyFrames=53 nonConsecutive=0 missedCaptureTicks=0 captures=[7151,7323] discont=0
LogOGInputRelay: Warning: [RelayFlush] window owner=OGBrawlerUECharacter_2147482376 flushedRounds=3359 entries=5017 entriesPerRoundX100=149 suppressed=1681 stageOverflowDrops=0
LogOGRelayProbe: Warning: [Warning][RelayProbe.Write] id=28321 runs=120 writes=180 observableWrites=180 captureSpan=180 receivedX1000=1000 observableX1000=1000 deliverableX1000=1000 replaceLatestObservableX1000=666
LogOGRelayProbe: Warning: [Warning][RelayProbe.Write] id=28321 writesPerFrame p50=1 p99=2 max=2 emptyFrames=61 nonConsecutive=0 missedCaptureTicks=0 captures=[7173,7352] discont=0
LogOGInputRelay: Warning: [RelayFlush] window owner=OGBrawlerUECharacter_2147482398 flushedRounds=3745 entries=5378 entriesPerRoundX100=143 suppressed=1655 stageOverflowDrops=0
LogOGNet: Warning: [Warning][InputStats] dropped 0 / 238 remote inputs = 0%
LogOGRelayProbe: Warning: [Warning][RelayProbe.Frame] role=Server simTicks=125 frames=125 meanTicksPerFrameX100=100 p50=1 p99=2 max=2 meanFrameUs=16628
LogOGRelayProbe: Warning: [Warning][RelayProbe.Frame] role=Server cadence dFrame1=115 dFrame0=0 dFrameGt1=5 discont=0 numSteps total=125 max=2 gt1=5
LogOGRelayProbe: Warning: [Warning][RelayProbe.Budget] conn=28258 frames=120 elapsedMs=2078 netSpeedBps=250000 allowanceBytesPerTick=4166 outBytes=64650 bytesPerTick=538 occupancyPctX10=129
LogOGRelayProbe: Warning: [Warning][RelayProbe.Budget] conn=28258 queuedBits min=-66666 max=-63346 mean=-65892 notReadyFrames=0 outPackets=125 bytesPerPacket=517 lost=0
LogOGRelayProbe: Warning: [Warning][RelayProbe.Budget] conn=28299 frames=120 elapsedMs=2077 netSpeedBps=250000 allowanceBytesPerTick=4166 outBytes=64591 bytesPerTick=538 occupancyPctX10=129
LogOGRelayProbe: Warning: [Warning][RelayProbe.Budget] conn=28299 queuedBits min=-66666 max=-63346 mean=-65865 notReadyFrames=0 outPackets=125 bytesPerPacket=516 lost=0
LogOGInputRelay: Warning: [RelayFlush] window owner=OGBrawlerUECharacter_2147482376 flushedRounds=3438 entries=5136 entriesPerRoundX100=149 suppressed=1722 stageOverflowDrops=0
LogOGInputRelay: Warning: [RelayFlush] window owner=OGBrawlerUECharacter_2147482398 flushedRounds=3828 entries=5498 entriesPerRoundX100=143 suppressed=1692 stageOverflowDrops=0
LogOGRelayProbe: Warning: [Warning][RelayProbe.Write] id=28281 runs=120 writes=174 observableWrites=174 captureSpan=174 receivedX1000=1000 observableX1000=1000 deliverableX1000=1000 replaceLatestObservableX1000=689
LogOGRelayProbe: Warning: [Warning][RelayProbe.Write] id=28281 writesPerFrame p50=1 p99=3 max=3 emptyFrames=56 nonConsecutive=0 missedCaptureTicks=0 captures=[7324,7497] discont=0
LogOGNet: Warning: [Warning][InputStats] dropped 0 / 238 remote inputs = 0%
LogOGRelayProbe: Warning: [Warning][RelayProbe.Frame] role=Server simTicks=121 frames=123 meanTicksPerFrameX100=98 p50=1 p99=1 max=1 meanFrameUs=16492
LogOGRelayProbe: Warning: [Warning][RelayProbe.Frame] role=Server cadence dFrame1=117 dFrame0=0 dFrameGt1=3 discont=0 numSteps total=121 max=2 gt1=1
LogOGRelayProbe: Warning: [Warning][RelayProbe.Budget] conn=28258 frames=120 elapsedMs=2028 netSpeedBps=250000 allowanceBytesPerTick=4166 outBytes=63428 bytesPerTick=528 occupancyPctX10=126
LogOGRelayProbe: Warning: [Warning][RelayProbe.Budget] conn=28258 queuedBits min=-66666 max=-63696 mean=-65690 notReadyFrames=0 outPackets=123 bytesPerPacket=515 lost=0
LogOGRelayProbe: Warning: [Warning][RelayProbe.Budget] conn=28299 frames=120 elapsedMs=2029 netSpeedBps=250000 allowanceBytesPerTick=4166 outBytes=63452 bytesPerTick=528 occupancyPctX10=126
LogOGRelayProbe: Warning: [Warning][RelayProbe.Budget] conn=28299 queuedBits min=-66666 max=-63696 mean=-65717 notReadyFrames=0 outPackets=123 bytesPerPacket=515 lost=0
LogOGRelayProbe: Warning: [Warning][RelayProbe.Write] id=28321 runs=120 writes=179 observableWrites=179 captureSpan=179 receivedX1000=1000 observableX1000=1000 deliverableX1000=1000 replaceLatestObservableX1000=670
LogOGRelayProbe: Warning: [Warning][RelayProbe.Write] id=28321 writesPerFrame p50=1 p99=2 max=2 emptyFrames=61 nonConsecutive=0 missedCaptureTicks=0 captures=[7353,7531] discont=0
LogOGInputRelay: Warning: [RelayFlush] window owner=OGBrawlerUECharacter_2147482376 flushedRounds=3518 entries=5254 entriesPerRoundX100=149 suppressed=1762 stageOverflowDrops=0
LogOGInputRelay: Warning: [RelayFlush] window owner=OGBrawlerUECharacter_2147482398 flushedRounds=3910 entries=5616 entriesPerRoundX100=143 suppressed=1730 stageOverflowDrops=0
LogOGNet: Warning: [Warning][InputStats] dropped 0 / 238 remote inputs = 0%
LogOGRelayProbe: Warning: [Warning][RelayProbe.Frame] role=Server simTicks=121 frames=122 meanTicksPerFrameX100=99 p50=1 p99=1 max=2 meanFrameUs=16510
LogOGRelayProbe: Warning: [Warning][RelayProbe.Frame] role=Server cadence dFrame1=118 dFrame0=0 dFrameGt1=2 discont=0 numSteps total=121 max=2 gt1=1
LogOGRelayProbe: Warning: [Warning][RelayProbe.Budget] conn=28258 frames=120 elapsedMs=2014 netSpeedBps=250000 allowanceBytesPerTick=4166 outBytes=62968 bytesPerTick=524 occupancyPctX10=125
LogOGRelayProbe: Warning: [Warning][RelayProbe.Budget] conn=28258 queuedBits min=-66666 max=-62934 mean=-65607 notReadyFrames=0 outPackets=122 bytesPerPacket=516 lost=0
LogOGRelayProbe: Warning: [Warning][RelayProbe.Budget] conn=28299 frames=120 elapsedMs=2015 netSpeedBps=250000 allowanceBytesPerTick=4166 outBytes=63103 bytesPerTick=525 occupancyPctX10=126
LogOGRelayProbe: Warning: [Warning][RelayProbe.Budget] conn=28299 queuedBits min=-66666 max=-62934 mean=-65607 notReadyFrames=0 outPackets=122 bytesPerPacket=517 lost=0
LogOGRelayProbe: Warning: [Warning][RelayProbe.Write] id=28281 runs=120 writes=172 observableWrites=172 captureSpan=172 receivedX1000=1000 observableX1000=1000 deliverableX1000=1000 replaceLatestObservableX1000=697
LogOGRelayProbe: Warning: [Warning][RelayProbe.Write] id=28281 writesPerFrame p50=1 p99=2 max=2 emptyFrames=53 nonConsecutive=0 missedCaptureTicks=0 captures=[7498,7669] discont=0
LogOGInputRelay: Warning: [RelayFlush] window owner=OGBrawlerUECharacter_2147482376 flushedRounds=3598 entries=5374 entriesPerRoundX100=149 suppressed=1802 stageOverflowDrops=0
LogOGRelayProbe: Warning: [Warning][RelayProbe.Write] id=28321 runs=120 writes=179 observableWrites=179 captureSpan=179 receivedX1000=1000 observableX1000=1000 deliverableX1000=1000 replaceLatestObservableX1000=670
LogOGRelayProbe: Warning: [Warning][RelayProbe.Write] id=28321 writesPerFrame p50=1 p99=2 max=2 emptyFrames=60 nonConsecutive=0 missedCaptureTicks=0 captures=[7532,7710] discont=0
LogOGInputRelay: Warning: [RelayFlush] window owner=OGBrawlerUECharacter_2147482398 flushedRounds=3994 entries=5736 entriesPerRoundX100=143 suppressed=1766 stageOverflowDrops=0
LogOGNet: Warning: [Warning][InputStats] dropped 0 / 238 remote inputs = 0%
LogOGRelayProbe: Warning: [Warning][RelayProbe.Frame] role=Server simTicks=120 frames=120 meanTicksPerFrameX100=100 p50=1 p99=1 max=1 meanFrameUs=16605
LogOGRelayProbe: Warning: [Warning][RelayProbe.Frame] role=Server cadence dFrame1=120 dFrame0=0 dFrameGt1=0 discont=0 numSteps total=120 max=1 gt1=0
LogOGRelayProbe: Warning: [Warning][RelayProbe.Budget] conn=28258 frames=120 elapsedMs=1993 netSpeedBps=250000 allowanceBytesPerTick=4166 outBytes=62243 bytesPerTick=518 occupancyPctX10=124
LogOGRelayProbe: Warning: [Warning][RelayProbe.Budget] conn=28258 queuedBits min=-66666 max=-62994 mean=-65833 notReadyFrames=0 outPackets=120 bytesPerPacket=518 lost=0
LogOGRelayProbe: Warning: [Warning][RelayProbe.Budget] conn=28299 frames=120 elapsedMs=1992 netSpeedBps=250000 allowanceBytesPerTick=4166 outBytes=62291 bytesPerTick=519 occupancyPctX10=124
LogOGRelayProbe: Warning: [Warning][RelayProbe.Budget] conn=28299 queuedBits min=-66666 max=-62994 mean=-65830 notReadyFrames=0 outPackets=120 bytesPerPacket=519 lost=0
LogOGInputRelay: Warning: [RelayFlush] window owner=OGBrawlerUECharacter_2147482376 flushedRounds=3680 entries=5494 entriesPerRoundX100=149 suppressed=1840 stageOverflowDrops=0
LogOGInputRelay: Warning: [RelayFlush] window owner=OGBrawlerUECharacter_2147482398 flushedRounds=4077 entries=5855 entriesPerRoundX100=143 suppressed=1803 stageOverflowDrops=0
LogOGRelayProbe: Warning: [Warning][RelayProbe.Write] id=28281 runs=120 writes=171 observableWrites=171 captureSpan=171 receivedX1000=1000 observableX1000=1000 deliverableX1000=1000 replaceLatestObservableX1000=701
LogOGRelayProbe: Warning: [Warning][RelayProbe.Write] id=28281 writesPerFrame p50=1 p99=2 max=2 emptyFrames=52 nonConsecutive=0 missedCaptureTicks=0 captures=[7670,7840] discont=0
LogOGNet: Warning: [Warning][InputStats] dropped 0 / 238 remote inputs = 0%
LogOGRelayProbe: Warning: [Warning][RelayProbe.Frame] role=Server simTicks=120 frames=120 meanTicksPerFrameX100=100 p50=1 p99=1 max=1 meanFrameUs=16631
LogOGRelayProbe: Warning: [Warning][RelayProbe.Frame] role=Server cadence dFrame1=120 dFrame0=0 dFrameGt1=0 discont=0 numSteps total=120 max=1 gt1=0
LogOGRelayProbe: Warning: [Warning][RelayProbe.Write] id=28321 runs=120 writes=177 observableWrites=177 captureSpan=177 receivedX1000=1000 observableX1000=1000 deliverableX1000=1000 replaceLatestObservableX1000=677
LogOGRelayProbe: Warning: [Warning][RelayProbe.Write] id=28321 writesPerFrame p50=1 p99=2 max=2 emptyFrames=57 nonConsecutive=0 missedCaptureTicks=0 captures=[7711,7887] discont=0
LogOGRelayProbe: Warning: [Warning][RelayProbe.Budget] conn=28258 frames=120 elapsedMs=2013 netSpeedBps=250000 allowanceBytesPerTick=4166 outBytes=62769 bytesPerTick=523 occupancyPctX10=125
LogOGRelayProbe: Warning: [Warning][RelayProbe.Budget] conn=28258 queuedBits min=-66666 max=-63532 mean=-65880 notReadyFrames=0 outPackets=121 bytesPerPacket=518 lost=0
LogOGRelayProbe: Warning: [Warning][RelayProbe.Budget] conn=28299 frames=120 elapsedMs=2012 netSpeedBps=250000 allowanceBytesPerTick=4166 outBytes=62613 bytesPerTick=521 occupancyPctX10=125
LogOGRelayProbe: Warning: [Warning][RelayProbe.Budget] conn=28299 queuedBits min=-66666 max=-63532 mean=-65883 notReadyFrames=0 outPackets=121 bytesPerPacket=517 lost=0
LogOGInputRelay: Warning: [RelayFlush] window owner=OGBrawlerUECharacter_2147482376 flushedRounds=3761 entries=5614 entriesPerRoundX100=149 suppressed=1879 stageOverflowDrops=0
LogOGInputRelay: Warning: [RelayFlush] window owner=OGBrawlerUECharacter_2147482398 flushedRounds=4159 entries=5975 entriesPerRoundX100=143 suppressed=1841 stageOverflowDrops=0
LogOGNet: Warning: [Warning][InputStats] dropped 0 / 238 remote inputs = 0%
LogOGRelayProbe: Warning: [Warning][RelayProbe.Frame] role=Server simTicks=124 frames=126 meanTicksPerFrameX100=98 p50=1 p99=2 max=2 meanFrameUs=16518
LogOGRelayProbe: Warning: [Warning][RelayProbe.Frame] role=Server cadence dFrame1=114 dFrame0=0 dFrameGt1=6 discont=0 numSteps total=124 max=2 gt1=4
LogOGRelayProbe: Warning: [Warning][RelayProbe.Budget] conn=28258 frames=120 elapsedMs=2062 netSpeedBps=250000 allowanceBytesPerTick=4166 outBytes=64298 bytesPerTick=535 occupancyPctX10=128
LogOGRelayProbe: Warning: [Warning][RelayProbe.Budget] conn=28258 queuedBits min=-66666 max=-63238 mean=-65573 notReadyFrames=0 outPackets=125 bytesPerPacket=514 lost=0
LogOGRelayProbe: Warning: [Warning][RelayProbe.Budget] conn=28299 frames=120 elapsedMs=2062 netSpeedBps=250000 allowanceBytesPerTick=4166 outBytes=64488 bytesPerTick=537 occupancyPctX10=128
LogOGRelayProbe: Warning: [Warning][RelayProbe.Budget] conn=28299 queuedBits min=-66666 max=-63238 mean=-65560 notReadyFrames=0 outPackets=125 bytesPerPacket=515 lost=0
LogOGRelayProbe: Warning: [Warning][RelayProbe.Write] id=28281 runs=120 writes=175 observableWrites=175 captureSpan=175 receivedX1000=1000 observableX1000=1000 deliverableX1000=1000 replaceLatestObservableX1000=685
LogOGRelayProbe: Warning: [Warning][RelayProbe.Write] id=28281 writesPerFrame p50=1 p99=2 max=2 emptyFrames=56 nonConsecutive=0 missedCaptureTicks=0 captures=[7841,8015] discont=0
LogOGInputRelay: Warning: [RelayFlush] window owner=OGBrawlerUECharacter_2147482376 flushedRounds=3840 entries=5732 entriesPerRoundX100=149 suppressed=1920 stageOverflowDrops=0
LogOGRelayProbe: Warning: [Warning][RelayProbe.Write] id=28321 runs=120 writes=178 observableWrites=178 captureSpan=178 receivedX1000=1000 observableX1000=1000 deliverableX1000=1000 replaceLatestObservableX1000=674
LogOGRelayProbe: Warning: [Warning][RelayProbe.Write] id=28321 writesPerFrame p50=1 p99=2 max=2 emptyFrames=61 nonConsecutive=0 missedCaptureTicks=0 captures=[7888,8065] discont=0
LogOGInputRelay: Warning: [RelayFlush] window owner=OGBrawlerUECharacter_2147482398 flushedRounds=4244 entries=6093 entriesPerRoundX100=143 suppressed=1876 stageOverflowDrops=0
LogOGNet: Warning: [Warning][InputStats] dropped 0 / 238 remote inputs = 0%
LogOGRelayProbe: Warning: [Warning][RelayProbe.Frame] role=Server simTicks=120 frames=120 meanTicksPerFrameX100=100 p50=1 p99=1 max=1 meanFrameUs=16615
LogOGRelayProbe: Warning: [Warning][RelayProbe.Frame] role=Server cadence dFrame1=120 dFrame0=0 dFrameGt1=0 discont=0 numSteps total=120 max=1 gt1=0
LogOGRelayProbe: Warning: [Warning][RelayProbe.Budget] conn=28258 frames=120 elapsedMs=1993 netSpeedBps=250000 allowanceBytesPerTick=4166 outBytes=62245 bytesPerTick=518 occupancyPctX10=124
LogOGRelayProbe: Warning: [Warning][RelayProbe.Budget] conn=28258 queuedBits min=-66666 max=-63346 mean=-65848 notReadyFrames=0 outPackets=120 bytesPerPacket=518 lost=0
LogOGRelayProbe: Warning: [Warning][RelayProbe.Budget] conn=28299 frames=120 elapsedMs=1993 netSpeedBps=250000 allowanceBytesPerTick=4166 outBytes=62426 bytesPerTick=520 occupancyPctX10=124
LogOGRelayProbe: Warning: [Warning][RelayProbe.Budget] conn=28299 queuedBits min=-66666 max=-63346 mean=-65849 notReadyFrames=0 outPackets=120 bytesPerPacket=520 lost=0
LogOGRelayProbe: Warning: [Warning][RelayProbe.Write] id=28281 runs=120 writes=166 observableWrites=166 captureSpan=166 receivedX1000=1000 observableX1000=1000 deliverableX1000=1000 replaceLatestObservableX1000=722
LogOGRelayProbe: Warning: [Warning][RelayProbe.Write] id=28281 writesPerFrame p50=1 p99=3 max=3 emptyFrames=46 nonConsecutive=0 missedCaptureTicks=0 captures=[8016,8181] discont=0
LogOGInputRelay: Warning: [RelayFlush] window owner=OGBrawlerUECharacter_2147482376 flushedRounds=3920 entries=5853 entriesPerRoundX100=149 suppressed=1960 stageOverflowDrops=0
LogOGInputRelay: Warning: [RelayFlush] window owner=OGBrawlerUECharacter_2147482398 flushedRounds=4330 entries=6214 entriesPerRoundX100=143 suppressed=1910 stageOverflowDrops=0
LogOGNet: Warning: [Warning][InputStats] dropped 0 / 238 remote inputs = 0%
LogOGRelayProbe: Warning: [Warning][RelayProbe.Write] id=28321 runs=120 writes=180 observableWrites=180 captureSpan=180 receivedX1000=1000 observableX1000=1000 deliverableX1000=1000 replaceLatestObservableX1000=666
LogOGRelayProbe: Warning: [Warning][RelayProbe.Write] id=28321 writesPerFrame p50=1 p99=2 max=2 emptyFrames=60 nonConsecutive=0 missedCaptureTicks=0 captures=[8066,8245] discont=0
LogOGRelayProbe: Warning: [Warning][RelayProbe.Frame] role=Server simTicks=121 frames=122 meanTicksPerFrameX100=99 p50=1 p99=1 max=2 meanFrameUs=16593
LogOGRelayProbe: Warning: [Warning][RelayProbe.Frame] role=Server cadence dFrame1=118 dFrame0=0 dFrameGt1=2 discont=0 numSteps total=121 max=2 gt1=1
LogOGRelayProbe: Warning: [Warning][RelayProbe.Budget] conn=28258 frames=120 elapsedMs=2024 netSpeedBps=250000 allowanceBytesPerTick=4166 outBytes=63144 bytesPerTick=526 occupancyPctX10=126
LogOGRelayProbe: Warning: [Warning][RelayProbe.Budget] conn=28258 queuedBits min=-66666 max=-63424 mean=-65760 notReadyFrames=0 outPackets=122 bytesPerPacket=517 lost=0
LogOGRelayProbe: Warning: [Warning][RelayProbe.Budget] conn=28299 frames=120 elapsedMs=2025 netSpeedBps=250000 allowanceBytesPerTick=4166 outBytes=63021 bytesPerTick=525 occupancyPctX10=126
LogOGRelayProbe: Warning: [Warning][RelayProbe.Budget] conn=28299 queuedBits min=-66666 max=-63424 mean=-65768 notReadyFrames=0 outPackets=122 bytesPerPacket=516 lost=0
LogOGInputRelay: Warning: [RelayFlush] window owner=OGBrawlerUECharacter_2147482376 flushedRounds=3999 entries=5971 entriesPerRoundX100=149 suppressed=2001 stageOverflowDrops=0
LogOGInputRelay: Warning: [RelayFlush] window owner=OGBrawlerUECharacter_2147482398 flushedRounds=4414 entries=6333 entriesPerRoundX100=143 suppressed=1946 stageOverflowDrops=0
LogOGNet: Warning: [Warning][InputStats] dropped 0 / 238 remote inputs = 0%
LogOGRelayProbe: Warning: [Warning][RelayProbe.Write] id=28281 runs=120 writes=168 observableWrites=168 captureSpan=168 receivedX1000=1000 observableX1000=1000 deliverableX1000=1000 replaceLatestObservableX1000=714
LogOGRelayProbe: Warning: [Warning][RelayProbe.Write] id=28281 writesPerFrame p50=1 p99=2 max=2 emptyFrames=50 nonConsecutive=0 missedCaptureTicks=0 captures=[8182,8349] discont=0
LogOGRelayProbe: Warning: [Warning][RelayProbe.Frame] role=Server simTicks=121 frames=122 meanTicksPerFrameX100=99 p50=1 p99=1 max=2 meanFrameUs=16473
LogOGRelayProbe: Warning: [Warning][RelayProbe.Frame] role=Server cadence dFrame1=118 dFrame0=0 dFrameGt1=2 discont=0 numSteps total=121 max=2 gt1=1
LogOGRelayProbe: Warning: [Warning][RelayProbe.Budget] conn=28258 frames=120 elapsedMs=2009 netSpeedBps=250000 allowanceBytesPerTick=4166 outBytes=62960 bytesPerTick=524 occupancyPctX10=125
LogOGRelayProbe: Warning: [Warning][RelayProbe.Budget] conn=28258 queuedBits min=-66666 max=-63356 mean=-65499 notReadyFrames=0 outPackets=122 bytesPerPacket=516 lost=0
LogOGRelayProbe: Warning: [Warning][RelayProbe.Budget] conn=28299 frames=120 elapsedMs=2008 netSpeedBps=250000 allowanceBytesPerTick=4166 outBytes=63128 bytesPerTick=526 occupancyPctX10=126
LogOGRelayProbe: Warning: [Warning][RelayProbe.Budget] conn=28299 queuedBits min=-66666 max=-63356 mean=-65489 notReadyFrames=0 outPackets=122 bytesPerPacket=517 lost=0
LogOGInputRelay: Warning: [RelayFlush] window owner=OGBrawlerUECharacter_2147482376 flushedRounds=4078 entries=6090 entriesPerRoundX100=149 suppressed=2042 stageOverflowDrops=0
LogOGRelayProbe: Warning: [Warning][RelayProbe.Write] id=28321 runs=120 writes=181 observableWrites=181 captureSpan=181 receivedX1000=1000 observableX1000=1000 deliverableX1000=1000 replaceLatestObservableX1000=662
LogOGRelayProbe: Warning: [Warning][RelayProbe.Write] id=28321 writesPerFrame p50=2 p99=2 max=2 emptyFrames=62 nonConsecutive=0 missedCaptureTicks=0 captures=[8246,8426] discont=0
LogOGInputRelay: Warning: [RelayFlush] window owner=OGBrawlerUECharacter_2147482398 flushedRounds=4497 entries=6452 entriesPerRoundX100=143 suppressed=1983 stageOverflowDrops=0
LogOGNet: Warning: [Warning][InputStats] dropped 0 / 238 remote inputs = 0%
LogOGRelayProbe: Warning: [Warning][RelayProbe.Frame] role=Server simTicks=121 frames=122 meanTicksPerFrameX100=99 p50=1 p99=1 max=1 meanFrameUs=16530
LogOGRelayProbe: Warning: [Warning][RelayProbe.Frame] role=Server cadence dFrame1=118 dFrame0=0 dFrameGt1=2 discont=0 numSteps total=121 max=2 gt1=1
LogOGRelayProbe: Warning: [Warning][RelayProbe.Budget] conn=28258 frames=120 elapsedMs=2019 netSpeedBps=250000 allowanceBytesPerTick=4166 outBytes=63052 bytesPerTick=525 occupancyPctX10=126
LogOGRelayProbe: Warning: [Warning][RelayProbe.Budget] conn=28258 queuedBits min=-66666 max=-63354 mean=-65705 notReadyFrames=0 outPackets=122 bytesPerPacket=516 lost=0
LogOGRelayProbe: Warning: [Warning][RelayProbe.Budget] conn=28299 frames=120 elapsedMs=2018 netSpeedBps=250000 allowanceBytesPerTick=4166 outBytes=63167 bytesPerTick=526 occupancyPctX10=126
LogOGRelayProbe: Warning: [Warning][RelayProbe.Budget] conn=28299 queuedBits min=-66666 max=-63354 mean=-65701 notReadyFrames=0 outPackets=122 bytesPerPacket=517 lost=0
LogOGRelayProbe: Warning: [Warning][RelayProbe.Write] id=28281 runs=120 writes=175 observableWrites=175 captureSpan=175 receivedX1000=1000 observableX1000=1000 deliverableX1000=1000 replaceLatestObservableX1000=685
LogOGRelayProbe: Warning: [Warning][RelayProbe.Write] id=28281 writesPerFrame p50=1 p99=2 max=2 emptyFrames=56 nonConsecutive=0 missedCaptureTicks=0 captures=[8350,8524] discont=0
LogOGInputRelay: Warning: [RelayFlush] window owner=OGBrawlerUECharacter_2147482376 flushedRounds=4157 entries=6208 entriesPerRoundX100=149 suppressed=2083 stageOverflowDrops=0
LogOGInputRelay: Warning: [RelayFlush] window owner=OGBrawlerUECharacter_2147482398 flushedRounds=4578 entries=6570 entriesPerRoundX100=143 suppressed=2022 stageOverflowDrops=0
LogOGNet: Warning: [Warning][InputStats] dropped 0 / 238 remote inputs = 0%
LogOGRelayProbe: Warning: [Warning][RelayProbe.Write] id=28321 runs=120 writes=180 observableWrites=180 captureSpan=180 receivedX1000=1000 observableX1000=1000 deliverableX1000=1000 replaceLatestObservableX1000=666
LogOGRelayProbe: Warning: [Warning][RelayProbe.Write] id=28321 writesPerFrame p50=1 p99=2 max=2 emptyFrames=61 nonConsecutive=0 missedCaptureTicks=0 captures=[8427,8606] discont=0
LogOGRelayProbe: Warning: [Warning][RelayProbe.Frame] role=Server simTicks=121 frames=121 meanTicksPerFrameX100=100 p50=1 p99=1 max=2 meanFrameUs=16590
LogOGRelayProbe: Warning: [Warning][RelayProbe.Frame] role=Server cadence dFrame1=119 dFrame0=0 dFrameGt1=1 discont=0 numSteps total=121 max=2 gt1=1
LogOGRelayProbe: Warning: [Warning][RelayProbe.Budget] conn=28258 frames=120 elapsedMs=2008 netSpeedBps=250000 allowanceBytesPerTick=4166 outBytes=62680 bytesPerTick=522 occupancyPctX10=125
LogOGRelayProbe: Warning: [Warning][RelayProbe.Budget] conn=28258 queuedBits min=-66666 max=-63440 mean=-65894 notReadyFrames=0 outPackets=121 bytesPerPacket=518 lost=0
LogOGRelayProbe: Warning: [Warning][RelayProbe.Budget] conn=28299 frames=120 elapsedMs=2008 netSpeedBps=250000 allowanceBytesPerTick=4166 outBytes=62616 bytesPerTick=521 occupancyPctX10=125
LogOGRelayProbe: Warning: [Warning][RelayProbe.Budget] conn=28299 queuedBits min=-66666 max=-63440 mean=-65900 notReadyFrames=0 outPackets=121 bytesPerPacket=517 lost=0
LogOGInputRelay: Warning: [RelayFlush] window owner=OGBrawlerUECharacter_2147482376 flushedRounds=4238 entries=6330 entriesPerRoundX100=149 suppressed=2122 stageOverflowDrops=0
LogOGInputRelay: Warning: [RelayFlush] window owner=OGBrawlerUECharacter_2147482398 flushedRounds=4660 entries=6690 entriesPerRoundX100=143 suppressed=2060 stageOverflowDrops=0
LogOGNet: Warning: [Warning][InputStats] dropped 0 / 238 remote inputs = 0%
LogOGRelayProbe: Warning: [Warning][RelayProbe.Write] id=28281 runs=120 writes=174 observableWrites=174 captureSpan=174 receivedX1000=1000 observableX1000=1000 deliverableX1000=1000 replaceLatestObservableX1000=689
LogOGRelayProbe: Warning: [Warning][RelayProbe.Write] id=28281 writesPerFrame p50=1 p99=2 max=2 emptyFrames=55 nonConsecutive=0 missedCaptureTicks=0 captures=[8525,8698] discont=0
LogOGRelayProbe: Warning: [Warning][RelayProbe.Frame] role=Server simTicks=120 frames=121 meanTicksPerFrameX100=99 p50=1 p99=1 max=1 meanFrameUs=16604
LogOGRelayProbe: Warning: [Warning][RelayProbe.Frame] role=Server cadence dFrame1=119 dFrame0=0 dFrameGt1=1 discont=0 numSteps total=120 max=1 gt1=0
LogOGRelayProbe: Warning: [Warning][RelayProbe.Budget] conn=28258 frames=120 elapsedMs=2006 netSpeedBps=250000 allowanceBytesPerTick=4166 outBytes=62516 bytesPerTick=520 occupancyPctX10=124
LogOGRelayProbe: Warning: [Warning][RelayProbe.Budget] conn=28258 queuedBits min=-66666 max=-63546 mean=-65788 notReadyFrames=0 outPackets=121 bytesPerPacket=516 lost=0
LogOGRelayProbe: Warning: [Warning][RelayProbe.Budget] conn=28299 frames=120 elapsedMs=2007 netSpeedBps=250000 allowanceBytesPerTick=4166 outBytes=62659 bytesPerTick=522 occupancyPctX10=125
LogOGRelayProbe: Warning: [Warning][RelayProbe.Budget] conn=28299 queuedBits min=-66666 max=-63546 mean=-65783 notReadyFrames=0 outPackets=121 bytesPerPacket=517 lost=0
LogOGInputRelay: Warning: [RelayFlush] window owner=OGBrawlerUECharacter_2147482376 flushedRounds=4318 entries=6448 entriesPerRoundX100=149 suppressed=2162 stageOverflowDrops=0
LogOGRelayProbe: Warning: [Warning][RelayProbe.Write] id=28321 runs=120 writes=178 observableWrites=178 captureSpan=178 receivedX1000=1000 observableX1000=1000 deliverableX1000=1000 replaceLatestObservableX1000=674
LogOGRelayProbe: Warning: [Warning][RelayProbe.Write] id=28321 writesPerFrame p50=1 p99=2 max=2 emptyFrames=60 nonConsecutive=0 missedCaptureTicks=0 captures=[8607,8784] discont=0
LogOGInputRelay: Warning: [RelayFlush] window owner=OGBrawlerUECharacter_2147482398 flushedRounds=4742 entries=6810 entriesPerRoundX100=143 suppressed=2098 stageOverflowDrops=0
LogOGNet: Warning: [Warning][InputStats] dropped 0 / 238 remote inputs = 0%
LogOGRelayProbe: Warning: [Warning][RelayProbe.Frame] role=Server simTicks=123 frames=123 meanTicksPerFrameX100=100 p50=1 p99=2 max=2 meanFrameUs=16592
LogOGRelayProbe: Warning: [Warning][RelayProbe.Frame] role=Server cadence dFrame1=117 dFrame0=0 dFrameGt1=3 discont=0 numSteps total=123 max=2 gt1=3
LogOGRelayProbe: Warning: [Warning][RelayProbe.Budget] conn=28258 frames=120 elapsedMs=2073 netSpeedBps=250000 allowanceBytesPerTick=4166 outBytes=64733 bytesPerTick=539 occupancyPctX10=129
LogOGRelayProbe: Warning: [Warning][RelayProbe.Budget] conn=28258 queuedBits min=-66666 max=-63394 mean=-65879 notReadyFrames=0 outPackets=125 bytesPerPacket=517 lost=0
LogOGRelayProbe: Warning: [Warning][RelayProbe.Budget] conn=28299 frames=120 elapsedMs=2074 netSpeedBps=250000 allowanceBytesPerTick=4166 outBytes=64535 bytesPerTick=537 occupancyPctX10=128
LogOGRelayProbe: Warning: [Warning][RelayProbe.Budget] conn=28299 queuedBits min=-66666 max=-63394 mean=-65896 notReadyFrames=0 outPackets=125 bytesPerPacket=516 lost=0
LogOGRelayProbe: Warning: [Warning][RelayProbe.Write] id=28281 runs=120 writes=176 observableWrites=176 captureSpan=176 receivedX1000=1000 observableX1000=1000 deliverableX1000=1000 replaceLatestObservableX1000=681
LogOGRelayProbe: Warning: [Warning][RelayProbe.Write] id=28281 writesPerFrame p50=1 p99=2 max=3 emptyFrames=57 nonConsecutive=0 missedCaptureTicks=0 captures=[8699,8874] discont=0
LogOGInputRelay: Warning: [RelayFlush] window owner=OGBrawlerUECharacter_2147482376 flushedRounds=4397 entries=6567 entriesPerRoundX100=149 suppressed=2203 stageOverflowDrops=0
LogOGInputRelay: Warning: [RelayFlush] window owner=OGBrawlerUECharacter_2147482398 flushedRounds=4824 entries=6929 entriesPerRoundX100=143 suppressed=2136 stageOverflowDrops=0
LogOGNet: Warning: [Warning][InputStats] dropped 0 / 238 remote inputs = 0%
LogOGRelayProbe: Warning: [Warning][RelayProbe.Write] id=28321 runs=120 writes=180 observableWrites=180 captureSpan=180 receivedX1000=1000 observableX1000=1000 deliverableX1000=1000 replaceLatestObservableX1000=666
LogOGRelayProbe: Warning: [Warning][RelayProbe.Write] id=28321 writesPerFrame p50=1 p99=2 max=2 emptyFrames=60 nonConsecutive=0 missedCaptureTicks=0 captures=[8785,8964] discont=0
LogOGRelayProbe: Warning: [Warning][RelayProbe.Frame] role=Server simTicks=122 frames=123 meanTicksPerFrameX100=99 p50=1 p99=2 max=2 meanFrameUs=16541
LogOGRelayProbe: Warning: [Warning][RelayProbe.Frame] role=Server cadence dFrame1=117 dFrame0=0 dFrameGt1=3 discont=0 numSteps total=122 max=2 gt1=2
LogOGRelayProbe: Warning: [Warning][RelayProbe.Budget] conn=28258 frames=120 elapsedMs=2002 netSpeedBps=250000 allowanceBytesPerTick=4166 outBytes=62604 bytesPerTick=521 occupancyPctX10=125
LogOGRelayProbe: Warning: [Warning][RelayProbe.Budget] conn=28258 queuedBits min=-66666 max=-63470 mean=-65763 notReadyFrames=0 outPackets=121 bytesPerPacket=517 lost=0
LogOGRelayProbe: Warning: [Warning][RelayProbe.Budget] conn=28299 frames=120 elapsedMs=2002 netSpeedBps=250000 allowanceBytesPerTick=4166 outBytes=62546 bytesPerTick=521 occupancyPctX10=125
LogOGRelayProbe: Warning: [Warning][RelayProbe.Budget] conn=28299 queuedBits min=-66666 max=-63470 mean=-65763 notReadyFrames=0 outPackets=121 bytesPerPacket=516 lost=0
LogOGInputRelay: Warning: [RelayFlush] window owner=OGBrawlerUECharacter_2147482376 flushedRounds=4477 entries=6686 entriesPerRoundX100=149 suppressed=2243 stageOverflowDrops=0
LogOGInputRelay: Warning: [RelayFlush] window owner=OGBrawlerUECharacter_2147482398 flushedRounds=4904 entries=7047 entriesPerRoundX100=143 suppressed=2176 stageOverflowDrops=0
LogOGNet: Warning: [Warning][InputStats] dropped 0 / 238 remote inputs = 0%
LogOGRelayProbe: Warning: [Warning][RelayProbe.Write] id=28281 runs=120 writes=177 observableWrites=177 captureSpan=177 receivedX1000=1000 observableX1000=1000 deliverableX1000=1000 replaceLatestObservableX1000=677
LogOGRelayProbe: Warning: [Warning][RelayProbe.Write] id=28281 writesPerFrame p50=1 p99=2 max=2 emptyFrames=58 nonConsecutive=0 missedCaptureTicks=0 captures=[8875,9051] discont=0
LogOGRelayProbe: Warning: [Warning][RelayProbe.Frame] role=Server simTicks=121 frames=122 meanTicksPerFrameX100=99 p50=1 p99=1 max=1 meanFrameUs=16552
LogOGRelayProbe: Warning: [Warning][RelayProbe.Frame] role=Server cadence dFrame1=118 dFrame0=0 dFrameGt1=2 discont=0 numSteps total=121 max=2 gt1=1
LogOGRelayProbe: Warning: [Warning][RelayProbe.Budget] conn=28258 frames=120 elapsedMs=2019 netSpeedBps=250000 allowanceBytesPerTick=4166 outBytes=62973 bytesPerTick=524 occupancyPctX10=125
LogOGRelayProbe: Warning: [Warning][RelayProbe.Budget] conn=28258 queuedBits min=-66666 max=-63328 mean=-65711 notReadyFrames=0 outPackets=122 bytesPerPacket=516 lost=0
LogOGRelayProbe: Warning: [Warning][RelayProbe.Budget] conn=28299 frames=120 elapsedMs=2019 netSpeedBps=250000 allowanceBytesPerTick=4166 outBytes=63140 bytesPerTick=526 occupancyPctX10=126
LogOGRelayProbe: Warning: [Warning][RelayProbe.Budget] conn=28299 queuedBits min=-66666 max=-63328 mean=-65711 notReadyFrames=0 outPackets=122 bytesPerPacket=517 lost=0
LogOGInputRelay: Warning: [RelayFlush] window owner=OGBrawlerUECharacter_2147482376 flushedRounds=4556 entries=6807 entriesPerRoundX100=149 suppressed=2284 stageOverflowDrops=0
LogOGRelayProbe: Warning: [Warning][RelayProbe.Write] id=28321 runs=120 writes=182 observableWrites=182 captureSpan=182 receivedX1000=1000 observableX1000=1000 deliverableX1000=1000 replaceLatestObservableX1000=659
LogOGRelayProbe: Warning: [Warning][RelayProbe.Write] id=28321 writesPerFrame p50=2 p99=2 max=3 emptyFrames=63 nonConsecutive=0 missedCaptureTicks=0 captures=[8965,9146] discont=0
LogOGInputRelay: Warning: [RelayFlush] window owner=OGBrawlerUECharacter_2147482398 flushedRounds=4985 entries=7167 entriesPerRoundX100=143 suppressed=2215 stageOverflowDrops=0
LogOGNet: Warning: [Warning][InputStats] dropped 0 / 238 remote inputs = 0%
LogOGRelayProbe: Warning: [Warning][RelayProbe.Frame] role=Server simTicks=122 frames=123 meanTicksPerFrameX100=99 p50=1 p99=1 max=2 meanFrameUs=16593
LogOGRelayProbe: Warning: [Warning][RelayProbe.Frame] role=Server cadence dFrame1=117 dFrame0=0 dFrameGt1=3 discont=0 numSteps total=122 max=2 gt1=2
LogOGRelayProbe: Warning: [Warning][RelayProbe.Write] id=28281 runs=120 writes=171 observableWrites=171 captureSpan=171 receivedX1000=1000 observableX1000=1000 deliverableX1000=1000 replaceLatestObservableX1000=701
LogOGRelayProbe: Warning: [Warning][RelayProbe.Write] id=28281 writesPerFrame p50=1 p99=2 max=2 emptyFrames=52 nonConsecutive=0 missedCaptureTicks=0 captures=[9052,9222] discont=0
LogOGRelayProbe: Warning: [Warning][RelayProbe.Budget] conn=28258 frames=120 elapsedMs=2042 netSpeedBps=250000 allowanceBytesPerTick=4166 outBytes=63555 bytesPerTick=529 occupancyPctX10=126
LogOGRelayProbe: Warning: [Warning][RelayProbe.Budget] conn=28258 queuedBits min=-66666 max=-63082 mean=-65781 notReadyFrames=0 outPackets=123 bytesPerPacket=516 lost=0
LogOGRelayProbe: Warning: [Warning][RelayProbe.Budget] conn=28299 frames=120 elapsedMs=2040 netSpeedBps=250000 allowanceBytesPerTick=4166 outBytes=63507 bytesPerTick=529 occupancyPctX10=126
LogOGRelayProbe: Warning: [Warning][RelayProbe.Budget] conn=28299 queuedBits min=-66666 max=-63082 mean=-65781 notReadyFrames=0 outPackets=123 bytesPerPacket=516 lost=0
LogOGInputRelay: Warning: [RelayFlush] window owner=OGBrawlerUECharacter_2147482376 flushedRounds=4635 entries=6925 entriesPerRoundX100=149 suppressed=2325 stageOverflowDrops=0
LogOGInputRelay: Warning: [RelayFlush] window owner=OGBrawlerUECharacter_2147482398 flushedRounds=5076 entries=7287 entriesPerRoundX100=143 suppressed=2244 stageOverflowDrops=0
LogOGNet: Warning: [Warning][InputStats] dropped 0 / 238 remote inputs = 0%
LogOGRelayProbe: Warning: [Warning][RelayProbe.Write] id=28321 runs=120 writes=180 observableWrites=180 captureSpan=180 receivedX1000=1000 observableX1000=1000 deliverableX1000=1000 replaceLatestObservableX1000=666
LogOGRelayProbe: Warning: [Warning][RelayProbe.Write] id=28321 writesPerFrame p50=1 p99=2 max=2 emptyFrames=61 nonConsecutive=0 missedCaptureTicks=0 captures=[9147,9326] discont=0
LogOGRelayProbe: Warning: [Warning][RelayProbe.Frame] role=Server simTicks=121 frames=121 meanTicksPerFrameX100=100 p50=1 p99=1 max=2 meanFrameUs=16592
LogOGRelayProbe: Warning: [Warning][RelayProbe.Frame] role=Server cadence dFrame1=119 dFrame0=0 dFrameGt1=1 discont=0 numSteps total=121 max=2 gt1=1
LogOGRelayProbe: Warning: [Warning][RelayProbe.Budget] conn=28258 frames=120 elapsedMs=2004 netSpeedBps=250000 allowanceBytesPerTick=4166 outBytes=62681 bytesPerTick=522 occupancyPctX10=125
LogOGRelayProbe: Warning: [Warning][RelayProbe.Budget] conn=28258 queuedBits min=-66666 max=-63564 mean=-65801 notReadyFrames=0 outPackets=121 bytesPerPacket=518 lost=0
LogOGRelayProbe: Warning: [Warning][RelayProbe.Budget] conn=28299 frames=120 elapsedMs=2006 netSpeedBps=250000 allowanceBytesPerTick=4166 outBytes=62831 bytesPerTick=523 occupancyPctX10=125
LogOGRelayProbe: Warning: [Warning][RelayProbe.Budget] conn=28299 queuedBits min=-66666 max=-63564 mean=-65780 notReadyFrames=0 outPackets=121 bytesPerPacket=519 lost=0
LogOGInputRelay: Warning: [RelayFlush] window owner=OGBrawlerUECharacter_2147482376 flushedRounds=4716 entries=7045 entriesPerRoundX100=149 suppressed=2364 stageOverflowDrops=0
LogOGInputRelay: Warning: [RelayFlush] window owner=OGBrawlerUECharacter_2147482398 flushedRounds=5157 entries=7406 entriesPerRoundX100=143 suppressed=2283 stageOverflowDrops=0
LogOGRelayProbe: Warning: [Warning][RelayProbe.Write] id=28281 runs=120 writes=169 observableWrites=169 captureSpan=169 receivedX1000=1000 observableX1000=1000 deliverableX1000=1000 replaceLatestObservableX1000=710
LogOGRelayProbe: Warning: [Warning][RelayProbe.Write] id=28281 writesPerFrame p50=1 p99=2 max=2 emptyFrames=51 nonConsecutive=0 missedCaptureTicks=0 captures=[9223,9391] discont=0
LogOGNet: Warning: [Warning][InputStats] dropped 0 / 238 remote inputs = 0%
LogOGRelayProbe: Warning: [Warning][RelayProbe.Frame] role=Server simTicks=120 frames=121 meanTicksPerFrameX100=99 p50=1 p99=1 max=1 meanFrameUs=16516
LogOGRelayProbe: Warning: [Warning][RelayProbe.Frame] role=Server cadence dFrame1=119 dFrame0=0 dFrameGt1=1 discont=0 numSteps total=120 max=1 gt1=0
LogOGRelayProbe: Warning: [Warning][RelayProbe.Budget] conn=28258 frames=120 elapsedMs=2011 netSpeedBps=250000 allowanceBytesPerTick=4166 outBytes=63061 bytesPerTick=525 occupancyPctX10=126
LogOGRelayProbe: Warning: [Warning][RelayProbe.Budget] conn=28258 queuedBits min=-66666 max=-63184 mean=-65584 notReadyFrames=0 outPackets=122 bytesPerPacket=516 lost=0
LogOGRelayProbe: Warning: [Warning][RelayProbe.Budget] conn=28299 frames=120 elapsedMs=2010 netSpeedBps=250000 allowanceBytesPerTick=4166 outBytes=62996 bytesPerTick=524 occupancyPctX10=125
LogOGRelayProbe: Warning: [Warning][RelayProbe.Budget] conn=28299 queuedBits min=-66666 max=-63184 mean=-65576 notReadyFrames=0 outPackets=122 bytesPerPacket=516 lost=0
LogOGInputRelay: Warning: [RelayFlush] window owner=OGBrawlerUECharacter_2147482376 flushedRounds=4795 entries=7163 entriesPerRoundX100=149 suppressed=2405 stageOverflowDrops=0
LogOGRelayProbe: Warning: [Warning][RelayProbe.Write] id=28321 runs=120 writes=178 observableWrites=178 captureSpan=178 receivedX1000=1000 observableX1000=1000 deliverableX1000=1000 replaceLatestObservableX1000=674
LogOGRelayProbe: Warning: [Warning][RelayProbe.Write] id=28321 writesPerFrame p50=1 p99=2 max=2 emptyFrames=60 nonConsecutive=0 missedCaptureTicks=0 captures=[9327,9504] discont=0
LogOGInputRelay: Warning: [RelayFlush] window owner=OGBrawlerUECharacter_2147482398 flushedRounds=5236 entries=7524 entriesPerRoundX100=143 suppressed=2324 stageOverflowDrops=0
LogOGNet: Warning: [Warning][InputStats] dropped 0 / 238 remote inputs = 0%
LogOGRelayProbe: Warning: [Warning][RelayProbe.Write] id=28281 runs=120 writes=180 observableWrites=180 captureSpan=180 receivedX1000=1000 observableX1000=1000 deliverableX1000=1000 replaceLatestObservableX1000=666
LogOGRelayProbe: Warning: [Warning][RelayProbe.Write] id=28281 writesPerFrame p50=1 p99=2 max=2 emptyFrames=61 nonConsecutive=0 missedCaptureTicks=0 captures=[9392,9571] discont=0
LogOGRelayProbe: Warning: [Warning][RelayProbe.Frame] role=Server simTicks=122 frames=123 meanTicksPerFrameX100=99 p50=1 p99=2 max=2 meanFrameUs=16540
LogOGRelayProbe: Warning: [Warning][RelayProbe.Frame] role=Server cadence dFrame1=117 dFrame0=0 dFrameGt1=3 discont=0 numSteps total=122 max=2 gt1=2
LogOGRelayProbe: Warning: [Warning][RelayProbe.Budget] conn=28258 frames=120 elapsedMs=2020 netSpeedBps=250000 allowanceBytesPerTick=4166 outBytes=63127 bytesPerTick=526 occupancyPctX10=126
LogOGRelayProbe: Warning: [Warning][RelayProbe.Budget] conn=28258 queuedBits min=-66666 max=-63232 mean=-65715 notReadyFrames=0 outPackets=122 bytesPerPacket=517 lost=0
LogOGRelayProbe: Warning: [Warning][RelayProbe.Budget] conn=28299 frames=120 elapsedMs=2020 netSpeedBps=250000 allowanceBytesPerTick=4166 outBytes=63036 bytesPerTick=525 occupancyPctX10=126
LogOGRelayProbe: Warning: [Warning][RelayProbe.Budget] conn=28299 queuedBits min=-66666 max=-63232 mean=-65744 notReadyFrames=0 outPackets=122 bytesPerPacket=516 lost=0
LogOGInputRelay: Warning: [RelayFlush] window owner=OGBrawlerUECharacter_2147482376 flushedRounds=4875 entries=7284 entriesPerRoundX100=149 suppressed=2445 stageOverflowDrops=0
LogOGInputRelay: Warning: [RelayFlush] window owner=OGBrawlerUECharacter_2147482398 flushedRounds=5317 entries=7644 entriesPerRoundX100=143 suppressed=2363 stageOverflowDrops=0
LogOGNet: Warning: [Warning][InputStats] dropped 0 / 238 remote inputs = 0%
LogOGRelayProbe: Warning: [Warning][RelayProbe.Write] id=28321 runs=120 writes=178 observableWrites=178 captureSpan=178 receivedX1000=1000 observableX1000=1000 deliverableX1000=1000 replaceLatestObservableX1000=674
LogOGRelayProbe: Warning: [Warning][RelayProbe.Write] id=28321 writesPerFrame p50=1 p99=2 max=2 emptyFrames=59 nonConsecutive=0 missedCaptureTicks=0 captures=[9505,9682] discont=0
LogOGRelayProbe: Warning: [Warning][RelayProbe.Frame] role=Server simTicks=120 frames=121 meanTicksPerFrameX100=99 p50=1 p99=1 max=1 meanFrameUs=16569
LogOGRelayProbe: Warning: [Warning][RelayProbe.Frame] role=Server cadence dFrame1=119 dFrame0=0 dFrameGt1=1 discont=0 numSteps total=120 max=1 gt1=0
LogOGRelayProbe: Warning: [Warning][RelayProbe.Budget] conn=28258 frames=120 elapsedMs=2007 netSpeedBps=250000 allowanceBytesPerTick=4166 outBytes=62440 bytesPerTick=520 occupancyPctX10=124
LogOGRelayProbe: Warning: [Warning][RelayProbe.Budget] conn=28258 queuedBits min=-66666 max=-63446 mean=-65834 notReadyFrames=0 outPackets=121 bytesPerPacket=516 lost=0
LogOGRelayProbe: Warning: [Warning][RelayProbe.Budget] conn=28299 frames=120 elapsedMs=2006 netSpeedBps=250000 allowanceBytesPerTick=4166 outBytes=62835 bytesPerTick=523 occupancyPctX10=125
LogOGRelayProbe: Warning: [Warning][RelayProbe.Budget] conn=28299 queuedBits min=-66666 max=-63446 mean=-65826 notReadyFrames=0 outPackets=121 bytesPerPacket=519 lost=0
LogOGInputRelay: Warning: [RelayFlush] window owner=OGBrawlerUECharacter_2147482376 flushedRounds=4956 entries=7402 entriesPerRoundX100=149 suppressed=2484 stageOverflowDrops=0
LogOGInputRelay: Warning: [RelayFlush] window owner=OGBrawlerUECharacter_2147482398 flushedRounds=5400 entries=7763 entriesPerRoundX100=143 suppressed=2400 stageOverflowDrops=0
LogOGRelayProbe: Warning: [Warning][RelayProbe.Write] id=28281 runs=120 writes=173 observableWrites=173 captureSpan=173 receivedX1000=1000 observableX1000=1000 deliverableX1000=1000 replaceLatestObservableX1000=693
LogOGRelayProbe: Warning: [Warning][RelayProbe.Write] id=28281 writesPerFrame p50=1 p99=2 max=2 emptyFrames=54 nonConsecutive=0 missedCaptureTicks=0 captures=[9572,9744] discont=0
LogOGNet: Warning: [Warning][InputStats] dropped 0 / 238 remote inputs = 0%
LogOGRelayProbe: Warning: [Warning][RelayProbe.Frame] role=Server simTicks=120 frames=121 meanTicksPerFrameX100=99 p50=1 p99=1 max=1 meanFrameUs=16535
LogOGRelayProbe: Warning: [Warning][RelayProbe.Frame] role=Server cadence dFrame1=119 dFrame0=0 dFrameGt1=1 discont=0 numSteps total=120 max=1 gt1=0
LogOGRelayProbe: Warning: [Warning][RelayProbe.Budget] conn=28258 frames=120 elapsedMs=1997 netSpeedBps=250000 allowanceBytesPerTick=4166 outBytes=62603 bytesPerTick=521 occupancyPctX10=125
LogOGRelayProbe: Warning: [Warning][RelayProbe.Budget] conn=28258 queuedBits min=-66666 max=-63716 mean=-65690 notReadyFrames=0 outPackets=121 bytesPerPacket=517 lost=0
LogOGRelayProbe: Warning: [Warning][RelayProbe.Budget] conn=28299 frames=120 elapsedMs=1998 netSpeedBps=250000 allowanceBytesPerTick=4166 outBytes=62618 bytesPerTick=521 occupancyPctX10=125
LogOGRelayProbe: Warning: [Warning][RelayProbe.Budget] conn=28299 queuedBits min=-66666 max=-63716 mean=-65698 notReadyFrames=0 outPackets=121 bytesPerPacket=517 lost=0
LogOGInputRelay: Warning: [RelayFlush] window owner=OGBrawlerUECharacter_2147482376 flushedRounds=5035 entries=7521 entriesPerRoundX100=149 suppressed=2525 stageOverflowDrops=0
LogOGRelayProbe: Warning: [Warning][RelayProbe.Write] id=28321 runs=120 writes=178 observableWrites=178 captureSpan=178 receivedX1000=1000 observableX1000=1000 deliverableX1000=1000 replaceLatestObservableX1000=674
LogOGRelayProbe: Warning: [Warning][RelayProbe.Write] id=28321 writesPerFrame p50=1 p99=2 max=3 emptyFrames=59 nonConsecutive=0 missedCaptureTicks=0 captures=[9683,9860] discont=0
LogOGInputRelay: Warning: [RelayFlush] window owner=OGBrawlerUECharacter_2147482398 flushedRounds=5483 entries=7883 entriesPerRoundX100=143 suppressed=2437 stageOverflowDrops=0
LogOGNet: Warning: [Warning][InputStats] dropped 0 / 238 remote inputs = 0%
LogOGRelayProbe: Warning: [Warning][RelayProbe.Write] id=28281 runs=120 writes=174 observableWrites=174 captureSpan=174 receivedX1000=1000 observableX1000=1000 deliverableX1000=1000 replaceLatestObservableX1000=689
LogOGRelayProbe: Warning: [Warning][RelayProbe.Write] id=28281 writesPerFrame p50=1 p99=3 max=3 emptyFrames=55 nonConsecutive=0 missedCaptureTicks=0 captures=[9745,9918] discont=0
LogOGRelayProbe: Warning: [Warning][RelayProbe.Frame] role=Server simTicks=120 frames=121 meanTicksPerFrameX100=99 p50=1 p99=1 max=1 meanFrameUs=16550
LogOGRelayProbe: Warning: [Warning][RelayProbe.Frame] role=Server cadence dFrame1=119 dFrame0=0 dFrameGt1=1 discont=0 numSteps total=120 max=1 gt1=0
LogOGRelayProbe: Warning: [Warning][RelayProbe.Budget] conn=28258 frames=120 elapsedMs=2003 netSpeedBps=250000 allowanceBytesPerTick=4166 outBytes=62713 bytesPerTick=522 occupancyPctX10=125
LogOGRelayProbe: Warning: [Warning][RelayProbe.Budget] conn=28258 queuedBits min=-66666 max=-63026 mean=-65806 notReadyFrames=0 outPackets=121 bytesPerPacket=518 lost=0
LogOGRelayProbe: Warning: [Warning][RelayProbe.Budget] conn=28299 frames=120 elapsedMs=2003 netSpeedBps=250000 allowanceBytesPerTick=4166 outBytes=62628 bytesPerTick=521 occupancyPctX10=125
LogOGRelayProbe: Warning: [Warning][RelayProbe.Budget] conn=28299 queuedBits min=-66666 max=-63026 mean=-65781 notReadyFrames=0 outPackets=121 bytesPerPacket=517 lost=0
LogOGInputRelay: Warning: [RelayFlush] window owner=OGBrawlerUECharacter_2147482376 flushedRounds=5116 entries=7640 entriesPerRoundX100=149 suppressed=2564 stageOverflowDrops=0
LogOGInputRelay: Warning: [RelayFlush] window owner=OGBrawlerUECharacter_2147482398 flushedRounds=5563 entries=8001 entriesPerRoundX100=143 suppressed=2477 stageOverflowDrops=0
LogOGNet: Warning: [Warning][InputStats] dropped 0 / 238 remote inputs = 0%
LogOGRelayProbe: Warning: [Warning][RelayProbe.Write] id=28321 runs=120 writes=179 observableWrites=179 captureSpan=179 receivedX1000=1000 observableX1000=1000 deliverableX1000=1000 replaceLatestObservableX1000=670
LogOGRelayProbe: Warning: [Warning][RelayProbe.Write] id=28321 writesPerFrame p50=1 p99=2 max=2 emptyFrames=61 nonConsecutive=0 missedCaptureTicks=0 captures=[9861,10039] discont=0
LogOGRelayProbe: Warning: [Warning][RelayProbe.Frame] role=Server simTicks=120 frames=121 meanTicksPerFrameX100=99 p50=1 p99=1 max=1 meanFrameUs=16520
LogOGRelayProbe: Warning: [Warning][RelayProbe.Frame] role=Server cadence dFrame1=119 dFrame0=0 dFrameGt1=1 discont=0 numSteps total=120 max=1 gt1=0
LogOGRelayProbe: Warning: [Warning][RelayProbe.Budget] conn=28258 frames=120 elapsedMs=1999 netSpeedBps=250000 allowanceBytesPerTick=4166 outBytes=62602 bytesPerTick=521 occupancyPctX10=125
LogOGRelayProbe: Warning: [Warning][RelayProbe.Budget] conn=28258 queuedBits min=-66666 max=-63292 mean=-65661 notReadyFrames=0 outPackets=121 bytesPerPacket=517 lost=0
LogOGRelayProbe: Warning: [Warning][RelayProbe.Budget] conn=28299 frames=120 elapsedMs=2000 netSpeedBps=250000 allowanceBytesPerTick=4166 outBytes=62612 bytesPerTick=521 occupancyPctX10=125
LogOGRelayProbe: Warning: [Warning][RelayProbe.Budget] conn=28299 queuedBits min=-66666 max=-63292 mean=-65686 notReadyFrames=0 outPackets=121 bytesPerPacket=517 lost=0
LogOGInputRelay: Warning: [RelayFlush] window owner=OGBrawlerUECharacter_2147482376 flushedRounds=5194 entries=7759 entriesPerRoundX100=149 suppressed=2606 stageOverflowDrops=0
LogOGRelayProbe: Warning: [Warning][RelayProbe.Write] id=28281 runs=120 writes=177 observableWrites=177 captureSpan=177 receivedX1000=1000 observableX1000=1000 deliverableX1000=1000 replaceLatestObservableX1000=677
LogOGRelayProbe: Warning: [Warning][RelayProbe.Write] id=28281 writesPerFrame p50=1 p99=2 max=2 emptyFrames=58 nonConsecutive=0 missedCaptureTicks=0 captures=[9919,10095] discont=0
LogOGInputRelay: Warning: [RelayFlush] window owner=OGBrawlerUECharacter_2147482398 flushedRounds=5645 entries=8121 entriesPerRoundX100=143 suppressed=2515 stageOverflowDrops=0
LogOGNet: Warning: [Warning][InputStats] dropped 0 / 238 remote inputs = 0%
LogOGRelayProbe: Warning: [Warning][RelayProbe.Frame] role=Server simTicks=121 frames=122 meanTicksPerFrameX100=99 p50=1 p99=1 max=2 meanFrameUs=16574
LogOGRelayProbe: Warning: [Warning][RelayProbe.Frame] role=Server cadence dFrame1=118 dFrame0=0 dFrameGt1=2 discont=0 numSteps total=121 max=2 gt1=1
LogOGRelayProbe: Warning: [Warning][RelayProbe.Budget] conn=28258 frames=120 elapsedMs=2022 netSpeedBps=250000 allowanceBytesPerTick=4166 outBytes=63142 bytesPerTick=526 occupancyPctX10=126
LogOGRelayProbe: Warning: [Warning][RelayProbe.Budget] conn=28258 queuedBits min=-66666 max=-63200 mean=-65766 notReadyFrames=0 outPackets=122 bytesPerPacket=517 lost=0
LogOGRelayProbe: Warning: [Warning][RelayProbe.Budget] conn=28299 frames=120 elapsedMs=2022 netSpeedBps=250000 allowanceBytesPerTick=4166 outBytes=63005 bytesPerTick=525 occupancyPctX10=126
LogOGRelayProbe: Warning: [Warning][RelayProbe.Budget] conn=28299 queuedBits min=-66666 max=-63200 mean=-65745 notReadyFrames=0 outPackets=122 bytesPerPacket=516 lost=0
LogOGInputRelay: Warning: [RelayFlush] window owner=OGBrawlerUECharacter_2147482376 flushedRounds=5274 entries=7877 entriesPerRoundX100=149 suppressed=2646 stageOverflowDrops=0
LogOGRelayProbe: Warning: [Warning][RelayProbe.Write] id=28321 runs=120 writes=180 observableWrites=180 captureSpan=180 receivedX1000=1000 observableX1000=1000 deliverableX1000=1000 replaceLatestObservableX1000=666
LogOGRelayProbe: Warning: [Warning][RelayProbe.Write] id=28321 writesPerFrame p50=1 p99=2 max=3 emptyFrames=62 nonConsecutive=0 missedCaptureTicks=0 captures=[10040,10219] discont=0
LogOGInputRelay: Warning: [RelayFlush] window owner=OGBrawlerUECharacter_2147482398 flushedRounds=5726 entries=8240 entriesPerRoundX100=143 suppressed=2554 stageOverflowDrops=0
LogOGNet: Warning: [Warning][InputStats] dropped 0 / 238 remote inputs = 0%
LogOGRelayProbe: Warning: [Warning][RelayProbe.Write] id=28281 runs=120 writes=175 observableWrites=175 captureSpan=175 receivedX1000=1000 observableX1000=1000 deliverableX1000=1000 replaceLatestObservableX1000=685
LogOGRelayProbe: Warning: [Warning][RelayProbe.Write] id=28281 writesPerFrame p50=1 p99=2 max=3 emptyFrames=56 nonConsecutive=0 missedCaptureTicks=0 captures=[10096,10270] discont=0
LogOGRelayProbe: Warning: [Warning][RelayProbe.Frame] role=Server simTicks=122 frames=123 meanTicksPerFrameX100=99 p50=1 p99=2 max=2 meanFrameUs=16495
LogOGRelayProbe: Warning: [Warning][RelayProbe.Frame] role=Server cadence dFrame1=117 dFrame0=0 dFrameGt1=3 discont=0 numSteps total=122 max=2 gt1=2
LogOGRelayProbe: Warning: [Warning][RelayProbe.Budget] conn=28258 frames=120 elapsedMs=2028 netSpeedBps=250000 allowanceBytesPerTick=4166 outBytes=63430 bytesPerTick=528 occupancyPctX10=126
LogOGRelayProbe: Warning: [Warning][RelayProbe.Budget] conn=28258 queuedBits min=-66666 max=-63456 mean=-65513 notReadyFrames=0 outPackets=123 bytesPerPacket=515 lost=0
LogOGRelayProbe: Warning: [Warning][RelayProbe.Budget] conn=28299 frames=120 elapsedMs=2027 netSpeedBps=250000 allowanceBytesPerTick=4166 outBytes=63655 bytesPerTick=530 occupancyPctX10=127
LogOGRelayProbe: Warning: [Warning][RelayProbe.Budget] conn=28299 queuedBits min=-66666 max=-63456 mean=-65532 notReadyFrames=0 outPackets=123 bytesPerPacket=517 lost=0
LogOGInputRelay: Warning: [RelayFlush] window owner=OGBrawlerUECharacter_2147482376 flushedRounds=5354 entries=7998 entriesPerRoundX100=149 suppressed=2686 stageOverflowDrops=0
LogOGInputRelay: Warning: [RelayFlush] window owner=OGBrawlerUECharacter_2147482398 flushedRounds=5813 entries=8359 entriesPerRoundX100=143 suppressed=2587 stageOverflowDrops=0
LogOGNet: Warning: [Warning][InputStats] dropped 0 / 238 remote inputs = 0%
LogOGRelayProbe: Warning: [Warning][RelayProbe.Write] id=28321 runs=120 writes=181 observableWrites=181 captureSpan=181 receivedX1000=1000 observableX1000=1000 deliverableX1000=1000 replaceLatestObservableX1000=662
LogOGRelayProbe: Warning: [Warning][RelayProbe.Write] id=28321 writesPerFrame p50=2 p99=2 max=2 emptyFrames=61 nonConsecutive=0 missedCaptureTicks=0 captures=[10220,10400] discont=0
LogOGRelayProbe: Warning: [Warning][RelayProbe.Frame] role=Server simTicks=122 frames=123 meanTicksPerFrameX100=99 p50=1 p99=2 max=2 meanFrameUs=16521
LogOGRelayProbe: Warning: [Warning][RelayProbe.Frame] role=Server cadence dFrame1=117 dFrame0=0 dFrameGt1=3 discont=0 numSteps total=122 max=2 gt1=2
LogOGRelayProbe: Warning: [Warning][RelayProbe.Budget] conn=28258 frames=120 elapsedMs=2032 netSpeedBps=250000 allowanceBytesPerTick=4166 outBytes=63519 bytesPerTick=529 occupancyPctX10=126
LogOGRelayProbe: Warning: [Warning][RelayProbe.Budget] conn=28258 queuedBits min=-66666 max=-63054 mean=-65704 notReadyFrames=0 outPackets=123 bytesPerPacket=516 lost=0
LogOGRelayProbe: Warning: [Warning][RelayProbe.Budget] conn=28299 frames=120 elapsedMs=2034 netSpeedBps=250000 allowanceBytesPerTick=4166 outBytes=63493 bytesPerTick=529 occupancyPctX10=126
LogOGRelayProbe: Warning: [Warning][RelayProbe.Budget] conn=28299 queuedBits min=-66666 max=-63054 mean=-65701 notReadyFrames=0 outPackets=123 bytesPerPacket=516 lost=0
LogOGRelayProbe: Warning: [Warning][RelayProbe.Write] id=28281 runs=120 writes=167 observableWrites=167 captureSpan=167 receivedX1000=1000 observableX1000=1000 deliverableX1000=1000 replaceLatestObservableX1000=718
LogOGRelayProbe: Warning: [Warning][RelayProbe.Write] id=28281 writesPerFrame p50=1 p99=2 max=2 emptyFrames=49 nonConsecutive=0 missedCaptureTicks=0 captures=[10271,10437] discont=0
LogOGInputRelay: Warning: [RelayFlush] window owner=OGBrawlerUECharacter_2147482376 flushedRounds=5433 entries=8116 entriesPerRoundX100=149 suppressed=2727 stageOverflowDrops=0
LogOGInputRelay: Warning: [RelayFlush] window owner=OGBrawlerUECharacter_2147482398 flushedRounds=5895 entries=8478 entriesPerRoundX100=143 suppressed=2625 stageOverflowDrops=0
LogOGNet: Warning: [Warning][InputStats] dropped 0 / 238 remote inputs = 0%
LogOGRelayProbe: Warning: [Warning][RelayProbe.Frame] role=Server simTicks=120 frames=120 meanTicksPerFrameX100=100 p50=1 p99=1 max=1 meanFrameUs=16600
LogOGRelayProbe: Warning: [Warning][RelayProbe.Frame] role=Server cadence dFrame1=120 dFrame0=0 dFrameGt1=0 discont=0 numSteps total=120 max=1 gt1=0
LogOGRelayProbe: Warning: [Warning][RelayProbe.Budget] conn=28258 frames=120 elapsedMs=1991 netSpeedBps=250000 allowanceBytesPerTick=4166 outBytes=62233 bytesPerTick=518 occupancyPctX10=124
LogOGRelayProbe: Warning: [Warning][RelayProbe.Budget] conn=28258 queuedBits min=-66666 max=-63140 mean=-65797 notReadyFrames=0 outPackets=120 bytesPerPacket=518 lost=0
LogOGRelayProbe: Warning: [Warning][RelayProbe.Budget] conn=28299 frames=120 elapsedMs=1991 netSpeedBps=250000 allowanceBytesPerTick=4166 outBytes=62186 bytesPerTick=518 occupancyPctX10=124
LogOGRelayProbe: Warning: [Warning][RelayProbe.Budget] conn=28299 queuedBits min=-66666 max=-63140 mean=-65787 notReadyFrames=0 outPackets=120 bytesPerPacket=518 lost=0
LogOGInputRelay: Warning: [RelayFlush] window owner=OGBrawlerUECharacter_2147482376 flushedRounds=5513 entries=8236 entriesPerRoundX100=149 suppressed=2767 stageOverflowDrops=0
LogOGInputRelay: Warning: [RelayFlush] window owner=OGBrawlerUECharacter_2147482398 flushedRounds=5977 entries=8597 entriesPerRoundX100=143 suppressed=2663 stageOverflowDrops=0
LogOGRelayProbe: Warning: [Warning][RelayProbe.Write] id=28321 runs=120 writes=180 observableWrites=180 captureSpan=180 receivedX1000=1000 observableX1000=1000 deliverableX1000=1000 replaceLatestObservableX1000=666
LogOGRelayProbe: Warning: [Warning][RelayProbe.Write] id=28321 writesPerFrame p50=1 p99=2 max=2 emptyFrames=61 nonConsecutive=0 missedCaptureTicks=0 captures=[10401,10580] discont=0
LogOGNet: Warning: [Warning][InputStats] dropped 0 / 238 remote inputs = 0%
LogOGRelayProbe: Warning: [Warning][RelayProbe.Write] id=28281 runs=120 writes=175 observableWrites=175 captureSpan=175 receivedX1000=1000 observableX1000=1000 deliverableX1000=1000 replaceLatestObservableX1000=685
LogOGRelayProbe: Warning: [Warning][RelayProbe.Write] id=28281 writesPerFrame p50=1 p99=2 max=2 emptyFrames=57 nonConsecutive=0 missedCaptureTicks=0 captures=[10438,10612] discont=0
LogOGRelayProbe: Warning: [Warning][RelayProbe.Frame] role=Server simTicks=120 frames=121 meanTicksPerFrameX100=99 p50=1 p99=1 max=1 meanFrameUs=16558
LogOGRelayProbe: Warning: [Warning][RelayProbe.Frame] role=Server cadence dFrame1=119 dFrame0=0 dFrameGt1=1 discont=0 numSteps total=120 max=1 gt1=0
LogOGRelayProbe: Warning: [Warning][RelayProbe.Budget] conn=28258 frames=120 elapsedMs=2004 netSpeedBps=250000 allowanceBytesPerTick=4166 outBytes=62591 bytesPerTick=521 occupancyPctX10=125
LogOGRelayProbe: Warning: [Warning][RelayProbe.Budget] conn=28258 queuedBits min=-66666 max=-63464 mean=-65718 notReadyFrames=0 outPackets=121 bytesPerPacket=517 lost=0
LogOGRelayProbe: Warning: [Warning][RelayProbe.Budget] conn=28299 frames=120 elapsedMs=2005 netSpeedBps=250000 allowanceBytesPerTick=4166 outBytes=62704 bytesPerTick=522 occupancyPctX10=125
LogOGRelayProbe: Warning: [Warning][RelayProbe.Budget] conn=28299 queuedBits min=-66666 max=-63464 mean=-65733 notReadyFrames=0 outPackets=121 bytesPerPacket=518 lost=0
LogOGInputRelay: Warning: [RelayFlush] window owner=OGBrawlerUECharacter_2147482376 flushedRounds=5593 entries=8355 entriesPerRoundX100=149 suppressed=2807 stageOverflowDrops=0
LogOGInputRelay: Warning: [RelayFlush] window owner=OGBrawlerUECharacter_2147482398 flushedRounds=6059 entries=8717 entriesPerRoundX100=143 suppressed=2701 stageOverflowDrops=0
LogOGNet: Warning: [Warning][InputStats] dropped 0 / 238 remote inputs = 0%
LogOGRelayProbe: Warning: [Warning][RelayProbe.Write] id=28321 runs=120 writes=178 observableWrites=178 captureSpan=178 receivedX1000=1000 observableX1000=1000 deliverableX1000=1000 replaceLatestObservableX1000=674
LogOGRelayProbe: Warning: [Warning][RelayProbe.Write] id=28321 writesPerFrame p50=1 p99=2 max=2 emptyFrames=59 nonConsecutive=0 missedCaptureTicks=0 captures=[10581,10758] discont=0
LogOGRelayProbe: Warning: [Warning][RelayProbe.Frame] role=Server simTicks=120 frames=120 meanTicksPerFrameX100=100 p50=1 p99=1 max=1 meanFrameUs=16657
LogOGRelayProbe: Warning: [Warning][RelayProbe.Frame] role=Server cadence dFrame1=120 dFrame0=0 dFrameGt1=0 discont=0 numSteps total=120 max=1 gt1=0
LogOGRelayProbe: Warning: [Warning][RelayProbe.Write] id=28281 runs=120 writes=173 observableWrites=173 captureSpan=173 receivedX1000=1000 observableX1000=1000 deliverableX1000=1000 replaceLatestObservableX1000=693
LogOGRelayProbe: Warning: [Warning][RelayProbe.Write] id=28281 writesPerFrame p50=1 p99=2 max=2 emptyFrames=52 nonConsecutive=0 missedCaptureTicks=0 captures=[10613,10785] discont=0
LogOGRelayProbe: Warning: [Warning][RelayProbe.Budget] conn=28258 frames=120 elapsedMs=1998 netSpeedBps=250000 allowanceBytesPerTick=4166 outBytes=62246 bytesPerTick=518 occupancyPctX10=124
LogOGRelayProbe: Warning: [Warning][RelayProbe.Budget] conn=28258 queuedBits min=-66666 max=-63650 mean=-65938 notReadyFrames=0 outPackets=120 bytesPerPacket=518 lost=0
LogOGRelayProbe: Warning: [Warning][RelayProbe.Budget] conn=28299 frames=120 elapsedMs=1998 netSpeedBps=250000 allowanceBytesPerTick=4166 outBytes=62277 bytesPerTick=518 occupancyPctX10=124
LogOGRelayProbe: Warning: [Warning][RelayProbe.Budget] conn=28299 queuedBits min=-66666 max=-63650 mean=-65938 notReadyFrames=0 outPackets=120 bytesPerPacket=518 lost=0
LogOGInputRelay: Warning: [RelayFlush] window owner=OGBrawlerUECharacter_2147482376 flushedRounds=5673 entries=8475 entriesPerRoundX100=149 suppressed=2847 stageOverflowDrops=0
LogOGInputRelay: Warning: [RelayFlush] window owner=OGBrawlerUECharacter_2147482398 flushedRounds=6142 entries=8837 entriesPerRoundX100=143 suppressed=2738 stageOverflowDrops=0
LogOGNet: Warning: [Warning][InputStats] dropped 0 / 238 remote inputs = 0%
LogOGRelayProbe: Warning: [Warning][RelayProbe.Frame] role=Server simTicks=122 frames=123 meanTicksPerFrameX100=99 p50=1 p99=2 max=2 meanFrameUs=16569
LogOGRelayProbe: Warning: [Warning][RelayProbe.Frame] role=Server cadence dFrame1=117 dFrame0=0 dFrameGt1=3 discont=0 numSteps total=122 max=2 gt1=2
LogOGRelayProbe: Warning: [Warning][RelayProbe.Budget] conn=28258 frames=120 elapsedMs=2036 netSpeedBps=250000 allowanceBytesPerTick=4166 outBytes=63617 bytesPerTick=530 occupancyPctX10=127
LogOGRelayProbe: Warning: [Warning][RelayProbe.Budget] conn=28258 queuedBits min=-66666 max=-63056 mean=-65732 notReadyFrames=0 outPackets=123 bytesPerPacket=517 lost=0
LogOGRelayProbe: Warning: [Warning][RelayProbe.Budget] conn=28299 frames=120 elapsedMs=2035 netSpeedBps=250000 allowanceBytesPerTick=4166 outBytes=63540 bytesPerTick=529 occupancyPctX10=126
LogOGRelayProbe: Warning: [Warning][RelayProbe.Budget] conn=28299 queuedBits min=-66666 max=-63056 mean=-65718 notReadyFrames=0 outPackets=123 bytesPerPacket=516 lost=0
LogOGInputRelay: Warning: [RelayFlush] window owner=OGBrawlerUECharacter_2147482376 flushedRounds=5753 entries=8595 entriesPerRoundX100=149 suppressed=2887 stageOverflowDrops=0
LogOGInputRelay: Warning: [RelayFlush] window owner=OGBrawlerUECharacter_2147482398 flushedRounds=6225 entries=8957 entriesPerRoundX100=143 suppressed=2775 stageOverflowDrops=0
LogOGRelayProbe: Warning: [Warning][RelayProbe.Write] id=28321 runs=120 writes=180 observableWrites=180 captureSpan=180 receivedX1000=1000 observableX1000=1000 deliverableX1000=1000 replaceLatestObservableX1000=666
LogOGRelayProbe: Warning: [Warning][RelayProbe.Write] id=28321 writesPerFrame p50=1 p99=2 max=2 emptyFrames=61 nonConsecutive=0 missedCaptureTicks=0 captures=[10759,10938] discont=0
LogOGNet: Warning: [Warning][InputStats] dropped 0 / 238 remote inputs = 0%
LogOGRelayProbe: Warning: [Warning][RelayProbe.Write] id=28281 runs=120 writes=175 observableWrites=175 captureSpan=175 receivedX1000=1000 observableX1000=1000 deliverableX1000=1000 replaceLatestObservableX1000=685
LogOGRelayProbe: Warning: [Warning][RelayProbe.Write] id=28281 writesPerFrame p50=1 p99=2 max=2 emptyFrames=56 nonConsecutive=0 missedCaptureTicks=0 captures=[10786,10960] discont=0
LogOGRelayProbe: Warning: [Warning][RelayProbe.Frame] role=Server simTicks=122 frames=123 meanTicksPerFrameX100=99 p50=1 p99=1 max=1 meanFrameUs=16578
LogOGRelayProbe: Warning: [Warning][RelayProbe.Frame] role=Server cadence dFrame1=117 dFrame0=0 dFrameGt1=3 discont=0 numSteps total=122 max=2 gt1=2
LogOGRelayProbe: Warning: [Warning][RelayProbe.Budget] conn=28258 frames=120 elapsedMs=2041 netSpeedBps=250000 allowanceBytesPerTick=4166 outBytes=63452 bytesPerTick=528 occupancyPctX10=126
LogOGRelayProbe: Warning: [Warning][RelayProbe.Budget] conn=28258 queuedBits min=-66666 max=-63090 mean=-65881 notReadyFrames=0 outPackets=123 bytesPerPacket=515 lost=0
LogOGRelayProbe: Warning: [Warning][RelayProbe.Budget] conn=28299 frames=120 elapsedMs=2041 netSpeedBps=250000 allowanceBytesPerTick=4166 outBytes=63631 bytesPerTick=530 occupancyPctX10=127
LogOGRelayProbe: Warning: [Warning][RelayProbe.Budget] conn=28299 queuedBits min=-66666 max=-63090 mean=-65891 notReadyFrames=0 outPackets=123 bytesPerPacket=517 lost=0
LogOGInputRelay: Warning: [RelayFlush] window owner=OGBrawlerUECharacter_2147482376 flushedRounds=5833 entries=8714 entriesPerRoundX100=149 suppressed=2927 stageOverflowDrops=0
LogOGInputRelay: Warning: [RelayFlush] window owner=OGBrawlerUECharacter_2147482398 flushedRounds=6309 entries=9075 entriesPerRoundX100=143 suppressed=2811 stageOverflowDrops=0
LogOGNet: Warning: [Warning][InputStats] dropped 0 / 238 remote inputs = 0%
LogOGRelayProbe: Warning: [Warning][RelayProbe.Write] id=28321 runs=120 writes=180 observableWrites=180 captureSpan=180 receivedX1000=1000 observableX1000=1000 deliverableX1000=1000 replaceLatestObservableX1000=666
LogOGRelayProbe: Warning: [Warning][RelayProbe.Write] id=28321 writesPerFrame p50=1 p99=2 max=2 emptyFrames=61 nonConsecutive=0 missedCaptureTicks=0 captures=[10939,11118] discont=0
LogOGRelayProbe: Warning: [Warning][RelayProbe.Write] id=28281 runs=120 writes=174 observableWrites=174 captureSpan=174 receivedX1000=1000 observableX1000=1000 deliverableX1000=1000 replaceLatestObservableX1000=689
LogOGRelayProbe: Warning: [Warning][RelayProbe.Write] id=28281 writesPerFrame p50=1 p99=2 max=2 emptyFrames=55 nonConsecutive=0 missedCaptureTicks=0 captures=[10961,11134] discont=0
LogOGRelayProbe: Warning: [Warning][RelayProbe.Frame] role=Server simTicks=122 frames=122 meanTicksPerFrameX100=100 p50=1 p99=1 max=2 meanFrameUs=16576
LogOGRelayProbe: Warning: [Warning][RelayProbe.Frame] role=Server cadence dFrame1=118 dFrame0=0 dFrameGt1=2 discont=0 numSteps total=122 max=2 gt1=2
LogOGRelayProbe: Warning: [Warning][RelayProbe.Budget] conn=28258 frames=120 elapsedMs=2020 netSpeedBps=250000 allowanceBytesPerTick=4166 outBytes=63170 bytesPerTick=526 occupancyPctX10=126
LogOGRelayProbe: Warning: [Warning][RelayProbe.Budget] conn=28258 queuedBits min=-66666 max=-63188 mean=-65798 notReadyFrames=0 outPackets=122 bytesPerPacket=517 lost=0
LogOGRelayProbe: Warning: [Warning][RelayProbe.Budget] conn=28299 frames=120 elapsedMs=2019 netSpeedBps=250000 allowanceBytesPerTick=4166 outBytes=63119 bytesPerTick=525 occupancyPctX10=126
LogOGRelayProbe: Warning: [Warning][RelayProbe.Budget] conn=28299 queuedBits min=-66666 max=-63188 mean=-65791 notReadyFrames=0 outPackets=122 bytesPerPacket=517 lost=0
LogOGInputRelay: Warning: [RelayFlush] window owner=OGBrawlerUECharacter_2147482376 flushedRounds=5912 entries=8833 entriesPerRoundX100=149 suppressed=2968 stageOverflowDrops=0
LogOGInputRelay: Warning: [RelayFlush] window owner=OGBrawlerUECharacter_2147482398 flushedRounds=6389 entries=9195 entriesPerRoundX100=143 suppressed=2851 stageOverflowDrops=0
LogOGNet: Warning: [Warning][InputStats] dropped 0 / 238 remote inputs = 0%
LogOGRelayProbe: Warning: [Warning][RelayProbe.Frame] role=Server simTicks=120 frames=121 meanTicksPerFrameX100=99 p50=1 p99=1 max=1 meanFrameUs=16511
LogOGRelayProbe: Warning: [Warning][RelayProbe.Frame] role=Server cadence dFrame1=119 dFrame0=0 dFrameGt1=1 discont=0 numSteps total=120 max=1 gt1=0
LogOGRelayProbe: Warning: [Warning][RelayProbe.Budget] conn=28258 frames=120 elapsedMs=1998 netSpeedBps=250000 allowanceBytesPerTick=4166 outBytes=62603 bytesPerTick=521 occupancyPctX10=125
LogOGRelayProbe: Warning: [Warning][RelayProbe.Budget] conn=28258 queuedBits min=-66666 max=-63166 mean=-65716 notReadyFrames=0 outPackets=121 bytesPerPacket=517 lost=0
LogOGRelayProbe: Warning: [Warning][RelayProbe.Budget] conn=28299 frames=120 elapsedMs=2000 netSpeedBps=250000 allowanceBytesPerTick=4166 outBytes=62587 bytesPerTick=521 occupancyPctX10=125
LogOGRelayProbe: Warning: [Warning][RelayProbe.Budget] conn=28299 queuedBits min=-66666 max=-63166 mean=-65727 notReadyFrames=0 outPackets=121 bytesPerPacket=517 lost=0
LogOGInputRelay: Warning: [RelayFlush] window owner=OGBrawlerUECharacter_2147482376 flushedRounds=5991 entries=8952 entriesPerRoundX100=149 suppressed=3009 stageOverflowDrops=0
LogOGInputRelay: Warning: [RelayFlush] window owner=OGBrawlerUECharacter_2147482398 flushedRounds=6476 entries=9314 entriesPerRoundX100=143 suppressed=2884 stageOverflowDrops=0
LogOGRelayProbe: Warning: [Warning][RelayProbe.Write] id=28321 runs=120 writes=180 observableWrites=180 captureSpan=180 receivedX1000=1000 observableX1000=1000 deliverableX1000=1000 replaceLatestObservableX1000=666
LogOGRelayProbe: Warning: [Warning][RelayProbe.Write] id=28321 writesPerFrame p50=1 p99=2 max=2 emptyFrames=62 nonConsecutive=0 missedCaptureTicks=0 captures=[11119,11298] discont=0
LogOGRelayProbe: Warning: [Warning][RelayProbe.Write] id=28281 runs=120 writes=167 observableWrites=167 captureSpan=167 receivedX1000=1000 observableX1000=1000 deliverableX1000=1000 replaceLatestObservableX1000=718
LogOGRelayProbe: Warning: [Warning][RelayProbe.Write] id=28281 writesPerFrame p50=1 p99=2 max=2 emptyFrames=48 nonConsecutive=0 missedCaptureTicks=0 captures=[11135,11301] discont=0
LogOGNet: Warning: [Warning][InputStats] dropped 0 / 238 remote inputs = 0%
LogOGRelayProbe: Warning: [Warning][RelayProbe.Frame] role=Server simTicks=120 frames=121 meanTicksPerFrameX100=99 p50=1 p99=1 max=1 meanFrameUs=16594
LogOGRelayProbe: Warning: [Warning][RelayProbe.Frame] role=Server cadence dFrame1=119 dFrame0=0 dFrameGt1=1 discont=0 numSteps total=120 max=1 gt1=0
LogOGRelayProbe: Warning: [Warning][RelayProbe.Budget] conn=28258 frames=120 elapsedMs=2007 netSpeedBps=250000 allowanceBytesPerTick=4166 outBytes=62593 bytesPerTick=521 occupancyPctX10=125
LogOGRelayProbe: Warning: [Warning][RelayProbe.Budget] conn=28258 queuedBits min=-66666 max=-63348 mean=-65877 notReadyFrames=0 outPackets=121 bytesPerPacket=517 lost=0
LogOGRelayProbe: Warning: [Warning][RelayProbe.Budget] conn=28299 frames=120 elapsedMs=2006 netSpeedBps=250000 allowanceBytesPerTick=4166 outBytes=62725 bytesPerTick=522 occupancyPctX10=125
LogOGRelayProbe: Warning: [Warning][RelayProbe.Budget] conn=28299 queuedBits min=-66666 max=-63348 mean=-65874 notReadyFrames=0 outPackets=121 bytesPerPacket=518 lost=0
LogOGInputRelay: Warning: [RelayFlush] window owner=OGBrawlerUECharacter_2147482376 flushedRounds=6071 entries=9072 entriesPerRoundX100=149 suppressed=3049 stageOverflowDrops=0
LogOGInputRelay: Warning: [RelayFlush] window owner=OGBrawlerUECharacter_2147482398 flushedRounds=6559 entries=9434 entriesPerRoundX100=143 suppressed=2921 stageOverflowDrops=0
LogOGNet: Warning: [Warning][InputStats] dropped 0 / 238 remote inputs = 0%
LogOGRelayProbe: Warning: [Warning][RelayProbe.Write] id=28281 runs=120 writes=174 observableWrites=174 captureSpan=174 receivedX1000=1000 observableX1000=1000 deliverableX1000=1000 replaceLatestObservableX1000=689
LogOGRelayProbe: Warning: [Warning][RelayProbe.Write] id=28281 writesPerFrame p50=1 p99=2 max=2 emptyFrames=55 nonConsecutive=0 missedCaptureTicks=0 captures=[11302,11475] discont=0
LogOGRelayProbe: Warning: [Warning][RelayProbe.Write] id=28321 runs=120 writes=183 observableWrites=183 captureSpan=183 receivedX1000=1000 observableX1000=1000 deliverableX1000=1000 replaceLatestObservableX1000=655
LogOGRelayProbe: Warning: [Warning][RelayProbe.Write] id=28321 writesPerFrame p50=2 p99=2 max=3 emptyFrames=63 nonConsecutive=0 missedCaptureTicks=0 captures=[11299,11481] discont=0
LogOGRelayProbe: Warning: [Warning][RelayProbe.Frame] role=Server simTicks=120 frames=120 meanTicksPerFrameX100=100 p50=1 p99=1 max=1 meanFrameUs=16600
LogOGRelayProbe: Warning: [Warning][RelayProbe.Frame] role=Server cadence dFrame1=120 dFrame0=0 dFrameGt1=0 discont=0 numSteps total=120 max=1 gt1=0
LogOGRelayProbe: Warning: [Warning][RelayProbe.Budget] conn=28258 frames=120 elapsedMs=2006 netSpeedBps=250000 allowanceBytesPerTick=4166 outBytes=62550 bytesPerTick=521 occupancyPctX10=125
LogOGRelayProbe: Warning: [Warning][RelayProbe.Budget] conn=28258 queuedBits min=-66666 max=-63220 mean=-65791 notReadyFrames=0 outPackets=121 bytesPerPacket=516 lost=0
LogOGRelayProbe: Warning: [Warning][RelayProbe.Budget] conn=28299 frames=120 elapsedMs=2006 netSpeedBps=250000 allowanceBytesPerTick=4166 outBytes=62594 bytesPerTick=521 occupancyPctX10=125
LogOGRelayProbe: Warning: [Warning][RelayProbe.Budget] conn=28299 queuedBits min=-66666 max=-63220 mean=-65789 notReadyFrames=0 outPackets=121 bytesPerPacket=517 lost=0
LogOGInputRelay: Warning: [RelayFlush] window owner=OGBrawlerUECharacter_2147482376 flushedRounds=6147 entries=9190 entriesPerRoundX100=149 suppressed=3093 stageOverflowDrops=0
LogOGInputRelay: Warning: [RelayFlush] window owner=OGBrawlerUECharacter_2147482398 flushedRounds=6640 entries=9552 entriesPerRoundX100=143 suppressed=2960 stageOverflowDrops=0
LogOGNet: Warning: [Warning][InputStats] dropped 0 / 238 remote inputs = 0%
LogOGRelayProbe: Warning: [Warning][RelayProbe.Frame] role=Server simTicks=120 frames=121 meanTicksPerFrameX100=99 p50=1 p99=1 max=1 meanFrameUs=16566
LogOGRelayProbe: Warning: [Warning][RelayProbe.Frame] role=Server cadence dFrame1=119 dFrame0=0 dFrameGt1=1 discont=0 numSteps total=120 max=1 gt1=0
LogOGRelayProbe: Warning: [Warning][RelayProbe.Budget] conn=28258 frames=120 elapsedMs=1990 netSpeedBps=250000 allowanceBytesPerTick=4166 outBytes=62215 bytesPerTick=518 occupancyPctX10=124
LogOGRelayProbe: Warning: [Warning][RelayProbe.Budget] conn=28258 queuedBits min=-66666 max=-63798 mean=-65815 notReadyFrames=0 outPackets=120 bytesPerPacket=518 lost=0
LogOGRelayProbe: Warning: [Warning][RelayProbe.Budget] conn=28299 frames=120 elapsedMs=1989 netSpeedBps=250000 allowanceBytesPerTick=4166 outBytes=62338 bytesPerTick=519 occupancyPctX10=124
LogOGRelayProbe: Warning: [Warning][RelayProbe.Budget] conn=28299 queuedBits min=-66666 max=-63798 mean=-65804 notReadyFrames=0 outPackets=120 bytesPerPacket=519 lost=0
LogOGInputRelay: Warning: [RelayFlush] window owner=OGBrawlerUECharacter_2147482376 flushedRounds=6227 entries=9310 entriesPerRoundX100=149 suppressed=3133 stageOverflowDrops=0
LogOGRelayProbe: Warning: [Warning][RelayProbe.Write] id=28281 runs=120 writes=168 observableWrites=168 captureSpan=168 receivedX1000=1000 observableX1000=1000 deliverableX1000=1000 replaceLatestObservableX1000=714
LogOGRelayProbe: Warning: [Warning][RelayProbe.Write] id=28281 writesPerFrame p50=1 p99=2 max=2 emptyFrames=49 nonConsecutive=0 missedCaptureTicks=0 captures=[11476,11643] discont=0
LogOGInputRelay: Warning: [RelayFlush] window owner=OGBrawlerUECharacter_2147482398 flushedRounds=6727 entries=9672 entriesPerRoundX100=143 suppressed=2993 stageOverflowDrops=0
LogOGRelayProbe: Warning: [Warning][RelayProbe.Write] id=28321 runs=120 writes=182 observableWrites=182 captureSpan=182 receivedX1000=1000 observableX1000=1000 deliverableX1000=1000 replaceLatestObservableX1000=659
LogOGRelayProbe: Warning: [Warning][RelayProbe.Write] id=28321 writesPerFrame p50=2 p99=2 max=3 emptyFrames=63 nonConsecutive=0 missedCaptureTicks=0 captures=[11482,11663] discont=0
LogOGNet: Warning: [Warning][InputStats] dropped 0 / 238 remote inputs = 0%
LogOGRelayProbe: Warning: [Warning][RelayProbe.Frame] role=Server simTicks=120 frames=120 meanTicksPerFrameX100=100 p50=1 p99=1 max=1 meanFrameUs=16658
LogOGRelayProbe: Warning: [Warning][RelayProbe.Frame] role=Server cadence dFrame1=120 dFrame0=0 dFrameGt1=0 discont=0 numSteps total=120 max=1 gt1=0
LogOGRelayProbe: Warning: [Warning][RelayProbe.Budget] conn=28258 frames=120 elapsedMs=1998 netSpeedBps=250000 allowanceBytesPerTick=4166 outBytes=62252 bytesPerTick=518 occupancyPctX10=124
LogOGRelayProbe: Warning: [Warning][RelayProbe.Budget] conn=28258 queuedBits min=-66666 max=-63396 mean=-66014 notReadyFrames=0 outPackets=120 bytesPerPacket=518 lost=0
LogOGRelayProbe: Warning: [Warning][RelayProbe.Budget] conn=28299 frames=120 elapsedMs=1999 netSpeedBps=250000 allowanceBytesPerTick=4166 outBytes=62334 bytesPerTick=519 occupancyPctX10=124
LogOGRelayProbe: Warning: [Warning][RelayProbe.Budget] conn=28299 queuedBits min=-66666 max=-63396 mean=-66026 notReadyFrames=0 outPackets=120 bytesPerPacket=519 lost=0
LogOGInputRelay: Warning: [RelayFlush] window owner=OGBrawlerUECharacter_2147482376 flushedRounds=6308 entries=9430 entriesPerRoundX100=149 suppressed=3172 stageOverflowDrops=0
LogOGInputRelay: Warning: [RelayFlush] window owner=OGBrawlerUECharacter_2147482398 flushedRounds=6808 entries=9793 entriesPerRoundX100=143 suppressed=3032 stageOverflowDrops=0
LogOGNet: Warning: [Warning][InputStats] dropped 0 / 238 remote inputs = 0%
LogOGRelayProbe: Warning: [Warning][RelayProbe.Write] id=28281 runs=120 writes=177 observableWrites=177 captureSpan=177 receivedX1000=1000 observableX1000=1000 deliverableX1000=1000 replaceLatestObservableX1000=677
LogOGRelayProbe: Warning: [Warning][RelayProbe.Write] id=28281 writesPerFrame p50=1 p99=2 max=2 emptyFrames=58 nonConsecutive=0 missedCaptureTicks=0 captures=[11644,11820] discont=0
LogOGRelayProbe: Warning: [Warning][RelayProbe.Write] id=28321 runs=120 writes=178 observableWrites=178 captureSpan=178 receivedX1000=1000 observableX1000=1000 deliverableX1000=1000 replaceLatestObservableX1000=674
LogOGRelayProbe: Warning: [Warning][RelayProbe.Write] id=28321 writesPerFrame p50=1 p99=2 max=2 emptyFrames=59 nonConsecutive=0 missedCaptureTicks=0 captures=[11664,11841] discont=0
LogOGRelayProbe: Warning: [Warning][RelayProbe.Frame] role=Server simTicks=120 frames=121 meanTicksPerFrameX100=99 p50=1 p99=1 max=1 meanFrameUs=16555
LogOGRelayProbe: Warning: [Warning][RelayProbe.Frame] role=Server cadence dFrame1=119 dFrame0=0 dFrameGt1=1 discont=0 numSteps total=120 max=1 gt1=0
LogOGRelayProbe: Warning: [Warning][RelayProbe.Budget] conn=28258 frames=120 elapsedMs=2001 netSpeedBps=250000 allowanceBytesPerTick=4166 outBytes=62594 bytesPerTick=521 occupancyPctX10=125
LogOGRelayProbe: Warning: [Warning][RelayProbe.Budget] conn=28258 queuedBits min=-66666 max=-63036 mean=-65708 notReadyFrames=0 outPackets=121 bytesPerPacket=517 lost=0
LogOGRelayProbe: Warning: [Warning][RelayProbe.Budget] conn=28299 frames=120 elapsedMs=2000 netSpeedBps=250000 allowanceBytesPerTick=4166 outBytes=62584 bytesPerTick=521 occupancyPctX10=125
LogOGRelayProbe: Warning: [Warning][RelayProbe.Budget] conn=28299 queuedBits min=-66666 max=-63036 mean=-65685 notReadyFrames=0 outPackets=121 bytesPerPacket=517 lost=0
LogOGInputRelay: Warning: [RelayFlush] window owner=OGBrawlerUECharacter_2147482376 flushedRounds=6387 entries=9549 entriesPerRoundX100=149 suppressed=3213 stageOverflowDrops=0
LogOGInputRelay: Warning: [RelayFlush] window owner=OGBrawlerUECharacter_2147482398 flushedRounds=6892 entries=9911 entriesPerRoundX100=143 suppressed=3068 stageOverflowDrops=0
LogOGNet: Warning: [Warning][InputStats] dropped 0 / 238 remote inputs = 0%
LogOGRelayProbe: Warning: [Warning][RelayProbe.Write] id=28281 runs=120 writes=168 observableWrites=168 captureSpan=168 receivedX1000=1000 observableX1000=1000 deliverableX1000=1000 replaceLatestObservableX1000=714
LogOGRelayProbe: Warning: [Warning][RelayProbe.Write] id=28281 writesPerFrame p50=1 p99=2 max=2 emptyFrames=49 nonConsecutive=0 missedCaptureTicks=0 captures=[11821,11988] discont=0
LogOGRelayProbe: Warning: [Warning][RelayProbe.Frame] role=Server simTicks=121 frames=122 meanTicksPerFrameX100=99 p50=1 p99=1 max=2 meanFrameUs=16494
LogOGRelayProbe: Warning: [Warning][RelayProbe.Frame] role=Server cadence dFrame1=118 dFrame0=0 dFrameGt1=2 discont=0 numSteps total=121 max=2 gt1=1
LogOGRelayProbe: Warning: [Warning][RelayProbe.Budget] conn=28258 frames=120 elapsedMs=2012 netSpeedBps=250000 allowanceBytesPerTick=4166 outBytes=63131 bytesPerTick=526 occupancyPctX10=126
LogOGRelayProbe: Warning: [Warning][RelayProbe.Budget] conn=28258 queuedBits min=-66666 max=-63212 mean=-65596 notReadyFrames=0 outPackets=122 bytesPerPacket=517 lost=0
LogOGRelayProbe: Warning: [Warning][RelayProbe.Budget] conn=28299 frames=120 elapsedMs=2012 netSpeedBps=250000 allowanceBytesPerTick=4166 outBytes=63098 bytesPerTick=525 occupancyPctX10=126
LogOGRelayProbe: Warning: [Warning][RelayProbe.Budget] conn=28299 queuedBits min=-66666 max=-63212 mean=-65613 notReadyFrames=0 outPackets=122 bytesPerPacket=517 lost=0
LogOGInputRelay: Warning: [RelayFlush] window owner=OGBrawlerUECharacter_2147482376 flushedRounds=6466 entries=9669 entriesPerRoundX100=149 suppressed=3254 stageOverflowDrops=0
LogOGInputRelay: Warning: [RelayFlush] window owner=OGBrawlerUECharacter_2147482398 flushedRounds=6975 entries=10029 entriesPerRoundX100=143 suppressed=3105 stageOverflowDrops=0
LogOGRelayProbe: Warning: [Warning][RelayProbe.Write] id=28321 runs=120 writes=181 observableWrites=181 captureSpan=181 receivedX1000=1000 observableX1000=1000 deliverableX1000=1000 replaceLatestObservableX1000=662
LogOGRelayProbe: Warning: [Warning][RelayProbe.Write] id=28321 writesPerFrame p50=1 p99=2 max=3 emptyFrames=63 nonConsecutive=0 missedCaptureTicks=0 captures=[11842,12022] discont=0
LogOGNet: Warning: [Warning][InputStats] dropped 0 / 238 remote inputs = 0%
LogOGRelayProbe: Warning: [Warning][RelayProbe.Frame] role=Server simTicks=120 frames=121 meanTicksPerFrameX100=99 p50=1 p99=1 max=1 meanFrameUs=16627
LogOGRelayProbe: Warning: [Warning][RelayProbe.Frame] role=Server cadence dFrame1=119 dFrame0=0 dFrameGt1=1 discont=0 numSteps total=120 max=1 gt1=0
LogOGRelayProbe: Warning: [Warning][RelayProbe.Budget] conn=28258 frames=120 elapsedMs=2016 netSpeedBps=250000 allowanceBytesPerTick=4166 outBytes=62647 bytesPerTick=522 occupancyPctX10=125
LogOGRelayProbe: Warning: [Warning][RelayProbe.Budget] conn=28258 queuedBits min=-66666 max=-63282 mean=-65930 notReadyFrames=0 outPackets=121 bytesPerPacket=517 lost=0
LogOGInputRelay: Warning: [RelayFlush] window owner=OGBrawlerUECharacter_2147482376 flushedRounds=6548 entries=9788 entriesPerRoundX100=149 suppressed=3292 stageOverflowDrops=0
LogOGRelayProbe: Warning: [Warning][RelayProbe.Budget] conn=28299 frames=120 elapsedMs=2017 netSpeedBps=250000 allowanceBytesPerTick=4166 outBytes=62700 bytesPerTick=522 occupancyPctX10=125
LogOGRelayProbe: Warning: [Warning][RelayProbe.Budget] conn=28299 queuedBits min=-66666 max=-63282 mean=-65935 notReadyFrames=0 outPackets=121 bytesPerPacket=518 lost=0
LogOGInputRelay: Warning: [RelayFlush] window owner=OGBrawlerUECharacter_2147482398 flushedRounds=7058 entries=10149 entriesPerRoundX100=143 suppressed=3142 stageOverflowDrops=0
LogOGNet: Warning: [Warning][InputStats] dropped 0 / 240 remote inputs = 0%
LogOGRelayProbe: Warning: [Warning][RelayProbe.Write] id=28281 runs=120 writes=172 observableWrites=172 captureSpan=172 receivedX1000=1000 observableX1000=1000 deliverableX1000=1000 replaceLatestObservableX1000=697
LogOGRelayProbe: Warning: [Warning][RelayProbe.Write] id=28281 writesPerFrame p50=1 p99=3 max=3 emptyFrames=54 nonConsecutive=0 missedCaptureTicks=0 captures=[11989,12160] discont=0
LogOGRelayProbe: Warning: [Warning][RelayProbe.Write] id=28321 runs=120 writes=174 observableWrites=174 captureSpan=174 receivedX1000=1000 observableX1000=1000 deliverableX1000=1000 replaceLatestObservableX1000=689
LogOGRelayProbe: Warning: [Warning][RelayProbe.Write] id=28321 writesPerFrame p50=1 p99=2 max=2 emptyFrames=54 nonConsecutive=0 missedCaptureTicks=0 captures=[12023,12196] discont=0
LogOGRelayProbe: Warning: [Warning][RelayProbe.Frame] role=Server simTicks=126 frames=126 meanTicksPerFrameX100=100 p50=1 p99=2 max=2 meanFrameUs=16635
LogOGRelayProbe: Warning: [Warning][RelayProbe.Frame] role=Server cadence dFrame1=114 dFrame0=0 dFrameGt1=6 discont=0 numSteps total=126 max=2 gt1=6
LogOGInputRelay: Warning: [RelayFlush] window owner=OGBrawlerUECharacter_2147482376 flushedRounds=6629 entries=9907 entriesPerRoundX100=149 suppressed=3331 stageOverflowDrops=0
LogOGRelayProbe: Warning: [Warning][RelayProbe.Budget] conn=28258 frames=120 elapsedMs=2091 netSpeedBps=250000 allowanceBytesPerTick=4166 outBytes=64962 bytesPerTick=541 occupancyPctX10=129
LogOGRelayProbe: Warning: [Warning][RelayProbe.Budget] conn=28258 queuedBits min=-66666 max=-63382 mean=-65791 notReadyFrames=0 outPackets=126 bytesPerPacket=515 lost=0
LogOGRelayProbe: Warning: [Warning][RelayProbe.Budget] conn=28299 frames=120 elapsedMs=2092 netSpeedBps=250000 allowanceBytesPerTick=4166 outBytes=65123 bytesPerTick=542 occupancyPctX10=130
LogOGRelayProbe: Warning: [Warning][RelayProbe.Budget] conn=28299 queuedBits min=-66666 max=-63382 mean=-65786 notReadyFrames=0 outPackets=126 bytesPerPacket=516 lost=0
LogOGInputRelay: Warning: [RelayFlush] window owner=OGBrawlerUECharacter_2147482398 flushedRounds=7145 entries=10269 entriesPerRoundX100=143 suppressed=3175 stageOverflowDrops=0
LogOGNet: Warning: [Warning][InputStats] dropped 0 / 236 remote inputs = 0%
LogOGRelayProbe: Warning: [Warning][RelayProbe.Write] id=28281 runs=120 writes=173 observableWrites=173 captureSpan=173 receivedX1000=1000 observableX1000=1000 deliverableX1000=1000 replaceLatestObservableX1000=693
LogOGRelayProbe: Warning: [Warning][RelayProbe.Write] id=28281 writesPerFrame p50=1 p99=2 max=2 emptyFrames=52 nonConsecutive=0 missedCaptureTicks=0 captures=[12161,12333] discont=0
LogOGRelayProbe: Warning: [Warning][RelayProbe.Frame] role=Server simTicks=120 frames=120 meanTicksPerFrameX100=100 p50=1 p99=1 max=1 meanFrameUs=16649
LogOGRelayProbe: Warning: [Warning][RelayProbe.Frame] role=Server cadence dFrame1=120 dFrame0=0 dFrameGt1=0 discont=0 numSteps total=120 max=1 gt1=0
LogOGInputRelay: Warning: [RelayFlush] window owner=OGBrawlerUECharacter_2147482376 flushedRounds=6709 entries=10027 entriesPerRoundX100=149 suppressed=3371 stageOverflowDrops=0
LogOGRelayProbe: Warning: [Warning][RelayProbe.Budget] conn=28258 frames=120 elapsedMs=2000 netSpeedBps=250000 allowanceBytesPerTick=4166 outBytes=62229 bytesPerTick=518 occupancyPctX10=124
LogOGRelayProbe: Warning: [Warning][RelayProbe.Budget] conn=28258 queuedBits min=-66666 max=-63648 mean=-66000 notReadyFrames=0 outPackets=120 bytesPerPacket=518 lost=0
LogOGRelayProbe: Warning: [Warning][RelayProbe.Budget] conn=28299 frames=120 elapsedMs=1999 netSpeedBps=250000 allowanceBytesPerTick=4166 outBytes=62248 bytesPerTick=518 occupancyPctX10=124
LogOGRelayProbe: Warning: [Warning][RelayProbe.Budget] conn=28299 queuedBits min=-66666 max=-63648 mean=-65986 notReadyFrames=0 outPackets=120 bytesPerPacket=518 lost=0
LogOGInputRelay: Warning: [RelayFlush] window owner=OGBrawlerUECharacter_2147482398 flushedRounds=7225 entries=10389 entriesPerRoundX100=143 suppressed=3215 stageOverflowDrops=0
LogOGRelayProbe: Warning: [Warning][RelayProbe.Write] id=28321 runs=120 writes=180 observableWrites=180 captureSpan=180 receivedX1000=1000 observableX1000=1000 deliverableX1000=1000 replaceLatestObservableX1000=666
LogOGRelayProbe: Warning: [Warning][RelayProbe.Write] id=28321 writesPerFrame p50=1 p99=2 max=2 emptyFrames=60 nonConsecutive=0 missedCaptureTicks=0 captures=[12197,12376] discont=0
LogOGNet: Warning: [Warning][InputStats] dropped 0 / 238 remote inputs = 0%
LogOGInputRelay: Warning: [RelayFlush] window owner=OGBrawlerUECharacter_2147482376 flushedRounds=6789 entries=10145 entriesPerRoundX100=149 suppressed=3411 stageOverflowDrops=0
LogOGRelayProbe: Warning: [Warning][RelayProbe.Frame] role=Server simTicks=122 frames=123 meanTicksPerFrameX100=99 p50=1 p99=1 max=2 meanFrameUs=16536
LogOGRelayProbe: Warning: [Warning][RelayProbe.Frame] role=Server cadence dFrame1=117 dFrame0=0 dFrameGt1=3 discont=0 numSteps total=122 max=2 gt1=2
LogOGRelayProbe: Warning: [Warning][RelayProbe.Budget] conn=28258 frames=120 elapsedMs=2033 netSpeedBps=250000 allowanceBytesPerTick=4166 outBytes=63526 bytesPerTick=529 occupancyPctX10=126
LogOGRelayProbe: Warning: [Warning][RelayProbe.Budget] conn=28258 queuedBits min=-66666 max=-62974 mean=-65680 notReadyFrames=0 outPackets=123 bytesPerPacket=516 lost=0
LogOGRelayProbe: Warning: [Warning][RelayProbe.Budget] conn=28299 frames=120 elapsedMs=2035 netSpeedBps=250000 allowanceBytesPerTick=4166 outBytes=63473 bytesPerTick=528 occupancyPctX10=126
LogOGRelayProbe: Warning: [Warning][RelayProbe.Budget] conn=28299 queuedBits min=-66666 max=-62974 mean=-65691 notReadyFrames=0 outPackets=123 bytesPerPacket=516 lost=0
LogOGInputRelay: Warning: [RelayFlush] window owner=OGBrawlerUECharacter_2147482398 flushedRounds=7306 entries=10508 entriesPerRoundX100=143 suppressed=3254 stageOverflowDrops=0
LogOGNet: Warning: [Warning][InputStats] dropped 0 / 238 remote inputs = 0%
LogOGRelayProbe: Warning: [Warning][RelayProbe.Write] id=28281 runs=120 writes=173 observableWrites=173 captureSpan=173 receivedX1000=1000 observableX1000=1000 deliverableX1000=1000 replaceLatestObservableX1000=693
LogOGRelayProbe: Warning: [Warning][RelayProbe.Write] id=28281 writesPerFrame p50=1 p99=2 max=2 emptyFrames=54 nonConsecutive=0 missedCaptureTicks=0 captures=[12334,12506] discont=0
LogOGRelayProbe: Warning: [Warning][RelayProbe.Write] id=28321 runs=120 writes=176 observableWrites=176 captureSpan=176 receivedX1000=1000 observableX1000=1000 deliverableX1000=1000 replaceLatestObservableX1000=681
LogOGRelayProbe: Warning: [Warning][RelayProbe.Write] id=28321 writesPerFrame p50=1 p99=2 max=2 emptyFrames=57 nonConsecutive=0 missedCaptureTicks=0 captures=[12377,12552] discont=0
LogOGInputRelay: Warning: [RelayFlush] window owner=OGBrawlerUECharacter_2147482376 flushedRounds=6871 entries=10265 entriesPerRoundX100=149 suppressed=3449 stageOverflowDrops=0
LogOGRelayProbe: Warning: [Warning][RelayProbe.Frame] role=Server simTicks=121 frames=121 meanTicksPerFrameX100=100 p50=1 p99=1 max=2 meanFrameUs=16678
LogOGRelayProbe: Warning: [Warning][RelayProbe.Frame] role=Server cadence dFrame1=119 dFrame0=0 dFrameGt1=1 discont=0 numSteps total=121 max=2 gt1=1
LogOGRelayProbe: Warning: [Warning][RelayProbe.Budget] conn=28258 frames=120 elapsedMs=2017 netSpeedBps=250000 allowanceBytesPerTick=4166 outBytes=62743 bytesPerTick=522 occupancyPctX10=125
LogOGRelayProbe: Warning: [Warning][RelayProbe.Budget] conn=28258 queuedBits min=-66666 max=-63370 mean=-65962 notReadyFrames=0 outPackets=121 bytesPerPacket=518 lost=0
LogOGRelayProbe: Warning: [Warning][RelayProbe.Budget] conn=28299 frames=120 elapsedMs=2017 netSpeedBps=250000 allowanceBytesPerTick=4166 outBytes=62885 bytesPerTick=524 occupancyPctX10=125
LogOGRelayProbe: Warning: [Warning][RelayProbe.Budget] conn=28299 queuedBits min=-66666 max=-63370 mean=-65974 notReadyFrames=0 outPackets=121 bytesPerPacket=519 lost=0
LogOGInputRelay: Warning: [RelayFlush] window owner=OGBrawlerUECharacter_2147482398 flushedRounds=7394 entries=10628 entriesPerRoundX100=143 suppressed=3286 stageOverflowDrops=0
LogOGNet: Warning: [Warning][InputStats] dropped 0 / 238 remote inputs = 0%
LogOGRelayProbe: Warning: [Warning][RelayProbe.Write] id=28281 runs=120 writes=169 observableWrites=169 captureSpan=169 receivedX1000=1000 observableX1000=1000 deliverableX1000=1000 replaceLatestObservableX1000=710
LogOGRelayProbe: Warning: [Warning][RelayProbe.Write] id=28281 writesPerFrame p50=1 p99=3 max=3 emptyFrames=49 nonConsecutive=0 missedCaptureTicks=0 captures=[12507,12675] discont=0
LogOGInputRelay: Warning: [RelayFlush] window owner=OGBrawlerUECharacter_2147482376 flushedRounds=6951 entries=10385 entriesPerRoundX100=149 suppressed=3489 stageOverflowDrops=0
LogOGRelayProbe: Warning: [Warning][RelayProbe.Frame] role=Server simTicks=120 frames=120 meanTicksPerFrameX100=100 p50=1 p99=1 max=1 meanFrameUs=16675
LogOGRelayProbe: Warning: [Warning][RelayProbe.Frame] role=Server cadence dFrame1=120 dFrame0=0 dFrameGt1=0 discont=0 numSteps total=120 max=1 gt1=0
LogOGRelayProbe: Warning: [Warning][RelayProbe.Budget] conn=28258 frames=120 elapsedMs=2002 netSpeedBps=250000 allowanceBytesPerTick=4166 outBytes=62236 bytesPerTick=518 occupancyPctX10=124
LogOGRelayProbe: Warning: [Warning][RelayProbe.Budget] conn=28258 queuedBits min=-66666 max=-63400 mean=-66009 notReadyFrames=0 outPackets=120 bytesPerPacket=518 lost=0
LogOGRelayProbe: Warning: [Warning][RelayProbe.Budget] conn=28299 frames=120 elapsedMs=2000 netSpeedBps=250000 allowanceBytesPerTick=4166 outBytes=62100 bytesPerTick=517 occupancyPctX10=124
LogOGRelayProbe: Warning: [Warning][RelayProbe.Budget] conn=28299 queuedBits min=-66666 max=-63400 mean=-66009 notReadyFrames=0 outPackets=120 bytesPerPacket=517 lost=0
LogOGInputRelay: Warning: [RelayFlush] window owner=OGBrawlerUECharacter_2147482398 flushedRounds=7477 entries=10748 entriesPerRoundX100=143 suppressed=3323 stageOverflowDrops=0
LogOGRelayProbe: Warning: [Warning][RelayProbe.Write] id=28321 runs=120 writes=180 observableWrites=180 captureSpan=180 receivedX1000=1000 observableX1000=1000 deliverableX1000=1000 replaceLatestObservableX1000=666
LogOGRelayProbe: Warning: [Warning][RelayProbe.Write] id=28321 writesPerFrame p50=1 p99=2 max=2 emptyFrames=60 nonConsecutive=0 missedCaptureTicks=0 captures=[12553,12732] discont=0
LogOGNet: Warning: [Warning][InputStats] dropped 0 / 238 remote inputs = 0%
LogOGInputRelay: Warning: [RelayFlush] window owner=OGBrawlerUECharacter_2147482376 flushedRounds=7033 entries=10506 entriesPerRoundX100=149 suppressed=3527 stageOverflowDrops=0
LogOGRelayProbe: Warning: [Warning][RelayProbe.Frame] role=Server simTicks=120 frames=120 meanTicksPerFrameX100=100 p50=1 p99=1 max=1 meanFrameUs=16614
LogOGRelayProbe: Warning: [Warning][RelayProbe.Frame] role=Server cadence dFrame1=120 dFrame0=0 dFrameGt1=0 discont=0 numSteps total=120 max=1 gt1=0
LogOGRelayProbe: Warning: [Warning][RelayProbe.Budget] conn=28258 frames=120 elapsedMs=1991 netSpeedBps=250000 allowanceBytesPerTick=4166 outBytes=62164 bytesPerTick=518 occupancyPctX10=124
LogOGRelayProbe: Warning: [Warning][RelayProbe.Budget] conn=28258 queuedBits min=-66666 max=-63486 mean=-65829 notReadyFrames=0 outPackets=120 bytesPerPacket=518 lost=0
LogOGRelayProbe: Warning: [Warning][RelayProbe.Write] id=28281 runs=120 writes=172 observableWrites=172 captureSpan=172 receivedX1000=1000 observableX1000=1000 deliverableX1000=1000 replaceLatestObservableX1000=697
LogOGRelayProbe: Warning: [Warning][RelayProbe.Write] id=28281 writesPerFrame p50=1 p99=2 max=2 emptyFrames=53 nonConsecutive=0 missedCaptureTicks=0 captures=[12676,12847] discont=0
LogOGRelayProbe: Warning: [Warning][RelayProbe.Budget] conn=28299 frames=120 elapsedMs=1992 netSpeedBps=250000 allowanceBytesPerTick=4166 outBytes=62267 bytesPerTick=518 occupancyPctX10=124
LogOGRelayProbe: Warning: [Warning][RelayProbe.Budget] conn=28299 queuedBits min=-66666 max=-63486 mean=-65804 notReadyFrames=0 outPackets=120 bytesPerPacket=518 lost=0
LogOGInputRelay: Warning: [RelayFlush] window owner=OGBrawlerUECharacter_2147482398 flushedRounds=7561 entries=10868 entriesPerRoundX100=143 suppressed=3359 stageOverflowDrops=0
LogOGNet: Warning: [Warning][InputStats] dropped 0 / 238 remote inputs = 0%
LogOGRelayProbe: Warning: [Warning][RelayProbe.Write] id=28321 runs=120 writes=177 observableWrites=177 captureSpan=177 receivedX1000=1000 observableX1000=1000 deliverableX1000=1000 replaceLatestObservableX1000=677
LogOGRelayProbe: Warning: [Warning][RelayProbe.Write] id=28321 writesPerFrame p50=1 p99=2 max=3 emptyFrames=57 nonConsecutive=0 missedCaptureTicks=0 captures=[12733,12909] discont=0
LogOGInputRelay: Warning: [RelayFlush] window owner=OGBrawlerUECharacter_2147482376 flushedRounds=7113 entries=10626 entriesPerRoundX100=149 suppressed=3567 stageOverflowDrops=0
LogOGRelayProbe: Warning: [Warning][RelayProbe.Frame] role=Server simTicks=121 frames=121 meanTicksPerFrameX100=100 p50=1 p99=1 max=2 meanFrameUs=16643
LogOGRelayProbe: Warning: [Warning][RelayProbe.Frame] role=Server cadence dFrame1=119 dFrame0=0 dFrameGt1=1 discont=0 numSteps total=121 max=2 gt1=1
LogOGRelayProbe: Warning: [Warning][RelayProbe.Budget] conn=28258 frames=120 elapsedMs=2014 netSpeedBps=250000 allowanceBytesPerTick=4166 outBytes=62770 bytesPerTick=523 occupancyPctX10=125
LogOGRelayProbe: Warning: [Warning][RelayProbe.Budget] conn=28258 queuedBits min=-66666 max=-63314 mean=-65886 notReadyFrames=0 outPackets=121 bytesPerPacket=518 lost=0
LogOGInputRelay: Warning: [RelayFlush] window owner=OGBrawlerUECharacter_2147482398 flushedRounds=7648 entries=10988 entriesPerRoundX100=143 suppressed=3392 stageOverflowDrops=0
LogOGRelayProbe: Warning: [Warning][RelayProbe.Budget] conn=28299 frames=120 elapsedMs=2014 netSpeedBps=250000 allowanceBytesPerTick=4166 outBytes=62871 bytesPerTick=523 occupancyPctX10=125
LogOGRelayProbe: Warning: [Warning][RelayProbe.Budget] conn=28299 queuedBits min=-66666 max=-63314 mean=-65902 notReadyFrames=0 outPackets=121 bytesPerPacket=519 lost=0
LogOGNet: Warning: [Warning][InputStats] dropped 0 / 238 remote inputs = 0%
LogOGRelayProbe: Warning: [Warning][RelayProbe.Write] id=28281 runs=120 writes=167 observableWrites=167 captureSpan=167 receivedX1000=1000 observableX1000=1000 deliverableX1000=1000 replaceLatestObservableX1000=718
LogOGRelayProbe: Warning: [Warning][RelayProbe.Write] id=28281 writesPerFrame p50=1 p99=2 max=2 emptyFrames=47 nonConsecutive=0 missedCaptureTicks=0 captures=[12848,13014] discont=0
LogOGInputRelay: Warning: [RelayFlush] window owner=OGBrawlerUECharacter_2147482376 flushedRounds=7193 entries=10745 entriesPerRoundX100=149 suppressed=3607 stageOverflowDrops=0
LogOGRelayProbe: Warning: [Warning][RelayProbe.Frame] role=Server simTicks=121 frames=122 meanTicksPerFrameX100=99 p50=1 p99=1 max=2 meanFrameUs=16615
LogOGRelayProbe: Warning: [Warning][RelayProbe.Frame] role=Server cadence dFrame1=118 dFrame0=0 dFrameGt1=2 discont=0 numSteps total=121 max=2 gt1=1
LogOGInputRelay: Warning: [RelayFlush] window owner=OGBrawlerUECharacter_2147482398 flushedRounds=7732 entries=11107 entriesPerRoundX100=143 suppressed=3428 stageOverflowDrops=0
LogOGRelayProbe: Warning: [Warning][RelayProbe.Write] id=28321 runs=120 writes=180 observableWrites=180 captureSpan=180 receivedX1000=1000 observableX1000=1000 deliverableX1000=1000 replaceLatestObservableX1000=666
LogOGRelayProbe: Warning: [Warning][RelayProbe.Write] id=28321 writesPerFrame p50=1 p99=2 max=2 emptyFrames=61 nonConsecutive=0 missedCaptureTicks=0 captures=[12910,13089] discont=0
LogOGRelayProbe: Warning: [Warning][RelayProbe.Budget] conn=28258 frames=120 elapsedMs=2028 netSpeedBps=250000 allowanceBytesPerTick=4166 outBytes=63060 bytesPerTick=525 occupancyPctX10=126
LogOGRelayProbe: Warning: [Warning][RelayProbe.Budget] conn=28258 queuedBits min=-66666 max=-63282 mean=-65953 notReadyFrames=0 outPackets=122 bytesPerPacket=516 lost=0
LogOGRelayProbe: Warning: [Warning][RelayProbe.Budget] conn=28299 frames=120 elapsedMs=2028 netSpeedBps=250000 allowanceBytesPerTick=4166 outBytes=63119 bytesPerTick=525 occupancyPctX10=126
LogOGRelayProbe: Warning: [Warning][RelayProbe.Budget] conn=28299 queuedBits min=-66666 max=-63282 mean=-65962 notReadyFrames=0 outPackets=122 bytesPerPacket=517 lost=0
LogOGNet: Warning: [Warning][InputStats] dropped 0 / 238 remote inputs = 0%
LogOGRelayProbe: Warning: [Warning][RelayProbe.Write] id=28281 runs=120 writes=174 observableWrites=174 captureSpan=174 receivedX1000=1000 observableX1000=1000 deliverableX1000=1000 replaceLatestObservableX1000=689
LogOGRelayProbe: Warning: [Warning][RelayProbe.Write] id=28281 writesPerFrame p50=1 p99=2 max=2 emptyFrames=55 nonConsecutive=0 missedCaptureTicks=0 captures=[13015,13188] discont=0
LogOGInputRelay: Warning: [RelayFlush] window owner=OGBrawlerUECharacter_2147482376 flushedRounds=7273 entries=10866 entriesPerRoundX100=149 suppressed=3647 stageOverflowDrops=0
LogOGRelayProbe: Warning: [Warning][RelayProbe.Frame] role=Server simTicks=120 frames=120 meanTicksPerFrameX100=100 p50=1 p99=1 max=1 meanFrameUs=16558
LogOGRelayProbe: Warning: [Warning][RelayProbe.Frame] role=Server cadence dFrame1=120 dFrame0=0 dFrameGt1=0 discont=0 numSteps total=120 max=1 gt1=0
LogOGInputRelay: Warning: [RelayFlush] window owner=OGBrawlerUECharacter_2147482398 flushedRounds=7813 entries=11226 entriesPerRoundX100=143 suppressed=3467 stageOverflowDrops=0
LogOGRelayProbe: Warning: [Warning][RelayProbe.Budget] conn=28258 frames=120 elapsedMs=1999 netSpeedBps=250000 allowanceBytesPerTick=4166 outBytes=62577 bytesPerTick=521 occupancyPctX10=125
LogOGRelayProbe: Warning: [Warning][RelayProbe.Budget] conn=28258 queuedBits min=-66666 max=-63032 mean=-65606 notReadyFrames=0 outPackets=121 bytesPerPacket=517 lost=0
LogOGRelayProbe: Warning: [Warning][RelayProbe.Budget] conn=28299 frames=120 elapsedMs=1999 netSpeedBps=250000 allowanceBytesPerTick=4166 outBytes=62589 bytesPerTick=521 occupancyPctX10=125
LogOGRelayProbe: Warning: [Warning][RelayProbe.Budget] conn=28299 queuedBits min=-66666 max=-63032 mean=-65581 notReadyFrames=0 outPackets=121 bytesPerPacket=517 lost=0
LogOGNet: Warning: [Warning][InputStats] dropped 0 / 238 remote inputs = 0%
LogOGRelayProbe: Warning: [Warning][RelayProbe.Write] id=28321 runs=120 writes=180 observableWrites=180 captureSpan=180 receivedX1000=1000 observableX1000=1000 deliverableX1000=1000 replaceLatestObservableX1000=666
LogOGRelayProbe: Warning: [Warning][RelayProbe.Write] id=28321 writesPerFrame p50=1 p99=2 max=2 emptyFrames=62 nonConsecutive=0 missedCaptureTicks=0 captures=[13090,13269] discont=0
LogOGInputRelay: Warning: [RelayFlush] window owner=OGBrawlerUECharacter_2147482376 flushedRounds=7352 entries=10984 entriesPerRoundX100=149 suppressed=3688 stageOverflowDrops=0
LogOGRelayProbe: Warning: [Warning][RelayProbe.Frame] role=Server simTicks=120 frames=121 meanTicksPerFrameX100=99 p50=1 p99=1 max=1 meanFrameUs=16541
LogOGRelayProbe: Warning: [Warning][RelayProbe.Frame] role=Server cadence dFrame1=119 dFrame0=0 dFrameGt1=1 discont=0 numSteps total=120 max=1 gt1=0
LogOGInputRelay: Warning: [RelayFlush] window owner=OGBrawlerUECharacter_2147482398 flushedRounds=7895 entries=11345 entriesPerRoundX100=143 suppressed=3505 stageOverflowDrops=0
LogOGRelayProbe: Warning: [Warning][RelayProbe.Budget] conn=28258 frames=120 elapsedMs=1989 netSpeedBps=250000 allowanceBytesPerTick=4166 outBytes=62242 bytesPerTick=518 occupancyPctX10=124
LogOGRelayProbe: Warning: [Warning][RelayProbe.Budget] conn=28258 queuedBits min=-66666 max=-63422 mean=-65811 notReadyFrames=0 outPackets=120 bytesPerPacket=518 lost=0
LogOGRelayProbe: Warning: [Warning][RelayProbe.Budget] conn=28299 frames=120 elapsedMs=1988 netSpeedBps=250000 allowanceBytesPerTick=4166 outBytes=62264 bytesPerTick=518 occupancyPctX10=124
LogOGRelayProbe: Warning: [Warning][RelayProbe.Budget] conn=28299 queuedBits min=-66666 max=-63422 mean=-65837 notReadyFrames=0 outPackets=120 bytesPerPacket=518 lost=0
LogOGNet: Warning: [Warning][InputStats] dropped 0 / 238 remote inputs = 0%
LogOGRelayProbe: Warning: [Warning][RelayProbe.Write] id=28281 runs=120 writes=175 observableWrites=175 captureSpan=175 receivedX1000=1000 observableX1000=1000 deliverableX1000=1000 replaceLatestObservableX1000=685
LogOGRelayProbe: Warning: [Warning][RelayProbe.Write] id=28281 writesPerFrame p50=1 p99=2 max=2 emptyFrames=56 nonConsecutive=0 missedCaptureTicks=0 captures=[13189,13363] discont=0
LogOGInputRelay: Warning: [RelayFlush] window owner=OGBrawlerUECharacter_2147482376 flushedRounds=7432 entries=11104 entriesPerRoundX100=149 suppressed=3728 stageOverflowDrops=0
LogOGRelayProbe: Warning: [Warning][RelayProbe.Frame] role=Server simTicks=121 frames=121 meanTicksPerFrameX100=100 p50=1 p99=1 max=2 meanFrameUs=16675
LogOGRelayProbe: Warning: [Warning][RelayProbe.Frame] role=Server cadence dFrame1=119 dFrame0=0 dFrameGt1=1 discont=0 numSteps total=121 max=2 gt1=1
LogOGInputRelay: Warning: [RelayFlush] window owner=OGBrawlerUECharacter_2147482398 flushedRounds=7976 entries=11466 entriesPerRoundX100=143 suppressed=3544 stageOverflowDrops=0
LogOGRelayProbe: Warning: [Warning][RelayProbe.Write] id=28321 runs=120 writes=180 observableWrites=180 captureSpan=180 receivedX1000=1000 observableX1000=1000 deliverableX1000=1000 replaceLatestObservableX1000=666
LogOGRelayProbe: Warning: [Warning][RelayProbe.Write] id=28321 writesPerFrame p50=1 p99=2 max=2 emptyFrames=59 nonConsecutive=0 missedCaptureTicks=0 captures=[13270,13449] discont=0
LogOGRelayProbe: Warning: [Warning][RelayProbe.Budget] conn=28258 frames=120 elapsedMs=2015 netSpeedBps=250000 allowanceBytesPerTick=4166 outBytes=62770 bytesPerTick=523 occupancyPctX10=125
LogOGRelayProbe: Warning: [Warning][RelayProbe.Budget] conn=28258 queuedBits min=-66666 max=-63472 mean=-65925 notReadyFrames=0 outPackets=121 bytesPerPacket=518 lost=0
LogOGRelayProbe: Warning: [Warning][RelayProbe.Budget] conn=28299 frames=120 elapsedMs=2017 netSpeedBps=250000 allowanceBytesPerTick=4166 outBytes=62591 bytesPerTick=521 occupancyPctX10=125
LogOGRelayProbe: Warning: [Warning][RelayProbe.Budget] conn=28299 queuedBits min=-66666 max=-63472 mean=-65925 notReadyFrames=0 outPackets=121 bytesPerPacket=517 lost=0
LogOGNet: Warning: [Warning][InputStats] dropped 0 / 238 remote inputs = 0%
LogOGRelayProbe: Warning: [Warning][RelayProbe.Write] id=28281 runs=120 writes=175 observableWrites=175 captureSpan=175 receivedX1000=1000 observableX1000=1000 deliverableX1000=1000 replaceLatestObservableX1000=685
LogOGRelayProbe: Warning: [Warning][RelayProbe.Write] id=28281 writesPerFrame p50=1 p99=2 max=2 emptyFrames=54 nonConsecutive=0 missedCaptureTicks=0 captures=[13364,13538] discont=0
LogOGInputRelay: Warning: [RelayFlush] window owner=OGBrawlerUECharacter_2147482376 flushedRounds=7512 entries=11224 entriesPerRoundX100=149 suppressed=3768 stageOverflowDrops=0
LogOGInputRelay: Warning: [RelayFlush] window owner=OGBrawlerUECharacter_2147482398 flushedRounds=8060 entries=11585 entriesPerRoundX100=143 suppressed=3580 stageOverflowDrops=0
LogOGRelayProbe: Warning: [Warning][RelayProbe.Frame] role=Server simTicks=125 frames=126 meanTicksPerFrameX100=99 p50=1 p99=2 max=2 meanFrameUs=16616
LogOGRelayProbe: Warning: [Warning][RelayProbe.Frame] role=Server cadence dFrame1=114 dFrame0=0 dFrameGt1=6 discont=0 numSteps total=125 max=2 gt1=5
LogOGNet: Warning: [Warning][InputStats] dropped 0 / 238 remote inputs = 0%
LogOGRelayProbe: Warning: [Warning][RelayProbe.Budget] conn=28258 frames=120 elapsedMs=2093 netSpeedBps=250000 allowanceBytesPerTick=4166 outBytes=64854 bytesPerTick=540 occupancyPctX10=129
LogOGRelayProbe: Warning: [Warning][RelayProbe.Budget] conn=28258 queuedBits min=-66666 max=-63776 mean=-65901 notReadyFrames=0 outPackets=126 bytesPerPacket=514 lost=0
LogOGRelayProbe: Warning: [Warning][RelayProbe.Budget] conn=28299 frames=120 elapsedMs=2093 netSpeedBps=250000 allowanceBytesPerTick=4166 outBytes=65075 bytesPerTick=542 occupancyPctX10=130
LogOGRelayProbe: Warning: [Warning][RelayProbe.Budget] conn=28299 queuedBits min=-66666 max=-63776 mean=-65901 notReadyFrames=0 outPackets=126 bytesPerPacket=516 lost=0
LogOGRelayProbe: Warning: [Warning][RelayProbe.Write] id=28321 runs=120 writes=180 observableWrites=180 captureSpan=180 receivedX1000=1000 observableX1000=1000 deliverableX1000=1000 replaceLatestObservableX1000=666
LogOGRelayProbe: Warning: [Warning][RelayProbe.Write] id=28321 writesPerFrame p50=1 p99=2 max=2 emptyFrames=61 nonConsecutive=0 missedCaptureTicks=0 captures=[13450,13629] discont=0
LogOGInputRelay: Warning: [RelayFlush] window owner=OGBrawlerUECharacter_2147482376 flushedRounds=7591 entries=11342 entriesPerRoundX100=149 suppressed=3809 stageOverflowDrops=0
LogOGInputRelay: Warning: [RelayFlush] window owner=OGBrawlerUECharacter_2147482398 flushedRounds=8150 entries=11705 entriesPerRoundX100=143 suppressed=3610 stageOverflowDrops=0
LogOGRelayProbe: Warning: [Warning][RelayProbe.Frame] role=Server simTicks=120 frames=120 meanTicksPerFrameX100=100 p50=1 p99=1 max=1 meanFrameUs=16620
LogOGRelayProbe: Warning: [Warning][RelayProbe.Frame] role=Server cadence dFrame1=120 dFrame0=0 dFrameGt1=0 discont=0 numSteps total=120 max=1 gt1=0
LogOGNet: Warning: [Warning][InputStats] dropped 0 / 238 remote inputs = 0%
LogOGRelayProbe: Warning: [Warning][RelayProbe.Budget] conn=28258 frames=120 elapsedMs=1994 netSpeedBps=250000 allowanceBytesPerTick=4166 outBytes=62230 bytesPerTick=518 occupancyPctX10=124
LogOGRelayProbe: Warning: [Warning][RelayProbe.Budget] conn=28258 queuedBits min=-66666 max=-63188 mean=-65896 notReadyFrames=0 outPackets=120 bytesPerPacket=518 lost=0
LogOGRelayProbe: Warning: [Warning][RelayProbe.Budget] conn=28299 frames=120 elapsedMs=1994 netSpeedBps=250000 allowanceBytesPerTick=4166 outBytes=62341 bytesPerTick=519 occupancyPctX10=124
LogOGRelayProbe: Warning: [Warning][RelayProbe.Budget] conn=28299 queuedBits min=-66666 max=-63188 mean=-65896 notReadyFrames=0 outPackets=120 bytesPerPacket=519 lost=0
LogOGRelayProbe: Warning: [Warning][RelayProbe.Write] id=28281 runs=120 writes=163 observableWrites=163 captureSpan=163 receivedX1000=1000 observableX1000=1000 deliverableX1000=1000 replaceLatestObservableX1000=736
LogOGRelayProbe: Warning: [Warning][RelayProbe.Write] id=28281 writesPerFrame p50=1 p99=2 max=3 emptyFrames=44 nonConsecutive=0 missedCaptureTicks=0 captures=[13539,13701] discont=0
LogOGInputRelay: Warning: [RelayFlush] FINAL owner=OGBrawlerUECharacter_2147482398 flushedRounds=8187 entries=11760 entriesPerRoundX100=143 suppressed=3629 stageOverflowDrops=0
LogOGInputRelay: Warning: [RelayFlush] FINAL owner=OGBrawlerUECharacter_2147482376 flushedRounds=7635 entries=11410 entriesPerRoundX100=149 suppressed=3832 stageOverflowDrops=0
